tag,unit,start_date,end_date,val,filed_date,form,fp,fy,accn,entity_id,source_url,payload_sha256,source_reason
NetCashProvidedByUsedInOperatingActivities,USD,2008-03-29,2008-07-04,-56000000.0,2009-08-07,10-Q,Q1,2009,0000023082-09-000045,cik:0000023082,https://www.sec.gov/Archives/edgar/data/23082/000002308209000045/csc-20090703.xml,6d02c7d1375134506e1191535aee32da2017835f29451a3111e0a6026a6d4562,unsupported_SEC_instance_source
NetCashProvidedByUsedInOperatingActivities,USD,2009-04-04,2009-07-03,-297000000.0,2009-08-07,10-Q,Q1,2009,0000023082-09-000045,cik:0000023082,https://www.sec.gov/Archives/edgar/data/23082/000002308209000045/csc-20090703.xml,a387524309562620fa45094e9e48523fc95b74301223968412afde83a9aedbed,unsupported_SEC_instance_source
PaymentsToAcquirePropertyPlantAndEquipment,USD,2008-03-29,2008-07-04,195000000.0,2009-08-07,10-Q,Q1,2009,0000023082-09-000045,cik:0000023082,https://www.sec.gov/Archives/edgar/data/23082/000002308209000045/csc-20090703.xml,3be9c968ed9a4bceae5619b113c06c2ff6d1c42f8a5eb5ba8ab436705558b150,unsupported_SEC_instance_source
PaymentsToAcquirePropertyPlantAndEquipment,USD,2009-04-04,2009-07-03,100000000.0,2009-08-07,10-Q,Q1,2009,0000023082-09-000045,cik:0000023082,https://www.sec.gov/Archives/edgar/data/23082/000002308209000045/csc-20090703.xml,c5475a69420c047616d8b59da53ab372c781e547b8a4ce341bde424d8fef7d34,unsupported_SEC_instance_source
NetCashProvidedByUsedInOperatingActivities,USD,2008-03-29,2008-10-03,346000000.0,2009-11-12,10-Q,Q2,2009,0000023082-09-000065,cik:0000023082,https://www.sec.gov/Archives/edgar/data/23082/000002308209000065/csc-20091002.xml,0beadfdd44c009c39224fc107baf8723dfebf4fa7a52feb550ac89afc984f9b1,unsupported_SEC_instance_source
NetCashProvidedByUsedInOperatingActivities,USD,2009-04-04,2009-10-02,275000000.0,2009-11-12,10-Q,Q2,2009,0000023082-09-000065,cik:0000023082,https://www.sec.gov/Archives/edgar/data/23082/000002308209000065/csc-20091002.xml,74e87838cb3d8fb195c441a85b16c6e2114d983a608a9d52d2e322a15684af94,unsupported_SEC_instance_source
PaymentsToAcquirePropertyPlantAndEquipment,USD,2008-03-29,2008-10-03,362000000.0,2009-11-12,10-Q,Q2,2009,0000023082-09-000065,cik:0000023082,https://www.sec.gov/Archives/edgar/data/23082/000002308209000065/csc-20091002.xml,690804f2e350e9dc508732bb136965d7b9162ae19779ea0e1f7ba69ced5af847,unsupported_SEC_instance_source
PaymentsToAcquirePropertyPlantAndEquipment,USD,2009-04-04,2009-10-02,209000000.0,2009-11-12,10-Q,Q2,2009,0000023082-09-000065,cik:0000023082,https://www.sec.gov/Archives/edgar/data/23082/000002308209000065/csc-20091002.xml,7e53a51b53892d8fe1c5f4a3111ede4f3499b9c20250bd92725b51788264b831,unsupported_SEC_instance_source
NetCashProvidedByUsedInOperatingActivities,USD,2008-03-29,2009-01-02,928000000.0,2010-02-10,10-Q,Q3,2009,0000023082-10-000015,cik:0000023082,https://www.sec.gov/Archives/edgar/data/23082/000002308210000015/csc-20100101.xml,762afac725edaa87b5be014817228c8c59136551d925122bf5843104c2c3439b,unsupported_SEC_instance_source
NetCashProvidedByUsedInOperatingActivities,USD,2009-04-04,2010-01-01,407000000.0,2010-02-10,10-Q,Q3,2009,0000023082-10-000015,cik:0000023082,https://www.sec.gov/Archives/edgar/data/23082/000002308210000015/csc-20100101.xml,a704d8dbb1bad070999ef62ca3f93e29a5fee53a3be555590199471df2032ba3,unsupported_SEC_instance_source
PaymentsToAcquirePropertyPlantAndEquipment,USD,2008-03-29,2009-01-02,557000000.0,2010-02-10,10-Q,Q3,2009,0000023082-10-000015,cik:0000023082,https://www.sec.gov/Archives/edgar/data/23082/000002308210000015/csc-20100101.xml,1178312f7692e4d17abdedbcd2095d2a60e67329b894884d26ee118df0873337,unsupported_SEC_instance_source
PaymentsToAcquirePropertyPlantAndEquipment,USD,2009-04-04,2010-01-01,437000000.0,2010-02-10,10-Q,Q3,2009,0000023082-10-000015,cik:0000023082,https://www.sec.gov/Archives/edgar/data/23082/000002308210000015/csc-20100101.xml,6c85b4891105622d4385ce8e47e2547212d7f34642fe8f37e627bfe1d8c91afa,unsupported_SEC_instance_source
NetCashProvidedByUsedInOperatingActivities,USD,2007-03-31,2008-03-28,1343000000.0,2010-05-21,10-K,FY,2009,0000023082-10-000036,cik:0000023082,https://www.sec.gov/Archives/edgar/data/23082/000002308210000036/csc-20100402.xml,d704516ba7f3a8cc7d10dc08182ed6f039e80565b832711d52f1fdc10977c189,unsupported_SEC_instance_source
NetCashProvidedByUsedInOperatingActivities,USD,2008-03-29,2009-04-03,1986000000.0,2010-05-21,10-K,FY,2009,0000023082-10-000036,cik:0000023082,https://www.sec.gov/Archives/edgar/data/23082/000002308210000036/csc-20100402.xml,15afe922dacb3811c165a270f2dd7388fb575861320d5d00394841dd595a78b7,unsupported_SEC_instance_source
NetCashProvidedByUsedInOperatingActivities,USD,2009-04-04,2010-04-02,1643000000.0,2010-05-21,10-K,FY,2009,0000023082-10-000036,cik:0000023082,https://www.sec.gov/Archives/edgar/data/23082/000002308210000036/csc-20100402.xml,f14e2781851b47ac54d02c4a0aa8c4d3cb5ec25a896af79c671a9abe896598fa,unsupported_SEC_instance_source
PaymentsToAcquirePropertyPlantAndEquipment,USD,2007-03-31,2008-03-28,877000000.0,2010-05-21,10-K,FY,2009,0000023082-10-000036,cik:0000023082,https://www.sec.gov/Archives/edgar/data/23082/000002308210000036/csc-20100402.xml,a98bfd650c18028c70a221dbcf5f5ce5dd1c66873d391c857a13372cc90ab8ee,unsupported_SEC_instance_source
PaymentsToAcquirePropertyPlantAndEquipment,USD,2008-03-29,2009-04-03,699000000.0,2010-05-21,10-K,FY,2009,0000023082-10-000036,cik:0000023082,https://www.sec.gov/Archives/edgar/data/23082/000002308210000036/csc-20100402.xml,9909c469b338a87e63ea9bc21a3bf9d296843e9c4e1954ef5275c25706195da0,unsupported_SEC_instance_source
PaymentsToAcquirePropertyPlantAndEquipment,USD,2009-04-04,2010-04-02,578000000.0,2010-05-21,10-K,FY,2009,0000023082-10-000036,cik:0000023082,https://www.sec.gov/Archives/edgar/data/23082/000002308210000036/csc-20100402.xml,7d723c77ea2558987f4bd9a71b0d6802bd8531b6b6c7a3ee05a046af5562aaac,unsupported_SEC_instance_source
NetCashProvidedByUsedInOperatingActivities,USD,2009-04-04,2009-07-03,-297000000.0,2010-08-11,10-Q,Q1,2010,0000023082-10-000054,cik:0000023082,https://www.sec.gov/Archives/edgar/data/23082/000002308210000054/csc-20100702.xml,5bd81012a4779b1ec03ade02c0a363c215f39733ded23d1b2fc6147ec0d43d2e,unsupported_SEC_instance_source
NetCashProvidedByUsedInOperatingActivities,USD,2010-04-03,2010-07-02,-60000000.0,2010-08-11,10-Q,Q1,2010,0000023082-10-000054,cik:0000023082,https://www.sec.gov/Archives/edgar/data/23082/000002308210000054/csc-20100702.xml,487677373cb6258d65261910d77a9fcde2f703608685ae6b9e36f4d33f794b9f,unsupported_SEC_instance_source
PaymentsToAcquirePropertyPlantAndEquipment,USD,2009-04-04,2009-07-03,100000000.0,2010-08-11,10-Q,Q1,2010,0000023082-10-000054,cik:0000023082,https://www.sec.gov/Archives/edgar/data/23082/000002308210000054/csc-20100702.xml,480af12f6f5964a873db8a7a4badae8f817986485bf75af40aa28fafd02e46db,unsupported_SEC_instance_source
PaymentsToAcquirePropertyPlantAndEquipment,USD,2010-04-03,2010-07-02,177000000.0,2010-08-11,10-Q,Q1,2010,0000023082-10-000054,cik:0000023082,https://www.sec.gov/Archives/edgar/data/23082/000002308210000054/csc-20100702.xml,619dc2c1571f87df9f2f8d2b7f34157c716684ec57baa81c91d14f4a1059bcde,unsupported_SEC_instance_source
ProceedsFromStockOptionsExercised,USD,2009-04-04,2009-07-03,1000000.0,2010-08-11,10-Q,Q1,2010,0000023082-10-000054,cik:0000023082,https://www.sec.gov/Archives/edgar/data/23082/000002308210000054/csc-20100702.xml,0716be51c5752d2b7ec170f330d85b05731692e828bb56542b2a2f87e4a07520,unsupported_SEC_instance_source
ProceedsFromStockOptionsExercised,USD,2010-04-03,2010-07-02,16000000.0,2010-08-11,10-Q,Q1,2010,0000023082-10-000054,cik:0000023082,https://www.sec.gov/Archives/edgar/data/23082/000002308210000054/csc-20100702.xml,c29bc05643b99e47e1c035093fcfbe2162f56acc8c8af0f7fae71ca3c65ca70a,unsupported_SEC_instance_source
NetCashProvidedByUsedInOperatingActivities,USD,2009-04-04,2009-10-02,275000000.0,2010-11-10,10-Q,Q2,2010,0000023082-10-000072,cik:0000023082,https://www.sec.gov/Archives/edgar/data/23082/000002308210000072/csc-20101001.xml,7315e5c422fa54835f34880668b93f5259d61d6100ef075fa00f7fbc580b0f4d,unsupported_SEC_instance_source
NetCashProvidedByUsedInOperatingActivities,USD,2010-04-03,2010-10-01,342000000.0,2010-11-10,10-Q,Q2,2010,0000023082-10-000072,cik:0000023082,https://www.sec.gov/Archives/edgar/data/23082/000002308210000072/csc-20101001.xml,ca1c006d92e25518da15a90d269b8aa0c3604787d797d8e3fc22c908e120f601,unsupported_SEC_instance_source
PaymentsToAcquirePropertyPlantAndEquipment,USD,2009-04-04,2009-10-02,209000000.0,2010-11-10,10-Q,Q2,2010,0000023082-10-000072,cik:0000023082,https://www.sec.gov/Archives/edgar/data/23082/000002308210000072/csc-20101001.xml,feb0eefe0ab5bec35d1075b057b9f180c2dcae6fab507888e128bda5b1bc0eb1,unsupported_SEC_instance_source
PaymentsToAcquirePropertyPlantAndEquipment,USD,2010-04-03,2010-10-01,337000000.0,2010-11-10,10-Q,Q2,2010,0000023082-10-000072,cik:0000023082,https://www.sec.gov/Archives/edgar/data/23082/000002308210000072/csc-20101001.xml,89e26c9c896bec1e599d5d7af922ae7486a4c647e21a563089528937b1ef434c,unsupported_SEC_instance_source
ProceedsFromStockOptionsExercised,USD,2009-04-04,2009-10-02,30000000.0,2010-11-10,10-Q,Q2,2010,0000023082-10-000072,cik:0000023082,https://www.sec.gov/Archives/edgar/data/23082/000002308210000072/csc-20101001.xml,e347a2d69c2480c1c14352f50037674d81c7f9ea253816a1a76a49fa58dd5c4b,unsupported_SEC_instance_source
ProceedsFromStockOptionsExercised,USD,2010-04-03,2010-10-01,18000000.0,2010-11-10,10-Q,Q2,2010,0000023082-10-000072,cik:0000023082,https://www.sec.gov/Archives/edgar/data/23082/000002308210000072/csc-20101001.xml,cb476904474798c8dd980c754d4478060e7dc4c409c275e89030754db8daf036,unsupported_SEC_instance_source
NetCashProvidedByUsedInOperatingActivities,USD,2009-04-04,2010-01-01,407000000.0,2011-02-09,10-Q,Q3,2010,0000023082-11-000014,cik:0000023082,https://www.sec.gov/Archives/edgar/data/23082/000002308211000014/csc-20101231.xml,1a314c2350f49abd862fd846e76c6d4109d5199b7f5dbbb6f0137fbb18dfbbce,unsupported_SEC_instance_source
NetCashProvidedByUsedInOperatingActivities,USD,2010-04-03,2010-12-31,804000000.0,2011-02-09,10-Q,Q3,2010,0000023082-11-000014,cik:0000023082,https://www.sec.gov/Archives/edgar/data/23082/000002308211000014/csc-20101231.xml,b3cc2d52f873fc999417a6c90f841cc6a917de9ca8246b32591755e4446f08ed,unsupported_SEC_instance_source
PaymentsToAcquirePropertyPlantAndEquipment,USD,2009-04-04,2010-01-01,437000000.0,2011-02-09,10-Q,Q3,2010,0000023082-11-000014,cik:0000023082,https://www.sec.gov/Archives/edgar/data/23082/000002308211000014/csc-20101231.xml,c9933dc3d0cda21219f2fea3118f19c5dbdb2a2b8e287be7faa8633c4551d49e,unsupported_SEC_instance_source
PaymentsToAcquirePropertyPlantAndEquipment,USD,2010-04-03,2010-12-31,513000000.0,2011-02-09,10-Q,Q3,2010,0000023082-11-000014,cik:0000023082,https://www.sec.gov/Archives/edgar/data/23082/000002308211000014/csc-20101231.xml,39671481f0cbda678a33836c2408425fe9eb7399031eccb25b7644ac930a0258,unsupported_SEC_instance_source
ProceedsFromStockOptionsExercised,USD,2009-04-04,2010-01-01,79000000.0,2011-02-09,10-Q,Q3,2010,0000023082-11-000014,cik:0000023082,https://www.sec.gov/Archives/edgar/data/23082/000002308211000014/csc-20101231.xml,1f3fd97891e8ecc4b727041fecef12e7afedac4babc741961b9b0d5c3f7e33ff,unsupported_SEC_instance_source
ProceedsFromStockOptionsExercised,USD,2010-04-03,2010-12-31,26000000.0,2011-02-09,10-Q,Q3,2010,0000023082-11-000014,cik:0000023082,https://www.sec.gov/Archives/edgar/data/23082/000002308211000014/csc-20101231.xml,2ceb09f6176b66c4ca02da4ef012904562fdb2a763b46a2fe72dc77180bb712a,unsupported_SEC_instance_source
NetCashProvidedByUsedInOperatingActivities,USD,2008-03-29,2009-04-03,1986000000.0,2011-06-15,10-K,FY,2010,0000023082-11-000059,cik:0000023082,https://www.sec.gov/Archives/edgar/data/23082/000002308211000059/csc-20110401.xml,26c72a0a46ce17947ca0a902182c557a10a2e30b75e50f71040571000d93220c,unsupported_SEC_instance_source
NetCashProvidedByUsedInOperatingActivities,USD,2009-04-04,2010-04-02,1643000000.0,2011-06-15,10-K,FY,2010,0000023082-11-000059,cik:0000023082,https://www.sec.gov/Archives/edgar/data/23082/000002308211000059/csc-20110401.xml,90692084dca02bfe1a9ca8d14ae06264e13785dca5ebf98189d6a78f5552b7fd,unsupported_SEC_instance_source
NetCashProvidedByUsedInOperatingActivities,USD,2010-04-03,2011-04-01,1564000000.0,2011-06-15,10-K,FY,2010,0000023082-11-000059,cik:0000023082,https://www.sec.gov/Archives/edgar/data/23082/000002308211000059/csc-20110401.xml,3fd365e81baae442b7952ca0d0e33ec0a0e888b766e44c4652c61e56e1f5c7c2,unsupported_SEC_instance_source
PaymentsToAcquirePropertyPlantAndEquipment,USD,2008-03-29,2009-04-03,699000000.0,2011-06-15,10-K,FY,2010,0000023082-11-000059,cik:0000023082,https://www.sec.gov/Archives/edgar/data/23082/000002308211000059/csc-20110401.xml,c45fcf2c07f16728b58ebb5d9a91cb28d416280d322eca47d55d6b525b6832e3,unsupported_SEC_instance_source
PaymentsToAcquirePropertyPlantAndEquipment,USD,2009-04-04,2010-04-02,578000000.0,2011-06-15,10-K,FY,2010,0000023082-11-000059,cik:0000023082,https://www.sec.gov/Archives/edgar/data/23082/000002308211000059/csc-20110401.xml,ed83f7182973ec4201ca4465fb5c9237694c5103f466db0f9df11faa61ede837,unsupported_SEC_instance_source
PaymentsToAcquirePropertyPlantAndEquipment,USD,2010-04-03,2011-04-01,663000000.0,2011-06-15,10-K,FY,2010,0000023082-11-000059,cik:0000023082,https://www.sec.gov/Archives/edgar/data/23082/000002308211000059/csc-20110401.xml,17d8642c3119568c223b8311fc670fbbe915f73ab95309238edfc62b7052239e,unsupported_SEC_instance_source
NetCashProvidedByUsedInOperatingActivities,USD,2010-04-03,2010-07-02,-60000000.0,2011-08-12,10-Q/A,Q1,2011,0000023082-11-000076,cik:0000023082,https://www.sec.gov/Archives/edgar/data/23082/000002308211000076/csc-20110701.xml,f87b091233c9b07ef4c4e15b5a2edb70c03ca6c87fd769948a38b22104153065,unsupported_SEC_instance_source
NetCashProvidedByUsedInOperatingActivities,USD,2011-04-02,2011-07-01,-46000000.0,2011-08-12,10-Q/A,Q1,2011,0000023082-11-000076,cik:0000023082,https://www.sec.gov/Archives/edgar/data/23082/000002308211000076/csc-20110701.xml,b8939e20ae7ba3744047d08f5ccde63f609d574df3f22324736712f3cb34836c,unsupported_SEC_instance_source
PaymentsToAcquirePropertyPlantAndEquipment,USD,2010-04-03,2010-07-02,177000000.0,2011-08-12,10-Q/A,Q1,2011,0000023082-11-000076,cik:0000023082,https://www.sec.gov/Archives/edgar/data/23082/000002308211000076/csc-20110701.xml,e1fdc7ffcd938f086f5ac2bb9ec4108bb5ca6d21dfac2a15a1c2fa6474a5fc8a,unsupported_SEC_instance_source
PaymentsToAcquirePropertyPlantAndEquipment,USD,2011-04-02,2011-07-01,161000000.0,2011-08-12,10-Q/A,Q1,2011,0000023082-11-000076,cik:0000023082,https://www.sec.gov/Archives/edgar/data/23082/000002308211000076/csc-20110701.xml,cc094060146616d596be4ab384aeb5f142334b70da3451b03092c3c317e08c15,unsupported_SEC_instance_source
NetCashProvidedByUsedInOperatingActivities,USD,2010-04-03,2010-10-01,342000000.0,2011-11-16,10-Q/A,Q2,2012,0000023082-11-000102,cik:0000023082,https://www.sec.gov/Archives/edgar/data/23082/000002308211000102/csc-20110930.xml,4fbdc10efb076a523e252298fddca19f6334c2a6d403dfa02d0ba0f3387dec0c,unsupported_SEC_instance_source
NetCashProvidedByUsedInOperatingActivities,USD,2011-04-02,2011-09-30,-40000000.0,2011-11-16,10-Q/A,Q2,2012,0000023082-11-000102,cik:0000023082,https://www.sec.gov/Archives/edgar/data/23082/000002308211000102/csc-20110930.xml,f99e1a5416b62662674ed58f5b089427b39ddcb481496336d3deb7f275f6567d,unsupported_SEC_instance_source
PaymentsToAcquirePropertyPlantAndEquipment,USD,2010-04-03,2010-10-01,337000000.0,2011-11-16,10-Q/A,Q2,2012,0000023082-11-000102,cik:0000023082,https://www.sec.gov/Archives/edgar/data/23082/000002308211000102/csc-20110930.xml,8f3189c268b3b78dfbdd9226f6ba5e12531cef2c8514c749ea3f50b5de2f1508,unsupported_SEC_instance_source
PaymentsToAcquirePropertyPlantAndEquipment,USD,2011-04-02,2011-09-30,301000000.0,2011-11-16,10-Q/A,Q2,2012,0000023082-11-000102,cik:0000023082,https://www.sec.gov/Archives/edgar/data/23082/000002308211000102/csc-20110930.xml,0f54e12a6c529b3dfb1ee2e9365412d0ccf7ae90ea4d6f2429feb38147de010d,unsupported_SEC_instance_source
ProceedsFromStockOptionsExercised,USD,2010-04-03,2010-10-01,18000000.0,2011-11-16,10-Q/A,Q2,2012,0000023082-11-000102,cik:0000023082,https://www.sec.gov/Archives/edgar/data/23082/000002308211000102/csc-20110930.xml,0c2ba0042d515c1535e206b8bfc5564bb4efa29beff34783ea72f844c7f04f16,unsupported_SEC_instance_source
ProceedsFromStockOptionsExercised,USD,2011-04-02,2011-09-30,15000000.0,2011-11-16,10-Q/A,Q2,2012,0000023082-11-000102,cik:0000023082,https://www.sec.gov/Archives/edgar/data/23082/000002308211000102/csc-20110930.xml,991a049136d827c33b9cbc300d019aed62daaf0a2b2fe72a4d50a0cb2d6f9b39,unsupported_SEC_instance_source
NetCashProvidedByUsedInOperatingActivities,USD,2010-04-03,2010-12-31,804000000.0,2012-02-09,10-Q/A,Q3,2012,0000023082-12-000012,cik:0000023082,https://www.sec.gov/Archives/edgar/data/23082/000002308212000012/csc-20111230.xml,cd815664291a7b3ecf9e397ae05794737b1ad71dcc4ff3dfbb733a2788345c22,unsupported_SEC_instance_source
NetCashProvidedByUsedInOperatingActivities,USD,2011-04-02,2011-12-30,680000000.0,2012-02-09,10-Q/A,Q3,2012,0000023082-12-000012,cik:0000023082,https://www.sec.gov/Archives/edgar/data/23082/000002308212000012/csc-20111230.xml,aaa9d36b7824528db676df490cda6e51cb430d6ab1d90676c2fa4f0282ab3d36,unsupported_SEC_instance_source
PaymentsToAcquirePropertyPlantAndEquipment,USD,2010-04-03,2010-12-31,513000000.0,2012-02-09,10-Q/A,Q3,2012,0000023082-12-000012,cik:0000023082,https://www.sec.gov/Archives/edgar/data/23082/000002308212000012/csc-20111230.xml,995b720299cf6478c7cc5cffdeea2defa78a5b19374bdd556dd65ccd27b6c1b0,unsupported_SEC_instance_source
PaymentsToAcquirePropertyPlantAndEquipment,USD,2011-04-02,2011-12-30,433000000.0,2012-02-09,10-Q/A,Q3,2012,0000023082-12-000012,cik:0000023082,https://www.sec.gov/Archives/edgar/data/23082/000002308212000012/csc-20111230.xml,c10284fe64a54f1e811829ef8d94f4f190385add30b88ad06bac6294f50f9007,unsupported_SEC_instance_source
ProceedsFromStockOptionsExercised,USD,2010-04-03,2010-12-31,26000000.0,2012-02-09,10-Q/A,Q3,2012,0000023082-12-000012,cik:0000023082,https://www.sec.gov/Archives/edgar/data/23082/000002308212000012/csc-20111230.xml,9219a47f7d62c4123fcc51fb476e5857419ddb265e16556d733a186d56349f8c,unsupported_SEC_instance_source
ProceedsFromStockOptionsExercised,USD,2011-04-02,2011-12-30,15000000.0,2012-02-09,10-Q/A,Q3,2012,0000023082-12-000012,cik:0000023082,https://www.sec.gov/Archives/edgar/data/23082/000002308212000012/csc-20111230.xml,867a82284e2b40c50e270461bcad84e2cac006f7bce29bf6f57bd2bd93b6a8a8,unsupported_SEC_instance_source
NetCashProvidedByUsedInOperatingActivities,USD,2009-04-04,2010-04-02,1643000000.0,2012-05-29,10-K,FY,2011,0000023082-12-000039,cik:0000023082,https://www.sec.gov/Archives/edgar/data/23082/000002308212000039/csc-20120330.xml,6f7dd1a0eaa7637d555037e599296b8e577326f65e712a311a37f3c3a91370f1,unsupported_SEC_instance_source
NetCashProvidedByUsedInOperatingActivities,USD,2010-04-03,2011-04-01,1564000000.0,2012-05-29,10-K,FY,2011,0000023082-12-000039,cik:0000023082,https://www.sec.gov/Archives/edgar/data/23082/000002308212000039/csc-20120330.xml,009f7577a71611cd929f76a947ef78245c9238e708d73177d295bf5cdcf6ddd4,unsupported_SEC_instance_source
NetCashProvidedByUsedInOperatingActivities,USD,2011-04-02,2012-03-30,1176000000.0,2012-05-29,10-K,FY,2011,0000023082-12-000039,cik:0000023082,https://www.sec.gov/Archives/edgar/data/23082/000002308212000039/csc-20120330.xml,bb7d9ecfd47fc3966a7b2085f753a871aeadd264e67dcadcad58577c4ed7edbf,unsupported_SEC_instance_source
PaymentsToAcquirePropertyPlantAndEquipment,USD,2009-04-04,2010-04-02,578000000.0,2012-05-29,10-K,FY,2011,0000023082-12-000039,cik:0000023082,https://www.sec.gov/Archives/edgar/data/23082/000002308212000039/csc-20120330.xml,4fadb0ee8e3e0e1bb09be489a58cc511939664174e73c54d7806ee314f210dbc,unsupported_SEC_instance_source
PaymentsToAcquirePropertyPlantAndEquipment,USD,2010-04-03,2011-04-01,663000000.0,2012-05-29,10-K,FY,2011,0000023082-12-000039,cik:0000023082,https://www.sec.gov/Archives/edgar/data/23082/000002308212000039/csc-20120330.xml,74309034ee0f73011b2094e8f7f01d8833311b028bfddbde14f60e7d002994f2,unsupported_SEC_instance_source
PaymentsToAcquirePropertyPlantAndEquipment,USD,2011-04-02,2012-03-30,569000000.0,2012-05-29,10-K,FY,2011,0000023082-12-000039,cik:0000023082,https://www.sec.gov/Archives/edgar/data/23082/000002308212000039/csc-20120330.xml,4c964df8e0904c329c409a4c7763d7b7610063276a5994d7514334bde5341958,unsupported_SEC_instance_source
NetCashProvidedByUsedInOperatingActivities,USD,2011-04-02,2011-07-01,-46000000.0,2012-08-08,10-Q,Q1,2012,0000023082-12-000050,cik:0000023082,https://www.sec.gov/Archives/edgar/data/23082/000002308212000050/csc-20120629.xml,b2944a5bf49b6486e6fdf1079bfb90ea333ee051ebf85856376fc067b4744158,unsupported_SEC_instance_source
NetCashProvidedByUsedInOperatingActivities,USD,2012-03-31,2012-06-29,221000000.0,2012-08-08,10-Q,Q1,2012,0000023082-12-000050,cik:0000023082,https://www.sec.gov/Archives/edgar/data/23082/000002308212000050/csc-20120629.xml,ec530a5fe2d9f04484147f500724baba94c0586f9361f509fac68a01414e3712,unsupported_SEC_instance_source
PaymentsToAcquirePropertyPlantAndEquipment,USD,2011-04-02,2011-07-01,161000000.0,2012-08-08,10-Q,Q1,2012,0000023082-12-000050,cik:0000023082,https://www.sec.gov/Archives/edgar/data/23082/000002308212000050/csc-20120629.xml,d581b09785cfa7aa834a1a68dc6e5ea7e41c770c84e9bd013b5d5378d707fff9,unsupported_SEC_instance_source
PaymentsToAcquirePropertyPlantAndEquipment,USD,2012-03-31,2012-06-29,122000000.0,2012-08-08,10-Q,Q1,2012,0000023082-12-000050,cik:0000023082,https://www.sec.gov/Archives/edgar/data/23082/000002308212000050/csc-20120629.xml,e9dace735e581a11fe3ed22525d6eff02bba52f0e4dee93be15c480755cf203d,unsupported_SEC_instance_source
NetCashProvidedByUsedInOperatingActivities,USD,2011-04-02,2011-09-30,-40000000.0,2012-11-06,10-Q,Q2,2012,0000023082-12-000073,cik:0000023082,https://www.sec.gov/Archives/edgar/data/23082/000002308212000073/csc-20120928.xml,9e5dc3cc29b2bd31f13cdc5f6656b1c48db4ced748cb1551551d488afd536521,unsupported_SEC_instance_source
NetCashProvidedByUsedInOperatingActivities,USD,2012-03-31,2012-09-28,665000000.0,2012-11-06,10-Q,Q2,2012,0000023082-12-000073,cik:0000023082,https://www.sec.gov/Archives/edgar/data/23082/000002308212000073/csc-20120928.xml,4dabc1b0d12f8f21ca42eabff21e026b5f140c4af2f99126790415a3e556ba92,unsupported_SEC_instance_source
PaymentsToAcquirePropertyPlantAndEquipment,USD,2011-04-02,2011-09-30,301000000.0,2012-11-06,10-Q,Q2,2012,0000023082-12-000073,cik:0000023082,https://www.sec.gov/Archives/edgar/data/23082/000002308212000073/csc-20120928.xml,d5a6141c4f5e6555e95ae678ffa769b571e70a4f1615100867bfaa8dd33ed050,unsupported_SEC_instance_source
PaymentsToAcquirePropertyPlantAndEquipment,USD,2012-03-31,2012-09-28,215000000.0,2012-11-06,10-Q,Q2,2012,0000023082-12-000073,cik:0000023082,https://www.sec.gov/Archives/edgar/data/23082/000002308212000073/csc-20120928.xml,0b04c554c5d303984f2d36279808f504af33da6e80e4edb2b6433954f7f02c9c,unsupported_SEC_instance_source
NetCashProvidedByUsedInOperatingActivities,USD,2011-04-02,2011-12-30,680000000.0,2013-02-06,10-Q,Q3,2012,0000023082-13-000007,cik:0000023082,https://www.sec.gov/Archives/edgar/data/23082/000002308213000007/csc-20121228.xml,c6a678a7c4905d174c09a0cc398d7b2366bf26548a5939de6a922b26ca795a18,unsupported_SEC_instance_source
NetCashProvidedByUsedInOperatingActivities,USD,2012-03-31,2012-12-28,1078000000.0,2013-02-06,10-Q,Q3,2012,0000023082-13-000007,cik:0000023082,https://www.sec.gov/Archives/edgar/data/23082/000002308213000007/csc-20121228.xml,9ece499f7af6bf70baa0aa0867bbb6ad363a0dd933224c66a5424cf4ff8e65b1,unsupported_SEC_instance_source
PaymentsForRepurchaseOfCommonStock,USD,2011-04-02,2011-12-30,0.0,2013-02-06,10-Q,Q3,2012,0000023082-13-000007,cik:0000023082,https://www.sec.gov/Archives/edgar/data/23082/000002308213000007/csc-20121228.xml,949bfc20b5a49e1ef3fff8bd5421871905309ad0ac34164c1b9caf2848211a6a,unsupported_SEC_instance_source
PaymentsForRepurchaseOfCommonStock,USD,2012-03-31,2012-12-28,59000000.0,2013-02-06,10-Q,Q3,2012,0000023082-13-000007,cik:0000023082,https://www.sec.gov/Archives/edgar/data/23082/000002308213000007/csc-20121228.xml,4a169a67a30cd0d717a5ee6408f4a109d4c0a136993a87a614bfbf07da541e97,unsupported_SEC_instance_source
PaymentsToAcquirePropertyPlantAndEquipment,USD,2011-04-02,2011-12-30,433000000.0,2013-02-06,10-Q,Q3,2012,0000023082-13-000007,cik:0000023082,https://www.sec.gov/Archives/edgar/data/23082/000002308213000007/csc-20121228.xml,6edb8785c741c8763de786244473fc6dd702c89bd7a912d81662cf672d9ba56e,unsupported_SEC_instance_source
PaymentsToAcquirePropertyPlantAndEquipment,USD,2012-03-31,2012-12-28,310000000.0,2013-02-06,10-Q,Q3,2012,0000023082-13-000007,cik:0000023082,https://www.sec.gov/Archives/edgar/data/23082/000002308213000007/csc-20121228.xml,b169b67496d31cf7be2c15198d99799703d1dd875b13bd30d46f60387be845ab,unsupported_SEC_instance_source
NetCashProvidedByUsedInOperatingActivities,USD,2010-04-03,2011-04-01,1564000000.0,2013-05-15,10-K,FY,2012,0000023082-13-000015,cik:0000023082,https://www.sec.gov/Archives/edgar/data/23082/000002308213000015/csc-20130329.xml,886033c11486021c1d3257d9ab8f53cd40903dc754de74f279e8e3c701bf8fe2,unsupported_SEC_instance_source
NetCashProvidedByUsedInOperatingActivities,USD,2011-04-02,2012-03-30,1176000000.0,2013-05-15,10-K,FY,2012,0000023082-13-000015,cik:0000023082,https://www.sec.gov/Archives/edgar/data/23082/000002308213000015/csc-20130329.xml,fea5a359395bb0ad984596b86ca94a21907698926914e70b8885055f581ba0d2,unsupported_SEC_instance_source
NetCashProvidedByUsedInOperatingActivities,USD,2012-03-31,2013-03-29,1119000000.0,2013-05-15,10-K,FY,2012,0000023082-13-000015,cik:0000023082,https://www.sec.gov/Archives/edgar/data/23082/000002308213000015/csc-20130329.xml,84356057e65d63d94456bb66fb58f2ff016cc7fd15d930ca0801eeef6585ed4b,unsupported_SEC_instance_source
PaymentsToAcquirePropertyPlantAndEquipment,USD,2010-04-03,2011-04-01,663000000.0,2013-05-15,10-K,FY,2012,0000023082-13-000015,cik:0000023082,https://www.sec.gov/Archives/edgar/data/23082/000002308213000015/csc-20130329.xml,42997c7f41c4ed70d2bd51be4206c6466c0cee8fe99d81313558cc965a7f612a,unsupported_SEC_instance_source
PaymentsToAcquirePropertyPlantAndEquipment,USD,2011-04-02,2012-03-30,569000000.0,2013-05-15,10-K,FY,2012,0000023082-13-000015,cik:0000023082,https://www.sec.gov/Archives/edgar/data/23082/000002308213000015/csc-20130329.xml,3095baeadd533c5e2027b8000d2eecd38ccc2eab551e9f1fa818246d96e55384,unsupported_SEC_instance_source
PaymentsToAcquirePropertyPlantAndEquipment,USD,2012-03-31,2013-03-29,395000000.0,2013-05-15,10-K,FY,2012,0000023082-13-000015,cik:0000023082,https://www.sec.gov/Archives/edgar/data/23082/000002308213000015/csc-20130329.xml,72941aae94ffcedb98b6441f7a349cff1b16183bef11b4284bf750d609a06f55,unsupported_SEC_instance_source
NetCashProvidedByUsedInOperatingActivities,USD,2012-03-31,2012-06-29,221000000.0,2013-08-07,10-Q,Q1,2013,0000023082-13-000028,cik:0000023082,https://www.sec.gov/Archives/edgar/data/23082/000002308213000028/csc-20130628.xml,e6e2d0841b3271de6182bdd4406db2c43e1bfe87e883f042b8e94ee78b015f58,unsupported_SEC_instance_source
NetCashProvidedByUsedInOperatingActivities,USD,2013-03-30,2013-06-28,213000000.0,2013-08-07,10-Q,Q1,2013,0000023082-13-000028,cik:0000023082,https://www.sec.gov/Archives/edgar/data/23082/000002308213000028/csc-20130628.xml,78ee30e1b3c7032773284cee727e55bc4d89950fe47012f95d3798b82fd39b46,unsupported_SEC_instance_source
PaymentsForRepurchaseOfCommonStock,USD,2012-03-31,2012-06-29,0.0,2013-08-07,10-Q,Q1,2013,0000023082-13-000028,cik:0000023082,https://www.sec.gov/Archives/edgar/data/23082/000002308213000028/csc-20130628.xml,a82806c7d050e3617ff6b1d86dc98c24467a20bf027b79e88c5c4c7ddde6ac31,unsupported_SEC_instance_source
PaymentsForRepurchaseOfCommonStock,USD,2013-03-30,2013-06-28,127000000.0,2013-08-07,10-Q,Q1,2013,0000023082-13-000028,cik:0000023082,https://www.sec.gov/Archives/edgar/data/23082/000002308213000028/csc-20130628.xml,6e529862a663f3519a92a0e013b2bb5bd01d71587020c378938095ec95dee081,unsupported_SEC_instance_source
PaymentsToAcquirePropertyPlantAndEquipment,USD,2012-03-31,2012-06-29,122000000.0,2013-08-07,10-Q,Q1,2013,0000023082-13-000028,cik:0000023082,https://www.sec.gov/Archives/edgar/data/23082/000002308213000028/csc-20130628.xml,195d22f34e159ba7196e3ae0693b4c3389bab0df9a5ca742fc9c47bc27651dd8,unsupported_SEC_instance_source
PaymentsToAcquirePropertyPlantAndEquipment,USD,2013-03-30,2013-06-28,101000000.0,2013-08-07,10-Q,Q1,2013,0000023082-13-000028,cik:0000023082,https://www.sec.gov/Archives/edgar/data/23082/000002308213000028/csc-20130628.xml,75ca0fc32daf8baa2f98c59ee590a38a6df95855fc0a6595dfa181a5c6ed81d5,unsupported_SEC_instance_source
NetCashProvidedByUsedInOperatingActivities,USD,2012-03-31,2012-09-28,665000000.0,2013-10-31,10-Q,Q2,2013,0000023082-13-000054,cik:0000023082,https://www.sec.gov/Archives/edgar/data/23082/000002308213000054/csc-20130927.xml,f3548a7597ba3d3f81b42edc4e353d7fb941822978876a7453c4f783dc4f698d,unsupported_SEC_instance_source
NetCashProvidedByUsedInOperatingActivities,USD,2013-03-30,2013-09-27,483000000.0,2013-10-31,10-Q,Q2,2013,0000023082-13-000054,cik:0000023082,https://www.sec.gov/Archives/edgar/data/23082/000002308213000054/csc-20130927.xml,0a18cefe12ff9997a8440d3cc288c459b78e9c312ba9fd0cc8a82059a12e2fb1,unsupported_SEC_instance_source
PaymentsForRepurchaseOfCommonStock,USD,2012-03-31,2012-09-28,0.0,2013-10-31,10-Q,Q2,2013,0000023082-13-000054,cik:0000023082,https://www.sec.gov/Archives/edgar/data/23082/000002308213000054/csc-20130927.xml,e4a334d426fdd66bf715791d78ee0aba4a60a95b2608f30d073d39bd42c7cc9b,unsupported_SEC_instance_source
PaymentsForRepurchaseOfCommonStock,USD,2013-03-30,2013-06-28,22000000.0,2013-10-31,10-Q,Q2,2013,0000023082-13-000054,cik:0000023082,https://www.sec.gov/Archives/edgar/data/23082/000002308213000054/csc-20130927.xml,0875b6b753056e90f924fcc9323c994d7920a5d6b246ed4da0035b342dd08ecb,unsupported_SEC_instance_source
PaymentsForRepurchaseOfCommonStock,USD,2013-03-30,2013-09-27,251000000.0,2013-10-31,10-Q,Q2,2013,0000023082-13-000054,cik:0000023082,https://www.sec.gov/Archives/edgar/data/23082/000002308213000054/csc-20130927.xml,ee2cf37e1b1f65b3df447763341f2aabfe9f0a0c802ffcede1b6bfa1caf6aedc,unsupported_SEC_instance_source
PaymentsToAcquirePropertyPlantAndEquipment,USD,2012-03-31,2012-09-28,215000000.0,2013-10-31,10-Q,Q2,2013,0000023082-13-000054,cik:0000023082,https://www.sec.gov/Archives/edgar/data/23082/000002308213000054/csc-20130927.xml,7ac6b3151dc793204d717010cc3f1ffd9c2aee0b7d4205d16e42d014f9756b84,unsupported_SEC_instance_source
PaymentsToAcquirePropertyPlantAndEquipment,USD,2013-03-30,2013-09-27,188000000.0,2013-10-31,10-Q,Q2,2013,0000023082-13-000054,cik:0000023082,https://www.sec.gov/Archives/edgar/data/23082/000002308213000054/csc-20130927.xml,2b7a4f49e62af7dc41b66dda8820616f96f72965adc479c758b8d537d8466daf,unsupported_SEC_instance_source
NetCashProvidedByUsedInOperatingActivities,USD,2012-03-31,2012-12-28,1078000000.0,2014-01-31,10-Q,Q3,2013,0000023082-14-000011,cik:0000023082,https://www.sec.gov/Archives/edgar/data/23082/000002308214000011/csc-20131227.xml,e9fdfc0276b2707927b53377ba764a067dfed06b15e6e19fd39c6c5474d3333f,unsupported_SEC_instance_source
NetCashProvidedByUsedInOperatingActivities,USD,2013-03-30,2013-12-27,1012000000.0,2014-01-31,10-Q,Q3,2013,0000023082-14-000011,cik:0000023082,https://www.sec.gov/Archives/edgar/data/23082/000002308214000011/csc-20131227.xml,335b6cb52563c481798dc433926eb9113281563f96add26ded0c291425afd2c4,unsupported_SEC_instance_source
PaymentsForRepurchaseOfCommonStock,USD,2012-03-31,2012-12-28,59000000.0,2014-01-31,10-Q,Q3,2013,0000023082-14-000011,cik:0000023082,https://www.sec.gov/Archives/edgar/data/23082/000002308214000011/csc-20131227.xml,a0bfb9d454ea059368605f814cc849cb182fe0533745aee4377013eeb16312b7,unsupported_SEC_instance_source
PaymentsForRepurchaseOfCommonStock,USD,2013-03-30,2013-06-28,22000000.0,2014-01-31,10-Q,Q3,2013,0000023082-14-000011,cik:0000023082,https://www.sec.gov/Archives/edgar/data/23082/000002308214000011/csc-20131227.xml,677001282719f2bbaf578c090b52008233ecda6c3f7cb0a03f82eedaa05aadbf,unsupported_SEC_instance_source
PaymentsForRepurchaseOfCommonStock,USD,2013-03-30,2013-12-27,376000000.0,2014-01-31,10-Q,Q3,2013,0000023082-14-000011,cik:0000023082,https://www.sec.gov/Archives/edgar/data/23082/000002308214000011/csc-20131227.xml,a19aaa7facffc6e4d7de4e133930ad9d0df0127b99295b75d7fa1a82a3d7d085,unsupported_SEC_instance_source
PaymentsToAcquirePropertyPlantAndEquipment,USD,2012-03-31,2012-12-28,310000000.0,2014-01-31,10-Q,Q3,2013,0000023082-14-000011,cik:0000023082,https://www.sec.gov/Archives/edgar/data/23082/000002308214000011/csc-20131227.xml,155aed6631117cec44e18130fcf2c1e15d705e2be6a1149f3dc90b053955b935,unsupported_SEC_instance_source
PaymentsToAcquirePropertyPlantAndEquipment,USD,2013-03-30,2013-12-27,287000000.0,2014-01-31,10-Q,Q3,2013,0000023082-14-000011,cik:0000023082,https://www.sec.gov/Archives/edgar/data/23082/000002308214000011/csc-20131227.xml,3492e6283e3f1fa20436bf49ef667c6730531d7917925461f0bc3f05b84eccb7,unsupported_SEC_instance_source
NetCashProvidedByUsedInOperatingActivities,USD,2011-04-02,2012-03-30,1176000000.0,2014-05-22,10-K,FY,2013,0000023082-14-000039,cik:0000023082,https://www.sec.gov/Archives/edgar/data/23082/000002308214000039/csc-20140328.xml,bc3fc1cf34131fb95e5c46e6d714192633f40c190f68cc52e1144bcecbc0d0c2,unsupported_SEC_instance_source
NetCashProvidedByUsedInOperatingActivities,USD,2012-03-31,2013-03-29,1119000000.0,2014-05-22,10-K,FY,2013,0000023082-14-000039,cik:0000023082,https://www.sec.gov/Archives/edgar/data/23082/000002308214000039/csc-20140328.xml,f5a3ba48500945a3846199a9bc0b8467437082a9b5043b6b239cb1060776b3a7,unsupported_SEC_instance_source
NetCashProvidedByUsedInOperatingActivities,USD,2013-03-30,2014-03-28,1560000000.0,2014-05-22,10-K,FY,2013,0000023082-14-000039,cik:0000023082,https://www.sec.gov/Archives/edgar/data/23082/000002308214000039/csc-20140328.xml,19f4cbe94e011ce9b79ebdbb98a999bb1a13740429de08050e4dcffe94aeb419,unsupported_SEC_instance_source
PaymentsToAcquirePropertyPlantAndEquipment,USD,2011-04-02,2012-03-30,569000000.0,2014-05-22,10-K,FY,2013,0000023082-14-000039,cik:0000023082,https://www.sec.gov/Archives/edgar/data/23082/000002308214000039/csc-20140328.xml,c45ee653c432492b4bda9020ae7b52f2edde0e44a59b517dbd22216a40597b65,unsupported_SEC_instance_source
PaymentsToAcquirePropertyPlantAndEquipment,USD,2012-03-31,2013-03-29,395000000.0,2014-05-22,10-K,FY,2013,0000023082-14-000039,cik:0000023082,https://www.sec.gov/Archives/edgar/data/23082/000002308214000039/csc-20140328.xml,58705f54ed802c7e6d920bbec35e1783b67f40cbd0f4f29816d7def4e01dbf98,unsupported_SEC_instance_source
PaymentsToAcquirePropertyPlantAndEquipment,USD,2013-03-30,2014-03-28,420000000.0,2014-05-22,10-K,FY,2013,0000023082-14-000039,cik:0000023082,https://www.sec.gov/Archives/edgar/data/23082/000002308214000039/csc-20140328.xml,8292b0317b1fe54e55ac9e1b4dd9c10178664230d2755da36612b7752206268b,unsupported_SEC_instance_source
NetCashProvidedByUsedInOperatingActivities,USD,2013-03-30,2013-06-28,213000000.0,2014-08-12,10-Q,Q1,2014,0000023082-14-000061,cik:0000023082,https://www.sec.gov/Archives/edgar/data/23082/000002308214000061/csc-20140704.xml,8981a2323386c639707e9f67d96a740c0e674cd078e91e8e25372966827fd5a3,unsupported_SEC_instance_source
NetCashProvidedByUsedInOperatingActivities,USD,2014-03-29,2014-07-04,273000000.0,2014-08-12,10-Q,Q1,2014,0000023082-14-000061,cik:0000023082,https://www.sec.gov/Archives/edgar/data/23082/000002308214000061/csc-20140704.xml,4207579d820873c34b2994d1da73e76f18fd04665fda731e58f9aa9d3b3ff97c,unsupported_SEC_instance_source
PaymentsForRepurchaseOfCommonStock,USD,2013-03-30,2013-06-28,127000000.0,2014-08-12,10-Q,Q1,2014,0000023082-14-000061,cik:0000023082,https://www.sec.gov/Archives/edgar/data/23082/000002308214000061/csc-20140704.xml,84b9f41666086c82234e32d705b450d277e4e6ea5192393c7c4212f47cd36984,unsupported_SEC_instance_source
PaymentsForRepurchaseOfCommonStock,USD,2014-03-29,2014-07-04,148000000.0,2014-08-12,10-Q,Q1,2014,0000023082-14-000061,cik:0000023082,https://www.sec.gov/Archives/edgar/data/23082/000002308214000061/csc-20140704.xml,52a1a7c99f7caf2fa99a3195757c79ab7eeaaa35beac41e2147ec3ca00a2a994,unsupported_SEC_instance_source
PaymentsToAcquirePropertyPlantAndEquipment,USD,2013-03-30,2013-06-28,101000000.0,2014-08-12,10-Q,Q1,2014,0000023082-14-000061,cik:0000023082,https://www.sec.gov/Archives/edgar/data/23082/000002308214000061/csc-20140704.xml,82c8a09b285ba983c54e2dc63187a940e00d8fb940142ed33c26dfc4be05365d,unsupported_SEC_instance_source
PaymentsToAcquirePropertyPlantAndEquipment,USD,2014-03-29,2014-07-04,102000000.0,2014-08-12,10-Q,Q1,2014,0000023082-14-000061,cik:0000023082,https://www.sec.gov/Archives/edgar/data/23082/000002308214000061/csc-20140704.xml,53b0ee0920df8e856077df3fd03a1fdd9b8cde45e9a62e995dd14b59c8593594,unsupported_SEC_instance_source
NetCashProvidedByUsedInOperatingActivities,USD,2013-03-30,2013-09-27,483000000.0,2014-11-07,10-Q,Q2,2014,0000023082-14-000077,cik:0000023082,https://www.sec.gov/Archives/edgar/data/23082/000002308214000077/csc-20141003.xml,be6e9ebd9ba20a34ec41fa6db60fc4ffd43fef815b719306d95b36fa49296548,unsupported_SEC_instance_source
NetCashProvidedByUsedInOperatingActivities,USD,2014-03-29,2014-10-03,490000000.0,2014-11-07,10-Q,Q2,2014,0000023082-14-000077,cik:0000023082,https://www.sec.gov/Archives/edgar/data/23082/000002308214000077/csc-20141003.xml,035133bed914201b0de0060d3217ad0e7e4994f47723aa7a8d1f20e6c2443ec2,unsupported_SEC_instance_source
PaymentsForRepurchaseOfCommonStock,USD,2013-03-30,2013-09-27,251000000.0,2014-11-07,10-Q,Q2,2014,0000023082-14-000077,cik:0000023082,https://www.sec.gov/Archives/edgar/data/23082/000002308214000077/csc-20141003.xml,af15e47879117fd0b6549569851bb15f5230841247b6c506a7ebfdea5cc3014f,unsupported_SEC_instance_source
PaymentsForRepurchaseOfCommonStock,USD,2014-03-29,2014-10-03,559000000.0,2014-11-07,10-Q,Q2,2014,0000023082-14-000077,cik:0000023082,https://www.sec.gov/Archives/edgar/data/23082/000002308214000077/csc-20141003.xml,90052a10a38a32d42c9a686db4c9aaed71a300891c6a0ea34b71147a265f500e,unsupported_SEC_instance_source
PaymentsToAcquirePropertyPlantAndEquipment,USD,2013-03-30,2013-09-27,188000000.0,2014-11-07,10-Q,Q2,2014,0000023082-14-000077,cik:0000023082,https://www.sec.gov/Archives/edgar/data/23082/000002308214000077/csc-20141003.xml,bbdc53abdea38361b9e49a177a5e8a50a611c802086b33335a50fece3e57a5cc,unsupported_SEC_instance_source
PaymentsToAcquirePropertyPlantAndEquipment,USD,2014-03-29,2014-10-03,201000000.0,2014-11-07,10-Q,Q2,2014,0000023082-14-000077,cik:0000023082,https://www.sec.gov/Archives/edgar/data/23082/000002308214000077/csc-20141003.xml,29b2bf89563c8684cce1cfef827f4df710337088526fb97c59705cca63faf102,unsupported_SEC_instance_source
NetCashProvidedByUsedInOperatingActivities,USD,2013-03-30,2013-12-27,1012000000.0,2015-02-11,10-Q,Q3,2014,0000023082-15-000007,cik:0000023082,https://www.sec.gov/Archives/edgar/data/23082/000002308215000007/csc-20150102.xml,34b7574a2a93ea862a1a921cc5c9a6df6ffc439ce84e7f7634ee82dc86a4a885,unsupported_SEC_instance_source
NetCashProvidedByUsedInOperatingActivities,USD,2014-03-29,2015-01-02,1143000000.0,2015-02-11,10-Q,Q3,2014,0000023082-15-000007,cik:0000023082,https://www.sec.gov/Archives/edgar/data/23082/000002308215000007/csc-20150102.xml,09f908f277b04fa7b528a89ccb449dff4332d1194d7a518d92d06cd1538508d4,unsupported_SEC_instance_source
PaymentsForRepurchaseOfCommonStock,USD,2013-03-30,2013-12-27,376000000.0,2015-02-11,10-Q,Q3,2014,0000023082-15-000007,cik:0000023082,https://www.sec.gov/Archives/edgar/data/23082/000002308215000007/csc-20150102.xml,c5fe0d5302ff0d4f885340e24f35c5fd259f3b025e687c82efb5cfb0a416123c,unsupported_SEC_instance_source
PaymentsForRepurchaseOfCommonStock,USD,2014-03-29,2015-01-02,518000000.0,2015-02-11,10-Q,Q3,2014,0000023082-15-000007,cik:0000023082,https://www.sec.gov/Archives/edgar/data/23082/000002308215000007/csc-20150102.xml,3241c412858bc921ab20dbc6899086d981f41550ef2383a48dc24c27aea2443e,unsupported_SEC_instance_source
PaymentsToAcquirePropertyPlantAndEquipment,USD,2013-03-30,2013-12-27,287000000.0,2015-02-11,10-Q,Q3,2014,0000023082-15-000007,cik:0000023082,https://www.sec.gov/Archives/edgar/data/23082/000002308215000007/csc-20150102.xml,5add06dc3cb14960e889f5a6a337d41932dca770d49b0aebf08a9ffcf504bcff,unsupported_SEC_instance_source
PaymentsToAcquirePropertyPlantAndEquipment,USD,2014-03-29,2015-01-02,283000000.0,2015-02-11,10-Q,Q3,2014,0000023082-15-000007,cik:0000023082,https://www.sec.gov/Archives/edgar/data/23082/000002308215000007/csc-20150102.xml,0cb7c1e92a9ceea7e83f3ed10d738a3d5a3560ffef59a180b299a62b9d4e5bc5,unsupported_SEC_instance_source
NetCashProvidedByUsedInOperatingActivities,USD,2011-04-02,2012-03-30,1176000000.0,2015-06-05,10-K/A,FY,2014,0000023082-15-000021,cik:0000023082,https://www.sec.gov/Archives/edgar/data/23082/000002308215000021/csc-20140328.xml,68733d8c3574c36c73c8c20664a9488b81c787e65113b73387cc1355899d8a3d,unsupported_SEC_instance_source
NetCashProvidedByUsedInOperatingActivities,USD,2012-03-31,2013-03-29,1119000000.0,2015-06-05,10-K/A,FY,2014,0000023082-15-000021,cik:0000023082,https://www.sec.gov/Archives/edgar/data/23082/000002308215000021/csc-20140328.xml,250b1963ded56b697cbbcd816b4af73c23f38104a801de0ba16b0d2c289ee96c,unsupported_SEC_instance_source
NetCashProvidedByUsedInOperatingActivities,USD,2013-03-30,2014-03-28,1560000000.0,2015-06-05,10-K/A,FY,2014,0000023082-15-000021,cik:0000023082,https://www.sec.gov/Archives/edgar/data/23082/000002308215000021/csc-20140328.xml,ccdae37ea617c7c3b4880bdbfb5af3dd252d7c4d30995cb2390c5145626d96ba,unsupported_SEC_instance_source
PaymentsToAcquirePropertyPlantAndEquipment,USD,2011-04-02,2012-03-30,569000000.0,2015-06-05,10-K/A,FY,2014,0000023082-15-000021,cik:0000023082,https://www.sec.gov/Archives/edgar/data/23082/000002308215000021/csc-20140328.xml,ede32aa51f2fbc0a62a53b2da89b6efb35613e052405bd8434572471c55b8909,unsupported_SEC_instance_source
PaymentsToAcquirePropertyPlantAndEquipment,USD,2012-03-31,2013-03-29,395000000.0,2015-06-05,10-K/A,FY,2014,0000023082-15-000021,cik:0000023082,https://www.sec.gov/Archives/edgar/data/23082/000002308215000021/csc-20140328.xml,a705eeef36cf4f0be9542d35207112d1ba0b1fde5e447ae90f05517d121990be,unsupported_SEC_instance_source
PaymentsToAcquirePropertyPlantAndEquipment,USD,2013-03-30,2014-03-28,420000000.0,2015-06-05,10-K/A,FY,2014,0000023082-15-000021,cik:0000023082,https://www.sec.gov/Archives/edgar/data/23082/000002308215000021/csc-20140328.xml,ac80ecc115b04edc78102c0b1693d4c129bfe8a21acbfb36b1441c8edf7db0c5,unsupported_SEC_instance_source
NetCashProvidedByUsedInOperatingActivities,USD,2012-03-31,2013-03-29,1119000000.0,2015-06-08,10-K,FY,2014,0000023082-15-000023,cik:0000023082,https://www.sec.gov/Archives/edgar/data/23082/000002308215000023/csc-20150403.xml,5ef5782955619036b31b7f26b0a27ebc5af2b1727dc4c20316c8e6b474ce686f,unsupported_SEC_instance_source
NetCashProvidedByUsedInOperatingActivities,USD,2013-03-30,2014-03-28,1560000000.0,2015-06-08,10-K,FY,2014,0000023082-15-000023,cik:0000023082,https://www.sec.gov/Archives/edgar/data/23082/000002308215000023/csc-20150403.xml,b84f248fea713da7d79a4d8be37a03214222e37d2507265759034d0b5b0908e6,unsupported_SEC_instance_source
NetCashProvidedByUsedInOperatingActivities,USD,2014-03-29,2015-04-03,1433000000.0,2015-06-08,10-K,FY,2014,0000023082-15-000023,cik:0000023082,https://www.sec.gov/Archives/edgar/data/23082/000002308215000023/csc-20150403.xml,cc27a0e5aa2a5a4c47876b3dcbfc1217546681dc7eb3c19e4009ee52cad59cb7,unsupported_SEC_instance_source
PaymentsToAcquirePropertyPlantAndEquipment,USD,2012-03-31,2013-03-29,395000000.0,2015-06-08,10-K,FY,2014,0000023082-15-000023,cik:0000023082,https://www.sec.gov/Archives/edgar/data/23082/000002308215000023/csc-20150403.xml,ea4ee580cbf06947a91c2dcfb0f3180d828346c0103e644636e87233aa964a82,unsupported_SEC_instance_source
PaymentsToAcquirePropertyPlantAndEquipment,USD,2013-03-30,2014-03-28,420000000.0,2015-06-08,10-K,FY,2014,0000023082-15-000023,cik:0000023082,https://www.sec.gov/Archives/edgar/data/23082/000002308215000023/csc-20150403.xml,3172d5b7b4df4899b440834414ddff3435d5eb5b1dab8ac7b69cae45e6d4c1f1,unsupported_SEC_instance_source
PaymentsToAcquirePropertyPlantAndEquipment,USD,2014-03-29,2015-04-03,381000000.0,2015-06-08,10-K,FY,2014,0000023082-15-000023,cik:0000023082,https://www.sec.gov/Archives/edgar/data/23082/000002308215000023/csc-20150403.xml,7cea3cfe87673b555e34b59f8b63f7863ef680a4f5d2a4d749f868103536e09f,unsupported_SEC_instance_source
NetCashProvidedByUsedInOperatingActivities,USD,2014-03-29,2014-07-04,273000000.0,2015-08-12,10-Q,Q1,2015,0000023082-15-000039,cik:0000023082,https://www.sec.gov/Archives/edgar/data/23082/000002308215000039/csc-20150703.xml,f84d94545d9541bcc3c0712091a9aa545ab013ecc728b86c70d4fbb43afa0032,unsupported_SEC_instance_source
NetCashProvidedByUsedInOperatingActivities,USD,2015-04-04,2015-07-03,324000000.0,2015-08-12,10-Q,Q1,2015,0000023082-15-000039,cik:0000023082,https://www.sec.gov/Archives/edgar/data/23082/000002308215000039/csc-20150703.xml,60664d7e6b3f64abd754b3694e7e01dbb67409b378671b2ed9132c130825a273,unsupported_SEC_instance_source
PaymentsForRepurchaseOfCommonStock,USD,2014-03-29,2014-07-04,148000000.0,2015-08-12,10-Q,Q1,2015,0000023082-15-000039,cik:0000023082,https://www.sec.gov/Archives/edgar/data/23082/000002308215000039/csc-20150703.xml,aeae775aed7cac0e0c8a6f1361768ff0768aa0a159ca5f34536c6794ac9ffdcb,unsupported_SEC_instance_source
PaymentsForRepurchaseOfCommonStock,USD,2015-04-04,2015-07-03,118000000.0,2015-08-12,10-Q,Q1,2015,0000023082-15-000039,cik:0000023082,https://www.sec.gov/Archives/edgar/data/23082/000002308215000039/csc-20150703.xml,ddfa7adda34e34fd1c2684c4c8cbeaabe75d16af136937e26997a857c6d9404b,unsupported_SEC_instance_source
PaymentsToAcquirePropertyPlantAndEquipment,USD,2014-03-29,2014-07-04,102000000.0,2015-08-12,10-Q,Q1,2015,0000023082-15-000039,cik:0000023082,https://www.sec.gov/Archives/edgar/data/23082/000002308215000039/csc-20150703.xml,2854460bf976d131b3d078ddcb562914b89787b33ff158964f7d613e4c5182b6,unsupported_SEC_instance_source
PaymentsToAcquirePropertyPlantAndEquipment,USD,2015-04-04,2015-07-03,90000000.0,2015-08-12,10-Q,Q1,2015,0000023082-15-000039,cik:0000023082,https://www.sec.gov/Archives/edgar/data/23082/000002308215000039/csc-20150703.xml,897b569effed3031713b6265bf45d9b676510287a3537f20a55f51b5cd31c835,unsupported_SEC_instance_source
NetCashProvidedByUsedInOperatingActivities,USD,2014-03-29,2014-10-03,490000000.0,2015-11-10,10-Q,Q2,2015,0000023082-15-000065,cik:0000023082,https://www.sec.gov/Archives/edgar/data/23082/000002308215000065/csc-20150703.xml,bcf4dbbe0473a0849a6647c9ab024bc784686cd68e064970b346b0e658d86f07,unsupported_SEC_instance_source
NetCashProvidedByUsedInOperatingActivities,USD,2015-04-04,2015-10-02,441000000.0,2015-11-10,10-Q,Q2,2015,0000023082-15-000065,cik:0000023082,https://www.sec.gov/Archives/edgar/data/23082/000002308215000065/csc-20150703.xml,d4b95fa6808c22241ce19870e1ecd744e4d2dd64f7befc8fee0000efc8fd0c34,unsupported_SEC_instance_source
PaymentsForRepurchaseOfCommonStock,USD,2014-03-29,2014-10-03,559000000.0,2015-11-10,10-Q,Q2,2015,0000023082-15-000065,cik:0000023082,https://www.sec.gov/Archives/edgar/data/23082/000002308215000065/csc-20150703.xml,38d5942f48d15dc937db6be9c0080c38494d43815de9bfd6ec5f6d74ee00604c,unsupported_SEC_instance_source
PaymentsForRepurchaseOfCommonStock,USD,2015-04-04,2015-10-02,118000000.0,2015-11-10,10-Q,Q2,2015,0000023082-15-000065,cik:0000023082,https://www.sec.gov/Archives/edgar/data/23082/000002308215000065/csc-20150703.xml,ab74a02c8807aa5b4c88f14e431e0b832a9f31175907445e03db9056cfc1c6ec,unsupported_SEC_instance_source
PaymentsToAcquirePropertyPlantAndEquipment,USD,2014-03-29,2014-10-03,201000000.0,2015-11-10,10-Q,Q2,2015,0000023082-15-000065,cik:0000023082,https://www.sec.gov/Archives/edgar/data/23082/000002308215000065/csc-20150703.xml,2a629ff673c2ddd05f37aab1a5098d7ab250603f5eed01a32de0e887de09679b,unsupported_SEC_instance_source
PaymentsToAcquirePropertyPlantAndEquipment,USD,2015-04-04,2015-10-02,184000000.0,2015-11-10,10-Q,Q2,2015,0000023082-15-000065,cik:0000023082,https://www.sec.gov/Archives/edgar/data/23082/000002308215000065/csc-20150703.xml,53e5ead9bc52e094ec593da5eb4f91314d36fd1992d1785be849b94024dcddeb,unsupported_SEC_instance_source
ProceedsFromStockOptionsExercised,USD,2009-01-01,2009-09-30,8000000.0,2010-11-01,10-Q,Q3,2010,0000024741-10-000061,cik:0000024741,https://www.sec.gov/Archives/edgar/data/24741/000002474110000061/glw-20100930.xml,66e0e5be538a2ce3cc7626dbefedb2cef8c32650f9ce15932567011b01c649ae,unsupported_SEC_instance_source
ProceedsFromStockOptionsExercised,USD,2009-07-01,2009-09-30,4000000.0,2010-11-01,10-Q,Q3,2010,0000024741-10-000061,cik:0000024741,https://www.sec.gov/Archives/edgar/data/24741/000002474110000061/glw-20100930.xml,a7abcc962802eb83c0a3796b09d82c3fef5d54625186755a3732c1b2be84f96c,unsupported_SEC_instance_source
ProceedsFromStockOptionsExercised,USD,2010-07-01,2010-09-30,10000000.0,2010-11-01,10-Q,Q3,2010,0000024741-10-000061,cik:0000024741,https://www.sec.gov/Archives/edgar/data/24741/000002474110000061/glw-20100930.xml,15b6dba072e9b43d7a9b2158f262b1c02d931b6805f071783599eb8e3294d7bf,unsupported_SEC_instance_source
ProceedsFromStockOptionsExercised,USD,2010-01-01,2010-09-30,39000000.0,2010-11-01,10-Q,Q3,2010,0000024741-10-000061,cik:0000024741,https://www.sec.gov/Archives/edgar/data/24741/000002474110000061/glw-20100930.xml,af02e0c61db38dfbe02fe3f25ee7ff29663e2d1caab3534feb6f9209d10820ec,unsupported_SEC_instance_source
PaymentsForRepurchaseOfCommonStock,USD,2008-01-01,2008-12-31,625000000.0,2011-02-10,10-K,FY,2010,0001193125-11-030621,cik:0000024741,https://www.sec.gov/Archives/edgar/data/24741/000119312511030621/glw-20101231.xml,daf1ee2329e8a17c2839191c0897981fb29da3e873a2ac0bfd491ff240fd3a8f,unsupported_SEC_instance_source
ProceedsFromStockOptionsExercised,USD,2008-01-01,2008-12-31,80000000.0,2011-02-10,10-K,FY,2010,0001193125-11-030621,cik:0000024741,https://www.sec.gov/Archives/edgar/data/24741/000119312511030621/glw-20101231.xml,752905306cb8cff4e240f581394edf408c1b3d320d6316f61469b3ef9891a502,unsupported_SEC_instance_source
ProceedsFromStockOptionsExercised,USD,2009-01-01,2009-12-31,24000000.0,2011-02-10,10-K,FY,2010,0001193125-11-030621,cik:0000024741,https://www.sec.gov/Archives/edgar/data/24741/000119312511030621/glw-20101231.xml,b97711e91fe477f24485982771882e41714df876056bf45084c12367b84c0b4d,unsupported_SEC_instance_source
ProceedsFromStockOptionsExercised,USD,2010-01-01,2010-12-31,55000000.0,2011-02-10,10-K,FY,2010,0001193125-11-030621,cik:0000024741,https://www.sec.gov/Archives/edgar/data/24741/000119312511030621/glw-20101231.xml,547d9a1a893a372768104196c1ec4a2c0844ec7aebe8cfc3ae69c5d4cdc886be,unsupported_SEC_instance_source
PaymentsForRepurchaseOfCommonStock,USD,2011-01-01,2011-12-31,780000000.0,2012-02-13,10-K,FY,2011,0001193125-12-056163,cik:0000024741,https://www.sec.gov/Archives/edgar/data/24741/000119312512056163/glw-20111231.xml,c643187e85ccd6ebdf1b1ca74d152876f44c57c5ecb89e5b73acdbfa842d6cf9,unsupported_SEC_instance_source
ProceedsFromStockOptionsExercised,USD,2009-01-01,2009-12-31,24000000.0,2012-02-13,10-K,FY,2011,0001193125-12-056163,cik:0000024741,https://www.sec.gov/Archives/edgar/data/24741/000119312512056163/glw-20111231.xml,0cab1109eeae68db63512c1efd0b07dc2b95b873f6e626005c34c3dab3800e32,unsupported_SEC_instance_source
ProceedsFromStockOptionsExercised,USD,2010-01-01,2010-12-31,55000000.0,2012-02-13,10-K,FY,2011,0001193125-12-056163,cik:0000024741,https://www.sec.gov/Archives/edgar/data/24741/000119312512056163/glw-20111231.xml,35787ac6f225971397babc86ef5d2efc71a9666bfaa47af80c5e0f9730e28ab3,unsupported_SEC_instance_source
ProceedsFromStockOptionsExercised,USD,2011-01-01,2011-12-31,90000000.0,2012-02-13,10-K,FY,2011,0001193125-12-056163,cik:0000024741,https://www.sec.gov/Archives/edgar/data/24741/000119312512056163/glw-20111231.xml,509c9163560c047220a721610a12fac84b0dc1779b370689c4abd5cf444a5594,unsupported_SEC_instance_source
NetCashProvidedByUsedInOperatingActivities,USD,2009-01-01,2009-12-31,2075000000.0,2011-02-18,10-K,FY,2010,0001193125-11-040023,cik:0000029915,https://www.sec.gov/Archives/edgar/data/29915/000119312511040023/dow-20101231.xml,ebb4bf1e206c907fd27dc5491c8ea5a512f9283cc5032ed84d4218a81fb7c2dc,unsupported_SEC_instance_source
NetCashProvidedByUsedInOperatingActivities,USD,2010-01-01,2010-12-31,4102000000.0,2011-02-18,10-K,FY,2010,0001193125-11-040023,cik:0000029915,https://www.sec.gov/Archives/edgar/data/29915/000119312511040023/dow-20101231.xml,733bd55f7b513fc8b01179520613bf21d670a8ef14aac181b584c9917a7d7d65,unsupported_SEC_instance_source
PaymentsForRepurchaseOfCommonStock,USD,2009-01-01,2009-12-31,5000000.0,2011-02-18,10-K,FY,2010,0001193125-11-040023,cik:0000029915,https://www.sec.gov/Archives/edgar/data/29915/000119312511040023/dow-20101231.xml,251711068c6c28f86b0fba38949b5e608e731c65175746251c9c0e882e13c9db,unsupported_SEC_instance_source
PaymentsForRepurchaseOfCommonStock,USD,2010-01-01,2010-12-31,14000000.0,2011-02-18,10-K,FY,2010,0001193125-11-040023,cik:0000029915,https://www.sec.gov/Archives/edgar/data/29915/000119312511040023/dow-20101231.xml,a0d5d20c0dbed254468d4ee2aae139563b33d48bd320a0783c6844c9ad69556f,unsupported_SEC_instance_source
ProceedsFromIssuanceOfCommonStock,USD,2009-05-05,2009-05-06,966000000.0,2011-02-18,10-K,FY,2010,0001193125-11-040023,cik:0000029915,https://www.sec.gov/Archives/edgar/data/29915/000119312511040023/dow-20101231.xml,b5e82e03a9e5d1caaffc77ad991a44f04e787e7f3620314e0510f2a560e2e777,unsupported_SEC_instance_source
ProceedsFromIssuanceOfCommonStock,USD,2009-01-01,2009-12-31,966000000.0,2011-02-18,10-K,FY,2010,0001193125-11-040023,cik:0000029915,https://www.sec.gov/Archives/edgar/data/29915/000119312511040023/dow-20101231.xml,baefd1d89d775af2b70374690771a00f8cf60a9f70992b79a51712dd78ca0ec8,unsupported_SEC_instance_source
ProceedsFromIssuanceOfCommonStock,USD,2010-01-01,2010-12-31,181000000.0,2011-02-18,10-K,FY,2010,0001193125-11-040023,cik:0000029915,https://www.sec.gov/Archives/edgar/data/29915/000119312511040023/dow-20101231.xml,2a9ec25a99048b7bca636884cc0929af438cf1f4ec760d4a4a72ca5f6cd6a717,unsupported_SEC_instance_source
NetCashProvidedByUsedInOperatingActivities,USD,2012-01-01,2012-06-16,1247000000.0,2013-07-24,10-Q,Q2,2013,0000077476-13-000020,cik:0000077476,https://www.sec.gov/Archives/edgar/data/77476/000007747613000020/pep-20130615.xml,d8dbed73349761d42a844ad0c6fb83d495317f7ea3f7e0b3b8782be0f9745a8d,unsupported_SEC_instance_source
NetCashProvidedByUsedInOperatingActivities,USD,2012-12-30,2013-06-15,3015000000.0,2013-07-24,10-Q,Q2,2013,0000077476-13-000020,cik:0000077476,https://www.sec.gov/Archives/edgar/data/77476/000007747613000020/pep-20130615.xml,5013cdf7baa682eb39c67ecfa59e27db3902ab9156f04856eefd876ada664295,unsupported_SEC_instance_source
PaymentsForRepurchaseOfCommonStock,USD,2012-01-01,2012-06-16,1206000000.0,2013-07-24,10-Q,Q2,2013,0000077476-13-000020,cik:0000077476,https://www.sec.gov/Archives/edgar/data/77476/000007747613000020/pep-20130615.xml,45fb531801efc0faf5f68ee46541fe083c8c8225e154f2d442095dc4f79dbc68,unsupported_SEC_instance_source
PaymentsForRepurchaseOfCommonStock,USD,2012-12-30,2013-06-15,1028000000.0,2013-07-24,10-Q,Q2,2013,0000077476-13-000020,cik:0000077476,https://www.sec.gov/Archives/edgar/data/77476/000007747613000020/pep-20130615.xml,943f8a8a78d20509ec9935ddcd634ef51cfb04fd26a288771f73a17cae62bd12,unsupported_SEC_instance_source
ProceedsFromStockOptionsExercised,USD,2012-01-01,2012-06-16,496000000.0,2013-07-24,10-Q,Q2,2013,0000077476-13-000020,cik:0000077476,https://www.sec.gov/Archives/edgar/data/77476/000007747613000020/pep-20130615.xml,55e40059ea66a807f46ed0c58b0ceceed1c5a6a6f6b0bd4cb624b46550830e9f,unsupported_SEC_instance_source
ProceedsFromStockOptionsExercised,USD,2012-12-30,2013-06-15,823000000.0,2013-07-24,10-Q,Q2,2013,0000077476-13-000020,cik:0000077476,https://www.sec.gov/Archives/edgar/data/77476/000007747613000020/pep-20130615.xml,517ba989232db946d45a30c9de2847c2c6c94cfc82dc6361840cbc97f85a991a,unsupported_SEC_instance_source
NetCashProvidedByUsedInOperatingActivities,USD,2012-12-30,2013-06-15,3015000000.0,2014-07-23,10-Q,Q2,2014,0000077476-14-000044,cik:0000077476,https://www.sec.gov/Archives/edgar/data/77476/000007747614000044/pep-20140614.xml,94482c01a8c545769ba2c3f8f3badf089a3303efea70fc933d310b12954c949e,unsupported_SEC_instance_source
NetCashProvidedByUsedInOperatingActivities,USD,2013-12-29,2014-06-14,2672000000.0,2014-07-23,10-Q,Q2,2014,0000077476-14-000044,cik:0000077476,https://www.sec.gov/Archives/edgar/data/77476/000007747614000044/pep-20140614.xml,e8090e6b5f68bd319f9f6f266a59b2c196eb60e20ccda10f15621f8e866034ef,unsupported_SEC_instance_source
PaymentsForRepurchaseOfCommonStock,USD,2012-12-30,2013-06-15,1028000000.0,2014-07-23,10-Q,Q2,2014,0000077476-14-000044,cik:0000077476,https://www.sec.gov/Archives/edgar/data/77476/000007747614000044/pep-20140614.xml,9430f59bd7cba310488fef0fad225c1a0027db3dd50384ce8912d36fbd37c112,unsupported_SEC_instance_source
PaymentsForRepurchaseOfCommonStock,USD,2013-12-29,2014-06-14,2199000000.0,2014-07-23,10-Q,Q2,2014,0000077476-14-000044,cik:0000077476,https://www.sec.gov/Archives/edgar/data/77476/000007747614000044/pep-20140614.xml,89000af0c8255675c3149c176954845ecf951c606149a9dfac9bc7046c6365a7,unsupported_SEC_instance_source
ProceedsFromStockOptionsExercised,USD,2012-12-30,2013-06-15,823000000.0,2014-07-23,10-Q,Q2,2014,0000077476-14-000044,cik:0000077476,https://www.sec.gov/Archives/edgar/data/77476/000007747614000044/pep-20140614.xml,31c8041f8fd7f65541994ac53a72df19b82f1f1df834628b82158da5bc360ff5,unsupported_SEC_instance_source
ProceedsFromStockOptionsExercised,USD,2013-12-29,2014-06-14,381000000.0,2014-07-23,10-Q,Q2,2014,0000077476-14-000044,cik:0000077476,https://www.sec.gov/Archives/edgar/data/77476/000007747614000044/pep-20140614.xml,8563f0208b252526da440b15279af814241fd0e41520378a877d86c807492df1,unsupported_SEC_instance_source
NetCashProvidedByUsedInOperatingActivities,USD,2012-01-01,2012-06-16,-90800000.0,2013-07-24,10-Q,Q2,2013,0000086144-13-000060,cik:0000086144,https://www.sec.gov/Archives/edgar/data/86144/000008614413000060/swy-20130615.xml,ac9149803c0a193a501a1795746901b6e09712f66920bcaab64bb4c5cc3e59b9,unsupported_SEC_instance_source
NetCashProvidedByUsedInOperatingActivities,USD,2012-12-30,2013-06-15,-22200000.0,2013-07-24,10-Q,Q2,2013,0000086144-13-000060,cik:0000086144,https://www.sec.gov/Archives/edgar/data/86144/000008614413000060/swy-20130615.xml,467f5dfec08c67d2331cf2ba80a5118509071b6f7fea1ba187262f16eb9fa255,unsupported_SEC_instance_source
PaymentsForRepurchaseOfCommonStock,USD,2012-01-01,2012-06-16,1274500000.0,2013-07-24,10-Q,Q2,2013,0000086144-13-000060,cik:0000086144,https://www.sec.gov/Archives/edgar/data/86144/000008614413000060/swy-20130615.xml,0f25d70d830a4a25370199cd5dbd75f3844cbace82f583dfc621fa55675d5cd9,unsupported_SEC_instance_source
PaymentsForRepurchaseOfCommonStock,USD,2012-12-30,2013-06-15,0.0,2013-07-24,10-Q,Q2,2013,0000086144-13-000060,cik:0000086144,https://www.sec.gov/Archives/edgar/data/86144/000008614413000060/swy-20130615.xml,92ddb93727bd93408f33f12ed40598b96ce20e657dee99d9dff39c8ce308ccb9,unsupported_SEC_instance_source
PaymentsToAcquirePropertyPlantAndEquipment,USD,2012-01-01,2012-06-16,490000000.0,2013-07-24,10-Q,Q2,2013,0000086144-13-000060,cik:0000086144,https://www.sec.gov/Archives/edgar/data/86144/000008614413000060/swy-20130615.xml,e72926c78329edadba007513e333934f2442f5a4b16949f2cbbf79259e065a67,unsupported_SEC_instance_source
PaymentsToAcquirePropertyPlantAndEquipment,USD,2012-12-30,2013-06-15,256700000.0,2013-07-24,10-Q,Q2,2013,0000086144-13-000060,cik:0000086144,https://www.sec.gov/Archives/edgar/data/86144/000008614413000060/swy-20130615.xml,caef0826c4eea92733b46727c6643a2494ed56f4371110d4927ec725b8cc6c97,unsupported_SEC_instance_source
ProceedsFromIssuanceOfCommonStock,USD,2012-01-01,2012-06-16,0.0,2013-07-24,10-Q,Q2,2013,0000086144-13-000060,cik:0000086144,https://www.sec.gov/Archives/edgar/data/86144/000008614413000060/swy-20130615.xml,558662055277780d6fc25ae043450192809e42892c8d096e69a796aeb4822e06,unsupported_SEC_instance_source
ProceedsFromIssuanceOfCommonStock,USD,2012-12-30,2013-06-15,237900000.0,2013-07-24,10-Q,Q2,2013,0000086144-13-000060,cik:0000086144,https://www.sec.gov/Archives/edgar/data/86144/000008614413000060/swy-20130615.xml,866576334ab4671a4a3aa51f66021e98ffe049c4f2f8b3c4d6fb6738f2509ed3,unsupported_SEC_instance_source
ProceedsFromStockOptionsExercised,USD,2012-01-01,2012-06-16,3800000.0,2013-07-24,10-Q,Q2,2013,0000086144-13-000060,cik:0000086144,https://www.sec.gov/Archives/edgar/data/86144/000008614413000060/swy-20130615.xml,8d27b2d04fa7747dc9f0e7ea0d66a9151e403d7ee630f5f5fbc1307c6fb8baa9,unsupported_SEC_instance_source
ProceedsFromStockOptionsExercised,USD,2012-12-30,2013-06-15,22300000.0,2013-07-24,10-Q,Q2,2013,0000086144-13-000060,cik:0000086144,https://www.sec.gov/Archives/edgar/data/86144/000008614413000060/swy-20130615.xml,81bd5688ff9e63a23649669481cadf11e1a757e911162487dbb5db4a0c00393f,unsupported_SEC_instance_source
CommonStockSharesOutstanding,shares,,2012-12-29,239500000.0,2014-02-26,10-K,FY,2013,0000086144-14-000009,cik:0000086144,https://www.sec.gov/Archives/edgar/data/86144/000008614414000009/swy-20131228.xml,5255dc534a1e881526694f0d20cbc4a47ef5e360ccf50a787afdceca9c185eed,unsupported_SEC_instance_source
CommonStockSharesOutstanding,shares,,2013-12-28,230100000.0,2014-02-26,10-K,FY,2013,0000086144-14-000009,cik:0000086144,https://www.sec.gov/Archives/edgar/data/86144/000008614414000009/swy-20131228.xml,25d970ac19506a3095dc41e273dfb40d47f6c04146f63dd128f1069546c9e228,unsupported_SEC_instance_source
NetCashProvidedByUsedInOperatingActivities,USD,2011-01-02,2011-12-31,2023600000.0,2014-02-26,10-K,FY,2013,0000086144-14-000009,cik:0000086144,https://www.sec.gov/Archives/edgar/data/86144/000008614414000009/swy-20131228.xml,490ca48b9ac237816541c1543a5d1b26baa80835c6424c2de75e95dcaf157f13,unsupported_SEC_instance_source
NetCashProvidedByUsedInOperatingActivities,USD,2012-01-01,2012-12-29,1569700000.0,2014-02-26,10-K,FY,2013,0000086144-14-000009,cik:0000086144,https://www.sec.gov/Archives/edgar/data/86144/000008614414000009/swy-20131228.xml,04303d2cc6b8244d13fe12e9e5e0c94ce233fa37fffcbbf65d1dea558056fecf,unsupported_SEC_instance_source
NetCashProvidedByUsedInOperatingActivities,USD,2012-12-30,2013-12-28,1244100000.0,2014-02-26,10-K,FY,2013,0000086144-14-000009,cik:0000086144,https://www.sec.gov/Archives/edgar/data/86144/000008614414000009/swy-20131228.xml,40a0aa636f373f5e037a6e4a32aa86246a7bd15a6a60a67fa24bad16087eb5da,unsupported_SEC_instance_source
PaymentsForRepurchaseOfCommonStock,USD,2011-01-02,2011-12-31,1554000000.0,2014-02-26,10-K,FY,2013,0000086144-14-000009,cik:0000086144,https://www.sec.gov/Archives/edgar/data/86144/000008614414000009/swy-20131228.xml,f7653798fd57af41ea168785087efb826ba1c97b44833f16407ae548c3e24238,unsupported_SEC_instance_source
PaymentsForRepurchaseOfCommonStock,USD,2012-01-01,2012-12-29,1274500000.0,2014-02-26,10-K,FY,2013,0000086144-14-000009,cik:0000086144,https://www.sec.gov/Archives/edgar/data/86144/000008614414000009/swy-20131228.xml,12ad1665c3fd708bddfab0dc044275ac06e2584b1a60c62c3333b6f0eb120813,unsupported_SEC_instance_source
PaymentsForRepurchaseOfCommonStock,USD,2012-12-30,2013-12-28,663700000.0,2014-02-26,10-K,FY,2013,0000086144-14-000009,cik:0000086144,https://www.sec.gov/Archives/edgar/data/86144/000008614414000009/swy-20131228.xml,0d947197b80810ccd6a4cfcc549c877371d3853941b77bf391faab696547228d,unsupported_SEC_instance_source
PaymentsToAcquirePropertyPlantAndEquipment,USD,2011-01-02,2011-12-31,992400000.0,2014-02-26,10-K,FY,2013,0000086144-14-000009,cik:0000086144,https://www.sec.gov/Archives/edgar/data/86144/000008614414000009/swy-20131228.xml,1a7e1ec9a5c7491f0c8c838044824328b85aa4a0681364df807d12f98b6b6094,unsupported_SEC_instance_source
PaymentsToAcquirePropertyPlantAndEquipment,USD,2012-01-01,2012-12-29,821200000.0,2014-02-26,10-K,FY,2013,0000086144-14-000009,cik:0000086144,https://www.sec.gov/Archives/edgar/data/86144/000008614414000009/swy-20131228.xml,7ec79c941762b897a92554537d97f331539589be4ae28c88e2fbe37a6ef6b042,unsupported_SEC_instance_source
PaymentsToAcquirePropertyPlantAndEquipment,USD,2012-12-30,2013-12-28,767400000.0,2014-02-26,10-K,FY,2013,0000086144-14-000009,cik:0000086144,https://www.sec.gov/Archives/edgar/data/86144/000008614414000009/swy-20131228.xml,a1d795ecdcf7ca6496ad87b3c9c1b009febd9a7b916dd189e2bc10750e281c45,unsupported_SEC_instance_source
ProceedsFromIssuanceOfCommonStock,USD,2011-01-02,2011-12-31,0.0,2014-02-26,10-K,FY,2013,0000086144-14-000009,cik:0000086144,https://www.sec.gov/Archives/edgar/data/86144/000008614414000009/swy-20131228.xml,599b36acdfafe067481f4ab9d13f78e67ffdd67421c72b988b08185b2ae5c6d6,unsupported_SEC_instance_source
ProceedsFromIssuanceOfCommonStock,USD,2012-01-01,2012-12-29,0.0,2014-02-26,10-K,FY,2013,0000086144-14-000009,cik:0000086144,https://www.sec.gov/Archives/edgar/data/86144/000008614414000009/swy-20131228.xml,284d49e654a9f19b126ed509cc2bfda98f0895389aea14e6a5c0a8f30dcff1b5,unsupported_SEC_instance_source
ProceedsFromIssuanceOfCommonStock,USD,2012-12-30,2013-12-28,161500000.0,2014-02-26,10-K,FY,2013,0000086144-14-000009,cik:0000086144,https://www.sec.gov/Archives/edgar/data/86144/000008614414000009/swy-20131228.xml,e13e7c98ada7c0f439edac3c8629f4d3a7eb0553a7ebc7db9d11c27cc308b338,unsupported_SEC_instance_source
ProceedsFromStockOptionsExercised,USD,2011-01-02,2011-12-31,73400000.0,2014-02-26,10-K,FY,2013,0000086144-14-000009,cik:0000086144,https://www.sec.gov/Archives/edgar/data/86144/000008614414000009/swy-20131228.xml,f70482b9ef935d74deb18d6d4c1c9c29fe87b5e0d7665190330309c669d7fe3a,unsupported_SEC_instance_source
ProceedsFromStockOptionsExercised,USD,2012-01-01,2012-12-29,3800000.0,2014-02-26,10-K,FY,2013,0000086144-14-000009,cik:0000086144,https://www.sec.gov/Archives/edgar/data/86144/000008614414000009/swy-20131228.xml,dc216295d93366bf32a8df6faf90d9c342d9c691e4313cce89e1b23678a397ab,unsupported_SEC_instance_source
ProceedsFromStockOptionsExercised,USD,2012-12-30,2013-12-28,240100000.0,2014-02-26,10-K,FY,2013,0000086144-14-000009,cik:0000086144,https://www.sec.gov/Archives/edgar/data/86144/000008614414000009/swy-20131228.xml,678104977fa13028c788f890aa942cf92724701ba99fc0d31e66b350a0230928,unsupported_SEC_instance_source
NetCashProvidedByUsedInOperatingActivities,USD,2012-12-30,2013-06-15,-22200000.0,2014-07-22,10-Q,Q2,2014,0000086144-14-000031,cik:0000086144,https://www.sec.gov/Archives/edgar/data/86144/000008614414000031/swy-20140614.xml,d03c17a76b48499653a0d1bc5f05e6fb22ea8a57def43202d550387196bf680e,unsupported_SEC_instance_source
NetCashProvidedByUsedInOperatingActivities,USD,2013-12-29,2014-06-14,-1463000000.0,2014-07-22,10-Q,Q2,2014,0000086144-14-000031,cik:0000086144,https://www.sec.gov/Archives/edgar/data/86144/000008614414000031/swy-20140614.xml,3dd093c9b0bc2a460c8af5eb525a6e9bd551c4e7d4ae07f0248f264a56e280ef,unsupported_SEC_instance_source
PaymentsToAcquirePropertyPlantAndEquipment,USD,2012-12-30,2013-06-15,240100000.0,2014-07-22,10-Q,Q2,2014,0000086144-14-000031,cik:0000086144,https://www.sec.gov/Archives/edgar/data/86144/000008614414000031/swy-20140614.xml,e940abb038eaf07259dff58d0c9b8ad863758edc3561e72f98dacd96870a6883,unsupported_SEC_instance_source
PaymentsToAcquirePropertyPlantAndEquipment,USD,2013-12-29,2014-06-14,299800000.0,2014-07-22,10-Q,Q2,2014,0000086144-14-000031,cik:0000086144,https://www.sec.gov/Archives/edgar/data/86144/000008614414000031/swy-20140614.xml,07d4d532efa33adbfdfc80f863d55d3030c07cb042206f2a3d9c8fb05d99e05e,unsupported_SEC_instance_source
ProceedsFromStockOptionsExercised,USD,2012-12-30,2013-06-15,22300000.0,2014-07-22,10-Q,Q2,2014,0000086144-14-000031,cik:0000086144,https://www.sec.gov/Archives/edgar/data/86144/000008614414000031/swy-20140614.xml,6f938181cfce5fb3e9fecf06a77ec8d3579b90c7cf488bdd98a63f3d53e1b146,unsupported_SEC_instance_source
ProceedsFromStockOptionsExercised,USD,2013-12-29,2014-06-14,17400000.0,2014-07-22,10-Q,Q2,2014,0000086144-14-000031,cik:0000086144,https://www.sec.gov/Archives/edgar/data/86144/000008614414000031/swy-20140614.xml,eff92d9735bd05922173076da536b41710f3d875b23a47c2257fa155f9a97e0f,unsupported_SEC_instance_source
CommonStockSharesOutstanding,shares,,2013-12-28,230100000.0,2015-03-04,10-K,FY,2014,0000086144-15-000004,cik:0000086144,https://www.sec.gov/Archives/edgar/data/86144/000008614415000004/swy-20150103.xml,7c8e03baa479eefb71b1efbf34e989d5e17354a7996589533b3e0d07acfe2187,unsupported_SEC_instance_source
CommonStockSharesOutstanding,shares,,2015-01-03,231400000.0,2015-03-04,10-K,FY,2014,0000086144-15-000004,cik:0000086144,https://www.sec.gov/Archives/edgar/data/86144/000008614415000004/swy-20150103.xml,a00d28973a00237baec5e06a033b789bc605d0d8343b960e795e372e4fa55edf,unsupported_SEC_instance_source
NetCashProvidedByUsedInOperatingActivities,USD,2012-01-01,2012-12-29,1569700000.0,2015-03-04,10-K,FY,2014,0000086144-15-000004,cik:0000086144,https://www.sec.gov/Archives/edgar/data/86144/000008614415000004/swy-20150103.xml,6de21c0a4700cb883636f0217af7c3e44eb696bfffdfda5e8467d238695acd71,unsupported_SEC_instance_source
NetCashProvidedByUsedInOperatingActivities,USD,2012-12-30,2013-12-28,1301500000.0,2015-03-04,10-K,FY,2014,0000086144-15-000004,cik:0000086144,https://www.sec.gov/Archives/edgar/data/86144/000008614415000004/swy-20150103.xml,b8b66df0d82b05e191e05ae5502bf91a396509b6864c97f4e2773ef7ca35506b,unsupported_SEC_instance_source
NetCashProvidedByUsedInOperatingActivities,USD,2013-12-29,2015-01-03,-621200000.0,2015-03-04,10-K,FY,2014,0000086144-15-000004,cik:0000086144,https://www.sec.gov/Archives/edgar/data/86144/000008614415000004/swy-20150103.xml,0c8e71789ce701c718cfcf2a9b58b853f133b97970740a7b207aae56f45de22e,unsupported_SEC_instance_source
PaymentsForRepurchaseOfCommonStock,USD,2012-01-01,2012-12-29,1274500000.0,2015-03-04,10-K,FY,2014,0000086144-15-000004,cik:0000086144,https://www.sec.gov/Archives/edgar/data/86144/000008614415000004/swy-20150103.xml,ef8dbd65ddc0f492ab39ef63cae45002e8a1df0c336e24add803f92e6de24ba8,unsupported_SEC_instance_source
PaymentsForRepurchaseOfCommonStock,USD,2012-12-30,2013-12-28,663700000.0,2015-03-04,10-K,FY,2014,0000086144-15-000004,cik:0000086144,https://www.sec.gov/Archives/edgar/data/86144/000008614415000004/swy-20150103.xml,16d243f1d8ed3ad68819f0b19493aa458a5c2f8f0da065654f511f937f5abb10,unsupported_SEC_instance_source
PaymentsForRepurchaseOfCommonStock,USD,2013-12-29,2015-01-03,0.0,2015-03-04,10-K,FY,2014,0000086144-15-000004,cik:0000086144,https://www.sec.gov/Archives/edgar/data/86144/000008614415000004/swy-20150103.xml,02cf9cf7f519def0e44c4cec160b86d26ee9ec6e7816a13e9a54e48ba3214e84,unsupported_SEC_instance_source
PaymentsToAcquirePropertyPlantAndEquipment,USD,2012-01-01,2012-12-29,800100000.0,2015-03-04,10-K,FY,2014,0000086144-15-000004,cik:0000086144,https://www.sec.gov/Archives/edgar/data/86144/000008614415000004/swy-20150103.xml,02dab94171b7e3aea68204991ff20ea72f418eceafe4233e46c3c0b429dd00f6,unsupported_SEC_instance_source
PaymentsToAcquirePropertyPlantAndEquipment,USD,2012-12-30,2013-12-28,738200000.0,2015-03-04,10-K,FY,2014,0000086144-15-000004,cik:0000086144,https://www.sec.gov/Archives/edgar/data/86144/000008614415000004/swy-20150103.xml,e0afdf3810eb0ee4770d04b2946be0eabb987cae8e57c5276fa1d7278daed57f,unsupported_SEC_instance_source
PaymentsToAcquirePropertyPlantAndEquipment,USD,2013-12-29,2015-01-03,711200000.0,2015-03-04,10-K,FY,2014,0000086144-15-000004,cik:0000086144,https://www.sec.gov/Archives/edgar/data/86144/000008614415000004/swy-20150103.xml,fd478ca9ff497e7cf60d3f53d63d682fc590a8626016bf549ecffe589d00dde6,unsupported_SEC_instance_source
ProceedsFromStockOptionsExercised,USD,2012-01-01,2012-12-29,3800000.0,2015-03-04,10-K,FY,2014,0000086144-15-000004,cik:0000086144,https://www.sec.gov/Archives/edgar/data/86144/000008614415000004/swy-20150103.xml,8982e7deb3a4089b4d977c3149d4058c796d2c1bdf261eaa7a55528cf1776d6d,unsupported_SEC_instance_source
ProceedsFromStockOptionsExercised,USD,2012-12-30,2013-12-28,240100000.0,2015-03-04,10-K,FY,2014,0000086144-15-000004,cik:0000086144,https://www.sec.gov/Archives/edgar/data/86144/000008614415000004/swy-20150103.xml,c3bd7aadc599362a92638decd80f17a6e13119f596a4f0abd5088b0fe4690f9a,unsupported_SEC_instance_source
ProceedsFromStockOptionsExercised,USD,2013-12-29,2015-01-03,29700000.0,2015-03-04,10-K,FY,2014,0000086144-15-000004,cik:0000086144,https://www.sec.gov/Archives/edgar/data/86144/000008614415000004/swy-20150103.xml,4711faab86ecbc0bd0d5d6ed3c6bc9440c15f7ae22febd5eee11ead627fbb77b,unsupported_SEC_instance_source
CommonStockSharesOutstanding,shares,,2009-12-31,2973000000.0,2011-02-24,10-K,FY,2010,0000101830-11-000005,cik:0000101830,https://www.sec.gov/Archives/edgar/data/101830/000010183011000005/s-20101231.xml,672ce013194b1736f94b8e0e340f36add692bda010b18f21e7a322d5f9b7d67c,unsupported_SEC_instance_source
CommonStockSharesOutstanding,shares,,2010-12-31,2988000000.0,2011-02-24,10-K,FY,2010,0000101830-11-000005,cik:0000101830,https://www.sec.gov/Archives/edgar/data/101830/000010183011000005/s-20101231.xml,f35c5bb234515c37419f1f2ff5587c377f6a0e17a5b6c9977a3be06a8c8852f6,unsupported_SEC_instance_source
NetCashProvidedByUsedInOperatingActivities,USD,2008-01-01,2008-12-31,6179000000.0,2011-02-24,10-K,FY,2010,0000101830-11-000005,cik:0000101830,https://www.sec.gov/Archives/edgar/data/101830/000010183011000005/s-20101231.xml,c1eb5d39887eca3ae8abca4701ce7b5c7e0814dbf49e63a5ac95f0829d0abf93,unsupported_SEC_instance_source
NetCashProvidedByUsedInOperatingActivities,USD,2009-01-01,2009-12-31,4891000000.0,2011-02-24,10-K,FY,2010,0000101830-11-000005,cik:0000101830,https://www.sec.gov/Archives/edgar/data/101830/000010183011000005/s-20101231.xml,436f430c95af3966e07b9a0ad303bd6071d31a9ed9c034395d984a26adf01932,unsupported_SEC_instance_source
NetCashProvidedByUsedInOperatingActivities,USD,2010-01-01,2010-12-31,4815000000.0,2011-02-24,10-K,FY,2010,0000101830-11-000005,cik:0000101830,https://www.sec.gov/Archives/edgar/data/101830/000010183011000005/s-20101231.xml,884e78d2a89d84725f599a3111af314412f0142b321066da65e3fbb10b9e2960,unsupported_SEC_instance_source
PaymentsToAcquirePropertyPlantAndEquipment,USD,2008-01-01,2008-12-31,3882000000.0,2011-02-24,10-K,FY,2010,0000101830-11-000005,cik:0000101830,https://www.sec.gov/Archives/edgar/data/101830/000010183011000005/s-20101231.xml,5b82b21fa022fb2d7c160285c1f9d1a798a953bffcf68d94d45319622aa93bcd,unsupported_SEC_instance_source
PaymentsToAcquirePropertyPlantAndEquipment,USD,2009-01-01,2009-12-31,1603000000.0,2011-02-24,10-K,FY,2010,0000101830-11-000005,cik:0000101830,https://www.sec.gov/Archives/edgar/data/101830/000010183011000005/s-20101231.xml,69d7cf88c52098d597e0116c4e9ca2ce2364456f78fe07f700981fdb5a6f6353,unsupported_SEC_instance_source
PaymentsToAcquirePropertyPlantAndEquipment,USD,2010-01-01,2010-12-31,1935000000.0,2011-02-24,10-K,FY,2010,0000101830-11-000005,cik:0000101830,https://www.sec.gov/Archives/edgar/data/101830/000010183011000005/s-20101231.xml,7923852f77926d7c43a2d26fd9ed2ddb19245fe0d7edee70d1e55af190f03ff1,unsupported_SEC_instance_source
ProceedsFromIssuanceOfCommonStock,USD,2008-01-01,2008-12-31,57000000.0,2011-02-24,10-K,FY,2010,0000101830-11-000005,cik:0000101830,https://www.sec.gov/Archives/edgar/data/101830/000010183011000005/s-20101231.xml,0f969792fa1bdd3a41d0775f88090d5b03f8134b2eba9ee1f581d1e5254bfe80,unsupported_SEC_instance_source
ProceedsFromIssuanceOfCommonStock,USD,2009-01-01,2009-12-31,4000000.0,2011-02-24,10-K,FY,2010,0000101830-11-000005,cik:0000101830,https://www.sec.gov/Archives/edgar/data/101830/000010183011000005/s-20101231.xml,908e91534b2636f4e3275efcef3805cb931c21856ad220e3cf941c60d8b07c22,unsupported_SEC_instance_source
ProceedsFromIssuanceOfCommonStock,USD,2010-01-01,2010-12-31,8000000.0,2011-02-24,10-K,FY,2010,0000101830-11-000005,cik:0000101830,https://www.sec.gov/Archives/edgar/data/101830/000010183011000005/s-20101231.xml,bf95b9664826c85ba4af462f7bbbd568d920dfbe99ef70d62db9cc5d70b02cee,unsupported_SEC_instance_source
CommonStockSharesOutstanding,shares,,2010-12-31,2988000000.0,2011-05-05,10-Q,Q1,2011,0000101830-11-000020,cik:0000101830,https://www.sec.gov/Archives/edgar/data/101830/000010183011000020/s-20110331.xml,75042996e69c62c42e381c33ef2ea49562d0cbe46bd5e7251ae910d2b1946872,unsupported_SEC_instance_source
CommonStockSharesOutstanding,shares,,2011-03-31,2991000000.0,2011-05-05,10-Q,Q1,2011,0000101830-11-000020,cik:0000101830,https://www.sec.gov/Archives/edgar/data/101830/000010183011000020/s-20110331.xml,b690b4ebfebbd1fca6510ca3174cca46ce4216f124a890a6ef6470f0ca3faade,unsupported_SEC_instance_source
NetCashProvidedByUsedInOperatingActivities,USD,2010-01-01,2010-03-31,1122000000.0,2011-05-05,10-Q,Q1,2011,0000101830-11-000020,cik:0000101830,https://www.sec.gov/Archives/edgar/data/101830/000010183011000020/s-20110331.xml,403abaa438335b94f2535d967535362c4f17d4a58283f8630de92c1369a70e59,unsupported_SEC_instance_source
NetCashProvidedByUsedInOperatingActivities,USD,2011-01-01,2011-03-31,919000000.0,2011-05-05,10-Q,Q1,2011,0000101830-11-000020,cik:0000101830,https://www.sec.gov/Archives/edgar/data/101830/000010183011000020/s-20110331.xml,c3cdba71832a4dbbdf5fe25dd1180a715edd67546fcf14d0c250a277dc41d215,unsupported_SEC_instance_source
PaymentsToAcquirePropertyPlantAndEquipment,USD,2010-01-01,2010-03-31,505000000.0,2011-05-05,10-Q,Q1,2011,0000101830-11-000020,cik:0000101830,https://www.sec.gov/Archives/edgar/data/101830/000010183011000020/s-20110331.xml,153277f6ff469e059cee9b1259adb524f73d6ca4e4edcd4e39c88d0917351033,unsupported_SEC_instance_source
PaymentsToAcquirePropertyPlantAndEquipment,USD,2011-01-01,2011-03-31,644000000.0,2011-05-05,10-Q,Q1,2011,0000101830-11-000020,cik:0000101830,https://www.sec.gov/Archives/edgar/data/101830/000010183011000020/s-20110331.xml,1108bc024a49a80f47858828597989282333d0b1aefcbc42a52d0a8f8b8fe20e,unsupported_SEC_instance_source
CommonStockSharesOutstanding,shares,,2010-12-31,2988000000.0,2011-08-04,10-Q,Q2,2011,0000101830-11-000036,cik:0000101830,https://www.sec.gov/Archives/edgar/data/101830/000010183011000036/s-20110630.xml,519f990975e51ed98786bb8187cc1bbdd9c711d15ebd8a9f9f857b6be1fa1bd8,unsupported_SEC_instance_source
CommonStockSharesOutstanding,shares,,2011-06-30,2993000000.0,2011-08-04,10-Q,Q2,2011,0000101830-11-000036,cik:0000101830,https://www.sec.gov/Archives/edgar/data/101830/000010183011000036/s-20110630.xml,31365846972373adf11421cee8cefd013f16e0493c1a3bed6b818311852e4611,unsupported_SEC_instance_source
NetCashProvidedByUsedInOperatingActivities,USD,2010-01-01,2010-06-30,2377000000.0,2011-08-04,10-Q,Q2,2011,0000101830-11-000036,cik:0000101830,https://www.sec.gov/Archives/edgar/data/101830/000010183011000036/s-20110630.xml,2fde0d6a91fa027b7a082205c591670294d510584e5a6cb14bec293b8d63914b,unsupported_SEC_instance_source
NetCashProvidedByUsedInOperatingActivities,USD,2011-01-01,2011-06-30,1994000000.0,2011-08-04,10-Q,Q2,2011,0000101830-11-000036,cik:0000101830,https://www.sec.gov/Archives/edgar/data/101830/000010183011000036/s-20110630.xml,eb647fe3e23d4cf23b6b3d658a12bc3efbbb5863925d7e9893c6475a6ecc0cf1,unsupported_SEC_instance_source
PaymentsToAcquirePropertyPlantAndEquipment,USD,2010-01-01,2010-06-30,922000000.0,2011-08-04,10-Q,Q2,2011,0000101830-11-000036,cik:0000101830,https://www.sec.gov/Archives/edgar/data/101830/000010183011000036/s-20110630.xml,d98efede1a064cb468ac1f069edbc263f2f55431a9493caf9e833b8ab03175d6,unsupported_SEC_instance_source
PaymentsToAcquirePropertyPlantAndEquipment,USD,2011-01-01,2011-06-30,1403000000.0,2011-08-04,10-Q,Q2,2011,0000101830-11-000036,cik:0000101830,https://www.sec.gov/Archives/edgar/data/101830/000010183011000036/s-20110630.xml,7e6fd4bc836cfcc3118dd4e8808484324da89d2844e2cb878fe3ec060819cf5c,unsupported_SEC_instance_source
CommonStockSharesOutstanding,shares,,2010-12-31,2988000000.0,2011-11-03,10-Q,Q3,2011,0000101830-11-000045,cik:0000101830,https://www.sec.gov/Archives/edgar/data/101830/000010183011000045/s-20110930.xml,52628f3136ed0c4fec25e106c73c7c8179cecea14be17fc3fd93ea30897305c7,unsupported_SEC_instance_source
CommonStockSharesOutstanding,shares,,2011-09-30,2994000000.0,2011-11-03,10-Q,Q3,2011,0000101830-11-000045,cik:0000101830,https://www.sec.gov/Archives/edgar/data/101830/000010183011000045/s-20110930.xml,aa33b00b08bdb2611dddf3bcceb44772a6cd5298892681e3cc65816022c41dad,unsupported_SEC_instance_source
NetCashProvidedByUsedInOperatingActivities,USD,2010-01-01,2010-09-30,3348000000.0,2011-11-03,10-Q,Q3,2011,0000101830-11-000045,cik:0000101830,https://www.sec.gov/Archives/edgar/data/101830/000010183011000045/s-20110930.xml,556f0a42a0a6ab027236abeb450abd34fdb152998d3538495e01796e8bef9bc5,unsupported_SEC_instance_source
NetCashProvidedByUsedInOperatingActivities,USD,2011-01-01,2011-09-30,2602000000.0,2011-11-03,10-Q,Q3,2011,0000101830-11-000045,cik:0000101830,https://www.sec.gov/Archives/edgar/data/101830/000010183011000045/s-20110930.xml,5afb46befae379d13f0beaa5da22273554fcff6d8bdb8a6bb72b2f7937dcef9c,unsupported_SEC_instance_source
PaymentsToAcquirePropertyPlantAndEquipment,USD,2010-01-01,2010-09-30,1412000000.0,2011-11-03,10-Q,Q3,2011,0000101830-11-000045,cik:0000101830,https://www.sec.gov/Archives/edgar/data/101830/000010183011000045/s-20110930.xml,e62209ebd044955f0c20a63537fc694a8f9b58aedd7914920ff8bf0640a32f0e,unsupported_SEC_instance_source
PaymentsToAcquirePropertyPlantAndEquipment,USD,2011-01-01,2011-09-30,2221000000.0,2011-11-03,10-Q,Q3,2011,0000101830-11-000045,cik:0000101830,https://www.sec.gov/Archives/edgar/data/101830/000010183011000045/s-20110930.xml,2e51869fac5670a14d0834c19866a713f3225873b031647ca1d7c6b61949aa4a,unsupported_SEC_instance_source
CommonStockSharesOutstanding,shares,,2010-12-31,2988000000.0,2012-02-27,10-K,FY,2011,0000101830-12-000015,cik:0000101830,https://www.sec.gov/Archives/edgar/data/101830/000010183012000015/s-20111231.xml,99713d52c0bde2ef3cf11ad8a0389d815719913f4a3de1615bbff95da2bdeb19,unsupported_SEC_instance_source
CommonStockSharesOutstanding,shares,,2011-12-31,2996000000.0,2012-02-27,10-K,FY,2011,0000101830-12-000015,cik:0000101830,https://www.sec.gov/Archives/edgar/data/101830/000010183012000015/s-20111231.xml,c672b232e40cb2332501e23fdc3946b58c6194fedb83f7dc959b2ff457251965,unsupported_SEC_instance_source
NetCashProvidedByUsedInOperatingActivities,USD,2009-01-01,2009-12-31,4891000000.0,2012-02-27,10-K,FY,2011,0000101830-12-000015,cik:0000101830,https://www.sec.gov/Archives/edgar/data/101830/000010183012000015/s-20111231.xml,6d1db8ee8d97f318edf4e360aa70689fb3a2a721870017e4797e59add34eac84,unsupported_SEC_instance_source
NetCashProvidedByUsedInOperatingActivities,USD,2010-01-01,2010-12-31,4815000000.0,2012-02-27,10-K,FY,2011,0000101830-12-000015,cik:0000101830,https://www.sec.gov/Archives/edgar/data/101830/000010183012000015/s-20111231.xml,609fd47ad5957ed59c8a90e9303db082b906dfb928a87bf26c0068f3e06eb957,unsupported_SEC_instance_source
NetCashProvidedByUsedInOperatingActivities,USD,2011-01-01,2011-12-31,3691000000.0,2012-02-27,10-K,FY,2011,0000101830-12-000015,cik:0000101830,https://www.sec.gov/Archives/edgar/data/101830/000010183012000015/s-20111231.xml,9f09ff33e016a72b0e37046b6bc1dcddec9e6aefc4a4c5f80f689954d220adad,unsupported_SEC_instance_source
PaymentsToAcquirePropertyPlantAndEquipment,USD,2009-01-01,2009-12-31,1603000000.0,2012-02-27,10-K,FY,2011,0000101830-12-000015,cik:0000101830,https://www.sec.gov/Archives/edgar/data/101830/000010183012000015/s-20111231.xml,cd36475377b8ea499d0d89d7850d4795cc9f3fe2940fc94bc217971c840fa535,unsupported_SEC_instance_source
PaymentsToAcquirePropertyPlantAndEquipment,USD,2010-01-01,2010-12-31,1935000000.0,2012-02-27,10-K,FY,2011,0000101830-12-000015,cik:0000101830,https://www.sec.gov/Archives/edgar/data/101830/000010183012000015/s-20111231.xml,c6023ac03af311ffed64ad351a09ece44611652ee0d36b16bc8c65ae30af1f6f,unsupported_SEC_instance_source
PaymentsToAcquirePropertyPlantAndEquipment,USD,2011-01-01,2011-12-31,3130000000.0,2012-02-27,10-K,FY,2011,0000101830-12-000015,cik:0000101830,https://www.sec.gov/Archives/edgar/data/101830/000010183012000015/s-20111231.xml,79b99008e5eb93057dd957eccadfc1a1d0e068545916dcc5e10e593e7e8dfd5e,unsupported_SEC_instance_source
ProceedsFromIssuanceOfCommonStock,USD,2009-01-01,2009-12-31,4000000.0,2012-02-27,10-K,FY,2011,0000101830-12-000015,cik:0000101830,https://www.sec.gov/Archives/edgar/data/101830/000010183012000015/s-20111231.xml,0475999be02100fdd1da39eeb058bbecbb32562f9824c06e104ad03b44cc9a9d,unsupported_SEC_instance_source
ProceedsFromIssuanceOfCommonStock,USD,2010-01-01,2010-12-31,8000000.0,2012-02-27,10-K,FY,2011,0000101830-12-000015,cik:0000101830,https://www.sec.gov/Archives/edgar/data/101830/000010183012000015/s-20111231.xml,bb866c174822102622589d50cf250d5b47b1eb82bcf7396b7abca726f4106e54,unsupported_SEC_instance_source
ProceedsFromIssuanceOfCommonStock,USD,2011-01-01,2011-12-31,18000000.0,2012-02-27,10-K,FY,2011,0000101830-12-000015,cik:0000101830,https://www.sec.gov/Archives/edgar/data/101830/000010183012000015/s-20111231.xml,6c3a3c7b30e2f155fcec02f0a120b5135ff631bc51bfeff7522525052260539b,unsupported_SEC_instance_source
NetCashProvidedByUsedInOperatingActivities,USD,2011-01-01,2011-03-31,919000000.0,2012-05-03,10-Q,Q1,2012,0000101830-12-000044,cik:0000101830,https://www.sec.gov/Archives/edgar/data/101830/000010183012000044/s-20120331.xml,52972fc93541faa226f654705038226c3972be2e5a5af97a3154f1e4f2c1df6d,unsupported_SEC_instance_source
NetCashProvidedByUsedInOperatingActivities,USD,2012-01-01,2012-03-31,978000000.0,2012-05-03,10-Q,Q1,2012,0000101830-12-000044,cik:0000101830,https://www.sec.gov/Archives/edgar/data/101830/000010183012000044/s-20120331.xml,1f5501bd3e8f190cc707e482dd5ebfd5424d9e9cc2765924d89a2bd810572df7,unsupported_SEC_instance_source
PaymentsToAcquirePropertyPlantAndEquipment,USD,2011-01-01,2011-03-31,644000000.0,2012-05-03,10-Q,Q1,2012,0000101830-12-000044,cik:0000101830,https://www.sec.gov/Archives/edgar/data/101830/000010183012000044/s-20120331.xml,297e111893d80bf1a15243f0c4fdab15f2ee3866dfb6a8568203aece77eb6e25,unsupported_SEC_instance_source
PaymentsToAcquirePropertyPlantAndEquipment,USD,2012-01-01,2012-03-31,783000000.0,2012-05-03,10-Q,Q1,2012,0000101830-12-000044,cik:0000101830,https://www.sec.gov/Archives/edgar/data/101830/000010183012000044/s-20120331.xml,bfa2bc4950011afa0a510f3c0f8d707069646f2a5d589c40de64d6a6d5dd8196,unsupported_SEC_instance_source
NetCashProvidedByUsedInOperatingActivities,USD,2011-01-01,2011-06-30,1994000000.0,2012-08-02,10-Q,Q2,2012,0000101830-12-000089,cik:0000101830,https://www.sec.gov/Archives/edgar/data/101830/000010183012000089/s-20120630.xml,0a13287009b2ad3fd0b502d276c05efc44c856e539418d8863d485da3a21c0a4,unsupported_SEC_instance_source
NetCashProvidedByUsedInOperatingActivities,USD,2012-01-01,2012-06-30,2155000000.0,2012-08-02,10-Q,Q2,2012,0000101830-12-000089,cik:0000101830,https://www.sec.gov/Archives/edgar/data/101830/000010183012000089/s-20120630.xml,3c145ea0da0e12a18ec52c6a96b3531b7744262ff684bef1990aa3564153b001,unsupported_SEC_instance_source
PaymentsToAcquirePropertyPlantAndEquipment,USD,2011-01-01,2011-06-30,1403000000.0,2012-08-02,10-Q,Q2,2012,0000101830-12-000089,cik:0000101830,https://www.sec.gov/Archives/edgar/data/101830/000010183012000089/s-20120630.xml,b2e7c5bcfb137125599e1b178bbd758be2ba0f4a149bba39c39a4984b520033c,unsupported_SEC_instance_source
PaymentsToAcquirePropertyPlantAndEquipment,USD,2012-01-01,2012-06-30,1711000000.0,2012-08-02,10-Q,Q2,2012,0000101830-12-000089,cik:0000101830,https://www.sec.gov/Archives/edgar/data/101830/000010183012000089/s-20120630.xml,881586cd3daa35ce431c1ab2dc5a2bf69008047cef79712d80bc89f37154ade9,unsupported_SEC_instance_source
NetCashProvidedByUsedInOperatingActivities,USD,2011-01-01,2011-09-30,2602000000.0,2012-11-07,10-Q,Q3,2012,0000101830-12-000107,cik:0000101830,https://www.sec.gov/Archives/edgar/data/101830/000010183012000107/s-20120930.xml,4920a095e36a877343015208d4e463fdfd58c0cf77f1b88da3330ce1a380ee28,unsupported_SEC_instance_source
NetCashProvidedByUsedInOperatingActivities,USD,2012-01-01,2012-09-30,2783000000.0,2012-11-07,10-Q,Q3,2012,0000101830-12-000107,cik:0000101830,https://www.sec.gov/Archives/edgar/data/101830/000010183012000107/s-20120930.xml,e072980be7a8513249cb9e1474455c8bab6b601cfdbfb4f4e337546dc7cafd15,unsupported_SEC_instance_source
PaymentsToAcquirePropertyPlantAndEquipment,USD,2011-01-01,2011-09-30,2221000000.0,2012-11-07,10-Q,Q3,2012,0000101830-12-000107,cik:0000101830,https://www.sec.gov/Archives/edgar/data/101830/000010183012000107/s-20120930.xml,616952023bf5b12167a2a44e3bf7438a2d4876b570c7847b6775542b69ec1db9,unsupported_SEC_instance_source
PaymentsToAcquirePropertyPlantAndEquipment,USD,2012-01-01,2012-09-30,2784000000.0,2012-11-07,10-Q,Q3,2012,0000101830-12-000107,cik:0000101830,https://www.sec.gov/Archives/edgar/data/101830/000010183012000107/s-20120930.xml,8b3dba78c5fa5545ab4aea838490a9343dbcecb4d814a129cf440856cc1a160d,unsupported_SEC_instance_source
NetCashProvidedByUsedInOperatingActivities,USD,2010-01-01,2010-12-31,4815000000.0,2013-02-28,10-K,FY,2012,0000101830-13-000006,cik:0000101830,https://www.sec.gov/Archives/edgar/data/101830/000010183013000006/s-20121231.xml,805d64fe4b954363a9702191978d0eefffe5b6a6a357077c8dd1964b375189d5,unsupported_SEC_instance_source
NetCashProvidedByUsedInOperatingActivities,USD,2011-01-01,2011-12-31,3691000000.0,2013-02-28,10-K,FY,2012,0000101830-13-000006,cik:0000101830,https://www.sec.gov/Archives/edgar/data/101830/000010183013000006/s-20121231.xml,438c8df269c6707b2a469202d911f550efad2f6cb409acdcce8ca5a2f055c53c,unsupported_SEC_instance_source
NetCashProvidedByUsedInOperatingActivities,USD,2012-01-01,2012-12-31,2999000000.0,2013-02-28,10-K,FY,2012,0000101830-13-000006,cik:0000101830,https://www.sec.gov/Archives/edgar/data/101830/000010183013000006/s-20121231.xml,97077c220beb10fb605a70778fbef4186b141ec288db78e3878a3d923db240ae,unsupported_SEC_instance_source
PaymentsToAcquirePropertyPlantAndEquipment,USD,2010-01-01,2010-12-31,1935000000.0,2013-02-28,10-K,FY,2012,0000101830-13-000006,cik:0000101830,https://www.sec.gov/Archives/edgar/data/101830/000010183013000006/s-20121231.xml,0e6e14efdb74ecbe98b638fd58627c8a547b35c4f360ef66d04d931dad8bb263,unsupported_SEC_instance_source
PaymentsToAcquirePropertyPlantAndEquipment,USD,2011-01-01,2011-12-31,3130000000.0,2013-02-28,10-K,FY,2012,0000101830-13-000006,cik:0000101830,https://www.sec.gov/Archives/edgar/data/101830/000010183013000006/s-20121231.xml,ae1d9d603997e3807e59d3bb30e6b56ab1aaf0c0b4ffaa4f8ae49c22ab1cd05e,unsupported_SEC_instance_source
PaymentsToAcquirePropertyPlantAndEquipment,USD,2012-01-01,2012-12-31,4261000000.0,2013-02-28,10-K,FY,2012,0000101830-13-000006,cik:0000101830,https://www.sec.gov/Archives/edgar/data/101830/000010183013000006/s-20121231.xml,cc8c80b55770ac58ab17196c0e79369449d62f87db24d16b0f1ad531332e34ce,unsupported_SEC_instance_source
ProceedsFromIssuanceOfCommonStock,USD,2010-01-01,2010-12-31,8000000.0,2013-02-28,10-K,FY,2012,0000101830-13-000006,cik:0000101830,https://www.sec.gov/Archives/edgar/data/101830/000010183013000006/s-20121231.xml,270e0bacd6cc23cf899bcee400aa7a24b94aff78aaad47a0f3b6bfbedb028621,unsupported_SEC_instance_source
ProceedsFromIssuanceOfCommonStock,USD,2011-01-01,2011-12-31,18000000.0,2013-02-28,10-K,FY,2012,0000101830-13-000006,cik:0000101830,https://www.sec.gov/Archives/edgar/data/101830/000010183013000006/s-20121231.xml,879a9dbcefaf37d4a50c97927b3b9fad4bd82d42135aa1e37f3d60ead85b1042,unsupported_SEC_instance_source
ProceedsFromIssuanceOfCommonStock,USD,2012-01-01,2012-12-31,29000000.0,2013-02-28,10-K,FY,2012,0000101830-13-000006,cik:0000101830,https://www.sec.gov/Archives/edgar/data/101830/000010183013000006/s-20121231.xml,bd492d347c2b3df7c80906ec6127e09ce8863df2e670e36702e4d703800349c9,unsupported_SEC_instance_source
NetCashProvidedByUsedInOperatingActivities,USD,2012-01-01,2012-03-31,978000000.0,2013-05-06,10-Q,Q1,2013,0000101830-13-000020,cik:0000101830,https://www.sec.gov/Archives/edgar/data/101830/000010183013000020/s-20130331.xml,c33085d17821fd2fef7a20eb039415a868a8347492a62e62b8ff519a661163d8,unsupported_SEC_instance_source
NetCashProvidedByUsedInOperatingActivities,USD,2013-01-01,2013-03-31,940000000.0,2013-05-06,10-Q,Q1,2013,0000101830-13-000020,cik:0000101830,https://www.sec.gov/Archives/edgar/data/101830/000010183013000020/s-20130331.xml,726c4e74769dc70dddb1da1f430b19e2a17bbbd2af8866f842956c777087fa43,unsupported_SEC_instance_source
PaymentsToAcquirePropertyPlantAndEquipment,USD,2012-01-01,2012-03-31,783000000.0,2013-05-06,10-Q,Q1,2013,0000101830-13-000020,cik:0000101830,https://www.sec.gov/Archives/edgar/data/101830/000010183013000020/s-20130331.xml,400636472662fbdc3e207100618fbf31588e977115109543021a97b1207ad58d,unsupported_SEC_instance_source
PaymentsToAcquirePropertyPlantAndEquipment,USD,2013-01-01,2013-03-31,1381000000.0,2013-05-06,10-Q,Q1,2013,0000101830-13-000020,cik:0000101830,https://www.sec.gov/Archives/edgar/data/101830/000010183013000020/s-20130331.xml,7a095b3e009e86e8752ee2c3474aed3de4d63bae73248d6d9ac8f4f47e79e6eb,unsupported_SEC_instance_source
NetCashProvidedByUsedInOperatingActivities,USD,2012-01-01,2012-06-30,2155000000.0,2013-08-05,10-Q,Q2,2013,0000101830-13-000038,cik:0000101830,https://www.sec.gov/Archives/edgar/data/101830/000010183013000038/s-20130630.xml,0ae61feb9a29a7880b189e77dab03bd361e30300897c497794c0e42ef6ce258d,unsupported_SEC_instance_source
NetCashProvidedByUsedInOperatingActivities,USD,2013-01-01,2013-06-30,2175000000.0,2013-08-05,10-Q,Q2,2013,0000101830-13-000038,cik:0000101830,https://www.sec.gov/Archives/edgar/data/101830/000010183013000038/s-20130630.xml,24583fe490764d78cfee5aa9270f03171486427e5c0657f47801d22a3e2df1c1,unsupported_SEC_instance_source
PaymentsToAcquirePropertyPlantAndEquipment,USD,2012-01-01,2012-06-30,1711000000.0,2013-08-05,10-Q,Q2,2013,0000101830-13-000038,cik:0000101830,https://www.sec.gov/Archives/edgar/data/101830/000010183013000038/s-20130630.xml,574b7146bb81c6247a1f7bee2e3315c94dc4208facf29e357e5fd5d1b11f2248,unsupported_SEC_instance_source
PaymentsToAcquirePropertyPlantAndEquipment,USD,2013-01-01,2013-06-30,2952000000.0,2013-08-05,10-Q,Q2,2013,0000101830-13-000038,cik:0000101830,https://www.sec.gov/Archives/edgar/data/101830/000010183013000038/s-20130630.xml,4050680a0191639445e000fe9469f69b1393bccfe626a216c3176a01e4d6126c,unsupported_SEC_instance_source
ProceedsFromIssuanceOfCommonStock,USD,2012-01-01,2012-06-30,7000000.0,2013-08-05,10-Q,Q2,2013,0000101830-13-000038,cik:0000101830,https://www.sec.gov/Archives/edgar/data/101830/000010183013000038/s-20130630.xml,83c8b97685d8df0a572144e26e390196c7113479e61a69d1caa3299a389e0623,unsupported_SEC_instance_source
ProceedsFromIssuanceOfCommonStock,USD,2013-01-01,2013-06-30,51000000.0,2013-08-05,10-Q,Q2,2013,0000101830-13-000038,cik:0000101830,https://www.sec.gov/Archives/edgar/data/101830/000010183013000038/s-20130630.xml,85469717e61b9590525b03e0468864f13716a27af10732a8178196a4c6644deb,unsupported_SEC_instance_source
CommonStockSharesOutstanding,shares,,2015-03-31,4000000000.0,2015-05-26,10-K,FY,2014,0000101830-15-000012,cik:0000101830,https://www.sec.gov/Archives/edgar/data/101830/000010183015000012/s-20150331.xml,49e4237c12569b52fb43d33748e745cbbc9cfbccdf28649666450882d9ef4478,unsupported_SEC_instance_source
NetCashProvidedByUsedInOperatingActivities,USD,2014-04-01,2014-06-30,679000000.0,2015-08-07,10-Q,Q1,2015,0000101830-15-000019,cik:0000101830,https://www.sec.gov/Archives/edgar/data/101830/000010183015000019/s-20150630.xml,1222d63f3aa6a5abad39385db798ba5b6d4a03d26e2becf9007412c93bcbcbb4,unsupported_SEC_instance_source
NetCashProvidedByUsedInOperatingActivities,USD,2015-04-01,2015-06-30,128000000.0,2015-08-07,10-Q,Q1,2015,0000101830-15-000019,cik:0000101830,https://www.sec.gov/Archives/edgar/data/101830/000010183015000019/s-20150630.xml,f920d69b922ce60579ddcc0fbc6b3b1151d515fa4f8ac61d2906854be51ef03f,unsupported_SEC_instance_source
PaymentsToAcquirePropertyPlantAndEquipment,USD,2014-04-01,2014-06-30,1246000000.0,2015-08-07,10-Q,Q1,2015,0000101830-15-000019,cik:0000101830,https://www.sec.gov/Archives/edgar/data/101830/000010183015000019/s-20150630.xml,903e50b9210cece6843b844f59c4f83df4bd6d308df094fe128065d454a8da36,unsupported_SEC_instance_source
PaymentsToAcquirePropertyPlantAndEquipment,USD,2015-04-01,2015-06-30,1802000000.0,2015-08-07,10-Q,Q1,2015,0000101830-15-000019,cik:0000101830,https://www.sec.gov/Archives/edgar/data/101830/000010183015000019/s-20150630.xml,eef9d7a5e1adfc7ed978f65b0ba78a6be5e059165f25b7f58b7217294106cee6,unsupported_SEC_instance_source
ProceedsFromIssuanceOfCommonStock,USD,2014-04-01,2014-06-30,9000000.0,2015-08-07,10-Q,Q1,2015,0000101830-15-000019,cik:0000101830,https://www.sec.gov/Archives/edgar/data/101830/000010183015000019/s-20150630.xml,8ac8d8dc6b24bf86b912df3f1d7ffb35e374ada5cbfbf41c9d1889e09b6293de,unsupported_SEC_instance_source
ProceedsFromIssuanceOfCommonStock,USD,2015-04-01,2015-06-30,4000000.0,2015-08-07,10-Q,Q1,2015,0000101830-15-000019,cik:0000101830,https://www.sec.gov/Archives/edgar/data/101830/000010183015000019/s-20150630.xml,175aa35e0792f597b6fe61dca54ef054cadb40225f08ce4bb3f39e162be6852c,unsupported_SEC_instance_source
NetCashProvidedByUsedInOperatingActivities,USD,2014-04-01,2014-09-30,1707000000.0,2015-11-09,10-Q,Q2,2015,0000101830-15-000039,cik:0000101830,https://www.sec.gov/Archives/edgar/data/101830/000010183015000039/s-20150930.xml,d5d8c1fc5a52570ef3142c21f24ddc0d86f5bc79e1bae3382a7afac91a4af881,unsupported_SEC_instance_source
NetCashProvidedByUsedInOperatingActivities,USD,2015-04-01,2015-09-30,1797000000.0,2015-11-09,10-Q,Q2,2015,0000101830-15-000039,cik:0000101830,https://www.sec.gov/Archives/edgar/data/101830/000010183015000039/s-20150930.xml,2fc3b044b1bdbaf6cc5980a99ce9a905e0509ffd5c5935b9025db6404e57ee86,unsupported_SEC_instance_source
PaymentsToAcquirePropertyPlantAndEquipment,USD,2014-04-01,2014-09-30,2389000000.0,2015-11-09,10-Q,Q2,2015,0000101830-15-000039,cik:0000101830,https://www.sec.gov/Archives/edgar/data/101830/000010183015000039/s-20150930.xml,3fe219e78b4715b435a25cf196c7464cc09038951be8aeb366a1a4d9f7ad4b39,unsupported_SEC_instance_source
PaymentsToAcquirePropertyPlantAndEquipment,USD,2015-04-01,2015-09-30,2964000000.0,2015-11-09,10-Q,Q2,2015,0000101830-15-000039,cik:0000101830,https://www.sec.gov/Archives/edgar/data/101830/000010183015000039/s-20150930.xml,74f5387ff2801d7e42e29c1fab56eeb1ca7b93fe874e9bbf478b58ddc9fb4e81,unsupported_SEC_instance_source
ProceedsFromIssuanceOfCommonStock,USD,2014-04-01,2014-09-30,46000000.0,2015-11-09,10-Q,Q2,2015,0000101830-15-000039,cik:0000101830,https://www.sec.gov/Archives/edgar/data/101830/000010183015000039/s-20150930.xml,793d77e901b7ddc9199f4926947341a494f78a2d2dba7c0210e48abd46837dcd,unsupported_SEC_instance_source
ProceedsFromIssuanceOfCommonStock,USD,2015-04-01,2015-09-30,8000000.0,2015-11-09,10-Q,Q2,2015,0000101830-15-000039,cik:0000101830,https://www.sec.gov/Archives/edgar/data/101830/000010183015000039/s-20150930.xml,adcccb23c04d73d52e4a66d736da0ad9391d7f12be6e26d18b4b13db575da4c7,unsupported_SEC_instance_source
CommonStockSharesOutstanding,shares,,2008-12-31,2857000000.0,2009-08-04,10-Q,Q2,2009,0001193125-09-163726,cik:0000101830,https://www.sec.gov/Archives/edgar/data/101830/000119312509163726/s-20090630.xml,c42eb3b5a89b493c39460858b14a6251aeae7e1d75beaddab0f65065df5c3b0c,unsupported_SEC_instance_source
CommonStockSharesOutstanding,shares,,2009-06-30,2872000000.0,2009-08-04,10-Q,Q2,2009,0001193125-09-163726,cik:0000101830,https://www.sec.gov/Archives/edgar/data/101830/000119312509163726/s-20090630.xml,8bfd4c3f713b38f79d47fb4c48c01cc9155a9b76c152aa08085330b36047bddf,unsupported_SEC_instance_source
NetCashProvidedByUsedInOperatingActivities,USD,2008-01-01,2008-06-30,3186000000.0,2009-08-04,10-Q,Q2,2009,0001193125-09-163726,cik:0000101830,https://www.sec.gov/Archives/edgar/data/101830/000119312509163726/s-20090630.xml,92199f2e0756e2a6576c8c315cce349482463d76ac44b80361f6132ca5a7e357,unsupported_SEC_instance_source
NetCashProvidedByUsedInOperatingActivities,USD,2009-01-01,2009-06-30,2515000000.0,2009-08-04,10-Q,Q2,2009,0001193125-09-163726,cik:0000101830,https://www.sec.gov/Archives/edgar/data/101830/000119312509163726/s-20090630.xml,f4cc70e11b39aaf588357da50d9f434d34470948264611e910c2ce03cbef21cd,unsupported_SEC_instance_source
PaymentsToAcquirePropertyPlantAndEquipment,USD,2008-01-01,2008-06-30,2569000000.0,2009-08-04,10-Q,Q2,2009,0001193125-09-163726,cik:0000101830,https://www.sec.gov/Archives/edgar/data/101830/000119312509163726/s-20090630.xml,9c04fa06acc331ac3feb8a804435f321b247af2deb41942b74f502d639d443cc,unsupported_SEC_instance_source
PaymentsToAcquirePropertyPlantAndEquipment,USD,2009-01-01,2009-06-30,717000000.0,2009-08-04,10-Q,Q2,2009,0001193125-09-163726,cik:0000101830,https://www.sec.gov/Archives/edgar/data/101830/000119312509163726/s-20090630.xml,e91827dda2a4845fde889e529bf283a220ec15302a3e722098287fc5910851aa,unsupported_SEC_instance_source
CommonStockSharesOutstanding,shares,,2008-12-31,2857000000.0,2009-11-06,10-Q,Q3,2009,0001193125-09-227316,cik:0000101830,https://www.sec.gov/Archives/edgar/data/101830/000119312509227316/s-20090930.xml,8bc3ca60896c8c2e931402e8eeedb0c5798260dd602a64d417ee0fbb5f3a5d61,unsupported_SEC_instance_source
CommonStockSharesOutstanding,shares,,2009-09-30,2876000000.0,2009-11-06,10-Q,Q3,2009,0001193125-09-227316,cik:0000101830,https://www.sec.gov/Archives/edgar/data/101830/000119312509227316/s-20090930.xml,743e1dea0da8629224f0cfed33b4f63f9de084b0c2c4dda2c50002e179085749,unsupported_SEC_instance_source
NetCashProvidedByUsedInOperatingActivities,USD,2008-01-01,2008-09-30,5101000000.0,2009-11-06,10-Q,Q3,2009,0001193125-09-227316,cik:0000101830,https://www.sec.gov/Archives/edgar/data/101830/000119312509227316/s-20090930.xml,a586062b0327ba03452b1a3c3d427487934f81faabbd642032c582013eeb264d,unsupported_SEC_instance_source
NetCashProvidedByUsedInOperatingActivities,USD,2009-01-01,2009-09-30,3676000000.0,2009-11-06,10-Q,Q3,2009,0001193125-09-227316,cik:0000101830,https://www.sec.gov/Archives/edgar/data/101830/000119312509227316/s-20090930.xml,f784fc73658389fc80819ab0f68f77231a13a8412a08544fa2600218c0b1bce4,unsupported_SEC_instance_source
PaymentsToAcquirePropertyPlantAndEquipment,USD,2008-01-01,2008-09-30,3272000000.0,2009-11-06,10-Q,Q3,2009,0001193125-09-227316,cik:0000101830,https://www.sec.gov/Archives/edgar/data/101830/000119312509227316/s-20090930.xml,bd997e9c2906776dbfd8f35f1e2036738fc558a08799e66ac979be217625f0f4,unsupported_SEC_instance_source
PaymentsToAcquirePropertyPlantAndEquipment,USD,2009-01-01,2009-09-30,1119000000.0,2009-11-06,10-Q,Q3,2009,0001193125-09-227316,cik:0000101830,https://www.sec.gov/Archives/edgar/data/101830/000119312509227316/s-20090930.xml,a646b75319b3b69075bdf4f26b1a5cdbe5f532572af012fa00e935bc9cad8e4f,unsupported_SEC_instance_source
ProceedsFromIssuanceOfCommonStock,USD,2008-01-01,2008-09-30,48000000.0,2009-11-06,10-Q,Q3,2009,0001193125-09-227316,cik:0000101830,https://www.sec.gov/Archives/edgar/data/101830/000119312509227316/s-20090930.xml,e79721f6d29025e586c09267e4eae9e4b194942bb4a0d7990642226342a07004,unsupported_SEC_instance_source
ProceedsFromIssuanceOfCommonStock,USD,2009-01-01,2009-09-30,0.0,2009-11-06,10-Q,Q3,2009,0001193125-09-227316,cik:0000101830,https://www.sec.gov/Archives/edgar/data/101830/000119312509227316/s-20090930.xml,e10ccdc91f087257c6dee90997af0b832ec4e3eaa161b287c548b06985bd7915,unsupported_SEC_instance_source
CommonStockSharesOutstanding,shares,,2008-12-31,2857000000.0,2010-02-26,10-K,FY,2009,0001193125-10-042491,cik:0000101830,https://www.sec.gov/Archives/edgar/data/101830/000119312510042491/s-20091231.xml,b6e113109644f1f2f909bdadd520b7976313c6cb52e998bbaa8756285c6e0494,unsupported_SEC_instance_source
CommonStockSharesOutstanding,shares,,2009-12-31,2973000000.0,2010-02-26,10-K,FY,2009,0001193125-10-042491,cik:0000101830,https://www.sec.gov/Archives/edgar/data/101830/000119312510042491/s-20091231.xml,f9a64cb2a71b390a96490d13584cb5d05a807beed17987d92cd095fd802c1a16,unsupported_SEC_instance_source
NetCashProvidedByUsedInOperatingActivities,USD,2007-01-01,2007-12-31,9245000000.0,2010-02-26,10-K,FY,2009,0001193125-10-042491,cik:0000101830,https://www.sec.gov/Archives/edgar/data/101830/000119312510042491/s-20091231.xml,ad89977bfbb2aae0da574612f49769f97d594a4ff37c1b16bd4df1ed97178bc0,unsupported_SEC_instance_source
NetCashProvidedByUsedInOperatingActivities,USD,2008-01-01,2008-12-31,6179000000.0,2010-02-26,10-K,FY,2009,0001193125-10-042491,cik:0000101830,https://www.sec.gov/Archives/edgar/data/101830/000119312510042491/s-20091231.xml,f7acf672b9678ab4ca70d005769d12435456fe679190542332f64aa9498b8aac,unsupported_SEC_instance_source
NetCashProvidedByUsedInOperatingActivities,USD,2009-01-01,2009-12-31,4891000000.0,2010-02-26,10-K,FY,2009,0001193125-10-042491,cik:0000101830,https://www.sec.gov/Archives/edgar/data/101830/000119312510042491/s-20091231.xml,c1d1e5e100783e38a251f6d62d296598a4441b02f0a653fea4e277035bb43674,unsupported_SEC_instance_source
PaymentsForRepurchaseOfCommonStock,USD,2007-01-01,2007-12-31,1833000000.0,2010-02-26,10-K,FY,2009,0001193125-10-042491,cik:0000101830,https://www.sec.gov/Archives/edgar/data/101830/000119312510042491/s-20091231.xml,e8908de3da02749d49cd8ed6ef96fa4165cc8c606eccac8e242c0e4a8e11e928,unsupported_SEC_instance_source
PaymentsForRepurchaseOfCommonStock,USD,2008-01-01,2008-12-31,0.0,2010-02-26,10-K,FY,2009,0001193125-10-042491,cik:0000101830,https://www.sec.gov/Archives/edgar/data/101830/000119312510042491/s-20091231.xml,b7c09d30008b8e83a88a14766344eab5dbd123fae310891b7606e8eeed6470f8,unsupported_SEC_instance_source
PaymentsForRepurchaseOfCommonStock,USD,2009-01-01,2009-12-31,0.0,2010-02-26,10-K,FY,2009,0001193125-10-042491,cik:0000101830,https://www.sec.gov/Archives/edgar/data/101830/000119312510042491/s-20091231.xml,41d0688e0fe0de3cf72e90e79cf722d9c28047f595de40f6f3286fca5ba4895a,unsupported_SEC_instance_source
PaymentsToAcquirePropertyPlantAndEquipment,USD,2007-01-01,2007-12-31,6322000000.0,2010-02-26,10-K,FY,2009,0001193125-10-042491,cik:0000101830,https://www.sec.gov/Archives/edgar/data/101830/000119312510042491/s-20091231.xml,603bddfd2987c1735d6401d97dd80013eaee7fe6a07b14f52dc70f51ed397206,unsupported_SEC_instance_source
PaymentsToAcquirePropertyPlantAndEquipment,USD,2008-01-01,2008-12-31,3882000000.0,2010-02-26,10-K,FY,2009,0001193125-10-042491,cik:0000101830,https://www.sec.gov/Archives/edgar/data/101830/000119312510042491/s-20091231.xml,8881e6c3faf93a6d4052881791333d1506dbcb23254d8ebc2c2223cb13209f87,unsupported_SEC_instance_source
PaymentsToAcquirePropertyPlantAndEquipment,USD,2009-01-01,2009-12-31,1603000000.0,2010-02-26,10-K,FY,2009,0001193125-10-042491,cik:0000101830,https://www.sec.gov/Archives/edgar/data/101830/000119312510042491/s-20091231.xml,5252e4394a61ae6ef4d3a1c339d4d86177ee5494abe4e01aa6b1407ea23dfa42,unsupported_SEC_instance_source
ProceedsFromIssuanceOfCommonStock,USD,2007-01-01,2007-12-31,344000000.0,2010-02-26,10-K,FY,2009,0001193125-10-042491,cik:0000101830,https://www.sec.gov/Archives/edgar/data/101830/000119312510042491/s-20091231.xml,050aa5645ea7625cf6b2955c95ca9a51db1de00791af6dd849f0fa434df4f675,unsupported_SEC_instance_source
ProceedsFromIssuanceOfCommonStock,USD,2008-01-01,2008-12-31,57000000.0,2010-02-26,10-K,FY,2009,0001193125-10-042491,cik:0000101830,https://www.sec.gov/Archives/edgar/data/101830/000119312510042491/s-20091231.xml,033c94109cc068c1608a65cc170740c3370021eeed14d393ba5c7615e553f7bc,unsupported_SEC_instance_source
ProceedsFromIssuanceOfCommonStock,USD,2009-01-01,2009-12-31,4000000.0,2010-02-26,10-K,FY,2009,0001193125-10-042491,cik:0000101830,https://www.sec.gov/Archives/edgar/data/101830/000119312510042491/s-20091231.xml,87d9668f4f885a9a03476b2512f1beb595653309952697bcc6fb43f1a1d1c1b9,unsupported_SEC_instance_source
CommonStockSharesOutstanding,shares,,2009-12-31,2973000000.0,2010-05-05,10-Q,Q1,2010,0001193125-10-108977,cik:0000101830,https://www.sec.gov/Archives/edgar/data/101830/000119312510108977/s-20100331.xml,f71792efc4e72ca69afefb39da1a3b657191f4a9c0d6c63386fafa03846109d1,unsupported_SEC_instance_source
CommonStockSharesOutstanding,shares,,2010-03-31,2979000000.0,2010-05-05,10-Q,Q1,2010,0001193125-10-108977,cik:0000101830,https://www.sec.gov/Archives/edgar/data/101830/000119312510108977/s-20100331.xml,17b55b61c262855e9d01c4b5ef229615f9efd0fc2c2e3f43e1cb7e47c799c45e,unsupported_SEC_instance_source
NetCashProvidedByUsedInOperatingActivities,USD,2009-01-01,2009-03-31,1363000000.0,2010-05-05,10-Q,Q1,2010,0001193125-10-108977,cik:0000101830,https://www.sec.gov/Archives/edgar/data/101830/000119312510108977/s-20100331.xml,12c5518b70778c72867f092ea23c18af55e4e2e9029040e124dacdaadfd5f25d,unsupported_SEC_instance_source
NetCashProvidedByUsedInOperatingActivities,USD,2010-01-01,2010-03-31,1122000000.0,2010-05-05,10-Q,Q1,2010,0001193125-10-108977,cik:0000101830,https://www.sec.gov/Archives/edgar/data/101830/000119312510108977/s-20100331.xml,0132002fd73747952acd46e3004041c8d8354af29edffe8891f60e70a7ab561e,unsupported_SEC_instance_source
PaymentsToAcquirePropertyPlantAndEquipment,USD,2009-01-01,2009-03-31,377000000.0,2010-05-05,10-Q,Q1,2010,0001193125-10-108977,cik:0000101830,https://www.sec.gov/Archives/edgar/data/101830/000119312510108977/s-20100331.xml,ff603bc0a8548a5246923d9eba2644662e03ebf1015bf7d88076002721f1c9ae,unsupported_SEC_instance_source
PaymentsToAcquirePropertyPlantAndEquipment,USD,2010-01-01,2010-03-31,505000000.0,2010-05-05,10-Q,Q1,2010,0001193125-10-108977,cik:0000101830,https://www.sec.gov/Archives/edgar/data/101830/000119312510108977/s-20100331.xml,a6bf3be524b7d545113661d6d4221901652723f632daa5aba5cfcd04bcd06e68,unsupported_SEC_instance_source
CommonStockSharesOutstanding,shares,,2009-12-31,2973000000.0,2010-08-05,10-Q,Q2,2010,0001193125-10-178859,cik:0000101830,https://www.sec.gov/Archives/edgar/data/101830/000119312510178859/s-20100630.xml,ed39b0687b98b5761fdae3203103041e635985c5f4528ba68293f6e0de435ebd,unsupported_SEC_instance_source
CommonStockSharesOutstanding,shares,,2010-06-30,2983000000.0,2010-08-05,10-Q,Q2,2010,0001193125-10-178859,cik:0000101830,https://www.sec.gov/Archives/edgar/data/101830/000119312510178859/s-20100630.xml,e1e11fc0ced2e94fa580294a280d3ef9dbfd20be0aaa20b0e2042919e6d0997a,unsupported_SEC_instance_source
NetCashProvidedByUsedInOperatingActivities,USD,2009-01-01,2009-06-30,2515000000.0,2010-08-05,10-Q,Q2,2010,0001193125-10-178859,cik:0000101830,https://www.sec.gov/Archives/edgar/data/101830/000119312510178859/s-20100630.xml,dba73346b7369ab5c0276ba848d96284241e3d3206931a2dbb68f8447d2075d8,unsupported_SEC_instance_source
NetCashProvidedByUsedInOperatingActivities,USD,2010-01-01,2010-06-30,2377000000.0,2010-08-05,10-Q,Q2,2010,0001193125-10-178859,cik:0000101830,https://www.sec.gov/Archives/edgar/data/101830/000119312510178859/s-20100630.xml,3664590e328cfbea6ceedd6a08d582b5ec77ac7a3ba981fc5ef8abb0478c05dc,unsupported_SEC_instance_source
PaymentsToAcquirePropertyPlantAndEquipment,USD,2009-01-01,2009-06-30,717000000.0,2010-08-05,10-Q,Q2,2010,0001193125-10-178859,cik:0000101830,https://www.sec.gov/Archives/edgar/data/101830/000119312510178859/s-20100630.xml,6ad5fe727ed2a26ea84133609e5434006b9af3114121c4e73223a55cea4e1425,unsupported_SEC_instance_source
PaymentsToAcquirePropertyPlantAndEquipment,USD,2010-01-01,2010-06-30,922000000.0,2010-08-05,10-Q,Q2,2010,0001193125-10-178859,cik:0000101830,https://www.sec.gov/Archives/edgar/data/101830/000119312510178859/s-20100630.xml,49aae138dafaa5e8ba6cc13895fdab4a31757da179463d10f77d403cf1e7853a,unsupported_SEC_instance_source
CommonStockSharesOutstanding,shares,,2009-12-31,2973000000.0,2010-11-05,10-Q,Q3,2010,0001193125-10-249235,cik:0000101830,https://www.sec.gov/Archives/edgar/data/101830/000119312510249235/s-20100930.xml,6d5f58319790b6d257cf56a2fafa9e6957d9ddd2b0e42b0bc0c1c0d34531de5a,unsupported_SEC_instance_source
CommonStockSharesOutstanding,shares,,2010-09-30,2986000000.0,2010-11-05,10-Q,Q3,2010,0001193125-10-249235,cik:0000101830,https://www.sec.gov/Archives/edgar/data/101830/000119312510249235/s-20100930.xml,8dae1862de8e9a892bb47fde8a4174d7dbe7707b6af337648332a9ed21695aab,unsupported_SEC_instance_source
NetCashProvidedByUsedInOperatingActivities,USD,2009-01-01,2009-09-30,3676000000.0,2010-11-05,10-Q,Q3,2010,0001193125-10-249235,cik:0000101830,https://www.sec.gov/Archives/edgar/data/101830/000119312510249235/s-20100930.xml,c40e13f59728b3604a7bdf8801d36e15d658515509657b76a4fbde3769edb014,unsupported_SEC_instance_source
NetCashProvidedByUsedInOperatingActivities,USD,2010-01-01,2010-09-30,3348000000.0,2010-11-05,10-Q,Q3,2010,0001193125-10-249235,cik:0000101830,https://www.sec.gov/Archives/edgar/data/101830/000119312510249235/s-20100930.xml,64be9c83d1aff776ad4b4a4e63045696d781b9550c1400d12260c67eddc60801,unsupported_SEC_instance_source
PaymentsToAcquirePropertyPlantAndEquipment,USD,2009-01-01,2009-09-30,1119000000.0,2010-11-05,10-Q,Q3,2010,0001193125-10-249235,cik:0000101830,https://www.sec.gov/Archives/edgar/data/101830/000119312510249235/s-20100930.xml,41cbd490ef3124a9f8e05d686aa4fdf0bf06395d0fb73688186a3853500072eb,unsupported_SEC_instance_source
PaymentsToAcquirePropertyPlantAndEquipment,USD,2010-01-01,2010-09-30,1412000000.0,2010-11-05,10-Q,Q3,2010,0001193125-10-249235,cik:0000101830,https://www.sec.gov/Archives/edgar/data/101830/000119312510249235/s-20100930.xml,cf6bcac82c962f59214bbaab3ee7272d8b589805e72f17966cbb67e2a481366f,unsupported_SEC_instance_source
NetCashProvidedByUsedInOperatingActivities,USD,2005-09-25,2006-09-30,2220000000.0,2008-11-05,10-K,FY,2008,0001193125-08-224958,cik:0000320193,https://www.sec.gov/Archives/edgar/data/320193/000119312508224958/d10k.htm,15737014be62571b2abab91902fe15e4d807f82d8488a843c508d84a5671d5ec,unsupported_SEC_instance_source
NetCashProvidedByUsedInOperatingActivities,USD,2006-10-01,2007-09-29,5470000000.0,2008-11-05,10-K,FY,2008,0001193125-08-224958,cik:0000320193,https://www.sec.gov/Archives/edgar/data/320193/000119312508224958/d10k.htm,11e608174f01227ca772af270c61f59ec379048de798994e3c4f3e1688ee9ddc,unsupported_SEC_instance_source
NetCashProvidedByUsedInOperatingActivities,USD,2007-09-30,2008-09-27,9596000000.0,2008-11-05,10-K,FY,2008,0001193125-08-224958,cik:0000320193,https://www.sec.gov/Archives/edgar/data/320193/000119312508224958/d10k.htm,a6fbdb6d2ad6ca08a7fd4e31134b80c85cbd128d9b27ea332a255599bad75e77,unsupported_SEC_instance_source
PaymentsToAcquirePropertyPlantAndEquipment,USD,2005-09-25,2006-09-30,-657000000.0,2008-11-05,10-K,FY,2008,0001193125-08-224958,cik:0000320193,https://www.sec.gov/Archives/edgar/data/320193/000119312508224958/d10k.htm,575470fca63fb474f3581ef0103dfb62fbfad60ac755e2e6effa65550fcb8b6c,unsupported_SEC_instance_source
PaymentsToAcquirePropertyPlantAndEquipment,USD,2006-10-01,2007-09-29,-735000000.0,2008-11-05,10-K,FY,2008,0001193125-08-224958,cik:0000320193,https://www.sec.gov/Archives/edgar/data/320193/000119312508224958/d10k.htm,d7ff46213bdbecc5363bdf7460e880ab1c2348f7ab602ac2aae6f2666574a95c,unsupported_SEC_instance_source
PaymentsToAcquirePropertyPlantAndEquipment,USD,2007-09-30,2008-09-27,-1091000000.0,2008-11-05,10-K,FY,2008,0001193125-08-224958,cik:0000320193,https://www.sec.gov/Archives/edgar/data/320193/000119312508224958/d10k.htm,1cfe0b88684e5aa1ada8a72ee95883d5b9763b742844c1ac6991aad72b07e13e,unsupported_SEC_instance_source
NetCashProvidedByUsedInOperatingActivities,USD,2009-01-01,2009-12-31,724700000.0,2012-02-24,10-K,FY,2011,0001193125-12-078254,cik:0000350563,https://www.sec.gov/Archives/edgar/data/350563/000119312512078254/te-20111231.xml,95e6031cdf44d66f0aaa3cb9af3f39cac7a8e50bf78b3b52bb2859cac5a6ce5c,unsupported_SEC_instance_source
NetCashProvidedByUsedInOperatingActivities,USD,2010-01-01,2010-12-31,664400000.0,2012-02-24,10-K,FY,2011,0001193125-12-078254,cik:0000350563,https://www.sec.gov/Archives/edgar/data/350563/000119312512078254/te-20111231.xml,4ae9fe19e7430967334efa8ed129e2fd51f23ba7a06b9d75ba78542f374c41bf,unsupported_SEC_instance_source
NetCashProvidedByUsedInOperatingActivities,USD,2011-01-01,2011-12-31,754100000.0,2012-02-24,10-K,FY,2011,0001193125-12-078254,cik:0000350563,https://www.sec.gov/Archives/edgar/data/350563/000119312512078254/te-20111231.xml,fc041309639ca2ad07b0a8ac1399c8815038c8bffea8cc7e327678e73cc132bd,unsupported_SEC_instance_source
PaymentsToAcquirePropertyPlantAndEquipment,USD,2009-01-01,2009-12-31,639800000.0,2012-02-24,10-K,FY,2011,0001193125-12-078254,cik:0000350563,https://www.sec.gov/Archives/edgar/data/350563/000119312512078254/te-20111231.xml,073b61937945ddb8d4d1b1450e9c1c6bdf330364ca8405879389195c7f521ae1,unsupported_SEC_instance_source
PaymentsToAcquirePropertyPlantAndEquipment,USD,2010-01-01,2010-12-31,489700000.0,2012-02-24,10-K,FY,2011,0001193125-12-078254,cik:0000350563,https://www.sec.gov/Archives/edgar/data/350563/000119312512078254/te-20111231.xml,de6141d91960b97cb19d1a00dc5cb09d4aba61fc6add7e38fc9dd8532644a4e8,unsupported_SEC_instance_source
PaymentsToAcquirePropertyPlantAndEquipment,USD,2011-01-01,2011-12-31,454100000.0,2012-02-24,10-K,FY,2011,0001193125-12-078254,cik:0000350563,https://www.sec.gov/Archives/edgar/data/350563/000119312512078254/te-20111231.xml,0f22922e2ebf4d08bd1b0bdeba1bc037ee47d5ea6e859f48707b17787d0485a1,unsupported_SEC_instance_source
ProceedsFromIssuanceOfCommonStock,USD,2009-01-01,2009-12-31,5100000.0,2012-02-24,10-K,FY,2011,0001193125-12-078254,cik:0000350563,https://www.sec.gov/Archives/edgar/data/350563/000119312512078254/te-20111231.xml,da1b22bba2a87b729f6c0a615df1d186bfbd234f5119add3c2353a7973aadb6b,unsupported_SEC_instance_source
ProceedsFromIssuanceOfCommonStock,USD,2010-01-01,2010-12-31,7800000.0,2012-02-24,10-K,FY,2011,0001193125-12-078254,cik:0000350563,https://www.sec.gov/Archives/edgar/data/350563/000119312512078254/te-20111231.xml,3088a4a924b2922059673d6de6d55435f49ff3fe48f273550a4d704d4c786ff6,unsupported_SEC_instance_source
ProceedsFromIssuanceOfCommonStock,USD,2011-01-01,2011-12-31,7000000.0,2012-02-24,10-K,FY,2011,0001193125-12-078254,cik:0000350563,https://www.sec.gov/Archives/edgar/data/350563/000119312512078254/te-20111231.xml,79f9b273babad85a712d88f652db1251311c32b810c5d07b8e8c56eb0db017e3,unsupported_SEC_instance_source
NetCashProvidedByUsedInOperatingActivities,USD,2010-01-01,2010-12-31,664400000.0,2013-02-26,10-K,FY,2012,0001193125-13-075891,cik:0000350563,https://www.sec.gov/Archives/edgar/data/350563/000119312513075891/te-20121231.xml,70f6e288a2f8252e5ac87baa2523c5648ca26e58102ce2fa30d08136608ac970,unsupported_SEC_instance_source
NetCashProvidedByUsedInOperatingActivities,USD,2011-01-01,2011-12-31,754100000.0,2013-02-26,10-K,FY,2012,0001193125-13-075891,cik:0000350563,https://www.sec.gov/Archives/edgar/data/350563/000119312513075891/te-20121231.xml,51f7cd2957e0eb92ac8d8120c330df007122ffd61488f743a3a75674ab353e75,unsupported_SEC_instance_source
PaymentsToAcquirePropertyPlantAndEquipment,USD,2010-01-01,2010-12-31,489700000.0,2013-02-26,10-K,FY,2012,0001193125-13-075891,cik:0000350563,https://www.sec.gov/Archives/edgar/data/350563/000119312513075891/te-20121231.xml,f3b12ccc4515bc62fa21b14b1e921035023f1268be8b5a0669ad201adfbb649a,unsupported_SEC_instance_source
PaymentsToAcquirePropertyPlantAndEquipment,USD,2011-01-01,2011-12-31,454100000.0,2013-02-26,10-K,FY,2012,0001193125-13-075891,cik:0000350563,https://www.sec.gov/Archives/edgar/data/350563/000119312513075891/te-20121231.xml,4eda9f3ea5a5aa3339d9300f59f12342f0de7146789b2a793d21dd95e6c7dadd,unsupported_SEC_instance_source
ProceedsFromIssuanceOfCommonStock,USD,2010-01-01,2010-12-31,7800000.0,2013-02-26,10-K,FY,2012,0001193125-13-075891,cik:0000350563,https://www.sec.gov/Archives/edgar/data/350563/000119312513075891/te-20121231.xml,b63dfa0fae9ef8686bdd8809fea2047d79fea5de7f47d880f1544e2292a3e100,unsupported_SEC_instance_source
ProceedsFromIssuanceOfCommonStock,USD,2011-01-01,2011-12-31,7000000.0,2013-02-26,10-K,FY,2012,0001193125-13-075891,cik:0000350563,https://www.sec.gov/Archives/edgar/data/350563/000119312513075891/te-20121231.xml,bbd4d6594ccbea8b2210c36799323d5a7f855e9ed58e041124f02c7095c1c429,unsupported_SEC_instance_source
NetCashProvidedByUsedInOperatingActivities,USD,2011-01-01,2011-03-31,1905000000.0,2012-05-04,10-Q,Q1,2012,0000750556-12-000115,cik:0000750556,https://www.sec.gov/Archives/edgar/data/750556/000075055612000115/sti-20120504.xml,3a732503c5af14614e5bfc0bc170e36a9a5104a572290357e7d385d799657f24,unsupported_SEC_instance_source
NetCashProvidedByUsedInOperatingActivities,USD,2012-01-01,2012-03-31,102000000.0,2012-05-04,10-Q,Q1,2012,0000750556-12-000115,cik:0000750556,https://www.sec.gov/Archives/edgar/data/750556/000075055612000115/sti-20120504.xml,f15d57a690424b8b41cb526556214902ae35c4a1d2e0b9cb8730e18289063a63,unsupported_SEC_instance_source
PaymentsToAcquirePropertyPlantAndEquipment,USD,2011-01-01,2011-03-31,1000000.0,2012-05-04,10-Q,Q1,2012,0000750556-12-000115,cik:0000750556,https://www.sec.gov/Archives/edgar/data/750556/000075055612000115/sti-20120504.xml,6262d0db274644cb30901705d839e3ac3135373f5d73500847c4a8644341e9ed,unsupported_SEC_instance_source
PaymentsToAcquirePropertyPlantAndEquipment,USD,2012-01-01,2012-03-31,48000000.0,2012-05-04,10-Q,Q1,2012,0000750556-12-000115,cik:0000750556,https://www.sec.gov/Archives/edgar/data/750556/000075055612000115/sti-20120504.xml,02330bfa5f0aa9df2df375dd478e46994780cd54e34589a50bc070ae5e368a72,unsupported_SEC_instance_source
ProceedsFromIssuanceOfCommonStock,USD,2011-01-01,2011-03-31,1016000000.0,2012-05-04,10-Q,Q1,2012,0000750556-12-000115,cik:0000750556,https://www.sec.gov/Archives/edgar/data/750556/000075055612000115/sti-20120504.xml,fb1ad3bd171691ff47fe6d873d25e164ddc93fd5beec4f294fa8ed461c125dcb,unsupported_SEC_instance_source
ProceedsFromIssuanceOfCommonStock,USD,2012-01-01,2012-03-31,0.0,2012-05-04,10-Q,Q1,2012,0000750556-12-000115,cik:0000750556,https://www.sec.gov/Archives/edgar/data/750556/000075055612000115/sti-20120504.xml,4cb7f990fdff616e22a0de1e238b44ec53f0cbe843e5adbd1e70547df59a6c7c,unsupported_SEC_instance_source
ProceedsFromStockOptionsExercised,USD,2011-01-01,2011-03-31,0.0,2012-05-04,10-Q,Q1,2012,0000750556-12-000115,cik:0000750556,https://www.sec.gov/Archives/edgar/data/750556/000075055612000115/sti-20120504.xml,378c7cb1c77fe026269045bde2737894bf2e0d01fb33cc5c6b6b88677b677c6e,unsupported_SEC_instance_source
ProceedsFromStockOptionsExercised,USD,2012-01-01,2012-03-31,2000000.0,2012-05-04,10-Q,Q1,2012,0000750556-12-000115,cik:0000750556,https://www.sec.gov/Archives/edgar/data/750556/000075055612000115/sti-20120504.xml,7e6e3e2cf2e6cd93f73773492c7f6fd3470ec9ec335b002ed541ae7274c67af1,unsupported_SEC_instance_source
NetCashProvidedByUsedInOperatingActivities,USD,2012-01-01,2012-03-31,102000000.0,2013-05-07,10-Q,Q1,2013,0000750556-13-000114,cik:0000750556,https://www.sec.gov/Archives/edgar/data/750556/000075055613000114/sti-20130331.xml,9af0d26917f1cddc641265f27ece7c8f93c27fdf0db09fbf87d86ddaefb1993e,unsupported_SEC_instance_source
NetCashProvidedByUsedInOperatingActivities,USD,2013-01-01,2013-03-31,621000000.0,2013-05-07,10-Q,Q1,2013,0000750556-13-000114,cik:0000750556,https://www.sec.gov/Archives/edgar/data/750556/000075055613000114/sti-20130331.xml,d24ad8ed54c530c1d6f02537ab06f1a7aa437a664ff700d13046ddfea9a8fc3a,unsupported_SEC_instance_source
PaymentsToAcquirePropertyPlantAndEquipment,USD,2012-01-01,2012-03-31,48000000.0,2013-05-07,10-Q,Q1,2013,0000750556-13-000114,cik:0000750556,https://www.sec.gov/Archives/edgar/data/750556/000075055613000114/sti-20130331.xml,aa953fdfded186e8d467ade29c1160ae0c022abf39f088b64c5ff6f8497a63d1,unsupported_SEC_instance_source
PaymentsToAcquirePropertyPlantAndEquipment,USD,2013-01-01,2013-03-31,28000000.0,2013-05-07,10-Q,Q1,2013,0000750556-13-000114,cik:0000750556,https://www.sec.gov/Archives/edgar/data/750556/000075055613000114/sti-20130331.xml,754b6c8abfdb7ecb4e3aaa9609bb954130dcaf6228c64f787a4f068e9b40b0eb,unsupported_SEC_instance_source
NetCashProvidedByUsedInOperatingActivities,USD,2010-01-01,2010-06-30,2366000000.0,2011-08-09,10-Q,Q2,2011,0001193125-11-216131,cik:0000750556,https://www.sec.gov/Archives/edgar/data/750556/000119312511216131/sti-20110630.xml,c62e6242aee29a657971877d8a5116963d0271b917a67753de1bf94bb363eee2,unsupported_SEC_instance_source
NetCashProvidedByUsedInOperatingActivities,USD,2011-01-01,2011-06-30,3098000000.0,2011-08-09,10-Q,Q2,2011,0001193125-11-216131,cik:0000750556,https://www.sec.gov/Archives/edgar/data/750556/000119312511216131/sti-20110630.xml,1a5ed3eb06e26aa4af8de73baad1d6679c3a3f0f36ae8e0dc1839d7f831116f7,unsupported_SEC_instance_source
PaymentsToAcquirePropertyPlantAndEquipment,USD,2010-01-01,2010-06-30,89000000.0,2011-08-09,10-Q,Q2,2011,0001193125-11-216131,cik:0000750556,https://www.sec.gov/Archives/edgar/data/750556/000119312511216131/sti-20110630.xml,1649e23d637cf43319c8c82142dcebdfb17ebb4c516d44e3cb1b660dedda58cc,unsupported_SEC_instance_source
PaymentsToAcquirePropertyPlantAndEquipment,USD,2011-01-01,2011-06-30,9000000.0,2011-08-09,10-Q,Q2,2011,0001193125-11-216131,cik:0000750556,https://www.sec.gov/Archives/edgar/data/750556/000119312511216131/sti-20110630.xml,802361b7cbde38a9311bd534542c12388e8de6630c74f859248f61c65771c424,unsupported_SEC_instance_source
ProceedsFromIssuanceOfCommonStock,USD,2011-01-01,2011-06-30,1017000000.0,2011-08-09,10-Q,Q2,2011,0001193125-11-216131,cik:0000750556,https://www.sec.gov/Archives/edgar/data/750556/000119312511216131/sti-20110630.xml,1d2fae3be11eb7d6b5fa696c3127c1613b0dd15e70386198bc88033c78c69f44,unsupported_SEC_instance_source
NetCashProvidedByUsedInOperatingActivities,USD,1993-07-01,1994-06-30,1593000000.0,1996-09-27,10-K,FY,1996,0000891020-96-001130,cik:0000789019,https://www.sec.gov/Archives/edgar/data/789019/0000891020-96-001130.txt,aeda47e87b6d9e811a31ab46ef13f7337c2ffde24d1bf20b10f867c82038889a,unsupported_SEC_instance_source
NetCashProvidedByUsedInOperatingActivities,USD,1994-07-01,1995-06-30,1990000000.0,1996-09-27,10-K,FY,1996,0000891020-96-001130,cik:0000789019,https://www.sec.gov/Archives/edgar/data/789019/0000891020-96-001130.txt,8a897c9d1058ece198544f62845dc404399aff22024c6f2fd888f02ed81430a2,unsupported_SEC_instance_source
NetCashProvidedByUsedInOperatingActivities,USD,1995-07-01,1996-06-30,3719000000.0,1996-09-27,10-K,FY,1996,0000891020-96-001130,cik:0000789019,https://www.sec.gov/Archives/edgar/data/789019/0000891020-96-001130.txt,4ad3c561cd09c04bdd759f021981acfad3dc2ba68d87c41f6030c5d911ec2ee9,unsupported_SEC_instance_source
PaymentsToAcquirePropertyPlantAndEquipment,USD,1993-07-01,1994-06-30,-278000000.0,1996-09-27,10-K,FY,1996,0000891020-96-001130,cik:0000789019,https://www.sec.gov/Archives/edgar/data/789019/0000891020-96-001130.txt,38ba6e60ee9d08e6f5ba77d91124b58cd6b18764cd2162b657e78b8b91f22d92,unsupported_SEC_instance_source
PaymentsToAcquirePropertyPlantAndEquipment,USD,1994-07-01,1995-06-30,-495000000.0,1996-09-27,10-K,FY,1996,0000891020-96-001130,cik:0000789019,https://www.sec.gov/Archives/edgar/data/789019/0000891020-96-001130.txt,b1aa6249f1dab5562e6e1f99f180e4caa2a8fc750094d98cea7351914c84a086,unsupported_SEC_instance_source
PaymentsToAcquirePropertyPlantAndEquipment,USD,1995-07-01,1996-06-30,-494000000.0,1996-09-27,10-K,FY,1996,0000891020-96-001130,cik:0000789019,https://www.sec.gov/Archives/edgar/data/789019/0000891020-96-001130.txt,5a2ae09d47a4a914fac0f3027b5cdabef8c065ee594a9aef50e94167f88f0cb0,unsupported_SEC_instance_source
NetCashProvidedByUsedInOperatingActivities,USD,2008-01-01,2008-06-30,33900000.0,2009-08-07,10-Q,Q2,2009,0001193125-09-169079,cik:0000789073,https://www.sec.gov/Archives/edgar/data/789073/000119312509169079/fo-20090630.xml,88c7b4ebdc628ae5bd8ac54db73273e783c2e237c742074ee305e4aa5bd2558d,unsupported_SEC_instance_source
NetCashProvidedByUsedInOperatingActivities,USD,2009-01-01,2009-06-30,232000000.0,2009-08-07,10-Q,Q2,2009,0001193125-09-169079,cik:0000789073,https://www.sec.gov/Archives/edgar/data/789073/000119312509169079/fo-20090630.xml,bcb05deb4826feb01016df23a2a5dabde366d9ab31346391b1d19b13004f036e,unsupported_SEC_instance_source
PaymentsForRepurchaseOfCommonStock,USD,2008-01-01,2008-06-30,141400000.0,2009-08-07,10-Q,Q2,2009,0001193125-09-169079,cik:0000789073,https://www.sec.gov/Archives/edgar/data/789073/000119312509169079/fo-20090630.xml,e840758ee159ec7a05ca6fea425e5b03f4ae89352241216f08e2994cdc25e976,unsupported_SEC_instance_source
PaymentsForRepurchaseOfCommonStock,USD,2009-01-01,2009-06-30,0.0,2009-08-07,10-Q,Q2,2009,0001193125-09-169079,cik:0000789073,https://www.sec.gov/Archives/edgar/data/789073/000119312509169079/fo-20090630.xml,bb7c59fe05dba0b559a3af3d0950439fa16132b803a5f48fd3a7cc5d5c84437f,unsupported_SEC_instance_source
PaymentsToAcquirePropertyPlantAndEquipment,USD,2008-01-01,2008-06-30,71900000.0,2009-08-07,10-Q,Q2,2009,0001193125-09-169079,cik:0000789073,https://www.sec.gov/Archives/edgar/data/789073/000119312509169079/fo-20090630.xml,4765aa6c982c50aad374abe919d1a75b071496ceecc0586365b126324679b916,unsupported_SEC_instance_source
PaymentsToAcquirePropertyPlantAndEquipment,USD,2009-01-01,2009-06-30,57900000.0,2009-08-07,10-Q,Q2,2009,0001193125-09-169079,cik:0000789073,https://www.sec.gov/Archives/edgar/data/789073/000119312509169079/fo-20090630.xml,21c5691fcb8a4962c5d653e1acc3376b7fbdb54402e03a4c38ba2d85bf38e250,unsupported_SEC_instance_source
ProceedsFromStockOptionsExercised,USD,2008-01-01,2008-06-30,10900000.0,2009-08-07,10-Q,Q2,2009,0001193125-09-169079,cik:0000789073,https://www.sec.gov/Archives/edgar/data/789073/000119312509169079/fo-20090630.xml,f48ec614d9a344f9d1116760e86c11ddeff42c34c55abe8b7d3df150340fa20c,unsupported_SEC_instance_source
ProceedsFromStockOptionsExercised,USD,2009-01-01,2009-06-30,3400000.0,2009-08-07,10-Q,Q2,2009,0001193125-09-169079,cik:0000789073,https://www.sec.gov/Archives/edgar/data/789073/000119312509169079/fo-20090630.xml,cb9af1e3eb9341ccd21a1fe6d81c0c997af7a509ac6d6cc263f6971b200d8842,unsupported_SEC_instance_source
NetCashProvidedByUsedInOperatingActivities,USD,2008-01-01,2008-09-30,629300000.0,2009-11-06,10-Q,Q3,2009,0001193125-09-227611,cik:0000789073,https://www.sec.gov/Archives/edgar/data/789073/000119312509227611/fo-20090930.xml,55254eb7174cc6c3428e0e0a35ab91df547a4d294c7e877b42e90ef9774a8565,unsupported_SEC_instance_source
NetCashProvidedByUsedInOperatingActivities,USD,2009-01-01,2009-09-30,614300000.0,2009-11-06,10-Q,Q3,2009,0001193125-09-227611,cik:0000789073,https://www.sec.gov/Archives/edgar/data/789073/000119312509227611/fo-20090930.xml,4842f1dc21750b0aa16741c7d6e95315a3cc2683e0d2505d3150549ac48fba88,unsupported_SEC_instance_source
PaymentsForRepurchaseOfCommonStock,USD,2008-01-01,2008-09-30,278600000.0,2009-11-06,10-Q,Q3,2009,0001193125-09-227611,cik:0000789073,https://www.sec.gov/Archives/edgar/data/789073/000119312509227611/fo-20090930.xml,97f5f2b9c2c0ddc0b3aa366a03beb81690abdb53853f290e68c9f38b09645833,unsupported_SEC_instance_source
PaymentsForRepurchaseOfCommonStock,USD,2009-01-01,2009-09-30,0.0,2009-11-06,10-Q,Q3,2009,0001193125-09-227611,cik:0000789073,https://www.sec.gov/Archives/edgar/data/789073/000119312509227611/fo-20090930.xml,b4e773f6159d6916294e6db24754b5abd48d88e36e653b659897718a6fc81a5e,unsupported_SEC_instance_source
PaymentsToAcquirePropertyPlantAndEquipment,USD,2008-01-01,2008-09-30,106100000.0,2009-11-06,10-Q,Q3,2009,0001193125-09-227611,cik:0000789073,https://www.sec.gov/Archives/edgar/data/789073/000119312509227611/fo-20090930.xml,1103a366306a24d6cb91785099104284f14bc78e03263589668cd79449cecd39,unsupported_SEC_instance_source
PaymentsToAcquirePropertyPlantAndEquipment,USD,2009-01-01,2009-09-30,91200000.0,2009-11-06,10-Q,Q3,2009,0001193125-09-227611,cik:0000789073,https://www.sec.gov/Archives/edgar/data/789073/000119312509227611/fo-20090930.xml,d5a1aa5ee6462ad3c9174030c5557e152cd0d95034908091e13979686077b63d,unsupported_SEC_instance_source
ProceedsFromStockOptionsExercised,USD,2008-01-01,2008-09-30,15300000.0,2009-11-06,10-Q,Q3,2009,0001193125-09-227611,cik:0000789073,https://www.sec.gov/Archives/edgar/data/789073/000119312509227611/fo-20090930.xml,a0a4d45fa102dfb579b82a22f7df4135aefc0da72aed1a72d71d66cccf5b27f3,unsupported_SEC_instance_source
ProceedsFromStockOptionsExercised,USD,2009-01-01,2009-09-30,4900000.0,2009-11-06,10-Q,Q3,2009,0001193125-09-227611,cik:0000789073,https://www.sec.gov/Archives/edgar/data/789073/000119312509227611/fo-20090930.xml,d9c913b998e41ed3ad475ae84dec44fc8a1a074785f16e97660a24d73831de7c,unsupported_SEC_instance_source
NetCashProvidedByUsedInOperatingActivities,USD,2007-01-01,2007-12-31,965300000.0,2010-02-24,10-K,FY,2009,0001193125-10-038294,cik:0000789073,https://www.sec.gov/Archives/edgar/data/789073/000119312510038294/fo-20091231.xml,7e221b36172bb21955f620b65c9bdc05beeee98772f72529e2f7cae699100931,unsupported_SEC_instance_source
NetCashProvidedByUsedInOperatingActivities,USD,2008-01-01,2008-12-31,817600000.0,2010-02-24,10-K,FY,2009,0001193125-10-038294,cik:0000789073,https://www.sec.gov/Archives/edgar/data/789073/000119312510038294/fo-20091231.xml,e1149c7c54053824cc8d40663460dca7fce38403085fa263346e813260237a9a,unsupported_SEC_instance_source
NetCashProvidedByUsedInOperatingActivities,USD,2009-01-01,2009-12-31,866300000.0,2010-02-24,10-K,FY,2009,0001193125-10-038294,cik:0000789073,https://www.sec.gov/Archives/edgar/data/789073/000119312510038294/fo-20091231.xml,475ce1f05381a8a340100f0a3693824c85391e86352d52fb9c2900e86aa58273,unsupported_SEC_instance_source
PaymentsForRepurchaseOfCommonStock,USD,2007-01-01,2007-12-31,0.0,2010-02-24,10-K,FY,2009,0001193125-10-038294,cik:0000789073,https://www.sec.gov/Archives/edgar/data/789073/000119312510038294/fo-20091231.xml,c1589a29cbd4f4a547c573e11f9a29e1919e0e29f4a9b0de4752415a54c508b9,unsupported_SEC_instance_source
PaymentsForRepurchaseOfCommonStock,USD,2008-01-01,2008-12-31,278600000.0,2010-02-24,10-K,FY,2009,0001193125-10-038294,cik:0000789073,https://www.sec.gov/Archives/edgar/data/789073/000119312510038294/fo-20091231.xml,38268595e89c3e34ed661f04b4b6f3299e44d599640e97cae626f86213331656,unsupported_SEC_instance_source
PaymentsForRepurchaseOfCommonStock,USD,2009-01-01,2009-12-31,0.0,2010-02-24,10-K,FY,2009,0001193125-10-038294,cik:0000789073,https://www.sec.gov/Archives/edgar/data/789073/000119312510038294/fo-20091231.xml,287f31371541d254939e53673472e1a7aae4b40b2da7b302fdf8468519421d07,unsupported_SEC_instance_source
PaymentsToAcquirePropertyPlantAndEquipment,USD,2007-01-01,2007-12-31,267100000.0,2010-02-24,10-K,FY,2009,0001193125-10-038294,cik:0000789073,https://www.sec.gov/Archives/edgar/data/789073/000119312510038294/fo-20091231.xml,873881f219396db548ebeb4cbe72ecc24fd64997a582c6d65ad8f89d661fe384,unsupported_SEC_instance_source
PaymentsToAcquirePropertyPlantAndEquipment,USD,2008-01-01,2008-12-31,176300000.0,2010-02-24,10-K,FY,2009,0001193125-10-038294,cik:0000789073,https://www.sec.gov/Archives/edgar/data/789073/000119312510038294/fo-20091231.xml,3495f4a966273a02e165f9700fbbac40149548b96504662bbe09f9f75231d7df,unsupported_SEC_instance_source
PaymentsToAcquirePropertyPlantAndEquipment,USD,2009-01-01,2009-12-31,157500000.0,2010-02-24,10-K,FY,2009,0001193125-10-038294,cik:0000789073,https://www.sec.gov/Archives/edgar/data/789073/000119312510038294/fo-20091231.xml,a4a96d9246d03e882e050313c3ef09872561719c3b9747aec9f396b0bb1cd283,unsupported_SEC_instance_source
ProceedsFromStockOptionsExercised,USD,2007-01-01,2007-12-31,80800000.0,2010-02-24,10-K,FY,2009,0001193125-10-038294,cik:0000789073,https://www.sec.gov/Archives/edgar/data/789073/000119312510038294/fo-20091231.xml,9749a2ce0b109574de2fae4dad54eb85235a0b4876950558647889223fc9e3b9,unsupported_SEC_instance_source
ProceedsFromStockOptionsExercised,USD,2008-01-01,2008-12-31,21500000.0,2010-02-24,10-K,FY,2009,0001193125-10-038294,cik:0000789073,https://www.sec.gov/Archives/edgar/data/789073/000119312510038294/fo-20091231.xml,04968b32685ea3810d0dbdceb769bfb6faa20890a30dcfa40f39f1500c201f2b,unsupported_SEC_instance_source
ProceedsFromStockOptionsExercised,USD,2009-01-01,2009-12-31,6900000.0,2010-02-24,10-K,FY,2009,0001193125-10-038294,cik:0000789073,https://www.sec.gov/Archives/edgar/data/789073/000119312510038294/fo-20091231.xml,91f87c466ca67294283c4a4826882dcdd49a04d61d4193b9105b26bc5df2b218,unsupported_SEC_instance_source
NetCashProvidedByUsedInOperatingActivities,USD,2009-01-01,2009-03-31,-102500000.0,2010-05-07,10-Q,Q1,2010,0001193125-10-113001,cik:0000789073,https://www.sec.gov/Archives/edgar/data/789073/000119312510113001/fo-20100331.xml,6929f250d1b325547022faf4047812429a2cf48462a3f05668f2ddb7e0d72866,unsupported_SEC_instance_source
NetCashProvidedByUsedInOperatingActivities,USD,2010-01-01,2010-03-31,-72000000.0,2010-05-07,10-Q,Q1,2010,0001193125-10-113001,cik:0000789073,https://www.sec.gov/Archives/edgar/data/789073/000119312510113001/fo-20100331.xml,b7c1233887e9f673ed9be167921a821c5290ff40b211e3b537ed562d8176ef20,unsupported_SEC_instance_source
PaymentsToAcquirePropertyPlantAndEquipment,USD,2009-01-01,2009-03-31,27000000.0,2010-05-07,10-Q,Q1,2010,0001193125-10-113001,cik:0000789073,https://www.sec.gov/Archives/edgar/data/789073/000119312510113001/fo-20100331.xml,df421129a92c583a2790b35c6c95c97484767a3d3e3d1b91aa0fc018882994f2,unsupported_SEC_instance_source
PaymentsToAcquirePropertyPlantAndEquipment,USD,2010-01-01,2010-03-31,32000000.0,2010-05-07,10-Q,Q1,2010,0001193125-10-113001,cik:0000789073,https://www.sec.gov/Archives/edgar/data/789073/000119312510113001/fo-20100331.xml,069695b00bc1f8decf5dee618459a082fc79c19f36a71e7aaeeb2d0412d55509,unsupported_SEC_instance_source
ProceedsFromStockOptionsExercised,USD,2009-01-01,2009-03-31,1500000.0,2010-05-07,10-Q,Q1,2010,0001193125-10-113001,cik:0000789073,https://www.sec.gov/Archives/edgar/data/789073/000119312510113001/fo-20100331.xml,a70cc9047115fc4b08cc0628001cdee17d2ad70f657ecd40ef33a1e19bc89002,unsupported_SEC_instance_source
ProceedsFromStockOptionsExercised,USD,2010-01-01,2010-03-31,7800000.0,2010-05-07,10-Q,Q1,2010,0001193125-10-113001,cik:0000789073,https://www.sec.gov/Archives/edgar/data/789073/000119312510113001/fo-20100331.xml,ddfa935bc911ba3aa4466baf1a0a47bed311d12cf4b6766cfbfb0f63c878c1dc,unsupported_SEC_instance_source
NetCashProvidedByUsedInOperatingActivities,USD,2009-01-01,2009-06-30,232000000.0,2010-08-06,10-Q,Q2,2010,0001193125-10-181335,cik:0000789073,https://www.sec.gov/Archives/edgar/data/789073/000119312510181335/fo-20100630.xml,56f13eb3acee83c76dd0d4e3b68d6dc28b108f865ff3eb0c618556211c6c92e3,unsupported_SEC_instance_source
NetCashProvidedByUsedInOperatingActivities,USD,2010-01-01,2010-06-30,201200000.0,2010-08-06,10-Q,Q2,2010,0001193125-10-181335,cik:0000789073,https://www.sec.gov/Archives/edgar/data/789073/000119312510181335/fo-20100630.xml,f03cdeed4d87c1b6377362619e296cca1f83333caf667f390ddbbb32cf2b74aa,unsupported_SEC_instance_source
PaymentsToAcquirePropertyPlantAndEquipment,USD,2009-01-01,2009-06-30,57900000.0,2010-08-06,10-Q,Q2,2010,0001193125-10-181335,cik:0000789073,https://www.sec.gov/Archives/edgar/data/789073/000119312510181335/fo-20100630.xml,4d36b3a6925f66f48600e11c3936406dc24ccad28e2015688955ad83c6a756e0,unsupported_SEC_instance_source
PaymentsToAcquirePropertyPlantAndEquipment,USD,2010-01-01,2010-06-30,68900000.0,2010-08-06,10-Q,Q2,2010,0001193125-10-181335,cik:0000789073,https://www.sec.gov/Archives/edgar/data/789073/000119312510181335/fo-20100630.xml,a2d64c74335273f19f853456f42c0b4d797775924526d0dcfcc1189813c74281,unsupported_SEC_instance_source
ProceedsFromStockOptionsExercised,USD,2009-01-01,2009-06-30,3400000.0,2010-08-06,10-Q,Q2,2010,0001193125-10-181335,cik:0000789073,https://www.sec.gov/Archives/edgar/data/789073/000119312510181335/fo-20100630.xml,237cb3fb2e82a0fb63be23bf33afa518bc73935834b494eb07526925cd652190,unsupported_SEC_instance_source
ProceedsFromStockOptionsExercised,USD,2010-01-01,2010-06-30,8800000.0,2010-08-06,10-Q,Q2,2010,0001193125-10-181335,cik:0000789073,https://www.sec.gov/Archives/edgar/data/789073/000119312510181335/fo-20100630.xml,4381ef09a301888843a7a4e53264e3c350b369304bd99defd1f765decb8f59ff,unsupported_SEC_instance_source
NetCashProvidedByUsedInOperatingActivities,USD,2009-01-01,2009-09-30,614300000.0,2010-11-08,10-Q,Q3,2010,0001193125-10-252153,cik:0000789073,https://www.sec.gov/Archives/edgar/data/789073/000119312510252153/fo-20100930.xml,4cec24b3c92aed2f1c386c7147e8f3a16129b7bfd986e72b070dc348ca57bc15,unsupported_SEC_instance_source
NetCashProvidedByUsedInOperatingActivities,USD,2010-01-01,2010-09-30,489100000.0,2010-11-08,10-Q,Q3,2010,0001193125-10-252153,cik:0000789073,https://www.sec.gov/Archives/edgar/data/789073/000119312510252153/fo-20100930.xml,5add23e98b32931149ef2f29771f18c7fba2cbd358d8708ec2315cb7ebcb2428,unsupported_SEC_instance_source
PaymentsToAcquirePropertyPlantAndEquipment,USD,2009-01-01,2009-09-30,91200000.0,2010-11-08,10-Q,Q3,2010,0001193125-10-252153,cik:0000789073,https://www.sec.gov/Archives/edgar/data/789073/000119312510252153/fo-20100930.xml,5a167396cc46dc6cf52e74040373c2650099963413d19aa7f108a7804175da29,unsupported_SEC_instance_source
PaymentsToAcquirePropertyPlantAndEquipment,USD,2010-01-01,2010-09-30,111000000.0,2010-11-08,10-Q,Q3,2010,0001193125-10-252153,cik:0000789073,https://www.sec.gov/Archives/edgar/data/789073/000119312510252153/fo-20100930.xml,b61fe4db7e7df844a70af04ec9a3a5ae4f1de27d1d6e2a2b9392c9af98f02eb0,unsupported_SEC_instance_source
ProceedsFromStockOptionsExercised,USD,2009-01-01,2009-09-30,4900000.0,2010-11-08,10-Q,Q3,2010,0001193125-10-252153,cik:0000789073,https://www.sec.gov/Archives/edgar/data/789073/000119312510252153/fo-20100930.xml,48eda4ad3150f574c9275dff3277779bfd682292e9fd7715c5b30ee1c4ef647c,unsupported_SEC_instance_source
ProceedsFromStockOptionsExercised,USD,2010-01-01,2010-09-30,12000000.0,2010-11-08,10-Q,Q3,2010,0001193125-10-252153,cik:0000789073,https://www.sec.gov/Archives/edgar/data/789073/000119312510252153/fo-20100930.xml,3a838c9258f6726d261b69e47c88a9fa2fb5f7936ba00a015220f40d5b9b3714,unsupported_SEC_instance_source
NetCashProvidedByUsedInOperatingActivities,USD,2008-01-01,2008-12-31,817600000.0,2011-02-23,10-K,FY,2010,0001193125-11-043658,cik:0000789073,https://www.sec.gov/Archives/edgar/data/789073/000119312511043658/fo-20101231.xml,c82f71304c5ca2323606a0ec77cc252ddffdddf7ac17d15d46c5cd2272f19bd3,unsupported_SEC_instance_source
NetCashProvidedByUsedInOperatingActivities,USD,2009-01-01,2009-12-31,866300000.0,2011-02-23,10-K,FY,2010,0001193125-11-043658,cik:0000789073,https://www.sec.gov/Archives/edgar/data/789073/000119312511043658/fo-20101231.xml,c0804201d91c4e8b5be489e2631f2232f552cc49e4be00576d799eb29e7625c0,unsupported_SEC_instance_source
NetCashProvidedByUsedInOperatingActivities,USD,2010-01-01,2010-12-31,770600000.0,2011-02-23,10-K,FY,2010,0001193125-11-043658,cik:0000789073,https://www.sec.gov/Archives/edgar/data/789073/000119312511043658/fo-20101231.xml,3dd320d857fc8cef084dbc62ab5cfd210e9309b13c1ed5b04635ea41ba1cff57,unsupported_SEC_instance_source
PaymentsForRepurchaseOfCommonStock,USD,2008-01-01,2008-12-31,278600000.0,2011-02-23,10-K,FY,2010,0001193125-11-043658,cik:0000789073,https://www.sec.gov/Archives/edgar/data/789073/000119312511043658/fo-20101231.xml,70b79fe5ce6a6b2b52ac805105f1243659b6be8bd3ec3e685eb46db03db3b00e,unsupported_SEC_instance_source
PaymentsToAcquirePropertyPlantAndEquipment,USD,2008-01-01,2008-12-31,176300000.0,2011-02-23,10-K,FY,2010,0001193125-11-043658,cik:0000789073,https://www.sec.gov/Archives/edgar/data/789073/000119312511043658/fo-20101231.xml,3fe865cf2fb9966d67ee6ca6a06875bf580f317a63b4658145b1179ba5a51bdf,unsupported_SEC_instance_source
PaymentsToAcquirePropertyPlantAndEquipment,USD,2009-01-01,2009-12-31,157500000.0,2011-02-23,10-K,FY,2010,0001193125-11-043658,cik:0000789073,https://www.sec.gov/Archives/edgar/data/789073/000119312511043658/fo-20101231.xml,c2ea66c4c90229e3fb51089346ac9db744fc7b0998ed28ad281e655f59d87aa3,unsupported_SEC_instance_source
PaymentsToAcquirePropertyPlantAndEquipment,USD,2010-01-01,2010-12-31,223000000.0,2011-02-23,10-K,FY,2010,0001193125-11-043658,cik:0000789073,https://www.sec.gov/Archives/edgar/data/789073/000119312511043658/fo-20101231.xml,3a4b678b26dbe2ee3f87e7175173f9125ed3740910289189e8afa23b31246da7,unsupported_SEC_instance_source
ProceedsFromStockOptionsExercised,USD,2008-01-01,2008-12-31,21500000.0,2011-02-23,10-K,FY,2010,0001193125-11-043658,cik:0000789073,https://www.sec.gov/Archives/edgar/data/789073/000119312511043658/fo-20101231.xml,5deab8972d20239756ea8fed3b9846258bb8cc19960e89f0973ebdf78ccedebe,unsupported_SEC_instance_source
ProceedsFromStockOptionsExercised,USD,2009-01-01,2009-12-31,6900000.0,2011-02-23,10-K,FY,2010,0001193125-11-043658,cik:0000789073,https://www.sec.gov/Archives/edgar/data/789073/000119312511043658/fo-20101231.xml,5410950470a9ef66d5992d9fdf8dafd9bd02a566311f49a728fbceac85020e81,unsupported_SEC_instance_source
ProceedsFromStockOptionsExercised,USD,2010-01-01,2010-12-31,40600000.0,2011-02-23,10-K,FY,2010,0001193125-11-043658,cik:0000789073,https://www.sec.gov/Archives/edgar/data/789073/000119312511043658/fo-20101231.xml,b830d417ab7fa2f4042aae162ef9feaf1da8f4ece731e567cba6c5e52d7ac9d7,unsupported_SEC_instance_source
NetCashProvidedByUsedInOperatingActivities,USD,2010-01-01,2010-03-31,-72000000.0,2011-05-09,10-Q,Q1,2011,0001193125-11-132392,cik:0000789073,https://www.sec.gov/Archives/edgar/data/789073/000119312511132392/fo-20110331.xml,59153e3fb7ce5a560d3bea4e8174bbb70465fa44c4fd3d742d58e96b5dec1d98,unsupported_SEC_instance_source
NetCashProvidedByUsedInOperatingActivities,USD,2011-01-01,2011-03-31,-206300000.0,2011-05-09,10-Q,Q1,2011,0001193125-11-132392,cik:0000789073,https://www.sec.gov/Archives/edgar/data/789073/000119312511132392/fo-20110331.xml,535725f201093b5219c3fe22efa661e84ab19e62054a02fe6e4e7c4315b1f920,unsupported_SEC_instance_source
PaymentsToAcquirePropertyPlantAndEquipment,USD,2010-01-01,2010-03-31,32000000.0,2011-05-09,10-Q,Q1,2011,0001193125-11-132392,cik:0000789073,https://www.sec.gov/Archives/edgar/data/789073/000119312511132392/fo-20110331.xml,d78d3f841a9146d767eb163b511152d20585e54ae66de578f4c0e77efe6864ab,unsupported_SEC_instance_source
PaymentsToAcquirePropertyPlantAndEquipment,USD,2011-01-01,2011-03-31,37300000.0,2011-05-09,10-Q,Q1,2011,0001193125-11-132392,cik:0000789073,https://www.sec.gov/Archives/edgar/data/789073/000119312511132392/fo-20110331.xml,883a63c1159c786a176479cb300fa9a50090658ecf1213af6921ec726290f327,unsupported_SEC_instance_source
ProceedsFromStockOptionsExercised,USD,2010-01-01,2010-03-31,7800000.0,2011-05-09,10-Q,Q1,2011,0001193125-11-132392,cik:0000789073,https://www.sec.gov/Archives/edgar/data/789073/000119312511132392/fo-20110331.xml,df27f5245aa7eb9ab5a60867ee094fbeb2d9f44cd00ff7647d29fde2a44bb31b,unsupported_SEC_instance_source
ProceedsFromStockOptionsExercised,USD,2011-01-01,2011-03-31,20700000.0,2011-05-09,10-Q,Q1,2011,0001193125-11-132392,cik:0000789073,https://www.sec.gov/Archives/edgar/data/789073/000119312511132392/fo-20110331.xml,10b6a21f8303e57c8ab0e803e2c6edb847d4dd949cfa50c7215ce7cfa22fc19e,unsupported_SEC_instance_source
NetCashProvidedByUsedInOperatingActivities,USD,2010-01-01,2010-06-30,201200000.0,2011-08-05,10-Q,Q2,2011,0001193125-11-212410,cik:0000789073,https://www.sec.gov/Archives/edgar/data/789073/000119312511212410/fo-20110630.xml,bb5cde33d8c9d667ac6421455b172d4217658fbcdda30c761b07aeeed97f69f5,unsupported_SEC_instance_source
NetCashProvidedByUsedInOperatingActivities,USD,2011-01-01,2011-06-30,6500000.0,2011-08-05,10-Q,Q2,2011,0001193125-11-212410,cik:0000789073,https://www.sec.gov/Archives/edgar/data/789073/000119312511212410/fo-20110630.xml,7ce43035e01f79df967b2c989dd24f1994d9b78f0b2e55c9ca793b25bc5d5c10,unsupported_SEC_instance_source
PaymentsToAcquirePropertyPlantAndEquipment,USD,2010-01-01,2010-06-30,68900000.0,2011-08-05,10-Q,Q2,2011,0001193125-11-212410,cik:0000789073,https://www.sec.gov/Archives/edgar/data/789073/000119312511212410/fo-20110630.xml,72396efe03bd47adb6ec1871b2a065031029e2c88b22dd25dbcd299bca53acfe,unsupported_SEC_instance_source
PaymentsToAcquirePropertyPlantAndEquipment,USD,2011-01-01,2011-06-30,98000000.0,2011-08-05,10-Q,Q2,2011,0001193125-11-212410,cik:0000789073,https://www.sec.gov/Archives/edgar/data/789073/000119312511212410/fo-20110630.xml,9ebc90360c64773e9a4991229ef541d8c05322d0484da61473ea3700ea6ac769,unsupported_SEC_instance_source
ProceedsFromStockOptionsExercised,USD,2010-01-01,2010-06-30,8800000.0,2011-08-05,10-Q,Q2,2011,0001193125-11-212410,cik:0000789073,https://www.sec.gov/Archives/edgar/data/789073/000119312511212410/fo-20110630.xml,6db8bbef0a231ff8d7141f4e325e0e74e3f2f423667d9159017689c65fe3885f,unsupported_SEC_instance_source
ProceedsFromStockOptionsExercised,USD,2011-01-01,2011-06-30,38700000.0,2011-08-05,10-Q,Q2,2011,0001193125-11-212410,cik:0000789073,https://www.sec.gov/Archives/edgar/data/789073/000119312511212410/fo-20110630.xml,4fdf63e8351c8dbe591a5c536dfcbaf228beef55839800a039ebb3e7d3881858,unsupported_SEC_instance_source
CommonStockSharesOutstanding,shares,,2011-09-30,155100000.0,2011-11-09,10-Q,Q3,2011,0001193125-11-304692,cik:0000789073,https://www.sec.gov/Archives/edgar/data/789073/000119312511304692/beam-20110930.xml,6c6b81b68f62d11370255fa948d61d650a7ce7b987cf67aa5209c0c61cc34010,unsupported_SEC_instance_source
NetCashProvidedByUsedInOperatingActivities,USD,2010-01-01,2010-09-30,489100000.0,2011-11-09,10-Q,Q3,2011,0001193125-11-304692,cik:0000789073,https://www.sec.gov/Archives/edgar/data/789073/000119312511304692/beam-20110930.xml,1658fa5f401bee1e2839b2b6041dbdc31b387f75a155454d7be8331b428026e2,unsupported_SEC_instance_source
NetCashProvidedByUsedInOperatingActivities,USD,2011-01-01,2011-09-30,317400000.0,2011-11-09,10-Q,Q3,2011,0001193125-11-304692,cik:0000789073,https://www.sec.gov/Archives/edgar/data/789073/000119312511304692/beam-20110930.xml,6d092744e41977e21580a949966979d370927edbe36599cccccadff1fef8357d,unsupported_SEC_instance_source
PaymentsToAcquirePropertyPlantAndEquipment,USD,2010-01-01,2010-09-30,111000000.0,2011-11-09,10-Q,Q3,2011,0001193125-11-304692,cik:0000789073,https://www.sec.gov/Archives/edgar/data/789073/000119312511304692/beam-20110930.xml,ecd604dbb42971e87660146b0f79580aab7105a10faa3c2b7a5d3d79ace25b28,unsupported_SEC_instance_source
PaymentsToAcquirePropertyPlantAndEquipment,USD,2011-01-01,2011-09-30,161600000.0,2011-11-09,10-Q,Q3,2011,0001193125-11-304692,cik:0000789073,https://www.sec.gov/Archives/edgar/data/789073/000119312511304692/beam-20110930.xml,024a44fa6506e529470c17becfd6e87fe9fc53035512f3f51de4ad62c55e2c1b,unsupported_SEC_instance_source
ProceedsFromStockOptionsExercised,USD,2010-01-01,2010-09-30,12000000.0,2011-11-09,10-Q,Q3,2011,0001193125-11-304692,cik:0000789073,https://www.sec.gov/Archives/edgar/data/789073/000119312511304692/beam-20110930.xml,bc374e6af808aa4896be965a94640ae2e70daa121f9ddf60890ab7ac2bbaf020,unsupported_SEC_instance_source
ProceedsFromStockOptionsExercised,USD,2011-01-01,2011-09-30,67500000.0,2011-11-09,10-Q,Q3,2011,0001193125-11-304692,cik:0000789073,https://www.sec.gov/Archives/edgar/data/789073/000119312511304692/beam-20110930.xml,3d138d1780f2505973de756fb9b9e10b9701dcdf66166cfb5080f2cf149ac1ff,unsupported_SEC_instance_source
CommonStockSharesOutstanding,shares,,2010-12-31,155900000.0,2012-02-29,10-K,FY,2011,0001193125-12-086286,cik:0000789073,https://www.sec.gov/Archives/edgar/data/789073/000119312512086286/beam-20111231.xml,92725a8a2d826b605244ec54bd5508e9504f4aacbc544306faaf61c8dcf660f4,unsupported_SEC_instance_source
CommonStockSharesOutstanding,shares,,2011-12-31,155900000.0,2012-02-29,10-K,FY,2011,0001193125-12-086286,cik:0000789073,https://www.sec.gov/Archives/edgar/data/789073/000119312512086286/beam-20111231.xml,1b100640a2648643f7cbfd59f2150e037675449e7ca591c682a2a424521d2b94,unsupported_SEC_instance_source
NetCashProvidedByUsedInOperatingActivities,USD,2009-01-01,2009-12-31,866300000.0,2012-02-29,10-K,FY,2011,0001193125-12-086286,cik:0000789073,https://www.sec.gov/Archives/edgar/data/789073/000119312512086286/beam-20111231.xml,12ea128705b5e6c833983067f695ac81ff5d79afc73514bbf56c128e2cfc0d85,unsupported_SEC_instance_source
NetCashProvidedByUsedInOperatingActivities,USD,2010-01-01,2010-12-31,770600000.0,2012-02-29,10-K,FY,2011,0001193125-12-086286,cik:0000789073,https://www.sec.gov/Archives/edgar/data/789073/000119312512086286/beam-20111231.xml,6b2d7f5e3617dcb63277d2d66cabe26ffe943228977ae99553338040379b0e42,unsupported_SEC_instance_source
NetCashProvidedByUsedInOperatingActivities,USD,2011-01-01,2011-12-31,454500000.0,2012-02-29,10-K,FY,2011,0001193125-12-086286,cik:0000789073,https://www.sec.gov/Archives/edgar/data/789073/000119312512086286/beam-20111231.xml,089d8b0b3ab168530f5e4998a11c048f5497eefdc35d8dbec1b434211036817d,unsupported_SEC_instance_source
PaymentsToAcquirePropertyPlantAndEquipment,USD,2009-01-01,2009-12-31,157500000.0,2012-02-29,10-K,FY,2011,0001193125-12-086286,cik:0000789073,https://www.sec.gov/Archives/edgar/data/789073/000119312512086286/beam-20111231.xml,c4d0a48909e54d1f79c1bf4ec85e9dc6fd3962a7c4993c1cacb79aa3c1505d33,unsupported_SEC_instance_source
PaymentsToAcquirePropertyPlantAndEquipment,USD,2010-01-01,2010-12-31,223000000.0,2012-02-29,10-K,FY,2011,0001193125-12-086286,cik:0000789073,https://www.sec.gov/Archives/edgar/data/789073/000119312512086286/beam-20111231.xml,437bbe70ad5e46a5ed28fe4e47101d36c522763876fd9750fae3b5ac7c48cfb8,unsupported_SEC_instance_source
PaymentsToAcquirePropertyPlantAndEquipment,USD,2011-01-01,2011-12-31,218500000.0,2012-02-29,10-K,FY,2011,0001193125-12-086286,cik:0000789073,https://www.sec.gov/Archives/edgar/data/789073/000119312512086286/beam-20111231.xml,5023e4c8dc88a571d71c634d63823a9f83f9e43a5abb6ac8f3fedaf3c072c8dd,unsupported_SEC_instance_source
ProceedsFromStockOptionsExercised,USD,2009-01-01,2009-12-31,6900000.0,2012-02-29,10-K,FY,2011,0001193125-12-086286,cik:0000789073,https://www.sec.gov/Archives/edgar/data/789073/000119312512086286/beam-20111231.xml,cc9be818f19c7932466f46f2b8b4b87892173e78148c8c0baefc6c7af7b8f7cb,unsupported_SEC_instance_source
ProceedsFromStockOptionsExercised,USD,2010-01-01,2010-12-31,40600000.0,2012-02-29,10-K,FY,2011,0001193125-12-086286,cik:0000789073,https://www.sec.gov/Archives/edgar/data/789073/000119312512086286/beam-20111231.xml,d7c22526025cce136bd465b08e1f493e05515e1ea54df680519811949bed9377,unsupported_SEC_instance_source
ProceedsFromStockOptionsExercised,USD,2011-01-01,2011-12-31,102300000.0,2012-02-29,10-K,FY,2011,0001193125-12-086286,cik:0000789073,https://www.sec.gov/Archives/edgar/data/789073/000119312512086286/beam-20111231.xml,3eccdb06cf3a7efa481629889bc1d7087a01c1906e5ecad87db2c21f30ed08e6,unsupported_SEC_instance_source
CommonStockSharesOutstanding,shares,,2011-12-31,157600000.0,2012-05-08,10-Q,Q1,2012,0001193125-12-215612,cik:0000789073,https://www.sec.gov/Archives/edgar/data/789073/000119312512215612/beam-20120331.xml,ebee8b8a9e2b6ca12dad4b410cdfeff4cb18386d4562f91fb9dceac0c774250e,unsupported_SEC_instance_source
CommonStockSharesOutstanding,shares,,2012-03-31,157600000.0,2012-05-08,10-Q,Q1,2012,0001193125-12-215612,cik:0000789073,https://www.sec.gov/Archives/edgar/data/789073/000119312512215612/beam-20120331.xml,8fab283c1ba3be70552ab177f65eb4f6d0017c09390f83881220e062bb591f06,unsupported_SEC_instance_source
NetCashProvidedByUsedInOperatingActivities,USD,2011-01-01,2011-03-31,-206300000.0,2012-05-08,10-Q,Q1,2012,0001193125-12-215612,cik:0000789073,https://www.sec.gov/Archives/edgar/data/789073/000119312512215612/beam-20120331.xml,b7a618bd9092d1279cab040cd1450046807d06370ff876233552b435ae74bd51,unsupported_SEC_instance_source
NetCashProvidedByUsedInOperatingActivities,USD,2012-01-01,2012-03-31,-51600000.0,2012-05-08,10-Q,Q1,2012,0001193125-12-215612,cik:0000789073,https://www.sec.gov/Archives/edgar/data/789073/000119312512215612/beam-20120331.xml,dd5ad6bffa0cdbbff86ca1c961a2b6e8d4411be36d5c9d4fbcb5da49914418ce,unsupported_SEC_instance_source
PaymentsToAcquirePropertyPlantAndEquipment,USD,2011-01-01,2011-03-31,37300000.0,2012-05-08,10-Q,Q1,2012,0001193125-12-215612,cik:0000789073,https://www.sec.gov/Archives/edgar/data/789073/000119312512215612/beam-20120331.xml,15f43a07225c26e1fd4f7d4a12dd59ce57e2dba69066635295f7b0fe53bfd01c,unsupported_SEC_instance_source
PaymentsToAcquirePropertyPlantAndEquipment,USD,2012-01-01,2012-03-31,23400000.0,2012-05-08,10-Q,Q1,2012,0001193125-12-215612,cik:0000789073,https://www.sec.gov/Archives/edgar/data/789073/000119312512215612/beam-20120331.xml,2a4966534eedfb7dae8db77111bb547817e1de791036c9bba65f627fd2f7c602,unsupported_SEC_instance_source
ProceedsFromStockOptionsExercised,USD,2011-01-01,2011-03-31,20700000.0,2012-05-08,10-Q,Q1,2012,0001193125-12-215612,cik:0000789073,https://www.sec.gov/Archives/edgar/data/789073/000119312512215612/beam-20120331.xml,4125dcb12adfb334583ed5adc96d746d02eacdde497340098e5d1d8b6b62f8b9,unsupported_SEC_instance_source
ProceedsFromStockOptionsExercised,USD,2012-01-01,2012-03-31,45200000.0,2012-05-08,10-Q,Q1,2012,0001193125-12-215612,cik:0000789073,https://www.sec.gov/Archives/edgar/data/789073/000119312512215612/beam-20120331.xml,b46179c9e01a7ce25409f30d0c3a7e36282e77e3b4c0a87974c30aa78395de39,unsupported_SEC_instance_source
CommonStockSharesOutstanding,shares,,2012-06-30,158400000.0,2012-08-09,10-Q,Q2,2012,0001193125-12-346751,cik:0000789073,https://www.sec.gov/Archives/edgar/data/789073/000119312512346751/beam-20120630.xml,f10dce165f997b6e22823fd572cb084df1570b8152c0a45c92cb33a90152f12e,unsupported_SEC_instance_source
NetCashProvidedByUsedInOperatingActivities,USD,2011-01-01,2011-06-30,6500000.0,2012-08-09,10-Q,Q2,2012,0001193125-12-346751,cik:0000789073,https://www.sec.gov/Archives/edgar/data/789073/000119312512346751/beam-20120630.xml,a506036c7622f2e3f87f53f728ec5a3cf2a5cd2f72f0508640d9013a5481023a,unsupported_SEC_instance_source
NetCashProvidedByUsedInOperatingActivities,USD,2012-01-01,2012-06-30,25200000.0,2012-08-09,10-Q,Q2,2012,0001193125-12-346751,cik:0000789073,https://www.sec.gov/Archives/edgar/data/789073/000119312512346751/beam-20120630.xml,d7ea893584b73de16b4c2c3d2e1a2a44243c32de28bd1f89a423e5151cd4e13b,unsupported_SEC_instance_source
PaymentsToAcquirePropertyPlantAndEquipment,USD,2011-01-01,2011-06-30,98000000.0,2012-08-09,10-Q,Q2,2012,0001193125-12-346751,cik:0000789073,https://www.sec.gov/Archives/edgar/data/789073/000119312512346751/beam-20120630.xml,a92444221a52fc7af9c3e72ba3438d3dda2e66f85802e69c546ec8032379c4b7,unsupported_SEC_instance_source
PaymentsToAcquirePropertyPlantAndEquipment,USD,2012-01-01,2012-06-30,58700000.0,2012-08-09,10-Q,Q2,2012,0001193125-12-346751,cik:0000789073,https://www.sec.gov/Archives/edgar/data/789073/000119312512346751/beam-20120630.xml,2eceff29ad4dc8b86e92d9f6c01240a56de7733ec61ba4d3362a229e677db873,unsupported_SEC_instance_source
ProceedsFromStockOptionsExercised,USD,2011-01-01,2011-06-30,38700000.0,2012-08-09,10-Q,Q2,2012,0001193125-12-346751,cik:0000789073,https://www.sec.gov/Archives/edgar/data/789073/000119312512346751/beam-20120630.xml,21cc3e96a44c1d120733a608ce38ba703cd12520a073f498953f90a2d4c6ff47,unsupported_SEC_instance_source
ProceedsFromStockOptionsExercised,USD,2012-01-01,2012-06-30,79500000.0,2012-08-09,10-Q,Q2,2012,0001193125-12-346751,cik:0000789073,https://www.sec.gov/Archives/edgar/data/789073/000119312512346751/beam-20120630.xml,c52b160ed15a01fe45c40955fbad52c0f8455888fb241dda96fe51656a110eec,unsupported_SEC_instance_source
CommonStockSharesOutstanding,shares,,2012-09-30,158900000.0,2012-11-08,10-Q,Q3,2012,0001193125-12-460613,cik:0000789073,https://www.sec.gov/Archives/edgar/data/789073/000119312512460613/beam-20120930.xml,7d1cded42ca786afb26862345adabed166accaa6b24d8f21003493154ad8511d,unsupported_SEC_instance_source
NetCashProvidedByUsedInOperatingActivities,USD,2011-01-01,2011-09-30,317400000.0,2012-11-08,10-Q,Q3,2012,0001193125-12-460613,cik:0000789073,https://www.sec.gov/Archives/edgar/data/789073/000119312512460613/beam-20120930.xml,4951a266d6cc653c49560e4052bdc75829ab1afa1d11ac83c80493d3dcc4e5f2,unsupported_SEC_instance_source
NetCashProvidedByUsedInOperatingActivities,USD,2012-01-01,2012-09-30,112600000.0,2012-11-08,10-Q,Q3,2012,0001193125-12-460613,cik:0000789073,https://www.sec.gov/Archives/edgar/data/789073/000119312512460613/beam-20120930.xml,5da93e06b8ec91219eecd7239a1fbbf164b80fb7d51306a6d0d75becfd684ccf,unsupported_SEC_instance_source
PaymentsToAcquirePropertyPlantAndEquipment,USD,2011-01-01,2011-09-30,161600000.0,2012-11-08,10-Q,Q3,2012,0001193125-12-460613,cik:0000789073,https://www.sec.gov/Archives/edgar/data/789073/000119312512460613/beam-20120930.xml,b86140ca81d8e7e31ba815c5232c3785937c1dbcff66fbad58769c0988034dbf,unsupported_SEC_instance_source
PaymentsToAcquirePropertyPlantAndEquipment,USD,2012-01-01,2012-09-30,95900000.0,2012-11-08,10-Q,Q3,2012,0001193125-12-460613,cik:0000789073,https://www.sec.gov/Archives/edgar/data/789073/000119312512460613/beam-20120930.xml,8fddfac0968454e9d9ffb0f2a0190b4de5762a53ef49229a1e129928a5e3bf50,unsupported_SEC_instance_source
ProceedsFromStockOptionsExercised,USD,2011-01-01,2011-09-30,67500000.0,2012-11-08,10-Q,Q3,2012,0001193125-12-460613,cik:0000789073,https://www.sec.gov/Archives/edgar/data/789073/000119312512460613/beam-20120930.xml,31692983d270f8715dfe3217dab899c5465f3d99acf93d25941ef945638643a6,unsupported_SEC_instance_source
ProceedsFromStockOptionsExercised,USD,2012-01-01,2012-09-30,90800000.0,2012-11-08,10-Q,Q3,2012,0001193125-12-460613,cik:0000789073,https://www.sec.gov/Archives/edgar/data/789073/000119312512460613/beam-20120930.xml,543b3c440e6354280a3f4d9ae437dac3149219953677d89d35a1497ac7afb7e5,unsupported_SEC_instance_source
CommonStockSharesOutstanding,shares,,2011-12-31,155900000.0,2013-02-26,10-K,FY,2012,0001193125-13-076953,cik:0000789073,https://www.sec.gov/Archives/edgar/data/789073/000119312513076953/beam-20121231.xml,4ce0c4b5493bdd7b1de408ab2a99b0b11b9ede3297b1e8849ca9cbe122cf377c,unsupported_SEC_instance_source
CommonStockSharesOutstanding,shares,,2012-12-31,160100000.0,2013-02-26,10-K,FY,2012,0001193125-13-076953,cik:0000789073,https://www.sec.gov/Archives/edgar/data/789073/000119312513076953/beam-20121231.xml,6ec59e82cbce86e4898d50a91426db9f54a3fc0b49694da44a356c6130398851,unsupported_SEC_instance_source
NetCashProvidedByUsedInOperatingActivities,USD,2010-01-01,2010-12-31,770600000.0,2013-02-26,10-K,FY,2012,0001193125-13-076953,cik:0000789073,https://www.sec.gov/Archives/edgar/data/789073/000119312513076953/beam-20121231.xml,45db0e8904dad7ce7b1a3ff82f80a4898061c671fdb361033a5ca2aee6e70170,unsupported_SEC_instance_source
NetCashProvidedByUsedInOperatingActivities,USD,2011-01-01,2011-12-31,454500000.0,2013-02-26,10-K,FY,2012,0001193125-13-076953,cik:0000789073,https://www.sec.gov/Archives/edgar/data/789073/000119312513076953/beam-20121231.xml,85ecfe25611024793fc672302d2906949fca2fa833f87bc80d8c69e07c9389a5,unsupported_SEC_instance_source
NetCashProvidedByUsedInOperatingActivities,USD,2012-01-01,2012-12-31,378200000.0,2013-02-26,10-K,FY,2012,0001193125-13-076953,cik:0000789073,https://www.sec.gov/Archives/edgar/data/789073/000119312513076953/beam-20121231.xml,4be3bd22850b0ed3c9832b3b64d5dcd5447eacdbf43612dba1ba4d237c0af794,unsupported_SEC_instance_source
PaymentsToAcquirePropertyPlantAndEquipment,USD,2010-01-01,2010-12-31,223000000.0,2013-02-26,10-K,FY,2012,0001193125-13-076953,cik:0000789073,https://www.sec.gov/Archives/edgar/data/789073/000119312513076953/beam-20121231.xml,a56ec4895f8bdebd299ca031d0e8edc96f546bcc455b83f393d7dadd7323d683,unsupported_SEC_instance_source
PaymentsToAcquirePropertyPlantAndEquipment,USD,2011-01-01,2011-12-31,218500000.0,2013-02-26,10-K,FY,2012,0001193125-13-076953,cik:0000789073,https://www.sec.gov/Archives/edgar/data/789073/000119312513076953/beam-20121231.xml,c1c14eba609b2c0e0ffdc7f45174881bae5727ef423e7b39d4cd73a9c05f2e67,unsupported_SEC_instance_source
PaymentsToAcquirePropertyPlantAndEquipment,USD,2012-01-01,2012-12-31,136500000.0,2013-02-26,10-K,FY,2012,0001193125-13-076953,cik:0000789073,https://www.sec.gov/Archives/edgar/data/789073/000119312513076953/beam-20121231.xml,4f15241abe4f661178ea1250a1fc17843ad2d434402bc50e5c0fdfbb71f4dcd2,unsupported_SEC_instance_source
ProceedsFromStockOptionsExercised,USD,2010-01-01,2010-12-31,40600000.0,2013-02-26,10-K,FY,2012,0001193125-13-076953,cik:0000789073,https://www.sec.gov/Archives/edgar/data/789073/000119312513076953/beam-20121231.xml,db9ef5638ea245e3e6fd526f59ccf7eefb7fc1eee044adc7efa569be5b7a3e8e,unsupported_SEC_instance_source
ProceedsFromStockOptionsExercised,USD,2011-01-01,2011-12-31,102300000.0,2013-02-26,10-K,FY,2012,0001193125-13-076953,cik:0000789073,https://www.sec.gov/Archives/edgar/data/789073/000119312513076953/beam-20121231.xml,9e991b615e554fe7c55a9ac105e2281942c9f552952cb3f7b549a301c04cf763,unsupported_SEC_instance_source
ProceedsFromStockOptionsExercised,USD,2012-01-01,2012-12-31,112700000.0,2013-02-26,10-K,FY,2012,0001193125-13-076953,cik:0000789073,https://www.sec.gov/Archives/edgar/data/789073/000119312513076953/beam-20121231.xml,bb227d4e7216befb2a18d8cef838f8ab8554688b480c66424496bf0f69af4b7e,unsupported_SEC_instance_source
CommonStockSharesOutstanding,shares,,2012-12-31,160100000.0,2013-05-06,10-Q,Q1,2013,0001193125-13-201838,cik:0000789073,https://www.sec.gov/Archives/edgar/data/789073/000119312513201838/beam-20130331.xml,31b66dc06faadf82114a190748713463c82fed40d5a2366b7a46865cd32e1781,unsupported_SEC_instance_source
CommonStockSharesOutstanding,shares,,2013-03-31,160900000.0,2013-05-06,10-Q,Q1,2013,0001193125-13-201838,cik:0000789073,https://www.sec.gov/Archives/edgar/data/789073/000119312513201838/beam-20130331.xml,9ea60edc7a4e9f6ddf5ed01459a1279531de3d4a21ebbb486761c23e129710a9,unsupported_SEC_instance_source
NetCashProvidedByUsedInOperatingActivities,USD,2012-01-01,2012-03-31,-51600000.0,2013-05-06,10-Q,Q1,2013,0001193125-13-201838,cik:0000789073,https://www.sec.gov/Archives/edgar/data/789073/000119312513201838/beam-20130331.xml,5043ecb3eef42e2a512b9ce378cc3c06ccd92dda614399cb29754338a1863004,unsupported_SEC_instance_source
NetCashProvidedByUsedInOperatingActivities,USD,2013-01-01,2013-03-31,-59500000.0,2013-05-06,10-Q,Q1,2013,0001193125-13-201838,cik:0000789073,https://www.sec.gov/Archives/edgar/data/789073/000119312513201838/beam-20130331.xml,f77a1913f5d724b8d7c88d91fea9e094021a258dd855e74c8dba0b294a8cdecd,unsupported_SEC_instance_source
PaymentsToAcquirePropertyPlantAndEquipment,USD,2012-01-01,2012-03-31,23400000.0,2013-05-06,10-Q,Q1,2013,0001193125-13-201838,cik:0000789073,https://www.sec.gov/Archives/edgar/data/789073/000119312513201838/beam-20130331.xml,e15080cb2d90b60e0b28ae94c8f0ee27259211b154104492fcef23685404c14d,unsupported_SEC_instance_source
PaymentsToAcquirePropertyPlantAndEquipment,USD,2013-01-01,2013-03-31,26000000.0,2013-05-06,10-Q,Q1,2013,0001193125-13-201838,cik:0000789073,https://www.sec.gov/Archives/edgar/data/789073/000119312513201838/beam-20130331.xml,41645a6f6cfb0c0e7f85afd87d22f733b8b644ec18ad938581c7960261d39067,unsupported_SEC_instance_source
ProceedsFromStockOptionsExercised,USD,2012-01-01,2012-03-31,45200000.0,2013-05-06,10-Q,Q1,2013,0001193125-13-201838,cik:0000789073,https://www.sec.gov/Archives/edgar/data/789073/000119312513201838/beam-20130331.xml,f0d815b78ba152b1f6ede45d593dfdb68d73a6b68ab20a82e19e50ae0799a0dd,unsupported_SEC_instance_source
ProceedsFromStockOptionsExercised,USD,2013-01-01,2013-03-31,29500000.0,2013-05-06,10-Q,Q1,2013,0001193125-13-201838,cik:0000789073,https://www.sec.gov/Archives/edgar/data/789073/000119312513201838/beam-20130331.xml,4257e3dfdcc71b52f1787f039db908b4e19d676636d602683275d244972ae324,unsupported_SEC_instance_source
CommonStockSharesOutstanding,shares,,2012-12-31,160100000.0,2013-08-09,10-Q,Q2,2013,0001193125-13-328950,cik:0000789073,https://www.sec.gov/Archives/edgar/data/789073/000119312513328950/beam-20130630.xml,9689a1696bae515a9c2ab82009839e545f9ddfb29722d5b9b97127370f529878,unsupported_SEC_instance_source
CommonStockSharesOutstanding,shares,,2013-06-30,161900000.0,2013-08-09,10-Q,Q2,2013,0001193125-13-328950,cik:0000789073,https://www.sec.gov/Archives/edgar/data/789073/000119312513328950/beam-20130630.xml,ec4553d1c9eb90530c9380f8ebc3c3184ee62330043cecd3379747136a9d51b7,unsupported_SEC_instance_source
NetCashProvidedByUsedInOperatingActivities,USD,2012-01-01,2012-06-30,25200000.0,2013-08-09,10-Q,Q2,2013,0001193125-13-328950,cik:0000789073,https://www.sec.gov/Archives/edgar/data/789073/000119312513328950/beam-20130630.xml,c8b1c0c11e8f29784612c7ddc06cb31a6b1c5628bac7f9c799717c05cb1f0da5,unsupported_SEC_instance_source
NetCashProvidedByUsedInOperatingActivities,USD,2013-01-01,2013-06-30,-28400000.0,2013-08-09,10-Q,Q2,2013,0001193125-13-328950,cik:0000789073,https://www.sec.gov/Archives/edgar/data/789073/000119312513328950/beam-20130630.xml,19004c4f15d34014af807c90f640cf4291f56efc8f78cba62458ab91b82133f9,unsupported_SEC_instance_source
PaymentsToAcquirePropertyPlantAndEquipment,USD,2012-01-01,2012-06-30,58700000.0,2013-08-09,10-Q,Q2,2013,0001193125-13-328950,cik:0000789073,https://www.sec.gov/Archives/edgar/data/789073/000119312513328950/beam-20130630.xml,6308cd5327a1dac202af7d0c798a5d89e419aee5807aafab1901add3973486a0,unsupported_SEC_instance_source
PaymentsToAcquirePropertyPlantAndEquipment,USD,2013-01-01,2013-06-30,61400000.0,2013-08-09,10-Q,Q2,2013,0001193125-13-328950,cik:0000789073,https://www.sec.gov/Archives/edgar/data/789073/000119312513328950/beam-20130630.xml,8c0b402aea2cd30572ec1870d8f4342033cca060a9674fedfe449409cf0790cd,unsupported_SEC_instance_source
ProceedsFromStockOptionsExercised,USD,2012-01-01,2012-06-30,79500000.0,2013-08-09,10-Q,Q2,2013,0001193125-13-328950,cik:0000789073,https://www.sec.gov/Archives/edgar/data/789073/000119312513328950/beam-20130630.xml,80a4f6ecfeff82a7400e749dc7cc7b7bace30c8f59ba9be854332e8a9c368666,unsupported_SEC_instance_source
ProceedsFromStockOptionsExercised,USD,2013-01-01,2013-06-30,87000000.0,2013-08-09,10-Q,Q2,2013,0001193125-13-328950,cik:0000789073,https://www.sec.gov/Archives/edgar/data/789073/000119312513328950/beam-20130630.xml,b783f58fe5a585842da07ea2abca10dab3ed3a0cbe23dfb838bb6ee0c1db6d9c,unsupported_SEC_instance_source
CommonStockSharesOutstanding,shares,,2012-12-31,160100000.0,2013-11-07,10-Q,Q3,2013,0001193125-13-432988,cik:0000789073,https://www.sec.gov/Archives/edgar/data/789073/000119312513432988/beam-20130930.xml,e51c3e0e6521a6a5532fb78167192131d03de57774bf2f2e2ded292abf5e5650,unsupported_SEC_instance_source
CommonStockSharesOutstanding,shares,,2013-09-30,163100000.0,2013-11-07,10-Q,Q3,2013,0001193125-13-432988,cik:0000789073,https://www.sec.gov/Archives/edgar/data/789073/000119312513432988/beam-20130930.xml,d9b5920cef6e4cacf4182389435ec934944e5e88da6eb8f089ce036c7eb0f322,unsupported_SEC_instance_source
NetCashProvidedByUsedInOperatingActivities,USD,2012-01-01,2012-09-30,112600000.0,2013-11-07,10-Q,Q3,2013,0001193125-13-432988,cik:0000789073,https://www.sec.gov/Archives/edgar/data/789073/000119312513432988/beam-20130930.xml,45bf1953dba2c46c11727db4022df30c1c162d737f20a6a0ad525817fc0e9e36,unsupported_SEC_instance_source
NetCashProvidedByUsedInOperatingActivities,USD,2013-01-01,2013-09-30,114100000.0,2013-11-07,10-Q,Q3,2013,0001193125-13-432988,cik:0000789073,https://www.sec.gov/Archives/edgar/data/789073/000119312513432988/beam-20130930.xml,e878ec448eef63cb1d45bd743a127df16d01872aa132e0e5cddd29162c2b5245,unsupported_SEC_instance_source
PaymentsToAcquirePropertyPlantAndEquipment,USD,2012-01-01,2012-09-30,95900000.0,2013-11-07,10-Q,Q3,2013,0001193125-13-432988,cik:0000789073,https://www.sec.gov/Archives/edgar/data/789073/000119312513432988/beam-20130930.xml,6e8c31082fd88fd582a5e3cb71ffbb740498317e324fcb0431253fa0bb56d1bb,unsupported_SEC_instance_source
PaymentsToAcquirePropertyPlantAndEquipment,USD,2013-01-01,2013-09-30,92300000.0,2013-11-07,10-Q,Q3,2013,0001193125-13-432988,cik:0000789073,https://www.sec.gov/Archives/edgar/data/789073/000119312513432988/beam-20130930.xml,f7ac3dd9175254a1e61b5e87673e75eeffe4ba0ad2104182894220b8e72ffd55,unsupported_SEC_instance_source
ProceedsFromStockOptionsExercised,USD,2012-01-01,2012-09-30,90800000.0,2013-11-07,10-Q,Q3,2013,0001193125-13-432988,cik:0000789073,https://www.sec.gov/Archives/edgar/data/789073/000119312513432988/beam-20130930.xml,42383c1206cb311fb752567a40c35dab6bf3f94e9f60a7430d8e51c8224e8ca8,unsupported_SEC_instance_source
ProceedsFromStockOptionsExercised,USD,2013-01-01,2013-09-30,143900000.0,2013-11-07,10-Q,Q3,2013,0001193125-13-432988,cik:0000789073,https://www.sec.gov/Archives/edgar/data/789073/000119312513432988/beam-20130930.xml,c818dc02f7ab93c9f507abbb7c712fda87a4697d33c781366e07c36d060b2a68,unsupported_SEC_instance_source
CommonStockSharesOutstanding,shares,,2012-12-31,160100000.0,2014-02-18,10-K,FY,2013,0001193125-14-057299,cik:0000789073,https://www.sec.gov/Archives/edgar/data/789073/000119312514057299/beam-20131231.xml,1d4041b8730b549dd970d5029806a533448fc060b468d536f20d3655e9945ae7,unsupported_SEC_instance_source
CommonStockSharesOutstanding,shares,,2013-12-31,163600000.0,2014-02-18,10-K,FY,2013,0001193125-14-057299,cik:0000789073,https://www.sec.gov/Archives/edgar/data/789073/000119312514057299/beam-20131231.xml,899a9ce39d0b492fb6e29496c793d7f364e527a8a593865eae7e78625889601e,unsupported_SEC_instance_source
NetCashProvidedByUsedInOperatingActivities,USD,2011-01-01,2011-12-31,454500000.0,2014-02-18,10-K,FY,2013,0001193125-14-057299,cik:0000789073,https://www.sec.gov/Archives/edgar/data/789073/000119312514057299/beam-20131231.xml,4c8c145ba5b88dfbf8380672d08781d821514e16e4f5b36c922bb3b19e283646,unsupported_SEC_instance_source
NetCashProvidedByUsedInOperatingActivities,USD,2012-01-01,2012-12-31,378200000.0,2014-02-18,10-K,FY,2013,0001193125-14-057299,cik:0000789073,https://www.sec.gov/Archives/edgar/data/789073/000119312514057299/beam-20131231.xml,4d5a1b9f51b0888f1ffc6be51bfc86de2a0b21f8d2a2c687130dfc553d22e551,unsupported_SEC_instance_source
NetCashProvidedByUsedInOperatingActivities,USD,2013-01-01,2013-12-31,423800000.0,2014-02-18,10-K,FY,2013,0001193125-14-057299,cik:0000789073,https://www.sec.gov/Archives/edgar/data/789073/000119312514057299/beam-20131231.xml,c4570137a1c65c0dbed65d6a9bea799174c0fadd661de27d4405976c570a345d,unsupported_SEC_instance_source
PaymentsToAcquirePropertyPlantAndEquipment,USD,2011-01-01,2011-12-31,218500000.0,2014-02-18,10-K,FY,2013,0001193125-14-057299,cik:0000789073,https://www.sec.gov/Archives/edgar/data/789073/000119312514057299/beam-20131231.xml,641556250d6fa07555f46065f4f85dd2fe8f634694d635f357ee7f44011f5268,unsupported_SEC_instance_source
PaymentsToAcquirePropertyPlantAndEquipment,USD,2012-01-01,2012-12-31,136500000.0,2014-02-18,10-K,FY,2013,0001193125-14-057299,cik:0000789073,https://www.sec.gov/Archives/edgar/data/789073/000119312514057299/beam-20131231.xml,afddd385646d7bef0d4b2c45fc708a017ef21a368e17982703635a4b8fc6f302,unsupported_SEC_instance_source
PaymentsToAcquirePropertyPlantAndEquipment,USD,2013-01-01,2013-12-31,128500000.0,2014-02-18,10-K,FY,2013,0001193125-14-057299,cik:0000789073,https://www.sec.gov/Archives/edgar/data/789073/000119312514057299/beam-20131231.xml,3491841e61e88428f3aeca8cf07dcf1349670dd5f9a9ac1edca5b671f96d86fe,unsupported_SEC_instance_source
ProceedsFromStockOptionsExercised,USD,2011-01-01,2011-12-31,102300000.0,2014-02-18,10-K,FY,2013,0001193125-14-057299,cik:0000789073,https://www.sec.gov/Archives/edgar/data/789073/000119312514057299/beam-20131231.xml,bc372ed89278576b507dfe5b74d7fabc9f329087765b3795799e4f8244294680,unsupported_SEC_instance_source
ProceedsFromStockOptionsExercised,USD,2012-01-01,2012-12-31,112700000.0,2014-02-18,10-K,FY,2013,0001193125-14-057299,cik:0000789073,https://www.sec.gov/Archives/edgar/data/789073/000119312514057299/beam-20131231.xml,2bd89efdcad1198c39a77b9b2939ec63f9feb7c9b457f151f78e674917eb5657,unsupported_SEC_instance_source
ProceedsFromStockOptionsExercised,USD,2013-01-01,2013-12-31,176900000.0,2014-02-18,10-K,FY,2013,0001193125-14-057299,cik:0000789073,https://www.sec.gov/Archives/edgar/data/789073/000119312514057299/beam-20131231.xml,42285225d15c0aa6dd6e77a8df1caa6528674ee338411bd90843a8c8f79d3166,unsupported_SEC_instance_source
CommonStockSharesOutstanding,shares,,2011-01-28,1918000000.0,2011-05-26,10-Q,Q1,2011,0000826083-11-000006,cik:0000826083,https://www.sec.gov/Archives/edgar/data/826083/000082608311000006/dell-20110429.xml,48d3d3a8fc68829e795ea8179e1afdfe7c335c466ed08899b6bf74be08f7c25d,unsupported_SEC_instance_source
CommonStockSharesOutstanding,shares,,2011-04-29,1899000000.0,2011-05-26,10-Q,Q1,2011,0000826083-11-000006,cik:0000826083,https://www.sec.gov/Archives/edgar/data/826083/000082608311000006/dell-20110429.xml,e86a2d83fd5e37f10842312d83112e1c2a01e8c044108c3ae2dc6c5ba209135a,unsupported_SEC_instance_source
NetCashProvidedByUsedInOperatingActivities,USD,2010-01-30,2010-04-30,238000000.0,2011-05-26,10-Q,Q1,2011,0000826083-11-000006,cik:0000826083,https://www.sec.gov/Archives/edgar/data/826083/000082608311000006/dell-20110429.xml,e90bf7cef1f71ee1cacf4de7fd77441e1e50f3b2ff0cb6ac98c174837ab88389,unsupported_SEC_instance_source
NetCashProvidedByUsedInOperatingActivities,USD,2011-01-29,2011-04-29,465000000.0,2011-05-26,10-Q,Q1,2011,0000826083-11-000006,cik:0000826083,https://www.sec.gov/Archives/edgar/data/826083/000082608311000006/dell-20110429.xml,e89ce8bc492d3910cfe363d609050d833b306405fd8e7070eec00c705a36c600,unsupported_SEC_instance_source
PaymentsForRepurchaseOfCommonStock,USD,2010-01-30,2010-04-30,200000000.0,2011-05-26,10-Q,Q1,2011,0000826083-11-000006,cik:0000826083,https://www.sec.gov/Archives/edgar/data/826083/000082608311000006/dell-20110429.xml,1860888b063db5be016316ba63874aa4fa6b546792fdb038416c2d4e6efc2915,unsupported_SEC_instance_source
PaymentsForRepurchaseOfCommonStock,USD,2011-01-29,2011-04-29,450000000.0,2011-05-26,10-Q,Q1,2011,0000826083-11-000006,cik:0000826083,https://www.sec.gov/Archives/edgar/data/826083/000082608311000006/dell-20110429.xml,f95cd73ae8027901b4d70fe47222b0e34ea2e61a02fdbcb788d64558805dce55,unsupported_SEC_instance_source
PaymentsToAcquirePropertyPlantAndEquipment,USD,2010-01-30,2010-04-30,46000000.0,2011-05-26,10-Q,Q1,2011,0000826083-11-000006,cik:0000826083,https://www.sec.gov/Archives/edgar/data/826083/000082608311000006/dell-20110429.xml,4d4d9db0dbc22f9ebb9564dd84cd5467688b9e895f514c400f7750317b14a64d,unsupported_SEC_instance_source
PaymentsToAcquirePropertyPlantAndEquipment,USD,2011-01-29,2011-04-29,137000000.0,2011-05-26,10-Q,Q1,2011,0000826083-11-000006,cik:0000826083,https://www.sec.gov/Archives/edgar/data/826083/000082608311000006/dell-20110429.xml,1945e3823f5e5d02f0a7716d3d2b32b9074cfb7b688ff72f39c1472c0b7bcbc7,unsupported_SEC_instance_source
CommonStockSharesOutstanding,shares,,2011-01-28,1918000000.0,2011-08-25,10-Q,Q2,2011,0000826083-11-000011,cik:0000826083,https://www.sec.gov/Archives/edgar/data/826083/000082608311000011/dell-20110729.xml,5aa6cd946bedbf88c5dc30abe6df322cb37a1eac7e6f681d49643cee59921d0d,unsupported_SEC_instance_source
CommonStockSharesOutstanding,shares,,2011-07-29,1834000000.0,2011-08-25,10-Q,Q2,2011,0000826083-11-000011,cik:0000826083,https://www.sec.gov/Archives/edgar/data/826083/000082608311000011/dell-20110729.xml,a9a95cdb8fec04478b981dfca3cd95738bc02dcc57aca32162ab89a70c0ae112,unsupported_SEC_instance_source
NetCashProvidedByUsedInOperatingActivities,USD,2010-01-30,2010-07-30,1573000000.0,2011-08-25,10-Q,Q2,2011,0000826083-11-000011,cik:0000826083,https://www.sec.gov/Archives/edgar/data/826083/000082608311000011/dell-20110729.xml,8bd156f423236acf99cce81bfa24596f29012a61ab0d31ba83c9357abf469329,unsupported_SEC_instance_source
NetCashProvidedByUsedInOperatingActivities,USD,2011-01-29,2011-07-29,2839000000.0,2011-08-25,10-Q,Q2,2011,0000826083-11-000011,cik:0000826083,https://www.sec.gov/Archives/edgar/data/826083/000082608311000011/dell-20110729.xml,fa002d13e799fd14c33600353356d1926f2a183392bfa683e3fd10fce79984b2,unsupported_SEC_instance_source
PaymentsForRepurchaseOfCommonStock,USD,2010-01-30,2010-07-30,400000000.0,2011-08-25,10-Q,Q2,2011,0000826083-11-000011,cik:0000826083,https://www.sec.gov/Archives/edgar/data/826083/000082608311000011/dell-20110729.xml,c1675f275852acbc80df0e66dc0a9c63f95d6a887b5346634eed5ac8d0ab7fbc,unsupported_SEC_instance_source
PaymentsForRepurchaseOfCommonStock,USD,2011-01-29,2011-07-29,1580000000.0,2011-08-25,10-Q,Q2,2011,0000826083-11-000011,cik:0000826083,https://www.sec.gov/Archives/edgar/data/826083/000082608311000011/dell-20110729.xml,3a1ac66a12e121ec97a14b70a0fe08119feb704ea5ab860fcb56797e717a28c5,unsupported_SEC_instance_source
PaymentsToAcquirePropertyPlantAndEquipment,USD,2010-01-30,2010-07-30,191000000.0,2011-08-25,10-Q,Q2,2011,0000826083-11-000011,cik:0000826083,https://www.sec.gov/Archives/edgar/data/826083/000082608311000011/dell-20110729.xml,f0e9387b4f1c4b017293fc285e98ae355a4f104a2d3775cbbe9fd14a72b549e1,unsupported_SEC_instance_source
PaymentsToAcquirePropertyPlantAndEquipment,USD,2011-01-29,2011-07-29,296000000.0,2011-08-25,10-Q,Q2,2011,0000826083-11-000011,cik:0000826083,https://www.sec.gov/Archives/edgar/data/826083/000082608311000011/dell-20110729.xml,285cc70bee69c558c175fd2d044328e77a9ef514195a0754c7f8e3cba28641df,unsupported_SEC_instance_source
CommonStockSharesOutstanding,shares,,2011-01-28,1918000000.0,2011-11-23,10-Q,Q3,2012,0000826083-11-000015,cik:0000826083,https://www.sec.gov/Archives/edgar/data/826083/000082608311000015/dell-20111028.xml,a92a851841a56eaa60043fc08611a52ffe4a31b7197607ca45dbbd6211d43210,unsupported_SEC_instance_source
CommonStockSharesOutstanding,shares,,2011-10-28,1795000000.0,2011-11-23,10-Q,Q3,2012,0000826083-11-000015,cik:0000826083,https://www.sec.gov/Archives/edgar/data/826083/000082608311000015/dell-20111028.xml,fa336a679fc769c12eca1f16c98d497ad4646f129d3e42402601c571886a2486,unsupported_SEC_instance_source
NetCashProvidedByUsedInOperatingActivities,USD,2010-01-30,2010-10-29,2486000000.0,2011-11-23,10-Q,Q3,2012,0000826083-11-000015,cik:0000826083,https://www.sec.gov/Archives/edgar/data/826083/000082608311000015/dell-20111028.xml,66de33204fbe880764dda0aa06669bb6f07efa42ab0a1c0731f0361bb6d641d4,unsupported_SEC_instance_source
NetCashProvidedByUsedInOperatingActivities,USD,2011-01-29,2011-10-28,3690000000.0,2011-11-23,10-Q,Q3,2012,0000826083-11-000015,cik:0000826083,https://www.sec.gov/Archives/edgar/data/826083/000082608311000015/dell-20111028.xml,7501065828f699c4850e782ab4abdc94171315b2f043559a284af1549f247725,unsupported_SEC_instance_source
PaymentsForRepurchaseOfCommonStock,USD,2010-01-30,2010-10-29,600000000.0,2011-11-23,10-Q,Q3,2012,0000826083-11-000015,cik:0000826083,https://www.sec.gov/Archives/edgar/data/826083/000082608311000015/dell-20111028.xml,c033c0ca805143c142768e6e4d667c53bdaef4787f2a376d7db38391dc3576ca,unsupported_SEC_instance_source
PaymentsForRepurchaseOfCommonStock,USD,2011-01-29,2011-10-28,2180000000.0,2011-11-23,10-Q,Q3,2012,0000826083-11-000015,cik:0000826083,https://www.sec.gov/Archives/edgar/data/826083/000082608311000015/dell-20111028.xml,bbbf8b6496c52071ca9efbe4b5d1cad7acd2ccfc0afe9b472924a283fa29f046,unsupported_SEC_instance_source
PaymentsToAcquirePropertyPlantAndEquipment,USD,2010-01-30,2010-10-29,284000000.0,2011-11-23,10-Q,Q3,2012,0000826083-11-000015,cik:0000826083,https://www.sec.gov/Archives/edgar/data/826083/000082608311000015/dell-20111028.xml,8a59eae18fb9692b6117fea4dbf81fe73c9ff57508ef7745bd998408e2285ff5,unsupported_SEC_instance_source
PaymentsToAcquirePropertyPlantAndEquipment,USD,2011-01-29,2011-10-28,510000000.0,2011-11-23,10-Q,Q3,2012,0000826083-11-000015,cik:0000826083,https://www.sec.gov/Archives/edgar/data/826083/000082608311000015/dell-20111028.xml,e69444a543d0486b1c8e4be45152cdb614f99deb924bac0ac1997a28241c8627,unsupported_SEC_instance_source
CommonStockSharesOutstanding,shares,,2011-01-28,1918000000.0,2012-03-13,10-K,FY,2011,0000826083-12-000006,cik:0000826083,https://www.sec.gov/Archives/edgar/data/826083/000082608312000006/dell-20120203.xml,910a8d116247762a72be093713ee035ab09f6514e7e6fafe631a40aaf1419d9c,unsupported_SEC_instance_source
CommonStockSharesOutstanding,shares,,2012-02-03,1761000000.0,2012-03-13,10-K,FY,2011,0000826083-12-000006,cik:0000826083,https://www.sec.gov/Archives/edgar/data/826083/000082608312000006/dell-20120203.xml,5e194bde2bfcb8f6fc37b4cf028fa57296fddad36906ea6391a73cff2899a961,unsupported_SEC_instance_source
NetCashProvidedByUsedInOperatingActivities,USD,2009-01-31,2010-01-29,3906000000.0,2012-03-13,10-K,FY,2011,0000826083-12-000006,cik:0000826083,https://www.sec.gov/Archives/edgar/data/826083/000082608312000006/dell-20120203.xml,ec770055e6fcc1c576137ab6f69756c9a3b48a43f49e91c4167834b646986634,unsupported_SEC_instance_source
NetCashProvidedByUsedInOperatingActivities,USD,2010-01-30,2011-01-28,3969000000.0,2012-03-13,10-K,FY,2011,0000826083-12-000006,cik:0000826083,https://www.sec.gov/Archives/edgar/data/826083/000082608312000006/dell-20120203.xml,d1b00ba03d6c354b667d2bc760ba4e524b8142d217506ae59bad48565f69f4ae,unsupported_SEC_instance_source
NetCashProvidedByUsedInOperatingActivities,USD,2011-01-29,2012-02-03,5527000000.0,2012-03-13,10-K,FY,2011,0000826083-12-000006,cik:0000826083,https://www.sec.gov/Archives/edgar/data/826083/000082608312000006/dell-20120203.xml,b83aab8d7c113e883ddb000bd91a642685ef37ef5c03c5ac2da7762e65f011f4,unsupported_SEC_instance_source
PaymentsForRepurchaseOfCommonStock,USD,2009-01-31,2010-01-29,0.0,2012-03-13,10-K,FY,2011,0000826083-12-000006,cik:0000826083,https://www.sec.gov/Archives/edgar/data/826083/000082608312000006/dell-20120203.xml,66804f5bc775b7d90194bb9a768af5335b7ce473dc277900552a4fde882e51d5,unsupported_SEC_instance_source
PaymentsForRepurchaseOfCommonStock,USD,2010-01-30,2011-01-28,800000000.0,2012-03-13,10-K,FY,2011,0000826083-12-000006,cik:0000826083,https://www.sec.gov/Archives/edgar/data/826083/000082608312000006/dell-20120203.xml,2af06868fa50ce52b26874e19fbcdebf8373a16ec0e420ffac61231396b73c27,unsupported_SEC_instance_source
PaymentsForRepurchaseOfCommonStock,USD,2011-01-29,2012-02-03,2717000000.0,2012-03-13,10-K,FY,2011,0000826083-12-000006,cik:0000826083,https://www.sec.gov/Archives/edgar/data/826083/000082608312000006/dell-20120203.xml,f85c23f9f60d5c2ac7c380f1bc14e73819e30158fb1e4791782de3a21d6b4d88,unsupported_SEC_instance_source
PaymentsToAcquirePropertyPlantAndEquipment,USD,2009-01-31,2010-01-29,367000000.0,2012-03-13,10-K,FY,2011,0000826083-12-000006,cik:0000826083,https://www.sec.gov/Archives/edgar/data/826083/000082608312000006/dell-20120203.xml,2955b2879562b2b9b61fc0de21b04d82f74e5b71bd3be0132c8ff34b4fc7dab4,unsupported_SEC_instance_source
PaymentsToAcquirePropertyPlantAndEquipment,USD,2010-01-30,2011-01-28,444000000.0,2012-03-13,10-K,FY,2011,0000826083-12-000006,cik:0000826083,https://www.sec.gov/Archives/edgar/data/826083/000082608312000006/dell-20120203.xml,bd4fe35d773638209e9aa0ba91d193cdc23f3e64e7b6eb00f3564803d1fa060b,unsupported_SEC_instance_source
PaymentsToAcquirePropertyPlantAndEquipment,USD,2011-01-29,2012-02-03,675000000.0,2012-03-13,10-K,FY,2011,0000826083-12-000006,cik:0000826083,https://www.sec.gov/Archives/edgar/data/826083/000082608312000006/dell-20120203.xml,0f47b234ff6beb4ecd455944a86a946b1b40c315749ed80e83821c941d5a30e5,unsupported_SEC_instance_source
CommonStockSharesOutstanding,shares,,2012-02-03,1761000000.0,2012-05-31,10-Q,Q1,2013,0000826083-12-000011,cik:0000826083,https://www.sec.gov/Archives/edgar/data/826083/000082608312000011/dell-20120504.xml,63e15b872e814239fd2c34dc1c97c7c722b01bb804281df68eb0f4a57c605644,unsupported_SEC_instance_source
CommonStockSharesOutstanding,shares,,2012-05-04,1761000000.0,2012-05-31,10-Q,Q1,2013,0000826083-12-000011,cik:0000826083,https://www.sec.gov/Archives/edgar/data/826083/000082608312000011/dell-20120504.xml,e0d81608c015f59f0621d492d09ffabde6e0a23083f895b3ae802f70a0078e20,unsupported_SEC_instance_source
NetCashProvidedByUsedInOperatingActivities,USD,2011-01-29,2011-04-29,465000000.0,2012-05-31,10-Q,Q1,2013,0000826083-12-000011,cik:0000826083,https://www.sec.gov/Archives/edgar/data/826083/000082608312000011/dell-20120504.xml,a351d584d258e224f7eb727d5ae7418b6a3609f932c658670d680fd2d609c2d9,unsupported_SEC_instance_source
NetCashProvidedByUsedInOperatingActivities,USD,2012-02-04,2012-05-04,-138000000.0,2012-05-31,10-Q,Q1,2013,0000826083-12-000011,cik:0000826083,https://www.sec.gov/Archives/edgar/data/826083/000082608312000011/dell-20120504.xml,395a8a1347f17e78700e7a0ed8b9e4633f0106310f2ec568a82c17d6d2eaba66,unsupported_SEC_instance_source
PaymentsForRepurchaseOfCommonStock,USD,2011-01-29,2011-04-29,450000000.0,2012-05-31,10-Q,Q1,2013,0000826083-12-000011,cik:0000826083,https://www.sec.gov/Archives/edgar/data/826083/000082608312000011/dell-20120504.xml,581bba8f2b17422f8661ea0a2f911e02ad64dce449286b58580aabac9c1983bb,unsupported_SEC_instance_source
PaymentsForRepurchaseOfCommonStock,USD,2012-02-04,2012-05-04,324000000.0,2012-05-31,10-Q,Q1,2013,0000826083-12-000011,cik:0000826083,https://www.sec.gov/Archives/edgar/data/826083/000082608312000011/dell-20120504.xml,58ef34c4b743280901265f5043bb7860b0794026b75707a26e83f47609241468,unsupported_SEC_instance_source
PaymentsToAcquirePropertyPlantAndEquipment,USD,2011-01-29,2011-04-29,137000000.0,2012-05-31,10-Q,Q1,2013,0000826083-12-000011,cik:0000826083,https://www.sec.gov/Archives/edgar/data/826083/000082608312000011/dell-20120504.xml,e45cc07b3990bb0e1e61667aa4bacdd38e6e16d036f2c23bd95b7b9993916740,unsupported_SEC_instance_source
PaymentsToAcquirePropertyPlantAndEquipment,USD,2012-02-04,2012-05-04,142000000.0,2012-05-31,10-Q,Q1,2013,0000826083-12-000011,cik:0000826083,https://www.sec.gov/Archives/edgar/data/826083/000082608312000011/dell-20120504.xml,55ec2263134574659dd8955b45fc88817266d62a76748bdcd9494f64660f44b8,unsupported_SEC_instance_source
CommonStockSharesOutstanding,shares,,2012-02-03,1761000000.0,2012-08-29,10-Q,Q2,2013,0000826083-12-000015,cik:0000826083,https://www.sec.gov/Archives/edgar/data/826083/000082608312000015/dell-20120803.xml,8bb172992c2915b0179b03d7cab08b28c4f0f86454c5fd33f975ac55ecd735ac,unsupported_SEC_instance_source
CommonStockSharesOutstanding,shares,,2012-08-03,1734000000.0,2012-08-29,10-Q,Q2,2013,0000826083-12-000015,cik:0000826083,https://www.sec.gov/Archives/edgar/data/826083/000082608312000015/dell-20120803.xml,6a3869ee733abf6d929b74d6a2ce57c63dae42e89b15d40b3c1b603aad13b743,unsupported_SEC_instance_source
NetCashProvidedByUsedInOperatingActivities,USD,2011-01-29,2011-07-29,2839000000.0,2012-08-29,10-Q,Q2,2013,0000826083-12-000015,cik:0000826083,https://www.sec.gov/Archives/edgar/data/826083/000082608312000015/dell-20120803.xml,9d6536c1a23815839753ab6ad6ad537e61923cbacf0193119f9983ff5709fb4a,unsupported_SEC_instance_source
NetCashProvidedByUsedInOperatingActivities,USD,2012-02-04,2012-08-03,499000000.0,2012-08-29,10-Q,Q2,2013,0000826083-12-000015,cik:0000826083,https://www.sec.gov/Archives/edgar/data/826083/000082608312000015/dell-20120803.xml,d6f21c1f68f34f9f65222d41bd34a856393cea4731d7ccf0494c2c62b4f95a4d,unsupported_SEC_instance_source
PaymentsForRepurchaseOfCommonStock,USD,2011-01-29,2011-07-29,1580000000.0,2012-08-29,10-Q,Q2,2013,0000826083-12-000015,cik:0000826083,https://www.sec.gov/Archives/edgar/data/826083/000082608312000015/dell-20120803.xml,d4c8dad247ecb7014bb1f4c42f79a47bd657266694a7864a011f27dd3899886a,unsupported_SEC_instance_source
PaymentsForRepurchaseOfCommonStock,USD,2012-02-04,2012-08-03,724000000.0,2012-08-29,10-Q,Q2,2013,0000826083-12-000015,cik:0000826083,https://www.sec.gov/Archives/edgar/data/826083/000082608312000015/dell-20120803.xml,b6b77c402e67a143f9091e99ecc8a92d4fbc34db43aacdabdeb8088bac4ed043,unsupported_SEC_instance_source
PaymentsToAcquirePropertyPlantAndEquipment,USD,2011-01-29,2011-07-29,296000000.0,2012-08-29,10-Q,Q2,2013,0000826083-12-000015,cik:0000826083,https://www.sec.gov/Archives/edgar/data/826083/000082608312000015/dell-20120803.xml,8f7819a5f87f931715d7f840265c42f7f3b47a5f8c0166c98a9c19c5fac027df,unsupported_SEC_instance_source
PaymentsToAcquirePropertyPlantAndEquipment,USD,2012-02-04,2012-08-03,262000000.0,2012-08-29,10-Q,Q2,2013,0000826083-12-000015,cik:0000826083,https://www.sec.gov/Archives/edgar/data/826083/000082608312000015/dell-20120803.xml,41aabec1ed28952d7e12307d7f6e512b29d998b4152925a49b00c74faa76d2a3,unsupported_SEC_instance_source
CommonStockSharesOutstanding,shares,,2012-02-03,1761000000.0,2012-12-03,10-Q,Q3,2012,0000826083-12-000019,cik:0000826083,https://www.sec.gov/Archives/edgar/data/826083/000082608312000019/dell-20121102.xml,4297dac69adf80311ac62d8918ecf1152c078213368ff044e1c8db9538f5bfd5,unsupported_SEC_instance_source
CommonStockSharesOutstanding,shares,,2012-11-02,1736000000.0,2012-12-03,10-Q,Q3,2012,0000826083-12-000019,cik:0000826083,https://www.sec.gov/Archives/edgar/data/826083/000082608312000019/dell-20121102.xml,ecc0b6e2854d65d6b4ce7f8ed169b8ee4b218e53e88aa9ced7e8978aa109d289,unsupported_SEC_instance_source
NetCashProvidedByUsedInOperatingActivities,USD,2011-01-29,2011-10-28,3690000000.0,2012-12-03,10-Q,Q3,2012,0000826083-12-000019,cik:0000826083,https://www.sec.gov/Archives/edgar/data/826083/000082608312000019/dell-20121102.xml,352be6f592ca933d94cc524fa07819f79b2c7ca1eea25b60ef947cafb2cb4e3f,unsupported_SEC_instance_source
NetCashProvidedByUsedInOperatingActivities,USD,2012-02-04,2012-11-02,1842000000.0,2012-12-03,10-Q,Q3,2012,0000826083-12-000019,cik:0000826083,https://www.sec.gov/Archives/edgar/data/826083/000082608312000019/dell-20121102.xml,5ecba6b096967ce3b89f4c709b115b9c0da0378580e286702dce90c0a10a69be,unsupported_SEC_instance_source
PaymentsForRepurchaseOfCommonStock,USD,2011-01-29,2011-10-28,2180000000.0,2012-12-03,10-Q,Q3,2012,0000826083-12-000019,cik:0000826083,https://www.sec.gov/Archives/edgar/data/826083/000082608312000019/dell-20121102.xml,0074558e9b4771895ad28e5b02d1394d43fb911105c678c3b94e68899bd292a2,unsupported_SEC_instance_source
PaymentsForRepurchaseOfCommonStock,USD,2012-02-04,2012-11-02,724000000.0,2012-12-03,10-Q,Q3,2012,0000826083-12-000019,cik:0000826083,https://www.sec.gov/Archives/edgar/data/826083/000082608312000019/dell-20121102.xml,1a952b34a2491025c29f26dfe1b0401fe05a327ddbc317d1000d2ff00d03ebea,unsupported_SEC_instance_source
PaymentsToAcquirePropertyPlantAndEquipment,USD,2011-01-29,2011-10-28,510000000.0,2012-12-03,10-Q,Q3,2012,0000826083-12-000019,cik:0000826083,https://www.sec.gov/Archives/edgar/data/826083/000082608312000019/dell-20121102.xml,612822874aff579f6d8df95b6f28a7cea30faafd58485cd6906cbf538a4accb9,unsupported_SEC_instance_source
PaymentsToAcquirePropertyPlantAndEquipment,USD,2012-02-04,2012-11-02,383000000.0,2012-12-03,10-Q,Q3,2012,0000826083-12-000019,cik:0000826083,https://www.sec.gov/Archives/edgar/data/826083/000082608312000019/dell-20121102.xml,e09a459f2b783114421a22fa4d7d22449d149e262fcb425e446d801934c5bc53,unsupported_SEC_instance_source
CommonStockSharesOutstanding,shares,,2012-02-03,1761000000.0,2013-03-12,10-K,FY,2012,0000826083-13-000005,cik:0000826083,https://www.sec.gov/Archives/edgar/data/826083/000082608313000005/dell-20130201.xml,240b555682dc9502652ea98a48eca3fc0f38e9a3e6f225364080dde3a4dff54e,unsupported_SEC_instance_source
CommonStockSharesOutstanding,shares,,2013-02-01,1738000000.0,2013-03-12,10-K,FY,2012,0000826083-13-000005,cik:0000826083,https://www.sec.gov/Archives/edgar/data/826083/000082608313000005/dell-20130201.xml,fd46053e92b92f282dd3317afff13e2e5400e34ad705dcbcc3a5b4b2764c0296,unsupported_SEC_instance_source
NetCashProvidedByUsedInOperatingActivities,USD,2010-01-30,2011-01-28,3969000000.0,2013-03-12,10-K,FY,2012,0000826083-13-000005,cik:0000826083,https://www.sec.gov/Archives/edgar/data/826083/000082608313000005/dell-20130201.xml,cfd9b341fdf03441316ed4665035e0bb0a119e89021a654d665df245c3b5d310,unsupported_SEC_instance_source
NetCashProvidedByUsedInOperatingActivities,USD,2011-01-29,2012-02-03,5527000000.0,2013-03-12,10-K,FY,2012,0000826083-13-000005,cik:0000826083,https://www.sec.gov/Archives/edgar/data/826083/000082608313000005/dell-20130201.xml,646a31c1c787a20ab5eecc379c8cc4f2079f5ecdc72ef549ec2bc81bbb321d06,unsupported_SEC_instance_source
NetCashProvidedByUsedInOperatingActivities,USD,2012-02-04,2013-02-01,3283000000.0,2013-03-12,10-K,FY,2012,0000826083-13-000005,cik:0000826083,https://www.sec.gov/Archives/edgar/data/826083/000082608313000005/dell-20130201.xml,cf0dcca19ea57a647359b74a6bd68bcbe800b57e88cd70d13634f2b615a5bac3,unsupported_SEC_instance_source
PaymentsForRepurchaseOfCommonStock,USD,2010-01-30,2011-01-28,800000000.0,2013-03-12,10-K,FY,2012,0000826083-13-000005,cik:0000826083,https://www.sec.gov/Archives/edgar/data/826083/000082608313000005/dell-20130201.xml,560a311d7397c7ce59987daa6e109b818be332572fff697a20582f1a9540c7b6,unsupported_SEC_instance_source
PaymentsForRepurchaseOfCommonStock,USD,2011-01-29,2012-02-03,2717000000.0,2013-03-12,10-K,FY,2012,0000826083-13-000005,cik:0000826083,https://www.sec.gov/Archives/edgar/data/826083/000082608313000005/dell-20130201.xml,ff8ed0ba380a31c55820cb04698ab67fbd5e50d2f42119804e58a84b851dd607,unsupported_SEC_instance_source
PaymentsForRepurchaseOfCommonStock,USD,2012-02-04,2013-02-01,724000000.0,2013-03-12,10-K,FY,2012,0000826083-13-000005,cik:0000826083,https://www.sec.gov/Archives/edgar/data/826083/000082608313000005/dell-20130201.xml,375cb9bfeacde40f56396b6cbfb60e8f42eef3e1d2a3c33f51a9cc5fd6e4e4ed,unsupported_SEC_instance_source
PaymentsToAcquirePropertyPlantAndEquipment,USD,2010-01-30,2011-01-28,444000000.0,2013-03-12,10-K,FY,2012,0000826083-13-000005,cik:0000826083,https://www.sec.gov/Archives/edgar/data/826083/000082608313000005/dell-20130201.xml,f46f6e4d9b39a23dfac71d573f13f5b1bf6560f98e41da5c49291d648197dbb0,unsupported_SEC_instance_source
PaymentsToAcquirePropertyPlantAndEquipment,USD,2011-01-29,2012-02-03,675000000.0,2013-03-12,10-K,FY,2012,0000826083-13-000005,cik:0000826083,https://www.sec.gov/Archives/edgar/data/826083/000082608313000005/dell-20130201.xml,095b4486ba61bf6e47481abe6df5bbe97d961c5c0b08be126b180f442c5b44a8,unsupported_SEC_instance_source
PaymentsToAcquirePropertyPlantAndEquipment,USD,2012-02-04,2013-02-01,513000000.0,2013-03-12,10-K,FY,2012,0000826083-13-000005,cik:0000826083,https://www.sec.gov/Archives/edgar/data/826083/000082608313000005/dell-20130201.xml,987ae19563005a8748bf265d57e54f7de1a068c5389f9fde5278e6fa3b73970d,unsupported_SEC_instance_source
CommonStockSharesOutstanding,shares,,2013-02-01,1738000000.0,2013-06-12,10-Q,Q1,2014,0000826083-13-000020,cik:0000826083,https://www.sec.gov/Archives/edgar/data/826083/000082608313000020/dell-20130503.xml,30c1830f8faa1ed740ace4b74ef58129bbc4bbc5846175966309b64833f2e944,unsupported_SEC_instance_source
CommonStockSharesOutstanding,shares,,2013-05-03,1755000000.0,2013-06-12,10-Q,Q1,2014,0000826083-13-000020,cik:0000826083,https://www.sec.gov/Archives/edgar/data/826083/000082608313000020/dell-20130503.xml,345677af794fec63b1f9b1c15d107c1de79f78021d3c5bd2f40ea7908aca93f5,unsupported_SEC_instance_source
NetCashProvidedByUsedInOperatingActivities,USD,2012-02-04,2012-05-04,-138000000.0,2013-06-12,10-Q,Q1,2014,0000826083-13-000020,cik:0000826083,https://www.sec.gov/Archives/edgar/data/826083/000082608313000020/dell-20130503.xml,48e2060a1d4362a307e041277c9c79e2e9b79ce491efe0e1b41697167a7c3f34,unsupported_SEC_instance_source
NetCashProvidedByUsedInOperatingActivities,USD,2013-02-02,2013-05-03,-39000000.0,2013-06-12,10-Q,Q1,2014,0000826083-13-000020,cik:0000826083,https://www.sec.gov/Archives/edgar/data/826083/000082608313000020/dell-20130503.xml,6027e71bb7bc0ac9b69b73d046ba66987d0bc9ca8d35c7cd12801318178861f4,unsupported_SEC_instance_source
PaymentsForRepurchaseOfCommonStock,USD,2012-02-04,2012-05-04,324000000.0,2013-06-12,10-Q,Q1,2014,0000826083-13-000020,cik:0000826083,https://www.sec.gov/Archives/edgar/data/826083/000082608313000020/dell-20130503.xml,210c3197021c143b8b8ab032a5b21fb1194bcf3164c6419b9f84d97ba5a792ca,unsupported_SEC_instance_source
PaymentsForRepurchaseOfCommonStock,USD,2013-02-02,2013-05-03,0.0,2013-06-12,10-Q,Q1,2014,0000826083-13-000020,cik:0000826083,https://www.sec.gov/Archives/edgar/data/826083/000082608313000020/dell-20130503.xml,68427c0ad3c829d5a220bd1609de242984430f35a82deaebf39d538b1392072c,unsupported_SEC_instance_source
PaymentsToAcquirePropertyPlantAndEquipment,USD,2012-02-04,2012-05-04,142000000.0,2013-06-12,10-Q,Q1,2014,0000826083-13-000020,cik:0000826083,https://www.sec.gov/Archives/edgar/data/826083/000082608313000020/dell-20130503.xml,340247b52abfca6b5053d81b286588caffb1d7f3927c4617c7d8bc0cfbd3bf8c,unsupported_SEC_instance_source
PaymentsToAcquirePropertyPlantAndEquipment,USD,2013-02-02,2013-05-03,158000000.0,2013-06-12,10-Q,Q1,2014,0000826083-13-000020,cik:0000826083,https://www.sec.gov/Archives/edgar/data/826083/000082608313000020/dell-20130503.xml,1799a6aab4099f342f1dc1dd1df0bc2236f78160fb4f23d482906a1ca7873a35,unsupported_SEC_instance_source
CommonStockSharesOutstanding,shares,,2013-02-01,1738000000.0,2013-08-28,10-Q,Q2,2014,0000826083-13-000028,cik:0000826083,https://www.sec.gov/Archives/edgar/data/826083/000082608313000028/dell-20130802.xml,3e1ca593c0c2a226231f622475731d64341ecd2a6ff524b6f7743d09daf9d9da,unsupported_SEC_instance_source
CommonStockSharesOutstanding,shares,,2013-08-02,1758000000.0,2013-08-28,10-Q,Q2,2014,0000826083-13-000028,cik:0000826083,https://www.sec.gov/Archives/edgar/data/826083/000082608313000028/dell-20130802.xml,218f6d55e7fe56b9928f126cdf15f395ecd2977d914c207a11f462dea44a9d6b,unsupported_SEC_instance_source
NetCashProvidedByUsedInOperatingActivities,USD,2012-02-04,2012-08-03,499000000.0,2013-08-28,10-Q,Q2,2014,0000826083-13-000028,cik:0000826083,https://www.sec.gov/Archives/edgar/data/826083/000082608313000028/dell-20130802.xml,77ecedc890f873a716b47f1e53d941ee94073a1c9764f28d07dd932bae2d0b99,unsupported_SEC_instance_source
NetCashProvidedByUsedInOperatingActivities,USD,2013-02-02,2013-08-02,1639000000.0,2013-08-28,10-Q,Q2,2014,0000826083-13-000028,cik:0000826083,https://www.sec.gov/Archives/edgar/data/826083/000082608313000028/dell-20130802.xml,dcf774950d27152db77ff58ca99cb01cb8290f2495de1f57b8ea4af606ece26e,unsupported_SEC_instance_source
PaymentsForRepurchaseOfCommonStock,USD,2012-02-04,2012-08-03,724000000.0,2013-08-28,10-Q,Q2,2014,0000826083-13-000028,cik:0000826083,https://www.sec.gov/Archives/edgar/data/826083/000082608313000028/dell-20130802.xml,f00cc8850d49df1672022349f2a0144df5950b7b8521f217688d28ab75cd14b1,unsupported_SEC_instance_source
PaymentsForRepurchaseOfCommonStock,USD,2013-02-02,2013-08-02,0.0,2013-08-28,10-Q,Q2,2014,0000826083-13-000028,cik:0000826083,https://www.sec.gov/Archives/edgar/data/826083/000082608313000028/dell-20130802.xml,7c42fed4a7d15f00256b33724291e8f40061026d556c9dd4a73135ea8fabd356,unsupported_SEC_instance_source
PaymentsToAcquirePropertyPlantAndEquipment,USD,2012-02-04,2012-08-03,262000000.0,2013-08-28,10-Q,Q2,2014,0000826083-13-000028,cik:0000826083,https://www.sec.gov/Archives/edgar/data/826083/000082608313000028/dell-20130802.xml,9daa280a274d4ada239524444d799ae4936107aeaf971f74c65eac13f897b6ba,unsupported_SEC_instance_source
PaymentsToAcquirePropertyPlantAndEquipment,USD,2013-02-02,2013-08-02,322000000.0,2013-08-28,10-Q,Q2,2014,0000826083-13-000028,cik:0000826083,https://www.sec.gov/Archives/edgar/data/826083/000082608313000028/dell-20130802.xml,1f1f8be7035aecbb7699b1459858a3cd23db648ee99d3a6deeab4a20e5d86016,unsupported_SEC_instance_source
CommonStockSharesOutstanding,shares,,2009-01-30,1944000000.0,2009-09-11,10-Q/A,Q2,2009,0000950123-09-042709,cik:0000826083,https://www.sec.gov/Archives/edgar/data/826083/000095012309042709/dell-20090731.xml,e3d5c58a01b3d98c06ab02ea71a277fafda02caaa2798aa1b4d6724ab9e1a761,unsupported_SEC_instance_source
CommonStockSharesOutstanding,shares,,2009-07-31,1955000000.0,2009-09-11,10-Q/A,Q2,2009,0000950123-09-042709,cik:0000826083,https://www.sec.gov/Archives/edgar/data/826083/000095012309042709/dell-20090731.xml,0a28abd5f210e44e6a5a6c3bdb11fecfc8fb53f4de34ce7835bb51a09dc4cc83,unsupported_SEC_instance_source
NetCashProvidedByUsedInOperatingActivities,USD,2008-02-02,2008-08-01,1251000000.0,2009-09-11,10-Q/A,Q2,2009,0000950123-09-042709,cik:0000826083,https://www.sec.gov/Archives/edgar/data/826083/000095012309042709/dell-20090731.xml,e0024c617ad885666edaa0da95ec175dbc235c10186624b2c3c4f651da105c8b,unsupported_SEC_instance_source
NetCashProvidedByUsedInOperatingActivities,USD,2009-01-31,2009-07-31,1837000000.0,2009-09-11,10-Q/A,Q2,2009,0000950123-09-042709,cik:0000826083,https://www.sec.gov/Archives/edgar/data/826083/000095012309042709/dell-20090731.xml,df1107da0d456d3b6c394e43c6e312fa52fd0192c32665160a26fef618502bc5,unsupported_SEC_instance_source
PaymentsForRepurchaseOfCommonStock,USD,2008-02-02,2008-08-01,2451000000.0,2009-09-11,10-Q/A,Q2,2009,0000950123-09-042709,cik:0000826083,https://www.sec.gov/Archives/edgar/data/826083/000095012309042709/dell-20090731.xml,6e78b9a44ac3be3dbc57b24176e17e565de311c5e61c30c15fe693adbbd13288,unsupported_SEC_instance_source
PaymentsForRepurchaseOfCommonStock,USD,2009-01-31,2009-07-31,0.0,2009-09-11,10-Q/A,Q2,2009,0000950123-09-042709,cik:0000826083,https://www.sec.gov/Archives/edgar/data/826083/000095012309042709/dell-20090731.xml,a19ce8d0ee30c3360078fe0426301d4ed266ae4b90746b7ddacb89a7fdf147ab,unsupported_SEC_instance_source
PaymentsToAcquirePropertyPlantAndEquipment,USD,2008-02-02,2008-08-01,264000000.0,2009-09-11,10-Q/A,Q2,2009,0000950123-09-042709,cik:0000826083,https://www.sec.gov/Archives/edgar/data/826083/000095012309042709/dell-20090731.xml,ad415a7e1cf5ce5bdb8ff2f8fda7cfa2ef835d80e21861970db457a03f67f21b,unsupported_SEC_instance_source
PaymentsToAcquirePropertyPlantAndEquipment,USD,2009-01-31,2009-07-31,179000000.0,2009-09-11,10-Q/A,Q2,2009,0000950123-09-042709,cik:0000826083,https://www.sec.gov/Archives/edgar/data/826083/000095012309042709/dell-20090731.xml,d4f9334b812c1828230da0c521cddf4815b4ed26c207e0499f21dd830cf88344,unsupported_SEC_instance_source
CommonStockSharesOutstanding,shares,,2009-01-30,1944000000.0,2009-12-03,10-Q,Q3,2009,0000950123-09-068042,cik:0000826083,https://www.sec.gov/Archives/edgar/data/826083/000095012309068042/dell-20091030.xml,ad52ecbba697b39363c9ad37f511fe8a24cede919cd0202fc9e10a4f1f7b681a,unsupported_SEC_instance_source
CommonStockSharesOutstanding,shares,,2009-10-30,1956000000.0,2009-12-03,10-Q,Q3,2009,0000950123-09-068042,cik:0000826083,https://www.sec.gov/Archives/edgar/data/826083/000095012309068042/dell-20091030.xml,de417d31442ec1204d9ad459b13a160a358d57fff06f8669313f589a403b28d1,unsupported_SEC_instance_source
NetCashProvidedByUsedInOperatingActivities,USD,2008-02-02,2008-10-31,1165000000.0,2009-12-03,10-Q,Q3,2009,0000950123-09-068042,cik:0000826083,https://www.sec.gov/Archives/edgar/data/826083/000095012309068042/dell-20091030.xml,7ef495832525a84ab06c9e5aedfa5dad6e2605f45c06f69fbcab76167094fda3,unsupported_SEC_instance_source
NetCashProvidedByUsedInOperatingActivities,USD,2009-01-31,2009-10-30,2638000000.0,2009-12-03,10-Q,Q3,2009,0000950123-09-068042,cik:0000826083,https://www.sec.gov/Archives/edgar/data/826083/000095012309068042/dell-20091030.xml,4bf11018f662abecec005ec451ad394b1c86b482bdc1f1600b4c807a27b37cac,unsupported_SEC_instance_source
PaymentsForRepurchaseOfCommonStock,USD,2008-02-02,2008-10-31,2866000000.0,2009-12-03,10-Q,Q3,2009,0000950123-09-068042,cik:0000826083,https://www.sec.gov/Archives/edgar/data/826083/000095012309068042/dell-20091030.xml,3493071226b1b73640d02ce002186b2f780be02616e06f4a0ddcd52e8b5a776c,unsupported_SEC_instance_source
PaymentsForRepurchaseOfCommonStock,USD,2009-01-31,2009-10-30,0.0,2009-12-03,10-Q,Q3,2009,0000950123-09-068042,cik:0000826083,https://www.sec.gov/Archives/edgar/data/826083/000095012309068042/dell-20091030.xml,463fd507bfccfca6391e2fa485c0106e6a7bfff8a8856e6f0af7778c70e03ea0,unsupported_SEC_instance_source
PaymentsToAcquirePropertyPlantAndEquipment,USD,2008-02-02,2008-10-31,401000000.0,2009-12-03,10-Q,Q3,2009,0000950123-09-068042,cik:0000826083,https://www.sec.gov/Archives/edgar/data/826083/000095012309068042/dell-20091030.xml,e0d1ed79c67f077d062b6ee705f114fe9c61a0192a3e6549df31c9bb7ff9fff6,unsupported_SEC_instance_source
PaymentsToAcquirePropertyPlantAndEquipment,USD,2009-01-31,2009-10-30,249000000.0,2009-12-03,10-Q,Q3,2009,0000950123-09-068042,cik:0000826083,https://www.sec.gov/Archives/edgar/data/826083/000095012309068042/dell-20091030.xml,c6b2477621ae72e5796a8be827a4e59a02ac0874470a7ce2d58a3a2042a679e7,unsupported_SEC_instance_source
CommonStockSharesOutstanding,shares,,2009-01-30,1944000000.0,2010-03-18,10-K,FY,2009,0000950123-10-025998,cik:0000826083,https://www.sec.gov/Archives/edgar/data/826083/000095012310025998/dell-20100129.xml,51da788983d264fd54e2a5bdd9c74a33779666746c3fbcbbcb61132103e1bbf6,unsupported_SEC_instance_source
CommonStockSharesOutstanding,shares,,2010-01-29,1957000000.0,2010-03-18,10-K,FY,2009,0000950123-10-025998,cik:0000826083,https://www.sec.gov/Archives/edgar/data/826083/000095012310025998/dell-20100129.xml,19a916d392e38b114d004758f4f93baf30590f4d090e3a071c645c1d00681526,unsupported_SEC_instance_source
NetCashProvidedByUsedInOperatingActivities,USD,2007-02-03,2008-02-01,3949000000.0,2010-03-18,10-K,FY,2009,0000950123-10-025998,cik:0000826083,https://www.sec.gov/Archives/edgar/data/826083/000095012310025998/dell-20100129.xml,ace9ec47b569411161380163eff792296a43f1642d744dadd26ed6b851ed23dd,unsupported_SEC_instance_source
NetCashProvidedByUsedInOperatingActivities,USD,2008-02-02,2009-01-30,1894000000.0,2010-03-18,10-K,FY,2009,0000950123-10-025998,cik:0000826083,https://www.sec.gov/Archives/edgar/data/826083/000095012310025998/dell-20100129.xml,56662c2273b1046090d8ad5437deb1e4ef6a97489c574aea893a047d45be8693,unsupported_SEC_instance_source
NetCashProvidedByUsedInOperatingActivities,USD,2009-01-31,2010-01-29,3906000000.0,2010-03-18,10-K,FY,2009,0000950123-10-025998,cik:0000826083,https://www.sec.gov/Archives/edgar/data/826083/000095012310025998/dell-20100129.xml,4d394657a37b7237d2bbd999558b233da61436bb6c95682e6d69c8d5d143b305,unsupported_SEC_instance_source
PaymentsForRepurchaseOfCommonStock,USD,2007-02-03,2008-02-01,4004000000.0,2010-03-18,10-K,FY,2009,0000950123-10-025998,cik:0000826083,https://www.sec.gov/Archives/edgar/data/826083/000095012310025998/dell-20100129.xml,571cde27da7b2102f6a305eea71611d22389eacc022e999aa9a46eab8ac99530,unsupported_SEC_instance_source
PaymentsForRepurchaseOfCommonStock,USD,2008-02-02,2009-01-30,2867000000.0,2010-03-18,10-K,FY,2009,0000950123-10-025998,cik:0000826083,https://www.sec.gov/Archives/edgar/data/826083/000095012310025998/dell-20100129.xml,cb7ccec18983a147dee7480f732e1ce3dbbbae5b0cf6161a6d0ac90294bfd1f3,unsupported_SEC_instance_source
PaymentsToAcquirePropertyPlantAndEquipment,USD,2007-02-03,2008-02-01,831000000.0,2010-03-18,10-K,FY,2009,0000950123-10-025998,cik:0000826083,https://www.sec.gov/Archives/edgar/data/826083/000095012310025998/dell-20100129.xml,eb9a4ca512443ce79c6d2e5faa848f703d6fe5ec0afe148a54ee9810fa9fc65f,unsupported_SEC_instance_source
PaymentsToAcquirePropertyPlantAndEquipment,USD,2008-02-02,2009-01-30,440000000.0,2010-03-18,10-K,FY,2009,0000950123-10-025998,cik:0000826083,https://www.sec.gov/Archives/edgar/data/826083/000095012310025998/dell-20100129.xml,dc19530116ab2b9607b96d72cc232a6e68247bec366dacf5670f885f1c84b90b,unsupported_SEC_instance_source
PaymentsToAcquirePropertyPlantAndEquipment,USD,2009-01-31,2010-01-29,367000000.0,2010-03-18,10-K,FY,2009,0000950123-10-025998,cik:0000826083,https://www.sec.gov/Archives/edgar/data/826083/000095012310025998/dell-20100129.xml,98f945080846cf9e2d96b6d815165bc090acb35f2f8bdf1945acc6443bee1acf,unsupported_SEC_instance_source
CommonStockSharesOutstanding,shares,,2010-01-29,1957000000.0,2010-06-10,10-Q,Q1,2010,0000950123-10-057270,cik:0000826083,https://www.sec.gov/Archives/edgar/data/826083/000095012310057270/dell-20100430.xml,d94486ce9f60c28da02b39da9d45d0efa8e99ad1d9e165bbd300cac77fbcf3c8,unsupported_SEC_instance_source
CommonStockSharesOutstanding,shares,,2010-04-30,1955000000.0,2010-06-10,10-Q,Q1,2010,0000950123-10-057270,cik:0000826083,https://www.sec.gov/Archives/edgar/data/826083/000095012310057270/dell-20100430.xml,17953df8cfdba16bd895b5d93f3ec8568eac7f3d1be46baf12be7e1bee8bff41,unsupported_SEC_instance_source
NetCashProvidedByUsedInOperatingActivities,USD,2009-01-31,2009-05-01,761000000.0,2010-06-10,10-Q,Q1,2010,0000950123-10-057270,cik:0000826083,https://www.sec.gov/Archives/edgar/data/826083/000095012310057270/dell-20100430.xml,3636f3ce0c156b154bf13b3f45d8acdf72b5c06a938d036b0056aeeea1e43349,unsupported_SEC_instance_source
NetCashProvidedByUsedInOperatingActivities,USD,2010-01-30,2010-04-30,238000000.0,2010-06-10,10-Q,Q1,2010,0000950123-10-057270,cik:0000826083,https://www.sec.gov/Archives/edgar/data/826083/000095012310057270/dell-20100430.xml,770167c1b773b89d72bf96028b173786eacf25798b5059cdfcf45a3e0c82171f,unsupported_SEC_instance_source
PaymentsForRepurchaseOfCommonStock,USD,2009-01-31,2009-05-01,0.0,2010-06-10,10-Q,Q1,2010,0000950123-10-057270,cik:0000826083,https://www.sec.gov/Archives/edgar/data/826083/000095012310057270/dell-20100430.xml,c3dd111d78fc26a54ad1d6dcf89882b3d9b048041db71bae17bfb40f69d2431d,unsupported_SEC_instance_source
PaymentsForRepurchaseOfCommonStock,USD,2010-01-30,2010-04-30,200000000.0,2010-06-10,10-Q,Q1,2010,0000950123-10-057270,cik:0000826083,https://www.sec.gov/Archives/edgar/data/826083/000095012310057270/dell-20100430.xml,659e4084a4aad4a9bedc216115bce94f80b892c9c81b614fa77aa229f4d80d4d,unsupported_SEC_instance_source
PaymentsToAcquirePropertyPlantAndEquipment,USD,2009-01-31,2009-05-01,80000000.0,2010-06-10,10-Q,Q1,2010,0000950123-10-057270,cik:0000826083,https://www.sec.gov/Archives/edgar/data/826083/000095012310057270/dell-20100430.xml,dbf8ed940f77eecd7233655979dc0db5717769bddb2b357883e60254727162e6,unsupported_SEC_instance_source
PaymentsToAcquirePropertyPlantAndEquipment,USD,2010-01-30,2010-04-30,46000000.0,2010-06-10,10-Q,Q1,2010,0000950123-10-057270,cik:0000826083,https://www.sec.gov/Archives/edgar/data/826083/000095012310057270/dell-20100430.xml,73357ce4df823b63a03b97e20d1c1a687f74e0f6fa4fb5ea598587b9d7c1ca5d,unsupported_SEC_instance_source
CommonStockSharesOutstanding,shares,,2010-01-29,1957000000.0,2010-09-01,10-Q/A,Q2,2010,0000950123-10-083010,cik:0000826083,https://www.sec.gov/Archives/edgar/data/826083/000095012310083010/dell-20100730.xml,3688fbf07a6844ade1863752a4102f903a5c1242b5ddd99a6d2bca39d5cba0e8,unsupported_SEC_instance_source
CommonStockSharesOutstanding,shares,,2010-07-30,1945000000.0,2010-09-01,10-Q/A,Q2,2010,0000950123-10-083010,cik:0000826083,https://www.sec.gov/Archives/edgar/data/826083/000095012310083010/dell-20100730.xml,8be5574b2316eb366316d515adb1210129f661c2385f3181a236c91564258462,unsupported_SEC_instance_source
NetCashProvidedByUsedInOperatingActivities,USD,2009-01-31,2009-07-31,1837000000.0,2010-09-01,10-Q/A,Q2,2010,0000950123-10-083010,cik:0000826083,https://www.sec.gov/Archives/edgar/data/826083/000095012310083010/dell-20100730.xml,353746739948bfaaaec3b75d33f13e9dbacbcc9c5174fc0630b2c41816bee4dd,unsupported_SEC_instance_source
NetCashProvidedByUsedInOperatingActivities,USD,2010-01-30,2010-07-30,1573000000.0,2010-09-01,10-Q/A,Q2,2010,0000950123-10-083010,cik:0000826083,https://www.sec.gov/Archives/edgar/data/826083/000095012310083010/dell-20100730.xml,708bca97f619b8d1a4f67fb5e5645ed41d47725419d6ab2de20f32ee005f855e,unsupported_SEC_instance_source
PaymentsForRepurchaseOfCommonStock,USD,2010-01-30,2010-07-30,400000000.0,2010-09-01,10-Q/A,Q2,2010,0000950123-10-083010,cik:0000826083,https://www.sec.gov/Archives/edgar/data/826083/000095012310083010/dell-20100730.xml,3ccdff47bd5d4758bd0805e1fdccae61f1579ca82efbfdd376459410e1f57e65,unsupported_SEC_instance_source
PaymentsToAcquirePropertyPlantAndEquipment,USD,2009-01-31,2009-07-31,179000000.0,2010-09-01,10-Q/A,Q2,2010,0000950123-10-083010,cik:0000826083,https://www.sec.gov/Archives/edgar/data/826083/000095012310083010/dell-20100730.xml,0748df8a4ed87220485e5bb783a3e5ae74709efb953639b0a078c17cb6f6d1fd,unsupported_SEC_instance_source
PaymentsToAcquirePropertyPlantAndEquipment,USD,2010-01-30,2010-07-30,191000000.0,2010-09-01,10-Q/A,Q2,2010,0000950123-10-083010,cik:0000826083,https://www.sec.gov/Archives/edgar/data/826083/000095012310083010/dell-20100730.xml,633393436cafa0da9807786fc95d75b1b3085666dd6101588e9648ba91e1ec00,unsupported_SEC_instance_source
CommonStockSharesOutstanding,shares,,2010-01-29,1957000000.0,2010-12-02,10-Q,Q3,2010,0000950123-10-110442,cik:0000826083,https://www.sec.gov/Archives/edgar/data/826083/000095012310110442/dell-20101029.xml,ce0f7fe0d036fdde8f1a8261924f543101e296d369b43cc7ab5f381364ce34d4,unsupported_SEC_instance_source
CommonStockSharesOutstanding,shares,,2010-10-29,1930000000.0,2010-12-02,10-Q,Q3,2010,0000950123-10-110442,cik:0000826083,https://www.sec.gov/Archives/edgar/data/826083/000095012310110442/dell-20101029.xml,ec6a218f8273bc7fa5b441e87278048fceb461e7a4c007c4bde716e80b2f5dfc,unsupported_SEC_instance_source
NetCashProvidedByUsedInOperatingActivities,USD,2009-01-31,2009-10-30,2638000000.0,2010-12-02,10-Q,Q3,2010,0000950123-10-110442,cik:0000826083,https://www.sec.gov/Archives/edgar/data/826083/000095012310110442/dell-20101029.xml,d22bbbad7f23cebb1be454e43366942f2ad2742a4a301207aede021eb25341fc,unsupported_SEC_instance_source
NetCashProvidedByUsedInOperatingActivities,USD,2010-01-30,2010-10-29,2486000000.0,2010-12-02,10-Q,Q3,2010,0000950123-10-110442,cik:0000826083,https://www.sec.gov/Archives/edgar/data/826083/000095012310110442/dell-20101029.xml,c100f1dbf0261883499a67c8e37adf68da6d82ea53395b21fb1df7527c43c27e,unsupported_SEC_instance_source
PaymentsForRepurchaseOfCommonStock,USD,2010-01-30,2010-10-29,600000000.0,2010-12-02,10-Q,Q3,2010,0000950123-10-110442,cik:0000826083,https://www.sec.gov/Archives/edgar/data/826083/000095012310110442/dell-20101029.xml,36972e527d37a1146517304cf738a65db9ec42b4cab3608100d5283e649574b5,unsupported_SEC_instance_source
PaymentsToAcquirePropertyPlantAndEquipment,USD,2009-01-31,2009-10-30,249000000.0,2010-12-02,10-Q,Q3,2010,0000950123-10-110442,cik:0000826083,https://www.sec.gov/Archives/edgar/data/826083/000095012310110442/dell-20101029.xml,06724c79b23d901370d98687436077737d44488f1effb026e34cf1e46feb7c26,unsupported_SEC_instance_source
PaymentsToAcquirePropertyPlantAndEquipment,USD,2010-01-30,2010-10-29,284000000.0,2010-12-02,10-Q,Q3,2010,0000950123-10-110442,cik:0000826083,https://www.sec.gov/Archives/edgar/data/826083/000095012310110442/dell-20101029.xml,38d027a55450ae982838de95dee86e0483fddb9b8e5027399a9eb9d220c02fb4,unsupported_SEC_instance_source
CommonStockSharesOutstanding,shares,,2010-01-29,1957000000.0,2011-03-15,10-K,FY,2010,0000950123-11-025579,cik:0000826083,https://www.sec.gov/Archives/edgar/data/826083/000095012311025579/dell-20110128.xml,025dcd9cc59103e2aa7084568066018e0439592e015ab84a59cd35c605490551,unsupported_SEC_instance_source
CommonStockSharesOutstanding,shares,,2011-01-28,1918000000.0,2011-03-15,10-K,FY,2010,0000950123-11-025579,cik:0000826083,https://www.sec.gov/Archives/edgar/data/826083/000095012311025579/dell-20110128.xml,548d17314b2752c319923e99ea90fa92c90941a6715ca9e1aa00a598cd83ee25,unsupported_SEC_instance_source
NetCashProvidedByUsedInOperatingActivities,USD,2008-02-02,2009-01-30,1894000000.0,2011-03-15,10-K,FY,2010,0000950123-11-025579,cik:0000826083,https://www.sec.gov/Archives/edgar/data/826083/000095012311025579/dell-20110128.xml,9ede9ab724586c81153a2198d76d2ddd8a3a9ea13001ef71c33899c9e03c4335,unsupported_SEC_instance_source
NetCashProvidedByUsedInOperatingActivities,USD,2009-01-31,2010-01-29,3906000000.0,2011-03-15,10-K,FY,2010,0000950123-11-025579,cik:0000826083,https://www.sec.gov/Archives/edgar/data/826083/000095012311025579/dell-20110128.xml,e8130274b4ceaa76b50f8672cc72766cec2dee3fdc4c7bb4904c79d7bb1ae040,unsupported_SEC_instance_source
NetCashProvidedByUsedInOperatingActivities,USD,2010-01-30,2011-01-28,3969000000.0,2011-03-15,10-K,FY,2010,0000950123-11-025579,cik:0000826083,https://www.sec.gov/Archives/edgar/data/826083/000095012311025579/dell-20110128.xml,b494f53d2d6ba57569ec391fe55a8ed99e8796e020dc505b1c88bd2423de9151,unsupported_SEC_instance_source
PaymentsForRepurchaseOfCommonStock,USD,2008-02-02,2009-01-30,2867000000.0,2011-03-15,10-K,FY,2010,0000950123-11-025579,cik:0000826083,https://www.sec.gov/Archives/edgar/data/826083/000095012311025579/dell-20110128.xml,12f9e85edc0ed8f13d8c0b9d2cc73c40d95f1ba10a94378aaeb2e2b918613f8c,unsupported_SEC_instance_source
PaymentsForRepurchaseOfCommonStock,USD,2010-01-30,2011-01-28,800000000.0,2011-03-15,10-K,FY,2010,0000950123-11-025579,cik:0000826083,https://www.sec.gov/Archives/edgar/data/826083/000095012311025579/dell-20110128.xml,3b6d7fe66f854d710991456d77b52058eaa5432c32f9a5904269504bb1373328,unsupported_SEC_instance_source
PaymentsToAcquirePropertyPlantAndEquipment,USD,2008-02-02,2009-01-30,440000000.0,2011-03-15,10-K,FY,2010,0000950123-11-025579,cik:0000826083,https://www.sec.gov/Archives/edgar/data/826083/000095012311025579/dell-20110128.xml,fa28a9bee1aae667d274dc95f9f6b715872107ea27005897cf034d51580aeef9,unsupported_SEC_instance_source
PaymentsToAcquirePropertyPlantAndEquipment,USD,2009-01-31,2010-01-29,367000000.0,2011-03-15,10-K,FY,2010,0000950123-11-025579,cik:0000826083,https://www.sec.gov/Archives/edgar/data/826083/000095012311025579/dell-20110128.xml,712211ba46147bdbf47563f5bb9498aec010bd548080064c08840238a89d6404,unsupported_SEC_instance_source
PaymentsToAcquirePropertyPlantAndEquipment,USD,2010-01-30,2011-01-28,444000000.0,2011-03-15,10-K,FY,2010,0000950123-11-025579,cik:0000826083,https://www.sec.gov/Archives/edgar/data/826083/000095012311025579/dell-20110128.xml,f129e3c903154661e7ad3e9e0b451fe119c04efb017ad35fe0b02ff61bdc9358,unsupported_SEC_instance_source
CommonStockSharesOutstanding,shares,,2012-07-28,5298000000.0,2012-11-20,10-Q,Q1,2013,0001445305-12-003709,cik:0000858877,https://www.sec.gov/Archives/edgar/data/858877/000144530512003709/csco-20121027.xml,0f5adb39e8c18fb22a11861280073164d6dabd88176acbcfb45616a24970dd1f,unsupported_SEC_instance_source
CommonStockSharesOutstanding,shares,,2012-10-27,5311000000.0,2012-11-20,10-Q,Q1,2013,0001445305-12-003709,cik:0000858877,https://www.sec.gov/Archives/edgar/data/858877/000144530512003709/csco-20121027.xml,752a716640c34b5a33881f60e30c6738507b03280c9c243a015aee293775dee4,unsupported_SEC_instance_source
NetCashProvidedByUsedInOperatingActivities,USD,2011-07-31,2011-10-29,2333000000.0,2012-11-20,10-Q,Q1,2013,0001445305-12-003709,cik:0000858877,https://www.sec.gov/Archives/edgar/data/858877/000144530512003709/csco-20121027.xml,8c6be6285b2fbd82fdc5b0ad7cb31af02c35630cf5abf429272b9cfe37bd825a,unsupported_SEC_instance_source
NetCashProvidedByUsedInOperatingActivities,USD,2012-07-29,2012-10-27,2465000000.0,2012-11-20,10-Q,Q1,2013,0001445305-12-003709,cik:0000858877,https://www.sec.gov/Archives/edgar/data/858877/000144530512003709/csco-20121027.xml,d07a0cc5d040c5e46a3281fdec9f0cfaa1ce0a5cb8605b994b6bc653f262c2d9,unsupported_SEC_instance_source
PaymentsForRepurchaseOfCommonStock,USD,2011-07-31,2011-10-29,1744000000.0,2012-11-20,10-Q,Q1,2013,0001445305-12-003709,cik:0000858877,https://www.sec.gov/Archives/edgar/data/858877/000144530512003709/csco-20121027.xml,982ef4790c2e8f1bd1c29d9ae5995d3c7c9d2a0444b3bc27f5ea92fc24799b84,unsupported_SEC_instance_source
PaymentsForRepurchaseOfCommonStock,USD,2012-07-29,2012-10-27,183000000.0,2012-11-20,10-Q,Q1,2013,0001445305-12-003709,cik:0000858877,https://www.sec.gov/Archives/edgar/data/858877/000144530512003709/csco-20121027.xml,cbdb7bf67efb26f6cad07cb0214be1216c8de4210e514c8653bb3ed99fe38918,unsupported_SEC_instance_source
PaymentsToAcquirePropertyPlantAndEquipment,USD,2011-07-31,2011-10-29,265000000.0,2012-11-20,10-Q,Q1,2013,0001445305-12-003709,cik:0000858877,https://www.sec.gov/Archives/edgar/data/858877/000144530512003709/csco-20121027.xml,bd7f43de7f006985e66e7c01484a50c9cba5ccbd8400c89f9edc628a2873bdb2,unsupported_SEC_instance_source
PaymentsToAcquirePropertyPlantAndEquipment,USD,2012-07-29,2012-10-27,265000000.0,2012-11-20,10-Q,Q1,2013,0001445305-12-003709,cik:0000858877,https://www.sec.gov/Archives/edgar/data/858877/000144530512003709/csco-20121027.xml,903c35f4e06e9b1955bd621a2325cd049b983993a112a2daffd51b10df62f8bb,unsupported_SEC_instance_source
ProceedsFromIssuanceOfCommonStock,USD,2011-07-31,2011-10-29,203000000.0,2012-11-20,10-Q,Q1,2013,0001445305-12-003709,cik:0000858877,https://www.sec.gov/Archives/edgar/data/858877/000144530512003709/csco-20121027.xml,bc94e0c5546cfe7c09a49b5f8c979133045747ce5d85ba2bea2e7b337da30f58,unsupported_SEC_instance_source
ProceedsFromIssuanceOfCommonStock,USD,2012-07-29,2012-10-27,117000000.0,2012-11-20,10-Q,Q1,2013,0001445305-12-003709,cik:0000858877,https://www.sec.gov/Archives/edgar/data/858877/000144530512003709/csco-20121027.xml,aee5aefcd40d48d43eef7946d8cf301ce93f9a3c5ab38d1a56199e050a4e0ca8,unsupported_SEC_instance_source
NetCashProvidedByUsedInOperatingActivities,USD,2008-08-31,2009-02-14,148294000.0,2010-03-18,10-Q,Q2,2010,0000950123-10-025907,cik:0000866787,https://www.sec.gov/Archives/edgar/data/866787/000095012310025907/azo-20100213.xml,55b7ce64018cb1a6406909aa2c38c4800680e1c59b3f5040b401784feedc6faa,unsupported_SEC_instance_source
NetCashProvidedByUsedInOperatingActivities,USD,2009-08-30,2010-02-13,348908000.0,2010-03-18,10-Q,Q2,2010,0000950123-10-025907,cik:0000866787,https://www.sec.gov/Archives/edgar/data/866787/000095012310025907/azo-20100213.xml,df570fdf564cd61667e9de2497b486378a883109084eb3f624f04d28b4321ca6,unsupported_SEC_instance_source
PaymentsForRepurchaseOfCommonStock,USD,2008-08-31,2009-02-14,647166000.0,2010-03-18,10-Q,Q2,2010,0000950123-10-025907,cik:0000866787,https://www.sec.gov/Archives/edgar/data/866787/000095012310025907/azo-20100213.xml,c4e54ca6ea980ac009dfcf5e308c69e0e13a961e0f51da5ba6bf4a2902f3580d,unsupported_SEC_instance_source
PaymentsForRepurchaseOfCommonStock,USD,2009-08-30,2010-02-13,291888000.0,2010-03-18,10-Q,Q2,2010,0000950123-10-025907,cik:0000866787,https://www.sec.gov/Archives/edgar/data/866787/000095012310025907/azo-20100213.xml,ac25483b74a12d0d53f7f38dd5ec1ddfa60e91b1af823f3a349b9a7901041be1,unsupported_SEC_instance_source
PaymentsToAcquirePropertyPlantAndEquipment,USD,2008-08-31,2009-02-14,98146000.0,2010-03-18,10-Q,Q2,2010,0000950123-10-025907,cik:0000866787,https://www.sec.gov/Archives/edgar/data/866787/000095012310025907/azo-20100213.xml,fc4fbe829f1ed09f7693abb7d5d0c0faefda9d24a73b1f506aa3ef91b142136a,unsupported_SEC_instance_source
PaymentsToAcquirePropertyPlantAndEquipment,USD,2009-08-30,2010-02-13,111128000.0,2010-03-18,10-Q,Q2,2010,0000950123-10-025907,cik:0000866787,https://www.sec.gov/Archives/edgar/data/866787/000095012310025907/azo-20100213.xml,82f9c5444800f1e8c325161e3efb06fd91d221378c5aa210509f6ea3334f6a4b,unsupported_SEC_instance_source
CommonStockSharesOutstanding,shares,,2009-08-29,50801000.0,2010-10-25,10-K,FY,2010,0000950123-10-095687,cik:0000866787,https://www.sec.gov/Archives/edgar/data/866787/000095012310095687/azo-20100828.xml,d236842468b0b697659a4d19314efbb4293743e9197c397fed6950731f3635d5,unsupported_SEC_instance_source
CommonStockSharesOutstanding,shares,,2010-08-28,45107000.0,2010-10-25,10-K,FY,2010,0000950123-10-095687,cik:0000866787,https://www.sec.gov/Archives/edgar/data/866787/000095012310095687/azo-20100828.xml,aec186281e7c83fd56ab12e52d4322f3c166b1b80f10f525770a874fb3dc3489,unsupported_SEC_instance_source
NetCashProvidedByUsedInOperatingActivities,USD,2007-08-26,2008-08-30,921100000.0,2010-10-25,10-K,FY,2010,0000950123-10-095687,cik:0000866787,https://www.sec.gov/Archives/edgar/data/866787/000095012310095687/azo-20100828.xml,00499a82cf17349f8e8526e5ade01e5257fc8286cfe8b45a47cb5887b9ead7a3,unsupported_SEC_instance_source
NetCashProvidedByUsedInOperatingActivities,USD,2008-08-31,2009-08-29,923808000.0,2010-10-25,10-K,FY,2010,0000950123-10-095687,cik:0000866787,https://www.sec.gov/Archives/edgar/data/866787/000095012310095687/azo-20100828.xml,0e514283f586b9be7338ebb8bf9fdc27665a885c48d404b7627a9f14ad06b360,unsupported_SEC_instance_source
NetCashProvidedByUsedInOperatingActivities,USD,2009-08-30,2010-08-28,1196252000.0,2010-10-25,10-K,FY,2010,0000950123-10-095687,cik:0000866787,https://www.sec.gov/Archives/edgar/data/866787/000095012310095687/azo-20100828.xml,25006851a4845029fb081b38495f2db75c4ffa93934eb1c638abc58b6cdd124f,unsupported_SEC_instance_source
PaymentsForRepurchaseOfCommonStock,USD,2007-08-26,2008-08-30,849196000.0,2010-10-25,10-K,FY,2010,0000950123-10-095687,cik:0000866787,https://www.sec.gov/Archives/edgar/data/866787/000095012310095687/azo-20100828.xml,f26758bf5149e7410aed3296719b7168c876ec9339495167740f87fcfb46cd91,unsupported_SEC_instance_source
PaymentsForRepurchaseOfCommonStock,USD,2008-08-31,2009-08-29,1300002000.0,2010-10-25,10-K,FY,2010,0000950123-10-095687,cik:0000866787,https://www.sec.gov/Archives/edgar/data/866787/000095012310095687/azo-20100828.xml,e3568183153d69b8a2c2a4199721b8ec255aa5d02242a20831a5d48b9f0a0d05,unsupported_SEC_instance_source
PaymentsForRepurchaseOfCommonStock,USD,2009-08-30,2010-08-28,1123655000.0,2010-10-25,10-K,FY,2010,0000950123-10-095687,cik:0000866787,https://www.sec.gov/Archives/edgar/data/866787/000095012310095687/azo-20100828.xml,26a8f64f29090b4fe669f989f1aa3dcb2852698cd82a9e3b40f2189acf4d8a5e,unsupported_SEC_instance_source
PaymentsToAcquirePropertyPlantAndEquipment,USD,2007-08-26,2008-08-30,243594000.0,2010-10-25,10-K,FY,2010,0000950123-10-095687,cik:0000866787,https://www.sec.gov/Archives/edgar/data/866787/000095012310095687/azo-20100828.xml,f9124826c7579c5d90f5032469755c16fba89a75202abef9631feaf35d82a70d,unsupported_SEC_instance_source
PaymentsToAcquirePropertyPlantAndEquipment,USD,2008-08-31,2009-08-29,272247000.0,2010-10-25,10-K,FY,2010,0000950123-10-095687,cik:0000866787,https://www.sec.gov/Archives/edgar/data/866787/000095012310095687/azo-20100828.xml,c74141238a70bc8c67adf9d30de5f331ab319c635638eb2e8e8d0b55057054a7,unsupported_SEC_instance_source
PaymentsToAcquirePropertyPlantAndEquipment,USD,2009-08-30,2010-08-28,315400000.0,2010-10-25,10-K,FY,2010,0000950123-10-095687,cik:0000866787,https://www.sec.gov/Archives/edgar/data/866787/000095012310095687/azo-20100828.xml,6905d7f106bdc3cf6623694128e8f1421bbe77b8bff29386d9bf462a2440897f,unsupported_SEC_instance_source
CommonStockSharesOutstanding,shares,,2013-08-31,34293000.0,2014-03-25,10-Q,Q2,2014,0001193125-14-114510,cik:0000866787,https://www.sec.gov/Archives/edgar/data/866787/000119312514114510/azo-20140215.xml,f473a57456c1132543bc8486b9d93c82b0389b4d94fde55bbfb39d50c2dd0b1b,unsupported_SEC_instance_source
CommonStockSharesOutstanding,shares,,2014-02-15,33355000.0,2014-03-25,10-Q,Q2,2014,0001193125-14-114510,cik:0000866787,https://www.sec.gov/Archives/edgar/data/866787/000119312514114510/azo-20140215.xml,2ebb26041dd29d6f17f45a60868ca022ac19f6ba20a6dcce71a2c84162bb3125,unsupported_SEC_instance_source
NetCashProvidedByUsedInOperatingActivities,USD,2012-08-26,2013-02-09,510843000.0,2014-03-25,10-Q,Q2,2014,0001193125-14-114510,cik:0000866787,https://www.sec.gov/Archives/edgar/data/866787/000119312514114510/azo-20140215.xml,85059211b4d8045dc148beeed073dde992c514a9aa17be0f27cd83578cf10976,unsupported_SEC_instance_source
NetCashProvidedByUsedInOperatingActivities,USD,2013-09-01,2014-02-15,507972000.0,2014-03-25,10-Q,Q2,2014,0001193125-14-114510,cik:0000866787,https://www.sec.gov/Archives/edgar/data/866787/000119312514114510/azo-20140215.xml,dd2069b413b23aa98563e19626e29882589fa24ebafe2aac34c7f9488856fe4a,unsupported_SEC_instance_source
PaymentsForRepurchaseOfCommonStock,USD,2012-08-26,2013-02-09,502348000.0,2014-03-25,10-Q,Q2,2014,0001193125-14-114510,cik:0000866787,https://www.sec.gov/Archives/edgar/data/866787/000119312514114510/azo-20140215.xml,d7ebbfb5f9528ebd99e1c8faf070763ce7a775262ecabb1047c2c9dce590cbd1,unsupported_SEC_instance_source
PaymentsForRepurchaseOfCommonStock,USD,2013-09-01,2014-02-15,491538000.0,2014-03-25,10-Q,Q2,2014,0001193125-14-114510,cik:0000866787,https://www.sec.gov/Archives/edgar/data/866787/000119312514114510/azo-20140215.xml,4c9efed81e577eca777af7ab2294e438e9b55e86c59e9e55bef089b6b229ad85,unsupported_SEC_instance_source
PaymentsToAcquirePropertyPlantAndEquipment,USD,2012-08-26,2013-02-09,169613000.0,2014-03-25,10-Q,Q2,2014,0001193125-14-114510,cik:0000866787,https://www.sec.gov/Archives/edgar/data/866787/000119312514114510/azo-20140215.xml,15d8ce4fd593a56ed935a7d817b0534cb66cb6c9c30b3080ab2e7859b5fa2d83,unsupported_SEC_instance_source
PaymentsToAcquirePropertyPlantAndEquipment,USD,2013-09-01,2014-02-15,159961000.0,2014-03-25,10-Q,Q2,2014,0001193125-14-114510,cik:0000866787,https://www.sec.gov/Archives/edgar/data/866787/000119312514114510/azo-20140215.xml,c8268c64f7f3af954924854f48d78bdb55b4cfa3371c107494d7027209a9ba78,unsupported_SEC_instance_source
CommonStockSharesOutstanding,shares,,2013-08-31,34293000.0,2014-10-27,10-K,FY,2014,0001193125-14-383401,cik:0000866787,https://www.sec.gov/Archives/edgar/data/866787/000119312514383401/azo-20140830.xml,17d2274d268df74946f05529cf758bb5e4f605bb451e83a05dc4eed48a2095d8,unsupported_SEC_instance_source
CommonStockSharesOutstanding,shares,,2014-08-30,32304000.0,2014-10-27,10-K,FY,2014,0001193125-14-383401,cik:0000866787,https://www.sec.gov/Archives/edgar/data/866787/000119312514383401/azo-20140830.xml,76af9df07fb4b14aec949b439c0ee165e559d91e1b17c7017c8ce286f24774e1,unsupported_SEC_instance_source
PaymentsForRepurchaseOfCommonStock,USD,2011-08-28,2012-08-25,1362869000.0,2014-10-27,10-K,FY,2014,0001193125-14-383401,cik:0000866787,https://www.sec.gov/Archives/edgar/data/866787/000119312514383401/azo-20140830.xml,133a72732114c82c482d588d5a7a164a6801644b48d8b4cb7c66a7530d7b1b67,unsupported_SEC_instance_source
PaymentsForRepurchaseOfCommonStock,USD,2012-08-26,2013-08-31,1387315000.0,2014-10-27,10-K,FY,2014,0001193125-14-383401,cik:0000866787,https://www.sec.gov/Archives/edgar/data/866787/000119312514383401/azo-20140830.xml,464e82ea092324ba6fbb8711c71bedf0dcfc99ede5014301fddb147e0787634b,unsupported_SEC_instance_source
PaymentsForRepurchaseOfCommonStock,USD,2013-09-01,2014-08-30,1099212000.0,2014-10-27,10-K,FY,2014,0001193125-14-383401,cik:0000866787,https://www.sec.gov/Archives/edgar/data/866787/000119312514383401/azo-20140830.xml,4f6443c760e911bf465b2a808e5617fce3ff7284481b9f9485392116eda8950e,unsupported_SEC_instance_source
PaymentsToAcquirePropertyPlantAndEquipment,USD,2011-08-28,2012-08-25,378054000.0,2014-10-27,10-K,FY,2014,0001193125-14-383401,cik:0000866787,https://www.sec.gov/Archives/edgar/data/866787/000119312514383401/azo-20140830.xml,83bbfcb326d3aece416a1d06a8635f9c5bdd703e51e4a736ad575aeb6e87de1d,unsupported_SEC_instance_source
PaymentsToAcquirePropertyPlantAndEquipment,USD,2012-08-26,2013-08-31,414451000.0,2014-10-27,10-K,FY,2014,0001193125-14-383401,cik:0000866787,https://www.sec.gov/Archives/edgar/data/866787/000119312514383401/azo-20140830.xml,ae19497f23c615cdb970fece9f162915cfa5e9a55350d2d208d3e69245acee51,unsupported_SEC_instance_source
PaymentsToAcquirePropertyPlantAndEquipment,USD,2013-09-01,2014-08-30,438116000.0,2014-10-27,10-K,FY,2014,0001193125-14-383401,cik:0000866787,https://www.sec.gov/Archives/edgar/data/866787/000119312514383401/azo-20140830.xml,16019e501aa3d6fd6affcddd35879b73c88dae96b8cd25fff7cef22627e17c13,unsupported_SEC_instance_source
CommonStockSharesOutstanding,shares,,2014-08-30,32304000.0,2015-03-24,10-Q,Q2,2015,0001193125-15-103307,cik:0000866787,https://www.sec.gov/Archives/edgar/data/866787/000119312515103307/azo-20150214.xml,6aec7c404a486f37485ecdb7bce75d723516baad9b9813904bb4cf80aec3afd9,unsupported_SEC_instance_source
CommonStockSharesOutstanding,shares,,2015-02-14,31902000.0,2015-03-24,10-Q,Q2,2015,0001193125-15-103307,cik:0000866787,https://www.sec.gov/Archives/edgar/data/866787/000119312515103307/azo-20150214.xml,0dcb78cb3d83bc7dc483759209fbcd580b0f0a665d9ac1d40621f2222a6ba0cb,unsupported_SEC_instance_source
PaymentsForRepurchaseOfCommonStock,USD,2013-09-01,2014-02-15,491538000.0,2015-03-24,10-Q,Q2,2015,0001193125-15-103307,cik:0000866787,https://www.sec.gov/Archives/edgar/data/866787/000119312515103307/azo-20150214.xml,0c3c6952047187100dd52592adbd45dc94afd29fe5d95d5ec93d3a7e4f654a0e,unsupported_SEC_instance_source
PaymentsForRepurchaseOfCommonStock,USD,2014-08-31,2015-02-14,325667000.0,2015-03-24,10-Q,Q2,2015,0001193125-15-103307,cik:0000866787,https://www.sec.gov/Archives/edgar/data/866787/000119312515103307/azo-20150214.xml,57ccfe75b9db8134f49fd7dc7afaf9c17bff5abd5d95bcea2569b854cfd98181,unsupported_SEC_instance_source
PaymentsToAcquirePropertyPlantAndEquipment,USD,2013-09-01,2014-02-15,159961000.0,2015-03-24,10-Q,Q2,2015,0001193125-15-103307,cik:0000866787,https://www.sec.gov/Archives/edgar/data/866787/000119312515103307/azo-20150214.xml,39d30370884e2e8f62f0b34c0c05653955f14850c06052b80a9b3e704dbcd094,unsupported_SEC_instance_source
PaymentsToAcquirePropertyPlantAndEquipment,USD,2014-08-31,2015-02-14,186174000.0,2015-03-24,10-Q,Q2,2015,0001193125-15-103307,cik:0000866787,https://www.sec.gov/Archives/edgar/data/866787/000119312515103307/azo-20150214.xml,414eb2e5e36393fd9b18d432029c7a4d6dd8e00aac5b669db4e2463c29125e15,unsupported_SEC_instance_source
CommonStockSharesOutstanding,shares,,2014-08-30,32304000.0,2015-10-26,10-K,FY,2015,0001193125-15-353476,cik:0000866787,https://www.sec.gov/Archives/edgar/data/866787/000119312515353476/azo-20150829.xml,a47c6861b5fd22f5991d0919873a6e50a1b4039268f6f0d6be879009cd774387,unsupported_SEC_instance_source
CommonStockSharesOutstanding,shares,,2015-08-29,30659000.0,2015-10-26,10-K,FY,2015,0001193125-15-353476,cik:0000866787,https://www.sec.gov/Archives/edgar/data/866787/000119312515353476/azo-20150829.xml,d1f050e85b0f7b309b3605c05580dce4979368e20a976f751b033e46238abad0,unsupported_SEC_instance_source
PaymentsForRepurchaseOfCommonStock,USD,2012-08-26,2013-08-31,1387315000.0,2015-10-26,10-K,FY,2015,0001193125-15-353476,cik:0000866787,https://www.sec.gov/Archives/edgar/data/866787/000119312515353476/azo-20150829.xml,a95e1a2649229497f8d7669716f984528d5db6572bd55676a23507abd9cc052f,unsupported_SEC_instance_source
PaymentsForRepurchaseOfCommonStock,USD,2013-09-01,2014-08-30,1099212000.0,2015-10-26,10-K,FY,2015,0001193125-15-353476,cik:0000866787,https://www.sec.gov/Archives/edgar/data/866787/000119312515353476/azo-20150829.xml,c724b3838dcf6331651b1755630a50ca4e6f64589aba95a9880441b99c4adb6d,unsupported_SEC_instance_source
PaymentsForRepurchaseOfCommonStock,USD,2014-08-31,2015-08-29,1271416000.0,2015-10-26,10-K,FY,2015,0001193125-15-353476,cik:0000866787,https://www.sec.gov/Archives/edgar/data/866787/000119312515353476/azo-20150829.xml,2e5e6b529bef2700a62b7b65a19dfe78a6a74a81b9220cbd09b62b0abc427944,unsupported_SEC_instance_source
PaymentsForRepurchaseOfCommonStock,USD,1998-01-01,2015-08-29,15302000000.0,2015-10-26,10-K,FY,2015,0001193125-15-353476,cik:0000866787,https://www.sec.gov/Archives/edgar/data/866787/000119312515353476/azo-20150829.xml,50aaa900badbdd30effbdfdab4ad4230dcb54e18c27db9c1fea17d446642805c,unsupported_SEC_instance_source
PaymentsToAcquirePropertyPlantAndEquipment,USD,2012-08-26,2013-08-31,414451000.0,2015-10-26,10-K,FY,2015,0001193125-15-353476,cik:0000866787,https://www.sec.gov/Archives/edgar/data/866787/000119312515353476/azo-20150829.xml,a5c46645f55323b0860fac550fe98a138960ced44d82902f44ce30c15fcb0319,unsupported_SEC_instance_source
PaymentsToAcquirePropertyPlantAndEquipment,USD,2013-09-01,2014-08-30,438116000.0,2015-10-26,10-K,FY,2015,0001193125-15-353476,cik:0000866787,https://www.sec.gov/Archives/edgar/data/866787/000119312515353476/azo-20150829.xml,c9240033897445636fca5d1f28acfe69d8402f4eb90ae9ff6213ad56b970e368,unsupported_SEC_instance_source
PaymentsToAcquirePropertyPlantAndEquipment,USD,2014-08-31,2015-08-29,480579000.0,2015-10-26,10-K,FY,2015,0001193125-15-353476,cik:0000866787,https://www.sec.gov/Archives/edgar/data/866787/000119312515353476/azo-20150829.xml,deb7d09dfc58f6319fc682da07ae1ffcd2c60c62966099449c80d875e7afaabf,unsupported_SEC_instance_source
CommonStockSharesOutstanding,shares,,2014-08-31,437683000.0,2015-03-11,10-Q,Q2,2015,0000909832-15-000003,cik:0000909832,https://www.sec.gov/Archives/edgar/data/909832/000090983215000003/cost-20150215.xml,621d75095fa600b438918171c2322e7c1748388ce7715f1b4625bf4a1c95bd36,unsupported_SEC_instance_source
CommonStockSharesOutstanding,shares,,2015-02-15,440178000.0,2015-03-11,10-Q,Q2,2015,0000909832-15-000003,cik:0000909832,https://www.sec.gov/Archives/edgar/data/909832/000090983215000003/cost-20150215.xml,84a110be9ff99690d26189088c76464eb2aad2319ca5163ed7e8e94ff99f8797,unsupported_SEC_instance_source
NetCashProvidedByUsedInOperatingActivities,USD,2013-09-02,2014-02-16,1652000000.0,2015-03-11,10-Q,Q2,2015,0000909832-15-000003,cik:0000909832,https://www.sec.gov/Archives/edgar/data/909832/000090983215000003/cost-20150215.xml,ce780d7699c426a1764d037fa676a9c421a854b7433e8eec8126ac4af0276a46,unsupported_SEC_instance_source
NetCashProvidedByUsedInOperatingActivities,USD,2014-09-01,2015-02-15,2028000000.0,2015-03-11,10-Q,Q2,2015,0000909832-15-000003,cik:0000909832,https://www.sec.gov/Archives/edgar/data/909832/000090983215000003/cost-20150215.xml,e1b907d4bbf7273cab144ff87d4a98d1f557eeaebd488bc898c5b49253fbb9d7,unsupported_SEC_instance_source
PaymentsForRepurchaseOfCommonStock,USD,2013-09-02,2014-02-16,0.0,2015-03-11,10-Q,Q2,2015,0000909832-15-000003,cik:0000909832,https://www.sec.gov/Archives/edgar/data/909832/000090983215000003/cost-20150215.xml,8bacf006eb039d27a0e5c10c5fa6af948b56e5c840eac9823f42ff793785c77a,unsupported_SEC_instance_source
PaymentsForRepurchaseOfCommonStock,USD,2014-09-01,2015-02-15,102000000.0,2015-03-11,10-Q,Q2,2015,0000909832-15-000003,cik:0000909832,https://www.sec.gov/Archives/edgar/data/909832/000090983215000003/cost-20150215.xml,fa8b0022f993c06e16c282cb5714a30a5f67b89960c255dc0a146ecdb483c43e,unsupported_SEC_instance_source
PaymentsToAcquirePropertyPlantAndEquipment,USD,2013-11-25,2014-02-16,447000000.0,2015-03-11,10-Q,Q2,2015,0000909832-15-000003,cik:0000909832,https://www.sec.gov/Archives/edgar/data/909832/000090983215000003/cost-20150215.xml,7214a80d0fdb9b711a0865f47e2dc9acc3d03aa47beda4f00b621ba3f9d6085e,unsupported_SEC_instance_source
PaymentsToAcquirePropertyPlantAndEquipment,USD,2013-09-02,2014-02-16,1021000000.0,2015-03-11,10-Q,Q2,2015,0000909832-15-000003,cik:0000909832,https://www.sec.gov/Archives/edgar/data/909832/000090983215000003/cost-20150215.xml,c79e2cc4c878a0e4cc89c674c93ba88ac0e0980d01730d07b58294de702b9156,unsupported_SEC_instance_source
PaymentsToAcquirePropertyPlantAndEquipment,USD,2013-09-02,2014-08-31,1993000000.0,2015-03-11,10-Q,Q2,2015,0000909832-15-000003,cik:0000909832,https://www.sec.gov/Archives/edgar/data/909832/000090983215000003/cost-20150215.xml,7c70af43479e21884ee09e1a55185be90689d2f0b97e52a61629f8e95ca5f5a5,unsupported_SEC_instance_source
PaymentsToAcquirePropertyPlantAndEquipment,USD,2014-11-24,2015-02-15,612000000.0,2015-03-11,10-Q,Q2,2015,0000909832-15-000003,cik:0000909832,https://www.sec.gov/Archives/edgar/data/909832/000090983215000003/cost-20150215.xml,563bc322beb5272335bc60c03fc7e317534764b584892d8da365936bfe528139,unsupported_SEC_instance_source
PaymentsToAcquirePropertyPlantAndEquipment,USD,2014-09-01,2015-02-15,1167000000.0,2015-03-11,10-Q,Q2,2015,0000909832-15-000003,cik:0000909832,https://www.sec.gov/Archives/edgar/data/909832/000090983215000003/cost-20150215.xml,ff1a637c09c25ef8b74467d38de7c1fbc2e6dad73e64b47a1e63c30b24b27401,unsupported_SEC_instance_source
ProceedsFromStockOptionsExercised,USD,2013-09-02,2014-02-16,11000000.0,2015-03-11,10-Q,Q2,2015,0000909832-15-000003,cik:0000909832,https://www.sec.gov/Archives/edgar/data/909832/000090983215000003/cost-20150215.xml,47567cad32b0f73f8d0b4d95860212236f38dacc5e24cf0014e95dc7f3631e1b,unsupported_SEC_instance_source
ProceedsFromStockOptionsExercised,USD,2014-09-01,2015-02-15,23000000.0,2015-03-11,10-Q,Q2,2015,0000909832-15-000003,cik:0000909832,https://www.sec.gov/Archives/edgar/data/909832/000090983215000003/cost-20150215.xml,195b42acc499b44b12c27384af99209b4751f7744e1442f73da1afde57d02c74,unsupported_SEC_instance_source
CommonStockSharesOutstanding,shares,,2014-08-31,437683000.0,2015-10-14,10-K,FY,2015,0000909832-15-000014,cik:0000909832,https://www.sec.gov/Archives/edgar/data/909832/000090983215000014/cost-20150830.xml,fb9f057ccd153938c7c8bb1cccf081f033807cb2c526d4276a57544226f5ac2c,unsupported_SEC_instance_source
CommonStockSharesOutstanding,shares,,2015-08-30,437952000.0,2015-10-14,10-K,FY,2015,0000909832-15-000014,cik:0000909832,https://www.sec.gov/Archives/edgar/data/909832/000090983215000014/cost-20150830.xml,ce07ef7f011119f109a7d73ea8b9aca2fac4980a62e86d042fba17b7d8d5ff0b,unsupported_SEC_instance_source
PaymentsForRepurchaseOfCommonStock,USD,2012-09-03,2013-09-01,36000000.0,2015-10-14,10-K,FY,2015,0000909832-15-000014,cik:0000909832,https://www.sec.gov/Archives/edgar/data/909832/000090983215000014/cost-20150830.xml,b670ed0234b16067d90e44dbd266a3c248f9389b41bf9554c99fc21dd1a15ba2,unsupported_SEC_instance_source
PaymentsForRepurchaseOfCommonStock,USD,2013-09-02,2014-08-31,334000000.0,2015-10-14,10-K,FY,2015,0000909832-15-000014,cik:0000909832,https://www.sec.gov/Archives/edgar/data/909832/000090983215000014/cost-20150830.xml,518707559ab9c2fc409c7113d9cf77f9bb9bcf27f0eda6c78134138342849b08,unsupported_SEC_instance_source
PaymentsForRepurchaseOfCommonStock,USD,2014-09-01,2015-08-30,481000000.0,2015-10-14,10-K,FY,2015,0000909832-15-000014,cik:0000909832,https://www.sec.gov/Archives/edgar/data/909832/000090983215000014/cost-20150830.xml,a7c3e1e7a18643000a89960be8b559bd9696d0d3dbebcf65f59b74f2f3045101,unsupported_SEC_instance_source
PaymentsToAcquirePropertyPlantAndEquipment,USD,2012-09-03,2013-09-01,2083000000.0,2015-10-14,10-K,FY,2015,0000909832-15-000014,cik:0000909832,https://www.sec.gov/Archives/edgar/data/909832/000090983215000014/cost-20150830.xml,31749e2b6ede25f75d6fbba5a6666176c017040d50581a62845bdd9826ae9237,unsupported_SEC_instance_source
PaymentsToAcquirePropertyPlantAndEquipment,USD,2013-09-02,2014-08-31,1993000000.0,2015-10-14,10-K,FY,2015,0000909832-15-000014,cik:0000909832,https://www.sec.gov/Archives/edgar/data/909832/000090983215000014/cost-20150830.xml,e8d2594ed0c487a91b0c9d6a37243b60a1e3937f16e2ecd01da1fc8823c8332a,unsupported_SEC_instance_source
PaymentsToAcquirePropertyPlantAndEquipment,USD,2014-09-01,2015-08-30,2393000000.0,2015-10-14,10-K,FY,2015,0000909832-15-000014,cik:0000909832,https://www.sec.gov/Archives/edgar/data/909832/000090983215000014/cost-20150830.xml,532e654997cb4863f1ad135bd967c21724a3abeed0c20e6a51e2ac563031e114,unsupported_SEC_instance_source
CommonStockSharesOutstanding,shares,,2009-08-30,435974000.0,2010-03-17,10-Q,Q2,2010,0001193125-10-059399,cik:0000909832,https://www.sec.gov/Archives/edgar/data/909832/000119312510059399/cost-20100214.xml,78241c8fe831fdd4439150c2d365b9d3d0b1770d454029964bd250646e0b342b,unsupported_SEC_instance_source
CommonStockSharesOutstanding,shares,,2010-02-14,440379000.0,2010-03-17,10-Q,Q2,2010,0001193125-10-059399,cik:0000909832,https://www.sec.gov/Archives/edgar/data/909832/000119312510059399/cost-20100214.xml,27983ce609a0319d0020aa4472040c1959aa2bc941c60c1d70bce71b458368be,unsupported_SEC_instance_source
NetCashProvidedByUsedInOperatingActivities,USD,2008-09-01,2009-02-15,850000000.0,2010-03-17,10-Q,Q2,2010,0001193125-10-059399,cik:0000909832,https://www.sec.gov/Archives/edgar/data/909832/000119312510059399/cost-20100214.xml,f189ca0805bf2b63252ceae4cb6655500cdbcbdf3810d9fb6d385bf5f99b30c3,unsupported_SEC_instance_source
NetCashProvidedByUsedInOperatingActivities,USD,2009-08-31,2010-02-14,1360000000.0,2010-03-17,10-Q,Q2,2010,0001193125-10-059399,cik:0000909832,https://www.sec.gov/Archives/edgar/data/909832/000119312510059399/cost-20100214.xml,0a0d6bdd0df86b6be5e605a1a1600ad01cf4d319910f432d2c76fe413e48763d,unsupported_SEC_instance_source
PaymentsForRepurchaseOfCommonStock,USD,2008-09-01,2009-02-15,67000000.0,2010-03-17,10-Q,Q2,2010,0001193125-10-059399,cik:0000909832,https://www.sec.gov/Archives/edgar/data/909832/000119312510059399/cost-20100214.xml,1747eaf177a3d68dbcea21813b9473725786b2219f1fa6ec0f54a9f75edc0eda,unsupported_SEC_instance_source
PaymentsForRepurchaseOfCommonStock,USD,2009-08-31,2010-02-14,6000000.0,2010-03-17,10-Q,Q2,2010,0001193125-10-059399,cik:0000909832,https://www.sec.gov/Archives/edgar/data/909832/000119312510059399/cost-20100214.xml,22f3f9c16f3202fe3467b9f4c2f9fc7cf9f47e48a0501c12880bd6278ec5cdaa,unsupported_SEC_instance_source
PaymentsToAcquirePropertyPlantAndEquipment,USD,2008-09-01,2009-02-15,671000000.0,2010-03-17,10-Q,Q2,2010,0001193125-10-059399,cik:0000909832,https://www.sec.gov/Archives/edgar/data/909832/000119312510059399/cost-20100214.xml,e8511222fc3a58b441afd5a90a1623bcfba2488b9b96b0eb086f2d1f95d2d12a,unsupported_SEC_instance_source
PaymentsToAcquirePropertyPlantAndEquipment,USD,2009-08-31,2010-02-14,506000000.0,2010-03-17,10-Q,Q2,2010,0001193125-10-059399,cik:0000909832,https://www.sec.gov/Archives/edgar/data/909832/000119312510059399/cost-20100214.xml,80fc273811198bc453ba057ed09668886de568ffdab40d87fa6a132490a18a90,unsupported_SEC_instance_source
CommonStockSharesOutstanding,shares,,2009-08-30,435974000.0,2010-10-18,10-K,FY,2010,0001193125-10-230379,cik:0000909832,https://www.sec.gov/Archives/edgar/data/909832/000119312510230379/cost-20100829.xml,bae5ac2a58abfb9ec63641f1324749451e6d8260ba60a87b0fb2413e9e2e44fb,unsupported_SEC_instance_source
CommonStockSharesOutstanding,shares,,2010-08-29,433510000.0,2010-10-18,10-K,FY,2010,0001193125-10-230379,cik:0000909832,https://www.sec.gov/Archives/edgar/data/909832/000119312510230379/cost-20100829.xml,8f337be033e6ff45cef6182f41b6e5854e877b7ee26622a79b002f007d490263,unsupported_SEC_instance_source
NetCashProvidedByUsedInOperatingActivities,USD,2007-09-03,2008-08-31,2206000000.0,2010-10-18,10-K,FY,2010,0001193125-10-230379,cik:0000909832,https://www.sec.gov/Archives/edgar/data/909832/000119312510230379/cost-20100829.xml,8bf565752595746063286b38076b6a5d232daca10e5880b9b078cff987ea8142,unsupported_SEC_instance_source
NetCashProvidedByUsedInOperatingActivities,USD,2008-09-01,2009-08-30,2092000000.0,2010-10-18,10-K,FY,2010,0001193125-10-230379,cik:0000909832,https://www.sec.gov/Archives/edgar/data/909832/000119312510230379/cost-20100829.xml,9d837c59ea8668a646783fefbf7af2126e5bd8f55d112f5e907a36ec7d8d07be,unsupported_SEC_instance_source
NetCashProvidedByUsedInOperatingActivities,USD,2009-08-31,2010-08-29,2780000000.0,2010-10-18,10-K,FY,2010,0001193125-10-230379,cik:0000909832,https://www.sec.gov/Archives/edgar/data/909832/000119312510230379/cost-20100829.xml,a776d5b1a05a703c12d0ea6eef0ed05ea95016aa0eb6e861dc154b8aeb495c02,unsupported_SEC_instance_source
PaymentsForRepurchaseOfCommonStock,USD,2007-09-03,2008-08-31,895000000.0,2010-10-18,10-K,FY,2010,0001193125-10-230379,cik:0000909832,https://www.sec.gov/Archives/edgar/data/909832/000119312510230379/cost-20100829.xml,40df83d60716fbe87bb57da0b9918b47d0df6150fdbbde2e185bde17b9316d9b,unsupported_SEC_instance_source
PaymentsForRepurchaseOfCommonStock,USD,2008-09-01,2009-08-30,69000000.0,2010-10-18,10-K,FY,2010,0001193125-10-230379,cik:0000909832,https://www.sec.gov/Archives/edgar/data/909832/000119312510230379/cost-20100829.xml,cfd7aabe201be826f2f6e4133215f1e80d6f677ada185e8ec56990f834ed3ad3,unsupported_SEC_instance_source
PaymentsForRepurchaseOfCommonStock,USD,2009-08-31,2010-08-29,551000000.0,2010-10-18,10-K,FY,2010,0001193125-10-230379,cik:0000909832,https://www.sec.gov/Archives/edgar/data/909832/000119312510230379/cost-20100829.xml,54a4e93bbe7606c8516b36334f0f79412eaf016dc4ae949d844e69cff4a55484,unsupported_SEC_instance_source
PaymentsToAcquirePropertyPlantAndEquipment,USD,2007-09-03,2008-08-31,1599000000.0,2010-10-18,10-K,FY,2010,0001193125-10-230379,cik:0000909832,https://www.sec.gov/Archives/edgar/data/909832/000119312510230379/cost-20100829.xml,49ee5712f181e42f6da19dc7d648236569496464d7cc45858b993e8d6188282a,unsupported_SEC_instance_source
PaymentsToAcquirePropertyPlantAndEquipment,USD,2008-09-01,2009-08-30,1250000000.0,2010-10-18,10-K,FY,2010,0001193125-10-230379,cik:0000909832,https://www.sec.gov/Archives/edgar/data/909832/000119312510230379/cost-20100829.xml,c06b9027180dc8a9839f2d205c24bcfc0fb2411374a841a9a3e870dcb32fc961,unsupported_SEC_instance_source
PaymentsToAcquirePropertyPlantAndEquipment,USD,2009-08-31,2010-08-29,1055000000.0,2010-10-18,10-K,FY,2010,0001193125-10-230379,cik:0000909832,https://www.sec.gov/Archives/edgar/data/909832/000119312510230379/cost-20100829.xml,d14536a8fdebef75e722666c979a5a2233d5245299da64ca5100f72438b9cbc0,unsupported_SEC_instance_source
CommonStockSharesOutstanding,shares,,2010-08-29,433510000.0,2011-03-17,10-Q,Q2,2011,0001193125-11-069779,cik:0000909832,https://www.sec.gov/Archives/edgar/data/909832/000119312511069779/cost-20110213.xml,aed69070e48fe4d7be280364ae122b2ca2e83b8e7951c2c34afd1fd47f559136,unsupported_SEC_instance_source
CommonStockSharesOutstanding,shares,,2011-02-13,437164000.0,2011-03-17,10-Q,Q2,2011,0001193125-11-069779,cik:0000909832,https://www.sec.gov/Archives/edgar/data/909832/000119312511069779/cost-20110213.xml,596c5ac5018c62e03394d9645a94beee1f5352fc0a81d60acc153c815ea84cfb,unsupported_SEC_instance_source
NetCashProvidedByUsedInOperatingActivities,USD,2009-08-31,2010-02-14,1360000000.0,2011-03-17,10-Q,Q2,2011,0001193125-11-069779,cik:0000909832,https://www.sec.gov/Archives/edgar/data/909832/000119312511069779/cost-20110213.xml,cfbeff5f31c5077165f492d75d72558227528dab87b6f504c701193966d05906,unsupported_SEC_instance_source
NetCashProvidedByUsedInOperatingActivities,USD,2010-08-30,2011-02-13,1446000000.0,2011-03-17,10-Q,Q2,2011,0001193125-11-069779,cik:0000909832,https://www.sec.gov/Archives/edgar/data/909832/000119312511069779/cost-20110213.xml,436220a12381909468755844141cf6ebff3be351a515cec831b0395d14f3f577,unsupported_SEC_instance_source
PaymentsForRepurchaseOfCommonStock,USD,2009-08-31,2010-02-14,6000000.0,2011-03-17,10-Q,Q2,2011,0001193125-11-069779,cik:0000909832,https://www.sec.gov/Archives/edgar/data/909832/000119312511069779/cost-20110213.xml,d7a5760284af6c3f91ddcb49ebf1f754da77c33d1a81a56e52630e191dd0a941,unsupported_SEC_instance_source
PaymentsForRepurchaseOfCommonStock,USD,2010-08-30,2011-02-13,239000000.0,2011-03-17,10-Q,Q2,2011,0001193125-11-069779,cik:0000909832,https://www.sec.gov/Archives/edgar/data/909832/000119312511069779/cost-20110213.xml,edb40aa7863bbc189728a5a3c20f31d76e646ccf7b4c9fea6f49e6520599a5b1,unsupported_SEC_instance_source
PaymentsToAcquirePropertyPlantAndEquipment,USD,2009-11-23,2010-02-14,193000000.0,2011-03-17,10-Q,Q2,2011,0001193125-11-069779,cik:0000909832,https://www.sec.gov/Archives/edgar/data/909832/000119312511069779/cost-20110213.xml,121e0b0e597fb0fbb98a1f43c0e8ebe7500a12a733cd55d953cda211352e29ab,unsupported_SEC_instance_source
PaymentsToAcquirePropertyPlantAndEquipment,USD,2009-08-31,2010-02-14,506000000.0,2011-03-17,10-Q,Q2,2011,0001193125-11-069779,cik:0000909832,https://www.sec.gov/Archives/edgar/data/909832/000119312511069779/cost-20110213.xml,c93df91682bcba8939900f31a0d95fb23bce9eccd0c8e6d526fee2112f7580a8,unsupported_SEC_instance_source
PaymentsToAcquirePropertyPlantAndEquipment,USD,2009-08-31,2010-08-29,1055000000.0,2011-03-17,10-Q,Q2,2011,0001193125-11-069779,cik:0000909832,https://www.sec.gov/Archives/edgar/data/909832/000119312511069779/cost-20110213.xml,8e21315a712f97f82710448628ce92bd82f04c6112d598edcd04e9be3e020581,unsupported_SEC_instance_source
PaymentsToAcquirePropertyPlantAndEquipment,USD,2010-11-22,2011-02-13,234000000.0,2011-03-17,10-Q,Q2,2011,0001193125-11-069779,cik:0000909832,https://www.sec.gov/Archives/edgar/data/909832/000119312511069779/cost-20110213.xml,40f542a40818f51f75cd1aa81eb38ea87c30bf896d503ecf89803b0c2673c084,unsupported_SEC_instance_source
PaymentsToAcquirePropertyPlantAndEquipment,USD,2010-08-30,2011-02-13,540000000.0,2011-03-17,10-Q,Q2,2011,0001193125-11-069779,cik:0000909832,https://www.sec.gov/Archives/edgar/data/909832/000119312511069779/cost-20110213.xml,efc469f3de27948e7303efe99bda212751d5e7271369ece847b7f0c4333bd0b1,unsupported_SEC_instance_source
CommonStockSharesOutstanding,shares,,2010-08-29,433510000.0,2011-10-14,10-K,FY,2011,0001193125-11-271844,cik:0000909832,https://www.sec.gov/Archives/edgar/data/909832/000119312511271844/cost-20110828.xml,d05f242a1cb23ad6da1400af1e15f2cfca868c66eee154b6f939dab6504d8878,unsupported_SEC_instance_source
CommonStockSharesOutstanding,shares,,2011-08-28,434266000.0,2011-10-14,10-K,FY,2011,0001193125-11-271844,cik:0000909832,https://www.sec.gov/Archives/edgar/data/909832/000119312511271844/cost-20110828.xml,22fcaf3c1fac87990f8aa280e86f8ddac2a73b0de3d0f1c7df2c3888e9ff9994,unsupported_SEC_instance_source
NetCashProvidedByUsedInOperatingActivities,USD,2008-09-01,2009-08-30,2092000000.0,2011-10-14,10-K,FY,2011,0001193125-11-271844,cik:0000909832,https://www.sec.gov/Archives/edgar/data/909832/000119312511271844/cost-20110828.xml,3ea66388bb0acf566c640d1a5cdf7b3e4b36e3368e5ed8b7fe6f366bb62640e9,unsupported_SEC_instance_source
NetCashProvidedByUsedInOperatingActivities,USD,2009-08-31,2010-08-29,2780000000.0,2011-10-14,10-K,FY,2011,0001193125-11-271844,cik:0000909832,https://www.sec.gov/Archives/edgar/data/909832/000119312511271844/cost-20110828.xml,72867ceb1bde33068ddcad43cc39ffcf41f599eb8f8b6e1fe5dfd12f506dd88d,unsupported_SEC_instance_source
NetCashProvidedByUsedInOperatingActivities,USD,2010-08-30,2011-08-28,3198000000.0,2011-10-14,10-K,FY,2011,0001193125-11-271844,cik:0000909832,https://www.sec.gov/Archives/edgar/data/909832/000119312511271844/cost-20110828.xml,37ce4ddcb7453949288ac4b85c456f49723c1c77397113f75fc565ea0d570b40,unsupported_SEC_instance_source
PaymentsForRepurchaseOfCommonStock,USD,2008-09-01,2009-08-30,69000000.0,2011-10-14,10-K,FY,2011,0001193125-11-271844,cik:0000909832,https://www.sec.gov/Archives/edgar/data/909832/000119312511271844/cost-20110828.xml,035675001bda38c49424a30a98869de2f818dcc9024ae5635ec9101e2c7f4569,unsupported_SEC_instance_source
PaymentsForRepurchaseOfCommonStock,USD,2009-08-31,2010-08-29,551000000.0,2011-10-14,10-K,FY,2011,0001193125-11-271844,cik:0000909832,https://www.sec.gov/Archives/edgar/data/909832/000119312511271844/cost-20110828.xml,a83617d48ecc535be05e76abc5eba6782e0cde13de5a0a5438c3d26c771fef7a,unsupported_SEC_instance_source
PaymentsForRepurchaseOfCommonStock,USD,2010-08-30,2011-08-28,624000000.0,2011-10-14,10-K,FY,2011,0001193125-11-271844,cik:0000909832,https://www.sec.gov/Archives/edgar/data/909832/000119312511271844/cost-20110828.xml,2310718def676f28ef809201ba03f4cc2e3ebd718470a50c3c0545f5618df8c8,unsupported_SEC_instance_source
PaymentsToAcquirePropertyPlantAndEquipment,USD,2008-09-01,2009-08-30,1250000000.0,2011-10-14,10-K,FY,2011,0001193125-11-271844,cik:0000909832,https://www.sec.gov/Archives/edgar/data/909832/000119312511271844/cost-20110828.xml,a0225f8d1aeb098fff9e63618633547ad2bd798c726939d399cae24717231006,unsupported_SEC_instance_source
PaymentsToAcquirePropertyPlantAndEquipment,USD,2009-08-31,2010-08-29,1055000000.0,2011-10-14,10-K,FY,2011,0001193125-11-271844,cik:0000909832,https://www.sec.gov/Archives/edgar/data/909832/000119312511271844/cost-20110828.xml,aae6c34ca792d5d98adf5df75bb73a7523069a1901bf61358b5047c57444138f,unsupported_SEC_instance_source
PaymentsToAcquirePropertyPlantAndEquipment,USD,2010-08-30,2011-08-28,1290000000.0,2011-10-14,10-K,FY,2011,0001193125-11-271844,cik:0000909832,https://www.sec.gov/Archives/edgar/data/909832/000119312511271844/cost-20110828.xml,ae22c6227b51693b16a6ac36b0d86dea9332dbf97ecc4d4875f2cdb6fdf08ae6,unsupported_SEC_instance_source
CommonStockSharesOutstanding,shares,,2015-06-27,235000000.0,2015-11-12,10-Q,Q1,2016,0000912093-15-000007,cik:0000912093,https://www.sec.gov/Archives/edgar/data/912093/000091209315000007/viav-20151003.xml,22099bc99c8c3310af5add7a263dd90dcc070328fee65b3a2a8cc7db4619d098,unsupported_SEC_instance_source
CommonStockSharesOutstanding,shares,,2015-10-03,237000000.0,2015-11-12,10-Q,Q1,2016,0000912093-15-000007,cik:0000912093,https://www.sec.gov/Archives/edgar/data/912093/000091209315000007/viav-20151003.xml,8ab8504449ac63a770d4e1d4b005d635774fcd58d98d82584c773f9b01191c04,unsupported_SEC_instance_source
NetCashProvidedByUsedInOperatingActivities,USD,2014-06-29,2014-09-27,40800000.0,2015-11-12,10-Q,Q1,2016,0000912093-15-000007,cik:0000912093,https://www.sec.gov/Archives/edgar/data/912093/000091209315000007/viav-20151003.xml,1d774e852a5579f998fe65e466a64fcfd3f9a391514899d6e157799246088f68,unsupported_SEC_instance_source
NetCashProvidedByUsedInOperatingActivities,USD,2015-06-28,2015-10-03,-300000.0,2015-11-12,10-Q,Q1,2016,0000912093-15-000007,cik:0000912093,https://www.sec.gov/Archives/edgar/data/912093/000091209315000007/viav-20151003.xml,87536f43d64abfa16eaa64103be105706814cc1977355f2f156b7b5624c7d432,unsupported_SEC_instance_source
PaymentsForRepurchaseOfCommonStock,USD,2014-06-29,2014-09-27,4700000.0,2015-11-12,10-Q,Q1,2016,0000912093-15-000007,cik:0000912093,https://www.sec.gov/Archives/edgar/data/912093/000091209315000007/viav-20151003.xml,ccc224bfe4f7725f41559e76210148885ee149498e7143e830984cd4af40f65a,unsupported_SEC_instance_source
PaymentsForRepurchaseOfCommonStock,USD,2015-06-28,2015-10-03,0.0,2015-11-12,10-Q,Q1,2016,0000912093-15-000007,cik:0000912093,https://www.sec.gov/Archives/edgar/data/912093/000091209315000007/viav-20151003.xml,54f918de65452e9e414b1ced22308ed81b842992e4969f514566a2d42032400d,unsupported_SEC_instance_source
PaymentsToAcquirePropertyPlantAndEquipment,USD,2014-06-29,2014-09-27,26500000.0,2015-11-12,10-Q,Q1,2016,0000912093-15-000007,cik:0000912093,https://www.sec.gov/Archives/edgar/data/912093/000091209315000007/viav-20151003.xml,added3683c938e3b9e577dfee6fee08beeefa88ee5347c8d9f43444c8dd8adb8,unsupported_SEC_instance_source
PaymentsToAcquirePropertyPlantAndEquipment,USD,2015-06-28,2015-10-03,14200000.0,2015-11-12,10-Q,Q1,2016,0000912093-15-000007,cik:0000912093,https://www.sec.gov/Archives/edgar/data/912093/000091209315000007/viav-20151003.xml,269c76187d8cf56a7a7f59bf11ff29a2c5f10f3e287029c03e5f72248ab29fe9,unsupported_SEC_instance_source
CommonStockSharesOutstanding,shares,,2010-07-03,221000000.0,2011-08-30,10-K,FY,2011,0001047469-11-007735,cik:0000912093,https://www.sec.gov/Archives/edgar/data/912093/000104746911007735/jdsu-20110702.xml,a2784db3c0eaa65c2781dfddcb1e7850e6d17465aad690513a10f3821346df2b,unsupported_SEC_instance_source
CommonStockSharesOutstanding,shares,,2011-07-02,228000000.0,2011-08-30,10-K,FY,2011,0001047469-11-007735,cik:0000912093,https://www.sec.gov/Archives/edgar/data/912093/000104746911007735/jdsu-20110702.xml,541e464b3cdf9d4d948f580614d3b766c405423e6fa01e37c2eb0190d2a3ce04,unsupported_SEC_instance_source
NetCashProvidedByUsedInOperatingActivities,USD,2008-06-29,2009-06-27,107400000.0,2011-08-30,10-K,FY,2011,0001047469-11-007735,cik:0000912093,https://www.sec.gov/Archives/edgar/data/912093/000104746911007735/jdsu-20110702.xml,90de9d24e709c131096efe3c0ad1b94e34f2d02722bcfec7e90a66e157a2b1d2,unsupported_SEC_instance_source
NetCashProvidedByUsedInOperatingActivities,USD,2009-06-28,2010-07-03,119200000.0,2011-08-30,10-K,FY,2011,0001047469-11-007735,cik:0000912093,https://www.sec.gov/Archives/edgar/data/912093/000104746911007735/jdsu-20110702.xml,2dea077ac4fce8fa29f88a38884943dea9ec24efc4e0648161f5fc5505271dd4,unsupported_SEC_instance_source
NetCashProvidedByUsedInOperatingActivities,USD,2010-07-04,2011-07-02,205300000.0,2011-08-30,10-K,FY,2011,0001047469-11-007735,cik:0000912093,https://www.sec.gov/Archives/edgar/data/912093/000104746911007735/jdsu-20110702.xml,fce5b51758ddd0b942f186a11c3bf65e4c7600cb53cbc590d6149b02c0552911,unsupported_SEC_instance_source
PaymentsForRepurchaseOfCommonStock,USD,2008-06-29,2009-06-27,86800000.0,2011-08-30,10-K,FY,2011,0001047469-11-007735,cik:0000912093,https://www.sec.gov/Archives/edgar/data/912093/000104746911007735/jdsu-20110702.xml,e29f8b0c16eaaeb9ad6e4d64e5f11b03ab89cf6486416cee2cdfb0a8d91a5b98,unsupported_SEC_instance_source
PaymentsToAcquirePropertyPlantAndEquipment,USD,2008-06-29,2009-06-27,54700000.0,2011-08-30,10-K,FY,2011,0001047469-11-007735,cik:0000912093,https://www.sec.gov/Archives/edgar/data/912093/000104746911007735/jdsu-20110702.xml,9f16851261eb6ce8b12c5e18d06326b72c1f8ab623d847cd38c887accb22a716,unsupported_SEC_instance_source
PaymentsToAcquirePropertyPlantAndEquipment,USD,2009-06-28,2010-07-03,41400000.0,2011-08-30,10-K,FY,2011,0001047469-11-007735,cik:0000912093,https://www.sec.gov/Archives/edgar/data/912093/000104746911007735/jdsu-20110702.xml,32d7161d324e50462562dcbe260a9ff86a15a5e0a42eac731e0a8c5df5f99761,unsupported_SEC_instance_source
PaymentsToAcquirePropertyPlantAndEquipment,USD,2010-07-04,2011-07-02,116700000.0,2011-08-30,10-K,FY,2011,0001047469-11-007735,cik:0000912093,https://www.sec.gov/Archives/edgar/data/912093/000104746911007735/jdsu-20110702.xml,a406aefea023d7b272039da57288ee327d4178ba8daa9b4dce5115b4543693bb,unsupported_SEC_instance_source
CommonStockSharesOutstanding,shares,,2011-07-02,228000000.0,2012-08-24,10-K,FY,2012,0001047469-12-008496,cik:0000912093,https://www.sec.gov/Archives/edgar/data/912093/000104746912008496/jdsu-20120630.xml,6dc34c15379351254b4a5d3177218b64eb37ee65d266c9de414c832385341df3,unsupported_SEC_instance_source
CommonStockSharesOutstanding,shares,,2012-06-30,232000000.0,2012-08-24,10-K,FY,2012,0001047469-12-008496,cik:0000912093,https://www.sec.gov/Archives/edgar/data/912093/000104746912008496/jdsu-20120630.xml,96eaf77b40812f4c9fb5b0d799f98d92bd83c35656424fc3804e8c1f469ae2d8,unsupported_SEC_instance_source
NetCashProvidedByUsedInOperatingActivities,USD,2009-06-28,2010-07-03,119200000.0,2012-08-24,10-K,FY,2012,0001047469-12-008496,cik:0000912093,https://www.sec.gov/Archives/edgar/data/912093/000104746912008496/jdsu-20120630.xml,889a4fc56a23a11b8493e6d7d3c519fe86f7a9f806767cb88c9c909bb2c29d88,unsupported_SEC_instance_source
NetCashProvidedByUsedInOperatingActivities,USD,2010-07-04,2011-07-02,205300000.0,2012-08-24,10-K,FY,2012,0001047469-12-008496,cik:0000912093,https://www.sec.gov/Archives/edgar/data/912093/000104746912008496/jdsu-20120630.xml,9f233dbdd12529fe25f71d9d082e492403df72c6a3e4ef0c353eb00788fac84b,unsupported_SEC_instance_source
NetCashProvidedByUsedInOperatingActivities,USD,2011-07-03,2012-06-30,119100000.0,2012-08-24,10-K,FY,2012,0001047469-12-008496,cik:0000912093,https://www.sec.gov/Archives/edgar/data/912093/000104746912008496/jdsu-20120630.xml,792bb78f14fb3d58635e6f21b532fe558c5cb1d9777be74079813faaaa889ec2,unsupported_SEC_instance_source
PaymentsToAcquirePropertyPlantAndEquipment,USD,2009-06-28,2010-07-03,41400000.0,2012-08-24,10-K,FY,2012,0001047469-12-008496,cik:0000912093,https://www.sec.gov/Archives/edgar/data/912093/000104746912008496/jdsu-20120630.xml,00dbb6ac0bbbefa94b456383a7275341744f04d9a6264f5607049020c8ae9c8f,unsupported_SEC_instance_source
PaymentsToAcquirePropertyPlantAndEquipment,USD,2010-07-04,2011-07-02,116700000.0,2012-08-24,10-K,FY,2012,0001047469-12-008496,cik:0000912093,https://www.sec.gov/Archives/edgar/data/912093/000104746912008496/jdsu-20120630.xml,519c92233ae018cfc8296ae8da8c3809a3c7a282d07cf8777262be0d964b3739,unsupported_SEC_instance_source
PaymentsToAcquirePropertyPlantAndEquipment,USD,2011-07-03,2012-06-30,72200000.0,2012-08-24,10-K,FY,2012,0001047469-12-008496,cik:0000912093,https://www.sec.gov/Archives/edgar/data/912093/000104746912008496/jdsu-20120630.xml,727a46da8dd812368534268506de3ef3c29ae1246756973f4a2b63b937c71a5d,unsupported_SEC_instance_source
CommonStockSharesOutstanding,shares,,2012-06-30,232000000.0,2013-08-23,10-K,FY,2013,0001047469-13-008597,cik:0000912093,https://www.sec.gov/Archives/edgar/data/912093/000104746913008597/jdsu-20130629.xml,ffdd2ce34810c457ed72948cfc61a153dbbc16f9a955c87377b41494d174d6aa,unsupported_SEC_instance_source
CommonStockSharesOutstanding,shares,,2013-06-29,237000000.0,2013-08-23,10-K,FY,2013,0001047469-13-008597,cik:0000912093,https://www.sec.gov/Archives/edgar/data/912093/000104746913008597/jdsu-20130629.xml,6a0057eec86bcbe56c5dcf7ab31815a6867ad80fbd81759295936c6e6e71975c,unsupported_SEC_instance_source
NetCashProvidedByUsedInOperatingActivities,USD,2010-07-04,2011-07-02,205300000.0,2013-08-23,10-K,FY,2013,0001047469-13-008597,cik:0000912093,https://www.sec.gov/Archives/edgar/data/912093/000104746913008597/jdsu-20130629.xml,2047a0e5eba4917e86e47fcd88b10d90fac94473eebb8b8e9c719d8689064dbd,unsupported_SEC_instance_source
NetCashProvidedByUsedInOperatingActivities,USD,2011-07-03,2012-06-30,119100000.0,2013-08-23,10-K,FY,2013,0001047469-13-008597,cik:0000912093,https://www.sec.gov/Archives/edgar/data/912093/000104746913008597/jdsu-20130629.xml,99362a356987cee8448c87066e39a3465c29d4946c11c62f345348e526bf07f6,unsupported_SEC_instance_source
NetCashProvidedByUsedInOperatingActivities,USD,2012-07-01,2013-06-29,187800000.0,2013-08-23,10-K,FY,2013,0001047469-13-008597,cik:0000912093,https://www.sec.gov/Archives/edgar/data/912093/000104746913008597/jdsu-20130629.xml,a6b5b913e070b5e51141b9a14a739e13e3e47637e901806108d8ab9f865d6191,unsupported_SEC_instance_source
PaymentsToAcquirePropertyPlantAndEquipment,USD,2010-07-04,2011-07-02,116700000.0,2013-08-23,10-K,FY,2013,0001047469-13-008597,cik:0000912093,https://www.sec.gov/Archives/edgar/data/912093/000104746913008597/jdsu-20130629.xml,c199a6b011b600a10071579887b2aafa3144d462101a17ec3b67eef684f0bb5b,unsupported_SEC_instance_source
PaymentsToAcquirePropertyPlantAndEquipment,USD,2011-07-03,2012-06-30,72200000.0,2013-08-23,10-K,FY,2013,0001047469-13-008597,cik:0000912093,https://www.sec.gov/Archives/edgar/data/912093/000104746913008597/jdsu-20130629.xml,0dc0e548f8a2f7570eeeedff39114a68fff9bdd00a8fb105149f9056d2592215,unsupported_SEC_instance_source
PaymentsToAcquirePropertyPlantAndEquipment,USD,2012-07-01,2013-06-29,65100000.0,2013-08-23,10-K,FY,2013,0001047469-13-008597,cik:0000912093,https://www.sec.gov/Archives/edgar/data/912093/000104746913008597/jdsu-20130629.xml,d45d36ed302d7ac190cc010d19e302e1cf4d9efd04802eebb2d383be7b05243c,unsupported_SEC_instance_source
CommonStockSharesOutstanding,shares,,2013-06-29,237000000.0,2014-08-26,10-K,FY,2014,0001047469-14-007199,cik:0000912093,https://www.sec.gov/Archives/edgar/data/912093/000104746914007199/jdsu-20140628.xml,a1d9e7b1a1bf78ba45725a28a49958ef370b8cc4005926703807854196d719d1,unsupported_SEC_instance_source
CommonStockSharesOutstanding,shares,,2014-06-28,230000000.0,2014-08-26,10-K,FY,2014,0001047469-14-007199,cik:0000912093,https://www.sec.gov/Archives/edgar/data/912093/000104746914007199/jdsu-20140628.xml,0823ba1b467f6cc9c21e6f4e406308e927ea66377994c50a9f5fdca9f970c025,unsupported_SEC_instance_source
NetCashProvidedByUsedInOperatingActivities,USD,2011-07-03,2012-06-30,119100000.0,2014-08-26,10-K,FY,2014,0001047469-14-007199,cik:0000912093,https://www.sec.gov/Archives/edgar/data/912093/000104746914007199/jdsu-20140628.xml,7ea7c71c62e76e3181a18ec048c8b4c68b4c5dff7e551b1f5e6fda26cdfeb605,unsupported_SEC_instance_source
NetCashProvidedByUsedInOperatingActivities,USD,2012-07-01,2013-06-29,187800000.0,2014-08-26,10-K,FY,2014,0001047469-14-007199,cik:0000912093,https://www.sec.gov/Archives/edgar/data/912093/000104746914007199/jdsu-20140628.xml,00decfb5c6efec94c58fe0156958e74a42f83c42c5f14feab0ce72c2c0707e53,unsupported_SEC_instance_source
NetCashProvidedByUsedInOperatingActivities,USD,2013-06-30,2014-06-28,176600000.0,2014-08-26,10-K,FY,2014,0001047469-14-007199,cik:0000912093,https://www.sec.gov/Archives/edgar/data/912093/000104746914007199/jdsu-20140628.xml,cc5854a1c59c3e1346a2b4497bf365f75c9f0ac63c735c9928946aabf810d820,unsupported_SEC_instance_source
PaymentsForRepurchaseOfCommonStock,USD,2013-06-30,2013-09-28,100000000.0,2014-08-26,10-K,FY,2014,0001047469-14-007199,cik:0000912093,https://www.sec.gov/Archives/edgar/data/912093/000104746914007199/jdsu-20140628.xml,10462cf785733ef6f6d5dbab0da7f1b897f2362ca82cf051dd1277e87d835a21,unsupported_SEC_instance_source
PaymentsForRepurchaseOfCommonStock,USD,2013-06-30,2014-06-28,155200000.0,2014-08-26,10-K,FY,2014,0001047469-14-007199,cik:0000912093,https://www.sec.gov/Archives/edgar/data/912093/000104746914007199/jdsu-20140628.xml,6988d26196bc2431c2a7fac802500d4a57d0f880615017184e7f2987efc0f67a,unsupported_SEC_instance_source
PaymentsForRepurchaseOfCommonStock,USD,2014-03-30,2014-06-28,55200000.0,2014-08-26,10-K,FY,2014,0001047469-14-007199,cik:0000912093,https://www.sec.gov/Archives/edgar/data/912093/000104746914007199/jdsu-20140628.xml,8cc6a43d9361a2e517e70c45fb30c6d13f22ccb0ba56a122ec99b1ffb6def162,unsupported_SEC_instance_source
PaymentsToAcquirePropertyPlantAndEquipment,USD,2011-07-03,2012-06-30,72200000.0,2014-08-26,10-K,FY,2014,0001047469-14-007199,cik:0000912093,https://www.sec.gov/Archives/edgar/data/912093/000104746914007199/jdsu-20140628.xml,e77eac942e7ea9b8fc3c794bd03db6b95511dd23fe993b34335f010e2b31ecf9,unsupported_SEC_instance_source
PaymentsToAcquirePropertyPlantAndEquipment,USD,2012-07-01,2013-06-29,65100000.0,2014-08-26,10-K,FY,2014,0001047469-14-007199,cik:0000912093,https://www.sec.gov/Archives/edgar/data/912093/000104746914007199/jdsu-20140628.xml,b59929a20e2ad23649f4fddb46106b6edc8f6e1c38d2c7b588f631db428a2415,unsupported_SEC_instance_source
PaymentsToAcquirePropertyPlantAndEquipment,USD,2013-06-30,2014-06-28,99800000.0,2014-08-26,10-K,FY,2014,0001047469-14-007199,cik:0000912093,https://www.sec.gov/Archives/edgar/data/912093/000104746914007199/jdsu-20140628.xml,5b4438df0817d816ee24dfee6b9b3f519a5e7a668fa55ab9a543db9f33146227,unsupported_SEC_instance_source
CommonStockSharesOutstanding,shares,,2011-07-02,228000000.0,2011-11-09,10-Q,Q1,2012,0001104659-11-062310,cik:0000912093,https://www.sec.gov/Archives/edgar/data/912093/000110465911062310/jdsu-20111001.xml,db36b4cbeed53bef677fa639831c553c4316d5b75da30b9a432f6483798952a1,unsupported_SEC_instance_source
CommonStockSharesOutstanding,shares,,2011-10-01,229000000.0,2011-11-09,10-Q,Q1,2012,0001104659-11-062310,cik:0000912093,https://www.sec.gov/Archives/edgar/data/912093/000110465911062310/jdsu-20111001.xml,fc1a5b978ba1338c18a6d4e43e88f4fa4d171381a0422f6d34117c3aa6cafb6b,unsupported_SEC_instance_source
PaymentsToAcquirePropertyPlantAndEquipment,USD,2010-07-04,2010-10-02,23300000.0,2011-11-09,10-Q,Q1,2012,0001104659-11-062310,cik:0000912093,https://www.sec.gov/Archives/edgar/data/912093/000110465911062310/jdsu-20111001.xml,9225e4471533a879749eec178e10fe7e7631e61849446f137f4b84bb4da308b2,unsupported_SEC_instance_source
PaymentsToAcquirePropertyPlantAndEquipment,USD,2011-07-03,2011-10-01,21200000.0,2011-11-09,10-Q,Q1,2012,0001104659-11-062310,cik:0000912093,https://www.sec.gov/Archives/edgar/data/912093/000110465911062310/jdsu-20111001.xml,2cb9d075f11aecd42fd34fb29b60be7d7a5e2ebd1c8f7f89c299e3f292b59652,unsupported_SEC_instance_source
CommonStockSharesOutstanding,shares,,2011-07-02,228000000.0,2012-02-07,10-Q,Q2,2012,0001104659-12-007058,cik:0000912093,https://www.sec.gov/Archives/edgar/data/912093/000110465912007058/jdsu-20111231.xml,11087a8df00b44cfe2b7dc6bb9539719ab23dfb7b6f76a1d789bd65ac74f304b,unsupported_SEC_instance_source
CommonStockSharesOutstanding,shares,,2011-12-31,230000000.0,2012-02-07,10-Q,Q2,2012,0001104659-12-007058,cik:0000912093,https://www.sec.gov/Archives/edgar/data/912093/000110465912007058/jdsu-20111231.xml,f4accd9a00842cf0919fba102174566782d4e11f3395ed05113466d8397e6d76,unsupported_SEC_instance_source
PaymentsToAcquirePropertyPlantAndEquipment,USD,2010-07-04,2011-01-01,51600000.0,2012-02-07,10-Q,Q2,2012,0001104659-12-007058,cik:0000912093,https://www.sec.gov/Archives/edgar/data/912093/000110465912007058/jdsu-20111231.xml,4f5f24dfaaf16b01afcd9d0e06de53e37ce1d72989382215146e91fc4cc29738,unsupported_SEC_instance_source
PaymentsToAcquirePropertyPlantAndEquipment,USD,2011-07-03,2011-12-31,40800000.0,2012-02-07,10-Q,Q2,2012,0001104659-12-007058,cik:0000912093,https://www.sec.gov/Archives/edgar/data/912093/000110465912007058/jdsu-20111231.xml,6e411bfb8ce0cc4145a3b1aaa1163a21a09d7e502ea6cf78de878618b98f39b5,unsupported_SEC_instance_source
CommonStockSharesOutstanding,shares,,2011-07-02,228000000.0,2012-05-08,10-Q,Q3,2012,0001104659-12-034534,cik:0000912093,https://www.sec.gov/Archives/edgar/data/912093/000110465912034534/jdsu-20120331.xml,56a432b6ee423e5ab28977fe6153c9b7921c75a01be6482a575f6caf96e48b44,unsupported_SEC_instance_source
CommonStockSharesOutstanding,shares,,2012-03-31,231000000.0,2012-05-08,10-Q,Q3,2012,0001104659-12-034534,cik:0000912093,https://www.sec.gov/Archives/edgar/data/912093/000110465912034534/jdsu-20120331.xml,14301af180cc4a8d152f03f486b26bcacaac5be6ed281fce11411eba83e51089,unsupported_SEC_instance_source
PaymentsToAcquirePropertyPlantAndEquipment,USD,2010-07-04,2011-04-02,85800000.0,2012-05-08,10-Q,Q3,2012,0001104659-12-034534,cik:0000912093,https://www.sec.gov/Archives/edgar/data/912093/000110465912034534/jdsu-20120331.xml,c7c4a07a892b93efcf4b3e4bc925d0a6acfd09587cb0c6538be4e70eda228fc8,unsupported_SEC_instance_source
PaymentsToAcquirePropertyPlantAndEquipment,USD,2011-07-03,2012-03-31,56900000.0,2012-05-08,10-Q,Q3,2012,0001104659-12-034534,cik:0000912093,https://www.sec.gov/Archives/edgar/data/912093/000110465912034534/jdsu-20120331.xml,2c7c6e6cc325f267856c92cde4c2cc0d34b8bbb81b69bc29c01df6911987a26c,unsupported_SEC_instance_source
CommonStockSharesOutstanding,shares,,2012-06-30,232000000.0,2012-11-08,10-Q,Q1,2013,0001104659-12-075612,cik:0000912093,https://www.sec.gov/Archives/edgar/data/912093/000110465912075612/jdsu-20120929.xml,7abfb4b242aa5ced7a72039eecff80758dc15cb8fdb3962c0e65e5cd8d8e29b6,unsupported_SEC_instance_source
CommonStockSharesOutstanding,shares,,2012-09-29,234000000.0,2012-11-08,10-Q,Q1,2013,0001104659-12-075612,cik:0000912093,https://www.sec.gov/Archives/edgar/data/912093/000110465912075612/jdsu-20120929.xml,4530ead3f04b8bfa94194112c8defdd128b83eae2a23d6f735fac032b683d380,unsupported_SEC_instance_source
NetCashProvidedByUsedInOperatingActivities,USD,2011-07-03,2011-10-01,22900000.0,2012-11-08,10-Q,Q1,2013,0001104659-12-075612,cik:0000912093,https://www.sec.gov/Archives/edgar/data/912093/000110465912075612/jdsu-20120929.xml,fb1a39a67bff31345c4c8733ab66d80016db779612ea9c2ae32a8b64683cf9cd,unsupported_SEC_instance_source
NetCashProvidedByUsedInOperatingActivities,USD,2012-07-01,2012-09-29,43100000.0,2012-11-08,10-Q,Q1,2013,0001104659-12-075612,cik:0000912093,https://www.sec.gov/Archives/edgar/data/912093/000110465912075612/jdsu-20120929.xml,d6c6956e4fb2f840f8be0070f722dfcc8cad430bbf7e403db98a3ee8597c4db3,unsupported_SEC_instance_source
PaymentsToAcquirePropertyPlantAndEquipment,USD,2011-07-03,2011-10-01,21200000.0,2012-11-08,10-Q,Q1,2013,0001104659-12-075612,cik:0000912093,https://www.sec.gov/Archives/edgar/data/912093/000110465912075612/jdsu-20120929.xml,69b48e608ccb0983514411e7fb3a0fdf0d4758bc4ba863375b63eee2e69d7880,unsupported_SEC_instance_source
PaymentsToAcquirePropertyPlantAndEquipment,USD,2012-07-01,2012-09-29,17800000.0,2012-11-08,10-Q,Q1,2013,0001104659-12-075612,cik:0000912093,https://www.sec.gov/Archives/edgar/data/912093/000110465912075612/jdsu-20120929.xml,75b459137f32ab949fa505bcb2811115717839322231bf4b2667fb5426626479,unsupported_SEC_instance_source
CommonStockSharesOutstanding,shares,,2012-06-30,232000000.0,2013-02-06,10-Q,Q2,2013,0001104659-13-007738,cik:0000912093,https://www.sec.gov/Archives/edgar/data/912093/000110465913007738/jdsu-20121229.xml,add68fb31eb168981e4b3a20de5724acf64f48e375c0f2dee602717929dcce1b,unsupported_SEC_instance_source
CommonStockSharesOutstanding,shares,,2012-12-29,234000000.0,2013-02-06,10-Q,Q2,2013,0001104659-13-007738,cik:0000912093,https://www.sec.gov/Archives/edgar/data/912093/000110465913007738/jdsu-20121229.xml,42920f080163542b03dd69d0d470007ab5ea1b32ae33f5e68431249b61ad0b0e,unsupported_SEC_instance_source
NetCashProvidedByUsedInOperatingActivities,USD,2011-07-03,2011-12-31,68600000.0,2013-02-06,10-Q,Q2,2013,0001104659-13-007738,cik:0000912093,https://www.sec.gov/Archives/edgar/data/912093/000110465913007738/jdsu-20121229.xml,9e003ea2a58b71c4fa27f3a8c9ad515f17cbdd956771177110a75fb15a40b781,unsupported_SEC_instance_source
NetCashProvidedByUsedInOperatingActivities,USD,2012-07-01,2012-12-29,102500000.0,2013-02-06,10-Q,Q2,2013,0001104659-13-007738,cik:0000912093,https://www.sec.gov/Archives/edgar/data/912093/000110465913007738/jdsu-20121229.xml,7c45af1a12769cd8aa4d07c6348048ee0fab9377f057e7ba4ddb6f8dfc5561ca,unsupported_SEC_instance_source
PaymentsToAcquirePropertyPlantAndEquipment,USD,2011-07-03,2011-12-31,40800000.0,2013-02-06,10-Q,Q2,2013,0001104659-13-007738,cik:0000912093,https://www.sec.gov/Archives/edgar/data/912093/000110465913007738/jdsu-20121229.xml,230d4c57e565190af00dc5e1361c836879d2586d6179f7b208774235d0839458,unsupported_SEC_instance_source
PaymentsToAcquirePropertyPlantAndEquipment,USD,2012-07-01,2012-12-29,33300000.0,2013-02-06,10-Q,Q2,2013,0001104659-13-007738,cik:0000912093,https://www.sec.gov/Archives/edgar/data/912093/000110465913007738/jdsu-20121229.xml,911397643674c6db74cbc5b5ea5f6bd78ceadd5a6e8b1efc9852335dfe8cdcbf,unsupported_SEC_instance_source
CommonStockSharesOutstanding,shares,,2012-06-30,232000000.0,2013-05-08,10-Q,Q3,2013,0001104659-13-038876,cik:0000912093,https://www.sec.gov/Archives/edgar/data/912093/000110465913038876/jdsu-20130330.xml,11615e596b0a719fe2ca856dfa58bd0f0aaca24e86bd671229ceb8fe7a6b973e,unsupported_SEC_instance_source
CommonStockSharesOutstanding,shares,,2013-03-30,237000000.0,2013-05-08,10-Q,Q3,2013,0001104659-13-038876,cik:0000912093,https://www.sec.gov/Archives/edgar/data/912093/000110465913038876/jdsu-20130330.xml,48011794a6934d328c69a39e8e9ad730140448e5e28dfa6ad24bc5617f4575ff,unsupported_SEC_instance_source
NetCashProvidedByUsedInOperatingActivities,USD,2011-07-03,2012-03-31,81800000.0,2013-05-08,10-Q,Q3,2013,0001104659-13-038876,cik:0000912093,https://www.sec.gov/Archives/edgar/data/912093/000110465913038876/jdsu-20130330.xml,ffc4aaf9d735dff6f890982eda8b4c40892314993885828a198b216696b9b436,unsupported_SEC_instance_source
NetCashProvidedByUsedInOperatingActivities,USD,2012-07-01,2013-03-30,130700000.0,2013-05-08,10-Q,Q3,2013,0001104659-13-038876,cik:0000912093,https://www.sec.gov/Archives/edgar/data/912093/000110465913038876/jdsu-20130330.xml,5839b2cb1e9ae0345cbbf62d5c63582f9427dc13785a165ebfd8e68bd3460b0f,unsupported_SEC_instance_source
PaymentsToAcquirePropertyPlantAndEquipment,USD,2011-07-03,2012-03-31,56900000.0,2013-05-08,10-Q,Q3,2013,0001104659-13-038876,cik:0000912093,https://www.sec.gov/Archives/edgar/data/912093/000110465913038876/jdsu-20130330.xml,3f670761acdd8e4992eb82d8cfb6a93b557bafdbb6b1c06e63fe5ceaa36cbbce,unsupported_SEC_instance_source
PaymentsToAcquirePropertyPlantAndEquipment,USD,2012-07-01,2013-03-30,46700000.0,2013-05-08,10-Q,Q3,2013,0001104659-13-038876,cik:0000912093,https://www.sec.gov/Archives/edgar/data/912093/000110465913038876/jdsu-20130330.xml,1a6a759228db745523e5df70d35465ffe031cd5e3eb2318af214a76c1d19f836,unsupported_SEC_instance_source
CommonStockSharesOutstanding,shares,,2013-06-29,237000000.0,2013-11-06,10-Q,Q1,2014,0001104659-13-081365,cik:0000912093,https://www.sec.gov/Archives/edgar/data/912093/000110465913081365/jdsu-20130928.xml,a8d55a8c9bb3a39a35b462db44b2c16654b7e3432a86b511f1226a0d5bdcbb7b,unsupported_SEC_instance_source
CommonStockSharesOutstanding,shares,,2013-09-28,233000000.0,2013-11-06,10-Q,Q1,2014,0001104659-13-081365,cik:0000912093,https://www.sec.gov/Archives/edgar/data/912093/000110465913081365/jdsu-20130928.xml,9f9c0f3a4d9ec574996ca22a15f8a3a11ee41014bde8f458ec283ba787a04181,unsupported_SEC_instance_source
NetCashProvidedByUsedInOperatingActivities,USD,2012-07-01,2012-09-29,43100000.0,2013-11-06,10-Q,Q1,2014,0001104659-13-081365,cik:0000912093,https://www.sec.gov/Archives/edgar/data/912093/000110465913081365/jdsu-20130928.xml,6b19fcc23ec204728899e5b66bf4a600c9e31033efee26a7924e76dfd4f48b6c,unsupported_SEC_instance_source
NetCashProvidedByUsedInOperatingActivities,USD,2013-06-30,2013-09-28,29500000.0,2013-11-06,10-Q,Q1,2014,0001104659-13-081365,cik:0000912093,https://www.sec.gov/Archives/edgar/data/912093/000110465913081365/jdsu-20130928.xml,7e6fff647e14ccf484863a7542d38ad96677584d863fb5127ed9c2711f87378c,unsupported_SEC_instance_source
PaymentsForRepurchaseOfCommonStock,USD,2013-06-30,2013-09-28,100000000.0,2013-11-06,10-Q,Q1,2014,0001104659-13-081365,cik:0000912093,https://www.sec.gov/Archives/edgar/data/912093/000110465913081365/jdsu-20130928.xml,95765b875c14b2c039ac0124a651de3a3604de42d46544fc67060c0559f28f7a,unsupported_SEC_instance_source
PaymentsToAcquirePropertyPlantAndEquipment,USD,2012-07-01,2012-09-29,17800000.0,2013-11-06,10-Q,Q1,2014,0001104659-13-081365,cik:0000912093,https://www.sec.gov/Archives/edgar/data/912093/000110465913081365/jdsu-20130928.xml,371d344487791cf0692234da9228ec17e8cd406eb095cf7988e0442ecb0808b7,unsupported_SEC_instance_source
PaymentsToAcquirePropertyPlantAndEquipment,USD,2013-06-30,2013-09-28,12400000.0,2013-11-06,10-Q,Q1,2014,0001104659-13-081365,cik:0000912093,https://www.sec.gov/Archives/edgar/data/912093/000110465913081365/jdsu-20130928.xml,513ca61fab928027ba54b0351b0d3c82b1a07765e7e1154a4e0875e111e53a1a,unsupported_SEC_instance_source
CommonStockSharesOutstanding,shares,,2013-06-29,237000000.0,2014-02-06,10-Q,Q2,2014,0001104659-14-007161,cik:0000912093,https://www.sec.gov/Archives/edgar/data/912093/000110465914007161/jdsu-20131228.xml,abd4bb5dbb1ef78c4c01365eab7403e658ba5945c0a3ffd0a03f531b28549654,unsupported_SEC_instance_source
CommonStockSharesOutstanding,shares,,2013-12-28,233000000.0,2014-02-06,10-Q,Q2,2014,0001104659-14-007161,cik:0000912093,https://www.sec.gov/Archives/edgar/data/912093/000110465914007161/jdsu-20131228.xml,90622a5571588a453a1bfa418cd04970d7dcf8a9e00802a6d6f87c7d12c53857,unsupported_SEC_instance_source
NetCashProvidedByUsedInOperatingActivities,USD,2012-07-01,2012-12-29,102500000.0,2014-02-06,10-Q,Q2,2014,0001104659-14-007161,cik:0000912093,https://www.sec.gov/Archives/edgar/data/912093/000110465914007161/jdsu-20131228.xml,574efd03898a9a3bd316bfc2973113e3103711078cf939337809d9b6a5a32394,unsupported_SEC_instance_source
NetCashProvidedByUsedInOperatingActivities,USD,2013-06-30,2013-12-28,83900000.0,2014-02-06,10-Q,Q2,2014,0001104659-14-007161,cik:0000912093,https://www.sec.gov/Archives/edgar/data/912093/000110465914007161/jdsu-20131228.xml,90baa7805b50cfb56ea5eaf0ca50d7567e90d5f70342e583ffe2f263b559f841,unsupported_SEC_instance_source
PaymentsForRepurchaseOfCommonStock,USD,2013-06-30,2013-09-28,100000000.0,2014-02-06,10-Q,Q2,2014,0001104659-14-007161,cik:0000912093,https://www.sec.gov/Archives/edgar/data/912093/000110465914007161/jdsu-20131228.xml,66d8540689d265ba0e9364a9f8bf16d7a3739ef51093ee4ff1b5f87d021963fe,unsupported_SEC_instance_source
PaymentsForRepurchaseOfCommonStock,USD,2013-06-30,2013-12-28,100000000.0,2014-02-06,10-Q,Q2,2014,0001104659-14-007161,cik:0000912093,https://www.sec.gov/Archives/edgar/data/912093/000110465914007161/jdsu-20131228.xml,ec7b9cd5eb71f32aec64bbf680baded34a16e4c360a020f57dfac2171a05304c,unsupported_SEC_instance_source
PaymentsToAcquirePropertyPlantAndEquipment,USD,2012-07-01,2012-12-29,33300000.0,2014-02-06,10-Q,Q2,2014,0001104659-14-007161,cik:0000912093,https://www.sec.gov/Archives/edgar/data/912093/000110465914007161/jdsu-20131228.xml,a171b0491f645d28b11aac0f0379685c81082aa037464e6547d89b8f521f728c,unsupported_SEC_instance_source
PaymentsToAcquirePropertyPlantAndEquipment,USD,2013-06-30,2013-12-28,44300000.0,2014-02-06,10-Q,Q2,2014,0001104659-14-007161,cik:0000912093,https://www.sec.gov/Archives/edgar/data/912093/000110465914007161/jdsu-20131228.xml,d5e523647b993d16298849955aa5f077a15951b02f03694e4d1b1d3a93640a09,unsupported_SEC_instance_source
CommonStockSharesOutstanding,shares,,2013-06-29,237000000.0,2014-05-07,10-Q,Q3,2014,0001104659-14-035422,cik:0000912093,https://www.sec.gov/Archives/edgar/data/912093/000110465914035422/jdsu-20140329.xml,aae26d7dead587af7644633c2a4ff30434db8b254ee0ebcab7b8b72cd4f6f3e4,unsupported_SEC_instance_source
CommonStockSharesOutstanding,shares,,2014-03-29,235000000.0,2014-05-07,10-Q,Q3,2014,0001104659-14-035422,cik:0000912093,https://www.sec.gov/Archives/edgar/data/912093/000110465914035422/jdsu-20140329.xml,eef4bd729c1164919c9a83654a108e28b5915862fe58dc5243129c2dfb9949a9,unsupported_SEC_instance_source
NetCashProvidedByUsedInOperatingActivities,USD,2012-07-01,2013-03-30,130700000.0,2014-05-07,10-Q,Q3,2014,0001104659-14-035422,cik:0000912093,https://www.sec.gov/Archives/edgar/data/912093/000110465914035422/jdsu-20140329.xml,ccda0aac1b77b5768e10593a78f85b68e9446f0ce734832fb89c7d2ba664e759,unsupported_SEC_instance_source
NetCashProvidedByUsedInOperatingActivities,USD,2013-06-30,2014-03-29,126400000.0,2014-05-07,10-Q,Q3,2014,0001104659-14-035422,cik:0000912093,https://www.sec.gov/Archives/edgar/data/912093/000110465914035422/jdsu-20140329.xml,ef3570f6d5905a81f31d67eb8e80ef89a957a1dcda2c2a852904a722fc5c91a9,unsupported_SEC_instance_source
PaymentsForRepurchaseOfCommonStock,USD,2013-06-30,2013-09-28,100000000.0,2014-05-07,10-Q,Q3,2014,0001104659-14-035422,cik:0000912093,https://www.sec.gov/Archives/edgar/data/912093/000110465914035422/jdsu-20140329.xml,3d144d83d8ed412bff013bc8d71d3e8af646d6f21d1f8877b3e40d8349b8203d,unsupported_SEC_instance_source
PaymentsForRepurchaseOfCommonStock,USD,2013-06-30,2014-03-29,100000000.0,2014-05-07,10-Q,Q3,2014,0001104659-14-035422,cik:0000912093,https://www.sec.gov/Archives/edgar/data/912093/000110465914035422/jdsu-20140329.xml,763be74f9dfe1a26ff9166225d6073c20a76a3187465dd9a7feac1ef3cc6219b,unsupported_SEC_instance_source
PaymentsToAcquirePropertyPlantAndEquipment,USD,2012-07-01,2013-03-30,46700000.0,2014-05-07,10-Q,Q3,2014,0001104659-14-035422,cik:0000912093,https://www.sec.gov/Archives/edgar/data/912093/000110465914035422/jdsu-20140329.xml,9a27cecb9293fd99150209f8cd43081c0371c4e13cd45078035c48a237140354,unsupported_SEC_instance_source
PaymentsToAcquirePropertyPlantAndEquipment,USD,2013-06-30,2014-03-29,68100000.0,2014-05-07,10-Q,Q3,2014,0001104659-14-035422,cik:0000912093,https://www.sec.gov/Archives/edgar/data/912093/000110465914035422/jdsu-20140329.xml,73d262db0fea77311585d93a7695fe7986276f5774a8a7a8836165b33bb940a8,unsupported_SEC_instance_source
CommonStockSharesOutstanding,shares,,2014-06-28,230000000.0,2014-11-04,10-Q,Q1,2015,0001104659-14-076570,cik:0000912093,https://www.sec.gov/Archives/edgar/data/912093/000110465914076570/jdsu-20140927.xml,1ca5b597c68b6b7743d43498f1b1affdc4de8d511cd4d30098902cfe95f961d1,unsupported_SEC_instance_source
CommonStockSharesOutstanding,shares,,2014-09-27,232000000.0,2014-11-04,10-Q,Q1,2015,0001104659-14-076570,cik:0000912093,https://www.sec.gov/Archives/edgar/data/912093/000110465914076570/jdsu-20140927.xml,4fd09435910266cfc52da677f2c91441a8c25b7a9841688e8c514a942cc7e132,unsupported_SEC_instance_source
PaymentsForRepurchaseOfCommonStock,USD,2013-06-30,2013-09-28,100000000.0,2014-11-04,10-Q,Q1,2015,0001104659-14-076570,cik:0000912093,https://www.sec.gov/Archives/edgar/data/912093/000110465914076570/jdsu-20140927.xml,691c78962d40e47d607b8c90df2b1351480f737341f35cf17b417334bd80b86c,unsupported_SEC_instance_source
PaymentsForRepurchaseOfCommonStock,USD,2014-06-29,2014-09-27,4700000.0,2014-11-04,10-Q,Q1,2015,0001104659-14-076570,cik:0000912093,https://www.sec.gov/Archives/edgar/data/912093/000110465914076570/jdsu-20140927.xml,9fc9f56cbf1054b7e384ef6760ae8e29b31f828d8fa648363879774a47a2ee55,unsupported_SEC_instance_source
PaymentsToAcquirePropertyPlantAndEquipment,USD,2013-06-30,2013-09-28,12400000.0,2014-11-04,10-Q,Q1,2015,0001104659-14-076570,cik:0000912093,https://www.sec.gov/Archives/edgar/data/912093/000110465914076570/jdsu-20140927.xml,9f318d2716c627f8d8f3e9b56e424bb889420dd92262ccd27e24e3332ccd7b20,unsupported_SEC_instance_source
PaymentsToAcquirePropertyPlantAndEquipment,USD,2014-06-29,2014-09-27,26500000.0,2014-11-04,10-Q,Q1,2015,0001104659-14-076570,cik:0000912093,https://www.sec.gov/Archives/edgar/data/912093/000110465914076570/jdsu-20140927.xml,28e7352044fef097c95912ed2bdb3dfa1dfc1f9fc1c52520d61dbb339d3a276a,unsupported_SEC_instance_source
CommonStockSharesOutstanding,shares,,2014-06-28,230000000.0,2015-02-05,10-Q,Q2,2015,0001104659-15-006806,cik:0000912093,https://www.sec.gov/Archives/edgar/data/912093/000110465915006806/jdsu-20141227.xml,dbf4bd813f031c8cb4b0fd725ccb1f05c376ebea8148e3e4893a1d6f8635081b,unsupported_SEC_instance_source
CommonStockSharesOutstanding,shares,,2014-12-27,233000000.0,2015-02-05,10-Q,Q2,2015,0001104659-15-006806,cik:0000912093,https://www.sec.gov/Archives/edgar/data/912093/000110465915006806/jdsu-20141227.xml,8c1348407f89a7b99e0b0b4b281fd905bd7510ecefd20e5781f5aec013f9786b,unsupported_SEC_instance_source
PaymentsForRepurchaseOfCommonStock,USD,2013-06-30,2013-12-28,100000000.0,2015-02-05,10-Q,Q2,2015,0001104659-15-006806,cik:0000912093,https://www.sec.gov/Archives/edgar/data/912093/000110465915006806/jdsu-20141227.xml,62d47fceff433c6fca27a02d3f24131dc8ef109869232ae9aec4a48ab94fa5a6,unsupported_SEC_instance_source
PaymentsForRepurchaseOfCommonStock,USD,2014-06-29,2014-12-27,4700000.0,2015-02-05,10-Q,Q2,2015,0001104659-15-006806,cik:0000912093,https://www.sec.gov/Archives/edgar/data/912093/000110465915006806/jdsu-20141227.xml,2fca4ad6ec4f62e3dda1c36097e6f3e538d9f532c157104db6f923c4d7e9fcd9,unsupported_SEC_instance_source
PaymentsToAcquirePropertyPlantAndEquipment,USD,2013-06-30,2013-12-28,44300000.0,2015-02-05,10-Q,Q2,2015,0001104659-15-006806,cik:0000912093,https://www.sec.gov/Archives/edgar/data/912093/000110465915006806/jdsu-20141227.xml,448ddd70695df76a7a3456a72e6457f1c1ed655bc3beead02c852bd571d7c4d6,unsupported_SEC_instance_source
PaymentsToAcquirePropertyPlantAndEquipment,USD,2014-06-29,2014-12-27,50400000.0,2015-02-05,10-Q,Q2,2015,0001104659-15-006806,cik:0000912093,https://www.sec.gov/Archives/edgar/data/912093/000110465915006806/jdsu-20141227.xml,793c23f45a1c2fa006f9afd345bd4b581f865540ad538237f3803dd0706a09e9,unsupported_SEC_instance_source
CommonStockSharesOutstanding,shares,,2014-06-28,230000000.0,2015-05-05,10-Q,Q3,2015,0001104659-15-034290,cik:0000912093,https://www.sec.gov/Archives/edgar/data/912093/000110465915034290/jdsu-20150328.xml,ad2909715b06fbd1b6b72afbc1db46ce6a177917baf4677576e447937bc617ba,unsupported_SEC_instance_source
CommonStockSharesOutstanding,shares,,2015-03-28,234000000.0,2015-05-05,10-Q,Q3,2015,0001104659-15-034290,cik:0000912093,https://www.sec.gov/Archives/edgar/data/912093/000110465915034290/jdsu-20150328.xml,167a5a5e4689719cee02ef43a9b4589c143ecac4c3ae542047f5be220c7d9b82,unsupported_SEC_instance_source
PaymentsForRepurchaseOfCommonStock,USD,2013-06-30,2014-03-29,100000000.0,2015-05-05,10-Q,Q3,2015,0001104659-15-034290,cik:0000912093,https://www.sec.gov/Archives/edgar/data/912093/000110465915034290/jdsu-20150328.xml,1bd90f32b44a977fc7bcc0b4435c303250f3a350e4f935911e3db21e66a35113,unsupported_SEC_instance_source
PaymentsForRepurchaseOfCommonStock,USD,2014-06-29,2015-03-28,4700000.0,2015-05-05,10-Q,Q3,2015,0001104659-15-034290,cik:0000912093,https://www.sec.gov/Archives/edgar/data/912093/000110465915034290/jdsu-20150328.xml,e5795f2dd6a871d132f53ba8e4d7bbf193d6d5484c273c18142310fa08d3a278,unsupported_SEC_instance_source
PaymentsToAcquirePropertyPlantAndEquipment,USD,2013-06-30,2014-03-29,68100000.0,2015-05-05,10-Q,Q3,2015,0001104659-15-034290,cik:0000912093,https://www.sec.gov/Archives/edgar/data/912093/000110465915034290/jdsu-20150328.xml,cb72ba00e6e7669b9b39d7edfac7972b9216206f0da72c3b4d8dc234524f5e02,unsupported_SEC_instance_source
PaymentsToAcquirePropertyPlantAndEquipment,USD,2014-06-29,2015-03-28,68700000.0,2015-05-05,10-Q,Q3,2015,0001104659-15-034290,cik:0000912093,https://www.sec.gov/Archives/edgar/data/912093/000110465915034290/jdsu-20150328.xml,25874f89651efd00c05c62102149bb001fc83835acce93773821da3e717072a6,unsupported_SEC_instance_source
CommonStockSharesOutstanding,shares,,2014-06-28,230000000.0,2015-08-25,10-K,FY,2015,0001104659-15-061694,cik:0000912093,https://www.sec.gov/Archives/edgar/data/912093/000110465915061694/viav-20150627.xml,a3b86951c273a5331b0f0312d86c47e883fdd108db9d88c4db6e85f20b424437,unsupported_SEC_instance_source
CommonStockSharesOutstanding,shares,,2015-06-27,235000000.0,2015-08-25,10-K,FY,2015,0001104659-15-061694,cik:0000912093,https://www.sec.gov/Archives/edgar/data/912093/000110465915061694/viav-20150627.xml,8604096aecffb18f8f0c4f1c08fe9cae4a041b03e97c399ffbc60fb1498c8ae3,unsupported_SEC_instance_source
PaymentsForRepurchaseOfCommonStock,USD,2013-06-30,2014-06-28,155200000.0,2015-08-25,10-K,FY,2015,0001104659-15-061694,cik:0000912093,https://www.sec.gov/Archives/edgar/data/912093/000110465915061694/viav-20150627.xml,a13be96a5a80bb7839ce5ddd77d6581eb314990db87da786c895cae2751aa3f6,unsupported_SEC_instance_source
PaymentsForRepurchaseOfCommonStock,USD,2014-03-30,2014-09-27,60000000.0,2015-08-25,10-K,FY,2015,0001104659-15-061694,cik:0000912093,https://www.sec.gov/Archives/edgar/data/912093/000110465915061694/viav-20150627.xml,873d5f518c914758b6fd868570dade033dc344aac8b4c74403234e201e24639c,unsupported_SEC_instance_source
PaymentsForRepurchaseOfCommonStock,USD,2014-06-29,2015-06-27,4800000.0,2015-08-25,10-K,FY,2015,0001104659-15-061694,cik:0000912093,https://www.sec.gov/Archives/edgar/data/912093/000110465915061694/viav-20150627.xml,1273dd9fe4b706632ff4812d86c474a4ef97bbd3e0c3ae25d91264cfbed3b726,unsupported_SEC_instance_source
PaymentsToAcquirePropertyPlantAndEquipment,USD,2012-06-30,2013-06-29,65100000.0,2015-08-25,10-K,FY,2015,0001104659-15-061694,cik:0000912093,https://www.sec.gov/Archives/edgar/data/912093/000110465915061694/viav-20150627.xml,89d0eac7034bd8faaf09ce87244e523b9c37966361bc274d7704dd806a0a791f,unsupported_SEC_instance_source
PaymentsToAcquirePropertyPlantAndEquipment,USD,2013-06-30,2014-06-28,99800000.0,2015-08-25,10-K,FY,2015,0001104659-15-061694,cik:0000912093,https://www.sec.gov/Archives/edgar/data/912093/000110465915061694/viav-20150627.xml,3ed0259f49d25cd90fcdecc249d600d6e73d02762c4cd116c9e1307959f5751d,unsupported_SEC_instance_source
PaymentsToAcquirePropertyPlantAndEquipment,USD,2014-06-29,2015-06-27,101500000.0,2015-08-25,10-K,FY,2015,0001104659-15-061694,cik:0000912093,https://www.sec.gov/Archives/edgar/data/912093/000110465915061694/viav-20150627.xml,819fca4916deb20a69d2ebecddefbc15cd95230d6af3e01ef170be4d7966feb8,unsupported_SEC_instance_source
CommonStockSharesOutstanding,shares,,2010-07-03,221127151.0,2010-11-12,10-Q,Q1,2011,0001193125-10-258748,cik:0000912093,https://www.sec.gov/Archives/edgar/data/912093/000119312510258748/jdsu-20101002.xml,19f46a0ceb6ed15e7405d6a6c6eaa5db259b9de4c4c433a1c09ded4ab017ef7f,unsupported_SEC_instance_source
CommonStockSharesOutstanding,shares,,2010-10-02,222594669.0,2010-11-12,10-Q,Q1,2011,0001193125-10-258748,cik:0000912093,https://www.sec.gov/Archives/edgar/data/912093/000119312510258748/jdsu-20101002.xml,3e2e5842ca35b66f5507eb7480d397a9998bbf435091d840a39789037edff18c,unsupported_SEC_instance_source
NetCashProvidedByUsedInOperatingActivities,USD,2009-06-28,2009-10-03,17100000.0,2010-11-12,10-Q,Q1,2011,0001193125-10-258748,cik:0000912093,https://www.sec.gov/Archives/edgar/data/912093/000119312510258748/jdsu-20101002.xml,7a34d74305e0103c6918ee2f3dba65489a8d60e33c5d78c05938f35a79001808,unsupported_SEC_instance_source
NetCashProvidedByUsedInOperatingActivities,USD,2010-07-04,2010-10-02,35700000.0,2010-11-12,10-Q,Q1,2011,0001193125-10-258748,cik:0000912093,https://www.sec.gov/Archives/edgar/data/912093/000119312510258748/jdsu-20101002.xml,3869a021094ddd592e946ee78e2cc44d40db0eb25c77dc3bcfd296d3c633d8db,unsupported_SEC_instance_source
PaymentsToAcquirePropertyPlantAndEquipment,USD,2009-06-28,2009-10-03,5900000.0,2010-11-12,10-Q,Q1,2011,0001193125-10-258748,cik:0000912093,https://www.sec.gov/Archives/edgar/data/912093/000119312510258748/jdsu-20101002.xml,c1c8b9a5a028a30256365bdb116274209cfdefc68a51fd846f02e67f9b7e6e92,unsupported_SEC_instance_source
PaymentsToAcquirePropertyPlantAndEquipment,USD,2010-07-04,2010-10-02,23300000.0,2010-11-12,10-Q,Q1,2011,0001193125-10-258748,cik:0000912093,https://www.sec.gov/Archives/edgar/data/912093/000119312510258748/jdsu-20101002.xml,ea1020e0ec116cf5a76dbd32a9bc55a9eb0d214cd678cee182c9eeb294ad44bf,unsupported_SEC_instance_source
ProceedsFromStockOptionsExercised,USD,2009-06-28,2009-10-03,2100000.0,2010-11-12,10-Q,Q1,2011,0001193125-10-258748,cik:0000912093,https://www.sec.gov/Archives/edgar/data/912093/000119312510258748/jdsu-20101002.xml,3d31e49476e3d95f05fcfee2713e909cc0be8d245502f04bae7457448124fe0a,unsupported_SEC_instance_source
ProceedsFromStockOptionsExercised,USD,2010-07-04,2010-10-02,5900000.0,2010-11-12,10-Q,Q1,2011,0001193125-10-258748,cik:0000912093,https://www.sec.gov/Archives/edgar/data/912093/000119312510258748/jdsu-20101002.xml,6aac4da5c56d639e71f06b14529c77f173af040844b2b4e55c5df77d92d301fc,unsupported_SEC_instance_source
CommonStockSharesOutstanding,shares,,2010-07-03,221000000.0,2011-02-08,10-Q,Q2,2011,0001193125-11-027239,cik:0000912093,https://www.sec.gov/Archives/edgar/data/912093/000119312511027239/jdsu-20110101.xml,19d4b6777ff6399286bfd483411762bc3c9b6cd8a445c449ac436adb60a1bb0f,unsupported_SEC_instance_source
CommonStockSharesOutstanding,shares,,2011-01-01,223000000.0,2011-02-08,10-Q,Q2,2011,0001193125-11-027239,cik:0000912093,https://www.sec.gov/Archives/edgar/data/912093/000119312511027239/jdsu-20110101.xml,a113921f9f4a721b3868235e1f68c27856893a48c448dc7f1b8617c0d76ae08b,unsupported_SEC_instance_source
NetCashProvidedByUsedInOperatingActivities,USD,2009-06-28,2010-01-02,56000000.0,2011-02-08,10-Q,Q2,2011,0001193125-11-027239,cik:0000912093,https://www.sec.gov/Archives/edgar/data/912093/000119312511027239/jdsu-20110101.xml,f229b5dd7106c5df6b72a147a3f7ebf9e3ceb328176d2ccff73e814525cafd16,unsupported_SEC_instance_source
NetCashProvidedByUsedInOperatingActivities,USD,2010-07-04,2011-01-01,96400000.0,2011-02-08,10-Q,Q2,2011,0001193125-11-027239,cik:0000912093,https://www.sec.gov/Archives/edgar/data/912093/000119312511027239/jdsu-20110101.xml,b3e42f5f2fd8b3d4ab91288cab8234521e13547a57347cf9e31e52a0d2413d15,unsupported_SEC_instance_source
PaymentsToAcquirePropertyPlantAndEquipment,USD,2009-06-28,2010-01-02,17700000.0,2011-02-08,10-Q,Q2,2011,0001193125-11-027239,cik:0000912093,https://www.sec.gov/Archives/edgar/data/912093/000119312511027239/jdsu-20110101.xml,411a81506c4ef1c5f0fd2c5f5ece0e1a262a032b8377ff1c26c78b845d276368,unsupported_SEC_instance_source
PaymentsToAcquirePropertyPlantAndEquipment,USD,2010-07-04,2011-01-01,51600000.0,2011-02-08,10-Q,Q2,2011,0001193125-11-027239,cik:0000912093,https://www.sec.gov/Archives/edgar/data/912093/000119312511027239/jdsu-20110101.xml,e48e499840977700d910497b3407178a8459f74e125b02081d89b1f2543a981a,unsupported_SEC_instance_source
ProceedsFromStockOptionsExercised,USD,2009-06-28,2010-01-02,2200000.0,2011-02-08,10-Q,Q2,2011,0001193125-11-027239,cik:0000912093,https://www.sec.gov/Archives/edgar/data/912093/000119312511027239/jdsu-20110101.xml,363fcf6b9aaeda8f1ee1f88ef2d869554326bc1decd245b2d110df6f55b4a364,unsupported_SEC_instance_source
ProceedsFromStockOptionsExercised,USD,2010-07-04,2011-01-01,8700000.0,2011-02-08,10-Q,Q2,2011,0001193125-11-027239,cik:0000912093,https://www.sec.gov/Archives/edgar/data/912093/000119312511027239/jdsu-20110101.xml,096b93134c814ad64e078e0e20c21729bbf73228b6904ae09be2e45848b88922,unsupported_SEC_instance_source
CommonStockSharesOutstanding,shares,,2010-07-03,221000000.0,2011-05-10,10-Q,Q3,2011,0001193125-11-134116,cik:0000912093,https://www.sec.gov/Archives/edgar/data/912093/000119312511134116/jdsu-20110402.xml,c3a3fbaa17285ec0102f7023555cd21dac6fa1bea2fd56b519a568e185de1b87,unsupported_SEC_instance_source
CommonStockSharesOutstanding,shares,,2011-04-02,227000000.0,2011-05-10,10-Q,Q3,2011,0001193125-11-134116,cik:0000912093,https://www.sec.gov/Archives/edgar/data/912093/000119312511134116/jdsu-20110402.xml,9fc94fc9bbb6f93cb82632d4a452690cec0165ed2b04d878d99e213e83749ddd,unsupported_SEC_instance_source
NetCashProvidedByUsedInOperatingActivities,USD,2009-06-28,2010-04-03,72300000.0,2011-05-10,10-Q,Q3,2011,0001193125-11-134116,cik:0000912093,https://www.sec.gov/Archives/edgar/data/912093/000119312511134116/jdsu-20110402.xml,cf67d22c34a631c4698e409501c1346381a63299b55391814e1a96b4f6ac74f5,unsupported_SEC_instance_source
NetCashProvidedByUsedInOperatingActivities,USD,2010-07-04,2011-04-02,149300000.0,2011-05-10,10-Q,Q3,2011,0001193125-11-134116,cik:0000912093,https://www.sec.gov/Archives/edgar/data/912093/000119312511134116/jdsu-20110402.xml,bd6f80627a8f7a0cbad2aa3d207898f9a970082be220cba76e4dadd32f5487ff,unsupported_SEC_instance_source
PaymentsToAcquirePropertyPlantAndEquipment,USD,2009-06-28,2010-04-03,26100000.0,2011-05-10,10-Q,Q3,2011,0001193125-11-134116,cik:0000912093,https://www.sec.gov/Archives/edgar/data/912093/000119312511134116/jdsu-20110402.xml,16a5962d7f8e435258d8337eb58c462d5ae3c413acd9631715fd006654ae5cd6,unsupported_SEC_instance_source
PaymentsToAcquirePropertyPlantAndEquipment,USD,2010-07-04,2011-04-02,85800000.0,2011-05-10,10-Q,Q3,2011,0001193125-11-134116,cik:0000912093,https://www.sec.gov/Archives/edgar/data/912093/000119312511134116/jdsu-20110402.xml,dfe7f0855a6ddfcf7bd3219f30e9cad577a3c26da9aa83aa4490a63258745989,unsupported_SEC_instance_source
NetCashProvidedByUsedInOperatingActivities,USD,2012-01-01,2012-06-16,924000000.0,2013-07-16,10-Q,Q2,2013,0001041061-13-000035,cik:0001041061,https://www.sec.gov/Archives/edgar/data/1041061/000104106113000035/yum-20130615.xml,1400ab0ebb5c7ffa4f25cadbfc7028b0376d47cdbd9428023b417749dca0c0c3,unsupported_SEC_instance_source
NetCashProvidedByUsedInOperatingActivities,USD,2012-12-30,2013-06-15,729000000.0,2013-07-16,10-Q,Q2,2013,0001041061-13-000035,cik:0001041061,https://www.sec.gov/Archives/edgar/data/1041061/000104106113000035/yum-20130615.xml,2d33b0b1ba237c364d76eaa84a39933aad43308013093a66d8dd73e1ae31d5d9,unsupported_SEC_instance_source
PaymentsForRepurchaseOfCommonStock,USD,2012-01-01,2012-06-16,289000000.0,2013-07-16,10-Q,Q2,2013,0001041061-13-000035,cik:0001041061,https://www.sec.gov/Archives/edgar/data/1041061/000104106113000035/yum-20130615.xml,05bb76376164603bf6a659ead4d0127eb65b461b34c6a3f8527e0bf3be2ca5f9,unsupported_SEC_instance_source
PaymentsForRepurchaseOfCommonStock,USD,2012-12-30,2013-06-15,329000000.0,2013-07-16,10-Q,Q2,2013,0001041061-13-000035,cik:0001041061,https://www.sec.gov/Archives/edgar/data/1041061/000104106113000035/yum-20130615.xml,016ccaaf82d2bf6ac4a93e00cb0de7513602c23c4028228136e4717d1383c998,unsupported_SEC_instance_source
PaymentsToAcquirePropertyPlantAndEquipment,USD,2012-01-01,2012-06-16,406000000.0,2013-07-16,10-Q,Q2,2013,0001041061-13-000035,cik:0001041061,https://www.sec.gov/Archives/edgar/data/1041061/000104106113000035/yum-20130615.xml,3e0397b06f7a7401e4492a5b88430555baef2520d34be7507a17bdca5cc855db,unsupported_SEC_instance_source
PaymentsToAcquirePropertyPlantAndEquipment,USD,2012-12-30,2013-06-15,472000000.0,2013-07-16,10-Q,Q2,2013,0001041061-13-000035,cik:0001041061,https://www.sec.gov/Archives/edgar/data/1041061/000104106113000035/yum-20130615.xml,9aed164ddd82517802659c8fefdf2c4d803194d562d0d66a47d4ceff8adecb64,unsupported_SEC_instance_source
ProceedsFromStockOptionsExercised,USD,2012-01-01,2012-06-16,22000000.0,2013-07-16,10-Q,Q2,2013,0001041061-13-000035,cik:0001041061,https://www.sec.gov/Archives/edgar/data/1041061/000104106113000035/yum-20130615.xml,7b041c2b4d965bff4a0c6354fb3a3732ebfb4b89b738f3a80a7d74082ef6c466,unsupported_SEC_instance_source
ProceedsFromStockOptionsExercised,USD,2012-12-30,2013-06-15,11000000.0,2013-07-16,10-Q,Q2,2013,0001041061-13-000035,cik:0001041061,https://www.sec.gov/Archives/edgar/data/1041061/000104106113000035/yum-20130615.xml,d71ece6320e15a0f1b029839ddf28176da6476a62ce8254e51565cc06f423509,unsupported_SEC_instance_source
NetCashProvidedByUsedInOperatingActivities,USD,2010-12-26,2011-12-31,2170000000.0,2014-02-18,10-K,FY,2013,0001041061-14-000007,cik:0001041061,https://www.sec.gov/Archives/edgar/data/1041061/000104106114000007/yum-20131228.xml,b5888212cfb4c5c438520e28b2b38b09f5457e4c0421667744ca157e35af9e76,unsupported_SEC_instance_source
NetCashProvidedByUsedInOperatingActivities,USD,2012-01-01,2012-12-29,2294000000.0,2014-02-18,10-K,FY,2013,0001041061-14-000007,cik:0001041061,https://www.sec.gov/Archives/edgar/data/1041061/000104106114000007/yum-20131228.xml,5732eba117ab7d2eb5fb16fac2a8a84bb18d421c12f6ac5dcba3a57f598b6d99,unsupported_SEC_instance_source
NetCashProvidedByUsedInOperatingActivities,USD,2012-12-30,2013-12-28,2139000000.0,2014-02-18,10-K,FY,2013,0001041061-14-000007,cik:0001041061,https://www.sec.gov/Archives/edgar/data/1041061/000104106114000007/yum-20131228.xml,145e6e74f6a864ac4f121c0f251bea6b16b3fca44e5442847a10eb199f25439c,unsupported_SEC_instance_source
PaymentsForRepurchaseOfCommonStock,USD,2010-12-26,2011-12-31,752000000.0,2014-02-18,10-K,FY,2013,0001041061-14-000007,cik:0001041061,https://www.sec.gov/Archives/edgar/data/1041061/000104106114000007/yum-20131228.xml,d7b28efd77954287796819d20d32c66712e58abeea44ff6e7bae7ef9b3ab5e6d,unsupported_SEC_instance_source
PaymentsForRepurchaseOfCommonStock,USD,2012-01-01,2012-12-29,965000000.0,2014-02-18,10-K,FY,2013,0001041061-14-000007,cik:0001041061,https://www.sec.gov/Archives/edgar/data/1041061/000104106114000007/yum-20131228.xml,0b484efcef364c8e116be3f65846fded5420709cf3d8bd8e372639caa2df7d09,unsupported_SEC_instance_source
PaymentsForRepurchaseOfCommonStock,USD,2012-12-30,2013-12-28,770000000.0,2014-02-18,10-K,FY,2013,0001041061-14-000007,cik:0001041061,https://www.sec.gov/Archives/edgar/data/1041061/000104106114000007/yum-20131228.xml,ff03baedfd9547dde78f23005f43cf132bbfcea1ad2f20c8198718c467e03390,unsupported_SEC_instance_source
PaymentsToAcquirePropertyPlantAndEquipment,USD,2010-12-26,2011-12-31,940000000.0,2014-02-18,10-K,FY,2013,0001041061-14-000007,cik:0001041061,https://www.sec.gov/Archives/edgar/data/1041061/000104106114000007/yum-20131228.xml,7cf151e793c1b50b1744042b3c8aa6ada21d710052bd062c90ef1e7b024d6201,unsupported_SEC_instance_source
PaymentsToAcquirePropertyPlantAndEquipment,USD,2012-01-01,2012-12-29,1099000000.0,2014-02-18,10-K,FY,2013,0001041061-14-000007,cik:0001041061,https://www.sec.gov/Archives/edgar/data/1041061/000104106114000007/yum-20131228.xml,6e60e71c1cb898984f5571290ee53582af80e45a25772be99c5ae5510b529a64,unsupported_SEC_instance_source
PaymentsToAcquirePropertyPlantAndEquipment,USD,2012-12-30,2013-12-28,1049000000.0,2014-02-18,10-K,FY,2013,0001041061-14-000007,cik:0001041061,https://www.sec.gov/Archives/edgar/data/1041061/000104106114000007/yum-20131228.xml,797936d2d97f6047107be5ffb725fb7b863603aee5343f0ae7f6b1b66436f90f,unsupported_SEC_instance_source
ProceedsFromStockOptionsExercised,USD,2010-12-26,2011-12-31,59000000.0,2014-02-18,10-K,FY,2013,0001041061-14-000007,cik:0001041061,https://www.sec.gov/Archives/edgar/data/1041061/000104106114000007/yum-20131228.xml,f5c1d08f742524f0cc624189aacd25bf92c0994ca659a78ec9567173ae942794,unsupported_SEC_instance_source
ProceedsFromStockOptionsExercised,USD,2012-01-01,2012-12-29,62000000.0,2014-02-18,10-K,FY,2013,0001041061-14-000007,cik:0001041061,https://www.sec.gov/Archives/edgar/data/1041061/000104106114000007/yum-20131228.xml,da9c287b5fea97fa3ae6109725236a838b4c5779a1cde3ca99027b4e8cf85ab4,unsupported_SEC_instance_source
ProceedsFromStockOptionsExercised,USD,2012-12-30,2013-12-28,37000000.0,2014-02-18,10-K,FY,2013,0001041061-14-000007,cik:0001041061,https://www.sec.gov/Archives/edgar/data/1041061/000104106114000007/yum-20131228.xml,1038080a56c8187d394b43be53fcc61b9f417df29554473591829c6d36c74796,unsupported_SEC_instance_source
NetCashProvidedByUsedInOperatingActivities,USD,2012-12-30,2013-06-15,729000000.0,2014-07-22,10-Q,Q2,2014,0001041061-14-000023,cik:0001041061,https://www.sec.gov/Archives/edgar/data/1041061/000104106114000023/yum-20140614.xml,61dc034af0ea2ede943723775c7eef5d7b45bebece267cd73a6c4993aafe25ce,unsupported_SEC_instance_source
NetCashProvidedByUsedInOperatingActivities,USD,2013-12-29,2014-06-14,1084000000.0,2014-07-22,10-Q,Q2,2014,0001041061-14-000023,cik:0001041061,https://www.sec.gov/Archives/edgar/data/1041061/000104106114000023/yum-20140614.xml,f46867c38fcf4b7afcc8f44fe92960301813859b7441c1ffe96c884878b32066,unsupported_SEC_instance_source
PaymentsForRepurchaseOfCommonStock,USD,2012-12-30,2013-06-15,329000000.0,2014-07-22,10-Q,Q2,2014,0001041061-14-000023,cik:0001041061,https://www.sec.gov/Archives/edgar/data/1041061/000104106114000023/yum-20140614.xml,0f7d933bf7130898c77c74904833c9fc6606df10e1b6130612edfb7d957086c6,unsupported_SEC_instance_source
PaymentsForRepurchaseOfCommonStock,USD,2013-12-29,2014-06-14,300000000.0,2014-07-22,10-Q,Q2,2014,0001041061-14-000023,cik:0001041061,https://www.sec.gov/Archives/edgar/data/1041061/000104106114000023/yum-20140614.xml,8857db8738087dea739cc2f1e4dfc2bce4a728950f2c90baafa12cba8835e8f0,unsupported_SEC_instance_source
PaymentsToAcquirePropertyPlantAndEquipment,USD,2012-12-30,2013-06-15,472000000.0,2014-07-22,10-Q,Q2,2014,0001041061-14-000023,cik:0001041061,https://www.sec.gov/Archives/edgar/data/1041061/000104106114000023/yum-20140614.xml,5a3016c74c1d892ecd3deb4e2cbcfe90a6f7a30767bd337911e2a4a79e30df9c,unsupported_SEC_instance_source
PaymentsToAcquirePropertyPlantAndEquipment,USD,2013-12-29,2014-06-14,408000000.0,2014-07-22,10-Q,Q2,2014,0001041061-14-000023,cik:0001041061,https://www.sec.gov/Archives/edgar/data/1041061/000104106114000023/yum-20140614.xml,38859caf2d992dee14de0ae3fe5e59fbe2d3fab5d8695e7873859d85464503cc,unsupported_SEC_instance_source
ProceedsFromStockOptionsExercised,USD,2012-12-30,2013-06-15,11000000.0,2014-07-22,10-Q,Q2,2014,0001041061-14-000023,cik:0001041061,https://www.sec.gov/Archives/edgar/data/1041061/000104106114000023/yum-20140614.xml,279b549e004e7280d8d6987b56186ec14450b5a3fa9d326cf35021b568435d61,unsupported_SEC_instance_source
ProceedsFromStockOptionsExercised,USD,2013-12-29,2014-06-14,16000000.0,2014-07-22,10-Q,Q2,2014,0001041061-14-000023,cik:0001041061,https://www.sec.gov/Archives/edgar/data/1041061/000104106114000023/yum-20140614.xml,3d24b98222d8b873f9b499c5a787487a5f754a492d7881512c2e1b4657117ed8,unsupported_SEC_instance_source
NetCashProvidedByUsedInOperatingActivities,USD,2012-01-01,2012-12-29,2294000000.0,2015-02-17,10-K,FY,2014,0001041061-15-000007,cik:0001041061,https://www.sec.gov/Archives/edgar/data/1041061/000104106115000007/yum-20141227.xml,69e3acf9ebe63211f14ff3701a89c0b8eee0eb900d0a9980a2facf310ff151f3,unsupported_SEC_instance_source
NetCashProvidedByUsedInOperatingActivities,USD,2012-12-30,2013-12-28,2139000000.0,2015-02-17,10-K,FY,2014,0001041061-15-000007,cik:0001041061,https://www.sec.gov/Archives/edgar/data/1041061/000104106115000007/yum-20141227.xml,610a1bbc4c6f4655984a3c6cae54692040ec1235d07acf76f236a9c975882d80,unsupported_SEC_instance_source
NetCashProvidedByUsedInOperatingActivities,USD,2013-12-29,2014-12-27,2049000000.0,2015-02-17,10-K,FY,2014,0001041061-15-000007,cik:0001041061,https://www.sec.gov/Archives/edgar/data/1041061/000104106115000007/yum-20141227.xml,c30e0efb88dbe80a2067509b024792063bae11bd8c4116cf29264d1dd7aa5949,unsupported_SEC_instance_source
PaymentsForRepurchaseOfCommonStock,USD,2012-01-01,2012-12-29,965000000.0,2015-02-17,10-K,FY,2014,0001041061-15-000007,cik:0001041061,https://www.sec.gov/Archives/edgar/data/1041061/000104106115000007/yum-20141227.xml,3124c808a208e075286350ede87acd4ef61c8a42b0295de8aef3129f44555bf8,unsupported_SEC_instance_source
PaymentsForRepurchaseOfCommonStock,USD,2012-12-30,2013-12-28,770000000.0,2015-02-17,10-K,FY,2014,0001041061-15-000007,cik:0001041061,https://www.sec.gov/Archives/edgar/data/1041061/000104106115000007/yum-20141227.xml,7e5d8622159327f0a3f331ea8995934578a344a84f831368e6967f108dfcf26b,unsupported_SEC_instance_source
PaymentsForRepurchaseOfCommonStock,USD,2013-12-29,2014-12-27,820000000.0,2015-02-17,10-K,FY,2014,0001041061-15-000007,cik:0001041061,https://www.sec.gov/Archives/edgar/data/1041061/000104106115000007/yum-20141227.xml,f57964bfa9fe7aea9f2295f2c6ec02458d60ce59f8779d0a1f3bd606b693dfa6,unsupported_SEC_instance_source
PaymentsToAcquirePropertyPlantAndEquipment,USD,2012-01-01,2012-12-29,1099000000.0,2015-02-17,10-K,FY,2014,0001041061-15-000007,cik:0001041061,https://www.sec.gov/Archives/edgar/data/1041061/000104106115000007/yum-20141227.xml,633ca5187ebf28a82eab3707c72951ae25e1145d604140d818e9852d6d7489f0,unsupported_SEC_instance_source
PaymentsToAcquirePropertyPlantAndEquipment,USD,2012-12-30,2013-12-28,1049000000.0,2015-02-17,10-K,FY,2014,0001041061-15-000007,cik:0001041061,https://www.sec.gov/Archives/edgar/data/1041061/000104106115000007/yum-20141227.xml,d2f6c8845b7b39adb10a0bb87ee5aa5acd9f95f9f2db41995886d902bd893040,unsupported_SEC_instance_source
PaymentsToAcquirePropertyPlantAndEquipment,USD,2013-12-29,2014-12-27,1033000000.0,2015-02-17,10-K,FY,2014,0001041061-15-000007,cik:0001041061,https://www.sec.gov/Archives/edgar/data/1041061/000104106115000007/yum-20141227.xml,bb4d18db68bf9c53932a2d60087e1db55e3d7c71de8f589e1e9ceefb16bd6613,unsupported_SEC_instance_source
ProceedsFromStockOptionsExercised,USD,2012-01-01,2012-12-29,62000000.0,2015-02-17,10-K,FY,2014,0001041061-15-000007,cik:0001041061,https://www.sec.gov/Archives/edgar/data/1041061/000104106115000007/yum-20141227.xml,b07b9b2052b35b015a9b5a11753f01226bc54bb52d2920a5565bdbced2a8c31e,unsupported_SEC_instance_source
ProceedsFromStockOptionsExercised,USD,2012-12-30,2013-12-28,37000000.0,2015-02-17,10-K,FY,2014,0001041061-15-000007,cik:0001041061,https://www.sec.gov/Archives/edgar/data/1041061/000104106115000007/yum-20141227.xml,2d75890e39077201f86002578481fe689286993c7e7d1421982cbe0635e52df5,unsupported_SEC_instance_source
ProceedsFromStockOptionsExercised,USD,2013-12-29,2014-12-27,29000000.0,2015-02-17,10-K,FY,2014,0001041061-15-000007,cik:0001041061,https://www.sec.gov/Archives/edgar/data/1041061/000104106115000007/yum-20141227.xml,fbcbfc3be27f152de3a1a323311f5cb8e5f246004ccef88eaa918dedc5eb0955,unsupported_SEC_instance_source
NetCashProvidedByUsedInOperatingActivities,USD,2011-01-01,2011-06-17,481000000.0,2012-07-12,10-Q,Q2,2012,0001445305-12-002157,cik:0001048286,https://www.sec.gov/Archives/edgar/data/1048286/000144530512002157/mar-20120615.xml,283f41faf0ae2341f72baf5d6c7f09824ae3bf286fad0489c81bdf983000b80f,unsupported_SEC_instance_source
NetCashProvidedByUsedInOperatingActivities,USD,2011-12-31,2012-06-15,417000000.0,2012-07-12,10-Q,Q2,2012,0001445305-12-002157,cik:0001048286,https://www.sec.gov/Archives/edgar/data/1048286/000144530512002157/mar-20120615.xml,af3b5837398391221e9a3cb493da7fdb04b8c4147bf54bba3f3ee10d30071fd3,unsupported_SEC_instance_source
PaymentsForRepurchaseOfCommonStock,USD,2011-01-01,2011-06-17,668000000.0,2012-07-12,10-Q,Q2,2012,0001445305-12-002157,cik:0001048286,https://www.sec.gov/Archives/edgar/data/1048286/000144530512002157/mar-20120615.xml,8256f3324d653c910f22a5c3fc4ab3a434020812fcc7da5013a0960596dfce03,unsupported_SEC_instance_source
PaymentsForRepurchaseOfCommonStock,USD,2011-12-31,2012-06-15,550000000.0,2012-07-12,10-Q,Q2,2012,0001445305-12-002157,cik:0001048286,https://www.sec.gov/Archives/edgar/data/1048286/000144530512002157/mar-20120615.xml,e4e4657570bbdfeab22e3ef57661e893b2df344c2da1bb75acdef92cc4e3d8e4,unsupported_SEC_instance_source
PaymentsToAcquirePropertyPlantAndEquipment,USD,2011-01-01,2011-06-17,91000000.0,2012-07-12,10-Q,Q2,2012,0001445305-12-002157,cik:0001048286,https://www.sec.gov/Archives/edgar/data/1048286/000144530512002157/mar-20120615.xml,ad07c2929c8f3df34409996f966fb7f9538110afd54448ec45df0cc7aa2b179f,unsupported_SEC_instance_source
PaymentsToAcquirePropertyPlantAndEquipment,USD,2011-12-31,2012-06-15,257000000.0,2012-07-12,10-Q,Q2,2012,0001445305-12-002157,cik:0001048286,https://www.sec.gov/Archives/edgar/data/1048286/000144530512002157/mar-20120615.xml,efeca7010dc67ff1258daf944febaf6af35a746b3df6ed36073a5a25df002ca3,unsupported_SEC_instance_source
ProceedsFromIssuanceOfCommonStock,USD,2011-01-01,2011-06-17,62000000.0,2012-07-12,10-Q,Q2,2012,0001445305-12-002157,cik:0001048286,https://www.sec.gov/Archives/edgar/data/1048286/000144530512002157/mar-20120615.xml,4f5476324e7566e75ba34dd26d2078230062c09aa4494e8b610c21e8ebe76251,unsupported_SEC_instance_source
ProceedsFromIssuanceOfCommonStock,USD,2011-12-31,2012-06-15,48000000.0,2012-07-12,10-Q,Q2,2012,0001445305-12-002157,cik:0001048286,https://www.sec.gov/Archives/edgar/data/1048286/000144530512002157/mar-20120615.xml,c8a7fbbdac1780bd7b2b3bf30fa10e90c3276c99c0ed956e491d9cb1e5ed6a1a,unsupported_SEC_instance_source
NetCashProvidedByUsedInOperatingActivities,USD,2011-12-31,2012-06-15,417000000.0,2013-08-01,10-Q,Q2,2013,0001445305-13-001794,cik:0001048286,https://www.sec.gov/Archives/edgar/data/1048286/000144530513001794/mar-20130630.xml,fa85595b350072fb5f7fa3fdbea11ee671459ba6fcf164751095c6e3f23a1291,unsupported_SEC_instance_source
NetCashProvidedByUsedInOperatingActivities,USD,2012-12-29,2013-06-30,610000000.0,2013-08-01,10-Q,Q2,2013,0001445305-13-001794,cik:0001048286,https://www.sec.gov/Archives/edgar/data/1048286/000144530513001794/mar-20130630.xml,13c121850b51b7346a6818579e4386c05692c3ce76ab8205c319a2b0316df2ef,unsupported_SEC_instance_source
PaymentsForRepurchaseOfCommonStock,USD,2011-12-31,2012-06-15,550000000.0,2013-08-01,10-Q,Q2,2013,0001445305-13-001794,cik:0001048286,https://www.sec.gov/Archives/edgar/data/1048286/000144530513001794/mar-20130630.xml,65796d9dd17785b9e8c08dc9eb8b4f67f45ebd47f2acb3659cd061019f504689,unsupported_SEC_instance_source
PaymentsForRepurchaseOfCommonStock,USD,2012-12-29,2013-06-30,498000000.0,2013-08-01,10-Q,Q2,2013,0001445305-13-001794,cik:0001048286,https://www.sec.gov/Archives/edgar/data/1048286/000144530513001794/mar-20130630.xml,c35d631e72d937a5798980468791c36c119fdbb21e215404b7084efe2f7e73e2,unsupported_SEC_instance_source
PaymentsToAcquirePropertyPlantAndEquipment,USD,2011-12-31,2012-06-15,257000000.0,2013-08-01,10-Q,Q2,2013,0001445305-13-001794,cik:0001048286,https://www.sec.gov/Archives/edgar/data/1048286/000144530513001794/mar-20130630.xml,37c6e22ce1d912d9cf08c5a985fa7ed727a1d2e0e3bc7311207869cd0b2d24d0,unsupported_SEC_instance_source
PaymentsToAcquirePropertyPlantAndEquipment,USD,2012-12-29,2013-06-30,148000000.0,2013-08-01,10-Q,Q2,2013,0001445305-13-001794,cik:0001048286,https://www.sec.gov/Archives/edgar/data/1048286/000144530513001794/mar-20130630.xml,fea970153e63c31fa286c2ad0a01647ed4f67f8ce7c479efcad9f9ae33ea15ca,unsupported_SEC_instance_source
ProceedsFromIssuanceOfCommonStock,USD,2011-12-31,2012-06-15,48000000.0,2013-08-01,10-Q,Q2,2013,0001445305-13-001794,cik:0001048286,https://www.sec.gov/Archives/edgar/data/1048286/000144530513001794/mar-20130630.xml,2573b341643dfacfd1fa917b1c1ed36ef282589859e6be9f342a3f2d0aae44ed,unsupported_SEC_instance_source
ProceedsFromIssuanceOfCommonStock,USD,2012-12-29,2013-06-30,70000000.0,2013-08-01,10-Q,Q2,2013,0001445305-13-001794,cik:0001048286,https://www.sec.gov/Archives/edgar/data/1048286/000144530513001794/mar-20130630.xml,f2645492a0d73392c78e0238448ed94b7d5c0a934f3a11461e500271c62af7b4,unsupported_SEC_instance_source
CommonStockSharesOutstanding,shares,,2008-12-31,180550000.0,2012-02-10,10-K,FY,2011,0001070412-12-000008,cik:0001070412,https://www.sec.gov/Archives/edgar/data/1070412/000107041212000008/cnx-20111231.xml,47a87510489824e41fa88eb1b529e73917894b524e07b762c48adddb6450551a,unsupported_SEC_instance_source
CommonStockSharesOutstanding,shares,,2009-12-31,181086000.0,2012-02-10,10-K,FY,2011,0001070412-12-000008,cik:0001070412,https://www.sec.gov/Archives/edgar/data/1070412/000107041212000008/cnx-20111231.xml,c7d8d8b63b6a6c353050905af0be62cdafd965d8ba32e56c144c52c6c67fc851,unsupported_SEC_instance_source
CommonStockSharesOutstanding,shares,,2010-12-31,226162000.0,2012-02-10,10-K,FY,2011,0001070412-12-000008,cik:0001070412,https://www.sec.gov/Archives/edgar/data/1070412/000107041212000008/cnx-20111231.xml,7ec3da9abfe4a165b2a2417c127a6ae8bb92c04da6dfa56aeff5623fab5a0079,unsupported_SEC_instance_source
CommonStockSharesOutstanding,shares,,2011-12-31,227056000.0,2012-02-10,10-K,FY,2011,0001070412-12-000008,cik:0001070412,https://www.sec.gov/Archives/edgar/data/1070412/000107041212000008/cnx-20111231.xml,df6bb72a1b3d4b854da9e0bc158a444fb33d9cde333f012f92d82b528de088ae,unsupported_SEC_instance_source
NetCashProvidedByUsedInOperatingActivities,USD,2009-01-01,2009-12-31,1060451000.0,2012-02-10,10-K,FY,2011,0001070412-12-000008,cik:0001070412,https://www.sec.gov/Archives/edgar/data/1070412/000107041212000008/cnx-20111231.xml,04ee71a5b538e16cb745279d25a037e1f911dc91fd07d7816111b5e19e90f799,unsupported_SEC_instance_source
NetCashProvidedByUsedInOperatingActivities,USD,2010-01-01,2010-09-30,1131312000.0,2012-02-10,10-K,FY,2011,0001070412-12-000008,cik:0001070412,https://www.sec.gov/Archives/edgar/data/1070412/000107041212000008/cnx-20111231.xml,8e2fcbeef22088567cb932ba536c7b161413aa07fe193d2fe829ad6c1dff2c8e,unsupported_SEC_instance_source
NetCashProvidedByUsedInOperatingActivities,USD,2010-01-01,2010-12-31,1131312000.0,2012-02-10,10-K,FY,2011,0001070412-12-000008,cik:0001070412,https://www.sec.gov/Archives/edgar/data/1070412/000107041212000008/cnx-20111231.xml,91c7b6072c328126c3d37b388b09f621ff55866b6284e3d036c34a221801c568,unsupported_SEC_instance_source
NetCashProvidedByUsedInOperatingActivities,USD,2011-01-01,2011-12-31,1527606000.0,2012-02-10,10-K,FY,2011,0001070412-12-000008,cik:0001070412,https://www.sec.gov/Archives/edgar/data/1070412/000107041212000008/cnx-20111231.xml,b1b29f048f5d409248386a3a0898e2af96f02d4775b38e3406f74d2bacd91e11,unsupported_SEC_instance_source
PaymentsToAcquirePropertyPlantAndEquipment,USD,2009-01-01,2009-12-31,920080000.0,2012-02-10,10-K,FY,2011,0001070412-12-000008,cik:0001070412,https://www.sec.gov/Archives/edgar/data/1070412/000107041212000008/cnx-20111231.xml,f8d8ad57ae3f0bd3ea8e30e9ce5ae93a6d7d0d0acf5da0bc52a0fc4bc30b7a72,unsupported_SEC_instance_source
PaymentsToAcquirePropertyPlantAndEquipment,USD,2010-01-01,2010-12-31,1154024000.0,2012-02-10,10-K,FY,2011,0001070412-12-000008,cik:0001070412,https://www.sec.gov/Archives/edgar/data/1070412/000107041212000008/cnx-20111231.xml,619a1c3475ff9319da165544fec0ea26b4b08cb73e875f99d86394c43e46b0e1,unsupported_SEC_instance_source
PaymentsToAcquirePropertyPlantAndEquipment,USD,2011-01-01,2011-12-31,1382371000.0,2012-02-10,10-K,FY,2011,0001070412-12-000008,cik:0001070412,https://www.sec.gov/Archives/edgar/data/1070412/000107041212000008/cnx-20111231.xml,3ebc009fddcc67da649583c1379ebc0fbd5c16f9dead7890660b64f35de376a9,unsupported_SEC_instance_source
ProceedsFromIssuanceOfCommonStock,USD,2009-01-01,2009-12-31,0.0,2012-02-10,10-K,FY,2011,0001070412-12-000008,cik:0001070412,https://www.sec.gov/Archives/edgar/data/1070412/000107041212000008/cnx-20111231.xml,f778919ee160008b601994dd3432c3528287f671dddd727cf89b40bcae822834,unsupported_SEC_instance_source
ProceedsFromIssuanceOfCommonStock,USD,2010-01-01,2010-12-31,1828862000.0,2012-02-10,10-K,FY,2011,0001070412-12-000008,cik:0001070412,https://www.sec.gov/Archives/edgar/data/1070412/000107041212000008/cnx-20111231.xml,2c72b7d20a717ad5a0279119b5b205894b50b1f7baa5ba93d7c9673980078417,unsupported_SEC_instance_source
ProceedsFromIssuanceOfCommonStock,USD,2011-01-01,2011-12-31,0.0,2012-02-10,10-K,FY,2011,0001070412-12-000008,cik:0001070412,https://www.sec.gov/Archives/edgar/data/1070412/000107041212000008/cnx-20111231.xml,46c643ee3e12735b035d8ea573d9c5a9b603ba925a91ba7f03c23c7f37b65691,unsupported_SEC_instance_source
CommonStockSharesOutstanding,shares,,2010-12-31,225082252.0,2011-08-03,10-Q,Q2,2011,0001193125-11-208391,cik:0001135971,https://www.sec.gov/Archives/edgar/data/1135971/000119312511208391/phi-20110630.xml,b1788edca6967c0458c4dfd21742dd9c497dce6d001869e22605b0394ddc05ff,unsupported_SEC_instance_source
CommonStockSharesOutstanding,shares,,2011-06-30,226314924.0,2011-08-03,10-Q,Q2,2011,0001193125-11-208391,cik:0001135971,https://www.sec.gov/Archives/edgar/data/1135971/000119312511208391/phi-20110630.xml,a50ddaefa934cefde9754c14cb9bd57cc6fba33b12e54773e8d1fdaf2f806c2e,unsupported_SEC_instance_source
NetCashProvidedByUsedInOperatingActivities,USD,2010-01-01,2010-06-30,499000000.0,2011-08-03,10-Q,Q2,2011,0001193125-11-208391,cik:0001135971,https://www.sec.gov/Archives/edgar/data/1135971/000119312511208391/phi-20110630.xml,91c51214646573d7f32efe56a034e7f645c5de8df1af5866f3adec380a233a49,unsupported_SEC_instance_source
NetCashProvidedByUsedInOperatingActivities,USD,2011-01-01,2011-06-30,334000000.0,2011-08-03,10-Q,Q2,2011,0001193125-11-208391,cik:0001135971,https://www.sec.gov/Archives/edgar/data/1135971/000119312511208391/phi-20110630.xml,8a1762aca6001ac1a75650f72dd2af564d1f47d59e4b9acd93faee675fa469a2,unsupported_SEC_instance_source
PaymentsToAcquirePropertyPlantAndEquipment,USD,2010-01-01,2010-06-30,364000000.0,2011-08-03,10-Q,Q2,2011,0001193125-11-208391,cik:0001135971,https://www.sec.gov/Archives/edgar/data/1135971/000119312511208391/phi-20110630.xml,b36539de2104ad466b4115fcdcd139a1e03ec44e604f9573e8299a0004aeb092,unsupported_SEC_instance_source
PaymentsToAcquirePropertyPlantAndEquipment,USD,2011-01-01,2011-06-30,387000000.0,2011-08-03,10-Q,Q2,2011,0001193125-11-208391,cik:0001135971,https://www.sec.gov/Archives/edgar/data/1135971/000119312511208391/phi-20110630.xml,23b1bda76fe66a943837e2a9140c923f17ebbe1c7d66a05629613d3a4b830d5e,unsupported_SEC_instance_source
CommonStockSharesOutstanding,shares,,2010-12-31,225082252.0,2011-11-04,10-Q,Q3,2011,0001193125-11-295580,cik:0001135971,https://www.sec.gov/Archives/edgar/data/1135971/000119312511295580/pom-20110930.xml,4c51498ef0a302600851d70dc35c9a91ab11eca4232e13758fecba9422c8f042,unsupported_SEC_instance_source
CommonStockSharesOutstanding,shares,,2011-09-30,226879348.0,2011-11-04,10-Q,Q3,2011,0001193125-11-295580,cik:0001135971,https://www.sec.gov/Archives/edgar/data/1135971/000119312511295580/pom-20110930.xml,a13e3a15efe59020364e1aa44c7e008d69f4f515834175b5406912c1f62c9aa0,unsupported_SEC_instance_source
NetCashProvidedByUsedInOperatingActivities,USD,2010-01-01,2010-09-30,560000000.0,2011-11-04,10-Q,Q3,2011,0001193125-11-295580,cik:0001135971,https://www.sec.gov/Archives/edgar/data/1135971/000119312511295580/pom-20110930.xml,5f0dfbb9ce68fbc6571081f882bb84ae530e96f14a2eb0538769479adacf7a78,unsupported_SEC_instance_source
NetCashProvidedByUsedInOperatingActivities,USD,2011-01-01,2011-09-30,531000000.0,2011-11-04,10-Q,Q3,2011,0001193125-11-295580,cik:0001135971,https://www.sec.gov/Archives/edgar/data/1135971/000119312511295580/pom-20110930.xml,9dddd18f058e78ac5066d780a957b749c53f9309e92804a3da13c268f9b8c888,unsupported_SEC_instance_source
PaymentsToAcquirePropertyPlantAndEquipment,USD,2010-01-01,2010-09-30,551000000.0,2011-11-04,10-Q,Q3,2011,0001193125-11-295580,cik:0001135971,https://www.sec.gov/Archives/edgar/data/1135971/000119312511295580/pom-20110930.xml,bea93dc190683ebfc2cfd38b5099650a30e45b80a265c96e778115d2dd1ffae9,unsupported_SEC_instance_source
PaymentsToAcquirePropertyPlantAndEquipment,USD,2011-01-01,2011-09-30,639000000.0,2011-11-04,10-Q,Q3,2011,0001193125-11-295580,cik:0001135971,https://www.sec.gov/Archives/edgar/data/1135971/000119312511295580/pom-20110930.xml,676e3b8157abbd505390987a6cbec3cca8d5ef33ef82837b1be39609d367e2a1,unsupported_SEC_instance_source
CommonStockSharesOutstanding,shares,,2010-12-31,225082252.0,2012-02-24,10-K,FY,2011,0001193125-12-075999,cik:0001135971,https://www.sec.gov/Archives/edgar/data/1135971/000119312512075999/pom-20111231.xml,51b86e521cacc1b46f3a809d480c80953070b6ee3a79459c9ec1fef220a7c902,unsupported_SEC_instance_source
CommonStockSharesOutstanding,shares,,2011-12-31,227500190.0,2012-02-24,10-K,FY,2011,0001193125-12-075999,cik:0001135971,https://www.sec.gov/Archives/edgar/data/1135971/000119312512075999/pom-20111231.xml,348645ce0d7e5c87c2b07bbfffe813b7936613be7a2c51a2c5e7b176bf8cb67d,unsupported_SEC_instance_source
NetCashProvidedByUsedInOperatingActivities,USD,2009-01-01,2009-12-31,606000000.0,2012-02-24,10-K,FY,2011,0001193125-12-075999,cik:0001135971,https://www.sec.gov/Archives/edgar/data/1135971/000119312512075999/pom-20111231.xml,4ee3fafe1d5479ee5b39e68990bec51e1fac487d6dd8f7aa886e809112f51267,unsupported_SEC_instance_source
NetCashProvidedByUsedInOperatingActivities,USD,2010-01-01,2010-12-31,813000000.0,2012-02-24,10-K,FY,2011,0001193125-12-075999,cik:0001135971,https://www.sec.gov/Archives/edgar/data/1135971/000119312512075999/pom-20111231.xml,76719febf8075945c0a1d518943934dd556e976cb362a5623a840e74f27358f5,unsupported_SEC_instance_source
NetCashProvidedByUsedInOperatingActivities,USD,2011-01-01,2011-12-31,686000000.0,2012-02-24,10-K,FY,2011,0001193125-12-075999,cik:0001135971,https://www.sec.gov/Archives/edgar/data/1135971/000119312512075999/pom-20111231.xml,293dbab71a7bf3e648a3fba3f54b7acdc3fb764a2f5f85d7fc1d096b2a0ea551,unsupported_SEC_instance_source
PaymentsToAcquirePropertyPlantAndEquipment,USD,2009-01-01,2009-12-31,664000000.0,2012-02-24,10-K,FY,2011,0001193125-12-075999,cik:0001135971,https://www.sec.gov/Archives/edgar/data/1135971/000119312512075999/pom-20111231.xml,1e6f6cf23dcdfa7f1f381346b77ffc4b9fbc0b525878e4a134462cd535f14af9,unsupported_SEC_instance_source
PaymentsToAcquirePropertyPlantAndEquipment,USD,2010-01-01,2010-12-31,802000000.0,2012-02-24,10-K,FY,2011,0001193125-12-075999,cik:0001135971,https://www.sec.gov/Archives/edgar/data/1135971/000119312512075999/pom-20111231.xml,d7c5b5c1396bfed35c333d72e087a34b8e38674e5b5fd5395a7803c9713c7201,unsupported_SEC_instance_source
PaymentsToAcquirePropertyPlantAndEquipment,USD,2011-01-01,2011-12-31,941000000.0,2012-02-24,10-K,FY,2011,0001193125-12-075999,cik:0001135971,https://www.sec.gov/Archives/edgar/data/1135971/000119312512075999/pom-20111231.xml,4484a54c048b7af4f77cdc0aa72d9bb912ed98ca9002198f267778e66d330f3e,unsupported_SEC_instance_source
CommonStockSharesOutstanding,shares,,2011-12-31,227500190.0,2012-05-04,10-Q,Q1,2012,0001193125-12-209000,cik:0001135971,https://www.sec.gov/Archives/edgar/data/1135971/000119312512209000/pom-20120331.xml,32be082443ddd99bb0db88eff62e98bfe68634dc7a73c1531a03d3b1880d40fc,unsupported_SEC_instance_source
CommonStockSharesOutstanding,shares,,2012-03-31,228244115.0,2012-05-04,10-Q,Q1,2012,0001193125-12-209000,cik:0001135971,https://www.sec.gov/Archives/edgar/data/1135971/000119312512209000/pom-20120331.xml,b217d0a4e491d846b18108c840cb05737d390b969de4ebd867079778d7e40138,unsupported_SEC_instance_source
NetCashProvidedByUsedInOperatingActivities,USD,2011-01-01,2011-03-31,197000000.0,2012-05-04,10-Q,Q1,2012,0001193125-12-209000,cik:0001135971,https://www.sec.gov/Archives/edgar/data/1135971/000119312512209000/pom-20120331.xml,32ddc6c220a5ef54d1cdd0ca1116d6acdb582b5ffb6a78449d9cf4bf5e97b6b8,unsupported_SEC_instance_source
NetCashProvidedByUsedInOperatingActivities,USD,2012-01-01,2012-03-31,23000000.0,2012-05-04,10-Q,Q1,2012,0001193125-12-209000,cik:0001135971,https://www.sec.gov/Archives/edgar/data/1135971/000119312512209000/pom-20120331.xml,d5190908b971e4881058c35c9c636ede800cf69bbca0b5f9863b9168e8551d6d,unsupported_SEC_instance_source
PaymentsToAcquirePropertyPlantAndEquipment,USD,2011-01-01,2011-03-31,171000000.0,2012-05-04,10-Q,Q1,2012,0001193125-12-209000,cik:0001135971,https://www.sec.gov/Archives/edgar/data/1135971/000119312512209000/pom-20120331.xml,4b8800e9202c315e61a8ac4ed964f8929631f6c8be97c9e0d9a7490b0cc5c384,unsupported_SEC_instance_source
PaymentsToAcquirePropertyPlantAndEquipment,USD,2012-01-01,2012-03-31,291000000.0,2012-05-04,10-Q,Q1,2012,0001193125-12-209000,cik:0001135971,https://www.sec.gov/Archives/edgar/data/1135971/000119312512209000/pom-20120331.xml,12e0d2d599718407db7e8a3bb386a84910e96da3b9ac836ad7c8304bc640e3b2,unsupported_SEC_instance_source
CommonStockSharesOutstanding,shares,,2011-12-31,227500190.0,2012-08-07,10-Q,Q2,2012,0001193125-12-338604,cik:0001135971,https://www.sec.gov/Archives/edgar/data/1135971/000119312512338604/pom-20120630.xml,2cc472d3bef9d87d62d474fc7620da2b57bef3436c00fd68b09d2596487fcb48,unsupported_SEC_instance_source
CommonStockSharesOutstanding,shares,,2012-06-30,228851815.0,2012-08-07,10-Q,Q2,2012,0001193125-12-338604,cik:0001135971,https://www.sec.gov/Archives/edgar/data/1135971/000119312512338604/pom-20120630.xml,939ed78ef42f655dcd745dc61b34bd623986dbb103e7d1935498d0bf7cfdabf6,unsupported_SEC_instance_source
NetCashProvidedByUsedInOperatingActivities,USD,2011-01-01,2011-06-30,334000000.0,2012-08-07,10-Q,Q2,2012,0001193125-12-338604,cik:0001135971,https://www.sec.gov/Archives/edgar/data/1135971/000119312512338604/pom-20120630.xml,8aba725c0c7f3dd6aae5b128afe7c4d98db927ace3afc5efc49acb1bedd40a7f,unsupported_SEC_instance_source
NetCashProvidedByUsedInOperatingActivities,USD,2012-01-01,2012-06-30,124000000.0,2012-08-07,10-Q,Q2,2012,0001193125-12-338604,cik:0001135971,https://www.sec.gov/Archives/edgar/data/1135971/000119312512338604/pom-20120630.xml,1e19593d60ddc7e7b019bb79e7cdc35166e68fa4233a2499accc50f822f5cde0,unsupported_SEC_instance_source
PaymentsToAcquirePropertyPlantAndEquipment,USD,2011-01-01,2011-06-30,387000000.0,2012-08-07,10-Q,Q2,2012,0001193125-12-338604,cik:0001135971,https://www.sec.gov/Archives/edgar/data/1135971/000119312512338604/pom-20120630.xml,e787b00616509cfcaed5eb0b3eb49920a576c63f90c390c7864d36ba7dfc478f,unsupported_SEC_instance_source
PaymentsToAcquirePropertyPlantAndEquipment,USD,2012-01-01,2012-06-30,589000000.0,2012-08-07,10-Q,Q2,2012,0001193125-12-338604,cik:0001135971,https://www.sec.gov/Archives/edgar/data/1135971/000119312512338604/pom-20120630.xml,fde48e0214688bc2c4f65e5b18e649f762cf637c1dda6dd8a8d5a3ff135a913a,unsupported_SEC_instance_source
CommonStockSharesOutstanding,shares,,2011-12-31,227500190.0,2012-11-06,10-Q,Q3,2012,0001193125-12-452374,cik:0001135971,https://www.sec.gov/Archives/edgar/data/1135971/000119312512452374/pom-20120930.xml,f15b5bf9c3770f33bf53431655c9ef5705a14dfe8995508d15296dd225bfa6b5,unsupported_SEC_instance_source
CommonStockSharesOutstanding,shares,,2012-09-30,229438681.0,2012-11-06,10-Q,Q3,2012,0001193125-12-452374,cik:0001135971,https://www.sec.gov/Archives/edgar/data/1135971/000119312512452374/pom-20120930.xml,2393b662cbb2c94caa3eee50fb63edb1152cb00f0de6fe2c2d02d954d18177f1,unsupported_SEC_instance_source
NetCashProvidedByUsedInOperatingActivities,USD,2011-01-01,2011-09-30,531000000.0,2012-11-06,10-Q,Q3,2012,0001193125-12-452374,cik:0001135971,https://www.sec.gov/Archives/edgar/data/1135971/000119312512452374/pom-20120930.xml,5804948ff6f7558a460ddcf1fe3b435acf23aba258b44f9c6db669bb92380ae7,unsupported_SEC_instance_source
NetCashProvidedByUsedInOperatingActivities,USD,2012-01-01,2012-09-30,419000000.0,2012-11-06,10-Q,Q3,2012,0001193125-12-452374,cik:0001135971,https://www.sec.gov/Archives/edgar/data/1135971/000119312512452374/pom-20120930.xml,0647c1cfd1633871908a69609cf13106ce17084bc5e207411230925d84eceed6,unsupported_SEC_instance_source
PaymentsToAcquirePropertyPlantAndEquipment,USD,2011-01-01,2011-09-30,639000000.0,2012-11-06,10-Q,Q3,2012,0001193125-12-452374,cik:0001135971,https://www.sec.gov/Archives/edgar/data/1135971/000119312512452374/pom-20120930.xml,2235bed953f6e35cc5692de82ce2204c10e5913afed1204cfd86fe1ae1b8a3f4,unsupported_SEC_instance_source
PaymentsToAcquirePropertyPlantAndEquipment,USD,2012-01-01,2012-09-30,888000000.0,2012-11-06,10-Q,Q3,2012,0001193125-12-452374,cik:0001135971,https://www.sec.gov/Archives/edgar/data/1135971/000119312512452374/pom-20120930.xml,84709f6a1381abed28b532219df3042ef1fe7cda8a50e5767581d0a13be23d1b,unsupported_SEC_instance_source
CommonStockSharesOutstanding,shares,,2011-12-31,227500190.0,2013-03-01,10-K,FY,2012,0001193125-13-085461,cik:0001135971,https://www.sec.gov/Archives/edgar/data/1135971/000119312513085461/pom-20121231.xml,01e031b7bfc623885dd11ebaf319019b8be8e0913fab6f29e8e20d833f525274,unsupported_SEC_instance_source
CommonStockSharesOutstanding,shares,,2012-12-31,230015427.0,2013-03-01,10-K,FY,2012,0001193125-13-085461,cik:0001135971,https://www.sec.gov/Archives/edgar/data/1135971/000119312513085461/pom-20121231.xml,826c73660c337f9767bb99d711035a2b3113eadc5dbd9234b48575561f632830,unsupported_SEC_instance_source
NetCashProvidedByUsedInOperatingActivities,USD,2010-01-01,2010-12-31,813000000.0,2013-03-01,10-K,FY,2012,0001193125-13-085461,cik:0001135971,https://www.sec.gov/Archives/edgar/data/1135971/000119312513085461/pom-20121231.xml,d63a86ca750829e364fdb2595d56d3eb877b0c31eb924c0c2f5f829e7c2c7cfc,unsupported_SEC_instance_source
NetCashProvidedByUsedInOperatingActivities,USD,2011-01-01,2011-12-31,686000000.0,2013-03-01,10-K,FY,2012,0001193125-13-085461,cik:0001135971,https://www.sec.gov/Archives/edgar/data/1135971/000119312513085461/pom-20121231.xml,55fcb04dc7860a7962bb46d7a480545828f2f344dacb020e875cf2ad174d472e,unsupported_SEC_instance_source
NetCashProvidedByUsedInOperatingActivities,USD,2012-01-01,2012-12-31,592000000.0,2013-03-01,10-K,FY,2012,0001193125-13-085461,cik:0001135971,https://www.sec.gov/Archives/edgar/data/1135971/000119312513085461/pom-20121231.xml,f4e6c7037233cc06a1e88870aa505fe3d48f31405a57d6d550184bf9186d3d25,unsupported_SEC_instance_source
PaymentsToAcquirePropertyPlantAndEquipment,USD,2010-01-01,2010-12-31,802000000.0,2013-03-01,10-K,FY,2012,0001193125-13-085461,cik:0001135971,https://www.sec.gov/Archives/edgar/data/1135971/000119312513085461/pom-20121231.xml,59ae6f05b697d8d57000d42e5666818ff7f9e261b692c0db0ed362a5e1b059a1,unsupported_SEC_instance_source
PaymentsToAcquirePropertyPlantAndEquipment,USD,2011-01-01,2011-12-31,941000000.0,2013-03-01,10-K,FY,2012,0001193125-13-085461,cik:0001135971,https://www.sec.gov/Archives/edgar/data/1135971/000119312513085461/pom-20121231.xml,4d33cb0f7a4588e7b9d48fb0734c3406bcaa0b7da19d16c8d77f5011387462cc,unsupported_SEC_instance_source
PaymentsToAcquirePropertyPlantAndEquipment,USD,2012-01-01,2012-12-31,1216000000.0,2013-03-01,10-K,FY,2012,0001193125-13-085461,cik:0001135971,https://www.sec.gov/Archives/edgar/data/1135971/000119312513085461/pom-20121231.xml,d4d159601846166d63d81f676d2ec290da06be8f35f129e2cd01bdf005c8bf7d,unsupported_SEC_instance_source
CommonStockSharesOutstanding,shares,,2012-12-31,230015427.0,2013-05-03,10-Q,Q1,2013,0001193125-13-196666,cik:0001135971,https://www.sec.gov/Archives/edgar/data/1135971/000119312513196666/pom-20130331.xml,85ff4f8f22074683cd8290e796eb0dffd71797c9f28bd8a4a3ae2e5e5dea91aa,unsupported_SEC_instance_source
CommonStockSharesOutstanding,shares,,2013-03-31,248551381.0,2013-05-03,10-Q,Q1,2013,0001193125-13-196666,cik:0001135971,https://www.sec.gov/Archives/edgar/data/1135971/000119312513196666/pom-20130331.xml,13a3deb2dcfc59692caa66540d834fdfc7b633a698cefa57bbda1a7c64469c6e,unsupported_SEC_instance_source
NetCashProvidedByUsedInOperatingActivities,USD,2012-01-01,2012-03-31,23000000.0,2013-05-03,10-Q,Q1,2013,0001193125-13-196666,cik:0001135971,https://www.sec.gov/Archives/edgar/data/1135971/000119312513196666/pom-20130331.xml,537b3677f9c3e60a87c1ac7508fedd7925413df720c4de50984843ae2b86e45c,unsupported_SEC_instance_source
NetCashProvidedByUsedInOperatingActivities,USD,2013-01-01,2013-03-31,-146000000.0,2013-05-03,10-Q,Q1,2013,0001193125-13-196666,cik:0001135971,https://www.sec.gov/Archives/edgar/data/1135971/000119312513196666/pom-20130331.xml,3345937191d01a1e4d8220f253b469fe6a0e1a9af4b493f799091f2a53e6490a,unsupported_SEC_instance_source
PaymentsToAcquirePropertyPlantAndEquipment,USD,2012-01-01,2012-03-31,291000000.0,2013-05-03,10-Q,Q1,2013,0001193125-13-196666,cik:0001135971,https://www.sec.gov/Archives/edgar/data/1135971/000119312513196666/pom-20130331.xml,a1e105cf3fa70c09723b33cb9e997e0a53217c0e5c1c52b278822a39d35354ba,unsupported_SEC_instance_source
PaymentsToAcquirePropertyPlantAndEquipment,USD,2013-01-01,2013-03-31,296000000.0,2013-05-03,10-Q,Q1,2013,0001193125-13-196666,cik:0001135971,https://www.sec.gov/Archives/edgar/data/1135971/000119312513196666/pom-20130331.xml,1ca2917f8f7bcf5c8b86691f5e1f4f0f6b9458c27d5abe8ec8f0343a2f05d58d,unsupported_SEC_instance_source
ProceedsFromIssuanceOfCommonStock,USD,2013-01-01,2013-03-31,324000000.0,2013-05-03,10-Q,Q1,2013,0001193125-13-196666,cik:0001135971,https://www.sec.gov/Archives/edgar/data/1135971/000119312513196666/pom-20130331.xml,a1b9712e6ccc4788c4c94a417fdf8810b0af9d94968a7e09587afb446b062ca6,unsupported_SEC_instance_source
CommonStockSharesOutstanding,shares,,2012-12-31,230015427.0,2013-08-07,10-Q,Q2,2013,0001193125-13-322052,cik:0001135971,https://www.sec.gov/Archives/edgar/data/1135971/000119312513322052/pom-20130630.xml,8b40ab6eeb7152918cfb62a74af2bd717f0fb78919b8e6aa9bc76f4e71a7b135,unsupported_SEC_instance_source
CommonStockSharesOutstanding,shares,,2013-06-30,249110050.0,2013-08-07,10-Q,Q2,2013,0001193125-13-322052,cik:0001135971,https://www.sec.gov/Archives/edgar/data/1135971/000119312513322052/pom-20130630.xml,c8d9e225d9a24bcc0ef3a89b3a9e7f825f5269d891577a4f411a370038047f55,unsupported_SEC_instance_source
NetCashProvidedByUsedInOperatingActivities,USD,2012-01-01,2012-06-30,124000000.0,2013-08-07,10-Q,Q2,2013,0001193125-13-322052,cik:0001135971,https://www.sec.gov/Archives/edgar/data/1135971/000119312513322052/pom-20130630.xml,9801657106fc510abbd1b156a17c5c64117a68eb38b050e256254661495abb35,unsupported_SEC_instance_source
NetCashProvidedByUsedInOperatingActivities,USD,2013-01-01,2013-06-30,-35000000.0,2013-08-07,10-Q,Q2,2013,0001193125-13-322052,cik:0001135971,https://www.sec.gov/Archives/edgar/data/1135971/000119312513322052/pom-20130630.xml,88376b33a134f4b8c2ee4b172e0326bd3dc45b415672af327f91f45c7e8c5753,unsupported_SEC_instance_source
PaymentsToAcquirePropertyPlantAndEquipment,USD,2012-01-01,2012-06-30,589000000.0,2013-08-07,10-Q,Q2,2013,0001193125-13-322052,cik:0001135971,https://www.sec.gov/Archives/edgar/data/1135971/000119312513322052/pom-20130630.xml,36a667dc4057f6c0674a563e3ab4ed2379774fc9c5c356d8de8631cfd4dc337f,unsupported_SEC_instance_source
PaymentsToAcquirePropertyPlantAndEquipment,USD,2013-01-01,2013-06-30,616000000.0,2013-08-07,10-Q,Q2,2013,0001193125-13-322052,cik:0001135971,https://www.sec.gov/Archives/edgar/data/1135971/000119312513322052/pom-20130630.xml,73601638a64a7f0c51fca726a866a2034b66f98d24c10942b5c0cfbd5c368897,unsupported_SEC_instance_source
ProceedsFromIssuanceOfCommonStock,USD,2013-01-01,2013-06-30,324000000.0,2013-08-07,10-Q,Q2,2013,0001193125-13-322052,cik:0001135971,https://www.sec.gov/Archives/edgar/data/1135971/000119312513322052/pom-20130630.xml,9d96783416c224fe38b6b20de7eec35dbbac7ac181c49a85166e8e89989a7c53,unsupported_SEC_instance_source
CommonStockSharesOutstanding,shares,,2012-12-31,230015427.0,2013-11-06,10-Q,Q3,2013,0001193125-13-428371,cik:0001135971,https://www.sec.gov/Archives/edgar/data/1135971/000119312513428371/pom-20130930.xml,76091e69b936b3cc2af494c3981edafd9250d96bc5388ea3aa2311770acb6fdd,unsupported_SEC_instance_source
CommonStockSharesOutstanding,shares,,2013-09-30,249713980.0,2013-11-06,10-Q,Q3,2013,0001193125-13-428371,cik:0001135971,https://www.sec.gov/Archives/edgar/data/1135971/000119312513428371/pom-20130930.xml,00970414cf4df3b45e2220eff935a58be199b1604b953b5ff520df347474bbce,unsupported_SEC_instance_source
NetCashProvidedByUsedInOperatingActivities,USD,2012-01-01,2012-09-30,419000000.0,2013-11-06,10-Q,Q3,2013,0001193125-13-428371,cik:0001135971,https://www.sec.gov/Archives/edgar/data/1135971/000119312513428371/pom-20130930.xml,2717155bec387204299ae41e256b9b0429654c0f54b3382cbaa9f520e1d4ea4c,unsupported_SEC_instance_source
NetCashProvidedByUsedInOperatingActivities,USD,2013-01-01,2013-09-30,267000000.0,2013-11-06,10-Q,Q3,2013,0001193125-13-428371,cik:0001135971,https://www.sec.gov/Archives/edgar/data/1135971/000119312513428371/pom-20130930.xml,eeca349461bb7509d9874be69fb44766f2256470ac31fd9a13ed6dc4968f4301,unsupported_SEC_instance_source
PaymentsToAcquirePropertyPlantAndEquipment,USD,2012-01-01,2012-09-30,888000000.0,2013-11-06,10-Q,Q3,2013,0001193125-13-428371,cik:0001135971,https://www.sec.gov/Archives/edgar/data/1135971/000119312513428371/pom-20130930.xml,2d6a38357184e3303660f07ae0aad625f211b493785ae197923454895d2a794d,unsupported_SEC_instance_source
PaymentsToAcquirePropertyPlantAndEquipment,USD,2013-01-01,2013-09-30,943000000.0,2013-11-06,10-Q,Q3,2013,0001193125-13-428371,cik:0001135971,https://www.sec.gov/Archives/edgar/data/1135971/000119312513428371/pom-20130930.xml,f788b0aa00d202258f0c92313d4b74905f583462dc34ac4c8f1ddb313d050b61,unsupported_SEC_instance_source
ProceedsFromIssuanceOfCommonStock,USD,2013-01-01,2013-09-30,324000000.0,2013-11-06,10-Q,Q3,2013,0001193125-13-428371,cik:0001135971,https://www.sec.gov/Archives/edgar/data/1135971/000119312513428371/pom-20130930.xml,b3f4428a6330afd35425d1bb1266c32fb301e1619566b483d84eecf60c5d82c3,unsupported_SEC_instance_source
CommonStockSharesOutstanding,shares,,2012-12-31,230015427.0,2014-02-28,10-K,FY,2013,0001193125-14-073781,cik:0001135971,https://www.sec.gov/Archives/edgar/data/1135971/000119312514073781/pom-20131231.xml,876959de91fbd47b5baf76bc0896519131758537da4cb5b51a04ad3620550013,unsupported_SEC_instance_source
CommonStockSharesOutstanding,shares,,2013-12-31,250324898.0,2014-02-28,10-K,FY,2013,0001193125-14-073781,cik:0001135971,https://www.sec.gov/Archives/edgar/data/1135971/000119312514073781/pom-20131231.xml,c28a5f9db50865e43060323e7b4fee1bbfeaaf1e2687be392255fdeb4d69d54a,unsupported_SEC_instance_source
NetCashProvidedByUsedInOperatingActivities,USD,2011-01-01,2011-12-31,686000000.0,2014-02-28,10-K,FY,2013,0001193125-14-073781,cik:0001135971,https://www.sec.gov/Archives/edgar/data/1135971/000119312514073781/pom-20131231.xml,2dbfc98795c2cca611645b7f1abcd0cf402764bff061f4b86b5e55853c6905f9,unsupported_SEC_instance_source
NetCashProvidedByUsedInOperatingActivities,USD,2012-01-01,2012-12-31,592000000.0,2014-02-28,10-K,FY,2013,0001193125-14-073781,cik:0001135971,https://www.sec.gov/Archives/edgar/data/1135971/000119312514073781/pom-20131231.xml,e3d96b76d14f095c59d5e24029f75d802455aaf2ba71ea456db3617fc36c4994,unsupported_SEC_instance_source
NetCashProvidedByUsedInOperatingActivities,USD,2013-01-01,2013-12-31,497000000.0,2014-02-28,10-K,FY,2013,0001193125-14-073781,cik:0001135971,https://www.sec.gov/Archives/edgar/data/1135971/000119312514073781/pom-20131231.xml,bab47b1525325363a8e681da447a2741b5cad33d5c93eba0a708624131f52c69,unsupported_SEC_instance_source
PaymentsToAcquirePropertyPlantAndEquipment,USD,2011-01-01,2011-12-31,941000000.0,2014-02-28,10-K,FY,2013,0001193125-14-073781,cik:0001135971,https://www.sec.gov/Archives/edgar/data/1135971/000119312514073781/pom-20131231.xml,f2b4327c5cf477bb19ad7981166b335c1d9364ca75e9df2c5567bace86fed1a0,unsupported_SEC_instance_source
PaymentsToAcquirePropertyPlantAndEquipment,USD,2012-01-01,2012-12-31,1216000000.0,2014-02-28,10-K,FY,2013,0001193125-14-073781,cik:0001135971,https://www.sec.gov/Archives/edgar/data/1135971/000119312514073781/pom-20131231.xml,f661fc5ed8c36825267ab37fb9d141c1555846d8e3d36f033a644708253dc369,unsupported_SEC_instance_source
PaymentsToAcquirePropertyPlantAndEquipment,USD,2013-01-01,2013-12-31,1310000000.0,2014-02-28,10-K,FY,2013,0001193125-14-073781,cik:0001135971,https://www.sec.gov/Archives/edgar/data/1135971/000119312514073781/pom-20131231.xml,f7443c197ecade56e13c8f4f902d0c6dff5fa974b63d8a699425d51ca98375b8,unsupported_SEC_instance_source
ProceedsFromIssuanceOfCommonStock,USD,2013-01-01,2013-12-31,324000000.0,2014-02-28,10-K,FY,2013,0001193125-14-073781,cik:0001135971,https://www.sec.gov/Archives/edgar/data/1135971/000119312514073781/pom-20131231.xml,47484306a7361a75a0166fd9e6ab1c14dcd48fc603b1f42acb8758cbd11272b6,unsupported_SEC_instance_source
CommonStockSharesOutstanding,shares,,2013-12-31,250324898.0,2014-05-07,10-Q,Q1,2014,0001193125-14-186032,cik:0001135971,https://www.sec.gov/Archives/edgar/data/1135971/000119312514186032/pom-20140331.xml,afb4613863477349bff842cb017cd920edfc1506b1973e915952e5f349cd0c5e,unsupported_SEC_instance_source
CommonStockSharesOutstanding,shares,,2014-03-31,250982923.0,2014-05-07,10-Q,Q1,2014,0001193125-14-186032,cik:0001135971,https://www.sec.gov/Archives/edgar/data/1135971/000119312514186032/pom-20140331.xml,5ab6597842a4241b87e9a645ecb5bcc9732759717bcf7839ba89836c2fce00f1,unsupported_SEC_instance_source
NetCashProvidedByUsedInOperatingActivities,USD,2013-01-01,2013-03-31,-176000000.0,2014-05-07,10-Q,Q1,2014,0001193125-14-186032,cik:0001135971,https://www.sec.gov/Archives/edgar/data/1135971/000119312514186032/pom-20140331.xml,611af9431243212abb361c3e932f5e194062eca38cf53565cbd4af0c604cd7e8,unsupported_SEC_instance_source
NetCashProvidedByUsedInOperatingActivities,USD,2014-01-01,2014-03-31,284000000.0,2014-05-07,10-Q,Q1,2014,0001193125-14-186032,cik:0001135971,https://www.sec.gov/Archives/edgar/data/1135971/000119312514186032/pom-20140331.xml,f7501f7d7a1ef91f96df2080bd35a655a9ee76211c0d977d5945013e9e40b47a,unsupported_SEC_instance_source
PaymentsToAcquirePropertyPlantAndEquipment,USD,2013-01-01,2013-03-31,296000000.0,2014-05-07,10-Q,Q1,2014,0001193125-14-186032,cik:0001135971,https://www.sec.gov/Archives/edgar/data/1135971/000119312514186032/pom-20140331.xml,5ca5d4ff724021a51adc14e8e4ab64e80f20f85993717f870ff2262856b51002,unsupported_SEC_instance_source
PaymentsToAcquirePropertyPlantAndEquipment,USD,2014-01-01,2014-03-31,282000000.0,2014-05-07,10-Q,Q1,2014,0001193125-14-186032,cik:0001135971,https://www.sec.gov/Archives/edgar/data/1135971/000119312514186032/pom-20140331.xml,f2ea0b14cde020c3d4d0918f7908d5453690a732cda6366bf6f4341a7abfd237,unsupported_SEC_instance_source
ProceedsFromIssuanceOfCommonStock,USD,2013-01-01,2013-03-31,324000000.0,2014-05-07,10-Q,Q1,2014,0001193125-14-186032,cik:0001135971,https://www.sec.gov/Archives/edgar/data/1135971/000119312514186032/pom-20140331.xml,7ff6a539322dc170e739b93990130d44c4f2dd235ab751d1c3f8d02ed4324404,unsupported_SEC_instance_source
CommonStockSharesOutstanding,shares,,2013-12-31,250324898.0,2014-08-01,10-Q,Q2,2014,0001193125-14-290113,cik:0001135971,https://www.sec.gov/Archives/edgar/data/1135971/000119312514290113/pom-20140630.xml,a230e201d644555bcb468b2ad818f707cc9d558333e5ef9aae986bd9abc4e4f8,unsupported_SEC_instance_source
CommonStockSharesOutstanding,shares,,2014-06-30,251498408.0,2014-08-01,10-Q,Q2,2014,0001193125-14-290113,cik:0001135971,https://www.sec.gov/Archives/edgar/data/1135971/000119312514290113/pom-20140630.xml,835da3ae85d2a189b895674581f2bd147edf5dc758ef4ecc9af0e6f35e58ed77,unsupported_SEC_instance_source
NetCashProvidedByUsedInOperatingActivities,USD,2013-01-01,2013-06-30,47000000.0,2014-08-01,10-Q,Q2,2014,0001193125-14-290113,cik:0001135971,https://www.sec.gov/Archives/edgar/data/1135971/000119312514290113/pom-20140630.xml,8f77eb3574a42f8dbfd262002c6b015275999a7658d383817f3a2bce43a95f31,unsupported_SEC_instance_source
PaymentsToAcquirePropertyPlantAndEquipment,USD,2013-01-01,2013-06-30,616000000.0,2014-08-01,10-Q,Q2,2014,0001193125-14-290113,cik:0001135971,https://www.sec.gov/Archives/edgar/data/1135971/000119312514290113/pom-20140630.xml,f4ffd70d83f80b7c480975f6b85b56942d87b254e2abb27eb38b795ed0f404ca,unsupported_SEC_instance_source
PaymentsToAcquirePropertyPlantAndEquipment,USD,2014-01-01,2014-06-30,553000000.0,2014-08-01,10-Q,Q2,2014,0001193125-14-290113,cik:0001135971,https://www.sec.gov/Archives/edgar/data/1135971/000119312514290113/pom-20140630.xml,7887817fea3c3f61deebd4ed7065966415443cf56320ccfd653b1694d23687cc,unsupported_SEC_instance_source
ProceedsFromIssuanceOfCommonStock,USD,2013-01-01,2013-06-30,324000000.0,2014-08-01,10-Q,Q2,2014,0001193125-14-290113,cik:0001135971,https://www.sec.gov/Archives/edgar/data/1135971/000119312514290113/pom-20140630.xml,f11ffef11ccf6ad643fda9744ab0fee4b2c90fcd87c6bbe39b2096e0acf275d3,unsupported_SEC_instance_source
CommonStockSharesOutstanding,shares,,2013-12-31,250324898.0,2014-10-31,10-Q,Q3,2014,0001193125-14-389980,cik:0001135971,https://www.sec.gov/Archives/edgar/data/1135971/000119312514389980/pom-20140930.xml,7ebe3a54f38f63bcbc61a29e18468a7030c444b8cff1763992ba5a5cae297b52,unsupported_SEC_instance_source
CommonStockSharesOutstanding,shares,,2014-09-30,251879809.0,2014-10-31,10-Q,Q3,2014,0001193125-14-389980,cik:0001135971,https://www.sec.gov/Archives/edgar/data/1135971/000119312514389980/pom-20140930.xml,e0d4b1147dfa4e54241537dcbd35c9d014470f5d08f5121a8fc593fff96ffcc9,unsupported_SEC_instance_source
NetCashProvidedByUsedInOperatingActivities,USD,2013-01-01,2013-09-30,258000000.0,2014-10-31,10-Q,Q3,2014,0001193125-14-389980,cik:0001135971,https://www.sec.gov/Archives/edgar/data/1135971/000119312514389980/pom-20140930.xml,a64e00456ee289159b6a86ba6f9bdd502838b0b53af6518923d5510dcdda3bab,unsupported_SEC_instance_source
PaymentsToAcquirePropertyPlantAndEquipment,USD,2013-01-01,2013-09-30,943000000.0,2014-10-31,10-Q,Q3,2014,0001193125-14-389980,cik:0001135971,https://www.sec.gov/Archives/edgar/data/1135971/000119312514389980/pom-20140930.xml,7563835adf7eb3f90075ac9f2d932949bc9e416e7572b58863eb4f762c1d09c1,unsupported_SEC_instance_source
PaymentsToAcquirePropertyPlantAndEquipment,USD,2014-01-01,2014-09-30,846000000.0,2014-10-31,10-Q,Q3,2014,0001193125-14-389980,cik:0001135971,https://www.sec.gov/Archives/edgar/data/1135971/000119312514389980/pom-20140930.xml,1acb2aca1c56234c70906eab8cc56f33bd08e5e320918b3062c1025ec4c802d7,unsupported_SEC_instance_source
ProceedsFromIssuanceOfCommonStock,USD,2013-01-01,2013-09-30,324000000.0,2014-10-31,10-Q,Q3,2014,0001193125-14-389980,cik:0001135971,https://www.sec.gov/Archives/edgar/data/1135971/000119312514389980/pom-20140930.xml,c0e1bb3fff4228a1a743701dc03a2a1b7accddc5d68dd9514a3a75b6171522cc,unsupported_SEC_instance_source
CommonStockSharesOutstanding,shares,,2013-12-31,250324898.0,2015-02-27,10-K,FY,2014,0001193125-15-066324,cik:0001135971,https://www.sec.gov/Archives/edgar/data/1135971/000119312515066324/pom-20141231.xml,fffedc19d806ca282ca47b5ccda5b98b2a54749313793ea4f43ab4a79971064d,unsupported_SEC_instance_source
CommonStockSharesOutstanding,shares,,2014-12-31,252728684.0,2015-02-27,10-K,FY,2014,0001193125-15-066324,cik:0001135971,https://www.sec.gov/Archives/edgar/data/1135971/000119312515066324/pom-20141231.xml,a8f03f4e10a2ef357b9e7d37190c5b0c5dd243ae577b9873c025df3c78df5c91,unsupported_SEC_instance_source
PaymentsToAcquirePropertyPlantAndEquipment,USD,2012-01-01,2012-12-31,1216000000.0,2015-02-27,10-K,FY,2014,0001193125-15-066324,cik:0001135971,https://www.sec.gov/Archives/edgar/data/1135971/000119312515066324/pom-20141231.xml,2837c142aeeec3c7fde36a7f40986992ee2ee2b8879d0f1c818020b648c2f95e,unsupported_SEC_instance_source
PaymentsToAcquirePropertyPlantAndEquipment,USD,2013-01-01,2013-12-31,1310000000.0,2015-02-27,10-K,FY,2014,0001193125-15-066324,cik:0001135971,https://www.sec.gov/Archives/edgar/data/1135971/000119312515066324/pom-20141231.xml,352b0216c34c56f273bedff51a6bec1e61239c476f7323f69d3089f9643183d2,unsupported_SEC_instance_source
PaymentsToAcquirePropertyPlantAndEquipment,USD,2014-01-01,2014-12-31,1223000000.0,2015-02-27,10-K,FY,2014,0001193125-15-066324,cik:0001135971,https://www.sec.gov/Archives/edgar/data/1135971/000119312515066324/pom-20141231.xml,2b9242dd57dfd31a8bef3e5f62b72feaa51e5be40682aac34e68d8cd0f6a1a7f,unsupported_SEC_instance_source
ProceedsFromIssuanceOfCommonStock,USD,2013-01-01,2013-12-31,324000000.0,2015-02-27,10-K,FY,2014,0001193125-15-066324,cik:0001135971,https://www.sec.gov/Archives/edgar/data/1135971/000119312515066324/pom-20141231.xml,c469669c2263d8a2aa179823014a5b1a290d60790ca47a4557658ee6c1def4d0,unsupported_SEC_instance_source
CommonStockSharesOutstanding,shares,,2014-12-31,252728684.0,2015-05-01,10-Q,Q1,2015,0001193125-15-163051,cik:0001135971,https://www.sec.gov/Archives/edgar/data/1135971/000119312515163051/pom-20150331.xml,dab688b87721f65f383936b0055b221a393fd78ec93e49bd029074d1455b8377,unsupported_SEC_instance_source
CommonStockSharesOutstanding,shares,,2015-03-31,253043362.0,2015-05-01,10-Q,Q1,2015,0001193125-15-163051,cik:0001135971,https://www.sec.gov/Archives/edgar/data/1135971/000119312515163051/pom-20150331.xml,20d6edd32f1c17fad825f7aabc926728c4b4f62ac1f855ed093de5d5ddc90b62,unsupported_SEC_instance_source
PaymentsToAcquirePropertyPlantAndEquipment,USD,2014-01-01,2014-03-31,282000000.0,2015-05-01,10-Q,Q1,2015,0001193125-15-163051,cik:0001135971,https://www.sec.gov/Archives/edgar/data/1135971/000119312515163051/pom-20150331.xml,9b621651c3b6c2c3e19feff3952cd8a12e64d3cf99c131892879a8ab0d821f08,unsupported_SEC_instance_source
PaymentsToAcquirePropertyPlantAndEquipment,USD,2015-01-01,2015-03-31,246000000.0,2015-05-01,10-Q,Q1,2015,0001193125-15-163051,cik:0001135971,https://www.sec.gov/Archives/edgar/data/1135971/000119312515163051/pom-20150331.xml,c303fac027d01744bd16072c5ea437572beb8dc4bdbeef5817efa8f12a2aec0a,unsupported_SEC_instance_source
CommonStockSharesOutstanding,shares,,2014-12-31,252728684.0,2015-07-27,10-Q,Q2,2015,0001193125-15-262919,cik:0001135971,https://www.sec.gov/Archives/edgar/data/1135971/000119312515262919/pom-20150630.xml,990825c367391233d8fe6fce714a7027045c206c682384a72edf2698c11143cc,unsupported_SEC_instance_source
CommonStockSharesOutstanding,shares,,2015-06-30,253436046.0,2015-07-27,10-Q,Q2,2015,0001193125-15-262919,cik:0001135971,https://www.sec.gov/Archives/edgar/data/1135971/000119312515262919/pom-20150630.xml,b3eae32456d7539b1ccd7c8079b750f86938fb46563760a520e347a2b22703c8,unsupported_SEC_instance_source
PaymentsToAcquirePropertyPlantAndEquipment,USD,2014-01-01,2014-06-30,553000000.0,2015-07-27,10-Q,Q2,2015,0001193125-15-262919,cik:0001135971,https://www.sec.gov/Archives/edgar/data/1135971/000119312515262919/pom-20150630.xml,47487acc4459b721d525406bb6fbb9e205a46a1f2a2bb6efde7790965bb8dee6,unsupported_SEC_instance_source
PaymentsToAcquirePropertyPlantAndEquipment,USD,2015-01-01,2015-06-30,562000000.0,2015-07-27,10-Q,Q2,2015,0001193125-15-262919,cik:0001135971,https://www.sec.gov/Archives/edgar/data/1135971/000119312515262919/pom-20150630.xml,d2bfa59789ea5f14c06bca9a4a88809d0b2b851f47457f1a649da14981c2bb05,unsupported_SEC_instance_source
CommonStockSharesOutstanding,shares,,2014-12-31,252728684.0,2015-10-26,10-Q,Q3,2015,0001193125-15-352178,cik:0001135971,https://www.sec.gov/Archives/edgar/data/1135971/000119312515352178/pom-20150930.xml,b894e6718a9d3a2e0852fcc0422e2e3267fd09660e1501aaf96aafbf203f896d,unsupported_SEC_instance_source
CommonStockSharesOutstanding,shares,,2015-09-30,253590612.0,2015-10-26,10-Q,Q3,2015,0001193125-15-352178,cik:0001135971,https://www.sec.gov/Archives/edgar/data/1135971/000119312515352178/pom-20150930.xml,5ad121bb8c3b691ca37bed0c2f6d1e4121ef82c7eb92ee53424ed351f034796f,unsupported_SEC_instance_source
PaymentsToAcquirePropertyPlantAndEquipment,USD,2014-01-01,2014-09-30,846000000.0,2015-10-26,10-Q,Q3,2015,0001193125-15-352178,cik:0001135971,https://www.sec.gov/Archives/edgar/data/1135971/000119312515352178/pom-20150930.xml,f8e5f005a189416e3d8a0808389c966dd8226ea664e1d6eb1ec28d6b723cfbf4,unsupported_SEC_instance_source
PaymentsToAcquirePropertyPlantAndEquipment,USD,2015-01-01,2015-09-30,855000000.0,2015-10-26,10-Q,Q3,2015,0001193125-15-352178,cik:0001135971,https://www.sec.gov/Archives/edgar/data/1135971/000119312515352178/pom-20150930.xml,be287cce8288951c58bff0a89145715818d4290061eaea6c363eb8e3667106a1,unsupported_SEC_instance_source
