fecha,n_universe,n_eligible,coverage,eligible_without_entity_id,eligible_approximate_sector,eligible_symbols,excluded_symbols
2016-01-02,470,254,0.5404255319148936,254,254,"ICE, BKNG, GT, HSIC, FAST, ROP, CTAS, DHR, BF-B, NVDA, CINF, BRK-B, NEE, ORLY, IFF, SPG, NI, MPC, PPG, CB, O, CME, MCHP, LRCX, NDAQ, PPL, HRB, HAL, AIV, VRSN, PSA, MMM, PM, APH, EIX, DOV, INTC, KDP, CVX, AMZN, PLD, ROST, ALL, NOC, DTE, CF, EOG, PAYX, UNP, GILD, AME, APTV, LYB, KIM, AZO, SWK, BBT, WEC, AAPL, WY, CAH, SHW, ECL, NFLX, MUR, TJX, CLX, FSLR, HSY, AEE, MAS, DVN, MSFT, TRIP, UNH, BA, DRI, CPB, MO, VMC, SBUX, NOV, FLS, REGN, LNC, AMGN, AIG, URI, ES, NSC, APD, KLAC, AFL, CMCSA, CHD, WM, XRAY, EMR, MET, CSX, DGX, CTSH, TDC, PEG, ETR, RRC, PNR, WELL, EBAY, ESS, ADP, ORCL, AEP, VRSK, BIIB, GD, BDX, HON, BXP, WMT, SLB, CMI, MLM, GRMN, EFX, ED, DUK, KMX, XYL, CSCO, ROK, MSI, HP, COST, LUV, XEL, COF, HD, AVY, CCI, RHI, LH, ETN, BWA, EMN, BEN, CHRW, PFG, OMC, CCL, ACN, LMT, ADM, NTAP, PVH, JEF, HST, ADI, QCOM, MAT, MHK, CVS, JBHT, SJM, CRM, HOG, DLTR, KMB, NTRS, EXC, WU, EQIX, MDT, LOW, UNM, AMG, JPM, KSS, WDC, ZBH, FE, AN, BSX, HPQ, CBRE, CAG, FITB, AMT, BBY, AMAT, SLG, FDX, INTU, ILMN, MU, AAP, VFC, IVZ, DE, PCG, GE, TROW, ABT, FFIV, M, FMC, AKAM, EXPD, A, FLR, CMS, WMB, NWL, HBAN, STX, CL, DAL, MOS, DVA, PRGO, UAL, BMY, L, CAT, AMP, ADBE, TGT, MDLZ, AAL, WHR, OXY, ADSK, SYK, CNP, FIS, PBI, R, HIG, TPR, AON, ZION, YUM, NRG, CNX, AXP, MAR, BAC, D, C, IP, OKE, OI, MS, JCI","ABBV, ABC, ADS, AES, AET, AIZ, ALLE, ALXN, ANDV, ANTM, APA, APC, ARG, ATVI, AVB, AVGO, BAX, BBBY, BCR, BK, BLK, BLL, BRCM, BXLT, CA, CAM, CBS, CELG, CERN, CI, CMA, CMG, COG, COL, COP, CPGX, CSRA, CTL, CTXS, CVC, DD, DFS, DG, DHI, DIS, DISCA, DISCK, EA, EL, ENDP, EQR, EQT, ESRX, ESV, ETFC, EW, EXPE, F, FB, FCX, FISV, FLIR, FTI, FTR, GGP, GIS, GLW, GM, GMCR, GME, GOOG, GOOGL, GPC, GPS, GS, GWW, HAS, HBI, HCA, HES, HPE, HRL, HRS, HUM, IBM, IPG, IRM, ISRG, ITW, JEC, JNJ, JNPR, JWN, K, KEY, KHC, KMI, KO, KORS, KR, KSU, LB, LEG, LEN, LLTC, LLY, LM, LVLT, MA, MAC, MCD, MCK, MCO, MJN, MKC, MMC, MNST, MRK, MRO, MTB, MYL, NAVI, NBL, NEM, NFX, NKE, NLSN, NUE, NWS, NWSA, PBCT, PCAR, PDCO, PEP, PFE, PG, PGR, PH, PHM, PKI, PNC, PNW, PRU, PSX, PWR, PXD, PYPL, QRVO, RAI, RCL, RF, RHT, RL, RSG, RTN, SCG, SCHW, SEE, SNA, SNDK, SNI, SO, SPGI, SPLS, SRCL, SRE, STI, STJ, STT, STZ, SWKS, SWN, SYF, SYMC, SYY, T, TAP, TE, TEL, TGNA, THC, TIF, TMK, TMO, TRV, TSCO, TSN, TSS, TWC, TWX, TXN, TXT, UAA, UHS, UPS, USB, UTX, V, VAR, VIAB, VLO, VNO, VRTX, VTR, VZ, WAT, WBA, WFC, WFM, WRK, WYNN, XEC, XLNX, XOM, XRX, ZTS"
2016-04-02,476,267,0.5609243697478992,267,267,"FAST, GOOG, HSIC, CME, CPRI, ICE, BRK-B, BKNG, LRCX, CINF, NVDA, NEE, BF-B, ORLY, ROP, KIM, SPG, APH, O, CNC, DHR, NDAQ, CTAS, TJX, GPC, PLD, DAL, PEG, UNH, MCHP, SHW, TRV, EMR, AIV, BBT, MMM, CMCSA, ED, MPC, DGX, AZO, CCL, PSA, AEE, AWK, AMZN, EXC, GRMN, SLB, SYK, ETN, CVX, PM, IFF, EQT, PPG, EIX, SWK, GILD, KLAC, ALL, KDP, HP, BEN, MO, WHR, DRI, CPB, EMN, AMGN, UAL, DOV, MLM, CHD, AFL, AEP, VRSN, LUV, CSX, PPL, LYB, XEL, ROST, ES, AAPL, PAYX, NTRS, INTC, MET, SPGI, MSFT, VMC, OMC, DUK, HON, ORCL, HRB, FSLR, FLR, CHRW, TROW, CF, ABT, UNP, CCI, ROK, UDR, PFG, XYL, SBUX, BIIB, APD, CB, RHI, AMG, URI, KMX, ITW, CSCO, CLX, PVH, WY, AMAT, NSC, AME, BXP, HIG, ADP, PNR, JBHT, CTSH, WMT, EFX, BAX, CAH, NOC, CMI, BDX, CVS, APTV, WEC, LNC, UNM, TGT, DTE, IVZ, HD, WELL, JEF, WM, USB, COF, KMB, AMT, AON, SJM, C, GD, GE, FDX, AVY, QCOM, MDLZ, XRAY, ACN, ESS, MSI, NTAP, CAG, HST, BWA, AAP, FRT, AAL, CMS, NI, WU, MAS, YUM, LH, VFC, OKE, JPM, ADI, MAT, AN, INTU, HPQ, MDT, WDC, ETR, KSS, HOG, PCG, CBRE, FFIV, NRG, ECL, MOS, TPR, TRIP, HSY, EQIX, IP, CRM, MU, PBI, EXPD, VNO, FE, FLS, GT, CAT, ADBE, COST, A, LOW, ILMN, VRSK, FITB, AMP, ADM, BAC, RRC, EBAY, NWL, MAR, FMC, HAL, R, NFLX, MHK, DE, BA, REGN, PRGO, STX, CFG, DLTR, L, ZBH, AKAM, CL, DVA, BSX, ALLE, DVN, HBAN, MS, D, BBY, ZTS, LMT, FIS, SLG, ZION, M, CNP, BMY, NOV, AIG, ADSK, GS, EOG, AXP, JCI, TDC","ABBV, ABC, ADS, AES, AET, AIZ, ALXN, ANDV, ANTM, APA, APC, ARG, ATVI, AVB, AVGO, BBBY, BCR, BK, BLK, BLL, BXLT, CA, CAM, CBS, CELG, CERN, CI, CMA, CMG, COG, COL, COP, CPGX, CSRA, CTL, CTXS, CVC, CXO, DD, DFS, DG, DHI, DIS, DISCA, DISCK, EA, EL, ENDP, EQR, ESRX, ETFC, EW, EXPE, EXR, F, FB, FCX, FISV, FLIR, FTI, FTR, GGP, GIS, GLW, GM, GME, GOOGL, GPS, GWW, HAS, HBI, HCA, HES, HOLX, HPE, HRL, HRS, HUM, IBM, IPG, IRM, ISRG, JEC, JNJ, JNPR, JWN, K, KEY, KHC, KMI, KO, KORS, KR, KSU, LB, LEG, LEN, LLTC, LLY, LM, LVLT, MA, MAC, MCD, MCK, MCO, MJN, MKC, MMC, MNST, MRK, MRO, MTB, MUR, MYL, NAVI, NBL, NEM, NFX, NKE, NLSN, NUE, NWS, NWSA, OI, OXY, PBCT, PCAR, PDCO, PEP, PFE, PG, PGR, PH, PHM, PKI, PNC, PNW, PRU, PSX, PWR, PXD, PYPL, QRVO, RAI, RCL, RF, RHT, RL, RSG, RTN, SCG, SCHW, SEE, SNA, SNDK, SNI, SO, SPLS, SRCL, SRE, STI, STJ, STT, STZ, SWKS, SWN, SYF, SYMC, SYY, T, TAP, TE, TEL, TGNA, THC, TIF, TMK, TMO, TSCO, TSN, TSS, TWC, TWX, TXN, TXT, UAA, UHS, UPS, UTX, V, VAR, VIAB, VLO, VRTX, VTR, VZ, WAT, WBA, WFC, WFM, WLTW, WMB, WRK, WYNN, XEC, XLNX, XOM, XRX"
2016-07-02,479,278,0.5803757828810021,278,278,"GOOG, CME, CPRI, FAST, ICE, BRK-B, BKNG, HSIC, NVDA, LNT, CINF, NEE, KIM, BF-B, ORLY, CTAS, LRCX, APH, CMCSA, GPC, CNC, SPG, TJX, DGX, HP, O, DOV, DHR, MMM, ALK, AIV, SJM, CHD, PLD, ROP, MLM, DLR, BBT, UNH, EIX, MCHP, AWK, NDAQ, MO, AZO, SYK, PEG, UNP, CMI, CCI, PFG, PNR, AFL, CSX, TRV, EXC, EQT, AMZN, CHRW, TDG, MDT, MPC, ALL, QRVO, SPGI, SHW, DAL, ALB, HSY, PVH, PAYX, BEN, AJG, ED, ORCL, OKE, IFF, AEE, WMT, KDP, CPB, DUK, NTRS, INTC, ETN, SWK, GILD, CF, GPN, AMAT, WHR, CCL, EMR, VMC, FFIV, AMGN, AAPL, SLB, BIIB, XEL, QCOM, KLAC, TROW, HOG, ABT, CVX, ROK, LYB, WELL, ROST, DRI, BXP, WEC, CB, AYI, DTE, KMX, CSCO, AEP, UAL, LKQ, XYL, PM, URI, HON, CLX, JEF, RHI, AMG, OMC, AME, APD, MET, ES, LUV, HPQ, VRSN, EFX, EMN, GRMN, PSA, HST, ADP, WM, RRC, NRG, PPG, NSC, INTU, GD, HAL, LNC, YUM, AAP, ADM, NOC, HIG, UNM, CTSH, CAH, AON, C, PPL, FLR, JBHT, SBUX, VFC, MSFT, TPR, APTV, USB, BAX, BDX, ITW, WU, MDLZ, AMT, BWA, ULTA, CBRE, ADI, MAR, COF, LH, ESS, UDR, AN, VNO, CVS, ACN, HD, LOW, WDC, MOS, IP, MU, R, TGT, CRM, CAG, EXPD, FLS, AMP, FMC, MSI, FITB, JPM, NI, ECL, KSS, HRB, ZBH, AAL, IVZ, FIS, AKAM, CMS, FRT, BBY, EBAY, BSX, LMT, CAT, STX, A, WY, FDX, FSLR, TRIP, MAT, DLTR, CNP, DE, DVA, PRGO, KMB, AVY, L, BA, NWL, BAC, NTAP, COST, EQIX, ADBE, REGN, SLG, MAS, MS, M, FE, ILMN, MHK, VRSK, JCI, CL, XRAY, NOV, ETR, ALLE, GE, ZION, NFLX, PBI, CFG, D, DVN, PCG, ZTS, HBAN, AXP, EOG, BMY, GT, AIG, GS, ADSK, TDC","ABBV, ABC, ADS, AES, AET, AIZ, ALXN, ANDV, ANTM, APA, APC, ATVI, AVB, AVGO, BBBY, BCR, BK, BLK, BLL, CA, CBS, CELG, CERN, CI, CMA, CMG, COG, COL, COP, CSRA, CTL, CTXS, CXO, DD, DFS, DG, DHI, DIS, DISCA, DISCK, EA, EL, ENDP, EQR, ESRX, ETFC, EW, EXPE, EXR, F, FB, FBHS, FCX, FISV, FL, FLIR, FTI, FTR, GGP, GIS, GLW, GM, GOOGL, GPS, GWW, HAS, HBI, HCA, HES, HOLX, HPE, HRL, HRS, HUM, IBM, IPG, IRM, ISRG, JEC, JNJ, JNPR, JWN, K, KEY, KHC, KMI, KO, KORS, KR, KSU, LB, LEG, LEN, LLTC, LLY, LM, LVLT, MA, MAC, MCD, MCK, MCO, MJN, MKC, MMC, MNST, MRK, MRO, MTB, MUR, MYL, NAVI, NBL, NEM, NFX, NKE, NLSN, NUE, NWS, NWSA, OI, OXY, PBCT, PCAR, PDCO, PEP, PFE, PG, PGR, PH, PHM, PKI, PNC, PNW, PRU, PSX, PWR, PXD, PYPL, RAI, RCL, RF, RHT, RL, RSG, RTN, SCG, SCHW, SEE, SNA, SNI, SO, SPLS, SRCL, SRE, STI, STJ, STT, STZ, SWKS, SWN, SYF, SYMC, SYY, T, TAP, TEL, TGNA, TIF, TMK, TMO, TSCO, TSN, TSS, TWX, TXN, TXT, UA, UAA, UHS, UPS, UTX, V, VAR, VIAB, VLO, VRTX, VTR, VZ, WAT, WBA, WFC, WFM, WLTW, WMB, WRK, WYNN, XEC, XLNX, XOM, XRX"
2016-10-02,483,284,0.587991718426501,284,284,"BKNG, CTAS, GOOG, NEE, CME, ICE, NVDA, LRCX, CSX, DHR, URI, PLD, BRK-B, CINF, ORLY, APH, PFG, CMCSA, FAST, BF-B, HP, MTD, UNP, QRVO, DOV, BIIB, IFF, CPRI, PNR, DGX, GPC, MPC, CNC, SPGI, BBT, KIM, MCHP, SPG, ROP, AIV, LNC, CMI, NSC, MU, AMZN, INTC, TDG, ALK, CHD, O, JEF, COO, DLR, WMT, HSIC, CCI, CCL, QCOM, AWK, AAPL, DTE, PVH, AJG, DUK, PEG, BXP, TJX, EIX, NWSA, ALB, SWK, SJM, LNT, HPQ, AZO, AMGN, MLM, ETN, KDP, NWS, EMR, WELL, UNM, GRMN, ROST, MMM, MO, AYI, ADM, SLB, APTV, OKE, LYB, KMX, LKQ, GILD, C, UAL, MDT, KLAC, MET, AFL, DAL, CSCO, ABT, CVX, BEN, ROK, UNH, CF, NDAQ, APD, GD, AEE, EQT, EBAY, SHW, MDLZ, EXC, ED, YUM, XYL, AMG, TRV, ES, CAH, AME, KMI, ALL, XEL, PAYX, OMC, RHI, AMAT, CHTR, NTRS, MSFT, FITB, FFIV, RRC, HST, ILMN, BWA, AMT, FLS, FMC, CTSH, PM, MS, EMN, AEP, BBY, AN, DRI, PPG, ITW, EFX, WY, IP, SYK, WU, HOG, ADP, BAC, FLR, ORCL, LH, KSS, NTAP, IVZ, WHR, CFG, COF, MAR, CAT, FDX, HSY, ESS, BDX, ADI, ZION, VMC, AMP, CBRE, VNO, PPL, DE, CPB, HON, WEC, NOV, TGT, CHRW, MOS, AAL, JPM, R, PSA, ECL, CNP, VRSN, USB, CAG, ZBH, HAL, BAX, ULTA, LUV, UDR, AON, VFC, CB, SLG, NRG, GPN, A, HRB, TRIP, ETR, PCG, EXPD, DVN, CVS, REGN, TROW, JBHT, WM, AAP, SBUX, AVY, FE, D, BA, HD, COST, CL, FIS, ACN, PRGO, NI, FSLR, NOC, AKAM, NWL, CLX, INTU, ZTS, GT, NFLX, HIG, MHK, BSX, MSI, ADBE, KMB, FRT, TPR, M, EOG, STX, MAS, JCI, CMS, HBAN, LOW, WDC, L, EQIX, TDC, PBI, ADSK, CRM, DVA, XRAY, MAT, AIG, VRSK, DLTR, AXP, ALLE, LMT, GS, GE, BMY","ABBV, ABC, ADS, AES, AET, AIZ, ALXN, ANDV, ANTM, APA, APC, ATVI, AVB, AVGO, BBBY, BCR, BK, BLK, BLL, CA, CBS, CELG, CERN, CI, CMA, CMG, COG, COL, COP, CSRA, CTL, CTXS, CXO, DD, DFS, DG, DHI, DIS, DISCA, DISCK, EA, EL, ENDP, EQR, ESRX, ETFC, EW, EXPE, EXR, F, FB, FBHS, FCX, FISV, FL, FLIR, FTI, FTR, FTV, GGP, GIS, GLW, GM, GOOGL, GPS, GWW, HAS, HBI, HCA, HES, HOLX, HPE, HRL, HRS, HUM, IBM, IPG, IRM, ISRG, JEC, JNJ, JNPR, JWN, K, KEY, KHC, KO, KORS, KR, KSU, LB, LEG, LEN, LLTC, LLY, LM, LVLT, MA, MAC, MCD, MCK, MCO, MJN, MKC, MMC, MNST, MRK, MRO, MTB, MUR, MYL, NAVI, NBL, NEM, NFX, NKE, NLSN, NUE, OI, OXY, PBCT, PCAR, PDCO, PEP, PFE, PG, PGR, PH, PHM, PKI, PNC, PNW, PRU, PSX, PWR, PXD, PYPL, RAI, RCL, RF, RHT, RL, RSG, RTN, SCG, SCHW, SEE, SNA, SNI, SO, SPLS, SRCL, SRE, STI, STJ, STT, STZ, SWKS, SWN, SYF, SYMC, SYY, T, TAP, TEL, TGNA, TIF, TMK, TMO, TSCO, TSN, TSS, TWX, TXN, TXT, UA, UAA, UHS, UPS, UTX, V, VAR, VIAB, VLO, VRTX, VTR, VZ, WAT, WBA, WFC, WFM, WLTW, WMB, WRK, WYNN, XEC, XLNX, XOM, XRX"
2017-01-02,484,287,0.5929752066115702,287,287,"BKNG, BRK-B, CSX, ALK, CTAS, GOOG, CME, BBT, LRCX, PEG, URI, FAST, UAL, NVDA, COO, NEE, CF, DHR, UNP, LNC, DAL, PLD, MPC, ICE, CMCSA, EXC, CCL, HST, PFG, ORLY, BF-B, KMX, BIIB, RHI, AMAT, JEF, CPRI, MCHP, ADM, UNM, MLM, MTD, APH, ADI, MET, DGX, CMI, DTE, NSC, WMT, MO, NTRS, AEE, DRI, ROP, UNH, ES, LYB, BXP, TGT, HPE, KDP, AAL, HSIC, AAPL, CBRE, CINF, BWA, DOV, AZO, EIX, DUK, GPC, C, AIV, ESS, KSS, WHR, LUV, EMN, TJX, GILD, ROST, GD, MU, ABT, AMG, CCI, COF, MOS, MDLZ, AMGN, CNC, ADP, QRVO, ED, ETN, DLR, APTV, KIM, SPG, UDR, ALL, HSY, R, HOG, KLAC, PVH, MAR, OKE, BBY, AME, GRMN, WELL, LNT, CAH, SLB, MMM, NFLX, CFG, FFIV, SYK, AMZN, QCOM, KMI, SJM, MS, FITB, EBAY, BAC, IFF, O, JBHT, HP, PM, WU, WY, AN, XEL, TRV, COST, SHW, CPB, ALB, USB, NTAP, IP, OMC, MSFT, CVX, AEP, NDAQ, FLR, PSA, AMP, AAP, AJG, CHTR, APD, INTC, FMC, BDX, FDX, JPM, ZION, HRB, EQT, IVZ, PPL, TDG, BA, SWK, SBUX, CHD, CHRW, BEN, VMC, PNR, D, AMT, ORCL, CTSH, CSCO, DE, FLS, CAG, LKQ, AKAM, REGN, NWS, PAYX, HPQ, PPG, A, NWSA, TROW, HIG, HAL, VFC, VNO, AYI, MDT, M, WEC, LH, ITW, VRSN, AWK, CNP, MAA, AFL, MSI, EMR, NOV, HD, CAT, ECL, CVS, GS, HBAN, ACN, EXPD, HON, SPGI, PRGO, NRG, XYL, ULTA, ZTS, ROK, STX, PCG, FSLR, BAX, DVN, WM, TRIP, YUM, SLG, CLX, CB, JCI, WDC, GT, MHK, FE, ILMN, NOC, RRC, FRT, INTU, AXP, ETR, CMS, TPR, EQIX, DVA, L, LOW, AVY, CL, AON, EOG, PBI, KMB, CRM, EFX, AIG, ZBH, BSX, ADSK, XRAY, VRSK, ADBE, FIS, MAS, DLTR, MAT, TDC, NI, GE, LMT, NWL, GPN, ALLE, BMY, COTY","ABBV, ABC, ADS, AES, AET, AIZ, ALXN, ANDV, ANTM, APA, APC, ATVI, AVB, AVGO, BBBY, BCR, BK, BLK, BLL, CA, CBS, CELG, CERN, CI, CMA, CMG, COG, COL, COP, CSRA, CTL, CTXS, CXO, DD, DFS, DG, DHI, DIS, DISCA, DISCK, EA, EL, ENDP, EQR, ESRX, ETFC, EVHC, EW, EXPE, EXR, F, FB, FBHS, FCX, FISV, FL, FLIR, FTI, FTR, FTV, GGP, GIS, GLW, GM, GOOGL, GPS, GWW, HAS, HBI, HCA, HES, HOLX, HRL, HRS, HUM, IBM, IPG, IRM, ISRG, JEC, JNJ, JNPR, JWN, K, KEY, KHC, KO, KORS, KR, KSU, LB, LEG, LEN, LLTC, LLY, LVLT, MA, MAC, MCD, MCK, MCO, MJN, MKC, MMC, MNST, MRK, MRO, MTB, MUR, MYL, NAVI, NBL, NEM, NFX, NKE, NLSN, NUE, OXY, PBCT, PCAR, PDCO, PEP, PFE, PG, PGR, PH, PHM, PKI, PNC, PNW, PRU, PSX, PWR, PXD, PYPL, RAI, RCL, RF, RHT, RL, RSG, RTN, SCG, SCHW, SEE, SNA, SNI, SO, SPLS, SRCL, SRE, STI, STJ, STT, STZ, SWKS, SWN, SYF, SYMC, SYY, T, TAP, TEL, TGNA, TIF, TMK, TMO, TSCO, TSN, TSS, TWX, TXN, TXT, UA, UAA, UHS, UPS, UTX, V, VAR, VIAB, VLO, VRTX, VTR, VZ, WAT, WBA, WFC, WFM, WLTW, WMB, WRK, WYNN, XEC, XLNX, XOM, XRX"
2017-04-02,487,292,0.5995893223819302,292,292,"NVDA, CTAS, FAST, ALB, BKNG, GOOG, LRCX, CSX, CME, BRK-B, MPC, NEE, RJF, ALK, COO, URI, LNC, PFG, CHTR, HST, QRVO, GT, UNM, EIX, CBRE, BF-B, KDP, CMCSA, AEE, MO, CF, PPL, DTE, CNC, AAPL, MLM, KMB, SHW, BBT, CCL, RHI, CPRI, KLAC, ES, PLD, DGX, ESS, GRMN, AMAT, WMT, LUV, DAL, CMI, AMZN, NTRS, XEL, ADI, MTD, ORLY, ROP, AMG, NSC, CFG, MCHP, GD, TSCO, DLR, BBY, DRI, OKE, KMX, UAL, JEF, MHK, EXC, UNP, MU, HSIC, SWK, CHD, UNH, BAC, COF, KMI, PCG, LH, DLTR, PM, PSA, LYB, APH, MMM, ED, HSY, SPG, ABBV, ADP, AAL, WELL, BIIB, FMC, EMN, TJX, SPGI, EBAY, CB, AIV, IDXX, BAX, DHR, JPM, C, ICE, GILD, APTV, ADM, AME, MAR, MS, CAH, NFLX, BXP, AMGN, AJG, CLX, NRG, CBOE, GS, UDR, AMT, ORCL, USB, INCY, SYK, DUK, HOG, CL, CVS, ETN, BA, COST, DOV, FITB, VMC, HBAN, R, TDG, SLB, ROST, AWK, HRB, HPE, AEP, NOV, SJM, SNPS, AMP, CCI, PVH, TRV, NTAP, ZION, MSFT, INTC, BEN, HPQ, DE, BDX, ADBE, PNR, ALL, JBHT, CSCO, AZO, WEC, CPB, AFL, HD, ROK, FDX, MAA, CAG, IFF, GPC, CHRW, LKQ, QCOM, MDT, CINF, MET, VRSN, SBUX, NWS, WM, HON, O, CNP, AVY, WHR, WY, KIM, AXP, CTSH, ALLE, HIG, AYI, OMC, FFIV, A, HP, KSS, IP, VNO, PRGO, PAYX, EMR, ULTA, LNT, AKAM, NWSA, NOC, CMS, DVA, D, PPG, MOS, STX, OXY, MSI, EQIX, BWA, PYPL, AN, AAP, WDC, FRT, DVN, VFC, ECL, ITW, REGN, ACN, ILMN, LMT, LOW, TDC, MAS, FLR, HAL, EOG, SLG, PEG, ABT, TPR, APD, NDAQ, TGT, ZTS, IVZ, EXPD, FIS, BMY, RRC, L, CRM, BSX, TRIP, TROW, JCI, YUM, NI, XRAY, VRSK, EFX, ZBH, INTU, GE, NWL, M, WU, GPN, AON, MDLZ, CAT, AMD, XYL, FLS, WYNN, ETR, ADSK, MAT, COTY","ABC, ADS, AES, AET, AIG, AIZ, ALXN, ANDV, ANTM, APA, APC, ARE, ATVI, AVB, AVGO, BBBY, BCR, BK, BLK, BLL, CA, CBS, CELG, CERN, CI, CMA, CMG, COG, COL, COP, CSRA, CTL, CTXS, CVX, CXO, DD, DFS, DG, DHI, DIS, DISCA, DISCK, DISH, EA, EL, EQR, EQT, ESRX, ETFC, EVHC, EW, EXPE, EXR, F, FB, FBHS, FCX, FE, FISV, FL, FLIR, FTI, FTV, GGP, GIS, GLW, GM, GOOGL, GPS, GWW, HAS, HBI, HCA, HES, HOLX, HRL, HRS, HUM, IBM, IPG, IRM, ISRG, JEC, JNJ, JNPR, JWN, K, KEY, KHC, KO, KORS, KR, KSU, LB, LEG, LEN, LLY, LVLT, MA, MAC, MCD, MCK, MCO, MJN, MKC, MMC, MNST, MRK, MRO, MTB, MUR, MYL, NAVI, NBL, NEM, NFX, NKE, NLSN, NUE, PBCT, PCAR, PDCO, PEP, PFE, PG, PGR, PH, PHM, PKI, PNC, PNW, PRU, PSX, PWR, PXD, RAI, RCL, REG, RF, RHT, RL, RSG, RTN, SCG, SCHW, SEE, SNA, SNI, SO, SPLS, SRCL, SRE, STI, STT, STZ, SWKS, SWN, SYF, SYMC, SYY, T, TAP, TEL, TGNA, TIF, TMK, TMO, TSN, TSS, TWX, TXN, TXT, UA, UAA, UHS, UPS, UTX, V, VAR, VIAB, VLO, VRTX, VTR, VZ, WAT, WBA, WFC, WFM, WLTW, WMB, WRK, XEC, XLNX, XOM, XRX"
2017-07-02,489,292,0.5971370143149284,292,292,"NVDA, NEE, GOOG, CSX, LRCX, BKNG, CME, CTAS, ALB, PPL, DAL, MPC, HRB, SHW, COO, BRK-B, ROP, CNC, PLD, RJF, GT, WMT, ES, CBRE, ESS, CCL, FAST, CHTR, MO, SPGI, KMB, SWK, LUV, AAPL, CF, PFG, ALK, ED, AME, XEL, CMI, MTD, AMZN, MMM, AAL, NTRS, AMG, ORCL, KMI, DTE, PVH, QRVO, PYPL, CHD, WELL, ICE, LNC, TSCO, GRMN, RHI, ORLY, UNM, MHK, AMAT, CMCSA, HSIC, HST, CB, NSC, URI, DGX, BBY, CPRI, REGN, EIX, AEE, PSA, APTV, OKE, KDP, MLM, KMX, NTAP, GD, APH, UNP, BAX, NWS, AMGN, SPG, ABBV, PNR, BIIB, LH, BF-B, EBAY, DLR, GILD, AMT, PM, KLAC, CBOE, LYB, MU, AIV, CL, NFLX, EMN, ALGN, BEN, NWSA, FMC, FDX, C, JEF, IFF, UAL, DUK, BBT, AEP, IVZ, DRI, EXC, ETN, ADBE, UDR, MDT, TDG, NRG, ALLE, IDXX, VRSN, TJX, AFL, ALL, LKQ, BXP, ADI, CVS, DLTR, HON, BAC, CTSH, PPG, VMC, MAS, HLT, WHR, AVY, TRV, BA, UNH, ADP, IP, COST, AZO, AJG, ILMN, COF, CAH, HIG, CLX, MSFT, MAR, CFG, JPM, CCI, HPE, GPC, DOV, INTC, HSY, WEC, DHR, AYI, DE, VFC, KIM, ROST, CSCO, CHRW, NI, SJM, CINF, ECL, APD, SNPS, KSS, JBHT, AXP, CPB, ROK, CMS, MS, BDX, SBUX, AMP, EMR, AWK, SLB, HOG, O, USB, NOC, OXY, LNT, PCG, QCOM, HPQ, AKAM, HD, OMC, NWL, ITW, MAA, TPR, ACN, AN, VNO, MCHP, AAP, SYK, MET, MSI, WY, PAYX, FRT, CNP, A, YUM, NDAQ, GPN, AON, INCY, ABT, LMT, ZION, HBAN, FIS, ADM, FITB, INTU, WDC, CRM, TGT, BWA, ZTS, CAT, DVA, EQIX, FFIV, HP, SLG, WM, EXPD, D, FLR, CAG, TRIP, XRAY, GS, VRSK, RRC, ZBH, LOW, PEG, EOG, EFX, TROW, XYL, NOV, STX, WYNN, BMY, BSX, PRGO, ULTA, M, MOS, JCI, WU, GE, ADSK, ETR, DVN, L, HAL, MDLZ, MAT, FLS, AMD, COTY","ABC, ADS, AES, AET, AIG, AIZ, ALXN, ANDV, ANSS, ANTM, APA, APC, ARE, ATVI, AVB, AVGO, BBBY, BCR, BK, BLK, BLL, CA, CBS, CELG, CERN, CI, CMA, CMG, COG, COL, COP, CSRA, CTL, CTXS, CVX, CXO, DD, DFS, DG, DHI, DIS, DISCA, DISCK, DISH, DXC, EA, EL, EQR, EQT, ESRX, ETFC, EVHC, EW, EXPE, EXR, F, FB, FBHS, FCX, FE, FISV, FL, FLIR, FTI, FTV, GGP, GIS, GLW, GM, GOOGL, GPS, GWW, HAS, HBI, HCA, HES, HOLX, HRL, HRS, HUM, IBM, INFO, IPG, IRM, ISRG, IT, JEC, JNJ, JNPR, JWN, K, KEY, KHC, KO, KORS, KR, KSU, LB, LEG, LEN, LLY, LVLT, MA, MAC, MCD, MCK, MCO, MKC, MMC, MNST, MRK, MRO, MTB, MUR, MYL, NAVI, NBL, NEM, NFX, NKE, NLSN, NUE, PBCT, PCAR, PDCO, PEP, PFE, PG, PGR, PH, PHM, PKI, PNC, PNW, PRU, PSX, PWR, PXD, RAI, RCL, RE, REG, RF, RHT, RL, RSG, RTN, SCG, SCHW, SEE, SNA, SNI, SO, SPLS, SRCL, SRE, STI, STT, STZ, SWKS, SYF, SYMC, SYY, T, TAP, TEL, TIF, TMK, TMO, TSN, TSS, TWX, TXN, TXT, UA, UAA, UHS, UPS, UTX, V, VAR, VIAB, VLO, VRTX, VTR, VZ, WAT, WBA, WFC, WFM, WLTW, WMB, WRK, XEC, XLNX, XOM, XRX"
2017-10-02,492,294,0.5975609756097561,294,294,"LRCX, GOOG, NVDA, NEE, CME, CF, BRK-B, CNC, CPRI, CTAS, AOS, ALB, MPC, PLD, GILD, ROP, BKNG, AEE, KLAC, WMT, FAST, SHW, KMX, CSX, DLTR, EXC, CBRE, ABBV, AMG, CHTR, COO, XEL, TSCO, RHI, ESS, HRB, BIIB, GRMN, LNC, URI, CCL, MTD, SWK, UNM, BF-B, ES, RJF, APH, AME, DAL, FDX, DTE, AMAT, CMCSA, SPGI, PSA, PPL, AMGN, HST, PYPL, ICE, ED, TDG, PVH, QRVO, AAPL, APTV, DLR, ORLY, JBHT, CBOE, GT, CMI, LYB, BBT, NSC, LKQ, HLT, MMM, CTSH, AMZN, AAL, ALK, CB, EMN, KSS, UNP, PFG, SPG, MLM, VRSN, BBY, UNH, KMB, ADP, C, MHK, AIV, CVS, WEC, RMD, ALGN, NTRS, KDP, EBAY, HSIC, AMT, VFC, FMC, AFL, AWK, LUV, CPB, NFLX, BAX, MO, ADI, HIG, NOC, REGN, ORCL, MAR, HPE, TJX, GD, TROW, DUK, GPC, NTAP, DOV, AZO, PNR, AEP, WELL, MGM, EIX, LH, BMY, KMI, UDR, MU, OXY, AJG, TGT, OKE, CINF, PEG, CFG, COST, MSFT, INTC, AYI, ALL, HON, IFF, WHR, ROST, NRG, KIM, MAS, VMC, CHD, CHRW, AVY, ILMN, HSY, MDT, ALLE, TRV, BXP, DGX, ACN, JPM, AMP, ADBE, MET, COF, BAC, MAA, BEN, MS, IVZ, LNT, BA, AXP, CL, NDAQ, O, PM, HPQ, HD, SLB, CLX, LMT, BWA, SNPS, MCHP, SYK, QCOM, JEF, CCI, FIS, PRGO, PPG, ROK, BDX, APD, INTU, CDNS, NI, AKAM, USB, DRI, FITB, AON, ABT, AAP, CSCO, UAL, DHR, SBAC, DE, PAYX, VNO, IP, SJM, ADM, A, CAH, OMC, FRT, ETN, ZION, IQV, IDXX, ZTS, SBUX, CAG, YUM, EMR, GS, CNP, WDC, FFIV, PCG, CRM, WY, XYL, DVA, HOG, HBAN, WM, CMS, ITW, HP, GPN, ECL, VRSK, TRIP, MSI, RRC, CAT, TPR, EQIX, FLR, SLG, EXPD, NOV, LOW, EFX, D, M, WYNN, BSX, EOG, STX, MOS, MAT, WU, ZBH, HAL, GE, NWL, XRAY, INCY, JCI, DVN, L, ADSK, ETR, MDLZ, ULTA, FLS, AMD","ABC, ADS, AES, AET, AIG, AIZ, ALXN, ANDV, ANSS, ANTM, APA, APC, ARE, ATVI, AVB, AVGO, BCR, BHF, BK, BLK, BLL, CA, CBS, CELG, CERN, CI, CMA, CMG, COG, COL, COP, COTY, CSRA, CTL, CTXS, CVX, CXO, DFS, DG, DHI, DIS, DISCA, DISCK, DISH, DRE, DWDP, DXC, EA, EL, EQR, EQT, ESRX, ETFC, EVHC, EW, EXPE, EXR, F, FB, FBHS, FCX, FE, FISV, FL, FLIR, FTI, FTV, GGP, GIS, GLW, GM, GOOGL, GPS, GWW, HAS, HBI, HCA, HES, HOLX, HRL, HRS, HUM, IBM, INFO, IPG, IRM, ISRG, IT, JEC, JNJ, JNPR, JWN, K, KEY, KHC, KO, KORS, KR, KSU, LB, LEG, LEN, LLY, LVLT, MA, MAC, MCD, MCK, MCO, MKC, MMC, MNST, MRK, MRO, MTB, MYL, NAVI, NBL, NEM, NFX, NKE, NLSN, NUE, NWS, NWSA, PBCT, PCAR, PDCO, PEP, PFE, PG, PGR, PH, PHM, PKG, PKI, PNC, PNW, PRU, PSX, PWR, PXD, RCL, RE, REG, RF, RHT, RL, RSG, RTN, SCG, SCHW, SEE, SNA, SNI, SO, SRCL, SRE, STI, STT, STZ, SWKS, SYF, SYMC, SYY, T, TAP, TEL, TIF, TMK, TMO, TSN, TSS, TWX, TXN, TXT, UA, UAA, UHS, UPS, UTX, V, VAR, VIAB, VLO, VRTX, VTR, VZ, WAT, WBA, WFC, WLTW, WMB, WRK, XEC, XLNX, XOM, XRX"
2018-01-02,491,295,0.6008146639511202,295,295,"NVDA, LRCX, GOOG, NEE, FAST, CME, TSCO, CPRI, CNC, CF, MU, BRK-B, CTAS, WMT, AMAT, RJF, MPC, SHW, BIIB, BF-B, ES, SPG, PLD, ORLY, CBRE, DLTR, AMZN, URI, AMG, ABBV, AOS, ALB, ROP, UNP, GRMN, AZO, HST, COO, GILD, FDX, EXC, RHI, CSX, BKNG, KLAC, DAL, NTAP, AEE, SWK, AWK, LYB, PVH, SPGI, CMCSA, ED, LKQ, COF, KSS, PFG, NSC, UNM, PYPL, INTC, CHRW, XEL, PSA, ROST, DE, QRVO, WEC, LNC, AMGN, CBOE, AFL, RMD, GT, LH, TDG, UNH, AME, CCL, HRB, AAPL, APH, PPL, DTE, OXY, MMM, MHK, BDX, VFC, KDP, KMB, AKAM, CHTR, AEP, HLT, JBHT, TGT, ESS, CVS, BXP, MTD, MO, DOV, AIV, CPB, CSCO, ILMN, AAL, BBY, CFG, ICE, DVA, LUV, ALK, ADBE, TJX, APTV, MSFT, TROW, CB, ALGN, ADP, ADI, CMI, A, KMI, EMN, SJM, BAX, PEG, MLM, AMP, DUK, FMC, KMX, MAR, ACN, CCI, KIM, VRSN, COST, ALL, CLX, MDT, EIX, TRV, NTRS, IFF, NFLX, GPC, PAYX, MAS, FRT, NCLH, JPM, APD, BAC, SYK, UDR, O, AMT, HON, EBAY, AVY, AJG, MGM, HD, PNR, ROK, DHR, HPQ, DRI, FLR, ORCL, CINF, C, NRG, AXP, SLB, DGX, CHD, WELL, AYI, INTU, FITB, VMC, CAG, DLR, ABT, EMR, CRM, CAH, GD, LNT, CL, BA, HIG, VNO, AAP, M, BBT, CTSH, IVZ, ZTS, D, MS, NDAQ, PRGO, BMY, OKE, JEF, NOC, SBAC, IQV, DVN, PPG, LOW, HSY, USB, HSIC, OMC, FFIV, VRSK, ETR, UAL, HOG, ETN, CDNS, WY, FIS, WM, BEN, SBUX, GS, MSI, SNPS, WHR, STX, NOV, CMS, MOS, NI, BWA, RRC, MCHP, IDXX, REGN, ALLE, PM, YUM, LMT, TRIP, TPR, XYL, EXPD, ZION, GPN, ITW, MAA, ZBH, HPE, HBAN, EOG, IP, XRAY, SLG, MET, HP, ECL, ADM, CAT, CNP, QCOM, WDC, EFX, EQIX, NWL, MAT, HAL, GE, WU, JCI, WYNN, L, AON, PCG, INCY, ULTA, MDLZ, BSX, FLS, ADSK, AMD","ABC, ADS, AES, AET, AIG, AIZ, ALXN, ANDV, ANSS, ANTM, APA, APC, ARE, ATVI, AVB, AVGO, BHF, BK, BLK, BLL, CA, CBS, CELG, CERN, CI, CMA, CMG, COG, COL, COP, COTY, CSRA, CTL, CTXS, CVX, CXO, DFS, DG, DHI, DIS, DISCA, DISCK, DISH, DRE, DWDP, DXC, EA, EL, EQR, EQT, ESRX, ETFC, EVHC, EW, EXPE, EXR, F, FB, FBHS, FCX, FE, FISV, FL, FLIR, FTI, FTV, GGP, GIS, GLW, GM, GOOGL, GPS, GWW, HAS, HBI, HCA, HES, HOLX, HRL, HRS, HUM, IBM, INFO, IPG, IRM, ISRG, IT, JEC, JNJ, JNPR, JWN, K, KEY, KHC, KO, KORS, KR, KSU, LB, LEG, LEN, LLY, MA, MAC, MCD, MCK, MCO, MKC, MMC, MNST, MRK, MRO, MTB, MYL, NAVI, NBL, NEM, NFX, NKE, NLSN, NUE, NWS, NWSA, PBCT, PCAR, PDCO, PEP, PFE, PG, PGR, PH, PHM, PKG, PKI, PNC, PNW, PRU, PSX, PWR, PXD, RCL, RE, REG, RF, RHT, RL, RSG, RTN, SCG, SCHW, SEE, SNA, SNI, SO, SRCL, SRE, STI, STT, STZ, SWKS, SYF, SYMC, SYY, T, TAP, TEL, TIF, TMK, TMO, TSN, TSS, TWX, TXN, TXT, UA, UAA, UHS, UPS, UTX, V, VAR, VIAB, VLO, VRTX, VTR, VZ, WAT, WBA, WFC, WLTW, WMB, WRK, XEC, XLNX, XOM, XRX"
2018-04-02,494,300,0.6072874493927125,300,300,"NVDA, CME, GOOG, NEE, LRCX, MPC, FAST, BRK-B, CPRI, UNP, BKNG, MU, CTAS, PLD, CF, FCX, PEG, AMZN, CSX, URI, CNC, IPGP, KSS, NDAQ, SHW, CBRE, APH, BF-B, TGT, SPG, LH, AOS, TDG, ORLY, PSA, EMN, COO, INTC, GRMN, AMAT, RHI, WMT, EXC, DLTR, TJX, FTV, ESS, AME, RJF, RMD, LYB, NTAP, SPGI, UNH, ABBV, KDP, KLAC, CVX, DAL, CTSH, PFG, TSCO, ADBE, DTE, ZTS, EQT, ROST, WEC, ZION, CSCO, LNC, AEE, NTRS, CINF, HST, FDX, ALK, ETR, HRB, AZO, NFLX, O, AFL, HII, ALL, BBT, JBHT, ICE, LKQ, ROP, DOV, DHR, ADP, LNT, BXP, CMCSA, DGX, MSFT, SJM, CCL, VRSK, AMT, QRVO, FLR, CPB, GM, MGM, HBAN, GD, MLM, FITB, PYPL, CB, WM, SWK, NSC, MO, MAR, CBOE, YUM, IQV, BA, GILD, DE, AIV, VRSN, XYL, ILMN, OMC, AAPL, ADI, PPL, BBY, ALGN, BWA, BDX, STX, WMB, TROW, FRT, COF, FIS, DVA, AMG, PPG, PNR, PVH, TRV, CAH, M, DUK, MDT, ETN, AJG, CHRW, INTU, KMX, HSY, IDXX, FFIV, NWL, CFG, ES, CNP, CAG, ORCL, COST, AWK, BIIB, KIM, TPR, CRM, AAP, APD, ABT, MMM, DLR, GPN, UNM, EOG, AEP, CHD, HPE, CVS, WYNN, ED, REGN, CHTR, MTD, CCI, ACN, MOS, HLT, AYI, BAC, MHK, MAS, ECL, XEL, JPM, NCLH, HPQ, EFX, OKE, WY, HD, AKAM, CMI, VMC, OXY, NOC, VFC, DRI, UAL, LUV, PCG, EIX, HSIC, SBUX, LOW, ZBH, KMI, GPC, PAYX, AVY, MET, A, KMB, ADM, SYK, ALLE, SLB, EMR, APTV, RRC, AAL, IVZ, PM, EXPD, USB, MS, L, CLX, EBAY, PRGO, WDC, HIG, LMT, WELL, UDR, BEN, D, ALB, SBAC, BMY, TRIP, BAX, ITW, JEF, VRTX, FMC, IP, HP, FTI, DVN, MAA, AMGN, SNPS, MCHP, CAT, BSX, CL, HAL, MDLZ, ROK, EQIX, AMP, IBM, HON, GT, HOG, QCOM, CDNS, NI, CMS, WHR, NOV, SLG, JCI, NRG, IFF, VNO, AXP, ULTA, FLS, GE, TTWO, AON, MAT, AMD","ABC, ADS, ADSK, AES, AET, AIG, AIZ, ALXN, ANDV, ANSS, ANTM, APA, APC, ARE, ATVI, AVB, AVGO, BHF, BK, BLK, BLL, C, CA, CBS, CELG, CERN, CI, CMA, CMG, COG, COL, COP, COTY, CSRA, CTL, CTXS, CXO, DFS, DG, DHI, DIS, DISCA, DISCK, DISH, DRE, DWDP, DXC, EA, EL, EQR, ESRX, ETFC, EVHC, EW, EXPE, EXR, F, FB, FBHS, FE, FISV, FL, FLIR, GGP, GIS, GLW, GOOGL, GPS, GS, GWW, HAS, HBI, HCA, HES, HOLX, HRL, HRS, HUM, INCY, INFO, IPG, IRM, ISRG, IT, JEC, JNJ, JNPR, JWN, K, KEY, KHC, KO, KORS, KR, KSU, LB, LEG, LEN, LLY, MA, MAC, MCD, MCK, MCO, MKC, MMC, MNST, MRK, MRO, MSI, MTB, MYL, NAVI, NBL, NEM, NFX, NKE, NKTR, NLSN, NUE, NWS, NWSA, PBCT, PCAR, PEP, PFE, PG, PGR, PH, PHM, PKG, PKI, PNC, PNW, PRU, PSX, PWR, PXD, RCL, RE, REG, RF, RHT, RL, RSG, RTN, SCG, SCHW, SEE, SIVB, SNA, SO, SRCL, SRE, STI, STT, STZ, SWKS, SYF, SYMC, SYY, T, TAP, TEL, TIF, TMK, TMO, TSN, TSS, TWX, TXN, TXT, UA, UAA, UHS, UPS, UTX, V, VAR, VIAB, VLO, VTR, VZ, WAT, WBA, WFC, WLTW, WRK, WU, XEC, XLNX, XOM, XRAY, XRX"
2018-07-02,496,301,0.6068548387096774,301,301,"NVDA, CPRT, CME, GOOG, NEE, CSX, CF, UNP, BKNG, PSA, CTAS, ORLY, SPG, TSCO, FAST, PLD, TJX, BRK-B, MPC, MU, NDAQ, LRCX, AMZN, PEG, CNC, TGT, LH, APH, CPRI, CBRE, KSS, RJF, RHI, ADP, COO, SHW, MLM, QRVO, EXC, FCX, TDG, BBT, FIS, AOS, HST, KMX, ICE, GM, NSC, SPGI, ROST, IPGP, INTC, RMD, FTV, UNH, DXC, EQT, PFG, M, AZO, CVX, AAPL, KLAC, ALK, EMN, MSCI, AEE, NTRS, ADBE, LYB, DGX, URI, OMC, FFIV, CSCO, SJM, AIV, JBHT, AME, ADI, CINF, MSFT, ABBV, CTSH, HBAN, MOS, VRSN, ZION, ZTS, CPB, WMT, ILMN, WEC, MCHP, O, DAL, AMAT, IDXX, PYPL, AAP, NTAP, FRT, PAYX, GILD, BR, VMC, CNP, ETN, ALL, PPL, VRSK, IQV, CB, WM, COF, REGN, DTE, STX, ESS, ALGN, TRIP, LNT, BIIB, KIM, AJG, CRM, INTU, BDX, DHR, NWL, ETR, LNC, FDX, DVA, MDT, OXY, TTWO, OKE, NFLX, DUK, EIX, GRMN, CMCSA, CVS, HSIC, DLR, BXP, DRI, DOV, AMT, DLTR, ROP, CCL, MO, WELL, ACN, TROW, CAH, HRB, HII, EFX, HPQ, AFL, HSY, ECL, ADM, PNR, KMI, PCG, BA, ULTA, KMB, FITB, COST, SWK, UAL, GPN, CHTR, CHRW, CHD, GPC, WMB, GD, APTV, PPG, HD, BBY, CAG, ABT, BSX, BWA, ALLE, XEL, PVH, CBOE, USB, AKAM, LKQ, CFG, EXPD, ZBH, LOW, TRV, AMG, DVN, MAA, NCLH, WY, APD, MET, MTD, FLR, EOG, AEP, AMGN, XYL, YUM, UNM, MHK, VFC, EMR, CMI, ES, L, HIG, LUV, MMM, CLX, PM, MAR, BEN, MGM, AWK, ED, BAX, BF-B, FMC, IVZ, CCI, DE, IP, SYK, JPM, VRTX, SLB, MAS, HLT, TPR, NOC, JEF, NOV, BAC, FTI, D, SBUX, ALB, SNPS, CDNS, NI, CL, HPE, UDR, WDC, A, HON, MDLZ, EBAY, AVY, AMP, LMT, ROK, MS, ORCL, HP, HOG, PRGO, ITW, GT, IBM, AXP, SLG, CMS, VNO, BMY, WYNN, SBAC, WHR, QCOM, AAL, JCI, HAL, AMD, EQIX, CAT, MAT, IFF, AON, NRG, GE, FLS","ABC, ABMD, ADS, ADSK, AES, AET, AIG, AIZ, ALXN, ANDV, ANSS, ANTM, APA, APC, ARE, ATVI, AVB, AVGO, BHF, BK, BLK, BLL, C, CA, CBS, CELG, CERN, CI, CMA, CMG, COG, COL, COP, COTY, CTL, CTXS, CXO, DFS, DG, DHI, DIS, DISCA, DISCK, DISH, DRE, DWDP, EA, EL, EQR, ESRX, ETFC, EVHC, EVRG, EW, EXPE, EXR, F, FB, FBHS, FE, FISV, FL, FLIR, FLT, GGP, GIS, GLW, GOOGL, GPS, GS, GWW, HAS, HBI, HCA, HES, HFC, HOLX, HRL, HRS, HUM, INCY, INFO, IPG, IRM, ISRG, IT, JEC, JNJ, JNPR, JWN, K, KEY, KHC, KO, KORS, KR, KSU, LB, LEG, LEN, LLY, MA, MAC, MCD, MCK, MCO, MKC, MMC, MNST, MRK, MRO, MSI, MTB, MYL, NBL, NEM, NFX, NKE, NKTR, NLSN, NUE, NWS, NWSA, PBCT, PCAR, PEP, PFE, PG, PGR, PH, PHM, PKG, PKI, PNC, PNW, PRU, PSX, PWR, PXD, RCL, RE, REG, RF, RHT, RL, RSG, RTN, SCG, SCHW, SEE, SIVB, SNA, SO, SRCL, SRE, STI, STT, STZ, SWKS, SYF, SYMC, SYY, T, TAP, TEL, TIF, TMK, TMO, TSN, TSS, TWTR, TXN, TXT, UA, UAA, UHS, UPS, UTX, V, VAR, VIAB, VLO, VTR, VZ, WAT, WBA, WFC, WLTW, WRK, WU, XEC, XLNX, XOM, XRAY, XRX"
2018-10-02,496,302,0.6088709677419355,302,302,"NVDA, CME, GOOG, CSX, ANET, SPG, ORLY, TSCO, UNP, FAST, BRK-B, CTAS, MPC, NEE, CF, TJX, COO, PLD, SHW, CPRT, LRCX, APH, CNC, AMZN, TGT, O, ADP, RJF, PFG, AZO, ALK, CINF, BKNG, NSC, EXC, PEG, KIM, AEE, RHI, NDAQ, AAPL, DXC, ALL, TDG, IQV, FIS, HST, ESS, PPL, KSS, ICE, ROST, CVS, AIV, DTE, CPRI, WMT, INTU, LH, WEC, KLAC, HSIC, MSCI, EIX, PSA, MSFT, PAYX, FRT, MDT, CB, EQT, BIIB, FTV, CVX, REGN, LYB, ETN, QRVO, KMX, PCG, UNH, MOS, SJM, AJG, WELL, CCL, ILMN, MO, NTRS, UAL, HRB, DOV, DAL, MLM, ULTA, CMCSA, SPGI, ADBE, HSY, GM, AFL, AAP, BBT, LNC, URI, HBAN, PPG, KMB, MET, FCX, CBRE, AME, PYPL, INTC, MU, VRSK, M, ADI, AMAT, CHD, NWL, FFIV, KMI, DGX, DVA, LUV, IPGP, TTWO, NCLH, ECL, ES, CHTR, VRSN, RMD, ALGN, FDX, DUK, ROP, COF, NFLX, CLX, USB, NTAP, UDR, ZBH, HPQ, GILD, CRM, WMB, CTSH, BDX, FLR, EMN, GPC, ABBV, GRMN, AOS, DHR, WM, EFX, LNT, COST, TRV, APD, ABT, DRI, XEL, IDXX, VMC, SWK, GPN, LOW, OXY, DLR, CNP, HII, ALB, TRIP, ZTS, BXP, BA, YUM, ACN, MCHP, ALLE, OMC, JBHT, EOG, AWK, BSX, ZION, MHK, CAG, L, DLTR, D, MAA, ADM, ETR, GD, MTD, PM, MMM, DVN, BEN, AMG, QCOM, AEP, PNR, AMT, LKQ, EMR, SBUX, MGM, UNM, TROW, HD, VFC, CMI, BR, IVZ, STX, JPM, XYL, AMGN, OKE, FMC, BWA, WDC, CHRW, ED, JEF, ORCL, CFG, SNPS, HIG, EXPD, DE, HOG, CCI, FITB, SLB, AVY, CBOE, BBY, HON, IP, MAR, AMP, FTI, BF-B, MAS, BAC, HLT, IBM, A, CAH, ROK, APTV, AXP, HPE, CSCO, AKAM, NOV, BAX, CDNS, CPB, HP, VRTX, CL, MDLZ, SYK, CMS, PVH, LMT, EQIX, GT, IFF, EBAY, FLS, AMD, VNO, MS, PRGO, WHR, ITW, WY, BMY, TPR, JCI, NOC, AAL, WYNN, CAT, SLG, AON, HAL, NI, GE, NRG, SBAC, MAT","ABC, ABMD, ADS, ADSK, AES, AET, AIG, AIZ, ALXN, ANSS, ANTM, APA, APC, ARE, ATVI, AVB, AVGO, BHF, BK, BLK, BLL, C, CA, CBS, CELG, CERN, CI, CMA, CMG, COG, COL, COP, COTY, CTL, CTXS, CXO, DFS, DG, DHI, DIS, DISCA, DISCK, DISH, DRE, DWDP, EA, EL, EQR, ESRX, ETFC, EVHC, EVRG, EW, EXPE, EXR, F, FB, FBHS, FE, FISV, FL, FLIR, FLT, GIS, GLW, GOOGL, GPS, GS, GWW, HAS, HBI, HCA, HES, HFC, HOLX, HRL, HRS, HUM, INCY, INFO, IPG, IRM, ISRG, IT, JEC, JNJ, JNPR, JWN, K, KEY, KHC, KO, KR, KSU, LB, LEG, LEN, LLY, MA, MAC, MCD, MCK, MCO, MKC, MMC, MNST, MRK, MRO, MSI, MTB, MYL, NBL, NEM, NFX, NKE, NKTR, NLSN, NUE, NWS, NWSA, PBCT, PCAR, PEP, PFE, PG, PGR, PH, PHM, PKG, PKI, PNC, PNW, PRU, PSX, PWR, PXD, RCL, RE, REG, RF, RHT, RL, ROL, RSG, RTN, SCG, SCHW, SEE, SIVB, SNA, SO, SRCL, SRE, STI, STT, STZ, SWKS, SYF, SYMC, SYY, T, TAP, TEL, TIF, TMK, TMO, TSN, TSS, TWTR, TXN, TXT, UA, UAA, UHS, UPS, UTX, V, VAR, VIAB, VLO, VTR, VZ, WAT, WBA, WCG, WFC, WLTW, WRK, WU, XEC, XLNX, XOM, XRAY, XRX"
2019-01-02,497,303,0.6096579476861167,303,303,"CME, AVGO, FAST, BRK-B, GOOG, ORLY, CSX, ANET, TSCO, MPC, NEE, LRCX, UNP, SPG, O, CTAS, ALK, CPRT, AZO, CINF, TDG, NVDA, COO, BKNG, ESS, CB, DUK, CVX, RJF, HRB, CF, APH, AIV, FTNT, KMI, NDAQ, PFG, ADP, REGN, DAL, CMCSA, IQV, FIS, HSY, GM, SHW, KLAC, WELL, EXC, SBUX, PSA, SJM, OMC, PLD, NSC, AEE, AMZN, ES, DLTR, WMB, HSIC, KSS, WMT, MET, A, ALL, WEC, AJG, PPG, CVS, DTE, CHTR, BIIB, RMD, WM, ABBV, MO, KIM, PPL, AMT, MLM, PAYX, UAL, ALLE, CMI, TRV, CNP, CCL, TJX, KMX, ROP, MSFT, KMB, INTC, MDT, UNH, RHI, CHD, AFL, VRSN, YUM, LH, APD, IPGP, AME, MMM, ROST, MU, TGT, ULTA, NWL, PEG, CNC, VRSK, GPC, FRT, MOS, ETR, DHR, CLX, PYPL, ECL, LNC, GILD, CBOE, MGM, HBAN, AEP, INTU, DOV, PCG, D, XEL, QRVO, SWK, NCLH, ETN, ILMN, CPRI, HPQ, AAP, AMAT, FANG, USB, DE, AOS, EMR, ABT, MSCI, SNPS, GRMN, PNR, FTV, LYB, NTRS, SPGI, BEN, FCX, URI, PM, BBT, VMC, CTSH, UDR, CBRE, MTD, DLR, ZTS, AMGN, DXC, ADBE, SLB, HPE, M, TRIP, EMN, L, ORCL, MHK, DGX, LKQ, AMG, COF, CRM, MCHP, UNM, LUV, ACN, DRI, GD, OKE, EIX, FDX, HII, AAPL, BXP, ZION, BWA, CCI, MAA, HST, BSX, CHRW, ZBH, DVA, XYL, FITB, IVZ, LOW, CDNS, CAG, HIG, LNT, GPN, ED, ALB, BA, CAH, WDC, JBHT, STX, AWK, HD, OXY, ADM, CFG, BF-B, DVN, JEF, FFIV, CL, JPM, MAS, EFX, ITW, IP, CSCO, IFF, COST, HLT, GT, BDX, AVY, EXPD, BAC, CPB, FLR, FMC, MAR, TROW, NFLX, QCOM, EOG, MDLZ, HOG, HP, IDXX, HON, MS, TTWO, APTV, JCI, AXP, NTAP, CE, BMY, BBY, WY, WHR, VRTX, PRGO, AAL, PVH, HAL, ROK, EBAY, BAX, VFC, IBM, SBAC, AON, SYK, AKAM, AMP, AMD, BR, VNO, NOC, GE, LMT, WYNN, CMS, ALGN, TPR, NI, FTI, CAT, SLG, NRG, EQIX, FLS, NOV, MAT","ABC, ABMD, ADI, ADS, ADSK, AES, AIG, AIZ, ALXN, ANSS, ANTM, APA, APC, ARE, ATVI, AVB, BHF, BK, BLK, BLL, C, CBS, CELG, CERN, CI, CMA, CMG, COG, COP, COTY, CTL, CTXS, CXO, DFS, DG, DHI, DIS, DISCA, DISCK, DISH, DRE, DWDP, EA, EL, EQR, ETFC, EVRG, EW, EXPE, EXR, F, FB, FBHS, FE, FISV, FL, FLIR, FLT, FRC, GIS, GLW, GOOGL, GPS, GS, GWW, HAS, HBI, HCA, HES, HFC, HOLX, HRL, HRS, HUM, ICE, INCY, INFO, IPG, IRM, ISRG, IT, JEC, JKHY, JNJ, JNPR, JWN, K, KEY, KEYS, KHC, KO, KR, KSU, LB, LEG, LEN, LIN, LLY, LW, MA, MAC, MCD, MCK, MCO, MKC, MMC, MNST, MRK, MRO, MSI, MTB, MXIM, MYL, NBL, NEM, NFX, NKE, NKTR, NLSN, NUE, NWS, NWSA, PBCT, PCAR, PEP, PFE, PG, PGR, PH, PHM, PKG, PKI, PNC, PNW, PRU, PSX, PWR, PXD, RCL, RE, REG, RF, RHT, RL, ROL, RSG, RTN, SCHW, SEE, SIVB, SNA, SO, SRE, STI, STT, STZ, SWKS, SYF, SYMC, SYY, T, TAP, TEL, TIF, TMK, TMO, TSN, TSS, TWTR, TXN, TXT, UA, UAA, UHS, UPS, UTX, V, VAR, VIAB, VLO, VTR, VZ, WAT, WBA, WCG, WFC, WLTW, WRK, WU, XEC, XLNX, XOM, XRAY, XRX"
2019-04-02,496,292,0.5887096774193549,292,292,"AVGO, FAST, LRCX, ANET, NEE, CSX, CPRT, GOOG, NSC, TSCO, CMCSA, CME, ORLY, AZO, CTAS, KLAC, PEG, AOS, CMG, EW, MSCI, KIM, BRK-B, AIV, PM, INTC, NVDA, FTNT, BKNG, TDG, ESS, FTV, WM, RJF, SYK, COO, BMY, CB, SJM, SPGI, HSY, KMI, ZTS, PPL, CHD, O, CHTR, MO, AWK, SBUX, APH, ICE, MPC, UNP, A, HON, CF, AJG, AMZN, SPG, AMAT, ATO, ALLE, AME, TRV, VRSK, CMI, NDAQ, GM, BWA, ULTA, PLD, DHR, PAYX, BIIB, BEN, SNPS, FMC, APD, MU, SHW, PFG, YUM, NFLX, ADP, CBRE, ROP, ES, GILD, BXP, DVN, MAS, BBT, UDR, CE, ALB, NCLH, QRVO, MTD, HRB, AEE, DAL, DTE, CCI, WELL, AMGN, INTU, EOG, ABT, PSA, XEL, VMC, ROST, CDNS, GPC, OMC, PYPL, MCHP, ALL, HST, CL, DOV, MLM, L, KMX, KSS, MMM, IPGP, PNR, HSIC, ECL, AMT, VRSN, CBOE, ED, FRT, OKE, ETN, COF, LH, TJX, RHI, LYB, VNO, AAP, ADBE, LKQ, MDT, CPRI, PPG, ACN, EMR, DRI, EBAY, DGX, BBY, FANG, AEP, DXC, IDXX, URI, WEC, NRG, EXC, ETR, KMB, MDLZ, USB, MSFT, HLT, TFX, GPN, AFL, DLR, UNH, ORCL, HIG, WMT, FIS, ZBH, DLTR, ZION, HII, CCL, MAA, HPE, FDX, STX, LNT, HBAN, IP, BAC, CINF, D, CTSH, NTRS, AMG, DE, EMN, AAPL, UNM, UAL, JPM, MOS, IRM, AXP, FITB, XYL, CSCO, AMP, WDC, RMD, BA, IVZ, CPB, C, BDX, BF-B, ILMN, NOC, JEF, HPQ, MHK, CAH, DUK, IQV, MAR, CAG, STT, CMS, JCI, AIZ, AVY, AKAM, PVH, ADM, CRM, ALGN, CAT, APTV, AON, CLX, CHRW, MS, EVRG, WY, SWK, ROK, ALK, LUV, HOG, IBM, M, HP, WHR, TGT, COST, GD, CNC, EQIX, LOW, HAL, LMT, WAB, EIX, FFIV, TRIP, SBAC, NTAP, VFC, WYNN, DVA, AMD, IFF, TTWO, TPR, CVS, JBHT, INCY, FLR, EFX, BR, CNP, NOV, NI, SLB, MGM, QCOM, FLS, FTI, PRGO, MAT","AAL, ABBV, ABC, ABMD, ADI, ADS, ADSK, AES, AIG, ALXN, ANSS, ANTM, APA, APC, ARE, ATVI, AVB, BAX, BK, BLK, BLL, BSX, CBS, CELG, CERN, CFG, CI, CMA, COG, COP, COTY, CTL, CTXS, CVX, CXO, DFS, DG, DHI, DIS, DISCA, DISCK, DISH, DRE, DWDP, EA, EL, EQR, ETFC, EXPD, EXPE, EXR, F, FB, FBHS, FCX, FE, FISV, FL, FLIR, FLT, FRC, GE, GIS, GLW, GOOGL, GPS, GRMN, GS, GWW, HAS, HBI, HCA, HD, HES, HFC, HOLX, HRL, HRS, HUM, INFO, IPG, ISRG, IT, ITW, JEC, JKHY, JNJ, JNPR, JWN, K, KEY, KEYS, KHC, KO, KR, KSU, LB, LEG, LEN, LIN, LLY, LNC, LW, MA, MAC, MCD, MCK, MCO, MET, MKC, MMC, MNST, MRK, MRO, MSI, MTB, MXIM, MYL, NBL, NEM, NKE, NKTR, NLSN, NUE, NWL, NWS, NWSA, OXY, PBCT, PCAR, PEP, PFE, PG, PGR, PH, PHM, PKG, PKI, PNC, PNW, PRU, PSX, PWR, PXD, RCL, RE, REG, REGN, RF, RHT, RL, ROL, RSG, RTN, SCHW, SEE, SIVB, SLG, SNA, SO, SRE, STI, STZ, SWKS, SYF, SYMC, SYY, T, TAP, TEL, TIF, TMK, TMO, TROW, TSN, TSS, TWTR, TXN, TXT, UA, UAA, UHS, UPS, UTX, V, VAR, VIAB, VLO, VRTX, VTR, VZ, WAT, WBA, WCG, WFC, WLTW, WMB, WRK, WU, XEC, XLNX, XOM, XRAY, XRX"
2019-07-02,497,290,0.5835010060362174,290,290,"NEE, LRCX, TSCO, CPRT, CSX, FAST, NSC, CTAS, CME, AVGO, CMCSA, GOOG, KLAC, AZO, PM, ANET, PLD, AOS, CMG, BKNG, NVDA, HSY, ALLE, COO, AMAT, BRK-B, MSCI, ZTS, SYK, CHTR, TDG, BMY, ORLY, PEG, PFG, AMZN, SPGI, EW, HON, WM, PPL, KIM, ATO, FTV, RJF, AWK, CBRE, CMI, MPC, KMI, GILD, AME, ESS, HRB, PSA, FTNT, BWA, MKTX, ES, DVN, SBUX, IDXX, BBT, MO, TRV, SNPS, DAL, LH, MTD, CF, DXC, AJG, MU, CE, URI, AIV, CB, VRSK, ROP, CL, APD, DTE, IPGP, ALB, ED, BIIB, VMC, DHR, FMC, MAS, EOG, CCI, DGX, ICE, BF-B, A, NDAQ, HSIC, LNT, ULTA, UNP, APH, FANG, COF, SHW, XEL, DOV, VRSN, INTC, BBY, HST, ADBE, ALL, HII, L, EBAY, HLT, ROST, ACN, CDNS, ABT, YUM, ETN, NOC, SPG, BXP, RSG, ETR, MLM, OMC, NCLH, QRVO, LHX, WMT, NFLX, OKE, LYB, MSFT, PAYX, MDT, PYPL, AMGN, MHK, EMR, VFC, AMT, KMB, AEE, TJX, MAA, LKQ, INTU, WELL, SJM, GM, ECL, MDLZ, CHD, UDR, GPN, CBOE, AEP, ADP, ILMN, LMT, WDC, RMD, IVZ, MMM, C, O, BEN, WEC, HIG, PPG, UNM, XYL, VNO, AAPL, STT, EQIX, FRT, TFX, CAG, AFL, JCI, MAR, FDX, USB, DLR, AMP, CPB, CINF, CCL, EMN, HBAN, AMG, STX, UNH, RHI, D, ZION, DRI, KSS, BDX, HPE, CPRI, WY, TGT, SWK, CAH, AKAM, GPC, JEF, FIS, UAL, AXP, GD, BR, PNR, JPM, IQV, AIZ, ADM, CMS, EIX, HPQ, NTAP, ZBH, CTSH, DLTR, LUV, ALGN, M, EVRG, AAP, BAC, IP, QCOM, EFX, IRM, AVY, DE, FITB, AMD, COST, MOS, NTRS, CSCO, SBAC, PVH, APTV, WHR, CAT, TTWO, CHRW, DUK, NRG, ALK, IBM, AON, HOG, HP, MS, HAL, FLS, IFF, BA, DVA, SLB, CNC, CLX, EXC, WYNN, ROK, TPR, CVS, JBHT, INCY, CRM, MGM, FFIV, NOV, FTI, PRGO, LOW, WAB, NI, TRIP, CNP","AAL, ABBV, ABC, ABMD, ADI, ADS, ADSK, AES, AIG, ALXN, AMCR, ANSS, ANTM, APA, APC, ARE, ATVI, AVB, BAX, BK, BLK, BLL, BSX, CBS, CELG, CERN, CFG, CI, CMA, COG, COP, COTY, CTL, CTVA, CTXS, CVX, CXO, DD, DFS, DG, DHI, DIS, DISCA, DISCK, DISH, DRE, EA, EL, EQR, ETFC, EXPD, EXPE, EXR, F, FB, FBHS, FCX, FE, FISV, FL, FLIR, FLT, FRC, GE, GIS, GLW, GOOGL, GPS, GRMN, GS, GWW, HAS, HBI, HCA, HD, HES, HFC, HOLX, HRL, HUM, INFO, IPG, ISRG, IT, ITW, JEC, JKHY, JNJ, JNPR, JWN, K, KEY, KEYS, KHC, KMX, KO, KR, KSU, LB, LEG, LEN, LIN, LLY, LNC, LW, MA, MAC, MCD, MCHP, MCK, MCO, MET, MKC, MMC, MNST, MRK, MRO, MSI, MTB, MXIM, MYL, NBL, NEM, NKE, NKTR, NLSN, NUE, NWL, NWS, NWSA, ORCL, OXY, PBCT, PCAR, PEP, PFE, PG, PGR, PH, PHM, PKG, PKI, PNC, PNW, PRU, PSX, PWR, PXD, RCL, RE, REG, REGN, RF, RHT, RL, ROL, RTN, SCHW, SEE, SIVB, SLG, SNA, SO, SRE, STI, STZ, SWKS, SYF, SYMC, SYY, T, TAP, TEL, TIF, TMK, TMO, TROW, TSN, TSS, TWTR, TXN, TXT, UA, UAA, UHS, UPS, UTX, V, VAR, VIAB, VLO, VRTX, VTR, VZ, WAT, WBA, WCG, WFC, WLTW, WMB, WRK, WU, XEC, XLNX, XOM, XRAY, XRX"
2019-10-02,497,296,0.5955734406438632,296,296,"NEE, CME, CTAS, LRCX, CPRT, BKNG, NVDA, BMY, AMAT, KLAC, AVGO, MPC, CMCSA, GOOG, CSX, AOS, EW, CB, ZTS, HSY, BRK-B, ORLY, KIM, CF, ICE, NSC, CMG, FAST, SYK, CE, PEG, PM, TSCO, MU, SPGI, CBOE, CHTR, PLD, ATO, PPL, ANET, SHW, TDG, AZO, ALLE, MLM, BF-B, ESS, BBT, BIIB, AIV, MSFT, NVR, MDT, VMC, ALB, DGX, STX, DXC, WM, LYB, ES, PFG, MAS, LH, MO, NOC, INTC, RJF, ED, NDAQ, LDOS, PSA, HON, LKQ, MSCI, GILD, LNT, DAL, MKTX, ROST, AME, AJG, AWK, FTNT, VRSK, CDW, CAH, SBUX, RSG, ALL, IDXX, COO, FMC, CL, APH, AMGN, APD, FTV, QRVO, CMI, BWA, AMZN, WMT, ETR, URI, TRV, SNPS, COF, PAYX, TJX, FANG, A, KMI, MAA, HRB, O, EOG, HSIC, CBRE, CPB, HIG, DVN, HBAN, WELL, DHR, AAPL, HST, BR, GL, SPG, KMB, OKE, ETN, AKAM, ACN, LHX, YUM, CCI, INTU, USB, HII, EMR, IPGP, AIZ, GM, BXP, TMUS, EVRG, UNP, DLR, JPM, VNO, VFC, ABT, CHD, WEC, FRT, DTE, LMT, XEL, RMD, L, EBAY, GPN, PPG, TGT, AEE, HPE, DOV, MMM, UDR, GD, ZBH, ROP, OMC, AMT, NCLH, EIX, JCI, ECL, DRI, CINF, CSCO, STT, AMG, HLT, ZION, EQIX, BBY, UAL, ADBE, NWSA, SJM, EMN, UNH, TTWO, MHK, DE, KSS, RHI, CAG, CDNS, D, CCL, LUV, TFX, MTD, CMS, BDX, CTSH, ALK, CPRI, TPR, C, IP, NWS, DUK, CVS, WHR, DLTR, FIS, AAP, WY, AEP, HPQ, UNM, MDLZ, PNR, M, IRM, WDC, BEN, NTAP, JBHT, IBM, SWK, IVZ, CLX, CHRW, XYL, APTV, BAC, ADM, GPC, NTRS, AFL, BA, DVA, ULTA, HOG, VRSN, PVH, FITB, EFX, NFLX, MOS, AMP, CAT, QCOM, COST, PYPL, NRG, MAR, MS, HP, AXP, HAL, AVY, SLB, SBAC, ILMN, CNC, PRGO, IFF, IQV, AON, ALGN, MGM, EXC, ROK, NOV, FFIV, WYNN, CRM, LOW, FTI, WAB, CNP, AMD, TRIP, FDX, FLS, NI, AMCR, INCY","AAL, ABBV, ABC, ABMD, ADI, ADP, ADS, ADSK, AES, AIG, ALXN, ANSS, ANTM, APA, ARE, ATVI, AVB, BAX, BK, BLK, BLL, BSX, CBS, CELG, CERN, CFG, CI, CMA, COG, COP, COTY, CTL, CTVA, CTXS, CVX, CXO, DD, DFS, DG, DHI, DIS, DISCA, DISCK, DISH, DRE, EA, EL, EQR, ETFC, EXPD, EXPE, EXR, F, FB, FBHS, FCX, FE, FISV, FLIR, FLT, FRC, GE, GIS, GLW, GOOGL, GPS, GRMN, GS, GWW, HAS, HBI, HCA, HD, HES, HFC, HOLX, HRL, HUM, IEX, INFO, IPG, ISRG, IT, ITW, JEC, JKHY, JNJ, JNPR, JWN, K, KEY, KEYS, KHC, KMX, KO, KR, KSU, LB, LEG, LEN, LIN, LLY, LNC, LW, MA, MAC, MCD, MCHP, MCK, MCO, MET, MKC, MMC, MNST, MRK, MRO, MSI, MTB, MXIM, MYL, NBL, NEM, NKE, NKTR, NLSN, NUE, NWL, ORCL, OXY, PBCT, PCAR, PEP, PFE, PG, PGR, PH, PHM, PKG, PKI, PNC, PNW, PRU, PSX, PWR, PXD, RCL, RE, REG, REGN, RF, RL, ROL, RTN, SCHW, SEE, SIVB, SLG, SNA, SO, SRE, STI, STZ, SWKS, SYF, SYMC, SYY, T, TAP, TEL, TIF, TMO, TROW, TSN, TWTR, TXN, TXT, UA, UAA, UHS, UPS, UTX, V, VAR, VIAB, VLO, VRTX, VTR, VZ, WAT, WBA, WCG, WFC, WLTW, WMB, WRK, WU, XEC, XLNX, XOM, XRAY, XRX"
2020-01-02,499,301,0.6032064128256514,301,301,"NEE, NVDA, ODFL, LRCX, GOOG, PPL, CPRT, PM, CTAS, BMY, AVGO, BKNG, KLAC, BIIB, FTNT, CBRE, URI, MPC, FAST, RJF, BRK-B, AOS, LKQ, MO, CME, CHTR, CSX, PLD, QRVO, NSC, KIM, ORLY, BBY, EW, ALB, BWA, SPGI, INTC, CMCSA, MU, SHW, PEG, KEYS, CE, LYB, CMG, HST, ZTS, TDG, ANET, ALLE, DIS, AMGN, AMAT, STT, TSCO, COF, FMC, BF-B, AAPL, MLM, MSCI, BXP, DXC, STX, ROST, ETN, AZO, MSFT, APH, LNT, COO, MAS, HII, WY, ATO, ZION, PNR, ES, EMR, LDOS, AMZN, CCI, ESS, SYK, AME, ADM, PFG, BAC, NCLH, MDT, NVR, C, TJX, EOG, UNH, CF, HSY, NDAQ, VFC, CAG, FTV, MKTX, CMI, UNP, RHI, CCL, IPGP, JPM, NTRS, LVS, GILD, ED, WMT, CAH, VMC, DGX, TGT, SPG, CDW, CL, DVA, DAL, DVN, EIX, ETR, MMM, VNO, DOV, ACN, HON, PSA, CPRI, CBOE, QCOM, CB, GL, PPG, APD, AMP, HBAN, NOC, ZBH, AIV, ALL, MS, NTAP, CPB, MAA, PVH, ICE, EMN, ADBE, AIZ, KSS, LH, OKE, AJG, A, USB, GM, APTV, D, DHR, O, DTE, BDX, DLR, KMI, EQIX, AWK, HLT, FRT, AMT, NWSA, EVRG, CAT, IP, WDC, WM, HRB, RMD, UDR, TMUS, MAR, TFX, TPR, RSG, BEN, NWS, SJM, SNPS, HSIC, HAL, SWK, CTSH, IRM, ALGN, FITB, MTD, J, HPQ, IDXX, ZBRA, CSCO, MHK, KMB, DE, L, CVS, VRSK, PAYX, NRG, CNC, HPE, FANG, JBHT, INTU, AEE, IVZ, STE, TRV, LMT, M, UNM, HIG, GPC, CHD, NFLX, XEL, AVY, WEC, AEP, WYNN, HOG, LUV, ROP, GPN, NOV, DRI, ALK, BR, CLX, SLB, EBAY, DUK, SBUX, AKAM, CMS, ULTA, ABT, WELL, OMC, MGM, UAL, MDLZ, AAP, GD, LHX, YUM, CDNS, CHRW, MOS, ECL, AMD, XYL, FIS, COST, JCI, TTWO, IBM, HP, WHR, AXP, LOW, ILMN, EFX, PYPL, FFIV, LYV, WAB, VRSN, SBAC, BA, EXC, AON, CINF, AFL, CRM, PRGO, IFF, DLTR, IQV, FLS, EXPE, FDX, CNP, FTI, INCY, NI, AMCR","AAL, ABBV, ABC, ABMD, ADI, ADP, ADS, ADSK, AES, AIG, ALXN, ANSS, ANTM, APA, ARE, ATVI, AVB, BAX, BK, BKR, BLK, BLL, BSX, CERN, CFG, CI, CMA, COG, COP, COTY, CTL, CTVA, CTXS, CVX, CXO, DD, DFS, DG, DHI, DISCA, DISCK, DISH, DRE, EA, EL, EQR, ETFC, EXPD, EXR, F, FB, FBHS, FCX, FE, FISV, FLIR, FLT, FRC, GE, GIS, GLW, GOOGL, GPS, GRMN, GS, GWW, HAS, HBI, HCA, HD, HES, HFC, HOLX, HRL, HUM, IEX, INFO, IPG, ISRG, IT, ITW, JKHY, JNJ, JNPR, JWN, K, KEY, KHC, KMX, KO, KR, KSU, LB, LEG, LEN, LIN, LLY, LNC, LW, MA, MCD, MCHP, MCK, MCO, MET, MKC, MMC, MNST, MRK, MRO, MSI, MTB, MXIM, MYL, NBL, NEM, NKE, NLOK, NLSN, NOW, NUE, NWL, ORCL, OXY, PBCT, PCAR, PEAK, PEP, PFE, PG, PGR, PH, PHM, PKG, PKI, PNC, PNW, PRU, PSX, PWR, PXD, RCL, RE, REG, REGN, RF, RL, ROK, ROL, RTN, SCHW, SEE, SIVB, SLG, SNA, SO, SRE, STZ, SWKS, SYF, SYY, T, TAP, TEL, TFC, TIF, TMO, TROW, TSN, TWTR, TXN, TXT, UA, UAA, UHS, UPS, UTX, V, VAR, VIAC, VLO, VRTX, VTR, VZ, WAT, WBA, WCG, WFC, WLTW, WMB, WRB, WRK, WU, XEC, XLNX, XOM, XRAY, XRX"
2020-04-02,499,329,0.6593186372745491,329,329,"NEE, ODFL, NVDA, CMG, ANET, GOOG, BIIB, CME, FAST, LRCX, AMZN, NEM, CI, AVGO, MNST, TSCO, PM, CPRT, MPC, BKR, BRK-B, INTC, CSX, ATO, BKNG, EOG, REGN, MAA, EXR, RJF, CBRE, DG, ORLY, KMI, CTAS, VNO, PPL, PLD, PEG, COP, SPGI, BMY, NOW, NFLX, LNT, LIN, EW, WMT, KLAC, CMCSA, MSFT, NDAQ, CMI, MSCI, VRTX, QRVO, COO, ETN, NSC, CBOE, ALB, TROW, AOS, CAH, SHW, AZO, LDOS, ARE, EVRG, CINF, MU, KIM, AMGN, DXC, PWR, MKTX, AWK, ALL, URI, BF-B, UNP, DVA, CAT, DUK, DLR, D, KEYS, SJM, CF, STT, MLM, TMUS, VMC, AAPL, VRSK, PSA, FMC, ED, PAYC, STX, HSY, O, KHC, NVR, GILD, ESS, HST, ALK, HII, AME, CHTR, AIZ, BXP, ROP, APD, GS, FTV, ADBE, DIS, DAL, AJG, NTRS, XEL, DOV, PYPL, NOC, CHRW, J, ABT, ICE, HRB, APH, TJX, MGM, ZTS, HLT, CAG, AMAT, ILMN, BWA, LMT, CLX, OXY, TT, CNC, JBHT, PFG, QCOM, MTD, CPB, TTWO, FRT, CSCO, UNH, TRV, ROST, EXPD, DE, UNM, CDNS, SNPS, ALLE, MDLZ, AMD, DGX, BEN, HSIC, IFF, ETR, BBY, MDT, RSG, MMM, AMT, DTE, HON, SWK, TPR, FTI, AEE, CVS, TGT, IVZ, EMN, LYB, EMR, ADM, SBUX, EQIX, SPG, WEC, PPG, ULTA, AIV, MAS, FANG, CL, CMS, NTAP, GD, IRM, HD, CTSH, RHI, COF, HIG, NI, CCI, CPRI, LHX, ITW, SBAC, MHK, OMC, IP, INTU, GM, RMD, EBAY, BR, UDR, ES, CHD, AAP, NCLH, VRSN, UAL, WHR, WM, PNR, VFC, GL, DHR, ZBRA, HPQ, DLTR, DRI, CE, TFX, INCY, AKAM, MO, ALGN, TDG, WMB, JPM, ACN, BDX, CCL, PAYX, KSS, ECL, GPN, IDXX, ZION, CRM, GPC, LVS, SLB, STE, YUM, HBAN, F, BAX, IPGP, USB, CB, WY, MS, AVY, WAB, LH, CNP, COST, MSI, BAC, FIS, PVH, A, BSX, NWS, C, FITB, IBM, SYK, NRG, NWSA, CDW, AFL, AON, NOV, XYL, AMP, LUV, APTV, AEP, ZBH, FFIV, M, HPE, L, HP, FLS, EXC, XRAY, WELL, LOW, EXPE, JCI, OKE, FCX, AXP, DVN, FDX, AMCR, PRGO, HOG, IQV, ADSK, AIG, MAR, WDC, NWL, HAL, EFX, DD, WYNN, EIX, LYV","AAL, ABBV, ABC, ABMD, ADI, ADP, ADS, AES, ALXN, ANSS, ANTM, APA, ATVI, AVB, BA, BK, BLK, BLL, CERN, CFG, CMA, COG, COTY, CTL, CTVA, CTXS, CVX, CXO, DFS, DHI, DISCA, DISCK, DISH, DRE, EA, EL, EQR, ETFC, FB, FBHS, FE, FISV, FLIR, FLT, FRC, FTNT, GE, GIS, GLW, GOOGL, GPS, GRMN, GWW, HAS, HBI, HCA, HES, HFC, HOLX, HRL, HUM, IEX, INFO, IPG, ISRG, IT, JKHY, JNJ, JNPR, JWN, K, KEY, KMB, KMX, KO, KR, KSU, LB, LEG, LEN, LKQ, LLY, LNC, LW, MA, MCD, MCHP, MCK, MCO, MET, MKC, MMC, MOS, MRK, MRO, MTB, MXIM, MYL, NBL, NKE, NLOK, NLSN, NUE, ORCL, PBCT, PCAR, PEAK, PEP, PFE, PG, PGR, PH, PHM, PKG, PKI, PNC, PNW, PRU, PSX, PXD, RCL, RE, REG, RF, RL, ROK, ROL, RTN, SCHW, SEE, SIVB, SLG, SNA, SO, SRE, STZ, SWKS, SYF, SYY, T, TAP, TEL, TFC, TIF, TMO, TSN, TWTR, TXN, TXT, UA, UAA, UHS, UPS, UTX, V, VAR, VIAC, VLO, VTR, VZ, WAT, WBA, WFC, WLTW, WRB, WRK, WU, XLNX, XOM, XRX"
2020-07-02,501,336,0.6706586826347305,336,336,"NEE, NVDA, CMG, GOOG, ANET, ODFL, LRCX, CTAS, FAST, AVGO, CME, NEM, AMZN, AOS, ALB, MPC, BKR, MNST, CPRT, TSCO, KLAC, MAA, CSX, REGN, BKNG, CI, PEG, URI, ORLY, RJF, ATO, COP, EOG, CMI, EXR, KMI, BIIB, NOW, EVRG, PAYC, DG, PWR, SPGI, VNO, EW, NFLX, SHW, MSCI, CMCSA, CBRE, KIM, INTC, PPL, TROW, D, PM, LNT, SJM, ARE, AZO, VRTX, PLD, BIO, LIN, KHC, AMGN, NSC, MSFT, O, CBOE, MKTX, NDAQ, ALL, AWK, KMX, DUK, CAH, BRK-B, DGX, DPZ, MAS, FMC, PYPL, GS, UNP, CF, ETN, CINF, BMY, PSA, STT, DTE, BWA, DLR, TMUS, VRSK, ROP, ESS, APH, WMT, WST, AAPL, COO, ADBE, JBHT, LDOS, MU, MLM, EMN, KEYS, GILD, CHRW, PFG, AME, CHD, ALK, ILMN, DAL, NVR, BR, TTWO, FTV, UNH, DVA, BEN, DXCM, ABT, ZTS, IDXX, QRVO, MTD, SNPS, TRV, RTX, INTU, CLX, CDNS, VMC, NTRS, AMAT, INCY, CAG, BXP, WHR, CAT, BBY, MGM, AAP, APD, AIZ, FRT, ICE, HST, TJX, DHR, QCOM, SWK, HLT, XEL, EBAY, DIS, HSY, ALGN, DXC, CSCO, CTSH, RHI, AIV, PPG, AJG, CHTR, AMT, IPGP, EXPD, UNM, ZBRA, CNC, PNR, OXY, ULTA, HSIC, BF-B, IVZ, CVS, FTI, TGT, IRM, EQIX, LH, COF, EMR, DOV, ROST, CCI, RMD, PAYX, LYB, DE, TPR, CRM, WMB, CPB, SPG, ACN, GM, ADM, STE, UDR, YUM, A, DRI, MHK, ETR, J, GD, ECL, CMS, DLTR, MMM, CL, IFF, FCX, NRG, GPN, ED, NWSA, STX, NI, HD, NOC, UAL, TDY, ITW, AEE, CE, BDX, FANG, HIG, WEC, GPC, TDG, CB, SBAC, AKAM, OMC, NCLH, TFX, HII, FDX, IP, ES, AMD, MDLZ, TYL, MS, MCHP, LMT, ALLE, CCL, HON, AMP, KSS, JPM, ZION, F, ORCL, USB, SYK, TT, WY, GL, HPQ, WM, NWS, BAC, HBAN, MO, WAB, C, CNP, AFL, SBUX, FFIV, FITB, ZBH, BAX, APTV, AON, ADSK, RSG, PVH, VRSN, MSI, CDW, FIS, EIX, IBM, HWM, LVS, BSX, AEP, LUV, EXPE, NOV, MDT, LOW, EFX, HPE, SLB, EXC, AVY, COST, PRGO, JCI, IQV, FLS, LHX, XRAY, NTAP, AXP, WELL, L, NWL, OKE, XYL, DVN, AMCR, AIG, WDC, HRB, DD, MAR, HAL, VFC, WYNN, LYV","AAL, ABBV, ABC, ABMD, ADI, ADP, AES, ALXN, ANSS, ANTM, APA, ATVI, AVB, BA, BK, BLK, BLL, CARR, CERN, CFG, CMA, COG, COTY, CTL, CTVA, CTXS, CVX, CXO, DFS, DHI, DISCA, DISCK, DISH, DRE, EA, EL, EQR, ETFC, FB, FBHS, FE, FISV, FLIR, FLT, FRC, FTNT, GE, GIS, GLW, GOOGL, GPS, GRMN, GWW, HAS, HBI, HCA, HES, HFC, HOLX, HRL, HUM, IEX, INFO, IPG, ISRG, IT, JKHY, JNJ, JNPR, K, KEY, KMB, KO, KR, KSU, LB, LEG, LEN, LKQ, LLY, LNC, LW, MA, MCD, MCK, MCO, MET, MKC, MMC, MOS, MRK, MRO, MTB, MXIM, MYL, NBL, NKE, NLOK, NLSN, NUE, OTIS, PBCT, PCAR, PEAK, PEP, PFE, PG, PGR, PH, PHM, PKG, PKI, PNC, PNW, PRU, PSX, PXD, RCL, RE, REG, RF, RL, ROK, ROL, SCHW, SEE, SIVB, SLG, SNA, SO, SRE, STZ, SWKS, SYF, SYY, T, TAP, TEL, TFC, TIF, TMO, TSN, TWTR, TXN, TXT, UA, UAA, UHS, UPS, V, VAR, VIAC, VLO, VTR, VZ, WAT, WBA, WFC, WLTW, WRB, WRK, WU, XLNX, XOM, XRX"
2020-10-02,501,338,0.6746506986027944,338,338,"NEE, CMG, NVDA, AVGO, CTAS, MNST, ODFL, ANET, PEG, MPC, PPL, GOOG, BKR, URI, CPRT, FAST, AOS, AMZN, AAPL, ALB, LRCX, TSCO, RJF, PWR, KIM, CME, CSX, TER, MAA, NEM, CMCSA, CMI, KLAC, BWA, NSC, ORLY, VNO, PAYC, APH, NOW, SHW, CBRE, BIIB, BKNG, NFLX, REGN, COO, PM, EXR, SPGI, O, KMX, BRK-B, AZO, MTD, SJM, CI, COP, DG, DTE, IVZ, MGM, PLD, EMN, DUK, ALK, COF, ALGN, WHR, WMT, TROW, EOG, ADM, PFG, SWK, NWS, CAG, NWSA, LNT, DAL, DGX, AWK, PPG, DXC, KMI, PYPL, NVR, FTV, TGT, ATO, ETN, HST, CF, MSFT, UNP, AMGN, PNR, MSCI, GS, CTSH, ABT, PSA, MLM, BIO, LH, FMC, UNH, AAP, QCOM, NDAQ, CLX, CINF, CHD, ZTS, BEN, MHK, QRVO, MAS, KHC, INTC, UNM, HLT, BBY, WST, VMC, ALL, CHTR, ARE, ADBE, GM, SPG, RHI, CHRW, ESS, AME, LYB, BMY, CPB, RTX, INTU, CAT, D, CE, IDXX, LIN, NCLH, HSIC, STE, ROP, FITB, ETSY, EVRG, CDNS, DVA, ETR, UAL, DHR, DE, MKTX, APD, CNP, KEYS, DPZ, CRM, FRT, DIS, SNPS, EMR, DOV, AIZ, BXP, PVH, SYK, EW, TMUS, WY, OXY, ZBRA, IPGP, VRTX, RMD, TTWO, TT, A, AMAT, ULTA, MU, STT, FDX, IP, AJG, DXCM, CCL, EBAY, CBOE, TDG, ED, BF-B, FTI, AMD, GPC, ZBH, TJX, IRM, AIV, FCX, LW, ACN, DLTR, XEL, HPQ, DLR, ICE, NTRS, TRV, HSY, WMB, GD, HIG, AMP, YUM, APTV, LDOS, F, JBHT, WAB, PAYX, FANG, HBAN, GPN, HON, EXPD, JCI, ADP, HII, BSX, ROST, UDR, MDLZ, IQV, NRG, ZION, HWM, EQIX, MMM, TDY, INCY, MO, VRSK, CNC, MCHP, AEE, CDW, CL, ILMN, MSI, WELL, GILD, HD, NI, CVS, MS, ALLE, SLB, EXPE, MDT, CSCO, ORCL, NOC, USB, GL, IFF, SBUX, OMC, BAC, AMT, EIX, WEC, J, CMS, BDX, JPM, LUV, AFL, CCI, AON, C, LOW, DVN, SBAC, RSG, ITW, BR, WM, OKE, ES, LVS, ADSK, IBM, XYL, FLS, NOV, HPE, COST, AEP, HAL, LMT, AIG, FFIV, EXC, ECL, AXP, CB, FIS, NTAP, VRSN, TYL, XRAY, TFX, MAR, BAX, AKAM, NWL, AVY, DRI, CAH, DD, STX, VFC, L, AMCR, LHX, WDC, WYNN, EFX, TPR, LYV, PRGO","AAL, ABBV, ABC, ABMD, ADI, AES, ALXN, ANSS, ANTM, APA, ATVI, AVB, BA, BK, BLK, BLL, CARR, CERN, CFG, CMA, COG, CTLT, CTVA, CTXS, CVX, CXO, DFS, DHI, DISCA, DISCK, DISH, DRE, EA, EL, EQR, ETFC, FB, FBHS, FE, FISV, FLIR, FLT, FRC, FTNT, GE, GIS, GLW, GOOGL, GPS, GRMN, GWW, HAS, HBI, HCA, HES, HFC, HOLX, HRL, HUM, IEX, INFO, IPG, ISRG, IT, JKHY, JNJ, JNPR, K, KEY, KMB, KO, KR, KSU, LB, LEG, LEN, LKQ, LLY, LNC, LUMN, MA, MCD, MCK, MCO, MET, MKC, MMC, MOS, MRK, MRO, MTB, MXIM, MYL, NBL, NKE, NLOK, NLSN, NUE, OTIS, PBCT, PCAR, PEAK, PEP, PFE, PG, PGR, PH, PHM, PKG, PKI, PNC, PNW, PRU, PSX, PXD, RCL, RE, REG, RF, RL, ROK, ROL, SCHW, SEE, SIVB, SLG, SNA, SO, SRE, STZ, SWKS, SYF, SYY, T, TAP, TEL, TFC, TIF, TMO, TSN, TWTR, TXN, TXT, UA, UAA, UHS, UPS, V, VAR, VIAC, VLO, VTR, VZ, WAT, WBA, WFC, WLTW, WRB, WRK, WU, XLNX, XOM, XRX"
2021-01-02,501,341,0.6806387225548902,341,341,"ANET, NEE, AVGO, CMG, BKR, PEG, MNST, NVDA, LRCX, MPC, GOOG, CTAS, CSX, URI, KIM, CPRT, BKNG, CBRE, DAL, KLAC, PPL, IVZ, PM, CMCSA, CME, PWR, CF, ALK, HPQ, RJF, ODFL, EXR, MGM, NSC, CI, DXC, VNO, FAST, MAA, AMZN, ALB, HST, NEM, PAYC, CINF, UNM, APH, BRK-B, AOS, SPG, DUK, TSCO, MLM, COF, MTD, EMN, SJM, EOG, GM, CTSH, CMI, MHK, NCLH, BIIB, DTE, AMAT, DVA, KEYS, NOW, ETN, FTI, GS, NWS, ALGN, LYB, HLT, PSA, ZBRA, NWSA, ALL, AME, WMT, CAT, EW, ULTA, AZO, AWK, QCOM, INTC, MSCI, ADM, RTX, SYK, DE, PFG, WHR, BXP, PVH, REGN, PNR, NRG, O, OXY, COP, ORLY, DG, IDXX, UAL, EMR, TTWO, HSIC, RMD, LNT, HWM, TROW, CE, FTV, TGT, ESS, VMC, SHW, FRT, ARE, ABT, QRVO, BIO, LH, HON, CCL, PLD, FANG, BMY, NFLX, IP, SNPS, COST, PPG, UNP, HSY, HBAN, DGX, CDNS, STE, PYPL, AIZ, TRV, KHC, HIG, NDAQ, CNP, CPB, J, EVRG, MU, CAG, BWA, CHTR, ZTS, IRM, KMX, AAPL, FITB, ETSY, UNH, COO, TJX, NVR, RHI, SWK, ZION, INTU, ATO, DLTR, BEN, ROP, IPGP, TT, ROST, WST, ADI, MSFT, NTAP, ZBH, FMC, DOV, WY, EXPE, POOL, EIX, ADP, F, LIN, TER, ACN, LW, DHR, MKTX, CHRW, TMUS, PAYX, TDG, AJG, APTV, FDX, KMI, CLX, LUV, STT, EXC, ETR, A, CBOE, CVS, MDT, AMGN, TDY, AAP, VRSK, USB, AMD, OMC, NTRS, YUM, MSI, WAB, SPGI, ED, IQV, GD, WELL, JPM, XYL, HII, MCHP, NI, CSCO, DVN, D, DLR, FLS, DPZ, BF-B, GILD, ADBE, LDOS, CHD, ICE, AFL, CL, NOV, C, VRTX, GPC, UDR, MDLZ, AMP, EXPD, MS, OKE, MO, BBY, NOC, EBAY, ALLE, DIS, ILMN, AEE, BSX, GPN, LVS, XEL, GL, JBHT, MMM, CB, BAC, BDX, APD, IFF, MAR, MAS, SLB, STX, L, INCY, TPR, DXCM, HD, ORCL, FFIV, HPE, CDW, WMB, FCX, BR, CNC, WDC, AIG, CAH, RSG, AVY, HAL, IBM, BAX, CRM, CMS, TFX, XRAY, NWL, WM, DD, ADSK, AMT, TYL, DRI, ECL, WYNN, ES, TSLA, LMT, ROK, JCI, WEC, EQIX, AKAM, CCI, VRSN, AXP, VFC, LOW, ITW, LYV, SBUX, AEP, SBAC, LHX, AON, EFX, FIS, PRGO, AMCR","AAL, ABBV, ABC, ABMD, AES, ALXN, ANSS, ANTM, APA, ATVI, AVB, BA, BK, BLK, BLL, CARR, CERN, CFG, CMA, COG, CTLT, CTVA, CTXS, CVX, CXO, DFS, DHI, DISCA, DISCK, DISH, DRE, EA, EL, EQR, FB, FBHS, FE, FISV, FLIR, FLT, FRC, FTNT, GE, GIS, GLW, GOOGL, GPS, GRMN, GWW, HAS, HBI, HCA, HES, HFC, HOLX, HRL, HUM, IEX, INFO, IPG, ISRG, IT, JKHY, JNJ, JNPR, K, KEY, KMB, KO, KR, KSU, LB, LEG, LEN, LKQ, LLY, LNC, LUMN, MA, MCD, MCK, MCO, MET, MKC, MMC, MOS, MRK, MRO, MTB, MXIM, NKE, NLOK, NLSN, NUE, OTIS, PBCT, PCAR, PEAK, PEP, PFE, PG, PGR, PH, PHM, PKG, PKI, PNC, PNW, PRU, PSX, PXD, RCL, RE, REG, RF, RL, ROL, SCHW, SEE, SIVB, SLG, SNA, SO, SRE, STZ, SWKS, SYF, SYY, T, TAP, TEL, TFC, TIF, TMO, TSN, TWTR, TXN, TXT, UA, UAA, UHS, UPS, V, VAR, VIAC, VLO, VNT, VTR, VTRS, VZ, WAT, WBA, WFC, WLTW, WRB, WRK, WU, XLNX, XOM, XRX"
2021-04-02,501,342,0.6826347305389222,342,342,"GOOG, ANET, LRCX, AVGO, DTE, CI, KIM, FTNT, LH, PPL, KLAC, GM, ODFL, DGX, DXC, HPQ, AOS, TSCO, SPG, MOS, CTAS, NVDA, MNST, CSX, CME, HII, PEG, CBRE, RJF, UNM, PWR, URI, TGT, MLM, MHK, ESS, CMG, ARE, SWK, AZO, HCA, IVZ, NWS, EMR, INTC, VNO, FAST, DLTR, EXR, BXP, CMCSA, MO, OXY, NWSA, HIG, F, PNR, NFLX, KMX, ADM, APH, AMZN, CF, LKQ, CVS, ZION, ORLY, EVRG, APTV, SJM, CNP, ATO, PM, GRMN, ENPH, NEM, KEYS, GNRC, TER, WY, DG, WHR, PFG, ETSY, AMAT, CINF, ALL, EOG, REGN, BRK-B, NDAQ, FCX, ADP, ALGN, PVH, OKE, BMY, NSC, VMC, CPRT, CE, COF, IRM, CNC, TROW, MMM, ZBRA, EXC, AAP, WAB, LNT, DOV, DE, LYB, J, BBY, UNH, GD, EMN, MTD, AME, AFL, SYK, ADI, LOW, TRV, DHR, OMC, HST, EXPD, NRG, IDXX, WST, ABBV, HSIC, PLD, RHI, BEN, O, WU, FMC, SHW, PSA, ETN, MPWR, BWA, EBAY, MU, AVY, CDW, QRVO, CPB, CSCO, WMB, TPR, CAG, GPC, COO, NOC, TRMB, ALB, CMI, JBHT, WELL, LIN, PPG, BIIB, PAYX, ACN, NTAP, BIO, C, HPE, ETR, VRTX, USB, FITB, MSFT, LW, CZR, DVA, FRT, DXCM, NEE, STT, AWK, NCLH, WMT, BKNG, CAH, A, AIZ, RMD, STE, PYPL, CBOE, L, MCHP, WDC, NVR, KHC, UAL, ABT, TDG, KMI, RTX, PAYC, JPM, NOV, CDNS, MDT, TDY, LHX, CTSH, TSLA, DRI, MSI, MAA, MAS, YUM, LDOS, ALK, MS, ES, STX, GL, FFIV, IQV, HWM, CHD, HSY, AMGN, SLB, DPZ, POOL, NOW, UNP, NWL, ADSK, NTRS, EIX, ALLE, IFF, SNPS, HBAN, INTU, MSCI, ED, IP, QCOM, CAT, MGM, COST, MKTX, ULTA, DUK, KMB, LUV, CB, JCI, FDX, TMUS, CHTR, UDR, AAPL, FTV, HD, DIS, SPGI, DLR, AMP, AJG, AMD, NI, CLX, AEE, EFX, ZBH, AEP, BAC, TTWO, BDX, CHRW, CL, DVN, HON, ORCL, APD, VRSK, AKAM, BAX, ADBE, PENN, MDLZ, RSG, ZTS, XRAY, EW, ROP, ROK, LMT, BR, TJX, ICE, TFX, AON, ILMN, IBM, CRM, BF-B, WM, TT, D, EXPE, TYL, MAR, IPGP, WEC, CMS, AMT, SBUX, XEL, HAL, GILD, CCI, GPN, NXPI, VRSN, XYL, ROST, VFC, PRGO, ITW, FIS, CCL, BSX, ECL, AXP, EQIX, DAL, SBAC, AMCR","AAL, ABC, ABMD, AES, AIG, ALXN, ANSS, ANTM, APA, ATVI, AVB, BA, BK, BKR, BLK, BLL, CARR, CERN, CFG, CMA, COG, COP, CTLT, CTVA, CTXS, CVX, DD, DFS, DHI, DISCA, DISCK, DISH, DRE, EA, EL, EQR, FANG, FB, FBHS, FE, FISV, FLIR, FLT, FRC, GE, GIS, GLW, GOOGL, GPS, GS, GWW, HAS, HBI, HES, HFC, HLT, HOLX, HRL, HUM, IEX, INCY, INFO, IPG, ISRG, IT, JKHY, JNJ, JNPR, K, KEY, KO, KR, KSU, LB, LEG, LEN, LLY, LNC, LUMN, LVS, LYV, MA, MCD, MCK, MCO, MET, MKC, MMC, MPC, MRK, MRO, MTB, MXIM, NKE, NLOK, NLSN, NUE, OTIS, PBCT, PCAR, PEAK, PEP, PFE, PG, PGR, PH, PHM, PKG, PKI, PNC, PNW, PRU, PSX, PXD, RCL, RE, REG, RF, RL, ROL, SCHW, SEE, SIVB, SNA, SO, SRE, STZ, SWKS, SYF, SYY, T, TAP, TEL, TFC, TMO, TSN, TWTR, TXN, TXT, UA, UAA, UHS, UPS, V, VAR, VIAC, VLO, VTR, VTRS, VZ, WAT, WBA, WFC, WLTW, WRB, WRK, WYNN, XLNX, XOM"
2021-07-02,501,344,0.6866267465069861,344,344,"GOOG, ANET, NVDA, FTNT, LRCX, KIM, TSCO, ODFL, DTE, AOS, ORLY, GM, EXR, AZO, PPL, AVGO, LH, SPG, CTAS, CME, HII, HPQ, MLM, CINF, MOS, RJF, CI, CMG, REGN, NDAQ, F, DGX, PEG, CBRE, URI, PM, OXY, BIIB, CF, TGT, LKQ, SJM, UNM, ESS, MHK, KLAC, VNO, BXP, PWR, CSX, EMR, AMZN, MNST, SWK, IVZ, PNR, NEM, CPRT, HCA, BRK-B, CNC, DG, ALL, ATO, TROW, GRMN, EVRG, EXPD, CMCSA, FAST, APTV, NFLX, NWS, ARE, CVS, NWSA, WST, AMAT, INTC, GNRC, IRM, ADM, CNP, NOC, MO, EOG, CRL, PSA, KEYS, AAP, LNT, DXC, KMX, DHR, DOV, QRVO, WHR, VMC, MSI, GD, EBAY, MMM, FCX, APH, DPZ, HIG, MSFT, CBOE, INTU, BMY, ADP, ZBRA, POOL, PFG, OKE, GPC, RHI, COF, IDXX, ZION, MTD, J, NRG, AVY, WMB, BBY, CDW, ETN, RTX, DXCM, RMD, NSC, ENPH, DE, PAYX, OMC, CSCO, LOW, NVR, ETR, BIO, BEN, CE, ADI, EXC, WELL, AFL, ACN, VRTX, MSCI, PVH, BWA, ALGN, LIN, PLD, WAB, AME, PPG, STX, HSIC, HSY, UNH, KMI, WMT, LHX, CPB, DLTR, AIZ, COST, CAG, AWK, WY, ALB, TRMB, NTAP, TPR, ETSY, MAA, FMC, EFX, ORCL, EMN, HPE, TRV, ADBE, TER, CZR, O, SYK, CHTR, STE, NTRS, COO, PYPL, IP, USB, YUM, ZTS, AMD, FRT, SPGI, FITB, ALLE, SLB, ED, WU, A, CCL, L, NI, JBHT, EW, CMI, MS, LYB, TTWO, KMB, IQV, SHW, WDC, MPWR, HD, ULTA, DUK, LW, TDY, LDOS, KHC, ABBV, RSG, DRI, JPM, APD, DVA, CHD, UNP, IFF, JCI, SNPS, GL, MCHP, STT, TMUS, NOV, TDG, AKAM, ILMN, ROP, MDLZ, HST, MGM, AEE, NWL, AMGN, UDR, ABT, WM, MAS, NOW, NEE, HWM, ES, CLX, FDX, BAC, AAPL, MDT, DLR, PTC, AEP, CHRW, CTSH, DVN, AJG, LMT, UAL, QCOM, NCLH, C, AMP, TT, CDNS, VRSK, FTV, BF-B, CRM, BKNG, MKTX, PAYC, BDX, CB, IBM, ADSK, MU, CAT, ROK, CL, AMT, ICE, D, XYL, CCI, EIX, AON, HBAN, XEL, CAH, GILD, XRAY, HON, BAX, BR, CMS, BSX, ALK, TYL, TJX, VRSN, FFIV, TSLA, WEC, LUV, AXP, SBUX, DIS, PRGO, TFX, FIS, HAL, ZBH, PENN, EXPE, NXPI, ITW, ROST, GPN, EQIX, IPGP, SBAC, MAR, ECL, VFC, AMCR, DAL","AAL, ABC, ABMD, AES, AIG, ALXN, ANSS, ANTM, APA, ATVI, AVB, BA, BK, BKR, BLK, BLL, CARR, CERN, CFG, CMA, COG, COP, CTLT, CTVA, CTXS, CVX, DD, DFS, DHI, DISCA, DISCK, DISH, DRE, EA, EL, EQR, FANG, FB, FBHS, FE, FISV, FLT, FRC, GE, GIS, GLW, GOOGL, GPS, GS, GWW, HAS, HBI, HES, HLT, HOLX, HRL, HUM, IEX, INCY, INFO, IPG, ISRG, IT, JKHY, JNJ, JNPR, K, KEY, KO, KR, KSU, LB, LEG, LEN, LLY, LNC, LUMN, LVS, LYV, MA, MCD, MCK, MCO, MET, MKC, MMC, MPC, MRK, MRO, MTB, MXIM, NKE, NLOK, NLSN, NUE, OGN, OTIS, PBCT, PCAR, PEAK, PEP, PFE, PG, PGR, PH, PHM, PKG, PKI, PNC, PNW, PRU, PSX, PXD, RCL, RE, REG, RF, RL, ROL, SCHW, SEE, SIVB, SNA, SO, SRE, STZ, SWKS, SYF, SYY, T, TAP, TEL, TFC, TMO, TSN, TWTR, TXN, TXT, UA, UAA, UHS, UPS, V, VIAC, VLO, VTR, VTRS, VZ, WAT, WBA, WFC, WLTW, WRB, WRK, WYNN, XLNX, XOM"
2021-10-02,501,345,0.688622754491018,345,345,"ANET, GOOG, NVDA, FTNT, CMG, TSCO, CPRT, ODFL, ORLY, CTAS, AZO, TECH, PPL, AVGO, DGX, DTE, LRCX, KIM, ESS, BBWI, CBRE, NFLX, EXR, NDAQ, MLM, FAST, CF, MOS, REGN, HII, SPG, GRMN, KLAC, AMZN, RJF, KEYS, LH, PM, ARE, CME, MSFT, OXY, PNR, APH, DG, EVRG, PWR, TGT, MNST, PEG, CBOE, ALL, BXP, CI, NOC, F, CINF, EMR, DXCM, WST, ADP, LKQ, HCA, GD, WAB, ATO, NEM, CMCSA, MPWR, CVS, URI, BIO, ZION, AWK, VNO, BRK-B, PAYC, MSCI, DOV, GNRC, LIN, DHR, NWS, AOS, SJM, CNP, DPZ, VMC, AAP, HPQ, TROW, HIG, EOG, LNT, INTC, RTX, MSI, EXC, WMB, CRL, COST, TPR, GM, RHI, ACN, CAG, COF, RMD, CSCO, LOW, OKE, IRM, INTU, CNC, PSA, EBAY, YUM, EFX, NOW, PFG, MMM, APTV, MAA, ETR, LHX, HSIC, MO, J, PLD, NRG, AIZ, BMY, ADM, WMT, VRTX, ADI, SWK, ALGN, EXPD, BRO, DLTR, POOL, NEE, PAYX, CDW, IDXX, ORCL, DRI, AMD, MHK, BIIB, ALB, AVY, VRSK, KMX, CSX, ETN, TRV, HSY, CPB, MTD, SHW, NTAP, SPGI, LDOS, SNPS, FMC, DXC, AFL, RSG, FDX, NWSA, BBY, IVZ, ETSY, O, USB, CE, AME, KMB, SYK, TDG, AJG, AMAT, ADBE, CHTR, FRT, NSC, ZTS, GPC, AON, CZR, BKNG, WY, CDNS, MS, OMC, UDR, PVH, HD, ENPH, KMI, CRM, ZBRA, ALLE, ABBV, CHD, ULTA, ED, WHR, JBHT, QRVO, MCHP, NI, EW, FITB, STT, WM, BEN, CB, CCL, STX, DVA, ROP, JPM, TDY, WELL, LYB, COO, UNH, AAPL, L, CMI, TER, GL, ES, FTV, DE, CTSH, WU, ROK, IBM, TRMB, NVR, APD, A, FCX, NTRS, IP, TTWO, HPE, DLR, TSLA, BWA, UNP, PPG, MAS, STE, AKAM, BDX, ABT, EMN, LMT, MDT, DUK, AEE, ADSK, DVN, D, IQV, FFIV, CHRW, SLB, JCI, C, AMGN, PYPL, BF-B, IFF, CMS, MDLZ, EIX, TYL, AMP, QCOM, MKTX, AEP, MGM, CL, LW, TJX, ICE, BR, HON, BAC, BAX, HST, HWM, CAH, TMUS, AMT, NCLH, XYL, MTCH, WDC, VRSN, KHC, ILMN, MU, GILD, UAL, WEC, XEL, TFX, LUV, SBUX, BSX, MAR, ALK, FIS, DIS, SBAC, AXP, AMCR, CAT, ECL, CCI, PTC, TT, NWL, XRAY, GPN, HBAN, EQIX, ZBH, ITW, HAL, EXPE, IPGP, ROST, CLX, PENN, VFC, NXPI, DAL","AAL, ABC, ABMD, AES, AIG, ANSS, ANTM, APA, ATVI, AVB, BA, BK, BKR, BLK, BLL, CARR, CDAY, CERN, CFG, CMA, COG, COP, CTLT, CTVA, CTXS, CVX, DD, DFS, DHI, DISCA, DISCK, DISH, DRE, EA, EL, EQR, FANG, FB, FBHS, FE, FISV, FLT, FRC, GE, GIS, GLW, GOOGL, GPS, GS, GWW, HAS, HBI, HES, HLT, HOLX, HRL, HUM, IEX, INCY, INFO, IPG, ISRG, IT, JKHY, JNJ, JNPR, K, KEY, KO, KR, KSU, LEG, LEN, LLY, LNC, LUMN, LVS, LYV, MA, MCD, MCK, MCO, MET, MKC, MMC, MPC, MRK, MRNA, MRO, MTB, NKE, NLOK, NLSN, NUE, OGN, OTIS, PBCT, PCAR, PEAK, PEP, PFE, PG, PGR, PH, PHM, PKG, PKI, PNC, PNW, PRU, PSX, PXD, RCL, RE, REG, RF, RL, ROL, SCHW, SEE, SIVB, SNA, SO, SRE, STZ, SWKS, SYF, SYY, T, TAP, TEL, TFC, TMO, TSN, TWTR, TXN, TXT, UA, UAA, UHS, UPS, V, VIAC, VLO, VTR, VTRS, VZ, WAT, WBA, WFC, WLTW, WRB, WRK, WYNN, XLNX, XOM"
2022-01-02,501,348,0.6946107784431138,348,348,"ANET, GOOG, AVGO, NVDA, AZO, TSCO, DGX, CTAS, CME, ORLY, FAST, AOS, ODFL, FTNT, LRCX, KLAC, ATO, CPRT, EXR, MLM, PPL, NFLX, RJF, ARE, TECH, HPQ, REGN, CMG, NDAQ, CF, SPG, KEYS, DLTR, MOS, CBRE, NEM, LH, CI, CVS, BBWI, CNC, LOW, DTE, KIM, CBOE, MSFT, BEN, ESS, PLD, AMZN, VMC, F, ADP, VRTX, PWR, DG, DPZ, SJM, PEG, PFG, AMAT, NOC, BRO, APH, EVRG, WST, LKQ, LIN, COO, QCOM, BRK-B, EOG, PSA, MNST, HII, EPAM, COST, ED, AWK, DXCM, AAP, CSX, WAB, DE, ACN, DOV, NSC, EXC, SPGI, GD, MAS, CAG, NWS, CHD, ETR, IRM, SNPS, POOL, WMB, HCA, BXP, ALL, VRSK, GM, HIG, AMD, TTWO, HD, FDS, FMC, NEE, SHW, ZION, AAPL, DHR, CINF, WY, PNR, VNO, INTC, MO, TER, YUM, OXY, SWK, WHR, LNT, BMY, TPR, JBHT, BIO, PAYX, AFL, MTD, NVR, ABBV, NWSA, CPB, AJG, APD, RHI, RSG, UNP, CMCSA, ZTS, MAA, AME, CNP, URI, EXPD, CHRW, MMM, CSCO, UNH, FDX, ES, GRMN, MSCI, INTU, EFX, EMR, OKE, BBY, ROK, O, DLR, GPC, ABT, MSI, TRV, CE, ICE, AON, PM, TGT, ETN, ADM, CDNS, TROW, BDX, KMB, MPWR, OMC, CB, EIX, AIZ, KMX, STX, EBAY, LHX, HSY, ALB, MHK, WMT, FCX, HPE, STT, J, NOW, CTSH, KMI, APTV, A, CDW, PPG, BIIB, ETSY, NI, WM, HSIC, SWKS, CHTR, FRT, LDOS, STE, FTV, RTX, GL, MU, L, EMN, EW, CMI, IVZ, QRVO, ULTA, FITB, TSLA, CRL, NTRS, SYK, DRI, RMD, IDXX, AMP, TJX, JCI, BKNG, UDR, BWA, FFIV, NRG, BF-B, AMGN, ALGN, AVY, PAYC, GNRC, ZBRA, MDLZ, ENPH, COF, LMT, ALLE, BAX, DVN, CMS, LYB, SBUX, MKTX, AMT, AEE, IQV, PVH, MCHP, D, ORCL, ROP, AKAM, ADBE, ADI, LW, BR, MS, TYL, BAC, WELL, WEC, USB, CL, IFF, JPM, DXC, NTAP, GILD, CAH, AEP, DVA, CCI, TDY, CRM, PTC, SBAC, ADSK, VRSN, IBM, SLB, TRMB, C, DUK, ITW, PYPL, HST, TMUS, ECL, FIS, CCL, XEL, MDT, HON, IP, WDC, TFX, TT, CAT, GPN, CZR, MGM, TDG, MAR, HBAN, NCLH, ILMN, LUV, HWM, KHC, SEDG, NWL, BSX, AMCR, UAL, CLX, EQIX, XYL, ALK, XRAY, HAL, IPGP, ZBH, ROST, EXPE, PENN, MTCH, DIS, AXP, VFC, NXPI, DAL","AAL, ABC, ABMD, AES, AIG, ANSS, ANTM, APA, ATVI, AVB, BA, BK, BKR, BLK, BLL, CARR, CDAY, CERN, CFG, CMA, COP, CTLT, CTRA, CTVA, CTXS, CVX, DD, DFS, DHI, DISCA, DISCK, DISH, DRE, EA, EL, EQR, FANG, FB, FBHS, FE, FISV, FLT, FRC, GE, GIS, GLW, GOOGL, GPS, GS, GWW, HAS, HES, HLT, HOLX, HRL, HUM, IEX, INCY, INFO, IPG, ISRG, IT, JKHY, JNJ, JNPR, K, KEY, KO, KR, LEN, LLY, LNC, LUMN, LVS, LYV, MA, MCD, MCK, MCO, MET, MKC, MMC, MPC, MRK, MRNA, MRO, MTB, NKE, NLOK, NLSN, NUE, OGN, OTIS, PBCT, PCAR, PEAK, PEP, PFE, PG, PGR, PH, PHM, PKG, PKI, PNC, PNW, PRU, PSX, PXD, RCL, RE, REG, RF, RL, ROL, SBNY, SCHW, SEE, SIVB, SNA, SO, SRE, STZ, SYF, SYY, T, TAP, TEL, TFC, TMO, TSN, TWTR, TXN, TXT, UA, UAA, UHS, UPS, V, VIAC, VLO, VTR, VTRS, VZ, WAT, WBA, WFC, WLTW, WRB, WRK, WYNN, XLNX, XOM"
2022-04-02,500,365,0.73,365,365,"ORLY, ANET, GOOG, AVGO, REGN, NVDA, CINF, CMG, AZO, CTAS, CF, MOS, TSCO, ADM, ATO, CI, EXR, RTX, LHX, BRK-B, AMZN, FTNT, BMY, FANG, PLD, FAST, HPQ, NOC, CME, TER, CNP, MET, ODFL, VRTX, AIG, LYB, AOS, OXY, CB, ABBV, DGX, LOW, EVRG, FCX, MSFT, EOG, KLAC, KIM, LDOS, CPRT, CNC, WY, D, APH, FMC, LIN, LRCX, BRO, AAPL, ED, PM, DE, CVS, SJM, NFLX, DLTR, PSA, GD, NI, COO, DVN, LH, MPC, BXP, F, HSIC, NEM, CAG, UNP, NSC, CTSH, RJF, TRV, WAB, YUM, CHRW, COP, CPB, ICE, CHD, LUMN, QCOM, JBHT, LMT, IVZ, ADP, SNPS, O, ETR, AIZ, ZION, BKNG, URI, DHR, CSX, HPE, HSY, ARE, MGM, PWR, OMC, INCY, EBAY, WST, EW, AKAM, MNST, AMD, TDY, PNR, TPR, ESS, DG, MOH, FDX, BDX, CVX, ULTA, PAYX, KEYS, CDNS, COST, DOV, CMCSA, PHM, VNO, AMAT, DUK, TECH, AFL, EXC, CBRE, AME, EXPD, HII, EMR, TSLA, GPC, RHI, RSG, HD, ACN, FE, CSCO, NDAQ, BBWI, IRM, MSI, WTW, MMM, AJG, CFG, MLM, OTIS, MPWR, CMS, BEN, VRSK, CE, FDS, AAP, LNT, FTV, ABT, WHR, UNH, POOL, BIO, MAA, NVR, WM, TMUS, ROP, PFG, TGT, GILD, SPGI, CHTR, TTWO, SPG, MO, INTC, EMN, GM, NDSN, ENPH, WMT, BBY, PENN, HIG, EIX, MHK, GL, FRT, AMGN, ALK, VMC, BWA, DPZ, NWS, KHC, VRSN, WMB, DTE, ADI, PPL, PVH, AON, NOW, J, EFX, AEP, COF, DLR, NWSA, TROW, SWKS, ROL, CBOE, IP, MU, GRMN, L, BF-B, IFF, NRG, ALL, QRVO, LKQ, INTU, TFX, CAH, HLT, TJX, UDR, C, AWK, STE, STX, WELL, MAR, MTD, DXCM, SWK, ES, ETN, XEL, LW, APD, MSCI, USB, CMI, ORCL, IBM, NTRS, EXPE, AVY, DVA, BSX, AXP, AEE, MAS, SEDG, HST, ZTS, GNRC, ZBRA, CZR, IDXX, XRAY, IPGP, HAL, ADBE, SBAC, DRI, MDLZ, SYK, KMX, ROK, FITB, KMI, ALLE, FFIV, PPG, RMD, CAT, EPAM, KMB, CDW, HBAN, PAYC, NWL, DXC, STT, HWM, TDG, MCHP, ALB, CCI, PTC, TRMB, IQV, NTAP, ROST, FIS, CRL, SBUX, ALGN, CARR, PEG, AMT, MKTX, CLX, BIIB, AMP, HON, WEC, ETSY, CL, BAC, MDT, BR, TT, BAX, CRM, PYPL, OKE, SHW, LUV, GPN, A, JPM, TYL, SLB, CCL, WDC, AMCR, NEE, JCI, MTCH, ITW, ZBH, MS, APTV, ADSK, XYL, ECL, ILMN, NCLH, UAL, NXPI, DIS, EQIX, DAL, VFC","AAL, ABC, ABMD, AES, ANSS, ANTM, APA, ATVI, AVB, BA, BK, BKR, BLK, BLL, CDAY, CERN, CMA, CTLT, CTRA, CTVA, CTXS, DD, DFS, DHI, DISCA, DISCK, DISH, DRE, EA, EL, EQR, FB, FBHS, FISV, FLT, FRC, GE, GIS, GLW, GOOGL, GS, GWW, HAS, HCA, HES, HOLX, HRL, HUM, IEX, IPG, ISRG, IT, JKHY, JNJ, JNPR, K, KEY, KO, KR, LEN, LLY, LNC, LVS, LYV, MA, MCD, MCK, MCO, MKC, MMC, MRK, MRNA, MRO, MTB, NKE, NLOK, NLSN, NUE, OGN, PARA, PBCT, PCAR, PEAK, PEP, PFE, PG, PGR, PH, PKG, PKI, PNC, PNW, PRU, PSX, PXD, RCL, RE, REG, RF, RL, SBNY, SCHW, SEE, SIVB, SNA, SO, SRE, STZ, SYF, SYY, T, TAP, TEL, TFC, TMO, TSN, TWTR, TXN, TXT, UA, UAA, UHS, UPS, V, VLO, VTR, VTRS, VZ, WAT, WBA, WFC, WRB, WRK, WYNN, XOM"
2022-07-02,498,369,0.7409638554216867,369,369,"ORLY, GOOG, REGN, AVGO, CMG, CINF, ANET, VICI, CI, AZO, CF, MOS, CTAS, RTX, ATO, LHX, HPQ, WY, DGX, MET, BMY, PM, FTNT, TSCO, CNP, LYB, ADM, MPC, EVRG, ODFL, O, CME, NOC, CAG, EXR, CPB, BRK-B, LDOS, KLAC, CMCSA, VRTX, OXY, FAST, APH, CB, MNST, ELV, EOG, LUMN, NVDA, ABBV, DG, LOW, LH, D, AIG, ED, YUM, CPRT, MSFT, NFLX, AMZN, AOS, PHM, LRCX, FANG, DLTR, FDX, CHRW, LIN, FMC, HII, TRV, WAB, KIM, CNC, NI, CVS, SNPS, AAPL, GD, DVN, NSC, HSY, NEM, GILD, HSIC, TPR, KDP, HPE, CDNS, KMX, DE, COP, EXPD, AIZ, HD, PLD, INCY, BDX, TDY, JBHT, ULTA, CTSH, ADP, LMT, PNR, DUK, DPZ, WTW, NOW, ROL, OTIS, KEYS, UNP, QCOM, RJF, ZION, TECH, GPC, PWR, EBAY, MMM, BRO, COO, PSA, CHTR, EMR, GRMN, CMS, OMC, FCX, AMGN, DHR, WHR, ETR, INTC, BKNG, CBRE, GL, EXC, NVR, NDAQ, MHK, ADI, IVZ, MSI, CVX, FTV, AFL, DLR, ABT, CSX, PTC, ON, HIG, MPWR, RSG, BF-B, BBWI, TER, BIO, BEN, WM, IRM, LKQ, TJX, LW, CBOE, CHD, PENN, AME, AJG, CMI, URI, AEP, AKAM, CFG, LNT, MOH, TMUS, KHC, J, WMB, NDSN, ROP, BWA, AMAT, CPT, CE, BBY, PFG, AMT, CSCO, MGM, FDS, PAYX, IBM, SWKS, DTE, APD, GM, IP, BXP, PPL, KMB, ACN, DOV, IFF, QRVO, ESS, SJM, C, ALK, ALL, DXC, NWSA, COF, ARE, AAP, TROW, PVH, VRSK, VNO, ENPH, ES, WST, DRI, USB, XEL, ICE, MCHP, TGT, MAA, AVY, SPGI, NRG, UNH, POOL, EW, TFX, CAH, L, MAS, EMN, CDW, NWS, SBAC, AON, F, SPG, MLM, SWK, NWL, VMC, CCI, FIS, WMT, WEC, SBUX, XRAY, BIIB, CZR, ALLE, ALGN, AMD, FRT, AWK, COST, MDT, RHI, AMCR, HBAN, ADBE, WELL, EFX, PAYC, ETN, ZBRA, INTU, AEE, MDLZ, VRSN, TRMB, CL, HON, GPN, GNRC, MAR, PPG, MO, HST, TSLA, NTRS, FITB, ROST, MU, NTAP, STE, EIX, KMI, MTD, SEDG, ALB, UDR, TTWO, BR, MSCI, ETSY, ZTS, BSX, CAT, CLX, LUV, RMD, HWM, MKTX, CRL, VFC, FFIV, EPAM, HLT, WDC, STX, DVA, CRM, JPM, AXP, CARR, FE, SYK, BALL, PYPL, IDXX, ZBH, TDG, HAL, SHW, A, BAX, STT, ROK, DXCM, IQV, TT, PEG, BAC, OKE, ADSK, NEE, AMP, MS, CCL, ITW, MTCH, APTV, SLB, ECL, TYL, XYL, EQIX, DIS, NCLH, UAL, JCI, NXPI, EXPE, ILMN, DAL","AAL, ABC, ABMD, AES, ANSS, APA, ATVI, AVB, BA, BK, BKR, BLK, CDAY, CMA, CTLT, CTRA, CTVA, CTXS, DD, DFS, DHI, DISH, DRE, EA, EL, EQR, FBHS, FISV, FLT, FRC, GE, GIS, GLW, GOOGL, GS, GWW, HAS, HCA, HES, HOLX, HRL, HUM, IEX, IPG, ISRG, IT, JKHY, JNJ, JNPR, K, KEY, KO, KR, LEN, LLY, LNC, LVS, LYV, MA, MCD, MCK, MCO, META, MKC, MMC, MRK, MRNA, MRO, MTB, NKE, NLOK, NLSN, NUE, OGN, ORCL, PARA, PCAR, PEAK, PEP, PFE, PG, PGR, PH, PKG, PKI, PNC, PNW, PRU, PSX, PXD, RCL, RE, REG, RF, RL, SBNY, SCHW, SEE, SIVB, SNA, SO, SRE, STZ, SYF, SYY, T, TAP, TEL, TFC, TMO, TSN, TWTR, TXN, TXT, UHS, UPS, V, VLO, VTR, VTRS, VZ, WAT, WBA, WBD, WFC, WRB, WRK, WYNN, XOM"
2022-10-02,498,369,0.7409638554216867,369,369,"ORLY, ANET, CMG, REGN, CPRT, CI, CTAS, MPC, AZO, AVGO, VICI, MNST, DGX, CF, EXR, MET, EVRG, CNP, LOW, ADM, FANG, ATO, KLAC, APH, LRCX, NFLX, WY, MOS, TSCO, OXY, ODFL, NOC, DG, LHX, CINF, BMY, PM, RTX, EOG, O, KEYS, VRTX, LYB, BRK-B, LH, NVDA, ELV, AOS, KIM, FAST, PHM, GILD, GOOG, MSFT, ADP, CME, KDP, HII, LIN, OMC, CB, FTV, YUM, ED, HPQ, NDAQ, CPB, NRG, FMC, LDOS, DRI, HD, RJF, EXPD, NWS, CVS, SNPS, CHRW, CMCSA, NWSA, CDNS, AAPL, ABBV, HSY, FCX, CAG, WTW, DE, TECH, CNC, COP, ULTA, DVN, PLD, AIG, DHR, WAB, D, GD, KMX, PNR, BRO, NSC, ON, PSA, APD, WHR, LKQ, ROL, DLTR, CBOE, TRV, AME, MCHP, JBHT, GPC, INCY, GL, SJM, TJX, QCOM, CBRE, BF-B, GM, CMI, MMM, TER, PTC, VMC, EBAY, BDX, ADI, PPL, AVY, ZION, URI, NVR, TMUS, MLM, AMGN, MOH, ARE, BEN, BBWI, MSI, TPR, AJG, FDS, LUMN, CFG, WMT, LMT, ABT, ETR, WM, BWA, RSG, DUK, PWR, HSIC, BIO, ENPH, AFL, NDSN, BBY, BIIB, MHK, PFG, PAYC, COO, HPE, CSGP, IVZ, OTIS, AMAT, EPAM, ESS, MGM, XEL, SWKS, AMT, ES, LNT, GRMN, DPZ, IRM, ROST, QRVO, UNP, PAYX, IBM, CSCO, MAS, NEM, TROW, AIZ, DLR, HIG, DOV, WMB, HBAN, CVX, FRT, FTNT, BKNG, CHD, POOL, FDX, C, CPT, AAP, ICE, TDY, CSX, CE, NI, ACN, MPWR, INTU, TGT, NOW, VRSN, MAA, ALL, KMB, SPG, CDW, PPG, DTE, KHC, CTSH, SBUX, HST, BXP, ETN, SBAC, ALK, EMR, VNO, UNH, AEP, MSCI, WST, KMI, F, CMS, VRSK, CCI, INTC, MDLZ, SWK, COF, AKAM, ALGN, USB, ALB, NEE, TSLA, SPGI, MO, ROP, EW, IP, TFX, IFF, INVH, FE, CL, DXC, WEC, TT, CZR, ZBRA, COST, XRAY, ETSY, J, LW, TTWO, EMN, AMD, CHTR, ALLE, RHI, ADSK, MTD, GNRC, TRMB, AWK, EFX, WDC, BR, GPN, A, AEE, AON, ADBE, CAH, BSX, MDT, AMCR, RMD, FIS, AMZN, MU, UDR, HON, CRL, EIX, XYL, ZTS, MKTX, DVA, SYK, NTAP, JPM, VFC, L, SHW, FITB, CARR, ROK, FFIV, NWL, ZBH, NTRS, HLT, EXC, STX, PYPL, TYL, IDXX, ITW, MS, CRM, STT, TDG, AMP, HWM, STE, IQV, MAR, BAX, OKE, BAC, ECL, CAT, AXP, LUV, SEDG, CCL, NXPI, DIS, APTV, BALL, HAL, WELL, CLX, SLB, MTCH, PEG, EQIX, DXCM, JCI, NCLH, EXPE, ILMN, UAL, DAL","AAL, ABC, ABMD, AES, ANSS, APA, ATVI, AVB, BA, BK, BKR, BLK, CDAY, CMA, CTLT, CTRA, CTVA, CTXS, DD, DFS, DHI, DISH, DRE, EA, EL, EQR, FBHS, FISV, FLT, FRC, GE, GIS, GLW, GOOGL, GS, GWW, HAS, HCA, HES, HOLX, HRL, HUM, IEX, IPG, ISRG, IT, JKHY, JNJ, JNPR, K, KEY, KO, KR, LEN, LLY, LNC, LVS, LYV, MA, MCD, MCK, MCO, META, MKC, MMC, MRK, MRNA, MRO, MTB, NKE, NLOK, NLSN, NUE, OGN, ORCL, PARA, PCAR, PEAK, PEP, PFE, PG, PGR, PH, PKG, PKI, PNC, PNW, PRU, PSX, PXD, RCL, RE, REG, RF, RL, SBNY, SCHW, SEE, SIVB, SNA, SO, SRE, STZ, SYF, SYY, T, TAP, TEL, TFC, TMO, TSN, TWTR, TXN, TXT, UHS, UPS, V, VLO, VTR, VTRS, VZ, WAT, WBA, WBD, WFC, WRB, WRK, WYNN, XOM"
2023-01-02,498,375,0.7530120481927711,375,375,"ORLY, AVGO, REGN, NFLX, ANET, CI, DGX, CTAS, PM, MPC, LRCX, ADI, VICI, KLAC, ADM, CMG, ATO, AZO, MNST, CPRT, MET, CINF, WY, TSCO, NVDA, APH, CMCSA, BEN, KIM, AIG, BRK-B, BBWI, DE, RTX, EVRG, FCX, LYB, FANG, LIN, SPG, URI, CBRE, NWSA, GILD, ODFL, STLD, WTW, CNP, EOG, GOOG, LOW, NOC, IVZ, LH, CF, PLD, TPR, AMAT, MOS, AOS, NWS, CB, DG, O, COP, PPL, FMC, PCG, BBY, BWA, PHM, OMC, BMY, NDSN, ELV, LHX, KHC, TER, ABBV, ARE, WAB, KDP, CPB, WMT, FTV, LDOS, EXPD, YUM, TECH, AME, EXR, NSC, APD, PNR, EMR, TRV, ED, KMX, CAG, DRI, CFG, HD, MSFT, FSLR, EBAY, CSGP, SJM, VRTX, MCHP, D, AFL, FAST, ETR, KEYS, RJF, ROST, MLM, HSY, CVX, SWKS, CMI, MMM, FRT, CSCO, HPE, INCY, AVY, GNRC, SNPS, DUK, CME, OXY, WHR, HSIC, TJX, VMC, QRVO, QCOM, ULTA, GM, GRMN, BKNG, GL, HII, MGM, HPQ, BIIB, AWK, TGT, HIG, ADP, MO, TDY, AAPL, ALK, JBHT, ON, DHR, OTIS, MSI, TROW, DOV, SBUX, GD, FE, ETSY, GEN, PTC, PSA, MHK, ICE, LKQ, NVR, BIO, GPC, ZION, PFG, LMT, NEM, AMGN, CVS, MU, COO, CE, LUMN, ESS, ENPH, CBOE, ABT, TFX, XEL, IRM, CZR, MOH, FDX, C, WMB, KMB, JPM, CNC, VRSN, DLTR, CSX, MDLZ, MTD, WST, DPZ, DLR, TMUS, CDNS, STT, LNT, VNO, PPG, AJG, ALGN, BDX, CHD, MKTX, NI, HBAN, ES, ACN, KMI, DVN, BXP, A, SLB, NOW, USB, ROP, ROL, PWR, ETN, CPT, CHRW, XRAY, INTC, HON, MSCI, MAA, PAYC, NRG, SWK, POOL, IBM, COF, CDW, NDAQ, UNP, CTSH, CMS, EMN, AAP, IFF, MPWR, CAT, AKAM, IDXX, EPAM, ZBRA, ADBE, TT, SYK, ALL, RHI, INTU, DXC, F, EFX, BF-B, BRO, SPGI, IP, CHTR, OKE, TDG, HST, AIZ, AEP, EIX, BSX, ALLE, AMD, AMT, EXC, XYL, ZBH, CAH, CRL, WM, AEE, LW, FTNT, ROK, DXCM, HAL, AON, EW, CL, PAYX, AMP, DIS, VFC, NEE, MDT, MAS, FIS, WDC, VRSK, ADSK, RSG, AMZN, CARR, FITB, FDS, J, UNH, HWM, PYPL, ITW, SBAC, GPN, NWL, TRMB, DTE, NTAP, SHW, UDR, BAC, DVA, MS, CCI, L, JCI, TTWO, AMCR, AXP, STX, COST, SEDG, ZTS, FFIV, LUV, BAX, NTRS, EQT, TRGP, HLT, ALB, CCL, APTV, RMD, WEC, CRM, WELL, EQIX, IQV, STE, PEG, BALL, NXPI, NCLH, TYL, ECL, MAR, INVH, BR, MTCH, CLX, TSLA, ILMN, EXPE, UAL, DAL","AAL, ABC, ACGL, AES, ANSS, APA, ATVI, AVB, BA, BK, BKR, BLK, CDAY, CMA, CTLT, CTRA, CTVA, DD, DFS, DHI, DISH, EA, EL, EQR, FISV, FLT, FRC, GE, GIS, GLW, GOOGL, GS, GWW, HAS, HCA, HES, HOLX, HRL, HUM, IEX, IPG, ISRG, IT, JKHY, JNJ, JNPR, K, KEY, KO, KR, LEN, LLY, LNC, LVS, LYV, MA, MCD, MCK, MCO, META, MKC, MMC, MRK, MRNA, MRO, MTB, NKE, NUE, OGN, ORCL, PARA, PCAR, PEAK, PEP, PFE, PG, PGR, PH, PKG, PKI, PNC, PNW, PRU, PSX, PXD, RCL, RE, REG, RF, RL, SBNY, SCHW, SEE, SIVB, SNA, SO, SRE, STZ, SYF, SYY, T, TAP, TEL, TFC, TMO, TSN, TXN, TXT, UHS, UPS, V, VLO, VTR, VTRS, VZ, WAT, WBA, WBD, WFC, WRB, WRK, WYNN, XOM"
2023-04-02,498,379,0.7610441767068273,379,379,"ANET, AVGO, ORLY, LRCX, CPRT, MPC, CMG, REGN, ODFL, PHM, NFLX, MNST, BEN, BWA, ADI, ATO, BKNG, FANG, CTAS, WY, LYB, URI, O, STLD, SPG, TSCO, VICI, FDX, MO, PM, VRTX, PNR, CME, PCG, KLAC, NVDA, NVR, AZO, ON, ADM, HSY, APH, DGX, AMAT, PPL, FCX, TPR, FAST, CF, GE, FTV, FICO, BRK-B, ALB, EXPD, DD, RTX, AON, PLD, ED, AIG, EXR, ABBV, COO, QRVO, EQT, NI, WST, STT, MOS, CE, CMCSA, FRT, PFG, AOS, FTNT, MSCI, ULTA, HBAN, OXY, KMX, EVRG, PSA, MPWR, NWSA, OMC, MSFT, BBWI, HSIC, SWKS, HST, XEL, CZR, EOG, GILD, BIIB, ETR, ZION, CB, CHRW, SJM, KMB, CBRE, DRI, LOW, DE, CARR, WMT, GRMN, AME, DHR, IRM, MTD, TRV, CPB, WBD, MCHP, GOOG, MGM, SNPS, LH, CBOE, BMY, NRG, NWS, SYK, OTIS, GM, MKTX, CI, CAG, ELV, ROP, ES, QCOM, LKQ, CVX, JPM, COF, APD, LIN, DG, SPGI, SWK, CSCO, TDY, ABT, AAPL, KHC, HPQ, YUM, FMC, TER, PWR, RJF, CDNS, MDLZ, CNP, MU, DXCM, IDXX, AEE, BDX, AJG, EIX, NSC, DOV, BXP, POOL, IVZ, HII, CSX, ICE, NOW, MLM, NDAQ, MMM, RHI, GL, MAS, ESS, TJX, EMN, ADBE, L, LNT, AMGN, DLTR, AMD, CRL, COP, CMI, CINF, A, MET, KMI, C, NDSN, KDP, LDOS, FITB, CDW, ARE, EMR, DVN, TROW, IP, INCY, AFL, HPE, AVY, ROL, GPC, F, CRM, TDG, KIM, WEC, PTC, CFG, JBHT, CTSH, BSX, AXP, NTRS, HD, ETN, SBUX, TT, CNC, XRAY, GS, PPG, BRO, HIG, WAB, AEP, TGT, CAT, PAYC, EFX, WDC, MOH, BIO, BBY, GD, TMUS, ZTS, TFX, EBAY, HLT, USB, KEYS, WMB, EQIX, VMC, MSI, MDT, RSG, CHTR, VRSN, DXC, GEN, AMP, DLR, SEDG, STX, ZBH, AWK, WTW, ROK, EPAM, CHD, TECH, DUK, FDS, SLB, ACN, ALLE, ROST, SBAC, BF-B, MAR, ITW, INTU, CPT, GNRC, GPN, VFC, ADP, MAA, STE, PEG, EXC, MS, DPZ, LMT, NXPI, CLX, UNP, WELL, ALGN, HWM, CSGP, FE, FIS, RMD, UNH, INVH, APTV, LW, EW, IFF, LHX, VRSK, DTE, DAL, BAC, CMS, UAL, WM, ENPH, COST, IQV, CAH, TRGP, NOC, TTWO, PYPL, PAYX, FSLR, AAP, UDR, D, SHW, BALL, CL, XYL, AMT, ALL, CCI, OKE, AKAM, NEE, ADSK, CVS, DVA, J, ECL, INTC, ZBRA, PODD, HAL, CCL, TSLA, ILMN, NTAP, HON, BR, AMZN, MHK, LVS, FFIV, AMCR, EXPE, DIS, BAX, TYL, TRMB, LUV, LYV, JCI, WHR, NWL, AIZ, IBM, ALK, MTCH, NCLH","AAL, ABC, ACGL, AES, ANSS, APA, ATVI, AVB, BA, BG, BK, BKR, BLK, CDAY, CMA, CTLT, CTRA, CTVA, DFS, DHI, DISH, EA, EL, EQR, ETSY, FISV, FLT, FRC, GEHC, GIS, GLW, GOOGL, GWW, HAS, HCA, HES, HOLX, HRL, HUM, IEX, IPG, ISRG, IT, JKHY, JNJ, JNPR, K, KEY, KO, KR, LEN, LLY, LNC, MA, MCD, MCK, MCO, META, MKC, MMC, MRK, MRNA, MRO, MTB, NEM, NKE, NUE, OGN, ORCL, PARA, PCAR, PEAK, PEP, PFE, PG, PGR, PH, PKG, PKI, PNC, PNW, PRU, PSX, PXD, RCL, RE, REG, RF, RL, SCHW, SEE, SNA, SO, SRE, STZ, SYF, SYY, T, TAP, TEL, TFC, TMO, TSN, TXN, TXT, UHS, UPS, V, VLO, VTR, VTRS, VZ, WAT, WBA, WFC, WRB, WRK, WYNN, XOM"
2023-07-02,503,386,0.7673956262425448,386,386,"CMG, AVGO, ANET, LRCX, ORLY, CPRT, EQT, MPC, NFLX, ODFL, PHM, ATO, MO, BEN, WY, FANG, BRK.B, NRG, PNR, REGN, BWA, CTAS, KLAC, AMAT, VRTX, CME, BKNG, URI, MCHP, FAST, ON, NVDA, WST, ADM, AON, NVR, FDX, ALB, CF, LYB, ADI, AIG, WMT, PM, MNST, COF, GE, PCG, FTV, NI, FCX, SPGI, SWK, CE, ESS, APH, SPG, MSFT, BBWI, KMX, CZR, COO, FTNT, EXPD, HSY, STLD, MLM, AAPL, GOOG, CBRE, HST, MOS, PLD, LOW, EVRG, MPWR, DHR, CMCSA, NWSA, POOL, ABT, DGX, PPL, VICI, LNT, LH, TPR, AZO, EXR, FICO, NOW, GM, F, RJF, O, AOS, HBAN, ZION, CARR, PFG, TSCO, PSA, STT, BRO, MAS, RTX, CHRW, DD, COST, CI, ICE, BIIB, SNPS, HSIC, DRI, CSX, ADBE, SWKS, AJG, NWS, AME, CNP, OMC, SYK, IR, ROP, ED, FRT, OXY, VMC, IRM, AMD, GNRC, CBOE, RHI, NSC, DXCM, HPQ, ES, DLR, JPM, MDLZ, EOG, WMB, MU, DLTR, KMB, GRMN, MGM, ABBV, BXP, TRV, QCOM, COP, BDX, TROW, CRL, PAYC, BMY, DE, CB, XEL, LIN, HII, EFX, NDSN, PWR, IVZ, DG, KMI, OTIS, WBD, IDXX, CCL, ELV, EW, TER, EIX, DAL, MMM, CDNS, APD, CVX, DVA, LKQ, EMN, SJM, CSGP, FITB, TSLA, MSCI, ROL, GILD, JBHT, DTE, INVH, TECH, RSG, DOV, KDP, AXP, VRSK, ARE, CTSH, ETN, L, VTR, TDG, MDT, C, MOH, CPT, ZTS, CHD, ALGN, ETR, AEE, CSCO, SHW, CHTR, YUM, CRM, XRAY, NTAP, CNC, PPG, LDOS, AFL, MAR, UAL, ORCL, MET, ALLE, TRGP, EMR, AMZN, IP, WDC, DVN, FMC, RMD, ULTA, IQV, CMI, BSX, ACN, NDAQ, WELL, TGT, MTD, HLT, PTC, ROK, STE, GL, CAG, TJX, PEG, ZBH, GEN, BALL, HD, LYV, AMP, NXPI, INTU, NTRS, PYPL, AVY, RVTY, TDY, AXON, KHC, UNP, CFG, UDR, TTWO, AWK, BBY, KIM, FE, CPB, HPE, USB, WAB, EBAY, CINF, VRSN, EQIX, FIS, MAA, CEG, STX, AMGN, AAP, INCY, DUK, FDS, LHX, GPN, CAH, TT, KEYS, HIG, BAC, CMS, EPAM, GD, WEC, PANW, NEE, A, GPC, DPZ, ADP, TMUS, WTW, GS, CLX, WM, BF-B, AEP, HWM, TFX, UNH, ECL, EXC, ALK, SBAC, OKE, BR, DXC, CDW, D, MS, MKTX, BIO, LW, TYL, AKAM, EXPE, PAYX, SLB, MSI, ROST, INTC, CAT, IFF, DIS, CL, ITW, CVS, SBUX, NOC, QRVO, LUV, ADSK, J, WHR, MHK, ENPH, SEDG, BAX, ALL, ZBRA, XYL, LMT, HON, CCI, APTV, MTCH, AIZ, FFIV, HAL, AMT, FSLR, JCI, NWL, TRMB, ILMN, NCLH, PODD, AMCR, LVS, IBM, VFC","AAL, ABC, ACGL, AES, ANSS, APA, ATVI, AVB, BA, BG, BK, BKR, BLK, CDAY, CMA, CTLT, CTRA, CTVA, DFS, DHI, DOW, EA, EL, EQR, ETSY, FI, FLT, FOX, FOXA, GEHC, GIS, GLW, GOOGL, GWW, HAS, HCA, HES, HOLX, HRL, HUM, IEX, IPG, ISRG, IT, JKHY, JNJ, JNPR, K, KEY, KO, KR, LEN, LLY, LNC, MA, MCD, MCK, MCO, META, MKC, MMC, MRK, MRNA, MRO, MTB, NEM, NKE, NUE, OGN, PARA, PCAR, PEAK, PEP, PFE, PG, PGR, PH, PKG, PNC, PNW, PRU, PSX, PXD, RCL, RE, REG, RF, RL, SCHW, SEE, SNA, SO, SRE, STZ, SYF, SYY, T, TAP, TEL, TFC, TMO, TSN, TXN, TXT, UHS, UPS, V, VLO, VTRS, VZ, WAT, WBA, WFC, WRB, WRK, WYNN, XOM"
2023-10-02,503,386,0.7673956262425448,386,386,"ANET, AVGO, LRCX, ORLY, CMG, ODFL, CF, ATO, REGN, MPC, PHM, MO, ADM, CTAS, WY, AIG, KLAC, BKNG, FANG, BRK.B, CME, EQT, NRG, GOOG, NFLX, CE, PNR, FDX, AMAT, PM, LYB, VRTX, ZION, FAST, URI, BXP, CPRT, NVDA, COR, WST, CI, FTV, BEN, ON, CHTR, BWA, EXPD, DD, WMT, ESS, NOW, DHR, SPG, AZO, CMCSA, GE, KMX, LH, MOS, NVR, APH, MU, FICO, CARR, ABBV, PCG, ADBE, SWK, HST, CBRE, ALB, CB, FCX, MNST, NI, BBWI, MCHP, SNPS, STLD, COST, ROP, AON, CZR, MSFT, VICI, ELV, ADI, CSX, LNT, EMR, HBAN, CSCO, MLM, TSCO, RJF, MOH, MAS, ES, DGX, CBOE, SPGI, POOL, PLD, CAH, ABT, O, CNC, BRO, ED, FRT, BR, XEL, CRL, AMGN, MET, PPL, GRMN, ETR, DLR, NSC, JBHT, COF, LOW, IRM, IP, CTSH, COP, INTU, IR, LDOS, PFG, WDC, HSIC, ICE, CHRW, DRI, ADP, CNP, DG, EVRG, DUK, EOG, AJG, BMY, AKAM, PSA, DPZ, BDX, OXY, QCOM, TPR, L, VMC, MDLZ, JPM, GM, COO, TRV, AME, RHI, STT, MMM, HPQ, HPE, VRSK, AAPL, AOS, KDP, GILD, LIN, HII, RTX, DE, YUM, AFL, HLT, TJX, FITB, NDSN, F, CVX, DTE, HSY, EMN, NTAP, GPN, CDNS, CPT, BX, UNH, MAR, ARE, DLTR, SYK, BIIB, VTR, DVA, CCL, KMB, TMUS, PANW, SWKS, GEN, WMB, CHD, AVY, RSG, INVH, FTNT, UNP, ACN, ETN, MPWR, APD, CAT, ZTS, EXR, GD, AEE, FIS, OTIS, MSCI, TER, SHW, J, TSLA, NWS, DOV, PWR, AMD, TDY, CDW, CSGP, EIX, KHC, FMC, HAL, TROW, FDS, AMZN, DVN, NWSA, EBAY, STE, WELL, GNRC, GL, HD, WAB, LYV, PTC, IVZ, INTC, LW, MDT, USB, CINF, SJM, PAYX, TT, RVTY, LHX, CMI, ROL, NDAQ, TDG, ROST, HIG, CFG, OMC, EXC, KIM, PEG, PAYC, CVS, TECH, MGM, KMI, LKQ, BSX, CPB, NTRS, ORCL, INCY, IQV, ULTA, ALL, EFX, AMP, IDXX, ALLE, CMS, WBD, NOC, EPAM, CL, BBY, CRM, AEP, TRGP, FFIV, MAA, DAL, GS, NXPI, D, BAC, KEYS, TGT, SBAC, SLB, MTD, WEC, DXCM, EQIX, AXON, BALL, AIZ, VRSN, ALGN, DIS, IFF, BIO, PPG, AWK, XRAY, GPC, HWM, TFX, RMD, C, CEG, TTWO, FE, WM, A, EW, BF-B, EXPE, DXC, MKTX, ADSK, AXP, CAG, PYPL, BAX, NEE, UDR, ROK, WHR, TRMB, ENPH, TYL, APTV, MS, MSI, AMT, ZBH, SBUX, LMT, QRVO, CCI, UAL, OKE, WTW, MTCH, ITW, ECL, HON, SEDG, ZBRA, LUV, MHK, IBM, ALK, ILMN, XYL, JCI, NCLH, CLX, AMCR, FSLR, VFC, STX, LVS, PODD","AAL, ABNB, ACGL, AES, ANSS, APA, ATVI, AVB, BA, BG, BK, BKR, BLK, CDAY, CMA, CTLT, CTRA, CTVA, DFS, DHI, DOW, EA, EG, EL, EQR, ETSY, FI, FLT, FOX, FOXA, GEHC, GIS, GLW, GOOGL, GWW, HAS, HCA, HES, HOLX, HRL, HUM, IEX, IPG, ISRG, IT, JKHY, JNJ, JNPR, K, KEY, KO, KR, KVUE, LEN, LLY, MA, MCD, MCK, MCO, META, MKC, MMC, MRK, MRNA, MRO, MTB, NEM, NKE, NUE, OGN, PARA, PCAR, PEAK, PEP, PFE, PG, PGR, PH, PKG, PNC, PNW, PRU, PSX, PXD, RCL, REG, RF, RL, SCHW, SEE, SNA, SO, SRE, STZ, SYF, SYY, T, TAP, TEL, TFC, TMO, TSN, TXN, TXT, UHS, UPS, V, VLO, VTRS, VZ, WAT, WBA, WFC, WRB, WRK, WYNN, XOM"
2024-01-02,503,388,0.7713717693836978,388,388,"ANET, AVGO, LRCX, CMG, FANG, BLDR, ATO, MPC, REGN, CF, ORLY, CTAS, PHM, ZION, NRG, NFLX, CE, VRTX, BKNG, BXP, KLAC, BBWI, HBAN, ODFL, SPG, PM, ADM, FAST, AIG, CME, MO, COF, APH, ABBV, URI, GOOG, EQT, FITB, DHR, HST, PPL, WY, PNR, SWK, LH, CBRE, MOS, LYB, AMAT, MAS, ESS, NOW, COST, EXR, CI, DLTR, WMT, NI, CRL, ETR, XEL, STLD, RHI, FCX, MMM, MNST, ALB, HII, PLD, ARE, LDOS, COR, KDP, USB, JBL, EXPD, TSCO, GEN, ABT, AZO, MCHP, GE, BEN, NVDA, DD, ADI, COO, NSC, DGX, TPR, GRMN, BR, CNC, NVR, ES, MLM, EOG, FICO, TGT, COP, KMX, CFG, AMGN, CPRT, POOL, ELV, RJF, BRK.B, MOH, CTSH, OXY, ED, MPWR, DUK, AOS, KHC, INTU, GM, PSA, FDX, DRI, ROP, IR, IP, PCG, LNT, EMR, CARR, EVRG, O, TMUS, QCOM, IRM, SWKS, VICI, LOW, CSX, CB, CBOE, WDC, ADBE, DLR, FRT, CHRW, DG, BWA, DTE, UNP, WST, SPGI, STT, GD, EMN, MSFT, ON, TDG, AMD, HPQ, WMB, BMY, EPAM, SNPS, MET, CHTR, NWSA, FTV, CMCSA, DE, GILD, ZTS, KMI, CZR, RTX, MDLZ, HLT, CAH, NWS, AVY, INTC, JPM, C, DPZ, CNP, PFG, JBHT, A, GPN, ICE, HSIC, IDXX, AKAM, EXPE, TRV, LHX, NTRS, RSG, CVS, BX, AXON, EFX, SBUX, SHW, MGM, ULTA, CDW, EIX, LULU, NDSN, FTNT, GNRC, BIIB, INCY, TDY, HD, CSCO, NTAP, CRM, AMZN, ROK, HPE, IVZ, L, DVN, CVX, LIN, BAC, GS, DVA, ACN, FFIV, MSCI, UNH, HSY, VTR, PANW, FMC, PTC, ALL, CL, RVTY, DOV, SBAC, MAR, ALLE, WBD, CMS, TT, WAB, KIM, J, OTIS, ADP, YUM, KEYS, DXCM, AEP, DIS, CDNS, ROL, F, VMC, PWR, AAPL, NDAQ, TSLA, FDS, FIS, AME, TJX, D, ETN, KMB, OMC, IQV, BDX, CPB, CPT, SJM, AFL, MDT, LW, SYK, EBAY, AON, BRO, MKTX, CHD, IFF, LYV, AIZ, ROST, CINF, TER, CCL, PAYX, OKE, HUBB, MU, BBY, CAT, ADSK, INVH, TFX, VRSK, TRGP, APD, AMT, AEE, TECH, GL, TROW, AXP, PAYC, WM, UBER, TTWO, WEC, BALL, NXPI, CMI, HIG, NOC, BIO, MTD, EW, WELL, RMD, LKQ, ECL, BSX, AMP, AJG, PEG, PPG, GPC, XRAY, CEG, MAA, STE, MS, MHK, CAG, PYPL, VRSN, CCI, HWM, QRVO, DAL, FE, AWK, MSI, TRMB, ENPH, BF-B, BAX, NEE, HAL, CSGP, ALGN, TYL, ITW, LMT, UDR, ZBRA, ZBH, UAL, IBM, HON, ORCL, EQIX, LUV, SLB, STX, EXC, WTW, APTV, XYL, ILMN, MTCH, WHR, JCI, CLX, VFC, AMCR, FSLR, NCLH, LVS, PODD","AAL, ABNB, ACGL, AES, ANSS, APA, AVB, BA, BG, BK, BKR, BLK, CDAY, CMA, CTLT, CTRA, CTVA, DFS, DHI, DOW, EA, EG, EL, EQR, ETSY, FI, FLT, FOX, FOXA, GEHC, GIS, GLW, GOOGL, GWW, HAS, HCA, HES, HOLX, HRL, HUM, IEX, IPG, ISRG, IT, JKHY, JNJ, JNPR, K, KEY, KO, KR, KVUE, LEN, LLY, MA, MCD, MCK, MCO, META, MKC, MMC, MRK, MRNA, MRO, MTB, NEM, NKE, NUE, PARA, PCAR, PEAK, PEP, PFE, PG, PGR, PH, PKG, PNC, PNW, PRU, PSX, PXD, RCL, REG, RF, RL, SCHW, SNA, SO, SRE, STZ, SYF, SYY, T, TAP, TEL, TFC, TMO, TSN, TXN, TXT, UHS, UPS, V, VLO, VLTO, VTRS, VZ, WAT, WBA, WFC, WRB, WRK, WYNN, XOM"
2024-04-02,504,392,0.7777777777777778,392,392,"ANET, CMG, NVDA, AVGO, LRCX, SMCI, HST, STLD, NFLX, ETR, DECK, AOS, SPG, FANG, CE, MPC, GE, BLDR, KLAC, CTAS, URI, ORLY, APH, CI, FAST, PHM, ATO, PEG, COF, MO, HBAN, FCX, EOG, EXR, BRK.B, REGN, AMAT, DAL, NOW, CF, CB, FITB, CINF, PNR, VICI, CRL, ODFL, GM, BBWI, COR, CPAY, MLM, TPR, PPL, NI, MNST, RJF, AIG, COP, ED, CBRE, NEE, KMX, BSX, MAS, DVA, HUBB, WMT, PM, DTE, HII, CPRT, CME, EMR, EW, VRTX, ADM, HLT, CAT, TT, CFG, LYB, CNC, EQT, AME, JPM, CSX, WAB, GRMN, ADI, IR, MCHP, KHC, ESS, EMN, CMI, KIM, FTV, ALLE, DUK, MSFT, GOOG, CRM, SYK, TRV, MPWR, D, USB, DVN, AZO, PLD, COST, DXCM, GEHC, BRO, BAC, WDC, RSG, WY, O, FTNT, QCOM, DG, BXP, GEN, TSCO, DOV, VMC, BAX, A, MAR, ELV, FICO, CAH, EVRG, ARE, HPQ, ZBH, GD, AXP, TGT, MOH, CMCSA, DE, CZR, CEG, SNPS, DLR, HIG, LIN, UAL, UDR, C, PSA, MOS, NTRS, ETN, CL, CHD, NTAP, WST, BALL, NSC, RMD, MET, SWKS, JBL, INCY, OTIS, TDG, HWM, FDX, NWSA, ABT, IRM, TDY, OXY, KEYS, RTX, FRT, PWR, LDOS, SHW, MGM, NVR, WMB, ECL, AIZ, ALL, HSY, ROP, IQV, CVX, NWS, LVS, CVS, SWK, TECH, EBAY, DGX, CDNS, MDT, OMC, GILD, INTU, HSIC, AMD, F, IDXX, ULTA, ICE, HPE, DRI, MSI, LOW, DPZ, IBM, LNT, DIS, IFF, CSCO, INVH, AMP, FE, UBER, NDSN, IVZ, DHR, AEP, WM, BEN, BWA, DLTR, POOL, J, CPB, ROST, CCL, CTSH, COO, PTC, BDX, BR, ALB, XEL, ON, BMY, AXON, FFIV, PAYC, L, KMI, MDLZ, ABBV, PCG, MHK, LKQ, PPG, FIS, UNH, AMZN, CDW, KVUE, SBUX, KDP, ROL, UNP, IP, AMGN, FSLR, ROK, AMT, CPT, RHI, JBHT, XYL, CSGP, KMB, FMC, YUM, AAPL, OKE, ZTS, LW, ACN, ADSK, EFX, PYPL, MU, EXPE, STT, ALGN, LYV, TFX, ADP, EIX, WYNN, APTV, WBD, CMS, CNP, APD, TRGP, SBAC, CBOE, SPGI, AON, CCI, BBY, LULU, CAG, TMUS, NRG, NXPI, GL, SJM, AEE, GPC, CARR, ADBE, GNRC, EPAM, LUV, DOC, AVY, NCLH, TRMB, BIIB, HAL, AWK, ORCL, WELL, MSCI, MAA, BX, LMT, VTR, AKAM, VRSN, PAYX, GPN, AJG, AFL, STE, ES, TTWO, WTW, ENPH, HON, PANW, NDAQ, RVTY, TER, SLB, ITW, WEC, HD, TJX, BF-B, LH, CHTR, CHRW, EQIX, JCI, LHX, EXC, FDS, ZBRA, TROW, ETSY, VRSK, QRVO, EXPD, INTC, BIO, ILMN, MKTX, TYL, NOC, MS, BKR, TSLA, DD, PFG, STX, XRAY, CLX, PODD, MMM, MTCH, VFC, AMCR","AAL, ABNB, ACGL, AES, ANSS, APA, AVB, BA, BG, BK, BKNG, BLK, CMA, CTLT, CTRA, CTVA, DAY, DFS, DHI, DOW, EA, EG, EL, EQR, FI, FOX, FOXA, GIS, GLW, GOOGL, GS, GWW, HAS, HCA, HES, HOLX, HRL, HUM, IEX, IPG, ISRG, IT, JKHY, JNJ, JNPR, K, KEY, KO, KR, LEN, LLY, MA, MCD, MCK, MCO, META, MKC, MMC, MRK, MRNA, MRO, MTB, MTD, NEM, NKE, NUE, PARA, PCAR, PEP, PFE, PG, PGR, PH, PKG, PNC, PNW, PRU, PSX, PXD, RCL, REG, RF, RL, SCHW, SNA, SO, SOLV, SRE, STZ, SYF, SYY, T, TAP, TEL, TFC, TMO, TSN, TXN, TXT, UHS, UPS, V, VLO, VLTO, VTRS, VZ, WAT, WBA, WFC, WRB, WRK, XOM"
2024-07-02,503,392,0.7793240556660039,392,392,"ANET, NVDA, CMG, AVGO, SMCI, LRCX, MO, DECK, NFLX, FANG, ETR, STLD, CTAS, REGN, APH, KLAC, GE, CINF, SPG, FCX, HST, AOS, EXR, MPC, GM, ORLY, BRK.B, NEE, PEG, CI, EOG, CB, PM, DAL, AMAT, HBAN, CF, ADM, NI, URI, VST, WMT, GOOG, ATO, FDX, EMR, ESS, CFG, VICI, BSX, FITB, ADI, WAB, UDR, NOW, UAL, VRTX, DOV, HLT, PHM, TT, ELV, FAST, TSCO, COF, CE, RSG, TPR, DVA, HPQ, PNR, MPWR, ED, CME, LYB, EQT, CPRT, BRO, D, INCY, HPE, EW, RJF, DUK, IR, AME, COR, IP, HSY, GDDY, AIG, GRMN, COP, BAC, COST, CMI, SYK, KIM, KKR, CAT, RTX, CSX, PPL, JPM, EVRG, DVN, GEN, QCOM, HUBB, MNST, IFF, CNC, MLM, DGX, GD, MSFT, EBAY, EMN, FTV, AZO, PSA, WDC, BXP, KDP, DLR, CPT, UNH, O, BLDR, KMX, CVX, CBRE, DE, SWKS, OTIS, HWM, RMD, CZR, REG, LDOS, FICO, CL, FTNT, AXP, NTAP, CPAY, MET, MAR, TECH, C, SNPS, CPB, ETN, CMCSA, FSLR, TDG, ROL, LNT, FRT, MOS, CEG, ALLE, DTE, STE, ECL, F, CRL, USB, HII, GEHC, NTRS, MCHP, HIG, GILD, AMGN, LIN, KMI, MAA, TDY, A, PAYC, PWR, DHR, IRM, ROP, KHC, BBWI, CHD, MGM, WMB, AAPL, INVH, KMB, TJX, BDX, AEP, MAS, MSI, WM, OXY, NWSA, VTR, PLD, J, BWA, VMC, ABT, LVS, HSIC, ARE, MDT, ODFL, ON, TRV, CSCO, INTU, ZBH, CCL, BEN, DPZ, ICE, MDLZ, CARR, TMUS, KEYS, ZTS, DG, ALB, VRSK, WST, BR, CDNS, XEL, CTSH, NSC, ORCL, SBUX, AMP, XYL, DRI, ADP, FMC, CAH, AJG, WY, AMZN, TER, BAX, L, CRM, FE, FIS, TGT, IVZ, ABBV, NVR, ROST, ROK, CNP, NWS, MOH, YUM, BMY, UNP, LMT, BBY, ALL, NDSN, KVUE, LOW, DOC, AXON, JBL, PYPL, GL, BALL, ULTA, SPGI, SJM, PPG, IDXX, STT, OKE, OMC, JBHT, AVY, PAYX, AFL, LUV, LKQ, AEE, IBM, TRGP, GNRC, CAG, AON, APD, UBER, GPC, SBAC, SWK, SHW, FFIV, ADBE, NXPI, WYNN, DXCM, CVS, RVTY, MU, AWK, CHRW, HON, WELL, BIIB, COO, TFX, APTV, LHX, BF-B, ACN, IQV, AIZ, POOL, QRVO, MSCI, EPAM, WBD, LULU, DIS, CDW, JCI, PANW, PTC, PCG, AMT, NRG, AMD, MHK, ALGN, VRSN, EIX, EXPE, LW, SLB, ES, ENPH, TYL, TROW, EFX, AKAM, CBOE, GPN, HAL, TRMB, DLTR, ADSK, DD, CMS, WTW, EXPD, MS, FDS, WEC, NDAQ, BX, CCI, TSLA, CHTR, ETSY, MMM, LH, NCLH, HD, ZBRA, ITW, BIO, BKR, LYV, EXC, PODD, NOC, EQIX, MKTX, TTWO, AMCR, STX, PFG, CSGP, MTCH, CLX, INTC","AAL, ABNB, ACGL, AES, ANSS, APA, AVB, BA, BG, BK, BKNG, BLK, CRWD, CTLT, CTRA, CTVA, DAY, DFS, DHI, DOW, EA, EG, EL, EQR, FI, FOX, FOXA, GEV, GIS, GLW, GOOGL, GS, GWW, HAS, HCA, HES, HOLX, HRL, HUM, IEX, IPG, ISRG, IT, JKHY, JNJ, JNPR, K, KEY, KO, KR, LEN, LLY, MA, MCD, MCK, MCO, META, MKC, MMC, MRK, MRNA, MRO, MTB, MTD, NEM, NKE, NUE, PARA, PCAR, PEP, PFE, PG, PGR, PH, PKG, PNC, PNW, PRU, PSX, RCL, RF, RL, SCHW, SNA, SO, SOLV, SRE, STZ, SYF, SYY, T, TAP, TEL, TFC, TMO, TSN, TXN, TXT, UHS, UPS, V, VLO, VLTO, VTRS, VZ, WAT, WBA, WFC, WRB, WRK, XOM"
2024-10-02,503,392,0.7793240556660039,392,392,"ANET, NVDA, CTAS, ETR, MO, NFLX, NEE, CF, EOG, EXR, DECK, RMD, PHM, CINF, PM, AOS, GE, EQT, ORLY, FANG, PEG, UAL, NOW, URI, SPG, ADI, VICI, KLAC, STLD, NI, CB, VLTO, BRK.B, INCY, REGN, HBAN, FCX, HPQ, PNR, SMCI, GILD, DAL, UDR, MPWR, ADM, FITB, VST, BLDR, CME, BXP, KIM, APH, FTNT, ATO, GEN, WMT, RTX, HST, CFG, BRO, FAST, TSCO, O, PSA, CBRE, MPC, BSX, WAB, COP, AVGO, ALLE, D, HLT, DVA, CI, AMAT, CAH, GDDY, HSY, ESS, SWK, FSLR, CZR, PPL, ED, DGX, TT, CMI, TDY, DE, EBAY, COF, UNH, IFF, KDP, GRMN, CMCSA, LRCX, MAS, CE, GM, VRTX, EMN, MSI, DOV, FICO, GOOG, HPE, KKR, AAPL, BMY, CNC, KEYS, KMI, NVR, MNST, MET, PYPL, LNT, IP, SWKS, CVX, CPT, HUBB, CAT, PAYX, AME, LYB, OTIS, ON, LVS, CPAY, COST, GEHC, EVRG, ADP, AXP, DUK, MOS, LMT, MSFT, IVZ, EMR, DVN, KVUE, SBUX, KMX, FMC, BWA, CSX, CTSH, RSG, BBY, IR, FTV, ROP, A, PANW, XEL, USB, MDT, ORCL, TPR, LOW, REG, SYK, ELV, CCL, CEG, WMB, KHC, SPGI, RJF, ICE, PAYC, HSIC, AZO, DELL, HWM, NTAP, MDLZ, OMC, LDOS, CRL, TMUS, MAA, KMB, ZTS, LIN, CL, GNRC, CPB, TRV, FFIV, SHW, NSC, MCHP, GD, COO, ZBH, VTR, PWR, CPRT, BEN, STE, QCOM, AEE, IBM, COR, DRI, NTRS, MAR, TFX, DHR, ACN, MLM, ABT, CARR, HII, CSCO, IRM, DTE, AFL, HIG, APD, OXY, LW, DG, AXON, SBAC, PLD, CHRW, BAX, ODFL, TDG, J, CRM, TJX, RVTY, JPM, MHK, ALB, ROL, SJM, EW, MGM, AIG, BAC, AON, BDX, STT, ABBV, BR, ECL, WST, AMT, WY, MSCI, ROK, NDSN, ULTA, AMGN, LULU, BALL, YUM, JBL, PPG, EXPE, CMG, AMP, CBOE, FIS, CHD, FRT, PODD, EFX, MOH, GL, IDXX, LUV, CVS, BX, UNP, NDAQ, ZBRA, DOC, CAG, VRSN, TYL, APTV, AJG, ALL, WYNN, INTU, POOL, BF-B, LKQ, OKE, FDX, PLTR, AWK, AEP, LHX, VMC, JBHT, DLR, GPC, ADBE, ETN, WBD, CHTR, SLB, IQV, TSLA, TER, TRGP, F, ROST, CCI, AIZ, EIX, SNPS, JCI, FE, ADSK, BIIB, MKTX, C, EPAM, WEC, TGT, WM, ALGN, VRSK, HD, DLTR, PCG, ARE, L, WELL, XYL, TRMB, NOC, ENPH, AKAM, HON, NCLH, INVH, NRG, ES, TECH, WTW, CDNS, PTC, BKR, FDS, CMS, NWSA, DXCM, DD, CDW, NWS, GPN, LYV, MMM, AMD, EXPD, STX, CNP, AMZN, AVY, ITW, HAL, DPZ, NXPI, MS, DIS, LH, AMCR, UBER, CLX, EXC, TROW, QRVO, EQIX, WDC, MTCH, MU, TTWO, PFG, CSGP, INTC","ABNB, ACGL, AES, AMTM, ANSS, APA, AVB, BA, BG, BK, BKNG, BLK, CRWD, CTLT, CTRA, CTVA, DAY, DFS, DHI, DOW, EA, EG, EL, EQR, ERIE, FI, FOX, FOXA, GEV, GIS, GLW, GOOGL, GS, GWW, HAS, HCA, HES, HOLX, HRL, HUM, IEX, IPG, ISRG, IT, JKHY, JNJ, JNPR, K, KEY, KO, KR, LEN, LLY, MA, MCD, MCK, MCO, META, MKC, MMC, MRK, MRNA, MRO, MTB, MTD, NEM, NKE, NUE, PARA, PCAR, PEP, PFE, PG, PGR, PH, PKG, PNC, PNW, PRU, PSX, RCL, RF, RL, SCHW, SNA, SO, SOLV, SRE, STZ, SW, SYF, SYY, T, TAP, TEL, TFC, TMO, TSN, TXN, TXT, UHS, UPS, V, VLO, VTRS, VZ, WAT, WBA, WFC, WRB, XOM"
2025-01-02,503,394,0.7833001988071571,394,394,"ANET, NVDA, ETR, CF, MO, DAL, NFLX, APO, EOG, ORLY, ATO, CINF, SPG, UAL, NOW, VICI, HBAN, PNR, FTNT, CME, RMD, PM, HST, FAST, CAH, COF, BMY, INCY, GILD, STLD, APH, COP, MNST, NI, EVRG, EQT, KIM, PAYC, PYPL, BRK.B, CMI, CPAY, GM, AOS, TDY, PEG, EXR, JBL, SMCI, GDDY, AME, GE, FFIV, ADM, NEE, UDR, CVX, ADP, WAB, KMX, HUBB, AVGO, CBRE, CFG, HPQ, BXP, HPE, BSX, HLT, WMT, NTRS, LVS, FICO, EMR, VLTO, RJF, CCL, GEN, MOS, PPL, DRI, URI, KLAC, FTV, CB, RTX, GL, REG, XEL, TPR, ALLE, REGN, PAYX, SYK, AZO, MPC, CRM, DOV, APD, TDG, HSIC, CSCO, VST, D, AEE, CE, MSFT, CPRT, ED, TPL, GRMN, WST, DVA, HSY, BLDR, CTSH, O, DE, MAR, DGX, CZR, FITB, PHM, KVUE, CAT, ESS, EBAY, FANG, TT, STT, CNC, CSX, DECK, WBD, CI, USB, LUV, LULU, ULTA, ZBH, MSI, J, IP, ON, KKR, FCX, GOOG, LYB, AMAT, ABT, MCHP, LNT, MAA, BWA, RSG, ODFL, CMCSA, CRL, MLM, COST, AXP, BDX, MDT, GEHC, CPT, MET, JPM, PANW, PSA, AAPL, NSC, TRV, KMI, TSCO, BR, OTIS, UNH, VRSN, COR, IVZ, OXY, MAS, ROP, BRO, ORCL, LIN, PWR, DVN, KHC, JBHT, VRTX, DUK, EW, IBM, VMC, ACN, AON, DELL, DTE, FRT, EPAM, LW, ALB, YUM, WY, HWM, DIS, FSLR, DLR, PLD, CTAS, KDP, SHW, PPG, LOW, NCLH, SJM, TSLA, MSCI, EXPE, TRMB, BAC, NTAP, AXON, AMP, BAX, FDX, CHRW, A, AIZ, CDNS, IFF, RVTY, DG, EMN, SBAC, CHD, ELV, POOL, MOH, TJX, FMC, QCOM, AIG, BX, ADSK, CPB, TMUS, PTC, ADI, LKQ, INTU, WMB, SWKS, STE, CMG, MGM, ECL, CEG, ABBV, KMB, IR, HII, GPC, SLB, KEYS, NVR, BF-B, IRM, ZTS, GNRC, VTR, AKAM, MPWR, ROST, ROK, APTV, GD, HON, SNPS, WEC, PODD, SWK, DHR, L, F, ETN, FDS, NDAQ, CAG, CL, UNP, SBUX, WYNN, EQIX, MDLZ, C, WDAY, CARR, HAL, TFX, PLTR, ZBRA, IDXX, BALL, ADBE, COO, BBY, PCG, CVS, GPN, LMT, ALGN, DLTR, AMZN, VRSK, IQV, ROL, LYV, CDW, INVH, LRCX, OMC, ENPH, BIIB, TYL, SPGI, CNP, TGT, ALL, LDOS, FE, NDSN, MS, OKE, WTW, TER, WM, AFL, AWK, AEP, HIG, WELL, DOC, ES, JCI, LH, ITW, BKR, CHTR, DPZ, DXCM, ICE, HD, TECH, MKTX, NRG, TRGP, AMGN, CBOE, AJG, NOC, EFX, ARE, EXC, AMT, CMS, FIS, CCI, EIX, MHK, MMM, NWSA, CLX, NWS, EXPD, TROW, XYL, BEN, LHX, TTWO, NXPI, AVY, AMD, MTCH, DD, WDC, STX, MU, AMCR, CSGP, UBER, PFG, INTC","ABNB, ACGL, AES, ANSS, APA, AVB, BA, BG, BK, BKNG, BLK, CRWD, CTRA, CTVA, DAY, DFS, DHI, DOW, EA, EG, EL, EQR, ERIE, FI, FOX, FOXA, GEV, GIS, GLW, GOOGL, GS, GWW, HAS, HCA, HES, HOLX, HRL, HUM, IEX, IPG, ISRG, IT, JKHY, JNJ, JNPR, K, KEY, KO, KR, LEN, LII, LLY, MA, MCD, MCK, MCO, META, MKC, MMC, MRK, MRNA, MTB, MTD, NEM, NKE, NUE, PARA, PCAR, PEP, PFE, PG, PGR, PH, PKG, PNC, PNW, PRU, PSX, RCL, RF, RL, SCHW, SNA, SO, SOLV, SRE, STZ, SW, SYF, SYY, T, TAP, TEL, TFC, TMO, TSN, TXN, TXT, UHS, UPS, V, VLO, VTRS, VZ, WAT, WBA, WFC, WRB, XOM"
2025-04-02,503,396,0.7872763419483101,396,396,"CME, BKNG, ORLY, MO, VICI, WAT, NFLX, NEM, BRK.B, ETR, PAYC, PM, APH, CINF, ATO, FTNT, MNST, CI, WMT, GM, UAL, REG, RTX, FAST, EOG, NOW, ABT, TPL, ALL, APD, EVRG, O, CF, SPG, CAH, GRMN, ESS, TDY, KLAC, GEN, ROP, AOS, KMX, JBL, CPAY, ZBH, ANET, APO, CB, NI, FFIV, ADP, MLM, RMD, COP, ECL, HWM, EXR, GDDY, CTSH, HST, NVDA, CBRE, CCL, STLD, FANG, AZO, BSX, WELL, DRI, VRSN, WBD, AME, NRG, CSCO, DE, TRV, JPM, BRO, DGX, IP, PAYX, FSLR, VST, COF, COR, TPR, DUK, ALLE, TMUS, WAB, PHM, D, MSFT, XEL, GE, RSG, NTRS, GL, PLD, FTV, HSY, TDG, CPRT, MDT, HLT, SHW, DVA, DOV, HPQ, MAA, EW, EQT, FCX, AJG, F, FICO, SLB, BDX, KIM, NSC, UBER, KMB, MMM, SOLV, MCHP, CBOE, DG, OTIS, HSIC, PNR, PPL, LDOS, ROL, LIN, CVX, CNC, AVGO, DAL, NOC, CRM, GEHC, SYK, BKR, LKQ, VRSK, L, CMCSA, BR, IBM, EBAY, AAPL, ZTS, SMCI, YUM, ICE, MDLZ, CMI, MPWR, STT, LULU, STE, AMAT, CTAS, CHRW, INTU, GOOG, CVS, EMR, BLK, LW, VTR, KVUE, QCOM, ELV, MSI, ACN, HON, NCLH, SJM, COST, C, HPE, LUV, PODD, OKE, UNP, PCG, AMGN, CEG, ED, KDP, AEE, PANW, GD, KMI, UDR, INVH, CFG, DELL, PLTR, VMC, HAL, MOH, EXPE, AWK, DTE, AXON, URI, RJF, AIZ, TT, MET, LVS, XYL, LH, NEE, CNP, HBAN, WSM, TJX, REGN, USB, ULTA, FRT, SBAC, AON, TYL, DIS, WM, CSX, MOS, IDXX, LRCX, MPC, HIG, ADI, SNPS, UNH, CZR, MAR, LNT, ALB, BIIB, CPB, OMC, TRMB, CHD, ADSK, KEYS, FDX, BF-B, PSA, CHTR, EMN, DPZ, VLTO, BXP, WYNN, CDNS, PFG, CL, AFL, HUBB, DLTR, INTC, AVY, J, ON, AEP, ARE, LYB, DXCM, BAC, MAS, WEC, MHK, HII, LOW, ORCL, NDAQ, SPGI, CARR, AMZN, MSCI, MKTX, ES, PPG, ROK, AMT, EXE, JBHT, WMB, BMY, CAG, PTC, GILD, A, PYPL, LHX, CDW, SBUX, APTV, MGM, SWKS, KHC, ROST, NTAP, NVR, EPAM, GNRC, EXC, SWK, ODFL, TSCO, IQV, DOC, PWR, AKAM, CAT, FDS, ADBE, AMP, CMG, OXY, ZBRA, IR, GPC, ABBV, BG, DLR, GPN, WST, TTWO, FE, MS, EXPD, TGT, ETN, INCY, CPT, WDAY, ADM, IVZ, DECK, DVN, FITB, COO, TER, POOL, ITW, NWS, BALL, TRGP, WY, BBY, DHR, CMS, BEN, CRL, NWSA, NDSN, KKR, TSLA, SW, JCI, AXP, TROW, IFF, BLDR, LYV, CSGP, RVTY, TECH, LMT, WTW, EFX, AMCR, HD, PEG, EIX, EQIX, ALGN, DD, BAX, FIS, MU, NXPI, STX, MTCH, WDC, AMD, CCI, CLX, BX, ENPH","ABNB, ACGL, AES, AIG, ANSS, APA, AVB, BA, BK, CRWD, CTRA, CTVA, DASH, DAY, DFS, DHI, DOW, EA, EG, EL, EQR, ERIE, FI, FOX, FOXA, GEV, GIS, GLW, GOOGL, GS, GWW, HAS, HCA, HES, HOLX, HRL, HUM, IEX, IPG, IRM, ISRG, IT, JKHY, JNJ, JNPR, K, KEY, KO, KR, LEN, LII, LLY, MA, MCD, MCK, MCO, META, MKC, MMC, MRK, MRNA, MTB, MTD, NKE, NUE, PARA, PCAR, PEP, PFE, PG, PGR, PH, PKG, PNC, PNW, PRU, PSX, RCL, RF, RL, SCHW, SNA, SO, SRE, STZ, SYF, SYY, T, TAP, TEL, TFC, TKO, TMO, TSN, TXN, TXT, UHS, UPS, V, VLO, VRTX, VTRS, VZ, WBA, WFC, WRB, XOM"
2025-07-02,503,398,0.7912524850894632,398,398,"VICI, CME, BKNG, NFLX, MO, NEM, ORLY, O, MNST, APH, CF, CI, KLAC, EVRG, PAYC, FAST, EXR, ATO, EOG, RTX, AOS, PM, JBL, ABT, HST, WMT, GM, RMD, HSY, ETR, FCX, CINF, D, MLM, NVDA, NTRS, CCL, SMCI, NOW, ALLE, PHM, DG, SPG, CAH, MSFT, REG, UBER, MPC, ANET, ORCL, MPWR, FSLR, F, URI, DUK, MDLZ, PLD, FTNT, COF, STT, AMAT, ALL, NSC, TDY, ECL, PNR, STLD, APD, HWM, COP, HLT, GE, SBAC, CEG, VRSN, CBRE, DE, FANG, MDT, LDOS, FFIV, HSIC, COR, IDXX, STE, HII, NI, JPM, BSX, BRK.B, TRV, WELL, CB, WBD, GRMN, WAB, DGX, VST, UAL, GL, AZO, CRWD, CSCO, CBOE, DRI, EMR, CTSH, GEN, EQT, AME, ES, DIS, ESS, BLK, EW, TDG, AVGO, C, HPE, NRG, ADP, CFG, TT, USB, CVS, CPAY, LVS, ROP, ICE, WYNN, SOLV, GEHC, TPR, ZBH, TRMB, MMM, INTU, ZTS, XYL, SHW, ULTA, LIN, AWK, DELL, DAL, CMCSA, SLB, MOS, MGM, DOV, RSG, SYK, CVX, HBAN, NOC, LRCX, TPL, APTV, CSX, IBM, WAT, EBAY, XEL, ROL, HUBB, KIM, GD, LW, CTAS, ROK, PWR, ED, FTV, ADI, PCG, AMT, YUM, GOOG, CAT, HPQ, KDP, DLTR, DVA, APO, KMB, HAL, OTIS, DTE, LKQ, WFC, LHX, ELV, REGN, AMGN, NEE, LULU, SJM, PSA, SNPS, QCOM, BEN, PODD, CARR, BAC, CZR, L, LH, PYPL, PAYX, CNC, PLTR, BIIB, VMC, ADM, DXCM, BKR, GDDY, HON, ON, KMI, CHTR, BDX, NDAQ, AEP, COST, AXON, NCLH, CDW, ALB, PFG, BG, UNP, RJF, CRM, DECK, MET, BXP, TMUS, KVUE, CMI, ACN, ETN, INVH, PPL, VTR, LUV, SWKS, BR, OMC, A, CL, MHK, FRT, PPG, CPB, MKTX, LNT, LYB, VRSK, CHRW, MAR, MAA, HIG, BALL, GNRC, NTAP, ARE, CNP, FICO, MSCI, MOH, ADSK, AJG, EMN, FITB, WSM, NVR, EXC, GPC, BRO, KEYS, CPRT, MAS, EXE, IP, J, NDSN, DLR, AIZ, PANW, OKE, VLTO, KMX, ODFL, DVN, CDNS, INTC, IQV, AEE, AVY, IVZ, AAPL, AMP, PTC, KHC, SWK, JBHT, AXP, LOW, SPGI, MSI, GILD, EPAM, ADBE, EXPE, WMB, AKAM, SBUX, UNH, BF-B, FDX, WM, TJX, CAG, GPN, OXY, IR, TGT, MS, INCY, WST, AMZN, WEC, ZBRA, CRL, COO, FE, CMG, ROST, WDC, NWSA, UDR, CHD, DPZ, NWS, TSCO, MU, FDS, TER, STX, CSGP, DHR, POOL, TYL, JCI, EXPD, KKR, WY, ABBV, ALGN, LYV, TTWO, BLDR, EFX, DOC, AFL, AMD, ITW, AON, CMS, TROW, MCHP, IFF, BMY, RVTY, BBY, TECH, BAX, EIX, WDAY, CCI, NXPI, FIS, LMT, CPT, AMCR, PEG, HD, MTCH, TRGP, DD, SW, TSLA, EQIX, BX, WTW, ENPH, CLX","ABNB, ACGL, AES, AIG, ANSS, APA, AVB, BA, BK, COIN, CTRA, CTVA, DASH, DAY, DHI, DOW, EA, EG, EL, EQR, ERIE, FI, FOX, FOXA, GEV, GIS, GLW, GOOGL, GS, GWW, HAS, HCA, HES, HOLX, HRL, HUM, IEX, IPG, IRM, ISRG, IT, JKHY, JNJ, JNPR, K, KEY, KO, KR, LEN, LII, LLY, MA, MCD, MCK, MCO, META, MKC, MMC, MRK, MRNA, MTB, MTD, NKE, NUE, PARA, PCAR, PEP, PFE, PG, PGR, PH, PKG, PNC, PNW, PRU, PSX, RCL, RF, RL, SCHW, SNA, SO, SRE, STZ, SYF, SYY, T, TAP, TEL, TFC, TKO, TMO, TSN, TXN, TXT, UHS, UPS, V, VLO, VRTX, VTRS, VZ, WBA, WRB, XOM"
