date,strategy,spy
2016-01-04,99940.02498750627,99949.02548725638
2016-01-05,99679.80743733872,100118.09268915051
2016-01-06,98308.5609135004,98855.17769941207
2016-01-07,95878.45145405641,96483.48531689281
2016-01-08,94545.4044602978,95424.45527558218
2016-01-11,94607.01198362175,95518.9104494301
2016-01-12,95609.18495222897,96289.60743337723
2016-01-13,92858.82664423567,93888.07383930312
2016-01-14,93762.83717190655,95429.42281140192
2016-01-15,91611.23492339197,93380.88123277984
2016-01-19,91826.53061594805,93505.21361481897
2016-01-20,91068.72875353305,92306.93958485089
2016-01-21,90718.90038306585,92824.02226721818
2016-01-22,92677.64519121629,94728.37031968126
2016-01-25,91477.3115728629,93296.3881280487
2016-01-26,93142.11975634747,94569.23818942663
2016-01-27,92240.343515788,93540.01336303446
2016-01-28,92603.96831863878,94027.29083048331
2016-01-29,95540.88462603869,96319.38565081843
2016-02-01,95268.82172402537,96284.63989755748
2016-02-02,93388.04434637865,94549.34104867037
2016-02-03,93417.50784049196,95116.15308418969
2016-02-04,94208.7476141014,95265.32314532755
2016-02-05,91938.01523153034,93450.49872752902
2016-02-08,90617.59813284314,92192.5872702467
2016-02-09,91716.03514098392,92197.54580690736
2016-02-10,92280.52979220044,92118.00223967778
2016-02-11,92017.49397032826,90919.74620802788
2016-02-12,93549.242388234,92794.21705229972
2016-02-16,95579.75054709545,94360.41270265635
2016-02-17,97902.00897246458,95901.74367643696
2016-02-18,98579.61165908552,95509.00237526788
2016-02-19,99235.09639655046,95464.23155877652
2016-02-22,100351.56442294402,96846.45739977979
2016-02-23,99409.26518242965,95623.32769239479
2016-02-24,99536.15073495278,96060.86680753251
2016-02-25,100322.03585159822,97224.31409180781
2016-02-26,99720.49302075869,97000.61299505558
2016-02-29,99154.21519082338,96239.86908106612
2016-03-01,101078.63629141923,98502.15868648277
2016-03-02,100928.66890830769,98944.70133407661
2016-03-03,101533.48398577452,99332.5380935396
2016-03-04,101651.78472355644,99655.70689575496
2016-03-07,101389.24267126412,99735.25946214364
2016-03-08,100833.22222639408,98646.33421432361
2016-03-09,100771.01126865583,99133.62968009063
2016-03-10,100879.93027536989,99213.1912456384
2016-03-11,102410.81731503119,100814.17764505143
2016-03-14,102393.1404694653,100684.92272298802
2016-03-15,102368.79990696459,100520.84105523182
2016-03-16,102890.30046991624,101102.57369652858
2016-03-17,103648.70497406283,101743.96176345773
2016-03-18,104437.67513396314,102143.78540283359
2016-03-21,104689.71253004485,102288.7078608792
2016-03-22,104291.62320790057,102233.74099713464
2016-03-23,103508.38053572338,101559.0830390359
2016-03-24,103518.820202095,101514.08724356719
2016-03-28,103671.11767109239,101574.0486406088
2016-03-29,104885.49615257507,102513.63284326819
2016-03-30,105070.50160101528,102963.42881309158
2016-03-31,104974.85492562913,102713.55816169475
2016-04-01,105378.21202949951,103413.2067845968
2016-04-04,103646.56972103096,103078.35707387776
2016-04-05,102654.07074372949,102048.83527523551
2016-04-06,103274.52443113716,103163.35413151815
2016-04-07,101569.84647323459,101928.88548367504
2016-04-08,100799.55728177167,102203.75579903428
2016-04-11,100654.41189115815,101963.89221254969
2016-04-12,101149.15636537156,102913.44748348494
2016-04-13,102439.72028942793,103952.98534619852
2016-04-14,102190.5499175886,103957.97987949556
2016-04-15,102479.37254585077,103843.04261955028
2016-04-18,103125.27469208556,104572.69443887087
2016-04-19,103181.42619225234,104902.53161797469
2016-04-20,103232.98688568988,105002.48527802888
2016-04-21,102328.49220761369,104437.77904573748
2016-04-22,102200.44114583166,104437.77904573748
2016-04-25,102212.68152197014,104257.82286133993
2016-04-26,102756.83785165769,104412.75238429778
2016-04-27,103934.44967925952,104627.68830009272
2016-04-28,101925.85024961563,103678.11503083927
2016-04-29,101374.6453877127,103118.35833604944
2016-05-02,102572.79263988721,103937.98374798926
2016-05-03,101576.02591762076,103033.41527336361
2016-05-04,100816.6807114888,102458.63898204634
2016-05-05,100838.34784554988,102438.63385138095
2016-05-06,101510.52666879074,102813.51182174894
2016-05-09,101568.52620709976,102898.44588527568
2016-05-10,102467.38977958466,104177.84733447384
2016-05-11,100621.43730855304,103203.31039789437
2016-05-12,100974.70481083062,103233.27759767653
2016-05-13,100058.06388405972,102333.68565802973
2016-05-16,100383.55632828684,103343.25632096114
2016-05-17,99314.17032447284,102378.68145349843
2016-05-18,99910.84886424892,102408.6576524397
2016-05-19,99186.33797957093,102053.80281105527
2016-05-20,100286.47900082768,102698.52056684911
2016-05-23,100001.82253405928,102558.64663705508
2016-05-24,101874.44660596887,103887.95742258715
2016-05-25,102188.07607127436,104592.68157121807
2016-05-26,102120.43501633753,104622.67576847751
2016-05-27,102899.75760185509,105072.50773493727
2016-05-31,102756.45470838642,104872.57341735162
2016-06-01,103483.87529731056,105087.47333651017
2016-06-02,104114.64197070629,105407.32144901995
2016-06-03,103873.13996922746,105092.4678698072
2016-06-06,104280.40104052814,105627.2338997937
2016-06-07,104567.87222854086,105792.12549186834
2016-06-08,105105.84206741229,106136.98226749961
2016-06-09,104919.13021768784,105992.05081029491
2016-06-10,103873.04597921515,104987.51067729689
2016-06-13,103338.84093675566,104177.84733447384
2016-06-14,103124.76958790346,103972.92748275025
2016-06-15,102822.75683126396,103828.03202218191
2016-06-16,103123.52154092789,104137.90906641583
2016-06-17,102451.90815228531,103750.07230695283
2016-06-20,103329.086591217,104418.21487386769
2016-06-21,103637.77257094665,104714.63817525645
2016-06-22,104123.90571430372,104543.82513649814
2016-06-23,105670.66950466504,105905.1999258812
2016-06-24,100956.13537829339,102102.25428361597
2016-06-27,98696.5456356396,100273.63415492674
2016-06-28,100537.55546983126,102082.16816051873
2016-06-29,102279.83034610092,103820.40073527042
2016-06-30,103975.03591963067,105237.06635812543
2016-07-01,104069.62132021778,105458.11270294501
2016-07-05,103691.9081299523,104699.56458377444
2016-07-06,103873.4206117483,105327.48990869935
2016-07-07,104024.53651534987,105262.19201031516
2016-07-08,105900.63257057907,106829.60254714945
2016-07-11,106838.52680201444,107206.37034092714
2016-07-12,106714.67654371294,107985.0855756268
2016-07-13,106599.88564132704,107969.99398582659
2016-07-14,107008.46968681259,108572.82965519816
2016-07-15,106841.47182023589,108427.16026694777
2016-07-18,107225.94685162013,108718.50804260766
2016-07-19,107126.58772214002,108607.98936977741
2016-07-20,107468.12125792999,109060.12512096518
2016-07-21,106616.94385031184,108648.19761260826
2016-07-22,107450.57464311761,109135.49307837528
2016-07-25,107500.29746512177,108839.0877753047
2016-07-26,107765.121031477,108889.35707800234
2016-07-27,107705.80768563601,108773.78087776141
2016-07-28,108021.2263263081,108899.39114039186
2016-07-29,108903.60219427838,109075.24370824268
2016-08-01,109153.00412480741,108984.77516187329
2016-08-02,108158.14402453172,108286.4764128353
2016-08-03,108718.8022305975,108602.9678390031
2016-08-04,108092.37605480867,108718.50804260766
2016-08-05,109482.32377985763,109607.71495266027
2016-08-08,109303.85443372106,109542.41705427608
2016-08-09,109257.79010471313,109607.71495266027
2016-08-10,108932.48898991384,109336.47129841581
2016-08-11,109730.19884335602,109843.82588980279
2016-08-12,110344.89934430852,109748.42580425003
2016-08-15,110538.19590649779,110064.86323546327
2016-08-16,109874.39646186541,109497.20527898913
2016-08-17,110112.47207062723,109703.18703148578
2016-08-18,110766.2258978823,109949.350029336
2016-08-19,110599.57150826049,109788.5800521263
2016-08-22,110654.00350049551,109783.54052303381
2016-08-23,110638.20593650787,110004.61386533067
2016-08-24,110021.30569193125,109441.95044215355
2016-08-25,110029.7241408806,109366.60048306166
2016-08-26,109939.72080296709,109160.618730565
2016-08-29,110631.1223157206,109698.1385032342
2016-08-30,110222.7567975258,109517.30940040456
2016-08-31,110099.99006365667,109205.83050585196
2016-09-01,110613.82404206718,109210.86103578536
2016-09-02,110846.7014399621,109703.18703148578
2016-09-06,111050.63726975869,110034.7790466129
2016-09-07,110911.70782958447,110024.6819901097
2016-09-08,110656.34015141026,109773.50646064429
2016-09-09,107765.50033075728,107146.11197163544
2016-09-12,109344.11351502629,108683.3663263466
2016-09-13,108039.39875890728,107120.98631944571
2016-09-14,108178.12640143013,107080.82307241035
2016-09-15,109835.91594131962,108150.85008613352
2016-09-16,109818.56913263923,107732.77615211556
2016-09-19,110397.97970672339,107752.97026512191
2016-09-20,109950.28022737961,107758.0187933735
2016-09-21,111291.34244818382,108969.81855945948
2016-09-22,111737.65417413955,109656.47239663017
2016-09-23,111064.21822163467,109055.66153805469
2016-09-26,109727.35130597289,108172.06110411747
2016-09-27,110509.53476153949,108843.60535316975
2016-09-28,110588.60929752307,109383.83387272617
2016-09-29,109763.57624722042,108394.19634718739
2016-09-30,110284.17226083827,109212.16591385395
2016-10-03,109877.9327733857,108949.62444645313
2016-10-04,109508.1148042793,108394.19634718739
2016-10-05,109877.27463371247,108873.90552183839
2016-10-06,110381.92621680385,108949.62444645313
2016-10-07,110358.03797454374,108575.97036172188
2016-10-10,110844.9260790053,109141.4955174908
2016-10-11,109401.54755291095,107763.04932330691
2016-10-12,109650.1952626539,107904.45311014687
2016-10-13,109461.27480335672,107551.01113674017
2016-10-14,109846.26137293894,107606.55394666674
2016-10-17,109225.80332493506,107232.91786025367
2016-10-18,110200.24372545458,107904.45311014687
2016-10-19,110401.26369624442,108192.24621796473
2016-10-20,110069.9942695968,107990.27809042389
2016-10-21,110175.3889208961,108040.79936957615
2016-10-24,111194.27704496219,108500.25143710714
2016-10-25,111271.02259986411,108136.70340803816
2016-10-26,110755.6760276278,107919.59869490164
2016-10-27,109855.67355051117,107631.78758876558
2016-10-28,109965.67923021813,107313.6943122791
2016-10-31,110516.38457277844,107318.75183968978
2016-11-01,108999.03037413232,106541.16149987683
2016-11-02,108641.91853877043,105899.96241528864
2016-11-03,108831.18103399148,105415.25870734062
2016-11-04,108439.95370791273,105299.15155671317
2016-11-07,111465.18969682908,107621.6995314215
2016-11-08,112719.6202953545,108106.42123768771
2016-11-09,113821.55027306467,109252.59013650304
2016-11-10,113380.6568539091,109525.20166292976
2016-11-11,116133.5731532747,109272.73925371392
2016-11-14,114863.49034282798,109358.60023062731
2016-11-15,116012.1526570175,110211.88249757772
2016-11-16,116470.08349370588,110004.88384010347
2016-11-17,117375.64600518235,110570.38199839511
2016-11-18,117205.16349507247,110322.96811743088
2016-11-21,118058.43874354717,111156.06527053402
2016-11-22,118197.76156494457,111373.16998367054
2016-11-23,118186.41470775029,111433.7613218487
2016-11-25,118789.37309767462,111847.80363259267
2016-11-28,118490.66251667956,111322.70269947284
2016-11-29,118781.80542282354,111539.79841345026
2016-11-30,118124.7356667548,111272.20841779785
2016-12-01,116755.32260361992,110863.21463530547
2016-12-02,117432.84992852077,110918.78444270932
2016-12-05,119230.53944473265,111585.24416687366
2016-12-06,119697.33161224928,111938.67714112127
2016-12-07,121863.9515797762,113402.94831558218
2016-12-08,122228.16189483274,113680.62636857867
2016-12-09,121996.47442047998,114367.31620238573
2016-12-12,121375.4912449551,114236.02747036713
2016-12-13,122255.10485674831,114998.46322626622
2016-12-14,122016.63548305919,114049.21392674015
2016-12-15,122805.65036572196,114518.76305077432
2016-12-16,122448.11545199473,114294.80997756745
2016-12-19,123000.50468084552,114543.67272314579
2016-12-20,123916.03993497361,114985.53143464851
2016-12-21,123492.17779170175,114665.56633307051
2016-12-22,123697.91456990206,114467.47684309908
2016-12-23,123769.52403874588,114635.1131786973
2016-12-27,125320.56704660601,114919.50460437773
2016-12-28,123102.1852775548,113969.75135194241
2016-12-29,123414.76128527119,113944.35572497986
2016-12-30,121889.9994709387,113527.91063875788
2017-01-03,121511.95405471721,114396.39248541761
2017-01-04,122398.894986925,115076.93589356364
2017-01-05,122240.35654418013,114985.53143464851
2017-01-06,122958.02457060889,115396.90999430073
2017-01-09,122359.95117217273,115016.0205856581
2017-01-10,123069.84688805694,115016.0205856581
2017-01-11,123908.59366188709,115341.04321464678
2017-01-12,123462.03185819705,115051.56726407839
2017-01-13,124340.13211286606,115315.63858852514
2017-01-17,123151.89357425371,114909.3445537609
2017-01-18,123266.93380332785,115163.31882170447
2017-01-19,125867.6251127045,114736.66868907017
2017-01-20,125972.38272660977,115158.2342968165
2017-01-23,126457.56382585166,114858.54430067672
2017-01-24,127660.14363195936,115595.00848343126
2017-01-25,129584.23189134961,116595.52599231437
2017-01-26,130042.64196084083,116473.62338323054
2017-01-27,129966.7966283001,116290.7964670821
2017-01-30,128845.45377706847,115569.56786067325
2017-01-31,128238.70969686151,115559.45280585189
2017-02-01,128323.99318707609,115605.13253741172
2017-02-02,128184.00177001367,115681.32841745843
2017-02-03,128747.91700379545,116478.7169072776
2017-02-06,128676.83916633783,116270.47636584843
2017-02-07,128570.81873154097,116275.56988989549
2017-02-08,128606.76610108856,116427.91665419344
2017-02-09,129280.36974621197,117118.64711043358
2017-02-10,129743.54854565834,117580.83492232907
2017-02-13,130570.63507266174,118220.78312380322
2017-02-14,130277.47751991093,118693.09498967917
2017-02-15,130478.02518254808,119312.73208907877
2017-02-16,130737.39034147424,119211.1495812286
2017-02-17,131120.18609530773,119399.07002142412
2017-02-21,131755.62105799277,120110.08458226157
2017-02-22,132006.51006801007,120003.45354615981
2017-02-23,131512.41758169048,120084.7069536172
2017-02-24,132351.59185832145,120237.08071539244
2017-02-27,132654.7811775226,120425.00115558796
2017-02-28,132998.33515570185,120099.93353080383
2017-03-01,135284.5728912211,121781.05744194663
2017-03-02,133684.1873198761,121014.14910397795
2017-03-03,134263.47383231137,121090.33598486557
2017-03-06,133809.3158371133,120729.72168166115
2017-03-07,132952.459563572,120369.13437593401
2017-03-08,132557.12947036812,120145.64025984093
2017-03-09,132528.46542657603,120298.01402161617
2017-03-10,133450.50665491357,120719.57063020341
2017-03-13,134110.31514057066,120780.52193474532
2017-03-14,133623.76251651003,120318.32512369075
2017-03-15,134286.5223400548,121359.4828350412
2017-03-16,134073.48860997774,121120.80713755699
2017-03-17,134488.6956333034,120908.05801742183
2017-03-20,134213.11908471552,120775.47340649374
2017-03-21,131998.1318693873,119224.77430809653
2017-03-22,132602.86453944037,119505.30509452574
2017-03-23,132774.47039041927,119377.8140076447
2017-03-24,133220.56328070784,119291.08011229921
2017-03-27,133163.56479747247,119168.65555198796
2017-03-28,134107.86989810425,120035.8415197382
2017-03-29,133616.77794935962,120148.04303531896
2017-03-30,134110.66889331295,120530.61528671211
2017-03-31,133487.2468689472,120250.05750280562
2017-04-03,133028.98485060854,120040.90804630797
2017-04-04,132382.94307694343,120117.43689524115
2017-04-05,131825.4739060037,119760.35926156057
2017-04-06,132150.59431713223,120097.04480073473
2017-04-07,131711.94222540967,119974.59324294618
2017-04-10,131304.50582444557,120046.02856783231
2017-04-11,131021.40491704286,119903.17591637826
2017-04-12,129059.08620697238,119377.8140076447
2017-04-13,128048.90086530863,118602.44646012792
2017-04-17,130045.37676223372,119653.25127002686
2017-04-18,129420.52451514223,119296.16463718718
2017-04-19,130761.91180282134,119076.83713175451
2017-04-20,132483.5342706903,120046.02856783231
2017-04-21,132760.7161240902,119663.45631643916
2017-04-24,134420.30733758418,120979.48434314886
2017-04-25,135727.22516043702,121683.41656577952
2017-04-26,135574.30309072707,121606.91471432363
2017-04-27,135535.3759322496,121708.92918181028
2017-04-28,135383.6943704438,121443.71496415861
2017-05-01,136592.17071615404,121749.74036830041
2017-05-02,136506.08959705848,121795.6180813603
2017-05-03,136822.31359106567,121647.72590081375
2017-05-04,137569.18588565616,121790.55155479052
2017-05-05,137985.6091699031,122270.03575046417
2017-05-08,137089.6002302022,122249.65265511685
2017-05-09,137170.248363874,122137.4151428997
2017-05-10,138652.9290149731,122356.75164749147
2017-05-11,139377.32925770944,122106.85399861736
2017-05-12,139373.00490168305,121902.77106868949
2017-05-15,140390.59391749513,122576.10615040142
2017-05-16,140901.73006468234,122463.90463482066
2017-05-17,136854.6064818466,120290.88668761392
2017-05-18,138406.16029271678,120775.47340649374
2017-05-19,139751.18763432163,121561.01900294554
2017-05-22,141220.13362626196,122178.23532854892
2017-05-23,141600.78506152314,122448.579066884
2017-05-24,142177.11936051035,122734.22137567846
2017-05-25,143113.07744286046,123320.84056036313
2017-05-26,143902.54246042258,123295.34594265054
2017-05-30,144271.10311526724,123188.21095363956
2017-05-31,144251.73609344265,123157.63181103901
2017-06-01,145007.67379066843,124136.99229689274
2017-06-02,145597.47096953238,124550.16168920461
2017-06-05,146312.68120309914,124458.38826476663
2017-06-06,145021.08241104014,124060.48144627776
2017-06-07,145768.07545238084,124290.04099560001
2017-06-08,147953.41577894878,124351.22627827837
2017-06-09,145738.8855093355,124162.5049129235
2017-06-12,145294.09440626763,124136.99229689274
2017-06-13,146341.18100899796,124744.00357608382
2017-06-14,145531.08041705927,124585.87935164767
2017-06-15,144456.12813504596,124346.12375507221
2017-06-16,144753.34184501343,124373.34621133078
2017-06-19,146952.110981425,125408.72646254305
2017-06-20,145578.01646118623,124562.9764917541
2017-06-21,145656.51364398384,124532.2083668126
2017-06-22,145121.37383361053,124475.81063677212
2017-06-23,144900.99590728444,124624.48574415983
2017-06-26,144285.2017139538,124706.486081822
2017-06-27,142168.47067121227,123701.82895975577
2017-06-28,144894.7139516517,124808.99550305882
2017-06-29,142258.89239740852,123712.09700028173
2017-06-30,142502.73198003386,123942.70945121796
2017-07-03,141718.0211950412,124152.90281017048
2017-07-05,143127.4748451529,124439.94898778356
2017-07-06,142610.03927389628,123301.98732206173
2017-07-07,144750.4632203966,124101.60760333616
2017-07-10,146082.8790206279,124234.86715119627
2017-07-11,146413.092459452,124142.62577048542
2017-07-12,148469.33261269628,125075.56859373364
2017-07-13,148152.64805730316,125285.68096025432
2017-07-14,148859.16723826193,125870.04135600643
2017-07-17,148484.2161247981,125854.66179311523
2017-07-18,149411.1845633237,125921.30956536348
2017-07-19,149720.56436888233,126603.0408625099
2017-07-20,149944.4759437687,126659.42959339128
2017-07-21,151751.66162951782,126546.64313246941
2017-07-24,151324.6933602431,126515.92000332338
2017-07-25,151045.8572429487,126823.44826703382
2017-07-26,151888.70021599223,126828.57778771725
2017-07-27,149765.05502698084,126710.67080527105
2017-07-28,149874.60712815178,126562.02269536062
2017-07-31,149281.84721879524,126490.26340074712
2017-08-01,149639.34732226533,126772.21605431315
2017-08-02,149276.2109356346,126833.71630755978
2017-08-03,149503.85315036372,126587.67929793688
2017-08-04,149761.49917834494,126818.34574382767
2017-08-07,151556.81768811017,127054.09671460642
2017-08-08,150340.86893206995,126741.42993105346
2017-08-09,149212.94983581407,126736.3274078473
2017-08-10,146270.45425849594,124947.40256992057
2017-08-11,145605.338468984,125131.92132797865
2017-08-14,148521.8895396524,126372.3744166191
2017-08-15,149032.34654937233,126356.9858545688
2017-08-16,149396.2125927859,126577.4292557291
2017-08-17,146828.50923734726,124603.97666058519
2017-08-18,147382.69365519466,124409.19886116024
2017-08-21,147090.35086694759,124506.58776087272
2017-08-22,149399.5265696946,125808.51410528252
2017-08-23,149153.91650281014,125357.458253186
2017-08-24,148389.15145212092,125065.32755068496
2017-08-25,148346.98605101238,125357.458253186
2017-08-28,148966.99219873894,125362.59677302853
2017-08-29,149119.28498154166,125506.13336057372
2017-08-30,149896.43604999725,126100.69880273813
2017-08-31,151046.80839642478,126859.35491181785
2017-09-01,151322.30286710308,127038.7441491925
2017-09-05,149709.29953443044,126126.35540531439
2017-09-06,150483.77991053654,126556.875176359
2017-09-07,151362.49113228283,126541.51361178598
2017-09-08,150861.90993534055,126392.88350019374
2017-09-11,153747.5940971035,127740.96653159535
2017-09-12,153732.13384105987,128171.54929675361
2017-09-13,153993.83291616998,128233.02255252296
2017-09-14,154067.0112636206,128192.05838032825
2017-09-15,155365.58153574666,128364.60825679166
2017-09-18,156660.83137781871,128637.6157462185
2017-09-19,157350.32075790505,128766.41171116813
2017-09-20,157603.4917489129,128812.78437797818
2017-09-21,156973.9099177295,128467.63962925591
2017-09-22,156921.08253558294,128493.39522258218
2017-09-25,154553.42669403402,128230.70976863588
2017-09-26,154516.57941085257,128307.97654861474
2017-09-27,157083.30285852143,128807.63685897656
2017-09-28,157770.46163949283,128962.1794180934
2017-09-29,159414.75294085004,129415.47606080426
2017-10-02,159442.87461736845,129976.96959329917
2017-10-03,159617.03142335068,130255.13360088674
2017-10-04,159599.03149975435,130409.67616000357
2017-10-05,160038.76318482598,131182.3709572695
2017-10-06,160114.88912920057,131032.98491631339
2017-10-09,160551.64708980665,130816.63613254075
2017-10-10,160923.0133883925,131161.75388378574
2017-10-11,161533.76426675887,131367.82562787333
2017-10-12,161977.38431052718,131172.08491842536
2017-10-13,162611.96694536466,131331.7659973847
2017-10-16,163647.9864632333,131506.90763166713
2017-10-17,164374.82795768938,131599.60796949174
2017-10-18,164869.04472209513,131728.3949352823
2017-10-19,164561.4571060001,131764.4725640891
2017-10-20,166231.8978596117,132444.43102689405
2017-10-23,165609.33244717598,131929.31016120917
2017-10-24,165596.21228461608,132161.10150198668
2017-10-25,164361.13579504524,131506.90763166713
2017-10-26,165227.43913654983,131676.8927477888
2017-10-27,167175.5561279168,132753.49814680952
2017-10-30,166568.27171235325,132258.97635629022
2017-10-31,167279.02211151412,132465.0481003778
2017-11-01,166888.55277544673,132640.16273718292
2017-11-02,167293.37073982682,132691.6919221537
2017-11-03,167878.73674359228,133134.69352686132
2017-11-06,169879.48881062472,133340.7652709489
2017-11-07,169634.66490961748,133248.05593396517
2017-11-08,169547.94760727457,133474.69075658196
2017-11-09,168359.64181541832,132990.44600574774
2017-11-10,169529.5319965152,132949.2478554166
2017-11-13,169920.8314416264,133072.90530052368
2017-11-14,169650.0873479926,132763.8291814491
2017-11-15,168711.99364920927,132099.30427648994
2017-11-16,170846.88064470323,133222.26434400253
2017-11-17,169674.6654615201,132830.77392594746
2017-11-20,170413.34409123764,133057.43574604153
2017-11-21,171744.94739464723,133927.97840013375
2017-11-22,171723.8678347603,133809.51346982372
2017-11-24,172106.61806321255,134118.5805897392
2017-11-27,171969.8619635251,134051.63584524085
2017-11-28,173594.3248086886,135411.5707691689
2017-11-29,171632.468194719,135329.16546934753
2017-11-30,173435.87194630134,136513.9317615159
2017-12-01,172548.22366642856,136230.61123576763
2017-12-04,170737.23750779827,136065.78263780667
2017-12-05,171226.35249398407,135576.3903679708
2017-12-06,171674.66453429085,135602.1549604562
2017-12-07,173974.5452332443,136029.74100563623
2017-12-08,175285.58885000742,136771.4786956197
2017-12-11,175033.54361562326,137183.63118295398
2017-12-12,174978.36980146347,137425.70856257563
2017-12-13,174526.42310431888,137410.2210097753
2017-12-14,174351.26292652197,136848.76347391674
2017-12-15,175159.88972711234,137988.37198575275
2017-12-18,177264.90040975122,138863.37822275545
2017-12-19,176819.12528301176,138330.0970540194
2017-12-20,177192.98144195316,138257.60882751932
2017-12-21,177442.49565551852,138542.36021956347
2017-12-22,176741.3526231691,138506.1296050521
2017-12-26,177161.91565567092,138340.4370878181
2017-12-27,177554.32433839585,138407.75979699838
2017-12-28,177626.2653709151,138692.52918736075
2017-12-29,176306.5719115203,138169.6060507416
2018-01-02,178260.38093961446,139158.46964859831
2018-01-03,180488.13985971187,140038.6953978754
2018-01-04,181161.95703023078,140628.93224451572
2018-01-05,183032.10864765372,141566.1226708562
2018-01-08,184114.07462918962,141824.97448302858
2018-01-09,183865.82016046654,142145.94749042505
2018-01-10,182719.62299288355,141928.4828109248
2018-01-11,183618.12102087308,142964.0610436371
2018-01-12,184755.2958310718,143896.00496022592
2018-01-16,182886.1598901922,143404.13792163928
2018-01-17,184249.8520546459,144771.047193865
2018-01-18,184887.51838865512,144527.69193365204
2018-01-19,186691.3751450473,145185.21549283626
2018-01-22,187970.78475634556,146365.7521802306
2018-01-23,189631.095266791,146676.41215130565
2018-01-24,189602.62245835311,146619.44747424228
2018-01-25,187773.18575240913,146681.55967030727
2018-01-26,190912.53037281844,148379.82697952367
2018-01-29,189538.6273468412,147396.10190150945
2018-01-30,187543.983527903,145884.1891788063
2018-01-31,187319.5501548497,145956.75839773822
2018-02-01,185261.3965514336,145790.97588891332
2018-02-02,180217.75691239594,142617.15245973246
2018-02-05,173111.92406629273,136652.5818056732
2018-02-06,177366.47038120122,139344.89622838428
2018-02-07,177172.70012304236,138588.9488661918
2018-02-08,169407.24122081348,133390.6836064419
2018-02-09,173194.27764849953,135394.39137445897
2018-02-12,175104.68056599822,137382.56659388024
2018-02-13,176355.29815183015,137724.32765878327
2018-02-14,179706.00595946633,139583.03197632288
2018-02-15,182828.72726089653,141364.16354247442
2018-02-16,181638.92529405866,141405.55967430564
2018-02-20,183031.99785247422,140520.2404009815
2018-02-21,181763.67375255795,139821.23071837513
2018-02-22,181464.63110801234,140002.46478336398
2018-02-23,184801.54557930757,142234.0222604755
2018-02-26,185806.913078482,143885.6829247454
2018-02-27,183500.17623484778,142089.00981083896
2018-02-28,181952.6496779963,140649.63031043133
2018-03-01,179434.2379532816,138604.51741142396
2018-03-02,180987.53304419888,139318.9966485125
2018-03-05,183713.15455615844,140929.2251843148
2018-03-06,184978.58126574365,141286.49180033634
2018-03-07,184682.22224870653,141234.70163975187
2018-03-08,184373.76624951547,141918.18777292155
2018-03-09,188437.06930379538,144387.87199881257
2018-03-12,188212.19844538852,144206.67393046006
2018-03-13,186314.26241141517,143274.6850180758
2018-03-14,186396.24582943053,142539.48971675348
2018-03-15,186632.21770111672,142384.18222911368
2018-03-16,187272.16684636244,142538.52680673046
2018-03-19,184064.19686791723,140609.91702135064
2018-03-20,184868.66344617392,140849.12366922142
2018-03-21,185746.23002335656,140578.75293340904
2018-03-22,181257.5293483293,137064.70729553018
2018-03-23,176904.46598376325,134143.20228901968
2018-03-26,181457.4430943402,137813.22135231126
2018-03-27,176445.83409814636,135468.77842352784
2018-03-28,175017.2161839198,135068.54082283366
2018-03-29,180562.9973292555,136794.37255635418
2018-04-02,176059.0619774645,133841.72146022023
2018-04-03,178023.96709379338,135557.15016582838
2018-04-04,179263.63819258526,137007.50864033037
2018-04-05,179805.7218648065,138088.7666046025
2018-04-06,175766.04238834715,135011.36016595204
2018-04-09,175854.2730732454,135676.7399910251
2018-04-10,179471.44552350297,137834.02740813597
2018-04-11,177701.6872159831,137111.44892786306
2018-04-12,180068.3660970874,138239.5295169
2018-04-13,179163.57318633943,137834.02740813597
2018-04-16,180995.40722888644,138967.2735144927
2018-04-17,183863.82606465992,140454.05158584705
2018-04-18,182900.90537513755,140557.97387506158
2018-04-19,181393.4678752305,139778.22373706615
2018-04-20,180649.55732784298,138592.99848778397
2018-04-23,180879.18754817251,138572.2374277547
2018-04-24,178099.7085804435,136706.02781153092
2018-04-25,178047.62956574262,137043.91923802363
2018-04-26,180236.47085834996,138437.06105900762
2018-04-27,180314.7894838633,138567.01791548033
2018-04-30,177167.29797380153,137501.4004897131
2018-05-01,176699.45872811344,137745.6826633127
2018-05-02,176376.25560606676,136820.36212781692
2018-05-03,176178.93652717842,136518.85430154018
2018-05-04,178958.74548032033,138286.28914755106
2018-05-07,179947.73208802205,138754.1554288347
2018-05-08,179579.3712712379,138754.1554288347
2018-05-09,182591.14354927288,140095.28211025684
2018-05-10,184119.97434524779,141405.28969953282
2018-05-11,183573.10281694244,141836.79937807773
2018-05-14,184078.96268180292,141904.33806707629
2018-05-15,182787.99193218196,140927.0563869732
2018-05-16,183730.04581204118,141519.66901161429
2018-05-17,184719.24551200488,141400.11518305392
2018-05-18,183122.10724020097,141046.57421889718
2018-05-21,184968.71658402885,142107.08912145827
2018-05-22,183839.68162919013,141712.02603724302
2018-05-23,184808.32762830003,142101.87860834302
2018-05-24,185517.2149573927,141810.76481081956
2018-05-25,184774.55714771667,141472.85538600865
2018-05-29,183847.7286252674,139845.79842270105
2018-05-30,184471.16114326922,141712.02603724302
2018-05-31,182670.12880467894,140843.85016199248
2018-06-01,186480.38101226097,142226.60695338226
2018-06-04,187333.2257855266,142902.45280048138
2018-06-05,187610.0404340127,143006.37508969588
2018-06-06,186508.45169355642,144202.0303643677
2018-06-07,185524.07918429386,144186.45281997643
2018-06-08,185926.02566944328,144612.67099297422
2018-06-11,185709.61598341857,144805.00102112567
2018-06-12,186636.2203625197,144992.14753363913
2018-06-13,185356.3676891867,144529.50976378896
2018-06-14,185342.8201622757,144893.4177592217
2018-06-15,185401.57000156466,144708.54803395897
2018-06-18,185788.74907929188,144410.90084693345
2018-06-19,184101.82587377052,143857.42556519105
2018-06-20,184715.189241432,144102.8056362001
2018-06-21,183165.15694314704,143199.45204805213
2018-06-22,182517.7771575534,143460.57164831614
2018-06-25,179293.50099244388,141507.64613506504
2018-06-26,179951.29134336516,141820.97885639095
2018-06-27,177473.79048054284,140646.0936409075
2018-06-28,178536.94859182957,141450.23150004697
2018-06-29,178406.92997314042,141653.8194762247
2018-07-02,179525.9511121236,141956.74017047914
2018-07-03,177122.13308179218,141455.41501568496
2018-07-05,177872.9110945833,142609.40418375275
2018-07-06,179261.0143831118,143815.660467837
2018-07-09,180382.89080087777,145110.63046226735
2018-07-10,180648.11094853067,145632.73467540895
2018-07-11,178968.84630290722,144567.53121096003
2018-07-12,180208.99516541377,145878.20473800894
2018-07-13,179726.94793755366,145993.09700215876
2018-07-16,178782.38747674297,145862.54620118585
2018-07-17,179701.6677200791,146452.6030646443
2018-07-18,181290.89301821447,146760.6262821049
2018-07-19,181008.1753060713,146207.1330020443
2018-07-20,181103.9604306075,146040.09961010536
2018-07-23,181532.4156469152,146311.60423996355
2018-07-24,181585.4027265064,147047.81644626346
2018-07-25,183857.52647732536,148301.03934165795
2018-07-26,184482.60794172235,147951.19703188873
2018-07-27,182551.31434735714,146948.68170968682
2018-07-30,180124.33473762966,146181.04443983154
2018-07-31,181126.6319512664,146901.59810930837
2018-08-01,181240.29728501127,146656.2270374584
2018-08-02,183841.38717559713,147455.1363851644
2018-08-03,184159.4341238575,148086.94934681783
2018-08-06,185379.81165800456,148630.03059980695
2018-08-07,186370.59767738145,149120.86273509782
2018-08-08,186264.87439356884,149058.25558528266
2018-08-09,185589.0716221556,148854.5866166731
2018-08-10,184875.95695302813,147857.2098143137
2018-08-13,184062.2294413783,147303.72553341222
2018-08-14,185277.2903745798,148243.66970243535
2018-08-15,184905.31067845682,147136.61114904142
2018-08-16,185181.31525523044,148327.17289966618
2018-08-17,184868.1734631477,148849.34910608054
2018-08-20,186144.31999588138,149167.84734472624
2018-08-21,186593.0288893493,149517.73465029092
2018-08-22,186570.73372325182,149428.97594414934
2018-08-23,187146.30645014276,149230.5894819278
2018-08-24,188584.08149209913,150128.66056368776
2018-08-27,190631.8095731657,151314.02080035635
2018-08-28,190079.68017455618,151387.09397219753
2018-08-29,191273.5400347949,152201.7518483176
2018-08-30,191029.14945369668,151585.48943357816
2018-08-31,191367.41870068474,151590.67294921615
2018-09-04,191728.96314935767,151329.66133886127
2018-09-05,190516.7388009643,150922.34139996034
2018-09-06,190406.52278465597,150468.05484974914
2018-09-07,189722.476183601,150175.6631716344
2018-09-10,190574.33184789808,150436.71077862565
2018-09-11,190964.02886173694,150932.77142535
2018-09-12,190471.58617196316,150969.34400790694
2018-09-13,190377.7910313486,151862.26757066528
2018-09-14,190647.05384181437,151888.38313035533
2018-09-17,189675.0876038061,151084.23627205673
2018-09-18,190969.48219077088,151904.02366886023
2018-09-19,188365.1088660818,152065.91854095666
2018-09-20,188672.9644724686,153298.24538893547
2018-09-21,187469.53311841315,153158.1104835277
2018-09-24,186567.15707330362,152649.3700216403
2018-09-25,187243.6024338891,152507.79525077756
2018-09-26,187155.08659504788,152051.35790154297
2018-09-27,186910.145862274,152476.2801956313
2018-09-28,188456.2659175886,152492.01072572713
2018-10-01,190289.43429364116,153021.8092198939
2018-10-02,190034.96850742892,152932.55556000216
2018-10-03,190192.49704468186,153016.55371098316
2018-10-04,188141.70077662054,151820.60146406124
2018-10-05,187134.25639281957,150970.8648657938
2018-10-08,187081.23501585392,150970.8648657938
2018-10-09,186134.3386343332,150750.5564520199
2018-10-10,177683.77101279146,145977.3574729038
2018-10-11,174634.98027285442,142761.93993039167
2018-10-12,178032.25537354473,144744.6886568794
2018-10-15,177099.57230101482,143931.65062939623
2018-10-16,181222.12685608424,147078.8455468187
2018-10-17,179822.92174223924,147105.04209894058
2018-10-18,178225.16720511485,144980.64660831733
2018-10-19,177264.6809430438,144902.02095531533
2018-10-22,177289.88444013288,144251.6427284515
2018-10-23,175551.71384752032,143517.26635060672
2018-10-24,169915.3226567763,139168.87267651068
2018-10-25,173951.30818037505,141665.65337043296
2018-10-26,172327.7115726357,139174.13718458053
2018-10-29,171336.06900641922,138403.08023426964
2018-10-30,176613.48210247263,140453.99759089248
2018-10-31,176704.9414784558,141954.13941350105
2018-11-01,178236.70076975747,143464.84624888565
2018-11-02,179855.58898868665,142615.06465482272
2018-11-05,179264.72918844488,143401.85213522948
2018-11-06,180335.71774049132,144309.32733824238
2018-11-07,184599.8687768567,147398.80164923758
2018-11-08,184631.87626527614,147131.292646017
2018-11-09,183528.68328008952,145694.081942951
2018-11-12,179757.22341276397,142971.77332298044
2018-11-13,181356.66875125965,142704.2193239644
2018-11-14,180697.19458479484,141728.63848493007
2018-11-15,182968.507779289,143207.79426853202
2018-11-16,181284.84432402064,143580.2424659447
2018-11-19,178078.8917218431,141151.62140299843
2018-11-20,172976.07435794402,138539.42649369893
2018-11-21,174376.32879449634,139011.50438143843
2018-11-23,174001.98313675154,138083.08813521438
2018-11-26,176076.11858404963,140312.3688250752
2018-11-27,177293.9255176312,140784.46471113287
2018-11-28,181623.05100579903,144026.05180828957
2018-11-29,181264.04818599514,143711.34221562234
2018-11-30,182428.1719437569,144587.32036180716
2018-12-03,184164.23523193455,146501.90045815983
2018-12-04,178663.93051336907,141754.82603789284
2018-12-06,179551.55806170384,141539.80013050698
2018-12-07,174096.3510670729,138250.97644726723
2018-12-10,175442.99958602813,138513.22994157704
2018-12-11,175710.41038688156,138544.69100176878
2018-12-12,176523.3020327622,139242.3238130338
2018-12-13,176268.50210318906,139195.15022106442
2018-12-14,172607.82238844037,136624.90939145992
2018-12-17,168386.68129568594,133944.54585202533
2018-12-18,168213.29550442906,133797.67957561545
2018-12-19,165494.05575935164,131793.9718075984
2018-12-20,162436.71009732503,129648.61727544582
2018-12-21,159500.88406712632,126992.18250004147
2018-12-24,155969.1109776242,123636.66604875798
2018-12-26,163750.3301056134,129883.39633704245
2018-12-27,164983.3397078755,130880.57515790178
2018-12-28,165172.77442427233,130711.732934985
2018-12-31,166139.3481822309,131856.62395320903
2019-01-02,165035.86529403998,131993.77113779765
2019-01-03,161309.01512316006,128844.04745666984
2019-01-04,165210.9366816472,133159.77418325556
2019-01-07,166512.22131977425,134209.67907724515
2019-01-08,167375.40253033696,135470.64124946023
2019-01-09,169077.0266660522,136103.75009002315
2019-01-10,169670.44896610905,136583.86422683336
2019-01-11,170089.53152500495,136636.64429491817
2019-01-14,169498.20094012455,135803.05218806487
2019-01-15,171706.67296799808,137359.43875500932
2019-01-16,171407.09209510614,137691.83169529575
2019-01-17,173557.2496040835,138736.4630820564
2019-01-18,177320.7218907902,140583.03653313764
2019-01-22,174769.74219491196,138683.6740148125
2019-01-23,174699.60905515013,138973.90589474476
2019-01-24,174114.51571434326,139047.71699763165
2019-01-25,175958.44290281832,140224.321052502
2019-01-28,173919.41657041767,139158.5056452347
2019-01-29,173293.07173748463,138973.90589474476
2019-01-30,175639.1901645962,141173.92131923273
2019-01-31,175687.66525550757,142413.81646000937
2019-02-01,176726.82268293266,142482.3630548264
2019-02-04,178599.10493673896,143484.81538291468
2019-02-05,179688.63575196287,144086.2651817858
2019-02-06,179351.28465689797,143896.3469282715
2019-02-07,177236.67707637665,142524.60510761244
2019-02-08,177955.13049261938,142698.71183859906
2019-02-11,179310.1272457205,142777.8594428285
2019-02-12,182831.9122123362,144613.91287692916
2019-02-13,183427.07931672034,145083.42600432696
2019-02-14,183580.41707550615,144761.59807681656
2019-02-15,186721.12151833955,146339.1596651086
2019-02-19,186841.97375033124,146592.3690045292
2019-02-20,187293.29346275306,146887.80239841764
2019-02-21,186403.01485455106,146365.50020377597
2019-02-22,186912.96013051912,147272.9574084707
2019-02-25,186590.48082163953,147473.4226764429
2019-02-26,186594.9681509303,147367.95253186423
2019-02-27,186413.94963194296,147304.65244679886
2019-02-28,186560.2825823342,147030.31308182614
2019-03-01,186808.52113116588,147948.28130434235
2019-03-04,186385.46166808176,147410.09559390025
2019-03-05,185288.1418441903,147209.61232760985
2019-03-06,183676.4920725198,146318.02963955648
2019-03-07,182319.1561835868,145094.0270137394
2019-03-08,180856.15737012477,144803.84012960258
2019-03-11,183342.38284214478,146903.65891674082
2019-03-12,184066.82820357513,147457.62915223336
2019-03-13,185835.1815774787,148433.6779475406
2019-03-14,184770.1038063077,148338.69182330617
2019-03-15,186949.13928620642,149071.58333990048
2019-03-18,188932.79573356977,149612.09083338882
2019-03-19,188749.35425721278,149649.15836969594
2019-03-20,188558.8805431312,149198.76845537234
2019-03-21,192354.08062082715,150883.95998642553
2019-03-22,187885.85494093152,147979.98534182963
2019-03-25,188539.26699036433,147868.62074804457
2019-03-26,190091.44273811116,148970.8917488006
2019-03-27,190063.6879574078,148191.88854100995
2019-03-28,190774.06613311372,148753.62505080042
2019-03-29,191879.8983497828,149691.57140650472
2019-04-01,194820.00863773326,151466.75452849534
2019-04-02,194455.032956506,151540.97959270052
2019-04-03,194905.4046270296,151779.4213120483
2019-04-04,194279.51595675293,152182.1876764478
2019-04-05,195438.1419208027,152918.80484490693
2019-04-08,196235.62006707035,153035.36195348907
2019-04-09,194753.07401372597,152251.08523846947
2019-04-10,195532.20369209786,152770.39071313295
2019-04-11,197548.1132902403,152727.96867716504
2019-04-12,200167.35500772597,153761.3601142176
2019-04-15,199506.8381089854,153660.65952395863
2019-04-16,200131.70902516777,153761.3601142176
2019-04-17,201557.7571154525,153385.14126914463
2019-04-18,201326.59540343573,153687.1530483306
2019-04-22,201356.78308963787,153819.63866850868
2019-04-23,202218.57635917646,155202.70143130765
2019-04-24,203388.0279571851,154858.30361279016
2019-04-25,203190.80653333542,154762.91252639648
2019-04-26,204384.15159681777,155483.58318494153
2019-04-29,204193.1139331548,155727.31640983644
2019-04-30,203144.37240503987,155806.8329795887
2019-05-01,200460.089830957,154635.70041344737
2019-05-02,201262.22240374255,154301.84960938772
2019-05-03,201225.97930400074,155812.14248345402
2019-05-06,198982.7473298625,155170.95239802494
2019-05-07,195400.25750632552,152579.644536982
2019-05-08,195000.28251852118,152367.62434873343
2019-05-09,195313.31297268588,151906.6514233156
2019-05-10,195611.9809636067,152669.70812119218
2019-05-13,189704.43316473791,148833.06962727997
2019-05-14,192111.31042082555,150179.1098495673
2019-05-15,192997.74970728936,151058.76865182145
2019-05-16,194546.65169520414,152457.75992621636
2019-05-17,192973.76973243465,151472.100028997
2019-05-20,190175.60952816313,150470.5656151363
2019-05-21,192280.58913374343,151827.1528518815
2019-05-22,191221.8433956058,151360.7984293256
2019-05-23,190560.94022991427,149511.4532372435
2019-05-24,189627.27006643676,149850.55955021386
2019-05-28,188339.4430025233,148456.85078220698
2019-05-29,186405.56013524724,147460.6168730525
2019-05-30,188136.80513106467,147863.4012357702
2019-05-31,186485.27834669623,145870.86142418845
2019-06-03,185549.36659957797,145499.92508550352
2019-06-04,190734.8718971236,148658.26096188402
2019-06-05,192934.6923098879,149945.94163744844
2019-06-06,193521.95388209695,150921.05452020993
2019-06-07,194606.7761012208,152431.21240688983
2019-06-10,195746.82706501614,153130.78903651913
2019-06-11,194582.25302757832,153093.65850609835
2019-06-12,193816.62044196326,152823.41375851328
2019-06-13,194081.4934222015,153453.98483621175
2019-06-14,190898.78692739218,153284.3866839311
2019-06-17,189374.8722126357,153342.73723149492
2019-06-18,192488.3067217937,154948.36719700033
2019-06-19,193107.2773732365,155298.1285143377
2019-06-20,195610.54247434984,156781.90986571382
2019-06-21,195291.65892243668,156554.0151608239
2019-06-24,194608.16704760562,156362.29707549085
2019-06-25,191935.35462938756,154828.71437768993
2019-06-26,192903.2723562942,154674.27080932315
2019-06-27,194507.8450896145,155222.7515577685
2019-06-28,196643.35128800306,156021.46292397447
2019-07-01,199156.24961997368,157437.91256701123
2019-07-02,198616.15036190086,157847.96825027667
2019-07-03,198487.462852102,159109.93832831027
2019-07-05,197911.87112000867,158928.94724061692
2019-07-08,196252.10577584352,158055.63284552385
2019-07-09,196229.29868496422,158252.67843304042
2019-07-10,196362.71166019197,159008.82377673298
2019-07-11,197485.37179722724,159381.5329497594
2019-07-12,200681.2822781196,160095.07627430218
2019-07-15,200396.34295980772,160148.35129613712
2019-07-16,200138.6061499007,159631.78156583814
2019-07-17,198066.5600466919,158545.54706658714
2019-07-18,200378.67300407385,159125.92083486074
2019-07-19,199356.61760894128,158242.07742362798
2019-07-22,201586.1534002873,158630.7511048867
2019-07-23,202499.48864993732,159764.93312378917
2019-07-24,202674.62574686427,160515.73296698002
2019-07-25,201219.49355607465,159748.95061723868
2019-07-26,201444.07252799813,160819.3285981665
2019-07-29,201456.89959043273,160526.36997302884
2019-07-30,201154.9471109729,160132.35079126846
2019-07-31,198755.22019441205,158380.44849385336
2019-08-01,196657.5247940282,157001.30936441926
2019-08-02,195718.64307929468,155819.14382922897
2019-08-05,189707.04100782418,151133.15570089032
2019-08-06,192927.3100178175,153252.52966073927
2019-08-07,193448.3621854012,153343.0791995405
2019-08-08,196408.09135157752,156351.67806776022
2019-08-09,195984.08064955636,155286.6455873341
2019-08-12,193760.6711559488,153396.2642297845
2019-08-13,197196.8308336322,155781.8513139445
2019-08-14,191352.27820416403,151175.7757183583
2019-08-15,191992.87910356175,151575.14040062035
2019-08-16,194881.6111810152,153811.62941691524
2019-08-19,197178.24831679463,155664.71825918034
2019-08-20,196234.25239410962,154471.91571794127
2019-08-21,197934.9527387438,155728.6482853823
2019-08-22,197947.2516527176,155680.70076573084
2019-08-23,191979.57853577708,151681.6364493357
2019-08-26,194032.2408817404,153359.0077111364
2019-08-27,194018.19193150214,152757.30593581064
2019-08-28,195531.4308081437,153832.90342901283
2019-08-29,198190.5351923169,155797.8158221768
2019-08-30,197982.73191520045,155728.6482853823
2019-09-03,196475.8088784779,154818.05937332293
2019-09-04,199324.23078305484,156575.28917292153
2019-09-05,203384.85738063522,158588.13108741873
2019-09-06,204062.38340665703,158710.5736460482
2019-09-09,203802.72679786393,158790.4861788006
2019-09-10,203699.98029595625,158753.19366351614
2019-09-11,203676.35939575167,159882.0661785533
2019-09-12,203922.7657671926,160435.89242750037
2019-09-13,203559.706673088,160329.36038214865
2019-09-16,203257.5463721051,159834.19065217458
2019-09-17,204847.33071395828,160238.90083493837
2019-09-18,204148.97915830632,160334.68788433215
2019-09-19,203383.09896065813,160324.03287996515
2019-09-20,201843.70330678122,159566.59165736308
2019-09-23,202722.82754151523,159529.0831622604
2019-09-24,202155.84726650344,158277.33612895728
2019-09-25,203607.1546909653,159213.51864947923
2019-09-26,204192.23268963615,158881.79164696572
2019-09-27,201724.06626417363,158025.9176221963
2019-09-30,202839.8503442778,158758.77314215427
2019-10-01,199761.82318002946,156870.3895979235
2019-10-02,197060.97591734465,154099.2965365058
2019-10-03,198837.8957463747,155361.77056744864
2019-10-04,202441.82466205923,157464.17211324678
2019-10-07,201685.58287911868,156784.8255932602
2019-10-08,198525.57217339665,154350.73304158493
2019-10-09,201516.72802490398,155816.55207140997
2019-10-10,202429.59303379722,156870.3895979235
2019-10-11,203793.22990451945,158496.66363438996
2019-10-14,203649.36545728048,158320.10013297072
2019-10-15,206646.33909632367,159887.5376672823
2019-10-16,204721.495158349,159630.77366001965
2019-10-17,205901.4277934357,160101.53767053148
2019-10-18,205491.3102983891,159400.68316031087
2019-10-21,207329.26524562424,160481.32018260556
2019-10-22,206553.59272505582,159957.10116707694
2019-10-23,205610.00205971178,160422.48368045068
2019-10-24,212618.53291275495,160684.6111865332
2019-10-25,213977.98090613045,161342.6296994676
2019-10-28,216384.75032854447,162252.08471748114
2019-10-29,214695.3025262549,162203.90321969325
2019-10-30,216109.66269156418,162701.37673439528
2019-10-31,214039.36895377006,162268.0852223498
2019-11-01,214948.15402617963,163771.3407540048
2019-11-04,214576.99347032805,164429.28727366644
2019-11-05,213939.36193068296,164247.4322667001
2019-11-06,213581.91640530672,164284.88676684827
2019-11-07,211686.14737109668,164862.59678403012
2019-11-08,212002.79332112195,165269.19679020357
2019-11-11,212814.47066834202,164953.59628078603
2019-11-12,212736.15289002628,165301.25179489548
2019-11-13,214099.33594963118,165354.77879318505
2019-11-14,215565.1092059768,165595.52429726082
2019-11-15,217620.4438588299,166793.8163255471
2019-11-18,218118.01434145655,166916.83483035854
2019-11-19,216398.41289695638,166868.70732752522
2019-11-20,215847.85657702814,166248.17931137534
2019-11-21,212582.72519126697,165980.6523098366
2019-11-22,212152.1062846662,166349.7618192255
2019-11-25,215384.6932210414,167639.07134258587
2019-11-26,215386.5258320594,168018.87185297816
2019-11-27,216611.0892946211,168767.81786939572
2019-11-29,215084.72396201178,168141.87235947142
2019-12-02,212556.6158760626,166713.59782138548
2019-12-03,210838.6595687389,165595.52429726082
2019-12-04,213294.83944812647,166617.28882076425
2019-12-05,214061.47755941073,166916.83483035854
2019-12-06,215859.9013825781,168441.47236402027
2019-12-09,215415.74476068074,167911.88984967174
2019-12-10,216544.03501440925,167724.617348931
2019-12-11,219616.11119261337,168200.74485826268
2019-12-12,222920.1431042134,169650.43739499172
2019-12-13,223290.3121130605,169752.127892751
2019-12-16,224242.5211879278,170918.328919709
2019-12-17,226400.47569614835,170955.76542153896
2019-12-18,225592.0572176736,170966.47442086053
2019-12-19,227318.62071386143,171667.2389394902
2019-12-20,229862.19051443244,172419.89260945437
2019-12-23,228641.34401470597,172683.3159944464
2019-12-24,229278.65108165282,172688.69749158443
2019-12-26,230059.86377985743,173607.9255963738
2019-12-27,229972.76742031844,173564.92761422388
2019-12-30,228408.81712320706,172608.02902946813
2019-12-31,229225.90768796296,173027.37184491832
2020-01-02,231859.10098026507,174645.45664660947
2020-01-03,229995.08825717814,173323.0302177841
2020-01-06,230795.23822446767,173984.25243135588
2020-01-07,231904.22223573318,173495.0221463837
2020-01-08,233673.86811612186,174419.68574326567
2020-01-09,236139.75169004474,175602.42722463797
2020-01-10,236168.63739838434,175097.0524482516
2020-01-13,239026.53547039014,176301.2299265852
2020-01-14,239281.72344098924,176032.4790394097
2020-01-15,240461.5021567362,176430.25986967125
2020-01-16,242517.96188424763,177897.84273467868
2020-01-17,243119.31109589955,178451.57899203477
2020-01-21,243528.18132171853,178102.1416444248
2020-01-22,244348.85198952034,178123.667632977
2020-01-23,245052.35052675474,178327.96654272315
2020-01-24,242778.4031732465,176742.06273395123
2020-01-27,238670.47027516575,173909.0194613322
2020-01-28,241290.0972046374,175731.40317276947
2020-01-29,240889.42215573485,175586.28273322378
2020-01-30,242805.6718353217,176156.1094870395
2020-01-31,237950.92279394768,172957.46637707815
2020-02-03,240635.06879275863,174242.29431920985
2020-02-04,243507.65068434062,176897.91017113664
2020-02-05,245563.64034559604,178940.7912786888
2020-02-06,249021.10701114262,179542.8710186965
2020-02-07,248350.86839196592,178585.95443562255
2020-02-10,251203.28071116703,179919.1798553604
2020-02-11,252354.72167087373,180230.98271964033
2020-02-12,253915.04055096838,181392.1982124604
2020-02-13,254946.97107267872,181198.6802953086
2020-02-14,256531.30042995405,181488.93917271812
2020-02-18,256381.12248044627,181021.25287461636
2020-02-19,258655.2721586716,181886.7380012979
2020-02-20,255352.59081777115,181139.5378217445
2020-02-21,252145.30788560075,179274.0841348846
2020-02-24,243580.29636318417,173328.42971324036
2020-02-25,237190.67954491146,168076.1964964053
2020-02-26,237391.76333165212,167457.97226498343
2020-02-27,226277.28687590477,159937.08703725244
2020-02-28,226693.64808200442,159265.17382267732
2020-03-02,235080.08983946464,166162.34533193923
2020-03-03,228898.5279753073,161404.7238972144
2020-03-04,240678.9604377622,168189.0819480772
2020-03-05,234033.11139820312,162598.13838127189
2020-03-06,230414.7854111941,159910.2515448349
2020-03-09,215165.2219871172,147422.17246540403
2020-03-10,223600.64752657514,155050.4896543961
2020-03-11,212940.26006701234,147492.02393828967
2020-03-12,191649.4306216325,133380.38856843865
2020-03-13,206250.49806354963,144782.62011245955
2020-03-16,179974.1808386107,128939.96049429094
2020-03-17,191762.03949435917,135901.68297173228
2020-03-18,177074.55875975933,129020.57496145267
2020-03-19,177465.54347029593,129294.7523415617
2020-03-20,169125.6242873362,123722.90499035332
2020-03-23,165709.90895094618,120559.50258740303
2020-03-24,185725.00837318425,131482.61890127312
2020-03-25,190900.1425800536,133450.9329765745
2020-03-26,202401.12515243312,141243.09785518632
2020-03-27,196082.4658698484,137036.08097045298
2020-03-30,203639.85244262338,141486.4441162402
2020-03-31,199783.2640233194,139377.50918094
2020-04-01,187882.9158161307,133104.87931278374
2020-04-02,191628.24570211594,136176.2923114778
2020-04-03,187395.03577637282,134207.9962344946
2020-04-06,203420.10731920935,143222.23791887748
2020-04-07,202576.75071871857,143368.25827433253
2020-04-08,207145.05695858764,148180.8825694383
2020-04-09,209542.46462332612,150435.81086271626
2020-04-13,205549.1606728219,149062.29620771576
2020-04-14,214190.90522871827,153458.5564090314
2020-04-15,210938.98218515504,150197.89109459592
2020-04-16,215353.8217659453,150922.44938986946
2020-04-17,219562.10200077482,154999.68040215285
2020-04-20,214313.84508458443,152268.92157179327
2020-04-21,205394.94707565827,147645.5495924289
2020-04-22,214178.79933906806,150922.44938986946
2020-04-23,213963.76929044258,150911.63240063877
2020-04-24,217302.958909945,153015.14984216454
2020-04-27,219772.98732047903,155221.38368558628
2020-04-28,217699.79403984494,154507.64237954342
2020-04-29,222263.25707379702,158552.3864274984
2020-04-30,217394.4941518979,157076.164369761
2020-05-01,212084.6465756413,152917.79693908844
2020-05-04,213733.14500542282,153339.55152917575
2020-05-05,218283.87536557048,154756.39713521264
2020-05-06,216932.30053607927,153707.2931663824
2020-05-07,220270.43887995536,155562.03785392077
2020-05-08,226031.00534551017,158136.03133286734
2020-05-11,229515.1803577319,158168.42830560482
2020-05-12,225478.58969408346,155015.93288347614
2020-05-13,221436.391959271,152274.3390655677
2020-05-14,224739.19719038298,154096.66878205043
2020-05-15,226676.3687806132,154804.97459600065
2020-05-18,231491.4591683991,159520.31798130306
2020-05-19,230644.67723234234,157881.8770817419
2020-05-20,234585.65686528737,160563.9864580407
2020-05-21,231660.1830181161,159455.416045919
2020-05-22,234121.1846409425,159758.2557477416
2020-05-26,234123.44842401662,161726.58782136117
2020-05-27,235221.9376724414,164132.90896807317
2020-05-28,234999.40863190868,163830.08726456875
2020-05-29,240627.84705398843,164560.09905025308
2020-06-01,240595.03188111985,165225.20890055335
2020-06-02,240523.52118307434,166593.27906430216
2020-06-03,243150.92822474957,168810.32989695456
2020-06-04,241329.2534199501,168366.9413284059
2020-06-05,247000.61411119063,172682.07411049146
2020-06-08,245551.73138917034,174769.42906228485
2020-06-09,245455.02842497537,173466.15284401097
2020-06-10,245992.48210353783,172498.25728684268
2020-06-11,233922.47464818996,162553.9525101216
2020-06-12,234219.48786192277,164500.57861200708
2020-06-15,238050.05625126945,166036.37510294505
2020-06-16,241118.36480044882,169232.15648031462
2020-06-17,242523.95830163575,168529.19616686608
2020-06-18,240445.63589838962,168594.04410729557
2020-06-19,240120.54237757926,167630.5761364014
2020-06-22,242205.28883608658,168705.9036548308
2020-06-23,241557.64526096729,169482.60307789344
2020-06-24,237208.13077712696,165159.31705766896
2020-06-25,239078.29345108542,166929.91960768084
2020-06-26,233577.74386361806,162965.08809247828
2020-06-29,235923.3426161037,165360.30427686858
2020-06-30,240943.01321678836,167478.49034771716
2020-07-01,242328.00906187817,168651.62072717733
2020-07-02,243973.48615334596,169580.40593892423
2020-07-06,249888.59190881526,172198.20732433914
2020-07-07,247538.73607333348,170422.22327718922
2020-07-08,250418.57534949458,171725.7514719177
2020-07-09,251662.74584461798,170748.11882460996
2020-07-10,252860.3637192195,172491.54391415874
2020-07-13,248369.40235515623,170997.93548105223
2020-07-14,252922.0059663764,173213.8884162952
2020-07-15,253685.44074011117,174805.28171211432
2020-07-16,254159.19245227383,174229.5335116149
2020-07-17,257284.88526275175,174734.692308183
2020-07-20,261324.0236269286,176146.82235485478
2020-07-21,262289.410198729,176521.5113428818
2020-07-22,265040.1471928612,177526.30345233445
2020-07-23,262687.16622798506,175408.13537980407
2020-07-24,261325.10787540273,174278.48893708485
2020-07-27,265191.7507707984,175549.35018430307
2020-07-28,260724.89307481938,174435.97422122533
2020-07-29,266261.6925890775,176581.28375758245
2020-07-30,268188.5612376872,175951.25262942957
2020-07-31,269285.6949359069,177341.62270941268
2020-08-03,270296.4518103501,178574.56150020985
2020-08-04,273746.33741448104,179264.2930497906
2020-08-05,270857.52521271,180377.70500950472
2020-08-06,271852.6406251906,181583.50233647515
2020-08-07,271230.1819135248,181713.8821534253
2020-08-10,270133.8581012911,182256.9994030508
2020-08-11,267122.8569877967,180752.48398912267
2020-08-12,272500.3470551562,183272.6444983705
2020-08-13,272646.8305510516,182941.2954605389
2020-08-14,271015.1669698087,182946.71295431335
2020-08-17,275736.4918663118,183527.8786485872
2020-08-18,276741.2911789755,183924.38159825746
2020-08-19,275820.56637171283,183158.55315938004
2020-08-20,276082.6137799649,183728.86586778684
2020-08-21,278049.0020556105,184380.56697103742
2020-08-24,278038.2021173434,186248.97238208007
2020-08-25,279065.54007393133,186900.69148364884
2020-08-26,280741.4087966471,188774.4423951932
2020-08-27,279871.771707921,189187.2698194595
2020-08-28,283960.7304705936,190409.2656327987
2020-08-31,284008.52663736034,189719.4980865816
2020-09-01,288971.6934245257,191506.38911455314
2020-09-02,296773.1387142969,194276.33028360686
2020-09-03,282041.6938295297,187590.4410315478
2020-09-04,278346.57330553536,186058.8381487475
2020-09-08,268753.8515844026,180975.1771800564
2020-09-09,275469.4494586559,184548.9772343177
2020-09-10,269918.16114910535,181344.52066758176
2020-09-11,269417.63929382863,181436.798044929
2020-09-14,272595.4008179149,183826.61473386304
2020-09-15,276469.82624635205,184755.309954019
2020-09-16,271401.8425023231,184022.1304643337
2020-09-17,269283.7240369283,182403.59570468785
2020-09-18,265294.78933016077,180303.64193016323
2020-09-21,263784.6684301543,178296.9554404861
2020-09-22,268678.24374958395,180112.76976578496
2020-09-23,264471.4012081566,175935.8100724247
2020-09-24,266570.7657282095,176404.7562527996
2020-09-25,270686.1723918744,179256.73375615187
2020-09-28,275909.39384944487,182234.0155507254
2020-09-29,275811.1442700692,181241.55228923116
2020-09-30,274274.484089002,182615.68788620917
2020-10-01,277044.6957606045,183788.1343295782
2020-10-02,272745.69508145866,182043.16138466532
2020-10-05,278627.5100185839,185271.3937297269
2020-10-06,277730.2947699048,182637.5018478524
2020-10-07,282563.74226071546,185816.63478089854
2020-10-08,288127.76112274546,187463.4269000987
2020-10-09,288890.55150981015,189137.5224679893
2020-10-12,292591.0345129739,192180.2821441289
2020-10-13,292417.6887294293,190926.0873395523
2020-10-14,292612.4427977174,189726.44543740197
2020-10-15,292663.13839034666,189491.98134637362
2020-10-16,291424.07334982895,189377.45804774665
2020-10-19,286906.69311987486,186498.26708729492
2020-10-20,289500.3615623224,187245.3052819846
2020-10-21,286470.055269044,186890.93639519124
2020-10-22,286616.13723942713,187916.06660419574
2020-10-23,288944.8529612198,188554.0169923511
2020-10-26,283109.1839048155,185069.56058957247
2020-10-27,282053.9038803748,184431.57420478074
2020-10-28,272923.10886230506,178127.8792394329
2020-10-29,276500.3184395239,179938.2940692755
2020-10-30,273713.5098153545,178062.4373545032
2020-11-02,278708.1943342726,180058.30685494962
2020-11-03,288129.71303383546,183237.3857930412
2020-11-04,293094.2734103589,187332.5791268757
2020-11-05,298657.3419468509,190986.07573407117
2020-11-06,300711.116800265,190942.50180573927
2020-11-09,302788.50922288524,193341.80360835814
2020-11-10,299612.9492815692,193058.2581036325
2020-11-11,305792.0570745925,194492.3820951294
2020-11-12,299624.8683103019,192605.60040121732
2020-11-13,305032.33243955096,195272.10523564756
2020-11-16,310866.663326672,197709.671462733
2020-11-17,311277.0234097456,196646.3128258983
2020-11-18,307443.38877691823,194279.6959691079
2020-11-19,308950.4581953597,195097.64753745627
2020-11-20,306260.1036704384,193761.66837503575
2020-11-23,308363.95285579754,194923.18983926502
2020-11-24,311010.5028813271,198064.09434448095
2020-11-25,311022.42843226786,197758.68088315753
2020-11-27,311378.79244373925,198309.4834146491
2020-11-30,308090.45035991585,197431.52545346363
2020-12-01,311845.49859796796,199590.873678007
2020-12-02,311703.6690518447,200010.82843627554
2020-12-03,311415.7521876449,199956.27553384926
2020-12-04,315790.5253181757,201679.43451711893
2020-12-07,316044.669772186,201264.96924589758
2020-12-08,318248.90212182497,201853.9282119466
2020-12-09,313884.3647044463,200043.54937874037
2020-12-10,313143.18999170105,199978.0894954925
2020-12-11,312360.0228508637,199743.62540446414
2020-12-14,310225.38963871356,198849.36096700086
2020-12-15,315943.66726110503,201537.66176475614
2020-12-16,317207.9987555451,201853.9282119466
2020-12-17,316985.6667054551,202982.67473875644
2020-12-18,318373.25358962273,202172.22846909222
2020-12-21,315834.1890794491,201449.32601909197
2020-12-22,316750.7438482568,201109.7877464851
2020-12-23,315443.114574489,201290.544856042
2020-12-24,317123.18988143053,202073.6336820612
2020-12-28,318051.42506207235,203809.60746788036
2020-12-29,316414.5686935838,203420.78980007616
2020-12-30,318559.18965302553,203711.0486774857
2020-12-31,320713.37665899633,204746.05996317512
2021-01-04,312102.9503128745,201958.62442884318
2021-01-05,317155.04853522184,203349.58845332646
2021-01-06,318855.9154324644,204565.3388502546
2021-01-07,327345.26214379835,207604.6428493022
2021-01-08,329353.4533229228,208787.54631553817
2021-01-11,329892.5565222402,207380.14982654972
2021-01-12,335279.59162832063,207423.93973469987
2021-01-13,333854.8330572139,207982.5355379666
2021-01-14,337535.1382375474,207254.1975958737
2021-01-15,334255.18384868465,205742.7528294434
2021-01-19,339142.9690367512,207358.22787499736
2021-01-20,340912.9899259285,210227.75373858243
2021-01-21,340889.60601837473,210419.4358272791
2021-01-22,339674.8749967844,209674.6294240447
2021-01-25,339201.26394021075,210501.59814980498
2021-01-26,335470.39500808873,210173.0028546561
2021-01-27,324245.34633458673,205036.3008422665
2021-01-28,328542.788616011,206799.668068367
2021-01-29,322904.87411004875,202659.56893065473
2021-02-01,329257.9365546345,206032.99370853478
2021-02-02,335440.58284672827,208946.32747858815
2021-02-03,336290.6756402663,209110.6161270035
2021-02-04,339921.92295816593,211487.33004029706
2021-02-05,340010.2494123504,212319.7522564682
2021-02-08,345682.5315139305,213853.08297781448
2021-02-09,345311.02130119567,213710.73427926967
2021-02-10,348067.0353449924,213617.59298264942
2021-02-11,351265.33045306226,213962.58474566712
2021-02-12,353178.79881841084,215019.57197786347
2021-02-16,354261.71958369855,214833.3073829412
2021-02-17,351713.1712963051,214882.55078150216
2021-02-18,349851.5138159797,213968.03823607793
2021-02-19,351849.86985214014,213590.1995423681
2021-02-22,345145.40795549745,211947.33105653277
2021-02-23,343382.170646523,212204.70700661378
2021-02-24,348971.6227822167,214543.03050721347
2021-02-25,336956.1416978061,209373.4995624499
2021-02-26,339523.0121573305,208294.62637533757
2021-03-01,348809.6462121969,213343.80256638143
2021-03-02,343199.05098875,211678.9941306756
2021-03-03,334758.1316145975,208875.14413015667
2021-03-04,328067.4088132118,206290.3516602976
2021-03-05,332104.2001233945,210085.4050400376
2021-03-08,324696.5038713636,209039.48677352656
2021-03-09,335467.7511640785,212024.02189032966
2021-03-10,335659.29815565125,213343.80256638143
2021-03-11,339781.01810863754,215506.91243942597
2021-03-12,339650.3297590042,215797.13532019913
2021-03-15,344526.9568433634,217084.03306892238
2021-03-16,343041.3596123387,216810.29664760895
2021-03-17,344197.6821647144,217549.54157052346
2021-03-18,333552.8130586743,214384.30333911805
2021-03-19,335280.47961860773,213987.56641131136
2021-03-22,337798.2805244843,215696.2547467583
2021-03-23,335165.2880800897,213998.5453854057
2021-03-24,333870.7039324568,212910.70903583601
2021-03-25,335123.58225567755,214108.4251179403
2021-03-26,345440.2097612848,217558.79270607184
2021-03-29,342698.170127417,217448.89497521904
2021-03-30,338555.98508739553,216872.03087899202
2021-03-31,343093.50029991573,217751.0867375869
2021-04-01,350910.48724994087,220102.603005418
2021-04-05,353912.71696184826,223261.72180863968
2021-04-06,353314.671991848,223129.88412791636
2021-04-07,354323.82629075786,223388.15999390674
2021-04-08,355541.34090944903,224448.51291160414
2021-04-09,357721.1305683253,226080.27643511776
2021-04-12,356556.8387520164,226162.67273578007
2021-04-13,357752.16580117116,226832.98410003653
2021-04-14,356858.61441807065,226058.31848692903
2021-04-15,362566.8456947623,228486.6875734207
2021-04-16,362721.84406209807,229250.42820738835
2021-04-19,359665.60106212297,228124.12945185203
2021-04-20,358072.01710906695,226453.88552405356
2021-04-21,361406.54109335766,228596.60330259165
2021-04-22,357678.55929043225,226508.83438947995
2021-04-23,361265.90983697516,228964.74090279842
2021-04-26,363457.1236108329,229442.72223890343
2021-04-27,361841.056052135,229393.28085884242
2021-04-28,361492.91629372904,229327.37101763985
2021-04-29,365469.0870809208,230788.79845782713
2021-04-30,363313.290470285,229272.38615557709
2021-05-03,363042.8884589239,229766.92594441457
2021-05-04,363070.4110797436,228349.41440060476
2021-05-05,363652.7192480521,228420.7957305363
2021-05-06,366670.0390269426,230244.8712838832
2021-05-07,371254.2059576852,231920.60469872886
2021-05-10,366700.71505614975,229624.03729632415
2021-05-11,364912.5441112224,227574.69479254272
2021-05-12,353741.3655723555,222739.87857111177
2021-05-13,359785.5257116953,225415.4545579085
2021-05-14,365598.3379808261,228876.8011201344
2021-05-17,363358.334870985,228294.44753686019
2021-05-18,360762.0957239383,226327.50133374103
2021-05-19,362391.253616263,225734.16877637245
2021-05-20,367732.40043777635,228162.59185781868
2021-05-21,366547.896011413,227975.80531166896
2021-05-24,371141.3781449632,230299.85614594596
2021-05-25,370664.56614629604,229788.8838926033
2021-05-26,371523.3279690928,230244.8712838832
2021-05-27,372276.2709264315,230365.72999051216
2021-05-28,374136.2931117461,230777.85548036915
2021-06-01,372043.5926664001,230574.54647812335
2021-06-02,372703.31836083636,230937.15859464658
2021-06-03,372475.26122040884,230080.04268592224
2021-06-04,375601.5165609044,232184.33405513005
2021-06-07,375190.54631293373,231959.03110805913
2021-06-08,375145.23749391217,232008.47248812014
2021-06-09,375638.86859165935,231662.382827693
2021-06-10,377994.39328237454,232739.25820148655
2021-06-11,378138.74585325894,233123.88226115308
2021-06-14,378709.36973171745,233645.8154902719
2021-06-15,376533.80877319106,233217.25753590974
2021-06-16,374511.6732366747,231915.0612167271
2021-06-17,375552.0600400413,231838.17240143017
2021-06-18,368635.83601880766,228710.60464999118
2021-06-21,374710.74146895536,231984.8046997036
2021-06-22,374072.4860727335,233225.05080768492
2021-06-23,372661.95183006744,232943.9350759146
2021-06-24,374034.09636709694,234321.9403113029
2021-06-25,375533.9757227123,235154.32653083763
2021-06-28,378376.42478594143,235628.36623525957
2021-06-29,377371.16221660323,235755.1643868904
2021-06-30,376373.6945556501,235953.55984827102
2021-07-01,377891.6407847431,237259.94977559135
2021-07-02,379292.4260487644,239073.46031616218
2021-07-06,380293.76504561864,238637.97300929783
2021-07-07,382111.7444912109,239481.32020460872
2021-07-08,378019.3827025427,237530.10453158547
2021-07-09,382967.06084599206,240065.65360288357
2021-07-12,384288.2656577841,240925.55925092698
2021-07-13,382670.6197512183,240104.22399875935
2021-07-14,382614.55986594904,240462.53451723576
2021-07-15,380446.6786323155,239641.18126674998
2021-07-16,376744.73175819404,237761.5449051583
2021-07-19,370243.8437099381,234250.3070049167
2021-07-20,377434.24238975183,237607.22732501882
2021-07-21,382032.45357743517,239530.95956616983
2021-07-22,382051.2189008544,240032.59069237317
2021-07-23,388471.097561409,242502.06793760502
2021-07-26,387337.4641776618,243097.34431333788
2021-07-27,385045.4045581325,241989.42184067093
2021-07-28,385706.8432882042,241890.14311754878
2021-07-29,388410.6587566632,242893.36937331912
2021-07-30,388469.1496830564,241713.79559594783
2021-08-02,390352.4150691334,241206.63898606092
2021-08-03,395425.27869714354,243168.95962140587
2021-08-04,396325.4620841248,241972.86338793844
2021-08-05,399084.89108602575,243505.2222001026
2021-08-06,399995.3242782098,243907.62859813837
2021-08-09,398856.7937740196,243709.19714012137
2021-08-10,397225.0866230834,244012.37880998952
2021-08-11,398230.4870924182,244618.6701564531
2021-08-12,397259.3413332603,245351.79565118387
2021-08-13,398765.2009288819,245798.33392541533
2021-08-16,398292.69691804424,246377.06984673385
2021-08-17,392871.27591084933,244761.97276586184
2021-08-18,389227.20917555323,242083.0670902004
2021-08-19,392911.7724540727,242457.90006477296
2021-08-20,397681.82477498427,244387.1577896075
2021-08-23,402905.4714144532,246536.8949122387
2021-08-24,402950.5989592492,246928.26834122554
2021-08-25,406012.3714218082,247446.45792016137
2021-08-26,403438.66051562753,245985.71441606522
2021-08-27,409992.78701145103,248185.03690530296
2021-08-30,411598.6341990488,249276.50891514652
2021-08-31,409126.5027133215,248907.14742930298
2021-09-01,408631.4656258208,249039.47106461736
2021-09-02,411480.7775293152,249805.64147154035
2021-09-03,414077.2906781641,249744.96914093033
2021-09-07,409723.8021042676,248851.98258405834
2021-09-08,408451.83661305817,248548.85490914475
2021-09-09,406504.2282970896,247485.02831603715
2021-09-10,404959.10677643813,245533.68665478658
2021-09-13,404353.0376144348,246162.09793430255
2021-09-14,403857.926778759,244833.67806552077
2021-09-15,405758.44891894213,246878.66497630085
2021-09-16,407218.81546718033,246487.32754395038
2021-09-17,400948.10490656336,244086.2979027855
2021-09-20,395612.00451492507,240016.33821104988
2021-09-21,396768.6480556898,239789.59539852396
2021-09-22,401208.8071953102,242128.72882344207
2021-09-23,405702.8184078073,245070.57192950443
2021-09-24,405557.8598490906,245474.27420644969
2021-09-27,401753.36292689823,244771.99782909226
2021-09-28,390772.36116234394,239839.37874663054
2021-09-29,389961.500168133,240243.02702862123
2021-09-30,384974.81965367886,237306.7274045606
2021-10-01,389320.0935058482,240126.90187967557
2021-10-04,382149.0800502751,237030.2012439281
2021-10-05,389947.26720713684,239496.54678179536
2021-10-06,392088.76329278457,240491.90777251776
2021-10-07,397516.52056598937,242571.1094861722
2021-10-08,395727.8336890578,242128.72882344207
2021-10-11,393834.00953060394,240375.7646252539
2021-10-12,393393.6932424018,239784.10591147677
2021-10-13,396763.77065632964,240646.69330893012
2021-10-14,406940.89662674506,244694.56906424972
2021-10-15,407821.7025396397,246558.09693106357
2021-10-18,414142.88194823614,247288.01872515696
2021-10-19,415906.8615230331,249195.84045303022
2021-10-20,416707.1156061873,250174.58899606558
2021-10-21,422879.3952503917,250827.11802195277
2021-10-22,420575.24485993537,250567.22230732552
2021-10-25,421424.7866251841,251910.95874488485
2021-10-26,424152.5864105961,252137.68355909258
2021-10-27,423672.2192460303,251020.68993405916
2021-10-28,427251.90934556955,253442.741610867
2021-10-29,434054.4936762485,253956.9895581198
2021-11-01,431228.12728233123,254393.86273548458
2021-11-02,443753.2751956013,255422.4306232629
2021-11-03,447542.0191741601,256981.8769042992
2021-11-04,459500.88640655327,258192.85774690766
2021-11-05,459918.49193514016,259088.68803805328
2021-11-08,462967.8432590445,259309.88736857745
2021-11-09,463802.06557448936,258452.71746489854
2021-11-10,455210.39268914,256373.51575124406
2021-11-11,458286.2982832672,256456.50599640654
2021-11-12,464639.35452494636,258391.91914606123
2021-11-15,463666.8713017789,258480.45287322544
2021-11-16,467084.36486191256,259503.42328404746
2021-11-17,463242.31057986914,258873.03218953084
2021-11-18,467425.9111321135,259752.25003298942
2021-11-19,466604.17353351763,259287.74943720683
2021-11-22,459576.294415692,258557.82764311344
2021-11-23,457800.2795183316,258900.64160963043
2021-11-24,461476.3233723301,259591.86701962075
2021-11-26,452473.0773421532,253802.1320284347
2021-11-29,461822.7849770402,256915.427113551
2021-11-30,453132.8094011705,251916.5022268866
2021-12-01,442681.28438171995,249118.42968650584
2021-12-02,452355.39733830094,252933.9831506614
2021-12-03,446085.91442765313,250733.14880269594
2021-12-06,444699.56304556294,253702.63732549426
2021-12-07,463595.29398664663,258950.38896110066
2021-12-08,463282.1044193168,259636.12488404376
2021-12-09,458774.3448220643,257883.2146808102
2021-12-10,464247.71092333976,260310.75584466523
2021-12-13,458018.7452856522,258004.82931680302
2021-12-14,453486.18618104374,256229.72718724425
2021-12-15,468454.9934200886,260233.36307645903
2021-12-16,455413.012137434,257938.5235126003
2021-12-17,451521.7602313819,255193.2220411453
2021-12-20,447253.93989745807,252479.7235979275
2021-12-21,456235.05765227735,256963.4826231116
2021-12-22,461612.3280389324,259532.76054269305
2021-12-23,464819.7894440676,261147.659642065
2021-12-27,476529.48228452005,264843.4163003647
2021-12-28,474340.0262373049,264626.9865241602
2021-12-29,476869.62949823303,264965.462895994
2021-12-30,472337.5783698983,264233.0213373544
2021-12-31,473306.2236142601,263567.0655660993
2022-01-03,463174.28750695963,265093.07097194326
2022-01-04,460904.49050726625,265004.3212649608
2022-01-05,446660.25320376066,259915.67476213176
2022-01-06,448693.86532259267,259671.56357255494
2022-01-07,440502.81339293026,258644.9035065045
2022-01-10,442119.9038184382,258323.00358572134
2022-01-11,443964.03354934766,260675.94172068924
2022-01-12,444296.3662735977,261380.66586932016
2022-01-13,438246.3471849397,257779.2563949593
2022-01-14,434153.96117018815,257884.69054290158
2022-01-18,425359.22315150907,253317.6353011458
2022-01-19,422225.20477378805,250687.27108963602
2022-01-20,413701.75685890974,247912.66835617175
2022-01-21,407562.6082040396,243046.01310986717
2022-01-24,413458.4848860638,244078.1446646466
2022-01-25,404660.53486067284,241098.16312234494
2022-01-26,404063.3549027885,240493.29364301817
2022-01-27,403128.2764398487,239305.80060564438
2022-01-28,411880.5572490283,245249.04325265152
2022-01-31,421740.3020755764,249666.22649886008
2022-02-01,424577.900264236,251353.17286593653
2022-02-02,434409.7154283314,253794.86070788692
2022-02-03,425937.8891274714,247829.39013791826
2022-02-04,425666.12989564764,248994.76324223966
2022-02-07,422120.8378908606,248195.61991639718
2022-02-08,426381.16018760134,250237.76309290362
2022-02-09,435927.5246933212,253900.27685751102
2022-02-10,427378.9175610378,249338.85508934796
2022-02-11,418788.5204552038,244422.16451848214
2022-02-14,417878.99133799516,243623.05718927606
2022-02-15,428067.8009527642,247551.9640613764
2022-02-16,428359.4197711694,247829.39013791826
2022-02-17,418546.60105879826,242535.43681952462
2022-02-18,416784.01592861355,240965.01156439394
2022-02-22,408558.1968331592,238379.12119712544
2022-02-23,398391.55258649227,234150.50633056712
2022-02-24,406676.57701122545,237674.30705690358
2022-02-25,414668.60632958636,242918.29704400877
2022-02-28,414002.81304747926,242296.83311531314
2022-03-01,408499.57830208377,238606.58394237884
2022-03-02,418241.19423876645,242995.99578362415
2022-03-03,418864.20992548333,241786.2748232888
2022-03-04,419690.5266393122,239821.84838471594
2022-03-07,408868.60945244116,232752.1090006724
2022-03-08,404008.4694828605,230987.4278973442
2022-03-09,417866.0665599182,237180.43320583904
2022-03-10,416067.7395962747,236109.40728545646
2022-03-11,412545.50846101437,233107.21581851147
2022-03-14,409484.63844800554,231403.65700374794
2022-03-15,422222.10963914375,236492.30350657698
2022-03-16,432385.2586876488,241736.34748863673
2022-03-17,435957.89200526854,244760.67688695234
2022-03-18,442351.85313987534,247441.5083826598
2022-03-21,440457.879990812,247369.13714522796
2022-03-22,443304.7585389095,250263.71666772998
2022-03-23,440578.0432651816,247040.70383494275
2022-03-24,451850.0939246727,250764.6998544786
2022-03-25,452750.56511615234,251989.30542395497
2022-03-28,453684.6166403742,253781.66794065552
2022-03-29,457588.637668084,256921.2045736892
2022-03-30,453077.06153111043,255334.8148103262
2022-03-31,448415.20421486854,251404.864035771
2022-04-01,443860.72095535044,252117.3814561771
2022-04-04,448697.2269870149,254277.14364203875
2022-04-05,444013.98789111234,251065.28976652774
2022-04-06,438237.69915460696,248554.7943541466
2022-04-07,442415.6297627759,249807.24332185902
2022-04-08,440425.380183471,249139.28973728514
2022-04-11,430341.60478729015,244880.90565244472
2022-04-12,429472.3314582554,243973.55643765914
2022-04-13,436823.1619094765,246767.93932281143
2022-04-14,430636.24969044124,243695.24844352607
2022-04-18,432300.3963183026,243795.4270825576
2022-04-19,437876.3218902517,247730.9933323873
2022-04-20,438365.583663204,247547.26650032948
2022-04-21,427162.4970220721,243845.55239870973
2022-04-22,415632.79745821323,237154.64161587637
2022-04-25,420153.872742235,238529.5691388546
2022-04-26,409161.120384731,231621.52664540743
2022-04-27,408132.33958500635,232272.77779070335
2022-04-28,407500.5515302424,238139.9235484138
2022-04-29,390113.50244801084,229339.30390259816
2022-05-02,394680.5109532148,230719.77490757813
2022-05-03,393479.61385586683,231777.42807754743
2022-05-04,404690.38932735944,238835.7025329055
2022-05-05,388022.4737916904,230346.84975473347
2022-05-06,386763.90425804316,228971.92223175525
2022-05-09,373114.726553843,221640.84726762946
2022-05-10,379506.4946018117,222152.9714133361
2022-05-11,373363.677327759,218623.80718817978
2022-05-12,374612.3253305569,218395.58851356248
2022-05-13,386713.91299806896,223616.93661638783
2022-05-16,384836.14798144926,222709.56940328405
2022-05-17,392392.41612705414,227290.8433164079
2022-05-18,371805.5883377862,218128.34948511474
2022-05-19,370385.6565630708,216792.37032269422
2022-05-20,366125.3338911017,216887.0234780422
2022-05-23,370100.1832028582,220945.05028481953
2022-05-24,369954.9433233252,219258.42788747046
2022-05-25,374273.2115296407,221195.4788840802
2022-05-26,385147.5551975586,225615.3078830623
2022-05-27,396417.6842672139,231153.96633553298
2022-05-31,392819.9878836165,229856.93553367018
2022-06-01,387734.6248038077,227997.78125817588
2022-06-02,393777.79192748613,232339.64154276985
2022-06-03,388040.8147452326,228526.57184652414
2022-06-06,389599.66496262926,229222.36882933407
2022-06-07,392668.6896064869,231421.16936734438
2022-06-08,388092.4822257811,228905.07647800693
2022-06-09,380012.28979732154,223461.05318256604
2022-06-10,368874.69695756113,216981.67663339016
2022-06-13,354245.02282571525,208743.28845111516
2022-06-14,353699.62857229717,208114.2472304626
2022-06-15,359474.35117951344,211081.2159887147
2022-06-16,349001.0618925723,204095.2767741521
2022-06-17,352712.89299758454,204535.22766392695
2022-06-21,360832.1114188918,209684.15053436585
2022-06-22,361219.38159241085,209303.95406097345
2022-06-23,366415.7505518444,211355.708339392
2022-06-24,377575.9098471312,218075.52442123447
2022-06-27,376111.6492648644,217242.54425719957
2022-06-28,367632.02517074713,212803.65503925688
2022-06-29,367267.60791752907,212630.3312351114
2022-06-30,365475.8715846687,210902.87065379493
2022-07-01,365245.2924764063,213133.49221836068
2022-07-05,369496.0383291143,213535.98860798738
2022-07-06,373064.1594093343,214257.14522112347
2022-07-07,378755.23850801575,217466.19135899722
2022-07-08,380752.7386145446,217287.28807621365
2022-07-11,375505.2080180855,214805.06802170502
2022-07-12,372067.6406285732,212904.2476396067
2022-07-13,371201.1142282696,211786.17411548205
2022-07-14,368404.12453435594,211271.81817832016
2022-07-15,376341.7183948317,215308.17500999977
2022-07-18,370748.40689626493,213530.3911310311
2022-07-19,380552.6799914151,219299.84201761984
2022-07-20,379927.79322168697,220697.4834181507
2022-07-21,379271.77392970293,222944.8794152672
2022-07-22,375183.33488660987,220876.3867009343
2022-07-25,376033.1791126447,221144.72362679147
2022-07-26,373269.8893953586,218528.36210683157
2022-07-27,387102.5602050648,224202.74587675405
2022-07-28,386928.68722019804,227014.80311036648
2022-07-29,389470.71563910483,230324.36985531732
2022-08-01,388757.7599690552,229642.30558928443
2022-08-02,387470.3429111237,228127.3151541712
2022-08-03,394630.925155008,231699.62134802292
2022-08-04,397153.5663781859,231543.1079730646
2022-08-05,400543.3396223766,231151.75254239593
2022-08-08,401997.61275214056,230883.39761822057
2022-08-09,400389.06661839393,229966.56328975013
2022-08-10,407980.5820107525,234796.7899400433
2022-08-11,405757.5835998894,234796.7899400433
2022-08-12,412214.90212307824,238771.64651847625
2022-08-15,415780.6810420747,239755.61457378598
2022-08-16,417417.56420676643,240225.244690252
2022-08-17,414729.35358202487,238520.06602685162
2022-08-18,416484.817053163,239213.3432451153
2022-08-19,411545.42473784083,235998.771623558
2022-08-22,403848.2897558863,231084.69080882936
2022-08-23,401188.2928359299,230525.62704928976
2022-08-24,400310.79892509157,231263.61208993115
2022-08-25,405100.86010838137,234528.4530141861
2022-08-26,393603.65255285887,226589.89881459635
2022-08-29,392727.6793447883,225091.6288170793
2022-08-30,388564.7719803177,222620.6217148015
2022-08-31,385195.0240196672,220926.6920002683
2022-09-01,387764.76384759444,221619.89722525922
2022-09-02,385156.20714802254,219283.03158843276
2022-09-06,385771.5451299278,218455.68489799052
2022-09-07,394703.59906232846,222380.23617708948
2022-09-08,403908.7768257418,223833.79835222883
2022-09-09,408152.8328806922,227311.09142436882
2022-09-12,410556.6087508383,229754.12914018327
2022-09-13,396405.8025002941,219763.82066217499
2022-09-14,397876.3726810659,220602.4342998026
2022-09-15,395540.6059130749,218097.86033410515
2022-09-16,395286.4992051218,216434.04180589961
2022-09-19,395102.9035936386,218112.4209735188
2022-09-20,391994.75722664,215608.8189170035
2022-09-21,385909.9923032762,211847.800356956
2022-09-22,381510.73991851526,210068.32463607768
2022-09-23,377258.6543894144,206548.69951956073
2022-09-26,374021.1100624359,204505.33245741753
2022-09-27,375953.89557607885,203983.32723502596
2022-09-28,384636.7965483411,207996.97018915295
2022-09-29,377514.48236920335,203652.05019046713
2022-09-30,373047.1568943894,200502.93845215772
2022-10-03,384154.87436179584,205796.44181259666
2022-10-04,394605.7493365596,212173.40793128576
2022-10-05,395723.1514413555,211679.37209535754
2022-10-06,393946.4812369306,209495.74413957927
2022-10-07,383963.4034126385,203652.05019046713
2022-10-10,381603.49989444285,202097.12148729587
2022-10-11,380832.8081545185,200817.2610809839
2022-10-12,379391.60342261766,200154.85097841176
2022-10-13,386726.41343143897,205437.1953815745
2022-10-14,377481.01595183444,200755.50885128265
2022-10-17,383307.2278536443,205914.33079672468
2022-10-18,386692.6491690925,208333.73672075896
2022-10-19,384129.6237669282,206857.40667311245
2022-10-20,381894.23120173597,205122.8367561119
2022-10-21,390040.2960849117,210107.61496468098
2022-10-24,396885.59676928824,212678.58472617206
2022-10-25,402059.43942882144,216074.77737655924
2022-10-26,398680.5641806914,214446.86549313774
2022-10-27,405011.3378991742,213301.68650182273
2022-10-28,414542.32765445474,218376.2943164655
2022-10-31,413004.75050479826,216798.93970883265
2022-11-01,417472.75051722006,215850.21236053403
2022-11-02,406296.9219078815,210433.22253901072
2022-11-03,405836.0179430096,208266.42301073778
2022-11-04,410305.0486925456,211263.9889099086
2022-11-07,414649.6053260894,213284.8760726356
2022-11-08,415866.22627345886,214435.61654427057
2022-11-09,407645.0466609481,210017.82135524362
2022-11-10,422024.5251068711,221559.1169047401
2022-11-11,420398.0316115625,223703.52652518783
2022-11-14,422628.87989970815,221800.56434322518
2022-11-15,423782.67528944416,223692.27757632063
2022-11-16,423639.10679532436,221985.80303401078
2022-11-17,424899.6745621798,221306.56450393333
2022-11-18,429558.1347475622,222311.356613386
2022-11-21,429447.0761500304,221502.96215199516
2022-11-22,436519.9739801985,224483.73562029705
2022-11-23,436758.2622356289,225898.40342983324
2022-11-25,437179.98213641235,225847.882150681
2022-11-28,433947.1027871618,222244.0249050466
2022-11-29,434223.3714977855,221862.28057629007
2022-11-30,445500.0359051633,228851.0635251263
2022-12-01,444776.6670917956,228682.70725680058
2022-12-02,441885.70579924056,228418.88790880845
2022-12-05,433937.3303541838,224309.781875015
2022-12-06,425764.0746477893,221076.3840126336
2022-12-07,424712.5987373203,220700.25515915157
2022-12-08,428694.5550064504,222429.2275991958
2022-12-09,426607.49872232194,220767.6768590819
2022-12-12,432822.71507483686,223950.53544399285
2022-12-13,430845.64122127474,225645.7970340719
2022-12-14,429596.08406572026,224203.1058431178
2022-12-15,420507.6185299471,218718.6943216642
2022-12-16,418218.72981963056,216136.47561130594
2022-12-19,417361.8537793652,214303.74286691088
2022-12-20,418653.78290071967,214596.97146682136
2022-12-21,425623.6635206084,217805.7296316041
2022-12-22,419414.4341454875,214698.51797803515
2022-12-23,422177.10818616545,215933.50857710568
2022-12-27,422251.35151571594,215081.97214701946
2022-12-28,419348.5954957771,212408.98791804173
2022-12-29,424383.28136005776,216232.33465397247
2022-12-30,423347.17551043694,215662.81387156594
2023-01-03,418081.26274045475,214754.87071228016
2023-01-04,415438.41117110604,216412.87578371112
2023-01-05,413794.42801186175,213942.8045939791
2023-01-06,421764.1863184802,218848.98414702338
2023-01-09,416069.69438360655,218724.90374143887
2023-01-10,419347.1880704686,220258.79241064898
2023-01-11,422486.5547801468,223044.59009802586
2023-01-12,422186.4564516191,223856.6742146451
2023-01-13,423435.6567934065,224725.12906382757
2023-01-17,422575.1074568709,224313.47153024346
2023-01-18,418196.6410397981,220771.99645544688
2023-01-19,414456.1861669577,219164.78263794098
2023-01-20,422191.50261702825,223247.6111271807
2023-01-23,427705.4499858116,225926.26482638746
2023-01-24,430681.1979525607,225683.8094820839
2023-01-25,433381.31545517687,225768.40157756506
2023-01-26,438196.44031792367,228249.66772120973
2023-01-27,433794.9003714542,228774.1027165566
2023-01-30,430587.5622193813,225903.73093201674
2023-01-31,435336.5467964052,229225.24856024407
2023-02-01,438361.61401234486,231661.42891682909
2023-02-02,435325.8210009597,235033.7377989815
2023-02-03,432249.6094455264,232535.53523792242
2023-02-06,430542.92242125684,231114.3880338387
2023-02-07,435455.8436473161,234137.07958519927
2023-02-08,433036.3632841074,231576.81882302972
2023-02-09,433399.94809771667,229569.25041576143
2023-02-10,434011.19014777563,230104.98835493007
2023-02-13,440792.88896676525,232806.1939468258
2023-02-14,441761.21731684025,232699.0499586557
2023-02-15,442353.23928776896,233454.7093477572
2023-02-16,438706.66753221035,230240.37170433634
2023-02-17,438012.4593374524,229665.109458428
2023-02-21,429920.53182368795,225057.8279755232
2023-02-22,428671.6597589538,224747.6629581983
2023-02-23,429529.0487332462,225943.2012438019
2023-02-24,425355.5527275389,223529.62677486034
2023-02-27,428959.0379204557,224290.91963755453
2023-02-28,427162.170121443,223461.91710183903
2023-03-01,427194.64567734016,222604.74719816013
2023-03-02,428538.2766272304,224335.9694279778
2023-03-03,436104.0832730893,227933.8872286103
2023-03-06,436556.23315331386,228091.76847575093
2023-03-07,431431.00468024256,224595.39718633218
2023-03-08,431812.66522527335,224961.95093453847
2023-03-09,426628.5532205002,220811.46676723202
2023-03-10,424231.88365733,217625.2784934564
2023-03-13,422179.5012715692,217315.1134761315
2023-03-14,429383.7707887991,220907.32580989858
2023-03-15,426046.3927755122,219525.6849142364
2023-03-16,432005.1182261668,223377.32500635786
2023-03-17,427257.36725185945,220765.42706930844
2023-03-20,433628.6199380557,222888.25670624938
2023-03-21,437036.81039550906,225814.87323512512
2023-03-22,429932.3948637315,221965.51892941346
2023-03-23,435057.4505845037,222565.58285778417
2023-03-24,438990.46704030567,224026.03838878934
2023-03-27,441083.6964189341,224444.9672429212
2023-03-28,440590.9123793874,223941.15832021716
2023-03-29,444163.5974392745,227196.100169469
2023-03-30,446908.1912491078,228526.3918633423
2023-03-31,452236.3535529764,231747.3888844925
2023-04-03,455198.6025142048,232630.4943646796
2023-04-04,448517.879396905,231339.83496745513
2023-04-05,446366.98896561173,230734.13756549175
2023-04-06,443106.34242081374,231634.17946309323
2023-04-10,448695.5497134922,231871.9192480317
2023-04-11,450363.40356007824,231934.1934289604
2023-04-12,449067.1351402301,230988.83176616282
2023-04-13,451359.92847114487,234056.98706926496
2023-04-14,453483.3948585094,233485.23449540316
2023-04-17,454305.6939209519,234323.05620703052
2023-04-18,456792.8017562044,234475.91592339682
2023-04-19,455069.6073858774,234436.283626748
2023-04-20,457058.9268253173,233156.94517166348
2023-04-21,456216.4740825988,233338.0802459023
2023-04-24,458811.67561963235,233581.45350443345
2023-04-25,451534.5672131461,229873.67396958455
2023-04-26,451512.12449621834,228900.01895059625
2023-04-27,458712.1888507237,233456.94113921243
2023-04-28,464729.02006857237,235449.55294406693
2023-05-01,464028.9447577532,235211.81315912848
2023-05-02,453549.0160305924,232568.2021854327
2023-05-03,451517.06049206626,230971.85935211205
2023-05-04,445214.4686963376,229335.90222046073
2023-05-05,451725.5248684919,233581.45350443345
2023-05-08,452083.39927203767,233643.76368199853
2023-05-09,451828.92589355086,232619.1374259033
2023-05-10,455414.19124745205,233706.03786292722
2023-05-11,454491.4392954072,233298.46594757165
2023-05-12,454982.01027002354,232992.74651483906
2023-05-15,457150.32139312185,233796.6233983648
2023-05-16,454763.396954867,232234.24339146394
2023-05-17,460585.074666644,235053.33796748766
2023-05-18,471440.28239925345,237317.63438538223
2023-05-19,471382.3730477703,236972.31865263716
2023-05-22,468676.5041502846,237068.57365830382
2023-05-23,461169.6902852835,234407.99027055726
2023-05-24,460758.58770603134,232709.7049630227
2023-05-25,473586.6722567249,234724.95865215705
2023-05-26,485485.79707848607,237764.8385973866
2023-05-30,487504.0606456127,237855.42413282424
2023-05-31,480676.3482165326,236536.4173844545
2023-06-01,481627.70746176876,238783.75938661644
2023-06-02,484522.47234091855,242236.84472079427
2023-06-05,483837.95639514725,241772.66809473909
2023-06-06,482554.7497786931,242299.1009034048
2023-06-07,481192.2626531698,241461.333186732
2023-06-08,485611.7550122213,242921.82471437354
2023-06-09,484021.61186872394,243357.6719876016
2023-06-12,493956.90477879025,245565.38169311473
2023-06-13,495772.54337997705,247184.40240735162
2023-06-14,498675.64094110247,247478.72890467153
2023-06-15,500306.8653378828,250546.92020441004
2023-06-16,495304.45758317003,249693.49395091413
2023-06-20,494712.72872859664,248398.02900273362
2023-06-21,496229.47254647495,247125.3319270603
2023-06-22,497489.8235481302,248017.34657475018
2023-06-23,492871.9762629215,246142.35377925087
2023-06-26,496019.4252258042,245136.67975220704
2023-06-27,504895.72940076096,247824.18862396208
2023-06-28,505887.8412839484,247949.20494209236
2023-06-29,509613.1449072859,248926.44162639996
2023-06-30,513300.0543768293,251863.94713777915
2023-07-03,512245.8456132839,252153.72006059764
2023-07-05,509233.9406777484,251778.7251011614
2023-07-06,502134.9622353123,249807.1353319499
2023-07-07,503174.42494494957,249176.4382660241
2023-07-10,511046.602139217,249807.1353319499
2023-07-11,511951.109114274,251398.04267317793
2023-07-12,513735.20265642303,253420.7296677237
2023-07-13,515642.4951154696,255432.14971508412
2023-07-14,513570.048056677,255273.04458230676
2023-07-17,522182.21562289895,256159.40775808576
2023-07-18,529022.0236872691,258062.81989800307
2023-07-19,529430.4791979266,258636.69627341098
2023-07-20,520847.0545907734,256920.7546157345
2023-07-21,520164.0350072858,256920.7546157345
2023-07-24,520819.0569654804,258068.48936823214
2023-07-25,525048.6000988248,258773.06953031756
2023-07-26,525589.0803332606,258812.8278151937
2023-07-27,518328.79270284675,257096.90415583542
2023-07-28,524050.7213509211,259613.9509560368
2023-07-31,526755.9866842157,260108.27476505603
2023-08-01,537142.4797982825,259363.93631809446
2023-08-02,526926.3535805062,255756.0114525497
2023-08-03,530090.5059738173,255023.02994436445
2023-08-04,528756.0063838824,253869.62572163774
2023-08-07,534376.3803991097,256085.52466192615
2023-08-08,533059.5700767245,254971.89672239378
2023-08-09,529185.6900062866,253267.34800012998
2023-08-10,528132.3442895233,253358.27550361314
2023-08-11,527075.1192901058,253210.54530793027
2023-08-14,532037.1553024146,254608.24070341568
2023-08-15,526437.1748001511,251642.38784089123
2023-08-16,523634.9919746322,249795.7783931736
2023-08-17,520001.2370200049,247892.38425157446
2023-08-18,522125.35114726855,248011.6771045211
2023-08-21,530312.8113285678,249625.26232666537
2023-08-22,529747.1785613035,248949.19150058893
2023-08-23,536097.8042320475,251721.90441064353
2023-08-24,523286.8264008458,248233.21840309084
2023-08-25,526469.8121410246,249983.23087709624
2023-08-28,529901.2947737738,251568.4687480952
2023-08-29,539152.715847585,255204.8489546944
2023-08-30,542920.9211023005,256256.004731798
2023-08-31,546934.7387414844,255881.02777067997
2023-09-01,550080.353051353,256358.28917405746
2023-09-05,548987.135837986,255250.33070475416
2023-09-06,547981.189828581,253534.44304203225
2023-09-07,545815.1770724161,252755.99778210538
2023-09-08,546987.9971869623,253136.66221177066
2023-09-11,545285.5922234243,254801.4706474765
2023-09-12,541054.8676650177,253403.70325871836
2023-09-13,537312.7530076919,253699.21764503865
2023-09-14,536768.1981481563,255886.67924259082
2023-09-15,527394.6541841418,252803.65732866584
2023-09-18,530322.4940368686,252951.9454722125
2023-09-19,526509.1907357521,252427.34849200194
2023-09-20,522748.21150012483,250106.6993398624
2023-09-21,513844.5300590909,245972.86361687936
2023-09-22,515945.9023540389,245419.77529897797
2023-09-25,518932.16895407805,246451.7988638483
2023-09-26,510334.3810608614,242831.14918734497
2023-09-27,512884.15904917184,242928.0701307846
2023-09-28,519792.88494962704,244336.3845340006
2023-09-29,517872.72766548354,243743.41194299576
2023-10-02,517623.3216476637,243646.473001238
2023-10-03,510556.36522698845,240385.0157608023
2023-10-04,513400.34347883373,242135.49619108054
2023-10-05,514841.62046025175,242044.22671955184
2023-10-06,519418.4074513228,244918.00018622912
2023-10-09,527451.3316241391,246486.03166504088
2023-10-10,529419.0727339636,247768.93378712653
2023-10-11,529534.4320753316,248783.84095140052
2023-10-12,532168.1725534442,247267.17667269584
2023-10-13,527115.6841885592,246035.55175912636
2023-10-16,534675.6795979034,248624.19586907755
2023-10-17,535648.9078999198,248612.80293366488
2023-10-18,531006.3752821238,245299.9784931221
2023-10-19,521595.0866648842,243144.69788848914
2023-10-20,515676.87744742434,240156.9410727305
2023-10-23,510155.8960923329,239740.69396800856
2023-10-24,513934.55678112747,241548.1750719866
2023-10-25,506200.45249175973,238081.46501094082
2023-10-26,501712.9458985078,235230.53141004345
2023-10-27,503050.4580425224,234164.25704566235
2023-10-30,506796.3248567508,236963.87744140724
2023-10-31,515978.1862209449,238452.0863790575
2023-11-01,527278.8455407902,240995.06875576705
2023-11-02,535212.216593497,245613.63518417536
2023-11-03,536873.0230951256,247854.46179515345
2023-11-06,537283.959663039,248424.63051701474
2023-11-07,537456.03237791,249131.65845037365
2023-11-08,536855.7466696122,249314.14339847653
2023-11-09,536831.9456456329,247369.82108131907
2023-11-10,544038.7118408666,251229.97437794323
2023-11-13,544993.901920021,250990.4527595042
2023-11-14,554232.8210324094,255859.89774512785
2023-11-15,553143.6227728056,256401.57512929835
2023-11-16,550509.4883502,256715.17782539708
2023-11-17,551400.4503675582,257034.4859883612
2023-11-20,555389.7118961653,259013.0231083931
2023-11-21,552822.0022700347,258448.52385676085
2023-11-22,555900.4148098457,259446.33261875674
2023-11-24,557480.0639999924,259606.01369771612
2023-11-27,554058.9183351214,259138.45338784167
2023-11-28,550331.552535,259395.00141528604
2023-11-29,548540.189391656,259212.57046213772
2023-11-30,552069.1707142702,260233.20109159534
2023-12-01,555854.6015883326,261772.70523607993
2023-12-04,553094.9698593401,260398.56963910194
2023-12-05,548371.186987927,260347.27443226762
2023-12-06,544144.5465185514,259298.08047184645
2023-12-07,548037.5101388826,261276.63559019653
2023-12-08,549537.3308485313,262399.9646232319
2023-12-11,562105.0778349132,263420.541257735
2023-12-12,567228.1869174755,264623.6748336137
2023-12-13,574668.2080252328,268272.8518444442
2023-12-14,576142.9383690999,269133.8373915788
2023-12-15,578018.3346758164,268690.718797803
2023-12-18,581902.2874284801,270202.1095692787
2023-12-19,585841.8397953298,271845.1580382959
2023-12-20,578034.2499393019,268078.16403661016
2023-12-21,583914.4919629343,270620.0305175921
2023-12-22,585369.8471147732,271163.9216948996
2023-12-26,588497.1762395662,272308.88470639643
2023-12-27,588281.6461656255,272801.2466987332
2023-12-28,585155.3120333813,272904.28707035654
2023-12-29,583960.4971902504,272114.23289519874
2024-01-02,580580.1187345443,270591.413191674
2024-01-03,579077.3056493616,268381.54368797835
2024-01-04,572452.6071321553,267517.08446543355
2024-01-05,573334.4760261015,267883.49422709434
2024-01-08,582273.3634681951,271707.7768755708
2024-01-09,579924.2263050334,271295.59739075927
2024-01-10,580505.9042881363,272829.8820229695
2024-01-11,584568.9509077546,272709.6712557953
2024-01-12,586781.4463653605,272898.5816034911
2024-01-16,584049.2283718914,271896.68722326664
2024-01-17,578651.2564074179,270385.3144501091
2024-01-18,585972.1130794693,272789.7817700478
2024-01-19,598562.9202598991,276190.45600166364
2024-01-22,603637.2281406019,276774.37543862016
2024-01-23,599659.4381074937,277581.6000093288
2024-01-24,602403.8340066802,277885.0156573334
2024-01-25,607568.279337617,279396.42442712735
2024-01-26,605251.7111451362,279041.4975924702
2024-01-29,612993.480276328,281251.3131012112
2024-01-30,617264.1921551601,281033.7854275973
2024-01-31,604889.0468004736,276448.04793156293
2024-02-01,613533.1513597944,280066.24983679276
2024-02-02,616247.6714842805,283014.608334039
2024-02-05,616713.7765948959,281984.1326245328
2024-02-06,611945.8622922638,282802.80412560864
2024-02-07,622334.8392352746,285161.4837240784
2024-02-08,629013.6123748589,285287.4359547544
2024-02-09,636455.3497208538,286936.26188390976
2024-02-12,639970.3848059601,286810.27365659736
2024-02-13,629534.6228853834,282860.0027808085
2024-02-14,637523.0532692714,285430.57657929946
2024-02-15,641924.0549549378,287399.9705536921
2024-02-16,638874.849991185,285968.70829478704
2024-02-20,631633.6753533935,284394.35940629145
2024-02-21,633041.6051516297,284651.9873328271
2024-02-22,648840.9679610156,290542.98086213594
2024-02-23,649207.9898173545,290743.3561385172
2024-02-26,654554.8346983158,289678.48564295477
2024-02-27,653411.9437276028,290216.63535676047
2024-02-28,652329.0438464279,289833.05519954883
2024-02-29,657601.5265364168,290874.9958377405
2024-03-01,675369.4460927362,293605.8266613728
2024-03-04,673795.2773972853,293290.9280863645
2024-03-05,666591.6044735708,290359.7579829874
2024-03-06,672311.2577628698,291831.10249649594
2024-03-07,682224.6455073827,294727.94980708964
2024-03-08,669370.3937317469,292958.91311076004
2024-03-11,664735.0786373,292706.9906510898
2024-03-12,673440.5957161062,295855.79641799006
2024-03-13,672973.925964096,295392.05175157136
2024-03-14,671672.4930283899,294808.0603213421
2024-03-15,669426.9223242755,292783.7714764776
2024-03-18,675874.2250545594,294523.83088052535
2024-03-19,680646.2802129326,296160.50794490415
2024-03-20,692973.8209499645,298899.8159764028
2024-03-21,704464.2849324665,299887.6176734865
2024-03-22,702935.1525085269,299319.0508019439
2024-03-25,701497.7410090221,298492.0820761835
2024-03-26,695968.5127142086,297940.7935901009
2024-03-27,695813.2999728108,300444.6116264345
2024-03-28,698947.2933877357,300387.19699141645
2024-04-01,703225.705708264,299864.63382116106
2024-04-02,699467.0646597785,297958.03597892454
2024-04-03,706104.2905990857,298285.3173968457
2024-04-04,689349.095687663,294644.4376106997
2024-04-05,699016.2556496796,297722.5279854413
2024-04-08,698663.04974118,297889.0844219483
2024-04-09,694453.153796258,298233.66222364764
2024-04-10,689879.646435254,295247.3812699804
2024-04-11,703175.9529503996,297475.6450548636
2024-04-12,683617.4626383875,293369.5627385257
2024-04-15,672353.6880597739,289694.1801764142
2024-04-16,679946.3550296838,289165.8215477025
2024-04-17,667992.619948004,287454.487459482
2024-04-18,661158.2422563931,286862.97273225035
2024-04-19,628395.6707390567,284359.15469591675
2024-04-22,633964.5647596258,286977.83799892286
2024-04-23,646089.0856257166,290383.2817848584
2024-04-24,639850.5047870104,290245.43266586046
2024-04-25,656259.5556418515,289142.83769537706
2024-04-26,670577.3048518067,291882.1637251938
2024-04-29,675054.2839762963,292915.8431353374
2024-04-30,659604.0861315936,288275.69672342227
2024-05-01,643626.5625480732,287339.6401911276
2024-05-02,650887.1453417196,290027.2210561554
2024-05-03,666938.5110291974,293622.22312924155
2024-05-06,679513.5854657316,296654.38179596874
2024-05-07,677099.6024472222,296981.78920211724
2024-05-08,680132.1731884945,297010.44252467173
2024-05-09,681354.7644456238,298721.74061625585
2024-05-10,688639.9112379116,299106.61665237695
2024-05-13,686080.726425628,299146.7529019351
2024-05-14,692548.9242671089,300519.30464691255
2024-05-15,713941.4055561962,304240.6549136748
2024-05-16,707034.1519070972,303614.6014138414
2024-05-17,702212.1422664355,304051.06062988786
2024-05-20,708775.6334704383,304401.3798950891
2024-05-21,711607.7011845647,305147.95013350586
2024-05-22,705946.9251213885,304269.3082362293
2024-05-23,703441.2915770577,302046.8039131661
2024-05-24,712766.6082794514,304045.3011680679
2024-05-28,717742.2049219623,304257.8253092257
2024-05-29,709356.4740073329,302127.2923921005
2024-05-30,704115.1987423396,300123.05367369694
2024-05-31,699576.1920895787,302856.58424505737
2024-06-03,699927.7919138642,303103.5211705896
2024-06-04,696546.1168893246,303442.39350542356
2024-06-05,715860.493837089,307048.752517286
2024-06-06,712274.7957413524,307043.0650487388
2024-06-07,707224.6185811491,306669.8159261667
2024-06-10,713293.5741258055,307617.3193888286
2024-06-11,712810.0387696823,308358.2021586982
2024-06-12,724292.4444432128,310890.70951422263
2024-06-13,751564.3753661456,311516.69102078327
2024-06-14,753382.001297873,311706.24930793385
2024-06-17,771684.4242939673,314187.1014902602
2024-06-18,779327.233553521,314985.2909052387
2024-06-20,764709.4896286377,314129.65085860575
2024-06-21,757614.7563902853,313708.49021301867
2024-06-24,735813.3541679528,312688.7415011522
2024-06-25,746396.9844095632,313892.9009811676
2024-06-26,747108.101904699,314284.68837147276
2024-06-27,749635.9034302963,314780.11007790145
2024-06-28,748893.3864578,313541.42982360243
2024-07-01,748578.2447482119,314186.74152389646
2024-07-02,750768.8142232373,316301.0759546529
2024-07-03,761942.0966821088,317712.64805346087
2024-07-05,761462.6373207371,319544.6968617648
2024-07-08,767825.941302228,319913.48240142636
2024-07-09,765714.3945713909,320224.5653329788
2024-07-10,766024.1140477262,323393.27723979444
2024-07-11,751190.9139434667,320604.72580973484
2024-07-12,755408.4970290366,322627.0168412805
2024-07-15,756338.1499074105,323514.26193465065
2024-07-16,754657.9588715528,325432.7386668909
2024-07-17,723233.6591525223,320869.76904336375
2024-07-18,720330.8601373171,318403.9274584057
2024-07-19,710054.4723646918,316289.5210343765
2024-07-22,722998.6823653115,319550.4563235848
2024-07-23,718359.5588982207,319049.27515533613
2024-07-24,689634.519510184,311818.774793242
2024-07-25,681065.5554498363,310194.13860373065
2024-07-26,690068.0104952254,313668.2099769151
2024-07-29,689716.4023250164,313852.5487517913
2024-07-30,675364.1853348234,312262.3613432907
2024-07-31,708747.2896031053,317338.1030519793
2024-08-01,684766.5539049259,312844.28296692844
2024-08-02,661842.6227663928,307019.6312384587
2024-08-05,647543.2667338108,298078.1207578714
2024-08-06,660108.3713837143,300826.2479652819
2024-08-07,638608.5316728753,298815.547850649
2024-08-08,664328.58124218,305723.3923625961
2024-08-09,669337.1784004336,307071.50239147496
2024-08-12,678619.3010844945,307232.83931570756
2024-08-13,690319.8700225119,312285.43518720707
2024-08-14,693554.6937376241,313270.6271281536
2024-08-15,714899.9066896471,318640.1373862983
2024-08-16,713934.5686652776,319354.52663179586
2024-08-19,721136.675771941,322408.08529884793
2024-08-20,713644.1734141193,321883.7582934102
2024-08-21,720548.0565971809,322989.9349292129
2024-08-22,709860.8712298345,320454.97980241495
2024-08-23,721159.0523787267,323859.93763375946
2024-08-26,708002.6497100313,323087.8817767892
2024-08-27,711548.9600477517,323531.5403201107
2024-08-28,695400.9859034345,321653.3798206104
2024-08-29,692335.8402503913,321682.14113307395
2024-08-30,701128.547083419,324752.9421889497
2024-09-03,667539.4423588454,318069.84267620964
2024-09-04,665018.8466479318,317418.8435073684
2024-09-05,662065.0030541818,316646.7876503981
2024-09-06,640128.7853868625,311317.5216317206
2024-09-09,653444.5177296721,314803.14792518143
2024-09-10,654611.6852400029,316174.3317979766
2024-09-11,674800.0061799691,319417.95270508854
2024-09-12,681952.1247756812,322108.52129093546
2024-09-13,690393.3081911311,323790.78809528315
2024-09-16,688295.6029891417,324268.96741288825
2024-09-17,688546.2356706314,324401.4710313845
2024-09-18,682956.2019319378,323439.3529343544
2024-09-19,695417.9644812315,328958.6451964553
2024-09-20,695769.1340902969,328390.00633163995
2024-09-23,704524.1296066549,328395.1178540052
2024-09-24,710206.1130004349,329334.7740499373
2024-09-25,711545.9783718989,328608.3979245269
2024-09-26,706214.7813660795,329911.2961781188
2024-09-27,701436.3568304676,329432.79289078637
2024-09-30,702256.96626958,330752.9335332019
2024-10-01,693629.2551237751,327789.94240326923
2024-10-02,703253.6117376032,327928.2054835855
2024-10-03,704684.1737219825,327328.7175013968
2024-10-04,706456.5900490473,330303.2635516058
2024-10-07,700475.2816672139,327317.16258112044
2024-10-08,704609.4450039918,330412.8013160949
2024-10-09,708994.7209777611,332701.32347026974
2024-10-10,709406.6483507956,332119.0778769047
2024-10-11,712520.3545930744,334107.92803325795
2024-10-14,714622.2655105959,336840.360707209
2024-10-15,703053.5224028034,334223.26125620335
2024-10-16,710531.9104806107,335675.9415137515
2024-10-17,709836.4501223452,335704.7388228515
2024-10-18,716668.2641800232,336996.0101628943
2024-10-21,716508.1282668281,336442.63387190195
2024-10-22,715015.514896521,336263.94656893663
2024-10-23,713045.8717287309,333191.38167787855
2024-10-24,711631.1392201155,333911.8903515599
2024-10-25,707369.0659104491,333796.5931252509
2024-10-28,707596.0409011621,334828.50870021206
2024-10-29,704541.4655969213,335370.43806083716
2024-10-30,701950.8655554136,334355.80087133596
2024-10-31,713051.677189508,327801.46132690925
2024-11-01,708174.2301544275,329184.8480594356
2024-11-04,712838.555617453,328475.8583093943
2024-11-05,722450.3192714051,332447.7271670081
2024-11-06,727163.041116725,340714.17472733743
2024-11-07,733999.010046251,343348.6965503485
2024-11-08,738856.0423637164,344835.969575453
2024-11-11,736729.6362910311,345164.58286892006
2024-11-12,736695.9097428741,344092.35106121894
2024-11-13,739114.939054714,344259.4834439079
2024-11-14,737530.4000416562,342045.8702900293
2024-11-15,735188.8842862844,337664.6836801957
2024-11-18,738227.0093745318,339048.25039590395
2024-11-19,746361.9979222417,340287.61458629405
2024-11-20,750668.4400898566,340402.9838058758
2024-11-21,759461.8446174904,342230.35305145103
2024-11-22,757460.7639032445,343291.0299388758
2024-11-25,748323.0972687744,344455.52112560597
2024-11-26,757115.8443778332,346254.0930620812
2024-11-27,757060.8913054424,345204.89910166006
2024-11-29,761242.4295960527,347349.326720426
2024-12-02,757996.761162086,347971.88854653103
2024-12-03,759248.2153960712,348133.36945730913
2024-12-04,759709.8784357852,350295.075461535
2024-12-05,761804.9425514066,349718.66132326267
2024-12-06,759820.4242027556,350381.57537874405
2024-12-09,745289.2527051412,348577.20798381243
2024-12-10,739441.5521937868,347493.4572524713
2024-12-11,745696.0618824993,350179.8142318624
2024-12-12,742894.3818161488,348375.44683693076
2024-12-13,743963.5050727052,348306.29729845445
2024-12-16,741851.530950997,349793.5343269226
2024-12-17,734565.4288802654,348352.4089896508
2024-12-18,714940.0409103949,337970.2951230192
2024-12-19,707471.7975209961,337866.48082371376
2024-12-20,721327.0671079988,341924.59762208204
2024-12-23,726029.6243376544,343972.1942889993
2024-12-24,732640.6755849448,347795.3970383846
2024-12-26,729715.9955273049,347818.5068789373
2024-12-27,722843.4020215018,344157.21699996665
2024-12-30,719825.9698316539,340229.83998491225
2024-12-31,719454.0548486126,338992.095643159
2025-01-02,722634.9307252856,338159.16947407863
2025-01-03,736165.6106958322,342387.29838604585
2025-01-06,740985.4031622227,344359.69807957584
2025-01-07,731183.3754886785,340467.0218219869
2025-01-08,731153.4140646266,340964.3873467798
2025-01-10,730597.654386473,335758.73377741396
2025-01-13,734780.8156702465,336279.31713266874
2025-01-14,739088.1626234187,336742.0898899053
2025-01-15,748020.934952313,342867.4215220152
2025-01-16,752523.5145881327,342207.96314362576
2025-01-17,758999.8432944452,345643.73409570724
2025-01-21,766078.3057383558,348807.55045997584
2025-01-22,777580.8809313533,350768.4312298658
2025-01-23,782296.1276350917,352682.94833210483
2025-01-24,774132.3192098051,351653.3005452353
2025-01-27,742252.930357473,346679.0333544877
2025-01-28,750039.1912466455,349657.86300442537
2025-01-29,754565.5090570844,348090.3894734774
2025-01-30,760080.3137268304,349958.5789047018
2025-01-31,754522.846059812,348096.1489352974
2025-02-03,751594.0029605642,345753.6678231964
2025-02-04,758490.480476929,348073.0030981083
2025-02-05,764095.0575680771,349484.28722382523
2025-02-06,758566.4443582857,350698.9937182985
2025-02-07,759343.2723486138,347488.8496830153
2025-02-10,766579.4575348301,349848.7531671218
2025-02-11,759304.9939737428,350114.80430656916
2025-02-12,751979.0161115498,348986.8857023959
2025-02-13,754748.8954092177,352671.39341182844
2025-02-14,758974.9803740276,352653.97103982297
2025-02-18,762768.675753495,353689.3062952398
2025-02-19,762171.1589245966,354522.23246432014
2025-02-20,756260.8512672709,353047.34228212864
2025-02-21,737122.633638935,347008.83453695517
2025-02-24,732052.1297414344,345429.7340924581
2025-02-25,731146.6631588824,343711.83061809913
2025-02-26,734450.4380114625,343885.3704020629
2025-02-27,723937.4349505899,338396.35131115327
2025-02-28,733367.5646825358,343677.1298606337
2025-03-03,715046.8511637246,337655.93649755657
2025-03-04,701389.0292470895,333659.1579675712
2025-03-05,707574.0698527943,337245.2508731546
2025-03-06,688103.6412151572,331258.7942641793
2025-03-07,686866.7196788118,333115.46477176377
2025-03-10,674577.9459234887,324242.7258649709
2025-03-11,674495.7441284471,321547.3697264861
2025-03-12,680553.880491223,323253.6462872959
2025-03-13,671566.7698420833,318944.4889468486
2025-03-14,690867.8635088889,325532.55733955867
2025-03-17,697961.3345097577,328042.89076707617
2025-03-18,686778.148439555,324497.2580807783
2025-03-19,698359.3942038114,328031.263853527
2025-03-20,696432.0999802548,327082.71648841025
2025-03-21,694812.3621843572,327190.56241098966
2025-03-24,708797.6797685853,333050.0588834704
2025-03-25,707507.9097747486,333850.6960697225
2025-03-26,701557.4606703697,329865.07649701333
2025-03-27,698591.710663296,328989.06235419214
2025-03-28,687025.4936404747,322363.8094361067
2025-03-31,692409.2797190647,324527.7112351515
2025-04-01,692967.1557885987,325444.4015770764
2025-04-02,695585.0695096775,327503.8771339974
2025-04-03,665058.015427499,311364.2452657353
2025-04-04,629026.4741311946,293136.05255836126
2025-04-07,624939.6604120398,292613.9213477424
2025-04-08,619547.919755752,288030.775609527
2025-04-09,652435.1234509948,318279.5950763666
2025-04-10,647508.5703441154,304332.8782960675
2025-04-11,662309.538402507,309763.00688986765
2025-04-14,668905.8670442912,312768.114084359
2025-04-15,671702.1132446716,311892.09994153783
2025-04-16,666374.9851809368,304959.32775890105
2025-04-17,671059.4708110578,305394.5270926744
2025-04-21,662785.6872908702,298125.312348159
2025-04-22,680306.8306267762,305881.8495559187
2025-04-23,680936.6687122846,310621.63465731975
2025-04-24,690375.1791338546,317159.8837052869
2025-04-25,687029.9777509877,319451.46557355364
2025-04-28,690809.4627662495,319573.2421944102
2025-04-29,693244.3323432881,321586.42607695295
2025-04-30,698864.5445870175,321714.0341529022
2025-05-01,694799.2556559105,323993.9531109835
2025-05-02,703731.3485160945,328803.3917037701
2025-05-05,700431.2556566276,326917.95988372207
2025-05-06,700320.9482043008,324185.4192198619
2025-05-07,704299.8830922697,325548.7918225638
2025-05-08,698848.2381901725,327817.11986373237
2025-05-09,697200.025019163,327399.4508918736
2025-05-12,687644.7098437131,338219.1398702793
2025-05-13,685377.6862762035,340452.73115734605
2025-05-14,678679.9976602872,340887.85849784664
2025-05-15,692368.1731013193,342552.84691673436
2025-05-16,701370.7361841599,344722.61616750824
2025-05-19,704650.8641823592,345099.68093353603
2025-05-20,706467.4014594113,343939.36535662535
2025-05-21,700962.2587271814,338143.72691707377
2025-05-22,699273.1896377311,338277.20244475215
2025-05-23,703151.2929761012,335968.1982044799
2025-05-27,708791.6500045082,342953.20150649676
2025-05-28,706469.6906984302,340969.0309128722
2025-05-29,705662.3604858129,342314.9811435686
2025-05-30,709965.1926728681,341932.1209190844
2025-06-02,714464.4186196538,343858.19294159976
2025-06-03,711033.4662887019,345819.07371148973
2025-06-04,709473.5843202698,345726.27438291506
2025-06-05,707471.0490363877,344055.4185122982
2025-06-06,706434.1341155615,347588.56036577397
2025-06-09,703731.4030266448,347901.80309550895
2025-06-10,701024.1831642748,349874.310778948
2025-06-11,703085.3630548216,348876.4480219976
2025-06-12,709418.9289517949,350263.0024585249
2025-06-13,704518.4435076067,346347.0363772014
2025-06-16,706288.8835536063,349642.2404642386
2025-06-17,704369.7967119099,346654.48364848
2025-06-18,705525.4053152368,346602.2525290999
2025-06-20,708640.3491462042,345788.2245941164
2025-06-23,716855.2593228123,349203.76543655514
2025-06-24,718372.5754372003,353061.5609534967
2025-06-25,713681.5401190316,353259.3624703772
2025-06-26,720300.6885274162,356023.2202078835
2025-06-27,720943.6464151558,357792.0229260766
2025-06-30,726911.1763135053,359502.6910765242
2025-07-01,725520.5282879707,359386.38594439666
2025-07-02,724257.551486004,361015.5577100913
2025-07-03,728045.5037683897,363860.83983907785
2025-07-07,730221.74239029,361149.39320413343
2025-07-08,719445.8030628683,360951.591687253
2025-07-09,716954.2070954881,363116.03343584336
2025-07-10,718537.8568259077,364140.1377407112
2025-07-11,716856.8790727354,362860.0253579446
2025-07-14,725751.1100277497,363552.4566552535
2025-07-15,713517.595995096,361998.91382258263
2025-07-16,715776.7494448678,363209.1567341454
2025-07-17,716749.9916661204,365431.8410403905
2025-07-18,714590.6021703273,365164.20604894264
2025-07-21,720602.500821209,365856.6373462515
2025-07-22,725292.0980959528,365908.9764555407
2025-07-23,723475.9758228131,369022.0015658842
2025-07-24,728837.6617807666,369144.13815310446
2025-07-25,735004.716079458,370703.54843750445
2025-07-28,727124.1599553318,370610.4251392024
2025-07-29,730038.4118115061,369632.9364784402
2025-07-30,731235.5659108037,369167.42797683907
2025-07-31,725458.7171031939,367782.60137885774
2025-08-01,726316.1206436092,361754.49666159664
2025-08-04,742853.6230626905,367253.0548611456
2025-08-05,741040.4203306572,365391.1288446504
2025-08-06,746459.6437100284,368189.8673228041
2025-08-07,747279.1669355629,367881.48413897975
2025-08-08,755332.8889999784,370750.0560917009
2025-08-11,756446.1648725788,370016.91259865195
2025-08-12,756975.0220455555,373956.1325070737
2025-08-13,753876.0344656408,375236.2088932039
2025-08-14,754857.3512835611,375271.161627124
2025-08-15,756115.0907113726,374392.5557264838
2025-08-18,755539.5299912532,374311.0233450945
2025-08-19,755901.3798097516,372280.4170905462
2025-08-20,763086.5149136204,371291.19352632575
2025-08-21,763422.7231194054,369801.65271312965
2025-08-22,761602.1491003254,375480.59005755355
2025-08-25,761364.7876680539,373828.1284681243
2025-08-26,763056.4458461293,375393.29821434425
2025-08-27,762873.0056355507,376248.6502878862
2025-08-28,764173.6918895601,377581.101779942
2025-08-29,764167.2212550873,375329.33219150594
2025-09-02,762969.8786354024,372548.01608535775
2025-09-03,767467.5893233699,374567.0314229933
2025-09-04,771387.5618389922,377697.4789053423
2025-09-05,768320.591069187,376603.5771225434
2025-09-08,768974.7770759921,377528.7626706528
2025-09-09,776265.7911443743,378401.53711620026
2025-09-10,776470.1546557754,379495.4748956355
2025-09-11,781068.7813823972,382649.10421181
2025-09-12,780095.7947214927,382521.06417622423
2025-09-15,779159.5223078155,384557.60987577436
2025-09-16,777802.4007712773,384028.17134797137
2025-09-17,780376.4213671957,383551.03593282116
2025-09-18,773917.5737960839,385343.16447138524
2025-09-19,781008.2917892421,387251.706131986
2025-09-22,780376.5990934253,389083.8269335627
2025-09-23,787052.8974563244,386965.820845896
2025-09-24,785068.8881113627,385734.66388859943
2025-09-25,787400.8285176757,383955.0621794938
2025-09-26,794062.9454097231,386154.7806317317
2025-09-29,794592.6316548709,387240.04322180053
2025-09-30,796160.0077543507,388698.6629243506
2025-10-01,794793.7375813616,390023.23115304025
2025-10-02,793050.9376357548,390472.4331783634
