date,strategy,spy
2010-01-04,100000.0,99949.02548725638
2010-01-05,100000.0,100213.57880835485
2010-01-06,100000.0,100284.11013204204
2010-01-07,100000.0,100707.4693761146
2010-01-08,100000.0,101042.56303679234
2010-01-11,100000.0,101183.73387487161
2010-01-12,100000.0,100240.07651515745
2010-01-13,100000.0,101086.69582848976
2010-01-14,100000.0,101360.111771496
2010-01-15,100000.0,100222.44143026262
2010-01-19,100000.0,101474.75785509645
2010-01-20,100000.0,100442.89802323199
2010-01-21,100000.0,98511.44149621417
2010-01-22,100000.0,96315.46771166619
2010-01-25,100000.0,96809.39434299423
2010-01-26,100000.0,96403.67018381649
2010-01-27,100000.0,96862.24550232624
2010-01-28,100000.0,95751.00074075889
2010-01-29,100000.0,94710.37746179945
2010-02-01,100000.0,96183.23162263128
2010-02-02,100000.0,97347.30951174651
2010-02-03,100000.0,96862.24550232624
2010-02-04,100000.0,93872.53962734625
2010-02-05,100000.0,94066.56162475754
2010-02-08,100000.0,93387.45758614184
2010-02-09,100000.0,94560.38908127276
2010-02-10,100000.0,94375.22970576926
2010-02-11,100000.0,95362.9657618284
2010-02-12,100000.0,95283.58984801758
2010-02-16,100000.0,96782.86057262335
2010-02-17,100000.0,97241.48998648554
2010-02-18,100000.0,97814.72040448782
2010-02-19,100000.0,98017.59600791479
2010-02-22,100000.0,98035.25814048584
2010-02-23,100000.0,96844.60140153936
2010-02-24,100000.0,97735.37153835321
2010-02-25,100000.0,97603.06332218173
2010-02-26,100000.0,97664.80415109772
2010-03-01,100000.0,98679.06496163567
2010-03-02,100000.0,98952.44484107362
2010-03-03,100000.0,99040.62928143977
2010-03-04,100000.0,99340.49785178826
2010-03-05,100000.0,100760.3926625832
2010-03-08,100000.0,100778.02774747802
2010-03-09,100000.0,100945.62416522329
2010-03-10,100000.0,101395.36390950148
2010-03-11,100000.0,101818.71413768196
2010-03-12,100000.0,101827.53168012938
2010-03-15,100000.0,101853.95725979538
2010-03-16,100000.0,102665.3604986905
2010-03-17,100000.0,103273.85207059034
2010-03-18,100000.0,103220.95583179795
2010-03-19,100000.0,102698.49390205882
2010-03-22,100000.0,103247.51664984506
2010-03-23,100000.0,103973.72872454225
2010-03-24,100000.0,103468.91991148208
2010-03-25,100000.0,103300.68336539963
2010-03-26,100000.0,103238.6810756135
2010-03-29,100000.0,103893.99217504851
2010-03-30,100000.0,103964.81200728203
2010-03-31,100000.0,103610.62268719365
2010-04-01,100000.0,104319.10050218322
2010-04-05,100000.0,105169.236013424
2010-04-06,100000.0,105417.15501364776
2010-04-07,100000.0,104814.99259798319
2010-04-08,100000.0,105178.07158765556
2010-04-09,100000.0,105868.83317472166
2010-04-12,100000.0,106037.0426731279
2010-04-13,100000.0,106116.7611908375
2010-04-14,100000.0,107321.08602216667
2010-04-15,100000.0,107409.6761776761
2010-04-16,100000.0,105700.54253328676
2010-04-19,100000.0,106099.0179152378
2010-04-20,100000.0,107046.65128335616
2010-04-21,100000.0,106851.79982387417
2010-04-22,100000.0,107170.57471989976
2010-04-23,100000.0,107870.15384941325
2010-04-26,100000.0,107462.81584555445
2010-04-27,100000.0,104921.25390195573
2010-04-28,100000.0,105718.21368174987
2010-04-29,100000.0,107028.87194418818
2010-04-30,100000.0,105213.49502761044
2010-05-03,100000.0,106577.22984668257
2010-05-04,100000.0,104071.11839071495
2010-05-05,100000.0,103451.25777891104
2010-05-06,100000.0,100015.26524631682
2010-05-07,100000.0,98527.50781588828
2010-05-10,100000.0,102866.74847992542
2010-05-11,100000.0,102574.49833837865
2010-05-12,100000.0,104009.1251168209
2010-05-13,100000.0,102716.19209819815
2010-05-14,100000.0,100856.5471515419
2010-05-17,100000.0,100909.65977174403
2010-05-18,100000.0,99537.02626719582
2010-05-19,100000.0,98970.27827559404
2010-05-20,100000.0,95233.19101132943
2010-05-21,100000.0,96623.57680736939
2010-05-24,100000.0,95383.75640894877
2010-05-25,100000.0,95481.1731227977
2010-05-26,100000.0,94905.52644571985
2010-05-27,100000.0,98084.71030850631
2010-05-28,100000.0,96853.76154788553
2010-06-01,100000.0,95224.3103576375
2010-06-02,100000.0,97703.93312269461
2010-06-03,100000.0,98040.39719896745
2010-06-04,100000.0,94595.61417160204
2010-06-07,100000.0,93417.79606296754
2010-06-08,100000.0,94418.49697182766
2010-06-09,100000.0,93913.73323822785
2010-06-10,100000.0,96658.94615197183
2010-06-11,100000.0,97128.3405409692
2010-06-14,100000.0,96977.74809567364
2010-06-15,100000.0,99182.80088353915
2010-06-16,100000.0,99147.40449126049
2010-06-17,100000.0,99306.79644721933
2010-06-18,100000.0,99414.47324624733
2010-06-21,100000.0,99129.74235868946
2010-06-22,100000.0,97492.51946947449
2010-06-23,100000.0,97190.02727453277
2010-06-24,100000.0,95579.55453709843
2010-06-25,100000.0,95979.94128816895
2010-06-28,100000.0,95677.36795019858
2010-06-29,100000.0,92723.31992836735
2010-06-30,100000.0,91842.4402251576
2010-07-01,100000.0,91433.19085217931
2010-07-02,100000.0,90934.90954498
2010-07-06,100000.0,91531.00426527944
2010-07-07,100000.0,94413.96197811494
2010-07-08,100000.0,95348.1977306128
2010-07-09,100000.0,96059.99339388525
2010-07-12,100000.0,96122.29320810977
2010-07-13,100000.0,97572.6346864353
2010-07-14,100000.0,97563.70895328301
2010-07-15,100000.0,97590.45910506365
2010-07-16,100000.0,94903.30853626989
2010-07-19,100000.0,95463.88965769373
2010-07-20,100000.0,96522.69799096443
2010-07-21,100000.0,95268.10054543613
2010-07-22,100000.0,97394.66999280606
2010-07-23,100000.0,98239.96397000364
2010-07-26,100000.0,99263.21362493836
2010-07-27,100000.0,99254.3149394623
2010-07-28,100000.0,98613.6366328618
2010-07-29,100000.0,98133.18876018292
2010-07-30,100000.0,98115.36434155457
2010-08-02,100000.0,100330.93867546928
2010-08-03,100000.0,99850.41867565383
2010-08-04,100000.0,100517.8020545746
2010-08-05,100000.0,100411.02684475388
2010-08-06,100000.0,100001.705344639
2010-08-09,100000.0,100535.58139374257
2010-08-10,100000.0,99992.81567505501
2010-08-11,100000.0,97252.30004108108
2010-08-12,100000.0,96656.16925721335
2010-08-13,100000.0,96371.38427430303
2010-08-16,100000.0,96326.92691049099
2010-08-17,100000.0,97510.33487221076
2010-08-18,100000.0,97688.28153405586
2010-08-19,100000.0,95988.84898953709
2010-08-20,100000.0,95677.36795019858
2010-08-23,100000.0,95312.62102049269
2010-08-24,100000.0,93897.87428407143
2010-08-25,100000.0,94262.68432502182
2010-08-26,100000.0,93630.92273568152
2010-08-27,100000.0,95081.27322989912
2010-08-30,100000.0,93702.1302512742
2010-08-31,100000.0,93702.1302512742
2010-09-01,100000.0,96504.91865179646
2010-09-02,100000.0,97403.55966239005
2010-09-03,100000.0,98667.0287457182
2010-09-07,100000.0,97554.85534726731
2010-09-08,100000.0,98239.96397000364
2010-09-09,100000.0,98693.71578625431
2010-09-10,100000.0,99191.97906166948
2010-09-13,100000.0,100295.36196534918
2010-09-14,100000.0,100233.06215112464
2010-09-15,100000.0,100615.65153124303
2010-09-16,100000.0,100588.95547481482
2010-09-17,100000.0,100626.56076065137
2010-09-20,100000.0,102165.12274291134
2010-09-21,100000.0,101959.35303812892
2010-09-22,100000.0,101458.46613812051
2010-09-23,100000.0,100635.4684620195
2010-09-24,100000.0,102710.80961063056
2010-09-27,100000.0,102218.78533252992
2010-09-28,100000.0,102576.58100944752
2010-09-29,100000.0,102397.71472661097
2010-09-30,100000.0,102093.5726234199
2010-10-01,100000.0,102522.94546750515
2010-10-04,100000.0,101753.67349226723
2010-10-05,100000.0,103802.13826660863
2010-10-06,100000.0,103793.17646988806
2010-10-07,100000.0,103667.92769720973
2010-10-08,100000.0,104249.39864056675
2010-10-11,100000.0,104347.81611843577
2010-10-12,100000.0,104669.80968793143
2010-10-13,100000.0,105483.85458320392
2010-10-14,100000.0,105072.37828488361
2010-10-15,100000.0,105287.10077049452
2010-10-18,100000.0,105805.91126394409
2010-10-19,100000.0,104419.36623792723
2010-10-20,100000.0,105439.162806198
2010-10-21,100000.0,105671.70069454519
2010-10-22,100000.0,105868.5176184991
2010-10-25,100000.0,106181.64856608698
2010-10-26,100000.0,106199.51806417569
2010-10-27,100000.0,105895.35792920047
2010-10-28,100000.0,105913.24545907333
2010-10-29,100000.0,105993.73032760914
2010-11-01,100000.0,106029.54145092315
2010-11-02,100000.0,106870.3996092208
2010-11-03,100000.0,107299.77245330605
2010-11-04,100000.0,109366.1608210886
2010-11-05,100000.0,109777.65515119307
2010-11-08,100000.0,109571.91249408686
2010-11-09,100000.0,108784.7169254078
2010-11-10,100000.0,109223.06058210571
2010-11-11,100000.0,108811.5482202171
2010-11-12,100000.0,107523.42067206926
2010-11-15,100000.0,107371.34060458164
2010-11-16,100000.0,105698.58608470693
2010-11-17,100000.0,105752.22162664929
2010-11-18,100000.0,107308.71621824248
2010-11-19,100000.0,107603.88750882092
2010-11-22,100000.0,107514.45887534868
2010-11-23,100000.0,105957.9552678634
2010-11-24,100000.0,107523.42067206926
2010-11-26,100000.0,106271.06818366714
2010-11-29,100000.0,106593.13388029937
2010-11-30,100000.0,105993.73032760914
2010-12-01,100000.0,108247.98283851708
2010-12-02,100000.0,109634.50081685773
2010-12-03,100000.0,109929.77128224897
2010-12-06,100000.0,109813.43922683086
2010-12-07,100000.0,109876.0726290621
2010-12-08,100000.0,110278.58713066184
2010-12-09,100000.0,110707.96899063917
2010-12-10,100000.0,111352.02825676705
2010-12-13,100000.0,111423.56936036643
2010-12-14,100000.0,111521.98683823545
2010-12-15,100000.0,111012.10207793818
2010-12-16,100000.0,111656.16134406606
2010-12-17,100000.0,111775.77518419875
2010-12-20,100000.0,112045.57575448371
2010-12-21,100000.0,112755.94690680862
2010-12-22,100000.0,113106.67412434096
2010-12-23,100000.0,112944.79378216999
2010-12-27,100000.0,112989.76505183018
2010-12-28,100000.0,113151.61834632495
2010-12-29,100000.0,113232.52696178819
2010-12-30,100000.0,113052.7049943919
2010-12-31,100000.0,113079.6715275823
2011-01-03,100000.0,114248.67209376939
2011-01-04,100000.0,114185.73215120767
2011-01-05,100000.0,114779.2573422663
2011-01-06,100000.0,114554.41902574946
2011-01-07,100000.0,114329.60775690884
2011-01-10,100000.0,114185.73215120767
2011-01-11,100000.0,114590.38341922872
2011-01-12,100000.0,115624.51525589559
2011-01-13,100000.0,115435.69542821044
2011-01-14,100000.0,116271.97351333499
2011-01-18,100000.0,116469.84529666144
2011-01-19,100000.0,115327.74815242023
2011-01-20,100000.0,115174.88370232226
2011-01-21,100000.0,115435.69542821044
2011-01-24,100000.0,116092.16957772286
2011-01-25,100000.0,116155.08247260835
2011-01-26,100000.0,116604.73205796583
2011-01-27,100000.0,116892.50130115231
2011-01-28,100000.0,114851.18612922482
2011-01-31,100000.0,115714.46681110805
2011-02-01,100000.0,117566.90805999796
2011-02-02,100000.0,117342.09679115734
2011-02-03,100000.0,117602.87245347722
2011-02-04,100000.0,117935.59493453975
2011-02-07,100000.0,118672.95966773127
2011-02-08,100000.0,119212.47064938047
2011-02-09,100000.0,118942.74220623208
2011-02-10,100000.0,118987.69544410813
2011-02-11,100000.0,119698.07561232512
2011-02-14,100000.0,119985.85387140367
2011-02-15,100000.0,119608.17815246509
2011-02-16,100000.0,120363.54762212641
2011-02-17,100000.0,120723.25466816348
2011-02-18,100000.0,120974.9964066262
2011-02-22,100000.0,118547.06175082369
2011-02-23,100000.0,117818.68586202897
2011-02-24,100000.0,117737.75921478159
2011-02-25,100000.0,118996.70232028909
2011-02-28,100000.0,119734.07606937266
2011-03-01,100000.0,117737.75921478159
2011-03-02,100000.0,117989.54603270467
2011-03-03,100000.0,120021.80023309878
2011-03-04,100000.0,119122.60925308873
2011-03-07,100000.0,118187.3637206787
2011-03-08,100000.0,119221.50457323763
2011-03-09,100000.0,119050.62637077778
2011-03-10,100000.0,116847.52101560004
2011-03-11,100000.0,117656.82355164214
2011-03-14,100000.0,116946.43436753307
2011-03-15,100000.0,115606.51953531784
2011-03-16,100000.0,113466.38117037804
2011-03-17,100000.0,114968.0952017356
2011-03-18,100000.0,115386.23424429787
2011-03-21,100000.0,117174.46430984377
2011-03-22,100000.0,116768.05494286849
2011-03-23,100000.0,117102.256030231
2011-03-24,100000.0,118222.11096872808
2011-03-25,100000.0,118583.35071641757
2011-03-28,100000.0,118294.3733436933
2011-03-29,100000.0,119089.16029349784
2011-03-30,100000.0,119910.99491952143
2011-03-31,100000.0,119748.45641722913
2011-04-01,100000.0,120254.22091484904
2011-04-04,100000.0,120353.54899781743
2011-04-05,100000.0,120335.52622956347
2011-04-06,100000.0,120714.83382496728
2011-04-07,100000.0,120407.74352506833
2011-04-08,100000.0,119992.2912183438
2011-04-11,100000.0,119631.04245476225
2011-04-12,100000.0,118736.9274219893
2011-04-13,100000.0,118727.88448224007
2011-04-14,100000.0,118818.2147049196
2011-04-15,100000.0,119251.68977989808
2011-04-18,100000.0,117915.05673239742
2011-04-19,100000.0,118592.4297197351
2011-04-20,100000.0,120209.0603114553
2011-04-21,100000.0,120823.20484768492
2011-04-25,100000.0,120696.73892957675
2011-04-26,100000.0,121735.36969638805
2011-04-27,100000.0,122530.15664619258
2011-04-28,100000.0,122927.52307341865
2011-04-29,100000.0,123216.52749381913
2011-05-02,100000.0,123026.91426763155
2011-05-03,100000.0,122584.33314165933
2011-05-04,100000.0,121771.48736003254
2011-05-05,100000.0,120669.70928514184
2011-05-06,100000.0,121202.5214589808
2011-05-09,100000.0,121672.19534063243
2011-05-10,100000.0,122710.75398030714
2011-05-11,100000.0,121419.28153620021
2011-05-12,100000.0,121997.29939289327
2011-05-13,100000.0,121057.99670905038
2011-05-16,100000.0,120290.3475943856
2011-05-17,100000.0,120272.29777845542
2011-05-18,100000.0,121347.03719301915
2011-05-19,100000.0,121636.00554985135
2011-05-20,100000.0,120669.70928514184
2011-05-23,100000.0,119269.77565939655
2011-05-24,100000.0,119170.42052875193
2011-05-25,100000.0,119567.84105133041
2011-05-26,100000.0,120118.77516823613
2011-05-27,100000.0,120579.34299889402
2011-05-31,100000.0,121834.70679524852
2011-06-01,100000.0,119098.18520146293
2011-06-02,100000.0,118971.75534692305
2011-06-03,100000.0,117788.61786196547
2011-06-06,100000.0,116542.2609417919
2011-06-07,100000.0,116470.00758271877
2011-06-08,100000.0,115982.31994870525
2011-06-09,100000.0,116867.39204172896
2011-06-10,100000.0,115241.71851025952
2011-06-13,100000.0,115332.0667647232
2011-06-14,100000.0,116795.17474622412
2011-06-15,100000.0,114717.89518081736
2011-06-16,100000.0,114970.81800114164
2011-06-17,100000.0,115313.90875808815
2011-06-20,100000.0,115903.84562410173
2011-06-21,100000.0,117492.16631471267
2011-06-22,100000.0,116784.19338967917
2011-06-23,100000.0,116448.38747352768
2011-06-24,100000.0,115096.04874203583
2011-06-27,100000.0,116121.66957658576
2011-06-28,100000.0,117637.40332011686
2011-06-29,100000.0,118644.87516392382
2011-06-30,100000.0,119779.3719111475
2011-07-01,100000.0,121549.28168400102
2011-07-05,99940.02498750627,121449.43969518445
2011-07-06,100439.04674835879,121594.6586688045
2011-07-07,101765.74477449252,122856.23441479732
2011-07-08,101234.54727402669,121984.92057307702
2011-07-11,99135.79034466727,119779.3719111475
2011-07-12,97372.89978665575,119262.0760875662
2011-07-13,98074.79559551725,119661.44404283246
2011-07-14,96635.20731103636,118835.46210645528
2011-07-15,96964.87202688644,119525.26800896165
2011-07-18,95932.60670159037,118545.02415921519
2011-07-19,98236.79987130093,120469.1597818697
2011-07-20,97286.87300153679,120396.59086657401
2011-07-21,97138.99238805975,122066.63160293475
2011-07-22,98758.65709983784,122148.33361690042
2011-07-25,98212.30536460789,121467.60671771158
2011-07-26,97448.06545480089,121013.76474254017
2011-07-27,95900.2952204954,118535.9631876818
2011-07-28,96169.61952125012,118191.04220464447
2011-07-29,95571.4433742491,117383.26335436272
2011-08-01,95473.26889618297,116884.06242617196
2011-08-02,92094.04925005202,113898.00798748154
2011-08-03,93944.07024074296,114515.1818634477
2011-08-04,88900.78707809962,109151.07769979475
2011-08-05,88670.08768890084,108987.72776721588
2011-08-08,82516.64893713612,101890.0659075478
2011-08-09,87230.51508735155,106627.89916013292
2011-08-10,83778.55678987408,101917.33898106868
2011-08-11,87801.49929503498,106491.75017393833
2011-08-12,88386.05402853571,107208.79308639726
2011-08-15,90145.90085784403,109477.81362852082
2011-08-16,88613.61688210079,108543.01889071442
2011-08-17,87165.83851425188,108615.62386957841
2011-08-18,81701.23426700218,103932.23758922223
2011-08-19,79476.32471699844,102234.96885880099
2011-08-22,79779.97657394402,102316.67988865872
2011-08-23,83832.18027914444,105683.97132365656
2011-08-24,84520.66130219802,107172.45904134301
2011-08-25,83275.94338181448,105538.75235003652
2011-08-26,85545.73733572234,107072.60803663437
2011-08-29,88242.90607687754,110149.4705402842
2011-08-30,88815.68348766376,110439.89045574015
2011-08-31,89406.10412413398,110930.0394282896
2011-09-01,88311.3671778862,109768.26960754507
2011-09-02,85078.45078097754,106963.7140921765
2011-09-06,85245.90922830481,106183.15422006318
2011-09-07,88039.89537478104,109178.30569385526
2011-09-08,87047.04398567729,108043.79993073952
2011-09-09,84906.92060743821,105212.01642131046
2011-09-12,86052.06747602286,105892.72528871516
2011-09-13,87818.21258253779,106863.88111925201
2011-09-14,89563.49243269232,108343.31688129714
2011-09-15,89521.2285771999,110213.0145476148
2011-09-16,90225.96505062445,110865.30532320535
2011-09-19,89119.45463564122,109761.39949778542
2011-09-20,87450.21414956897,109633.69840246324
2011-09-21,84347.60641097263,106404.05259174411
2011-09-22,81280.1273358997,102964.62500427007
2011-09-23,82989.4366362537,103585.01755370629
2011-09-26,84017.7472022295,106048.28549054294
2011-09-27,84830.60051970882,107234.29002917974
2011-09-28,83104.44568983398,105044.70851211152
2011-09-29,82289.84871612876,105874.93693365509
2011-09-30,79432.30524451972,103229.16930947646
2011-10-03,77331.50895883102,100291.50316354191
2011-10-04,79108.52327597394,102490.21777928011
2011-10-05,80543.20803270154,104387.84667923996
2011-10-06,81654.65986009808,106276.34248052986
2011-10-07,81704.47868455078,105564.77221455924
2011-10-10,84125.67344573663,109095.44062981219
2011-10-11,83974.64528339983,109204.93863903896
2011-10-12,84290.12555807171,110162.82307644433
2011-10-13,85066.86859707792,109943.89016923531
2011-10-14,86109.76115968131,111823.2709036394
2011-10-17,84842.50182790858,109688.41585145437
2011-10-18,85735.43269132481,111832.39498641728
2011-10-19,84715.05230063251,110509.50215843589
2011-10-20,84864.31265356614,110993.06952977204
2011-10-21,85945.76029453885,113100.54331773132
2011-10-24,87323.679360109,114487.25964569757
2011-10-25,85537.52456514456,112261.19982930193
2011-10-26,84924.09861978915,113401.60198583343
2011-10-27,88062.81756561206,117351.8970658407
2011-10-28,88839.77581870632,117324.56088107532
2011-10-31,87590.47750603878,114496.35668079925
2011-11-01,85543.01701360625,111303.27031243619
2011-11-02,86696.13816946727,113118.78246739502
2011-11-03,88503.2701558599,115180.62682557278
2011-11-04,87910.46435029454,114478.13556291968
2011-11-07,88102.9229723927,115189.72386067445
2011-11-08,89049.60827577427,116667.70806409583
2011-11-09,86563.02751164463,112361.54670807459
2011-11-10,86928.26517777985,113419.83211960507
2011-11-11,89177.81889098382,115554.70520357422
2011-11-14,88770.22079431698,114459.85133379561
2011-11-15,89400.39025226452,115025.50840245656
2011-11-16,87626.06438966712,113200.8811806119
2011-11-17,85931.65902318347,111403.5991594247
2011-11-18,85405.54172522941,111285.01313098833
2011-11-21,83613.92987126423,109168.37919668287
2011-11-22,83512.87109452745,108739.62844915065
2011-11-23,82206.00451083637,106340.21105997509
2011-11-25,81745.61821283052,106139.5082865377
2011-11-28,84758.43907730283,109214.02665824855
2011-11-29,84411.9453933679,109524.20940912855
2011-11-30,87458.2577289264,114031.12763393961
2011-12-01,88120.19106218091,114012.84340481553
2011-12-02,87864.13355503605,113912.48751015081
2011-12-05,88393.98678461014,115153.20048188667
2011-12-06,88579.40754035706,115189.72386067445
2011-12-07,88907.82367667263,115618.51968766702
2011-12-08,87479.8460230818,113082.25908860724
2011-12-09,88929.01358486114,114998.14517001495
2011-12-12,87756.48466763993,113319.46720904826
2011-12-13,86356.22896567159,112261.19982930193
2011-12-14,85761.64938787058,111066.06219199517
2011-12-15,86053.49885977489,111467.44970708579
2011-12-16,86216.71137208512,111632.72904056829
2011-12-19,85705.08380236245,110439.18721615845
2011-12-20,87653.46890964202,113781.0898990787
2011-12-21,87304.69601897537,114001.4292854511
2011-12-22,87520.52446950218,115011.37148368607
2011-12-23,88504.4444756081,116039.6339746134
2011-12-27,88839.75314052783,116131.44280359292
2011-12-28,87998.61020765362,114607.45050292293
2011-12-29,88656.18331365171,115791.73300617379
2011-12-30,88007.21216133583,115222.50564425193
2012-01-03,88197.67529992764,117058.72730330248
2012-01-04,88193.75826911215,117242.3449612615
2012-01-05,88074.39737644898,117554.48416072135
2012-01-06,87076.15885360951,117251.56821885219
2012-01-09,86945.10963027993,117536.14583624483
2012-01-10,87168.46595985517,118555.24818082598
2012-01-11,86660.48523310592,118619.50444363036
2012-01-12,87298.34124180378,118904.11812459129
2012-01-13,86976.26388692149,118288.97282434156
2012-01-17,87413.80418845707,118748.05303280741
2012-01-18,88890.24423308017,120060.93822058775
2012-01-19,89448.56638624228,120694.40381352983
2012-01-20,87871.83171030396,121144.2878120812
2012-01-23,87687.35426511505,120832.19369208171
2012-01-24,88049.32878990105,120694.40381352983
2012-01-25,88103.30691578946,121704.3820753331
2012-01-26,87461.73795229125,121080.11269230548
2012-01-27,87497.51734449959,121024.980512279
2012-01-30,87724.09556369061,120611.80922624894
2012-01-31,87867.41961353365,120565.89128792108
2012-02-01,88301.8517808029,121621.74240859183
2012-02-02,89115.77270568867,121814.56529235741
2012-02-03,90247.46323673576,123522.19328277055
2012-02-06,90301.74106459496,123439.54460013722
2012-02-07,90523.96222123771,123751.74691084158
2012-02-08,91505.21613759575,124118.98222675962
2012-02-09,92150.2008597882,124275.10141389594
2012-02-10,91846.16243839324,123356.96804464048
2012-02-13,92011.91123215048,124275.10141389594
2012-02-14,92364.9508729804,124118.98222675962
2012-02-15,91899.50079079525,123540.59471849157
2012-02-16,92660.79298847691,124908.59405451425
2012-02-17,93104.2846005105,125239.11665791097
2012-02-21,92174.2720802242,125294.21277436917
2012-02-22,92000.29834864428,124890.19261879323
2012-02-23,92638.68331599337,125441.06362445443
2012-02-24,93136.85439785979,125716.49011139295
2012-02-27,93489.77663898795,125927.64230374296
2012-02-28,94089.84771700701,126294.88663555308
2012-02-29,93519.48408350996,125799.13879402628
2012-03-01,94314.3278779373,126450.96074322904
2012-03-02,94059.65678377032,126065.37808694241
2012-03-05,94200.82847428515,125551.2288096946
2012-03-06,93237.51981706788,123715.01616653612
2012-03-07,93932.19330321744,124578.01735576509
2012-03-08,94451.54218229785,125817.46810261073
2012-03-09,95034.38867899824,126304.1008772517
2012-03-12,94942.560096153,126313.27003948994
2012-03-13,96030.408862766,128590.15243950117
2012-03-14,95803.16233134137,128452.44370397794
2012-03-15,96038.3455367365,129196.14660929679
2012-03-16,95610.64297615128,129375.0219080254
2012-03-19,96209.76962643345,129882.1928848087
2012-03-20,96019.2994296845,129504.16554607927
2012-03-21,96020.78379138462,129292.0306214933
2012-03-22,96204.39638836685,128360.65290678258
2012-03-23,95782.08632108715,128775.6093394431
2012-03-26,97061.64253825121,130583.0071915362
2012-03-27,96586.86242866606,130177.30106414262
2012-03-28,96125.28872799456,129531.78122349891
2012-03-29,95879.64937435392,129310.45910489054
2012-03-30,95981.07137616763,129845.2728067697
2012-04-02,97010.34776182476,130795.10605255388
2012-04-03,96918.94339480589,130260.24727121435
2012-04-04,95902.60169942594,128969.2887329556
2012-04-05,96914.38085355189,128904.71691392866
2012-04-09,96026.09556634109,127456.99906019638
2012-04-10,93769.3194035419,125317.60901429864
2012-04-11,94667.00698874154,126332.00506321767
2012-04-12,96336.28464808992,127982.607536269
2012-04-13,95907.6332952412,126461.07657413496
2012-04-16,94941.40150039592,126378.13036706322
2012-04-17,96147.99219301736,128250.00987926255
2012-04-18,95696.21781823612,127816.6249632048
2012-04-19,95030.11201293346,126995.98043493484
2012-04-20,95280.71094636539,127207.99815292386
2012-04-23,94104.49321484093,126138.33468559725
2012-04-24,93728.34372423505,126617.85392139261
2012-04-25,96136.09538692381,128351.4296491919
2012-04-26,97475.04224329197,129245.94138121605
2012-04-27,98847.12106351419,129457.99516277335
2012-04-30,98011.95345167814,128978.49395876213
2012-05-01,98094.96606980228,129780.73705131107
2012-05-02,98438.14008632094,129393.4684232068
2012-05-03,97884.04080922419,128406.7511629519
2012-05-04,95288.04112536661,126332.00506321767
2012-05-07,95389.223412088,126424.20157555632
2012-05-08,93783.89910799028,125917.0396146651
2012-05-09,92948.92513774287,125170.11803587619
2012-05-10,92505.56004225844,125428.2790894949
2012-05-11,92285.99667108431,125050.25175076546
2012-05-14,90809.0452585355,123667.02457303146
2012-05-15,90746.37356339223,122957.0050404974
2012-05-16,90768.16473573758,122486.70906229274
2012-05-17,88349.72870391537,120670.08795260891
2012-05-18,87712.60524698363,119637.35357921336
2012-05-21,90201.93934797992,121693.6892273345
2012-05-22,90201.85312749569,121905.73399299973
2012-05-23,91049.25805158031,121970.32384381081
2012-05-24,91478.9487188068,122210.0473981402
2012-05-25,91022.27352685692,121813.54649655316
2012-05-29,91996.44004592019,123288.9701866258
2012-05-30,90804.66865770047,121500.02786560614
2012-05-31,90368.41642292555,121232.61650672051
2012-06-01,87575.62968209942,118180.35837253796
2012-06-04,88395.96819979508,118125.00079520965
2012-06-05,89630.23473364004,119019.46744777344
2012-06-06,91776.04045828254,121693.6892273345
2012-06-07,91561.00470756808,121767.40316092347
2012-06-08,92395.00059836234,122735.65587421281
2012-06-11,91464.74132774326,121177.2589293922
2012-06-12,92450.85893363203,122569.69133293275
2012-06-13,91190.95915011126,121785.89475556521
2012-06-14,91823.45660449266,123076.86230971606
2012-06-15,93576.2518304092,124335.62509738209
2012-06-18,94732.8288896639,124576.61989249378
2012-06-19,95967.75116981246,125781.62993162048
2012-06-20,95453.65399863516,125577.69045292889
2012-06-21,93502.3454621512,122759.84551264471
2012-06-22,94861.53208446008,123705.32408255762
2012-06-25,93780.94435421903,121721.69258811328
2012-06-26,94599.41045693932,122333.4659447277
2012-06-27,94565.80086304109,123436.52427629277
2012-06-28,93486.68785908175,123084.29140478422
2012-06-29,95605.19453716329,126152.381445447
2012-07-02,95795.23674456286,126532.34720097213
2012-07-03,96167.93851376451,127366.53359913576
2012-07-05,96229.49976188375,126791.9237496463
2012-07-06,95020.26448255811,125586.96780587203
2012-07-09,94127.68234501514,125429.3790283278
2012-07-10,92546.04638330148,124335.62509738209
2012-07-11,92228.22882662751,124354.11669202385
2012-07-12,92286.73966703411,123751.64773602877
2012-07-13,93357.39780574621,125827.95358509164
2012-07-16,92725.23489279949,125531.28565642909
2012-07-17,93697.12042156282,126393.3401769904
2012-07-18,95558.97626943799,127329.5323780681
2012-07-19,96312.26092835661,127663.2015277983
2012-07-20,95810.405339442,126495.26483687582
2012-07-23,94953.71573422804,125216.18924436929
2012-07-24,94273.71927997042,124140.95395574156
2012-07-25,93876.39315378935,124168.79503046302
2012-07-26,95207.25819204329,126217.20570945198
2012-07-27,97799.69739258324,128543.77469067759
2012-07-30,97274.13301797782,128543.77469067759
2012-07-31,95994.41925667014,127644.67386958827
2012-08-01,94750.89110129808,127533.41776140725
2012-08-02,94532.26895947676,126652.88967798834
2012-08-03,96702.65320145855,129164.80736845099
2012-08-06,97164.14579076537,129415.03443704544
2012-08-07,98268.5574362152,130063.92622132447
2012-08-08,96868.45483336475,130221.51499886869
2012-08-09,96890.80602948587,130332.65390045274
2012-08-10,96626.4986738413,130545.87974797953
2012-08-13,97209.13688934673,130481.02843629834
2012-08-14,97099.63838009669,130499.57412629253
2012-08-15,97180.50998315073,130647.8945667857
2012-08-16,98131.95005091351,131611.8917790166
2012-08-17,98482.44699074268,131787.90903995806
2012-08-20,98130.1194232019,131797.26753592983
2012-08-21,97402.11510965074,131398.64789970563
2012-08-22,98009.04143954715,131454.31201736443
2012-08-23,97392.47545241541,130379.01361749218
2012-08-24,98185.8013273138,131166.94848932122
2012-08-27,97812.76970853804,131194.7264527982
2012-08-28,97965.63545719939,131064.96973408337
2012-08-29,98574.22810239527,131166.94848932122
2012-08-30,97815.55459235505,130221.51499886869
2012-08-31,98630.35245205935,130842.48456539758
2012-09-04,98585.59689959174,130722.01421551795
2012-09-05,98220.57827361391,130610.7761391211
2012-09-06,100411.34727876491,133261.76396481
2012-09-07,101434.49367517236,133780.7908396693
2012-09-10,100673.1512626007,133020.76015380624
2012-09-11,100444.94939527576,133391.5206835248
2012-09-12,100708.65368755259,133836.46397322018
2012-09-13,102488.80139862235,135875.67844229465
2012-09-14,103532.77079202198,136478.14739828973
2012-09-17,103460.99837555797,136014.67645038432
2012-09-18,103224.28934540512,135903.4293580954
2012-09-19,103469.20309601011,135977.5670386118
2012-09-20,103640.62394317803,135986.88947101528
2012-09-21,103556.35700554527,135930.053287387
2012-09-24,103233.28458626305,135725.0138698625
2012-09-25,102165.1141175107,134280.62288030516
2012-09-26,101674.11829536343,133525.82141184446
2012-09-27,102869.55978235553,134783.81784868427
2012-09-28,102344.40265207783,134159.44929084386
2012-10-01,102468.53953864804,134513.59353147188
2012-10-02,101993.69731576966,134653.35789038776
2012-10-03,102455.85187621959,135203.13797310813
2012-10-04,103685.43509204111,136172.319323281
2012-10-05,103198.5296983062,136181.5696285479
2012-10-08,102901.46564135578,135715.64635799863
2012-10-09,101307.2654671953,134373.82015666392
2012-10-10,100375.52971186845,133516.53504300924
2012-10-11,100614.09752029298,133591.0604068848
2012-10-12,100584.88588998694,133153.0864017619
2012-10-15,101237.00369270077,134262.01407906646
2012-10-16,102552.40971561645,135622.49416110024
2012-10-17,102970.71956808341,136237.51323886096
2012-10-18,102495.59077135038,135883.40506180123
2012-10-19,101026.46587600157,133619.0186882032
2012-10-22,101181.15751497999,133637.65453711813
2012-10-23,99483.06457014661,131783.2207760801
2012-10-24,99493.71145427431,131410.51281367373
2012-10-25,99185.53316867455,131792.5341925915
2012-10-26,99921.00697007729,131717.99079693182
2012-10-31,99633.43946880983,131717.99079693182
2012-11-01,101787.50904535264,133097.19688680125
2012-11-02,100316.2114936703,131913.69876616076
2012-11-05,101211.56617433976,132183.9411151573
2012-11-06,102125.86652885607,133218.33441269427
2012-11-07,99737.92359004781,130199.1285388514
2012-11-08,98077.68264697239,128633.53691215652
2012-11-09,98180.53475759164,128745.39708510641
2012-11-12,98734.98528239294,128847.88974619245
2012-11-13,98266.85875319,128400.56626098981
2012-11-14,96295.88132727583,126667.3421529814
2012-11-15,96174.50386080478,126453.07046197412
2012-11-16,96808.70323391809,127077.3849244621
2012-11-19,98791.93800197098,129649.31239256273
2012-11-20,99240.49925835173,129705.21092341542
2012-11-21,99469.39927520645,129947.49499109354
2012-11-23,100837.92175691905,131717.99079693182
2012-11-26,100888.98161566623,131438.4260155318
2012-11-27,100060.81797689066,130767.55348637875
2012-11-28,101227.17874320649,131820.48345801784
2012-11-29,101838.15760060972,132435.57466291514
2012-11-30,102139.52299279529,132463.53294423356
2012-12-03,101712.6974076607,131811.20610507473
2012-12-04,102286.86989178184,131624.8566318176
2012-12-05,102173.90631602988,131857.7822035239
2012-12-06,102903.5968564503,132305.10568872653
2012-12-07,102863.10387670834,132705.81701191168
2012-12-10,103006.92831962043,132761.69751098024
2012-12-11,103808.22123904324,133665.57675486826
2012-12-12,102929.20460540948,133730.8427975848
2012-12-13,101954.83384016818,132910.77528640753
2012-12-14,102302.25971029812,132416.8757027557
2012-12-17,103782.25207765037,133973.135881155
2012-12-18,104897.71858219415,135464.1119850536
2012-12-19,104819.09825429361,134457.66795294295
2012-12-20,105263.37766506788,135231.11428621068
2012-12-21,104344.97224152721,134003.63664403802
2012-12-24,104183.92544626995,133590.717802986
2012-12-26,103569.1133080959,133027.63026356586
2012-12-27,103390.1240261856,132849.25985479334
2012-12-28,102348.25341287981,131413.43396270537
2012-12-31,104309.40428199526,133647.03106487406
2013-01-02,107368.67865095541,137072.3938607142
2013-01-03,106360.50249526295,136762.66190443785
2013-01-04,106838.57076068349,137363.3276820183
2013-01-07,106735.96842428933,136987.905936098
2013-01-08,106887.08399528824,136593.758182342
2013-01-09,108528.15017572412,136940.98723375
2013-01-10,109341.9125069293,138029.61112210617
2013-01-11,109452.66550655077,138020.26164202645
2013-01-14,109801.25295063117,137926.38817376224
2013-01-15,109954.73022702127,138020.26164202645
2013-01-16,109655.50455339112,138001.5085865146
2013-01-17,110037.33791503086,138893.00901058636
2013-01-18,109998.78500813498,139202.72293507858
2013-01-22,111826.0903435578,139953.52134745888
2013-01-23,112054.64876313391,140178.71128376655
2013-01-24,112784.97512762345,140216.2173947903
2013-01-25,114081.47460090295,141004.5760135468
2013-01-28,113780.32670028432,140835.67229145093
2013-01-29,112120.47839114399,141389.3292077627
2013-01-30,112073.30609493383,140835.67229145093
2013-01-31,111814.94058442916,140488.42520825876
2013-02-01,112663.61572950424,141933.6817234551
2013-02-04,111686.50399167583,140338.2294622144
2013-02-05,112914.97469264735,141755.41950538746
2013-02-06,112981.42174875695,141858.53426302652
2013-02-07,112677.29839038641,141670.8774854188
2013-02-08,113931.04532823274,142459.23610417527
2013-02-11,113522.40867646613,142431.04340966296
2013-02-12,113236.17000464133,142665.6369214028
2013-02-13,113658.3838153111,142787.66702061106
2013-02-14,113935.76626357085,142919.0195522228
2013-02-15,113998.50995141483,142750.1699254794
2013-02-19,114573.17036375646,143819.89650405053
2013-02-20,111743.01727780224,142027.54617582727
2013-02-21,110419.00167570489,141164.04911253427
2013-02-22,111233.89500201115,142543.59780630248
2013-02-25,109056.82103731495,139831.51829592683
2013-02-26,109828.70883336055,140788.68146196636
2013-02-27,111964.67874606622,142562.42298895094
2013-02-28,111966.98888829912,142280.86569540275
2013-03-01,112954.23384400753,142750.1699254794
2013-03-04,113619.91900316191,143510.28175437113
2013-03-05,115048.15495022558,144795.96599576718
2013-03-06,115232.94070083328,144993.06241237535
2013-03-07,114916.743872072,145255.8125550592
2013-03-08,115451.69976909168,145875.23138815156
2013-03-11,116285.97700204287,146428.8973203554
2013-03-12,116873.94132157088,146100.47541981167
2013-03-13,116908.54293153262,146306.90328471543
2013-03-14,117464.43698679426,147085.78620090318
2013-03-15,116642.16540662115,146891.68306046323
2013-03-18,115637.20506474288,146080.97404525775
2013-03-19,114566.07185055659,145741.56177227703
2013-03-20,115827.04641277445,146759.70843229844
2013-03-21,114721.47673046865,145506.01257597745
2013-03-22,115634.09530680039,146674.84184021517
2013-03-25,115347.46949386102,146062.12181493308
2013-03-26,116712.18046857063,147230.94206327872
2013-03-27,116832.99747954922,147230.94206327872
2013-03-28,116973.89985973276,147683.41362285503
2013-04-01,116783.71725171455,147099.02153046636
2013-04-02,117322.1451994658,147824.918048941
2013-04-03,116420.85648943654,146326.05303947852
2013-04-04,116932.15573578612,146919.93886622007
2013-04-05,116109.26888766034,146260.08375718025
2013-04-08,116559.96392471933,147249.8483889558
2013-04-09,117190.91068694719,147758.87663950617
2013-04-10,119245.69416330423,149568.78090959557
2013-04-11,119218.16293743458,150058.92988214505
2013-04-12,119114.67634246201,149691.30688286785
2013-04-15,115527.20837564574,146222.3522488547
2013-04-16,117850.11591597651,148381.0002402204
2013-04-17,115337.0203098519,146212.95768931461
2013-04-18,114730.05308096534,145298.5478834853
2013-04-19,116652.96091335722,146561.7645218354
2013-04-22,117681.94482019207,147212.1349124144
2013-04-23,119606.73394877529,148729.79805684913
2013-04-24,120293.72505244195,148824.0231449042
2013-04-25,120632.60242974694,149427.33057886205
2013-04-26,120273.14864758185,149163.4083702087
2013-04-29,121500.46842620624,150162.6396886609
2013-04-30,122027.44146291356,150520.8050171535
2013-05-01,121002.67608315816,149201.11283085804
2013-05-02,123187.19885645351,150586.81036302005
2013-05-03,124362.06570709829,152113.82298753448
2013-05-06,125370.7626783502,152500.40640784122
2013-05-07,126209.31013533867,153273.28473990833
2013-05-08,126659.3176232182,153970.7721824609
2013-05-09,125694.87473047432,153537.3061233745
2013-05-10,126977.32415264958,154036.84063957195
2013-05-13,126637.89069542204,154159.4387399808
2013-05-14,128688.57436521811,155752.4567103618
2013-05-15,129716.15050046002,156591.4215313241
2013-05-16,129113.1866146432,155856.1575009856
2013-05-17,131628.56414440682,157364.39002231194
2013-05-20,130990.84317302743,157354.94136741944
2013-05-21,130572.14684082335,157581.18616309966
2013-05-22,128733.93016362921,156412.32985118573
2013-05-23,128589.8679019291,155959.87632339358
2013-05-24,128354.01219153107,155827.84759987635
2013-05-28,130150.10428728994,156761.10062013826
2013-05-29,129681.98083858173,155743.0621508217
2013-05-30,130396.67260861899,156318.09574723858
2013-05-31,128279.50788625596,154074.58116378958
2013-06-03,128267.23551708681,154922.95857607614
2013-06-04,127162.03934976329,154178.2819544134
2013-06-05,125180.38369930747,152019.6069153715
2013-06-06,126981.01512637032,153395.91890388547
2013-06-07,129292.63506828772,155347.0841709749
2013-06-10,129561.38255015141,155347.0841709749
2013-06-11,128238.85469035819,153744.6536092697
2013-06-12,127265.18972460744,152472.1145385161
2013-06-13,129123.61172720266,154790.9659161272
2013-06-14,128223.22576059918,153820.00843521595
2013-06-17,129498.20523680281,155007.78008869907
2013-06-18,131133.6388747983,156233.22013926323
2013-06-19,129391.96431893915,154074.58116378958
2013-06-20,125223.90077306726,150256.84674493186
2013-06-21,125211.74120456832,150739.23303440644
2013-06-24,122991.95697384827,148834.4815797089
2013-06-25,125129.51523205556,150265.384794725
2013-06-26,126911.24438822956,151753.13320926146
2013-06-27,128009.42051620329,152643.93940964362
2013-06-28,127008.18706276893,152018.54304010686
2013-07-01,128032.998871485,152909.24104978415
2013-07-02,127767.98553120716,152767.15059071343
2013-07-03,127759.19164928593,152833.4534610184
2013-07-05,129785.62844883882,154482.3519304679
2013-07-08,130235.44961051451,155363.6553806051
2013-07-09,131548.03519989032,156481.87844263698
2013-07-10,132192.00360329114,156538.67856269696
2013-07-11,133474.32024134698,158670.84687904423
2013-07-12,134137.06286427085,158737.13171756503
2013-07-15,133878.30592949933,159343.64880910088
2013-07-16,133349.69068232895,158746.7065949466
2013-07-17,133793.33190700374,159154.11672594197
2013-07-18,134185.14976598838,160026.0256165391
2013-07-19,133646.48271630958,160310.26063003295
2013-07-22,133546.4338048563,160622.98586247754
2013-07-23,132479.5390364483,160281.8425382188
2013-07-24,131726.67572381455,159694.3850425253
2013-07-25,131134.41218549348,160082.80770481494
2013-07-26,130094.0154982416,160253.35231926807
2013-07-29,129495.09497588007,159760.63381747782
2013-07-30,130626.48099178658,159760.63381747782
2013-07-31,130458.6158275795,159874.34224830268
2013-08-01,133252.72568360454,161722.2394875878
2013-08-02,132858.49016375496,161997.04387797328
2013-08-05,132392.22587280316,161760.10623429445
2013-08-06,132637.2604122953,160840.95406923475
2013-08-07,131536.80141603271,160319.67322135717
2013-08-08,132991.43908087615,160907.34709846042
2013-08-09,132873.89653968555,160442.95652956358
2013-08-12,132729.41058291154,160253.35231926807
2013-08-13,133455.94546492424,160727.2456384099
2013-08-14,132514.21580885345,159902.77837190096
2013-08-15,130282.81048258804,157666.4404385421
2013-08-16,129670.47176144806,157145.1956542328
2013-08-19,129052.51405696373,156140.7170865941
2013-08-20,129507.21580562956,156908.25801055398
2013-08-21,129551.27040693232,155941.71831675852
2013-08-22,130583.01187423586,157363.14582920587
2013-08-23,130472.77316870286,157893.82123662354
2013-08-26,129289.68831650828,157306.3096455776
2013-08-27,126313.30823470553,154776.0355988543
2013-08-28,126734.59480996848,155325.75257033014
2013-08-29,126636.48369396717,155572.12083711734
2013-08-30,126648.22421154488,155079.25808105394
2013-09-03,128242.3387753645,155780.60432541373
2013-09-04,130444.2061066469,157069.37200189877
2013-09-05,130818.33239430173,157268.33470816605
2013-09-06,130756.97774952656,157344.1944240684
2013-09-09,131673.70671805344,158850.85818017405
2013-09-10,132739.51693123157,160026.0256165391
2013-09-11,132943.44101985046,160528.210805006
2013-09-12,132973.8782548545,160101.81320530485
2013-09-13,133052.0001798708,160461.90793470104
2013-09-16,133874.9952689121,161390.54481822156
2013-09-17,134805.30062839948,162110.73427701398
2013-09-18,135634.88397488178,163987.04960811324
2013-09-19,136539.29753191624,163712.24521772776
2013-09-20,136273.71341653308,162567.6596872744
2013-09-23,135278.6187655667,161815.37365270202
2013-09-24,135987.0057405458,161434.45221261715
2013-09-25,136090.33502722607,160967.91586140695
2013-09-26,136065.96837928612,161586.94701114012
2013-09-27,136124.09504902232,160844.1456950286
2013-09-30,135692.6609303055,159987.0949945678
2013-10-01,137243.9890726355,161253.5212904959
2013-10-02,137761.26852794734,161101.18877803025
2013-10-03,136806.3640804743,159615.62220937546
2013-10-04,138245.70222771197,160824.9959402655
2013-10-07,136779.24493347236,159434.74538260663
2013-10-08,134025.62314878538,157577.85028303266
2013-10-09,133690.04571624185,157692.11769916603
2013-10-10,137031.9865109264,161091.68602778527
2013-10-11,137832.90054948704,162129.63158679902
2013-10-14,139230.46806766873,162777.15295548295
2013-10-15,138470.7009890417,161596.3415706802
2013-10-16,140922.4094084259,163853.19967439727
2013-10-17,141955.76889351857,164948.32402093807
2013-10-18,145301.49052094884,166062.43583618465
2013-10-21,145646.83382508723,166071.9385864296
2013-10-22,146049.09601247392,167033.68182564224
2013-10-23,144344.41579458886,166233.75581735608
2013-10-24,145042.5263224308,166786.10542931725
2013-10-25,145317.5869392327,167547.93027770286
2013-10-28,145557.82809738745,167814.49414273363
2013-10-29,146513.7682501802,168709.60993952668
2013-10-30,145925.47905202772,167871.65489847652
2013-10-31,144700.23541313782,167395.57973345305
2013-11-01,144982.33914034173,167795.47061045957
2013-11-04,145537.65763579716,168385.88531875302
2013-11-05,144249.50994185358,167852.61333441833
2013-11-06,144645.6846988288,168709.60993952668
2013-11-07,142017.75556231025,166576.52200218796
2013-11-08,145609.4323280958,168823.94948279666
2013-11-11,145355.59577201257,168852.5298606681
2013-11-12,145464.09961074288,168509.6735169155
2013-11-13,146767.51237706275,169861.91307359454
2013-11-14,148460.22990375586,170709.40692845793
2013-11-15,149398.5226631849,171452.1000538646
2013-11-18,148101.61387383833,170852.16456354206
2013-11-19,147286.9545597248,170480.8180008387
2013-11-20,147839.2509597798,169947.47388936745
2013-11-21,149530.39412846888,171318.86320080957
2013-11-22,149949.27305983493,172175.82374234963
2013-11-25,149426.03444267737,172004.48572939407
2013-11-26,150177.68217609634,172052.017512403
2013-11-27,150629.65970284594,172471.07617595672
2013-11-29,150371.83001033287,172356.7546644709
2013-12-02,150085.05159028794,171909.16971839816
2013-12-03,149906.10639984126,171166.42249763905
2013-12-04,151393.13795649764,171147.3629017967
2013-12-05,150249.07536071984,170395.14899436093
2013-12-06,151675.0012523909,172299.59390872798
2013-12-09,151776.95391665757,172737.58594563504
2013-12-10,151928.33744961626,172118.7351137433
2013-12-11,151036.48755593176,170185.65572615236
2013-12-12,150947.29786973272,169623.82139573037
2013-12-13,151311.27688731824,169604.7978634563
2013-12-16,153076.54161298252,170661.73089117583
2013-12-17,153654.377282818,170118.9561565962
2013-12-18,154745.7614014293,173023.31759721303
2013-12-19,154301.67685440887,172823.399206386
2013-12-20,154926.8880943143,173828.58101360642
2013-12-23,155528.71515277305,174757.30805604765
2013-12-24,155789.45072802049,175140.35724666176
2013-12-26,156374.20072640263,176030.71265244027
2013-12-27,155898.6170668676,176021.15580684287
2013-12-30,155847.54223342345,175992.43117469826
2013-12-31,156437.738619607,176825.3733797558
2014-01-02,154907.4192106175,175130.76433749608
2014-01-03,154821.43608896426,175102.03970535146
2014-01-06,154338.1207577447,174594.57120412975
2014-01-07,157005.00707373445,175666.88534372582
2014-01-08,157528.01782373004,175705.23894860444
2014-01-09,158220.50479835755,175820.0833818305
2014-01-10,159172.17991316432,176298.7911873393
2014-01-13,156120.08529051286,173953.1085149189
2014-01-14,158986.20653473542,175848.80801397513
2014-01-15,159024.23157201093,176796.61268404286
2014-01-16,158894.0376190743,176566.88775402246
2014-01-17,158203.85361287123,175820.0833818305
2014-01-21,159280.09722209853,176337.05463329717
2014-01-22,159648.1639128827,176451.91709830737
2014-01-23,158343.14932513822,175006.21880439945
2014-01-24,153957.36495438882,171272.34119771284
2014-01-27,152609.14057486228,170429.84214705788
2014-01-28,154238.85656241764,171444.70702236472
2014-01-29,153042.34721973797,169797.90023987615
2014-01-30,155985.91324486892,171597.8329333328
2014-01-31,154927.2089391264,170592.54293540752
2014-02-03,150067.0741074749,166753.37774109223
2014-02-04,150006.9533251502,167921.3144320147
2014-02-05,149568.1026362377,167710.68516140492
2014-02-06,152123.28316773835,169922.39167762033
2014-02-07,155066.86758703322,172028.64832014975
2014-02-10,154561.16176937555,172344.67336909307
2014-02-11,156209.6791266444,174230.7438954153
2014-02-12,156660.51169130704,174316.95385541747
2014-02-13,159283.2423226834,175216.90217036166
2014-02-14,159756.0590861191,176183.8926587608
2014-02-18,160233.36480739652,176394.53996115472
2014-02-19,160630.56743681352,175226.49507952735
2014-02-20,161574.01593691064,176260.473646029
2014-02-21,163000.91139490835,176059.4012210166
2014-02-24,164066.92077759112,177035.98461858142
2014-02-25,165176.2593003302,176968.99654047893
2014-02-26,165264.2987676961,176978.53535429217
2014-02-27,164791.56367356304,177907.26239673342
2014-02-28,164609.87120167128,178357.24557009758
2014-03-03,164260.31085703164,177102.99072846805
2014-03-04,166666.24940047847,179592.2604980433
2014-03-05,167277.31887920413,179755.05144531364
2014-03-06,168405.50713120986,180166.7170773675
2014-03-07,167987.570624578,180243.33412820398
2014-03-10,168147.40168009468,180147.58535438858
2014-03-11,166589.64317310552,179257.19388504178
2014-03-12,167763.51803424954,179305.08630373364
2014-03-13,165252.03153917988,177294.50630788304
2014-03-14,165126.8624312414,176796.61268404286
2014-03-17,167185.83868804495,178395.58114319204
2014-03-18,169227.76903923054,179668.82345352732
2014-03-19,167980.9863672094,178711.47996964635
2014-03-20,169665.1490024477,179755.05144531364
2014-03-21,168832.74074236714,179057.94267022813
2014-03-24,167397.89163396586,178317.413358919
2014-03-25,167361.75904481745,179163.62695710803
2014-03-26,165435.24467284052,177875.03959846447
2014-03-27,164566.0569705683,177499.9965200112
2014-03-28,165728.31004392085,178375.1511317546
2014-03-31,167241.71413770094,179836.80755463176
2014-04-01,170685.32617837103,181029.19534485624
2014-04-02,171113.25047034072,181635.04526037868
2014-04-03,170194.37027123594,181394.64551414383
2014-04-04,166402.79632104433,179250.1975527931
2014-04-07,164199.36448193307,177269.24377829445
2014-04-08,165610.65124872883,178000.03592616474
2014-04-09,167829.3657299422,179913.73114579872
2014-04-10,163224.3114649781,176134.46753841653
2014-04-11,161057.8680898245,174547.76069248666
2014-04-14,162966.71294997048,175922.86455146287
2014-04-15,164141.0811445016,177134.58241429192
2014-04-16,166979.96092014224,178990.55789287444
2014-04-17,167016.68145372003,179240.5866118433
2014-04-21,167942.21710523637,179865.6584092654
2014-04-22,168415.24956919427,180683.05721638905
2014-04-23,168498.18930230438,180259.90533783418
2014-04-24,167317.8814215053,180625.3735389059
2014-04-25,162953.62310657895,179144.4231069925
2014-04-28,163036.79714631583,179711.73909979488
2014-04-29,164878.62827127194,180548.37782060236
2014-04-30,165053.0877712199,181086.96918126012
2014-05-01,164486.3842410741,181106.17303137566
2014-05-02,164695.25599042533,180846.51533967283
2014-05-05,165220.53229193616,181192.70756349244
2014-05-06,164720.49401741778,179615.62969029654
2014-05-07,164857.5586658469,180673.44627543923
2014-05-08,163617.55660673708,180481.06517038523
2014-05-09,164234.08911971495,180750.31577125375
2014-05-12,166758.74767529938,182510.14577676964
2014-05-13,167195.92520905356,182673.69405897413
2014-05-14,166200.34653129356,181808.20448353302
2014-05-15,163912.9406954917,180211.83260130088
2014-05-16,164700.6604425194,180836.92243050714
2014-05-19,165997.9106839975,181500.47405529686
2014-05-20,165137.11181732197,180356.06884268497
2014-05-21,167048.95768938557,181875.48107018185
2014-05-22,167516.66662230712,182317.8187670681
2014-05-23,168609.9981541156,183048.68304207496
2014-05-27,170443.6021128198,184173.81227743477
2014-05-28,170353.9739711687,184039.18697700053
2014-05-29,171294.78102432142,184991.13895742185
2014-05-30,171201.7363009274,185289.25844470816
2014-06-02,171346.47463031582,185500.84339987766
2014-06-03,170725.61278302604,185404.69792681103
2014-06-04,170949.5548849467,185779.7770688326
2014-06-05,172261.17443707673,186991.4047727409
2014-06-06,173303.5235718234,187885.78126638397
2014-06-09,173851.63995358776,188078.0902443014
2014-06-10,173331.75303331512,188097.31212620105
2014-06-11,173514.38372946528,187443.37144236115
2014-06-12,172069.1807076708,186116.34031991824
2014-06-13,172417.25742581478,186683.67434450478
2014-06-16,172215.5433292805,186837.5936539753
2014-06-17,171997.36216729687,187356.8549420285
2014-06-18,173631.1367800506,188732.01289635713
2014-06-19,174209.05630646428,188943.48966082177
2014-06-20,174877.1036491798,189327.1339003127
2014-06-23,174755.02613684218,189269.16171428323
2014-06-24,172098.75180058612,188128.97593916146
2014-06-25,173914.1100954658,188979.35487948824
2014-06-26,173655.8010045446,188844.06240304056
2014-06-27,174115.6351494849,189211.20756003787
2014-06-30,174859.9255337947,189114.5752287993
2014-07-01,176854.5323344723,190380.2982851457
2014-07-02,177107.3957567521,190573.59901119114
2014-07-03,178261.59348148052,191510.85508753345
2014-07-07,177108.67625268843,190844.14790051818
2014-07-08,175400.01706561324,189617.01286224427
2014-07-09,177182.3120528871,190467.31967543444
2014-07-10,175476.99597877607,189713.57306634626
2014-07-11,175992.50405582154,189974.5651100759
2014-07-14,177483.87682771438,190931.11519545448
2014-07-15,176748.81851916184,190573.59901119114
2014-07-16,177125.72545018868,191279.0024069838
2014-07-17,174348.68082750234,189104.91019249705
2014-07-18,177442.47224641487,191037.43059477946
2014-07-21,176821.4559486839,190679.896378732
2014-07-22,177688.7828160468,191510.85508753345
2014-07-23,177200.0646581119,191935.9904623444
2014-07-24,177536.22198959644,191945.65549864667
2014-07-25,175883.0531613129,191047.04153572928
2014-07-28,176165.3413812092,191124.4159214999
2014-07-29,175222.2712221555,190303.06815364826
2014-07-30,176044.5683499287,190332.04523077092
2014-07-31,172018.50201275674,186573.31982553107
2014-08-01,171736.51711363057,186003.2269379702
2014-08-04,174028.04830207414,187346.34241187136
2014-08-05,172033.45587693254,185529.83850878448
2014-08-06,172112.74842159983,185587.75659946154
2014-08-07,171179.05797025544,184582.86330078746
2014-08-08,173137.13445220963,186718.277338281
2014-08-11,173959.56151579102,187259.33905336677
2014-08-12,173368.04524422885,186998.4912639103
2014-08-13,174754.06064322157,188264.25038382498
2014-08-14,175443.03390856748,189153.2353740084
2014-08-15,175554.38522198205,189114.5752287993
2014-08-18,177205.65934720286,190699.22645133652
2014-08-19,177729.33543556803,191694.45471370834
2014-08-20,178399.7661943116,192206.59344702386
2014-08-21,178437.42767820845,192766.94917114588
2014-08-22,178403.43573960537,192467.4412364803
2014-08-25,178861.82041193967,193443.3394262476
2014-08-26,178627.8323271738,193568.98489817712
2014-08-27,178300.8026906845,193491.6105124065
2014-08-28,178156.22855767925,193385.4033037864
2014-08-29,179871.94984800837,193936.1480869586
2014-09-02,181550.63830081484,193839.5878828566
2014-09-03,181851.16389286073,193733.3085470999
2014-09-04,181776.67370844664,193453.0585579023
2014-09-05,182950.40443779406,194322.64134834456
2014-09-08,183089.94249109336,193820.2037148996
2014-09-09,182010.26243737058,192593.10474019402
2014-09-10,182564.7591015651,193317.76608145464
2014-09-11,182691.424604236,193539.97175748617
2014-09-12,181272.53948594083,192409.487082235
2014-09-15,180428.33345921675,192264.5476012692
2014-09-16,182430.99888206963,193713.97847449535
2014-09-17,183259.75249690947,193974.84429573597
2014-09-18,184648.6750869328,195008.7146715327
2014-09-19,184061.73855129065,194833.03099859794
2014-09-22,181430.00883558983,193328.33270696423
2014-09-23,180340.50935958652,192221.61392321752
2014-09-24,181929.96910491912,193726.3302466354
2014-09-25,178635.41921632347,190600.41227421627
2014-09-26,180239.27626152124,192114.88379285714
2014-09-29,179925.25456268282,191765.33765718638
2014-09-30,178851.67927994957,191260.60998715486
2014-10-01,175440.57217918415,188668.649206868
2014-10-02,174826.62824564142,188697.77053826384
2014-10-03,176195.98807405858,190775.1763261596
2014-10-06,176234.90289366146,190551.9248066476
2014-10-07,174042.92542765127,187610.52608139484
2014-10-08,177345.9084268141,190891.69771531125
2014-10-09,173017.42653070533,187105.6721888743
2014-10-10,165529.87247405248,184970.02373818686
2014-10-13,161968.24987628727,181931.559918876
2014-10-14,163795.7747049642,182212.96394225894
2014-10-15,164091.62663414166,180980.18495554733
2014-10-16,164019.0207422239,180824.85916691343
2014-10-17,164105.07311310596,182960.56171295332
2014-10-20,166127.2181649962,184737.01702345186
2014-10-21,170508.15505270794,188396.85612443488
2014-10-22,168523.0987762485,187057.11259416904
2014-10-23,171819.40495026883,189231.69166682777
2014-10-24,172801.40010735695,190687.8123319721
2014-10-27,172377.47382875404,190425.75641297785
2014-10-28,175068.60317002563,192609.9103630181
2014-10-29,175608.79719736113,192318.67901727557
2014-10-30,177052.52330624886,193551.56619469207
2014-10-31,180480.1753619035,195764.91360326475
2014-11-03,180695.56463971856,195871.67979719338
2014-11-04,179316.29572884532,195192.18807521855
2014-11-05,180537.2480176074,196425.07525263503
2014-11-06,180054.19173375022,197211.31513675436
2014-11-07,178861.6816336141,197395.7983203524
2014-11-10,179112.14983552718,198017.15557024043
2014-11-11,180003.90787707007,198211.23166300415
2014-11-12,180329.54934868222,197997.69927514685
2014-11-13,180308.52332156672,198220.9327628747
2014-11-14,180960.51293126534,198269.5464529324
2014-11-17,179974.1088638892,198395.66075124973
2014-11-18,181732.2505889136,199541.219998047
2014-11-19,181290.55070075463,199220.8673209086
2014-11-20,181791.88969245795,199570.35936122696
2014-11-21,182522.01619809424,200638.25571370727
2014-11-24,184022.91543765742,201201.17195117802
2014-11-25,185009.28723778532,201055.6374213354
2014-11-26,186204.29088038305,201570.04815945335
2014-11-28,186517.62883474276,201142.92928838634
2014-12-01,184313.32876182042,199745.12341317028
2014-12-02,185335.0062613874,201036.2712851626
2014-12-03,187053.29245717905,201812.82810119548
2014-12-04,188976.65370599588,201589.50445454693
2014-12-05,188731.09897571866,201919.57626334
2014-12-08,187137.12592697606,200570.2217921243
2014-12-09,188315.20140902454,200434.29820323153
2014-12-10,184909.1805036323,197221.03426840907
2014-12-11,186118.36586292187,198220.9327628747
2014-12-12,182253.17691135342,195017.4420550594
2014-12-15,181594.00128669688,193677.75262014597
2014-12-16,179200.221644098,192124.54882915944
2014-12-17,183083.47390800767,195891.1180605028
2014-12-18,187492.43626860037,200735.2667124129
2014-12-19,189739.59424192295,201589.32413670546
2014-12-22,191437.82525881092,202516.64469998333
2014-12-23,192497.42544230903,202789.97048406882
2014-12-24,192105.60982926117,202809.57103343558
2014-12-26,192385.82107521078,203463.5297490596
2014-12-29,192096.51290397052,203736.85553314514
2014-12-30,191324.39094861897,202643.60649215552
2014-12-31,189653.6103266714,200632.71995597443
2015-01-02,189383.47055247027,200525.37674495313
2015-01-05,186045.81834152347,196903.98140776943
2015-01-06,184522.99969332022,195049.35831299785
2015-01-07,186601.56616292355,197479.84446625703
2015-01-08,189818.55371827268,200984.14139719642
2015-01-09,189155.87493419403,199373.57850084134
2015-01-12,187430.66696955517,197811.7915806013
2015-01-13,186947.1892040209,197255.34875363897
2015-01-14,185944.21503431798,196064.52972863519
2015-01-15,185116.0949602371,194268.41977341747
2015-01-16,187279.0566584135,196816.09449184168
2015-01-20,187258.56705633618,197235.83836319298
2015-01-21,188185.59289650622,198231.48135660012
2015-01-22,190616.3235618505,201179.38955592964
2015-01-23,190871.24821684434,200076.40335150115
2015-01-26,190663.33698323622,200544.88713539913
2015-01-27,188969.76458968665,197899.57030582416
2015-01-28,187209.61994641687,195361.66881440708
2015-01-29,188498.0666318143,197167.57002841608
2015-01-30,184974.7508256761,194688.1456129846
2015-02-02,186890.3828225533,197099.22956650265
2015-02-03,189306.97874881577,199949.51368646554
2015-02-04,191093.4484189742,199188.13963268357
2015-02-05,194248.93230375965,201198.93600994392
2015-02-06,193657.49197494553,200642.52924654988
2015-02-09,192819.93279311561,199744.51033250932
2015-02-10,194806.12213965892,201872.47724315056
2015-02-11,195656.92469801143,201989.5756493949
2015-02-12,198028.4293684633,203931.99550117346
2015-02-13,198088.68310917003,204771.5553710126
2015-02-17,197905.8196835332,205093.62106764482
2015-02-18,198456.20625917282,205113.16752165914
2015-02-19,198193.98106581363,204966.76746617752
2015-02-20,200042.08598748795,206196.6072720733
2015-02-23,200657.443511417,206167.4498771092
2015-02-24,200650.9528244696,206753.12222617224
2015-02-25,200543.99495479983,206577.2942989643
2015-02-26,199960.94531395656,206333.34229125266
2015-02-27,198888.00665538508,205630.53547237703
2015-03-02,201485.74549631705,206928.75180375457
2015-03-03,199655.06525515683,206079.56296118145
2015-03-04,199233.2372832706,205210.79160102573
2015-03-05,200984.1358118635,205435.26928185966
2015-03-06,198287.24287626205,202545.9463492206
2015-03-09,199911.0857509827,203385.3980283549
2015-03-10,196009.81717694856,200086.12248315586
2015-03-11,195670.99104448353,199617.5665721213
2015-03-12,198779.85591126597,202155.5221588908
2015-03-13,198110.80819262844,200915.87306241956
2015-03-16,202009.36362991037,203600.1926411024
2015-03-17,200468.0507119533,202994.97383802503
2015-03-18,201386.68112445087,205435.26928185966
2015-03-19,201667.23550260218,204498.24761871123
2015-03-20,202660.2681433313,206303.28330708123
2015-03-23,202116.01665518704,205901.31877489795
2015-03-24,200705.2287571269,204744.30934516795
2015-03-25,194799.5446819864,201744.09094003082
2015-03-26,194293.69861031434,201263.67011502816
2015-03-27,195007.07461968687,201724.5264542324
2015-03-30,196871.8165897861,204185.45025913007
2015-03-31,194752.9495400289,202400.9888364707
2015-04-01,194872.1060966687,201685.21716479404
2015-04-02,195868.51667435892,202410.76206347783
2015-04-06,196215.33309639266,203773.64037280303
2015-04-07,195526.52372435652,203234.41789970017
2015-04-08,196959.88594107085,203920.70760429805
2015-04-09,197180.2388054023,204822.8017015556
2015-04-10,197872.67924611876,205940.50184184726
2015-04-13,196936.24581900603,205009.0339682158
2015-04-14,196372.85528340028,205401.2793687444
2015-04-15,196603.90794006613,206322.88385644797
2015-04-16,195914.39343666335,206264.11827191606
2015-04-17,193178.83991098515,203891.3338279242
2015-04-20,194820.98438475718,205754.25154340293
2015-04-21,194948.72255817734,205509.14550150593
2015-04-22,195417.1719292645,206518.97950903603
2015-04-23,196523.34594444968,207038.63749634047
2015-04-24,196149.89799745713,207519.0943849114
2015-04-27,194554.62584660808,206656.32760887634
2015-04-28,194557.89521297708,207313.20747353206
2015-04-29,193959.83955270582,206460.1598291517
2015-04-30,193306.92030030515,204391.3191387253
2015-05-01,195613.12151797357,206607.2270606467
2015-05-04,195610.1849270476,207195.47795484262
2015-05-05,194578.19101106963,204822.8017015556
2015-05-06,193257.8968415665,203979.5272841824
2015-05-07,195694.64346567422,204793.33776626101
2015-05-08,198761.62075010905,207489.63044961682
2015-05-11,199225.98130079312,206499.3789596693
2015-05-12,198750.02508835343,205881.70019374706
2015-05-13,199643.65287139497,205920.93735604882
2015-05-14,201433.0232998263,208068.18024394216
2015-05-15,201147.11792806195,208293.6496729041
2015-05-18,202208.99125652012,208940.79237412097
2015-05-19,202688.90155267774,208872.14537187704
2015-05-20,201418.61305418346,208725.1142039503
2015-05-21,201696.39943621054,209332.94761572883
2015-05-22,200623.51513213085,208832.94427314357
2015-05-26,199455.6133754835,206587.60847949583
2015-05-27,200742.03496077395,208548.65516429726
2015-05-28,200996.32215751402,208313.28628583913
2015-05-29,199981.3353858898,207019.05497875786
2015-06-01,200578.715616522,207440.6561238762
2015-06-02,200767.00755712442,207234.76921249682
2015-06-03,201346.59024340866,207783.7468808227
2015-06-04,199361.1361719764,206028.74939345793
2015-06-05,199600.91959104477,205675.83131415184
2015-06-08,198627.31600844004,204410.9918152286
2015-06-09,199420.51380333077,204381.54591171813
2015-06-10,201986.24340543197,206832.7505849611
2015-06-11,202532.1725528362,207499.43974019223
2015-06-12,201383.37012080627,205911.07397012095
2015-06-15,199573.76175301115,205028.6525493667
2015-06-16,200480.72828542913,206146.4608803632
2015-06-17,200729.45699324957,206479.74234673427
2015-06-18,202631.0171123483,208626.9672028435
2015-06-19,201098.8522264873,207700.83673731925
2015-06-22,201967.33874090994,208764.98247869717
2015-06-23,202207.9722690152,208912.73491798976
2015-06-24,200583.27358300373,207395.46847280624
2015-06-25,199767.83714395174,206764.8609176513
2015-06-26,199952.34727804697,206725.49753286052
2015-06-29,195711.72325379102,202390.36811560867
2015-06-30,196975.87575813584,202813.98882055134
2015-07-01,199063.46563477395,204439.73447915737
2015-07-02,198580.3935485567,204252.492432585
2015-07-06,198287.8752453202,203671.23787063773
2015-07-07,198166.28376905224,204952.0715620985
2015-07-08,194269.70227120168,201513.55457972383
2015-07-09,194814.03092441635,201878.04906445168
2015-07-10,197737.81069463416,204419.97164373333
2015-07-13,200176.80855785368,206676.288793926
2015-07-14,200201.95862905565,207572.82910166658
2015-07-15,199539.2175829573,207503.87555909218
2015-07-16,201240.08100766604,209168.93050713654
2015-07-17,201461.76312662702,209346.29113599687
2015-07-20,201765.74522736957,209454.60806336207
2015-07-21,201158.3667292614,208626.9672028435
2015-07-22,202703.02994365938,208252.69949110848
2015-07-23,200590.327623203,207080.1827270129
2015-07-24,198753.98274941987,204932.3628220269
2015-07-27,196451.7778069945,203740.22747678045
2015-07-28,199515.93470925803,206242.750607703
2015-07-29,200972.65658312038,207661.54547966504
2015-07-30,200753.46979452088,207710.73618681543
2015-07-31,201281.1673259044,207395.46847280624
2015-08-03,201219.9649294702,206695.97950221345
2015-08-04,201753.2068878274,206291.94131485338
2015-08-05,203706.83818876458,206971.84776786357
2015-08-06,202340.80593814852,205277.18463025143
2015-08-07,202172.39280598392,204883.09998773993
2015-08-10,206016.5154597729,207464.4400471648
2015-08-11,204250.42048700587,205592.47037604474
2015-08-12,203949.07940884316,205838.73045212709
2015-08-13,204585.46693489238,205582.64305368517
2015-08-14,204865.89949974176,206331.43092213318
2015-08-17,207104.65412682452,207484.14878723642
2015-08-18,206002.00313123967,206883.1674534334
2015-08-19,205003.75129785013,205247.59447246778
2015-08-20,201201.42742568307,200961.78198485533
2015-08-21,192762.47114487403,194912.3347852722
2015-08-24,185137.90946781993,186705.22232655928
2015-08-25,184288.873662441,184508.08549193386
2015-08-26,190446.38068378897,191592.0341797589
2015-08-27,194446.70152969277,196331.11162545008
2015-08-28,194840.36579419015,196340.95697959382
2015-08-31,193678.1312840232,194754.68289648346
2015-09-01,187656.13367654377,188941.75860954376
2015-09-02,191768.52286264166,192528.028031211
2015-09-03,192818.72445398022,192666.0072434964
2015-09-04,190341.29466569235,189749.60057107
2015-09-08,195808.19085990457,194518.2140791924
2015-09-09,193705.80258274628,191917.1472479118
2015-09-10,195377.02373043302,192961.4940902974
2015-09-11,196149.85940208094,193838.4158168871
2015-09-14,194847.6514564169,193119.20007443856
2015-09-15,197729.26643764874,195533.0248591468
2015-09-16,199113.73320779175,197227.7060285431
2015-09-17,198781.37181316828,196784.34051996053
2015-09-18,195918.75605799898,193568.57016714176
2015-09-21,196367.4326749445,194568.82929729033
2015-09-22,192902.77230910058,192043.3336733657
2015-09-23,192855.26517512446,191736.34254827956
2015-09-24,191756.2148767428,191043.11060678546
2015-09-25,193623.76948298217,190993.63139108874
2015-09-28,187213.8880441928,186200.20614798143
2015-09-29,187525.91919069976,186309.15418779175
2015-09-30,192591.3260853066,189785.37563081575
2015-10-01,193203.60534701287,190280.47432811328
2015-10-02,194882.5610927107,193122.91462197265
2015-10-05,198262.12969461418,196559.46613987538
2015-10-06,197516.55671343478,195886.08719272606
2015-10-07,199074.28123734661,197490.39305998245
2015-10-08,201670.20962219784,199273.1594949321
2015-10-09,200978.8361453339,199391.8987935337
2015-10-12,203260.93936520055,199580.11455644996
2015-10-13,201420.53005699586,198322.34351691196
2015-10-14,200710.51473853725,197371.54557067598
2015-10-15,204510.8792245732,200402.18359566745
2015-10-16,206045.40264073116,201313.2755532139
2015-10-19,206375.40178385744,201412.28807995975
2015-10-20,206185.36542099854,201154.83026592273
2015-10-21,204699.30036274585,199906.95867588092
2015-10-22,207547.47147991066,203284.13152859078
2015-10-23,209488.4269921433,205512.48138157296
2015-10-26,210541.15283806992,205007.37504407438
2015-10-27,210066.01123751653,204611.2167463861
2015-10-28,212611.56269728183,206938.6332214666
2015-10-29,213323.3285967164,206819.7496685918
2015-10-30,213737.1747254576,205928.43857825358
2015-11-02,216124.74026140492,208364.76702957606
2015-11-03,215924.50213279302,208968.83179846805
2015-11-04,215886.32028585626,208335.0145857351
2015-11-05,215994.62298743305,208127.10811453138
2015-11-06,219306.29137130012,208018.10597936864
2015-11-09,215242.13458855255,206076.98441604857
2015-11-10,215775.58421600616,206552.39240505864
2015-11-11,215460.5051143969,205740.27691068975
2015-11-12,212258.42836349926,202868.12023655773
2015-11-13,209208.1386680516,200590.32723144713
2015-11-16,211326.5552407198,203640.63793294193
2015-11-17,211161.26864122806,203492.0740633628
2015-11-18,214586.50577701238,206720.73714184595
2015-11-19,215089.52639805555,206542.45689199417
2015-11-20,217410.10520689102,207295.17568938603
2015-11-23,216979.335632894,207057.48071077306
2015-11-24,216404.17939386924,207334.75545558656
2015-11-25,216720.8463727945,207305.07513888218
2015-11-27,217319.2407825057,207542.69799035857
2015-11-30,216416.56169097734,206681.12131207713
2015-12-01,218836.48786599727,208651.977287454
2015-12-02,217227.66393052274,206522.67602478596
2015-12-03,213856.00299812024,203630.77454701404
2015-12-04,219337.38658903894,207602.16681447218
2015-12-07,217711.26567537125,206344.3236477976
2015-12-08,217976.4263969944,204957.82370124108
2015-12-09,214512.0081836296,203363.32712456014
2015-12-10,215139.52786796147,203888.23236105105
2015-12-11,209465.08085418865,199936.6570243694
2015-12-14,210576.384994463,200946.81560401415
2015-12-15,213396.1232733309,203056.335999474
2015-12-16,216255.10563090927,206027.4511049994
2015-12-17,214491.1145297902,202888.0092944708
2015-12-18,210176.02302771923,199273.59225775162
2015-12-21,212036.95815669562,200917.31560515123
2015-12-22,213960.27277143102,202740.5633955087
2015-12-23,214595.83958894503,205251.1287021604
2015-12-24,214203.0517671453,204912.40163697724
2015-12-28,214584.64349435252,204444.18832984145
2015-12-29,217195.45697661105,206625.96208437442
2015-12-30,216017.5889489342,205161.43860781807
2015-12-31,213212.50703299307,203109.1510952377
2016-01-04,208523.4914078127,200269.74014111486
2016-01-05,208215.33851347025,200608.50326986634
2016-01-06,204425.76663389016,198077.97677816497
2016-01-07,200301.15478052752,193325.77219361547
2016-01-08,196124.5745492347,191203.77380352656
2016-01-11,197644.35647822253,191393.0354099233
2016-01-12,200432.45976573892,192937.2954359734
2016-01-13,192769.70085288456,188125.2974551957
2016-01-14,195093.77499217913,191213.7273483752
2016-01-15,190053.5351027671,187109.02610072546
2016-01-19,190740.11592176734,187358.153230487
2016-01-20,190371.96641500047,184957.1490443066
2016-01-21,190744.8756620203,185993.2373295533
2016-01-22,195171.07213265065,189809.0152998312
2016-01-25,193096.21156538016,186939.72567937837
2016-01-26,196103.09301396896,189490.15926077694
2016-01-27,192546.10260774134,187427.88213977971
2016-01-28,193577.36936708464,188404.24915593475
2016-01-29,200594.46158330757,192996.96260971265
2016-02-01,202533.32902627997,192927.34189112482
2016-02-02,198247.6053906388,189450.29098603007
2016-02-03,195913.2958573329,190586.02291046776
2016-02-04,194606.04052701883,190884.91776447234
2016-02-05,188129.3317695515,187248.51998287914
2016-02-08,183969.9369162409,184728.019163163
2016-02-09,186332.85561109008,184737.95467622744
2016-02-10,188157.29361221544,184578.5717361607
2016-02-11,188464.28022077546,182177.60361354856
2016-02-12,191913.49021310746,185933.51606046164
2016-02-16,195155.7126933354,189071.73170966833
2016-02-17,199173.67187613936,192160.12553927954
2016-02-18,199550.66193805824,191373.1824155785
2016-02-19,201540.28673111592,191283.47428945202
2016-02-22,203729.4115171354,194053.06617536143
2016-02-23,201813.24190228595,191602.2582013697
2016-02-24,203657.3277511889,192478.96354654964
2016-02-25,205606.43134433398,194810.18472808492
2016-02-26,204456.1965234676,194361.95063778292
2016-02-29,203562.95202173304,192837.63376499832
2016-03-01,208123.72354397213,197370.62594968453
2016-03-02,208152.04902566006,198257.35696684968
2016-03-03,209082.79566160668,199034.47276819113
2016-03-04,209197.4869714139,199682.0121686592
2016-03-07,206868.52839582993,199841.4131405101
2016-03-08,205850.87024514645,197659.51316348807
2016-03-09,206189.16051101233,198635.91624321142
2016-03-10,206258.9389110276,198795.3352468465
2016-03-11,210354.76600549964,202003.2617735617
2016-03-14,209790.83384642098,201744.2712578723
2016-03-15,210425.80664060335,201415.49773753772
2016-03-16,211886.9599270425,202581.12636008952
2016-03-17,211756.1663596131,203866.28767974535
2016-03-18,212857.66838893617,204667.4218175693
2016-03-21,214109.4304928347,204957.80566945695
2016-03-22,213608.2627971661,204847.667531893
2016-03-23,212699.35711740382,203495.8427062493
2016-03-24,212142.42298407707,203405.68378551916
2016-03-28,211694.74745367758,203525.82956328415
2016-03-29,213545.73602608813,205408.4920824028
2016-03-30,214088.99268673628,206309.75671758965
2016-03-31,213400.50593904842,205809.086198991
2016-04-01,214187.1657586283,207210.9852892082
2016-04-04,211621.99047331145,206540.0406329186
2016-04-05,209968.1566690439,204477.16846304454
2016-04-06,210429.8626894674,206710.35083417784
2016-04-07,208211.9024415585,204236.8228121621
2016-04-08,208060.33888729915,204787.58562711842
2016-04-11,207939.47577813646,204306.96645249016
2016-04-12,208090.04678788153,206209.6081884426
2016-04-13,210146.13956460325,208292.54973407122
2016-04-14,210527.71264623082,208302.55737427226
2016-04-15,211136.68627989243,208072.25542715917
2016-04-18,211844.24548565305,209534.27248571924
2016-04-19,211598.6410472829,210195.17343823952
2016-04-20,211165.75400653997,210395.45246474945
2016-04-21,209151.23873664433,209263.93997780196
2016-04-22,209844.71326425602,209263.93997780196
2016-04-25,209696.787734107,208903.3583902338
2016-04-26,210538.53785304463,209213.79358609187
2016-04-27,212768.6565096018,209644.46471863563
2016-04-28,209576.86173245579,207741.78691911488
2016-04-29,208525.4354535637,206620.1919134477
2016-05-02,210663.00099083834,208262.49074989976
2016-05-03,209512.87573841948,206449.9899028933
2016-05-04,207071.986226036,205298.29984948642
2016-05-05,207328.63021830912,205258.2151933298
2016-05-06,207876.9911048248,206009.36522550095
2016-05-09,208520.49891849497,206179.54920427117
2016-05-10,210522.8629287528,208743.10992452805
2016-05-11,208849.64464575454,206790.41195578623
2016-05-12,209380.11382945985,206850.4577969925
2016-05-13,210955.19436174663,205047.9285266188
2016-05-16,212789.88754215848,207070.82423104113
2016-05-17,210448.6444549871,205138.08744734895
2016-05-18,211793.15106571227,205198.15132033938
2016-05-19,210887.12210291083,204487.12200789314
2016-05-20,212516.49424298783,205778.955087683
2016-05-23,211778.76429028576,205498.68706670124
2016-05-24,215686.80645210456,208162.252061832
2016-05-25,216271.08122648604,209574.32107830758
2016-05-26,216791.13831245445,209634.4210148663
2016-05-27,217984.07965989626,210535.75777718972
2016-05-31,218159.61138852223,210135.14562881738
2016-06-01,218642.51402257945,210565.74463422457
2016-06-02,219047.17411337973,211206.63030634276
2016-06-03,218449.0444614384,210575.7522744256
2016-06-06,219014.4224801083,211647.27301551928
2016-06-07,219234.14988709023,211977.66939642697
2016-06-08,220212.58710742794,212668.66539668696
2016-06-09,220659.69373881834,212378.26351301518
2016-06-10,218653.38074132902,210365.44757593048
2016-06-13,217639.31626581273,208743.10992452805
2016-06-14,217496.99901467102,208332.50816773882
2016-06-15,217002.6558984892,208042.17841120358
2016-06-16,218132.0179745975,208663.08486648797
2016-06-17,216462.91697963624,207885.96906514652
2016-06-20,218235.0371547417,209224.7388790685
2016-06-21,218204.59598653132,209818.68781705457
2016-06-22,218552.2624448494,209476.42652217878
2016-06-23,222424.30804433482,212204.23876422184
2016-06-24,215086.82983886322,204584.20513373535
2016-06-27,211198.46072796022,200920.1646270463
2016-06-28,213990.98003995567,204543.9581915214
2016-06-29,217379.15050978874,208026.88745824774
2016-06-30,219123.00590252355,210865.48698208402
2016-07-01,219825.89575578098,211308.40169606294
2016-07-05,219890.11273943997,209788.48457860996
2016-07-06,220645.90164648255,211046.67034918332
2016-07-07,220191.377464598,210915.83172341975
2016-07-08,223782.38494482305,214056.48166348613
2016-07-11,225142.42494341667,214811.41837032794
2016-07-12,224542.1533686468,216371.74471605217
2016-07-13,224592.84890786977,216341.5054140393
2016-07-14,225685.05137545982,217549.41857041352
2016-07-15,225264.75668160306,217257.53808044174
2016-07-18,225191.85080454673,217841.31709216945
2016-07-19,224934.56420827052,217619.86875107206
2016-07-20,225284.61405172318,218525.82165013687
2016-07-21,224103.23726581357,217700.43476263652
2016-07-22,226370.30886333185,218676.83784235988
2016-07-25,226395.9002855141,218082.9249679421
2016-07-26,226652.17903806447,218183.65051418182
2016-07-27,225804.25029240618,217952.06831039436
2016-07-28,225494.89518834563,218203.75595350465
2016-07-29,226805.8559648265,218556.1150475022
2016-08-01,227081.80006368685,218374.84152148216
2016-08-02,224957.43005946666,216975.64719888684
2016-08-03,226645.69820823535,217609.80701551857
2016-08-04,226881.25830482977,217841.31709216945
2016-08-05,229148.87006654235,219623.03768363863
2016-08-08,228858.50707972684,219492.19905787503
2016-08-09,228797.67890419197,219623.03768363863
2016-08-10,228442.00780877413,219079.54167769314
2016-08-11,229298.1374723048,220096.137604278
2016-08-12,230954.9988112047,219904.98266054594
2016-08-15,230771.40458182295,220539.03428647277
2016-08-16,229189.2032794701,219401.60737432537
2016-08-17,230136.25865300372,219814.33688164386
2016-08-18,231833.13085389894,220307.57830517433
2016-08-19,231242.57427073494,219985.44048140553
2016-08-22,231615.65345583268,219975.34268228375
2016-08-23,231706.40765459664,220418.3114916151
2016-08-24,230566.77670628185,219290.89221966875
2016-08-25,230752.41005326773,219139.91209101406
2016-08-26,230141.42316899734,218727.18258369557
2016-08-29,231670.23248163768,219804.22105073792
2016-08-30,231061.92395944783,219441.89038010762
2016-08-31,231130.4507176344,218817.77426724523
2016-09-01,232197.6297985457,218827.85403458285
2016-09-02,233020.17104484444,219814.33688164386
2016-09-06,233290.366780959,220478.7540320726
2016-09-07,232765.35714887767,220458.52237026076
2016-09-08,232753.35450321663,219955.23724296092
2016-09-09,226772.5745116692,214690.67754368615
2016-09-12,230017.72022558845,217770.9029750792
2016-09-13,227196.28185061004,214640.33280235043
2016-09-14,227412.3077213946,214559.8569497067
2016-09-15,230757.41528235434,216703.89018002205
2016-09-16,230673.0671089721,215866.18758394994
2016-09-19,232147.31455209677,215906.65090757364
2016-09-20,231146.70405238253,215916.76673847958
2016-09-21,234163.70649421102,218344.87269623147
2016-09-22,235362.36707104865,219720.7338901418
2016-09-23,233236.44257274974,218516.87788520043
2016-09-26,231980.8646835429,216746.39109525425
2016-09-27,233026.19232004049,218091.9769235834
2016-09-28,233829.05016955538,219174.4429576537
2016-09-29,232480.47779987304,217191.48765511482
2016-09-30,233372.92570268968,218830.46864328405
2016-10-03,231830.06451336472,218304.40937260777
2016-10-04,231368.8927437949,217191.48765511482
2016-10-05,232231.36119700782,218152.68994080307
2016-10-06,233383.91954794858,218304.40937260777
2016-10-07,232642.3847179828,217555.71166308047
2016-10-10,233196.74003214695,218688.86504238527
2016-10-11,229650.49495639346,215926.8465058172
2016-10-12,229919.92907117456,216210.17993010377
2016-10-13,228595.8071531536,215501.98160776845
2016-10-14,230308.5729885576,215613.27377951774
2016-10-17,228563.50076287164,214864.61213355875
2016-10-18,230486.37079124126,216210.17993010377
2016-10-19,231076.75067230657,216786.8363870938
2016-10-20,230103.70749818376,216382.14905550444
2016-10-21,229504.7487448337,216483.37949170024
2016-10-24,231352.99573200246,217403.9922312758
2016-10-25,231792.50456399308,216675.54421534447
2016-10-26,231557.3583895365,216240.52742282153
2016-10-27,229378.9717804613,215663.83490226322
2016-10-28,230059.26701414757,215026.4654280535
2016-10-31,231149.85968841243,215036.59929074356
2016-11-01,227846.77845550276,213478.5269180376
2016-11-02,226570.30489961483,212193.74426584886
2016-11-03,226818.4174310933,211222.53433995956
2016-11-04,225844.84823794683,210989.88826090746
2016-11-07,232508.9136921187,215643.6212722355
2016-11-08,234824.63338591406,216614.86726169309
2016-11-09,237209.62627913075,218911.467417668
2016-11-10,236441.6971658637,219457.70425480368
2016-11-11,243474.4078297447,218951.84058237096
2016-11-14,241086.0038975947,219123.88183490824
2016-11-15,243817.25553294786,220833.61954406646
2016-11-16,245709.29631649578,220418.8524451395
2016-11-17,249312.5873861966,221551.95172909184
2016-11-18,249932.20313518905,221056.20388756506
2016-11-21,251690.93990458053,222725.49630488374
2016-11-22,252269.38389733247,223160.51309740669
2016-11-23,252501.9555162429,223281.9211000619
2016-11-25,254202.0599017542,224111.54545683658
2016-11-28,252679.65609283553,223059.39085191576
2016-11-29,252399.41909098052,223494.38961265457
2016-11-30,251093.83828189765,222958.21451107238
2016-12-01,246214.81787804366,222138.70598520365
2016-12-02,248059.48714820057,222250.05225230538
2016-12-05,251892.53274273398,223585.45012259204
2016-12-06,253547.35326111576,224293.6304131432
2016-12-07,259483.0342294888,227227.61807511194
2016-12-08,260487.73203754128,227784.00680672182
2016-12-09,259167.6953781027,229159.94012776876
2016-12-12,256949.0394134987,228896.87442886236
2016-12-13,257956.03409975197,230424.5812770664
2016-12-14,258002.85071207664,228522.55262177493
2016-12-15,259719.21622448214,229463.3970231623
2016-12-16,258497.0347134501,229014.6580429042
2016-12-19,260285.0067530038,229513.3090016785
2016-12-20,262519.33612020605,230398.66960324856
2016-12-21,261737.6770855332,229757.54951793648
2016-12-22,265573.82165327016,229360.63388531408
2016-12-23,265800.7543226563,229696.5299603863
2016-12-27,269009.80145223485,230266.37040296913
2016-12-28,263665.06067417527,228363.33196776547
2016-12-29,263628.8115376926,228312.4462729054
2016-12-30,260465.1626848204,227478.0074297637
2017-01-03,260576.87793738456,229218.2008223446
2017-01-04,262249.17080440937,230581.81843481978
2017-01-05,261725.54376551916,230398.66960324856
2017-01-06,263292.32204605953,231222.956551916
2017-01-09,263478.9809641481,230459.7612879353
2017-01-10,263814.95260313124,230459.7612879353
2017-01-11,264860.25371670496,231111.01523593746
2017-01-12,264967.2970452856,230530.98683531213
2017-01-13,266155.7345768489,231060.1115092932
2017-01-17,263966.3483565464,230246.01251866829
2017-01-18,266908.0218754738,230754.9055308375
2017-01-19,272631.5020612648,229900.01864447427
2017-01-20,273176.9925440976,230744.71757279502
2017-01-23,274118.82720566064,230144.22309716392
2017-01-24,277236.63189967955,231619.89021632256
2017-01-25,279390.39609104337,233624.64594589398
2017-01-26,279162.51390454324,233380.38739785185
2017-01-27,280498.0594753166,233014.05367114113
2017-01-30,279564.5659943441,231568.91436254172
2017-01-31,276392.1475567869,231548.64663716158
2017-02-01,277925.19163446355,231640.17597348682
2017-02-02,277601.5849232441,231792.85108985126
2017-02-03,278261.3296419264,233390.5933876785
2017-02-06,279711.1060278416,232973.33790253938
2017-02-07,280943.42087600334,232983.54389236603
2017-02-08,279875.2761693131,233288.80396617416
2017-02-09,280768.7144084926,234672.83355830266
2017-02-10,280983.785376263,235598.9279602586
2017-02-13,281304.22475771426,236881.20419445104
2017-02-14,281473.9592847644,237827.58435357126
2017-02-15,282062.5333696213,239069.16285094613
2017-02-16,280933.8882366705,238865.62007150575
2017-02-17,281189.1313458669,239242.15978804315
2017-02-21,283367.0347715495,240666.8330216368
2017-02-22,283257.54369182314,240453.17441129047
2017-02-23,280156.1690456698,240615.98339034498
2017-02-24,281422.72308425896,240921.29755950556
2017-02-27,282196.1871869844,241297.83727604293
2017-02-28,282162.5234184946,240646.49316912008
2017-03-01,287335.4187743027,244014.9927336557
2017-03-02,283452.8774840161,242478.32408873105
2017-03-03,284695.9137961512,242630.98117331136
2017-03-06,284960.81228637305,241908.41151901166
2017-03-07,283015.4400931902,241185.8959600644
2017-03-08,283565.8955133917,240738.07660079774
2017-03-09,283031.50343416975,241043.39076995832
2017-03-10,284886.22393708245,241888.07166649494
2017-03-13,287918.66765577835,242010.200940516
2017-03-14,286750.49766931566,241084.0885067759
2017-03-15,289342.90971028124,243170.2757735508
2017-03-16,290282.2025815019,242692.0367944298
2017-03-17,290810.2928270774,242265.74738543353
2017-03-20,291022.1835722849,242000.08510961005
2017-03-21,285301.119102485,238892.92019270285
2017-03-22,287361.5013269191,239455.024999887
2017-03-23,286228.39351375913,239199.5687138902
2017-03-24,286717.1062641763,239025.7783782908
2017-03-27,286425.27717929136,238780.4739867682
2017-03-28,288471.01957267406,240518.07080243205
2017-03-29,288391.76567830605,240742.89108716475
2017-03-30,289747.16451715806,241509.45829478075
2017-03-31,288514.01417445764,240947.29939224414
2017-04-03,287116.6108004709,240528.22269690625
2017-04-04,285085.5212237827,240681.5649892841
2017-04-05,283679.7354711487,239966.0818261538
2017-04-06,285301.52608260594,240640.7049664092
2017-04-07,284312.30547639786,240395.34647953417
2017-04-10,283116.6623661207,240538.48278208534
2017-04-11,282077.9326358648,240252.24624055126
2017-04-12,277741.10631018237,239199.5687138902
2017-04-13,275493.53217027854,237645.95019186832
2017-04-17,279784.22627005406,239751.46753124773
2017-04-18,278883.09786105884,239035.96633633328
2017-04-19,281814.55115883576,238596.49569312626
2017-04-20,285130.60764031054,240538.48278208534
2017-04-21,285061.9511618113,239771.91557446934
2017-04-24,288864.1953764204,242408.86565620056
2017-04-25,291162.5058463033,243819.3478756713
2017-04-26,291167.6988640623,243666.0596786459
2017-04-27,292613.7870003504,243870.46798372528
2017-04-28,291674.3179200874,243339.05327315762
2017-05-01,293924.4024126365,243952.24212482752
2017-05-02,293770.7183058332,244044.16816040396
2017-05-03,293885.3842206763,243747.83381974814
2017-05-04,294905.6667239824,244034.01626592976
2017-05-05,295390.0794146496,244994.76775701437
2017-05-08,294363.71618559625,244953.9257659236
2017-05-09,294681.7163148098,244729.03335405432
2017-05-10,297642.4618495964,245168.5220290455
2017-05-11,298238.5059754088,244667.7974150944
2017-05-12,297135.75753675273,244258.87261423076
2017-05-15,299745.2951554592,245608.04676760497
2017-05-16,301160.7977739361,245383.22648287227
2017-05-17,291602.1227339144,241029.10959691467
2017-05-18,294753.62207657105,242000.08510961005
2017-05-19,297992.3924417401,243574.09757950113
2017-05-22,301060.04489412496,244810.82552694072
2017-05-23,301345.2085153703,245352.5183544716
2017-05-24,302481.7589611059,245924.8652150507
2017-05-25,303937.89693136734,247100.28509639378
2017-05-26,305899.08367369266,247049.20105190808
2017-05-30,306889.8064186026,246834.5326616496
2017-05-31,307328.99255488324,246773.26065912138
2017-06-01,310313.6512124242,248735.6236641655
2017-06-02,311206.019881233,249563.498937878
2017-06-05,312384.82812068204,249379.6108031568
2017-06-06,309034.25049812667,248582.31743535594
2017-06-07,311061.5514943385,249042.29021713702
2017-06-08,315872.1549787909,249164.88831754588
2017-06-09,312210.9718527967,248786.7437722195
2017-06-12,312055.1652883539,248735.6236641655
2017-06-13,313666.32454656163,249951.90356838348
2017-06-14,313388.79824817565,249635.0670891536
2017-06-15,313072.59978477,249154.66429593507
2017-06-16,312682.2515458826,249209.21044297682
2017-06-19,317239.88391991175,251283.82130432996
2017-06-20,313483.1199540649,249589.17619850195
2017-06-21,312967.5899677492,249527.52552850667
2017-06-22,310501.2486756537,249414.5203372635
2017-06-23,310222.2262213679,249712.42344314005
2017-06-26,308965.0821962338,249876.72906027868
2017-06-27,305612.34590680036,247863.6787100001
2017-06-28,311599.2152247239,250082.12911348612
2017-06-29,306884.41192680656,247884.25297571073
2017-06-30,306738.3505671739,248346.33547623685
2017-07-03,304862.55173661833,248767.50385853567
2017-07-05,308979.77214513463,249342.6636774416
2017-07-06,306795.00313855556,247062.50850860786
2017-07-07,311911.22205028107,248664.7226889033
2017-07-10,315100.86228962726,248931.73734853772
2017-07-11,316375.22650198697,248746.9115610409
2017-07-12,320134.44416680495,250616.2666234598
2017-07-13,319711.1287818183,251037.2727197013
2017-07-14,321291.58399205154,252208.16662322372
2017-07-17,322288.4238340325,252177.35030411815
2017-07-18,324252.43266203685,252310.89369750366
2017-07-19,326095.8095609969,253676.89150548613
2017-07-20,327540.2608128687,253789.87866494514
2017-07-21,326615.28671201057,253563.88631424296
2017-07-24,326965.4041921852,253502.3258031684
2017-07-25,328019.871366966,254118.52596279068
2017-07-26,328814.8553579645,254128.8040797539
2017-07-27,326059.8318320204,253892.55164387263
2017-07-28,325039.44086544437,253594.70263334853
2017-07-31,324266.77892092406,253450.91718656808
2017-08-01,325916.12982779223,254015.87101564734
2017-08-02,324717.2842504716,254139.1002285013
2017-08-03,324213.31161278125,253646.11124994885
2017-08-04,324805.5367381722,254108.30194117987
2017-08-07,327793.05258936406,254580.6805904534
2017-08-08,327287.14957655984,253954.18428208376
2017-08-09,326003.37912301405,253943.96026047296
2017-08-10,319443.5583184908,250359.45795365205
2017-08-11,319556.3667543752,250729.18165578225
2017-08-14,326681.1539540223,253214.7008142551
2017-08-15,326796.3991321853,253183.86646336538
2017-08-16,327348.51200364437,253625.5730478065
2017-08-17,322163.7510645541,249671.32900707127
2017-08-18,322509.00353939086,249281.0490710146
2017-08-21,322578.6328581485,249476.18903904295
2017-08-22,326918.02430285484,252084.88331501733
2017-08-23,325394.3711160379,251181.09423005002
2017-08-24,324175.274562968,250595.7464531016
2017-08-25,323596.555329224,251181.09423005002
2017-08-28,325109.13357853575,251191.3903787974
2017-08-29,325446.9083949822,251478.99733592657
2017-08-30,327473.78544722067,252670.3392826706
2017-08-31,330534.09391965857,254190.47278153335
2017-09-01,329222.35878837295,254549.9183667003
2017-09-05,325676.34407534427,252721.74789927094
2017-09-06,327347.54303103144,253584.388452817
2017-09-07,326941.19039319933,253553.6081972797
2017-09-08,326384.6832166203,253255.7952503239
2017-09-11,332261.40952302876,255956.97454718326
2017-09-12,333374.38331426005,256819.74132321833
2017-09-13,333255.123435101,256942.91644071986
2017-09-14,333386.0901088787,256860.83575928715
2017-09-15,333590.04677792586,257206.5771885031
2017-09-18,336289.63963867235,257753.6074241412
2017-09-19,335143.76447743183,258011.67831883917
2017-09-20,334307.4921745627,258104.59610254367
2017-09-21,332208.73382488167,257413.023085191
2017-09-22,333867.7821130156,257464.63005141693
2017-09-25,327881.35331813945,256938.28227219434
2017-09-26,327623.89556739497,257093.10317087214
2017-09-27,331482.0746146987,258094.28192201213
2017-09-28,331914.2632422575,258403.9417511519
2017-09-29,336298.15551148576,259312.22075037158
2017-10-02,337279.7672018999,260437.29589037894
2017-10-03,337907.783371914,260994.6583383327
2017-10-04,338944.4463384296,261304.31816747246
2017-10-05,339663.7949585007,262852.581249603
2017-10-06,340694.937423704,262553.25363277894
2017-10-09,341436.255291654,262119.75151012422
2017-10-10,341692.7489731934,262811.27043212444
2017-10-11,342945.0755153804,263224.1802572844
2017-10-12,343301.6993110899,262831.9709203241
2017-10-13,343177.798068289,263151.92689821124
2017-10-16,345011.7172802588,263502.86148126126
2017-10-17,345684.489184572,263688.6068897495
2017-10-18,346808.18083164113,263946.65975266334
2017-10-19,346365.76026546786,264018.9491753048
2017-10-20,348638.77782902407,265381.3947218105
2017-10-23,348972.1693282686,264349.2373655076
2017-10-24,348113.66812342755,264813.6820297569
2017-10-25,343967.4715793396,263502.86148126126
2017-10-26,346780.40279903926,263843.4638519956
2017-10-27,349832.26885942294,266000.6783165217
2017-10-30,348247.9641533344,265009.7957141291
2017-10-31,350653.58668916917,265422.70553928905
2017-11-01,348765.0205709107,265773.5860269866
2017-11-02,349570.5962065168,265876.83602300676
2017-11-03,349998.14314175793,266764.4866611634
2017-11-06,349278.58322423586,267177.3964863233
2017-11-07,346027.0768710483,266991.6330460509
2017-11-08,345783.82411901234,267445.7454979845
2017-11-09,342667.4669118445,266475.4551930867
2017-11-10,345097.3853446442,266392.90568526613
2017-11-13,347323.4508405351,266640.6804312167
2017-11-14,347439.78120183566,266021.37880472135
2017-11-15,345326.18228020833,264689.8577680261
2017-11-16,350580.168833606,266939.9539526884
2017-11-17,348436.8727485197,266155.51724698365
2017-11-20,351111.7209541681,266609.68379426975
2017-11-21,355180.0899463433,268354.00646542
2017-11-22,354181.0566447583,268116.6360589217
2017-11-24,356190.56810616946,268735.9196536329
2017-11-27,355255.0081545767,268601.7812113706
2017-11-28,357419.4924647691,271326.70836795034
2017-11-29,348013.04969750595,271161.5913205251
2017-11-30,351758.8036829833,273535.52979870234
2017-12-01,349508.03942956385,272967.8351384329
2017-12-04,341059.53267745976,272637.5649800142
2017-12-05,342358.8908657289,271656.96049458487
2017-12-06,343572.74184056686,271708.5854925949
2017-12-07,347833.83601261483,272565.34768450935
2017-12-08,346600.54510437255,274051.58142917755
2017-12-11,346291.95837539836,274877.4191112816
2017-12-12,345767.25278655626,275362.47410480975
2017-12-13,344134.41232271265,275331.44140429446
2017-12-14,343319.04531828046,274206.43839142367
2017-12-15,345542.94636608416,276489.8933767561
2017-12-18,350229.97967374243,278243.15981284284
2017-12-19,349620.8541422772,277174.6143161333
2017-12-20,351017.57835677563,277029.368294837
2017-12-21,348748.4195100479,277599.9300087857
2017-12-22,347794.4991132711,277527.33404581377
2017-12-26,347156.2445732393,277195.3328361171
2017-12-27,347994.5782638355,277330.2286133135
2017-12-28,348416.45232436404,277900.8263908305
2017-12-29,344321.57834394265,276853.035477673
2018-01-02,348514.08080271917,278834.44004677533
2018-01-03,355711.30377879227,280598.16491766676
2018-01-04,357469.9544224425,281780.83357623656
2018-01-05,361378.5445965548,283658.69964077236
2018-01-08,365245.9185120766,284177.3658799488
2018-01-09,364702.8131730545,284820.5055250852
2018-01-10,361520.61796287046,284384.7674611964
2018-01-11,363677.30376032135,286459.7750218007
2018-01-12,366203.94634001504,288327.1285561794
2018-01-16,365068.8576670626,287341.56533010985
2018-01-17,368608.56602718914,290080.4671194027
2018-01-18,370682.3070612979,289592.8516125258
2018-01-19,374189.87769187737,290910.34392115544
2018-01-22,375775.00163258304,293275.80746078404
2018-01-23,378205.2525623924,293898.2826812891
2018-01-24,377073.46719823394,293784.14148764475
2018-01-25,373983.10511549487,293908.59686182067
2018-01-26,379512.1785683096,297311.44697515445
2018-01-29,377021.45359851833,295340.33855479956
2018-01-30,374127.5984980436,292310.8906275617
2018-01-31,374552.3339486358,292456.2989349153
2018-02-01,368609.81757971883,292124.1174073771
2018-02-02,361857.29098515044,285764.66777475545
2018-02-05,347021.0430951435,273813.34549704025
2018-02-06,356738.66849884734,279207.9864871445
2018-02-07,356426.3190239434,277693.28055530967
2018-02-08,342783.6311076741,267277.41879298136
2018-02-09,348729.5954077854,271292.28569201555
2018-02-12,353668.01507784484,275276.0297316137
2018-02-13,356774.6369797537,275960.8227981275
2018-02-14,364752.8043272201,279685.1435592167
2018-02-15,370828.2989695007,283254.0303409672
2018-02-16,368975.86052118207,283336.9765480389
2018-02-20,367680.1211756963,281563.0456873208
2018-02-21,364278.15453974565,280162.42685377796
2018-02-22,364227.2363200038,280525.56895469484
2018-02-23,369184.3628644616,284996.9825965224
2018-02-26,372230.461114713,288306.4460997639
2018-02-27,369099.7541485618,284706.41842679324
2018-02-28,365389.82757268037,281822.3066797724
2018-03-01,357849.413344027,277724.47554188233
2018-03-02,362205.64850427734,279156.09101237217
2018-03-05,364983.3805318497,282382.5361814054
2018-03-06,370211.1003121724,283098.39801200276
2018-03-07,370121.28254194465,282994.6250942424
2018-03-08,371417.6109402485,284364.1391001333
2018-03-09,380342.5285397221,289312.69178224896
2018-03-12,381837.76383313467,288949.62180846866
2018-03-13,378467.2872722128,287082.1781151692
2018-03-14,376523.39291202393,285609.0534775752
2018-03-15,378452.89646676264,285297.86094678304
2018-03-16,378422.5340083628,285607.12407667155
2018-03-19,371135.82203774736,281742.73241633596
2018-03-20,373727.1064582646,282222.0352707216
2018-03-21,375068.4516409464,281680.2883478383
2018-03-22,365646.87572503363,274639.1290837918
2018-03-23,355633.2395621406,268785.25461505644
2018-03-26,366762.540339202,276138.9407619219
2018-03-27,354613.2562784846,271441.33641976665
2018-03-28,350544.43168367655,270639.37281987193
2018-03-29,358488.0823285929,274097.45428804506
2018-04-02,345382.55808995484,268181.17181438033
2018-04-03,351717.0626362288,271618.40854008065
2018-04-04,354472.1467569634,274524.51906375965
2018-04-05,356217.55310183554,276691.0559606892
2018-04-06,346729.91300889803,270524.7988634081
2018-04-09,348427.59017425147,271858.03291959723
2018-04-10,357387.0207660008,276180.63024686754
2018-04-11,353800.547492204,274732.78617064626
2018-04-12,358108.8161399246,276993.14244048763
2018-04-13,356542.3309800702,276180.63024686754
2018-04-16,359925.10736880254,278451.3367608088
2018-04-17,365740.9073222627,281430.42191492673
2018-04-18,365529.6441369922,281638.6529582451
2018-04-19,361838.64991765167,280076.25295734406
2018-04-20,361164.2812163373,277701.3948581754
2018-04-23,359774.10619957215,277659.79553215054
2018-04-24,352971.5178228597,273920.4362630835
2018-04-25,352509.4253278795,274597.47566241445
2018-04-26,358289.48965577484,277388.940102493
2018-04-27,357938.60994706175,277649.3370973458
2018-04-30,356729.38893259026,275514.139441262
2018-05-01,358191.6596357475,276003.612221906
2018-05-02,357489.28483182995,274149.5300806588
2018-05-03,359684.6719700605,273545.3931846302
2018-05-04,365559.9639553988,277086.83559091046
2018-05-07,368079.65597347793,278024.3080486625
2018-05-08,368077.5249727435,278024.3080486625
2018-05-09,372247.15129232104,280711.548776377
2018-05-10,373045.1158231335,283336.43559451454
2018-05-11,372270.5851079158,284201.0596443166
2018-05-14,372801.1486144708,284336.3881843326
2018-05-15,370854.94283391035,282378.1905214262
2018-05-16,372325.2669147271,283565.6195710105
2018-05-17,373927.04010280047,283326.0673186305
2018-05-18,372131.9306198324,282617.67064666963
2018-05-21,375448.90760257794,284742.6442811426
2018-05-22,373590.01859785174,283951.0489571319
2018-05-23,374866.6347217893,284732.2038781221
2018-05-24,375675.09095693816,284148.89369278215
2018-05-25,373891.3755306005,283471.8182298829
2018-05-29,371169.1451869726,280211.6536244966
2018-05-30,377284.2923632635,283951.0489571319
2018-05-31,374701.1699138032,282211.468645212
2018-06-01,381164.89912464184,284982.12440638605
2018-06-04,383606.1872798106,286336.329427537
2018-06-05,384695.85297812184,286544.5604708554
2018-06-06,384580.51414439606,288940.3174078493
2018-06-07,381363.3177744908,288909.1043894925
2018-06-08,381731.5459725432,289763.1257502168
2018-06-11,379796.8894757341,290148.5010409857
2018-06-12,380851.1017514527,290523.49002408655
2018-06-13,378831.3173976373,289596.4940329233
2018-06-14,377930.49598881433,290325.6633202204
2018-06-15,376349.8846145645,289955.23637850856
2018-06-18,376067.6633376105,289358.8351178786
2018-06-19,373335.0182801949,288249.8262975454
2018-06-20,374360.63426053274,288741.49895585515
2018-06-21,369416.20526039664,286931.4323997084
2018-06-22,368202.64632544474,287454.6426484896
2018-06-25,360063.65311166254,283541.5291073914
2018-06-26,361340.81347084156,284169.3597677879
2018-06-27,355694.0069122232,281815.22018860304
2018-06-28,357560.5304236953,283426.48632453976
2018-06-29,357920.8532484524,283834.4193772754
2018-07-02,359562.2176295886,284441.3872634149
2018-07-03,355875.95502922067,283436.8726322079
2018-07-05,358024.02330416214,285749.1424086057
2018-07-06,361208.9728315036,288166.14078732365
2018-07-09,365780.4597215233,290760.89649415313
2018-07-10,365391.9969512327,291807.04651495337
2018-07-11,361396.00868183427,289672.6783209403
2018-07-12,363915.09108419775,292298.8994911046
2018-07-13,364344.08260669897,292529.111279297
2018-07-16,363042.49390620796,292267.5241866905
2018-07-17,367868.7155849062,293449.8322095774
2018-07-18,370009.7234580103,294067.02411732764
2018-07-19,370102.06153637636,292957.9792334261
2018-07-20,369367.86751767143,292623.2912878917
2018-07-23,369265.6681948755,293167.31021557737
2018-07-24,368300.4447554475,294642.47244477994
2018-07-25,372584.5368945135,297153.578704956
2018-07-26,378008.45939766103,296452.5930962791
2018-07-27,376404.69811986113,294443.83431062725
2018-07-30,374038.0041189469,292905.7050911868
2018-07-31,375627.96768332354,294349.49201597524
2018-08-01,373797.17447505356,293857.8373894496
2018-08-02,373684.69527288433,295458.6270587975
2018-08-03,373605.3201989619,296724.6025601219
2018-08-06,375667.91181772086,297812.78466976655
2018-08-07,377688.5753459331,298796.27424065926
2018-08-08,379196.40807059134,298670.8271183554
2018-08-09,374948.4398408499,298262.7317795624
2018-08-10,372199.7944000498,296264.2691426579
2018-08-13,370141.3943313408,295155.24229054054
2018-08-14,373752.9762679414,297038.62608102505
2018-08-15,370136.7402859192,294820.3920589488
2018-08-16,370941.56269669556,297205.9430061161
2018-08-17,369753.61701834993,298252.2372811894
2018-08-20,373188.4824188333,298890.4181856857
2018-08-21,376108.1618457047,299591.49395328335
2018-08-22,380076.1874320824,299413.64646625106
2018-08-23,383648.34271480166,299016.1357847518
2018-08-24,386856.8415225879,300815.6176836048
2018-08-27,389055.7609243686,303190.7462595357
2018-08-28,388315.502073871,303337.16434680147
2018-08-29,390822.88455158,304969.50963840494
2018-08-30,389600.3580258004,303734.6930600848
2018-08-31,390877.3375205471,303745.07936775294
2018-09-04,395427.7412130779,303222.0855003815
2018-09-05,388584.65311405633,302405.9308863639
2018-09-06,386059.434092465,301495.6683908882
2018-09-07,384579.32922167995,300909.7976921995
2018-09-10,385237.8327013369,301432.86368670757
2018-09-11,385874.61158090865,302426.8297241891
2018-09-12,382421.2787118705,302500.1108949586
2018-09-13,384942.2327912476,304289.2786132801
2018-09-14,384615.7895836605,304341.6068508719
2018-09-17,381009.4574610028,302730.322683151
2018-09-18,383996.57221930777,304372.9460917177
2018-09-19,380925.0253280515,304697.3378885047
2018-09-20,382802.9745694607,307166.57434589375
2018-09-21,384399.6845434143,306885.78340317175
2018-09-24,386850.33703511435,305866.41058182844
2018-09-25,388135.8777084955,305582.7345536431
2018-09-26,388390.62375634024,304668.1624617565
2018-09-27,387655.61972937314,305519.5872455637
2018-09-28,389776.15735226887,305551.106804251
2018-10-01,391549.3375532794,306612.674000496
2018-10-02,389809.6390427856,306433.8347653357
2018-10-03,392873.4448869414,306602.1434385547
2018-10-04,387688.900355369,304205.791452684
2018-10-05,385396.79472663184,302503.1582664793
2018-10-08,382286.19133691903,302503.1582664793
2018-10-09,381744.9276611886,302061.72215880034
2018-10-10,364795.7108094304,292497.57368882553
2018-10-11,357337.3137812053,286054.7811498809
2018-10-12,366032.57929483044,290027.652023639
2018-10-15,361306.43551936623,288398.5524531818
2018-10-16,372161.94357681985,294704.6460365154
2018-10-17,369537.17042392906,294757.1365601645
2018-10-18,364762.0620059784,290500.4454039479
2018-10-19,357848.44458128593,290342.90170586406
2018-10-22,359460.660750998,289039.72663384635
2018-10-23,355198.28999742446,287568.2428886096
2018-10-24,342176.3424424916,278855.28478924814
2018-10-25,349239.0686506171,283858.13117342745
2018-10-26,344693.908539966,278865.83338297356
2018-10-29,343936.8132529085,277320.8520855576
2018-10-30,352581.47260673647,281430.3137242219
2018-10-31,355804.2306636494,284436.1760777967
2018-11-01,360394.8418931523,287463.207745959
2018-11-02,362684.422296995,285760.48440083355
2018-11-05,360193.1201935772,287336.98525693675
2018-11-06,361205.1071228856,289155.3103702224
2018-11-07,370211.79878035065,295345.7480900434
2018-11-08,369904.6605216982,294809.7352745185
2018-11-09,367300.90598750603,291929.96918747685
2018-11-12,358604.02016001137,286475.22826081386
2018-11-13,359523.82380901603,285939.12528636825
2018-11-14,356644.2600147864,283984.3356306655
2018-11-15,362170.29920572875,286948.1478636118
2018-11-16,359065.32340716495,287694.4293140635
2018-11-19,349194.5442855296,282828.15566300624
2018-11-20,342067.75917109346,277594.0516471541
2018-11-21,344676.27359559573,278539.9629798865
2018-11-23,344068.356597767,276679.67790489306
2018-11-26,349919.8197280812,281146.52950533165
2018-11-27,351567.66885389236,282092.4769016324
2018-11-28,359510.2097548289,288587.7058688737
2018-11-29,358232.57054246316,287957.1163455029
2018-11-30,360373.0460063893,289712.3302142774
2018-12-03,364964.35296850686,293548.61032312934
2018-12-04,353323.80048710515,284036.80812253046
2018-12-06,353788.97541552724,283605.9566721452
2018-12-07,338258.9067651793,277016.0788699214
2018-12-10,342636.2442518651,277541.561123505
2018-12-11,342267.91491437407,277604.6002408795
2018-12-12,346015.5372141412,279002.460211448
2018-12-13,345325.05011566484,278907.93759895454
2018-12-14,338009.01361155935,273757.8977607912
2018-12-17,330624.68206423573,268387.2029800329
2018-12-18,330490.1363199658,268092.9242627697
2018-12-19,325333.67698769015,264078.05736373545
2018-12-20,318417.1720565336,259779.37018224274
2018-12-21,313849.8219051294,254456.62191552873
2018-12-24,307069.9725945452,247733.1105609987
2018-12-26,323117.607762114,260249.8013988285
2018-12-27,327301.5307752614,262247.86733648175
2018-12-28,326617.51873860956,261909.55500233395
2018-12-31,330020.1597402885,264203.59464496013
2019-01-02,328533.70430730993,264478.3990353456
2019-01-03,320827.58087687846,258167.238520667
2019-01-04,328650.1728275503,266814.7412435784
2019-01-07,329291.4022285488,268918.4554045432
2019-01-08,330113.1426138691,271445.0689990849
2019-01-09,331199.8360450348,272713.6410773263
2019-01-10,333222.2391091754,273675.65479330113
2019-01-11,332815.6002193637,273781.4112073176
2019-01-14,331882.0213126357,272111.1270418709
2019-01-15,334342.4017604241,275229.6880463584
2019-01-16,333755.46845851024,275895.7100255762
2019-01-17,338506.21199500305,277988.8575610314
2019-01-18,344008.2339677226,281688.8714770918
2019-01-22,340291.7798432644,277883.0831152308
2019-01-23,343167.7379540066,278464.6261857244
2019-01-24,344381.0680765824,278612.52287929016
2019-01-25,346275.46510190854,280970.1065292469
2019-01-28,345513.1550931788,278834.5121739119
2019-01-29,346516.625635394,278464.6261857244
2019-01-30,349804.51783466013,282872.8384241201
2019-01-31,351470.01891951606,285357.2396119759
2019-02-01,352386.981127342,285494.5877118162
2019-02-04,355534.1044864098,287503.220274979
2019-02-05,357135.567458854,288708.35653659474
2019-02-06,357213.03983954596,288327.81376397697
2019-02-07,358664.06516256265,285579.22890659765
2019-02-08,358025.9567011179,285928.0898344709
2019-02-11,359625.96289680316,286086.67937603523
2019-02-12,363825.48881598166,289765.6141364289
2019-02-13,364902.6969534948,290706.3864106797
2019-02-14,364040.3822230191,290061.5337460494
2019-02-15,367575.88990314794,293222.52353863255
2019-02-19,366406.2485863671,293729.88384914934
2019-02-20,367821.4026953761,294321.8492908794
2019-02-21,368662.1434465464,293275.30257082795
2019-02-22,370636.5237422524,295093.59162054525
2019-02-25,369011.104522829,295495.26764418226
2019-02-26,370165.0551640265,295283.9351339908
2019-02-27,368897.13627890596,295157.0995643076
2019-02-28,366126.1730677997,294607.4006246159
2019-03-01,365323.3891224226,296446.7507982158
2019-03-04,363958.5779333833,295368.3779791466
2019-03-05,363270.67986772815,294966.6658919414
2019-03-06,361635.9216429488,293180.18490945763
2019-03-07,360012.73933123896,290727.62785240373
2019-03-08,357842.5125032489,290146.17494083085
2019-03-11,360639.2931809007,294353.62129454466
2019-03-12,362678.4408046097,295463.621863006
2019-03-13,363943.97971098055,297419.3491714843
2019-03-14,363550.3333806121,297229.023689823
2019-03-15,365020.1538275391,298697.5321906756
2019-03-18,365442.82052091614,299780.5572100544
2019-03-19,364443.5091407412,299854.83012895193
2019-03-20,363538.42400577065,298952.37539601146
2019-03-21,370038.35946474556,302329.0253269811
2019-03-22,364437.46030566184,296510.27677376225
2019-03-25,366220.4578723698,296287.1334449551
2019-03-26,368734.1844426882,298495.7745578657
2019-03-27,368358.27311554324,296934.8711950488
2019-03-28,368637.89644225163,298060.4331932281
2019-03-29,371345.84233581886,299939.8139276322
2019-04-01,374571.14381829824,303496.7817000621
2019-04-02,375097.9963508657,303645.5078556986
2019-04-03,376298.53500886186,304123.2780084318
2019-04-04,375607.3831520489,304930.3085396715
2019-04-05,377573.26208689925,306406.28219916055
2019-04-08,379313.1126180178,306639.82986741996
2019-04-09,376142.27617905114,305068.3598790935
2019-04-10,377291.82431497466,306108.9020150242
2019-04-11,380424.6322623354,306023.90018455987
2019-04-12,384543.0047786068,308094.5260216167
2019-04-15,384163.5003076308,307892.7503570226
2019-04-16,386168.0625192072,308094.5260216167
2019-04-17,388998.0021856528,307340.6892536078
2019-04-18,388912.4815960813,307945.83592954854
2019-04-22,386874.9348855861,308211.2998557464
2019-04-23,387918.0212879266,310982.5686975814
2019-04-24,390599.3059122729,310292.49231831287
2019-04-25,392673.9903028002,310101.35540636495
2019-04-26,394808.3247575574,311545.3767443473
2019-04-29,393907.8080152117,312033.7495861583
2019-04-30,394765.3930423534,312193.07843087264
2019-05-01,390114.19400433725,309846.45810567663
2019-05-02,391499.0882419732,309177.51497742726
2019-05-03,391250.8185643081,312203.7171835188
2019-05-06,387298.32709403866,310918.95256311423
2019-05-07,379024.62594576174,305726.700318265
2019-05-08,378069.86420033104,305301.8714837845
2019-05-09,379315.0436201,304378.2113726883
2019-05-10,380637.7406716699,305907.16241399845
2019-05-13,369973.40419827943,298219.61778366927
2019-05-14,374760.59308469045,300916.70386552747
2019-05-15,374246.16447310837,302679.2927340177
2019-05-16,377117.00997924886,305482.47783379117
2019-05-17,377173.75313441426,303507.49257984484
2019-05-20,373366.2960421449,301500.6992586649
2019-05-21,378096.67862677295,304218.9185915423
2019-05-22,377085.8779736863,303284.47547352675
2019-05-23,373814.8569420136,299578.9077679494
2019-05-24,371933.10977069975,300258.3814581401
2019-05-28,368511.54094644316,297465.7810156603
2019-05-29,367216.6718546213,295469.60841534246
2019-05-30,369882.6902191505,296276.6750101504
2019-05-31,366883.0383944031,292284.1855552414
2019-06-03,366908.41640405735,291540.9334445262
2019-06-04,375749.2080710635,297869.35037663265
2019-06-05,381612.441492567,300449.50033830386
2019-06-06,382765.36020238494,302403.352341231
2019-06-07,384186.2553915635,305429.28407056036
2019-06-10,387132.0172739668,306831.03890650446
2019-06-11,384455.5241142772,306756.6397651179
2019-06-12,382214.82750767743,306215.1452872126
2019-06-13,382903.337703341,307478.63240232493
2019-06-14,380076.7195011741,307138.80539830885
2019-06-17,376461.0002022478,307255.72348671174
2019-06-18,381871.55739443644,310472.9544140463
2019-06-19,384063.17461421166,311173.7777366659
2019-06-20,388109.59620153205,314146.8583066632
2019-06-21,387353.73953077255,313690.2214049492
2019-06-24,386624.9883469427,313306.0722755022
2019-06-25,381972.4883814569,310233.2038120407
2019-06-26,382704.316452984,309923.74233252654
2019-06-27,386401.50243939133,311022.74351265875
2019-06-28,388863.971120786,312623.1364827555
2019-07-01,393495.13212603936,315461.3032437722
2019-07-02,393142.3361992883,316282.9395201702
2019-07-03,394308.48238078563,318811.5726745362
2019-07-05,392775.0259899355,318448.91743179125
2019-07-08,389195.7002944764,316699.04097112396
2019-07-09,389546.7001406425,317093.86491678545
2019-07-10,391510.93686761026,318608.9675478714
2019-07-11,394153.15675288194,319355.77192006336
2019-07-12,400473.22547504585,320785.51208500203
2019-07-15,400402.0741281259,320892.26024714654
2019-07-16,398867.8827090611,319857.1997735962
2019-07-17,403108.8315020379,317680.6913000338
2019-07-18,408984.23828912905,318843.5971231796
2019-07-19,406646.77835475473,317072.62347506144
2019-07-22,412395.1695482104,317851.41623232845
2019-07-23,416587.224106452,320123.99805182085
2019-07-24,421545.60150351626,321628.38980312407
2019-07-25,415642.3705386579,320091.97360317747
2019-07-26,416078.08078684827,322236.7100730745
2019-07-29,415572.54414577724,321649.70337198465
2019-07-30,415006.63989203976,320860.1997349349
2019-07-31,406890.07298749324,317349.8801880908
2019-08-01,404418.41353791347,314586.47320414346
2019-08-02,401509.586056605,312217.7459115844
2019-08-05,386713.5969367766,302828.3434617688
2019-08-06,395346.49622077704,307074.97288243193
2019-08-07,396468.17982179456,307256.40869450924
2019-08-08,404284.09929158917,313284.7947702099
2019-08-09,402934.48151413765,311150.7691800956
2019-08-12,397966.98737004836,307362.9765388123
2019-08-13,405787.3366681038,312143.0221980833
2019-08-14,393800.1489123247,302913.74199148436
2019-08-15,395252.0099952632,303713.9565083169
2019-08-16,404261.6030098366,308195.25156785647
2019-08-19,412974.60489564115,311908.32049563853
2019-08-20,411297.8057398553,309518.2796342189
2019-08-21,414844.25623614213,312036.41829021194
2019-08-22,415186.346017619,311940.3449442819
2019-08-23,401444.51914012665,303927.344641901
2019-08-26,407135.3723153874,307288.3249524477
2019-08-27,406965.41961188405,306082.6838008759
2019-08-28,409223.6049530991,308237.87870557763
2019-08-29,415747.4844484482,312175.01058315835
2019-08-30,416055.8791843492,312036.41829021194
2019-09-03,413876.03843169706,310211.8541796118
2019-09-04,421189.3231034853,313732.8485426704
2019-09-05,429036.7907611296,317766.01770261285
2019-09-06,430162.57094079925,318011.3581577037
2019-09-09,428309.96339392924,318171.48040092044
2019-09-10,427822.9602689211,318096.7566874193
2019-09-11,428908.63753564673,320358.69975426554
2019-09-12,428902.4075167848,321468.4118141805
2019-09-13,426108.83121355367,321254.9515534598
2019-09-16,424651.80699436925,320262.7706626087
2019-09-17,429102.58937735937,321073.6960592239
2019-09-18,429656.5624445116,321265.6263696742
2019-09-19,427207.0355782689,321244.2767372453
2019-09-20,423575.3314186352,319726.5775292423
2019-09-23,426889.92291958607,319651.4210529217
2019-09-24,423887.55840666906,317143.27200534556
2019-09-25,429888.2216379441,319019.118510057
2019-09-26,430180.11698916793,318354.4308828661
2019-09-27,423985.17213504587,316639.5000198738
2019-09-30,427060.02399704035,318107.9363935898
2019-10-01,422690.5184053468,314324.146808387
2019-10-02,418100.7339930748,308771.6555798684
2019-10-03,422935.5941202996,311301.2985141466
2019-10-04,430867.2602695397,315513.9199899103
2019-10-07,428331.51680552436,314152.70060472656
2019-10-08,420498.8601167336,309275.4636289085
2019-10-09,426976.4673802253,312212.5527577504
2019-10-10,428966.3566831239,314324.146808387
2019-10-11,432996.70697104087,317582.7426485526
2019-10-14,432376.2062651653,317228.95904360746
2019-10-15,440245.2818958812,320369.66307902633
2019-10-16,436266.27972892456,319855.1802137718
2019-10-17,438654.44804363034,320798.45890601893
2019-10-18,435805.1362304535,319394.1435567261
2019-10-21,439802.643095334,321559.43626054964
2019-10-22,436750.81674675253,320509.04877047514
2019-10-23,433344.6199400392,321441.5444558029
2019-10-24,447202.75924602285,321966.77426440845
2019-10-25,451877.72283237457,323285.25832116615
2019-10-28,456519.3680457195,325107.5504269639
2019-10-29,451789.614682052,325011.00825464603
2019-10-30,453908.7777947637,326007.8052822386
2019-10-31,450332.58838052064,325139.61093917553
2019-11-01,452809.93201603094,328151.7122900649
2019-11-04,453347.44918872183,329470.0520925494
2019-11-05,453913.7635288254,329105.66579852643
2019-11-06,452682.1531600237,329180.7140841422
2019-11-07,448492.19660149305,330338.2824991807
2019-11-08,449603.5718290033,331152.99457046663
2019-11-11,450368.1153356574,330520.61990046536
2019-11-12,450764.07402005245,331217.2237855948
2019-11-13,452311.7403672497,331324.47683769534
2019-11-14,453997.60660220106,331806.86312716996
2019-11-15,457961.3513998054,334207.90337691864
2019-11-18,459581.3710734794,334454.3978661949
2019-11-19,457933.75378524343,334357.9638845819
2019-11-20,456106.55770435923,333114.6002405766
2019-11-21,447908.1994235147,332578.5513614834
2019-11-22,446952.190126239,333318.14302001696
2019-11-25,453035.72563830845,335901.5567346186
2019-11-26,451777.49829775,336662.57015271764
2019-11-27,455113.77156597376,338163.2473564868
2019-11-29,452484.82691673056,336909.0285784256
2019-12-02,445916.7551294705,334047.1680530409
2019-12-03,441707.76021475263,331806.86312716996
2019-12-04,446431.4829581029,333854.19189911016
2019-12-05,447666.76041334623,334454.3978661949
2019-12-06,451849.9366654619,337509.3427362152
2019-12-09,449379.7559318075,336448.20830278966
2019-12-10,450021.45671832236,336072.9668747108
2019-12-11,456375.9814989338,337026.9925103089
2019-12-12,464143.7631847172,339931.7686819611
2019-12-13,463597.4215265864,340135.52784281125
2019-12-16,466197.5254202889,342472.2667502952
2019-12-17,470133.8068341131,342547.27897234267
2019-12-18,469859.4812750684,342568.73679547646
2019-12-19,473971.6735106672,343972.87182692776
2019-12-20,478256.79737586866,345480.9781257651
2019-12-23,476462.7787843001,346008.80451128766
2019-12-24,477869.21986582427,346019.58751820703
2019-12-26,478819.137581056,347861.46214158734
2019-12-27,478485.8870896929,347775.3062769376
2019-12-30,475087.1677363757,345857.950605122
2019-12-31,476586.59306230093,346698.1956827587
2020-01-02,482550.0426552073,349940.3825993514
2020-01-03,477993.3071495229,347290.61191909236
2020-01-06,476256.3645205643,348615.515291006
2020-01-07,478584.20500043686,347635.2353776913
2020-01-08,480779.86838167656,349488.0011986958
2020-01-09,483881.67258035607,351857.8825254402
2020-01-10,481774.7948494586,350845.25359136745
2020-01-13,487504.2248879113,353258.08662794763
2020-01-14,489367.02002812113,352719.5854262106
2020-01-15,490153.62519898836,353516.62634903344
2020-01-16,495802.28388256754,356457.2497075679
2020-01-17,494813.6931386711,357566.7814496414
2020-01-21,492689.99481122184,356866.6072712511
2020-01-22,495113.331898001,356909.73929892835
2020-01-23,499379.71042728954,357319.09686261154
2020-01-24,496874.2377009207,354141.39160612505
2020-01-27,484907.7464190743,348464.7695755452
2020-01-28,492133.3894031167,352116.31405582104
2020-01-29,490043.1321997456,351825.5335046822
2020-01-30,494823.48766633746,352967.3060768088
2020-01-31,481830.7112051411,346558.1247835123
2020-02-03,486420.43809839117,349132.55866960925
2020-02-04,497875.0760230513,354453.66604396596
2020-02-05,500672.46786415775,358547.02529938787
2020-02-06,505969.40169278864,359753.4237858938
2020-02-07,499357.65005210094,357836.03205050994
2020-02-10,503975.4050154417,360507.4408717442
2020-02-11,507484.85336069035,361132.20612883585
2020-02-12,512762.51957911206,363458.95542790287
2020-02-13,516273.8152071377,363071.1999416267
2020-02-14,520872.70323267445,363652.7971074727
2020-02-18,518006.4961348001,362715.68528540357
2020-02-19,522626.09420312085,364449.8740938638
2020-02-20,517632.1590117376,362952.69505621894
2020-02-21,506407.47880723455,359214.8504570202
2020-02-24,486876.55107945384,347301.43098957994
2020-02-25,472819.8141601188,336777.43261772784
2020-02-26,477162.33035548055,335538.68511046394
2020-02-27,459459.9546304911,320468.9460825344
2020-02-28,461237.73919098993,319122.6209510552
2020-03-02,480554.1461015443,332942.61308339174
2020-03-03,468350.090176447,323409.67763177375
2020-03-04,491326.91316989885,337003.62331805564
2020-03-05,477085.8657270363,325800.9446545153
2020-03-06,467695.3955388292,320415.1753022109
2020-03-09,433112.8185420212,295392.5766334706
2020-03-10,451467.2573803243,310677.5791005354
2020-03-11,425984.90902276617,295532.5393420121
2020-03-12,375937.72561709327,267256.7904319183
2020-03-13,409349.6078871577,290103.6559938145
2020-03-16,351685.16399856686,258359.42127609535
2020-03-17,380215.6601308854,272308.7553961114
2020-03-18,344791.9306259941,258520.9499984755
2020-03-19,354262.96775253525,259070.32436605258
2020-03-20,345296.01145762147,247905.9091484701
2020-03-23,339329.23527277546,241567.3403218895
2020-03-24,384841.67214755085,263454.19369585114
2020-03-25,395755.10903357784,267398.141587839
2020-03-26,422219.5090377752,283011.4487488506
2020-03-27,402571.0425616361,274581.76997842325
2020-03-30,419324.88603499025,283499.0462239434
2020-03-31,411457.45593332784,279273.3336728897
2020-04-01,385933.32291329856,266704.7473602876
2020-04-02,393575.49883496814,272858.99528932746
2020-04-03,387960.54880108807,268915.08346090786
2020-04-06,422462.72297606966,286977.08887716616
2020-04-07,420880.9874247316,287269.67260671966
2020-04-08,434192.66203817434,296912.81832303817
2020-04-09,434976.6671112396,301431.060508293
2020-04-13,434860.3231531378,298678.9233894369
2020-04-14,455833.7028064871,307487.79254867113
2020-04-15,445161.22128057154,300954.33619904023
2020-04-16,454958.7185469199,302406.14726777363
2020-04-17,462840.3604031232,310575.77164724696
2020-04-20,454555.49540674454,305104.09887527087
2020-04-21,433949.1422676274,295840.1615795433
2020-04-22,452830.2280019809,302406.14726777363
2020-04-23,449199.3556165628,302384.4730632301
2020-04-24,457700.1586798199,306599.33048022795
2020-04-27,461341.48096565355,311020.00268146856
2020-04-28,456470.1136677604,309589.8658172787
2020-04-29,469225.8586529878,317694.3954559848
2020-04-30,458828.96646803914,314736.4615846701
2020-05-01,438024.06375778985,306404.26263933623
2020-05-04,441500.3251268831,307249.34023512405
2020-05-05,449897.13545074535,310088.3003946432
2020-05-06,450913.59443516,307986.19106246735
2020-05-07,458506.1973379689,311702.57783853234
2020-05-08,473287.07114188414,316860.1369306846
2020-05-11,478831.52407814545,316925.0513536103
2020-05-12,469578.66182744474,310608.3370494147
2020-05-13,462113.73421112593,305114.9540093268
2020-05-14,473068.3497217484,308766.3902988978
2020-05-15,474197.90027538454,310185.6359654635
2020-05-18,484985.85192491894,319633.8580951634
2020-05-19,486125.15338107833,316350.88328283245
2020-05-20,496708.6817610564,321725.0762297151
2020-05-21,487722.42397035385,319503.8128679023
2020-05-22,491336.9755304447,320110.6184679845
2020-05-26,489889.38955116837,324054.6024235406
2020-05-27,490922.38453353173,328876.1933134841
2020-05-28,487855.3322981344,328269.4237769702
2020-05-29,498873.3698216755,329732.16210689605
2020-06-01,501046.5738702436,331064.85520956083
2020-06-02,501915.3145184715,333806.08309900854
2020-06-03,510524.8594956573,338248.4295047927
2020-06-04,508069.44662406505,337360.0034999178
2020-06-05,520682.72255188046,346006.3161250755
2020-06-08,516324.59013059566,350188.7884577471
2020-06-09,518043.0817858314,347577.3894141508
2020-06-10,520604.00091621425,345637.99890210875
2020-06-11,493270.3438630282,325712.4085943583
2020-06-12,496773.25115825195,329612.8998865542
2020-06-15,504468.1632901988,332690.20416891563
2020-06-16,512707.3642871723,339093.65135485365
2020-06-17,515785.0902711047,337685.1165680707
2020-06-18,512915.4096994485,337815.05360462697
2020-06-19,511342.1168510684,335884.53473038477
2020-06-22,517439.79586680385,338039.18868156214
2020-06-23,516544.56037569034,339595.4759076376
2020-06-24,506370.60071470693,330932.8264860436
2020-06-25,512606.0712644614,334480.6160803432
2020-06-26,502315.25308241835,326536.2086848538
2020-06-29,505520.63253020885,331335.548353161
2020-06-30,515734.8661949685,335579.7975783169
2020-07-01,518183.18289072823,337930.42095959326
2020-07-02,520389.39844636014,339791.4453377367
2020-07-06,537207.0805905316,345036.7831551118
2020-07-07,533949.463318894,341478.2105538929
2020-07-08,542296.943938077,344090.1144874453
2020-07-09,546997.9664068836,342131.2135849572
2020-07-10,546560.5372895139,345624.5471911358
2020-07-13,533387.068316508,342631.775912851
2020-07-14,543426.7747652836,347071.92244096927
2020-07-15,541199.1310727884,350260.62708578486
2020-07-16,541179.3038453361,349106.9895996902
2020-07-17,544926.4708109499,350119.1857709434
2020-07-20,559430.3513382821,352948.69727557007
2020-07-21,559072.1307367185,353699.46864027414
2020-07-22,565024.0515541582,355712.78946731496
2020-07-23,556954.5724894614,351468.57630572736
2020-07-24,552293.105290421,349205.0825054446
2020-07-27,564454.6204278177,351751.5310625469
2020-07-28,555521.5242763063,349520.6387280001
2020-07-29,564995.6666316981,353819.23575057206
2020-07-30,568252.6885266872,352556.8305425086
2020-07-31,577566.3975270172,355342.74119307013
2020-08-03,582556.5130731354,357813.203811781
2020-08-04,589289.4539235097,359195.2318758693
2020-08-05,587069.0373302755,361426.1963375527
2020-08-06,588158.2890069262,363842.2750952792
2020-08-07,581799.4218518168,364103.51958398684
2020-08-10,576911.841316967,365191.77382076805
2020-08-11,564122.9316613157,362177.1480200982
2020-08-12,577339.5096870925,367226.8409794889
2020-08-13,579774.0914475194,366562.9106872321
2020-08-14,578081.8628414335,366573.76582128805
2020-08-17,593610.178762066,367738.2584414386
2020-08-18,594136.3256293889,368532.73885091266
2020-08-19,590023.3666059853,366998.2340200856
2020-08-20,589324.4526875165,368140.98030855606
2020-08-21,590500.7628312907,369446.8060528432
2020-08-24,591557.2893117688,373190.56507724186
2020-08-25,594806.5710729865,374496.42688509735
2020-08-26,599887.0235331242,378250.8967892787
2020-08-27,591966.8366627069,379078.08685519366
2020-08-28,600362.9785107219,381526.622824383
2020-08-31,601154.6370271211,380144.52263315814
2020-09-01,611677.9693168511,383724.9497567621
2020-09-02,626675.1206538061,389275.13291691
2020-09-03,594461.1162208404,375878.4910127539
2020-09-04,584807.8986271931,372809.58954180457
2020-09-08,561353.9436173304,362623.36255057587
2020-09-09,577567.3388744738,369784.252861352
2020-09-10,566578.72779514,363363.42303549725
2020-09-11,562563.6668493019,363548.32095013064
2020-09-14,571452.8210012028,368336.84154795023
2020-09-15,577242.822350683,370197.6856082522
2020-09-16,569993.6285331643,368728.60009030683
2020-09-17,563566.9235946808,365485.51158450684
2020-09-18,556311.9038899723,361277.7947540309
2020-09-21,555715.9249546512,357256.9593344443
2020-09-22,566811.0301371216,360895.34061229357
2020-09-23,554787.3847692246,352525.88800091395
2020-09-24,558787.1529458371,353465.5242727636
2020-09-25,567334.6971202457,359180.08517718664
2020-09-28,578878.704994976,365145.72064405907
2020-09-29,580173.8462414216,363157.10336129833
2020-09-30,581184.9427603998,365910.4846732605
2020-10-01,585881.435307857,368259.7376389418
2020-10-02,573137.5671318951,364763.3025658901
2020-10-05,585382.3012623499,371231.77236545866
2020-10-06,579982.2617690531,365954.19371803047
2020-10-07,590765.1711236446,372324.2821032983
2020-10-08,596432.6649752487,375623.99041131686
2020-10-09,602811.8969636575,378978.4071524344
2020-10-12,614813.0515882507,385075.24188075337
2020-10-13,620247.914294017,382562.1881878895
2020-10-14,615685.1442538857,380158.4431705189
2020-10-15,614022.5489837404,379688.64306637825
2020-10-16,608944.921029881,379459.17058133584
2020-10-19,601317.955565599,373690.08156165516
2020-10-20,603425.8613454456,375186.93602718535
2020-10-21,602068.9570500053,374476.88043108303
2020-10-22,593254.6947107268,376530.95309029386
2020-10-23,597303.6248825704,377809.22626840585
2020-10-26,584217.9483893767,370827.3555106315
2020-10-27,584247.764478235,369549.0102053829
2020-10-28,564630.6361931126,356918.17817390873
2020-10-29,575703.9184984706,360545.74038127036
2020-10-30,562547.5235261703,356787.0510395988
2020-11-02,568083.6944611191,360786.2122546418
2020-11-03,582706.9612646074,367156.1924492048
2020-11-04,602262.6742364368,375361.80826983356
2020-11-05,619744.8654947855,382682.38806100696
2020-11-06,625758.0510590492,382595.0781621719
2020-11-09,615792.5575969063,387402.60426048137
2020-11-10,602090.8479731217,386834.4588056083
2020-11-11,622248.4877222697,389708.03999068786
2020-11-12,611886.797948808,385927.460063063
2020-11-13,618194.1568487606,391270.3858962364
2020-11-16,628413.2766396614,396154.5831407349
2020-11-17,627319.4133938303,394023.9114624717
2020-11-18,624241.8659726994,389281.87680418056
2020-11-19,630850.0620799926,390920.8217287815
2020-11-20,625394.5860780752,388243.89518159855
2020-11-23,632321.6250706426,390571.25756132655
2020-11-24,633935.8589707891,396864.7469275421
2020-11-25,635864.9167405972,396252.78423719417
2020-11-27,643973.6091547335,397356.437617636
2020-11-30,642886.3224866354,395597.2567563494
2020-12-01,651723.6237559402,399923.98336218914
2020-12-02,651261.448368439,400765.4546011478
2020-12-03,650896.7857993188,400656.14592565456
2020-12-04,660649.9730470508,404108.8719539363
2020-12-07,664087.1798224308,403278.40010330675
2020-12-08,666581.2400633016,404458.5082485278
2020-12-09,653239.2467028205,400831.0181683027
2020-12-10,649661.727820754,400699.85497042455
2020-12-11,650576.0360605342,400230.0548662839
2020-12-14,655264.3292127975,398438.2004121246
2020-12-15,661232.4619134316,403824.79922649974
2020-12-16,667270.4522575417,404458.5082485278
2020-12-17,667843.6001647548,406720.198870396
2020-12-18,669343.8832268486,405096.29245377285
2020-12-21,666384.0512508658,403647.7992333223
2020-12-22,665212.9340210251,402967.46001749265
2020-12-23,657077.3314714589,403329.64643384976
2020-12-24,661925.6485904759,404898.736226669
2020-12-28,664354.636554029,408377.1395155747
2020-12-29,661022.3423340443,407598.0582497613
2020-12-30,666403.2103495565,408179.6554156073
2020-12-31,665033.2138969599,410253.52697381045
2021-01-04,655246.6703617634,404668.2900252827
2021-01-05,667934.5372471871,407455.39077359793
2021-01-06,677062.678629577,409891.4126845899
2021-01-07,693785.2290144903,415981.3232077968
2021-01-08,699927.5672502102,418351.52910665574
2021-01-11,705251.241196753,415531.5023204899
2021-01-12,709953.6141949149,415619.2449821445
2021-01-13,711096.0623821048,416738.51388765685
2021-01-14,719792.42438329,415279.12946958205
2021-01-15,713245.1858652285,412250.6191951198
2021-01-19,719194.3491072472,415487.5768943102
2021-01-20,719592.1203900928,421237.299777818
2021-01-21,724460.7819131145,421621.37678012846
2021-01-22,723876.4424073384,420128.99419706647
2021-01-25,731212.8685581156,421786.0069693817
2021-01-26,734327.0301259473,421127.5944030736
2021-01-27,727282.3008577488,410835.0880760882
2021-01-28,724756.8889169658,414368.3801159344
2021-01-29,714705.002638811,406072.78569241695
2021-02-01,730102.8542051293,412832.1802973976
2021-02-02,730895.4473730233,418669.6819061283
2021-02-03,726863.2651848949,418998.8701574982
2021-02-04,735633.9725418148,423761.1364776012
2021-02-05,740711.1002670848,425429.07651110896
2021-02-08,755839.2165070511,428501.4400846143
2021-02-09,757499.522945646,428216.21332299244
2021-02-10,766069.2894084355,428029.58435708104
2021-02-11,783477.996619147,428720.85083410324
2021-02-12,798850.509695987,430838.756009191
2021-02-16,797382.2625442122,430465.53414093645
2021-02-17,797890.2106599224,430564.2040637835
2021-02-18,794026.5279261372,428731.7780952957
2021-02-19,802767.8043617235,427974.69560614054
2021-02-22,803772.4164645365,424682.8491560097
2021-02-23,789915.6167738655,425198.5581825861
2021-02-24,796756.7203876055,429883.9009115221
2021-02-25,766635.6168971162,419525.614635972
2021-02-26,784342.2300911841,417363.85616184113
2021-03-01,823382.8023814553,427480.9853562222
2021-03-02,815639.658515911,424145.17741634336
2021-03-03,808922.6386000125,418527.0504935332
2021-03-04,797345.5445319761,413347.8532604057
2021-03-05,813335.7832505621,420952.07301619614
2021-03-08,808417.5588339942,418856.346935608
2021-03-09,815488.9957633591,424836.51602050214
2021-03-10,822423.5141965139,427480.9853562222
2021-03-11,839995.2287282624,431815.2492478351
2021-03-12,855631.0374343477,432396.77428654453
2021-03-15,876992.0931668548,434975.35548299504
2021-03-16,889134.0076816885,434426.8646728411
2021-03-17,882622.8834162338,435908.10361330083
2021-03-18,874847.2740206368,429565.85630275443
2021-03-19,881262.4994461758,428770.9070668926
2021-03-22,882227.5352421617,432194.6379862675
2021-03-23,862358.2526121244,428792.90584355075
2021-03-24,817896.1632101482,426613.1877124104
2021-03-25,802808.2276143889,429013.07392797375
2021-03-26,754460.5328353847,435926.64028740296
2021-03-29,746857.9178592692,435706.43613941164
2021-03-30,752190.0788915803,434550.5627120829
2021-03-31,762107.2750989266,436311.9434510353
2021-04-01,778537.9756237036,441023.7207755294
2021-04-05,781665.9557098272,447353.7064728565
2021-04-06,784552.0554850437,447089.54083511716
2021-04-07,785678.0375582988,447607.05304010824
2021-04-08,782060.2459067644,449731.7021024666
2021-04-09,784524.3434085157,453001.2973309613
2021-04-12,780270.2390109705,453166.3963466023
2021-04-13,781994.684177943,454509.51182050345
2021-04-14,770472.0325792512,452957.2997776449
2021-04-15,775743.6209778736,457823.06853874616
2021-04-16,774219.2694613786,459353.3899956514
2021-04-19,762600.7303046727,457096.6040190709
2021-04-20,749379.1480949818,453749.9048815678
2021-04-21,771510.2397456669,458043.30875030573
2021-04-22,763950.347822943,453860.00695556344
2021-04-23,774474.3422318271,458780.9529761515
2021-04-26,782801.1230609028,459738.6931592837
2021-04-27,782024.436371441,459639.62653718545
2021-04-28,768606.1776956475,459507.56175009994
2021-04-29,773013.2696234854,462435.85136827856
2021-04-30,766060.273490295,459397.3875489677
2021-05-03,760178.2079732256,460388.30621492857
2021-05-04,762139.5587673036,457548.0117033826
2021-05-05,765878.7533593427,457691.0398152289
2021-05-06,766695.4451038516,461345.9742709242
2021-05-07,777988.3608645162,464703.6727967564
2021-05-10,761443.2919720465,460101.9975462579
2021-05-11,758206.758239471,455995.6914698192
2021-05-12,734506.0713851182,446308.0793737965
2021-05-13,744341.0025922983,451669.18124538916
2021-05-14,761780.7530112602,458604.7463814765
2021-05-17,750691.595723252,457437.87356581865
2021-05-18,741883.3688881121,453496.666505021
2021-05-19,744031.5474960345,452307.79491270497
2021-05-20,751442.8956670577,457173.67186451104
2021-05-21,750556.2613424476,456799.40415277606
2021-05-24,757653.7752837519,461456.14847205643
2021-05-25,753099.8624462216,460432.3037682449
2021-05-26,761222.2140356504,461345.9742709242
2021-05-27,767222.1566338878,461588.1411320054
2021-05-28,771246.461658068,462413.924718757
2021-06-01,768040.8038851774,462006.55065132986
2021-06-02,771531.0367427754,462733.12336171
2021-06-03,765952.7637530699,461015.70411250554
2021-06-04,776326.059463722,465232.1122629399
2021-06-07,774579.261566305,464780.6685150599
2021-06-08,768371.4898379301,464879.7351371582
2021-06-09,766555.0598282525,464186.2687824702
2021-06-10,763584.5625198877,466344.02420052065
2021-06-11,772226.6545235428,467114.702654922
2021-06-14,775189.3621846754,468160.51007182343
2021-06-15,767960.7627483307,467301.8004472212
2021-06-16,768230.6914755105,464692.56521772244
2021-06-17,762394.1361772191,464538.5016539787
2021-06-18,745334.1073243904,458271.73539186764
2021-06-21,757113.2178336681,464832.31154485414
2021-06-22,762787.4731144189,467317.41597229167
2021-06-23,763489.175358424,466754.139099138
2021-06-24,772777.3681673841,469515.2740782829
2021-06-25,776784.3934815108,471183.14198465407
2021-06-28,784305.9645749276,472132.9842463303
2021-06-29,782940.480548953,472387.0520849479
2021-06-30,781337.3019230803,472784.58079823124
2021-07-01,784431.4634248173,475402.218839142
2021-07-02,786358.5592630557,479035.9839802499
2021-07-06,777922.9797888878,478163.3898818552
2021-07-07,775197.7311672705,479853.22050131625
2021-07-08,765250.2235961747,475943.53299920587
2021-07-09,779541.4621448508,481024.06030948623
2021-07-12,788976.2029424864,482747.06941177597
2021-07-13,782334.9190295798,481101.34453633614
2021-07-14,778002.3231156741,481819.2980538944
2021-07-15,773752.729529744,480173.53711488633
2021-07-16,763924.2713960789,476407.2744238734
2021-07-19,751525.3532371311,469371.7410764805
2021-07-20,770640.0392622243,476098.0653893373
2021-07-21,786698.7356801586,479952.6838226658
2021-07-22,783377.5735760279,480957.81153453374
2021-07-23,791469.0953117444,485905.94948561396
2021-07-26,790348.5855472775,487098.7159433056
2021-07-27,781360.8909795227,484878.75086995127
2021-07-28,783794.1393854036,484679.8242272523
2021-07-29,787676.0038374859,486690.00752385164
2021-07-30,795460.2373538658,484326.4733851267
2021-08-02,802185.972448403,483310.274157793
2021-08-03,811869.8535247043,487242.21288153966
2021-08-04,815032.3878587281,484845.5723871226
2021-08-05,819836.25939394,487915.9885279402
2021-08-06,823739.8964465333,488722.29778781405
2021-08-09,820525.1335172812,488324.6969473941
2021-08-10,815672.317961453,488932.18775527383
2021-08-11,816454.9601408744,490147.02511676017
2021-08-12,812505.0057199583,491616.00244400057
2021-08-13,813785.4068206807,492510.73957332654
2021-08-16,813196.6384586376,493670.36361175776
2021-08-17,800615.2902385811,490434.16324750154
2021-08-18,789241.4944102624,485066.38961577485
2021-08-19,798207.8199871099,485817.4494890253
2021-08-20,805063.9398453408,489683.13943781937
2021-08-23,818058.5200959254,493990.6080981912
2021-08-24,816450.3448089199,494774.81039070204
2021-08-25,824391.7351860472,495813.11658539873
2021-08-26,819459.9370397159,492886.1973828152
2021-08-27,835501.8292042171,497293.02117383166
2021-08-30,835552.373629028,499480.024145767
2021-08-31,835691.5155838741,498739.92759727733
2021-09-01,831565.3614885702,499005.06695136055
2021-09-02,833820.0439602038,500540.25698998524
2021-09-03,838097.8834506724,500418.6867012727
2021-09-07,828366.7043211763,498629.3927604622
2021-09-08,825342.0658977068,498022.0101432873
2021-09-09,828547.8930115835,495890.4008122486
2021-09-10,826946.4776657517,491980.46086516016
2021-09-13,824974.3920813443,493239.62035207736
2021-09-14,824991.4287736679,490577.8405035771
2021-09-15,832326.50247463,494675.4191964891
2021-09-16,836631.9746756315,493891.2890311149
2021-09-17,828021.47908675,489080.3008302493
2021-09-20,810901.7631258094,480925.246132366
2021-09-21,811704.9554500391,480470.91729902267
2021-09-22,827303.2286556277,485157.88288853184
2021-09-23,840198.9477155339,491052.50918943714
2021-09-24,840464.85202474,491861.41502622806
2021-09-27,836375.9568576697,490454.2506550402
2021-09-28,810636.9539728103,480570.6691289185
2021-09-29,806626.2891097149,481379.46677500446
2021-09-30,798769.122009175,475495.9480531331
2021-10-01,804954.6822527046,481146.78463238414
2021-10-04,785538.3239510229,474941.8673898939
2021-10-05,797583.0646437178,479883.73028009135
2021-10-06,797452.0465330167,481878.1537973471
2021-10-07,805208.7470149077,486044.28933358233
2021-10-08,798044.8175270455,485157.88288853184
2021-10-11,794101.5184561586,481645.4355911584
2021-10-12,790537.6382737866,480459.91791069356
2021-10-13,795745.4514837277,482188.3004846588
2021-10-14,813312.551832828,490299.1051842478
2021-10-15,815553.9275705278,494033.0909816393
2021-10-18,825865.4458935902,495495.64899372373
2021-10-19,831848.2383607695,499318.38723268197
2021-10-20,830099.5203778083,501279.52407640417
2021-10-21,834157.8482714887,502587.00874483277
2021-10-22,836271.1020221645,502066.2508186954
2021-10-25,838100.4223915386,504758.72076381225
2021-10-26,840572.2599507116,505213.01353358733
2021-10-27,835824.5492699761,502974.87242181384
2021-10-28,852448.7838819333,507827.98287044454
2021-10-29,861173.7523146004,508858.39114368526
2021-11-01,860033.5318063023,509733.7621368384
2021-11-02,861013.5733683523,511794.722937593
2021-11-03,863488.0731721559,514919.41474869015
2021-11-04,880392.9036606102,517345.87981408474
2021-11-05,881934.4710589729,519140.8717986854
2021-11-08,893429.1717160414,519584.0930529948
2021-11-09,892954.566026324,517866.5656130855
2021-11-10,876117.534539503,513700.4300768503
2021-11-11,882634.7542866983,513866.71919024497
2021-11-12,892986.7343650691,517744.7428793949
2021-11-15,892008.8587370815,517922.1395718236
2021-11-16,901092.7123015884,519971.88460283936
2021-11-17,889386.4441391306,518708.75812340993
2021-11-18,899703.7824919,520470.46343447705
2021-11-19,906281.2673300138,519539.7348639956
2021-11-22,889691.6350894626,518077.1768519111
2021-11-23,883941.3291812639,518764.07963716995
2021-11-24,888994.2561703543,520149.1009774265
2021-11-26,877135.7006137937,508548.10020210035
2021-11-29,901162.0417315547,514786.26805455587
2021-11-30,884572.7799480889,504769.8283428462
2021-12-01,867831.1199827143,499163.2778254578
2021-12-02,872809.6773834474,506808.5739855329
2021-12-03,859935.7898254661,502398.7208547799
2021-12-06,859135.181313713,508348.74079658184
2021-12-07,897562.1640424726,518863.7593399292
2021-12-08,904382.4007033821,520237.78129185666
2021-12-09,885331.3695062599,516725.4421851882
2021-12-10,888969.0919128783,521589.5520221479
2021-12-13,876024.1197138419,516969.1237161376
2021-12-14,861776.7761389131,513412.318229765
2021-12-15,889349.9619994237,521434.4786784921
2021-12-16,866233.6819446727,516836.2655305497
2021-12-17,865392.7442659675,511335.4533953936
2021-12-20,856054.4847630174,505898.3655854096
2021-12-21,877160.5916238669,514882.5577818957
2021-12-22,890122.8871521985,520030.6682191554
2021-12-23,895729.943038219,523266.47188416036
2021-12-27,918633.3609211618,530671.7289336835
2021-12-28,912265.0972301011,530238.0645249715
2021-12-29,915920.4143915712,530916.2759902719
2021-12-30,913232.8574341388,529448.6690786267
2021-12-31,914730.9993617163,528114.2809882521
2022-01-03,893907.1771984095,531171.9666894627
2022-01-04,889930.0007709147,530994.1372342145
2022-01-05,874859.7420774113,520797.92063456896
2022-01-06,878811.6203067199,520308.7904578237
2022-01-07,865350.6420068525,518251.65239530813
2022-01-10,864476.5698151427,517606.65547640465
2022-01-11,868758.1857561932,522321.2818227938
2022-01-12,869472.0747764148,523733.3508392694
2022-01-13,860498.9899551272,516517.13901473326
2022-01-14,859689.7289574053,516728.3993977881
2022-01-18,839755.1822950477,507577.30500724644
2022-01-19,828776.2517853023,502306.79481920344
2022-01-20,814607.4687530777,496747.2711948679
2022-01-21,802349.73883025,486995.8626465366
2022-01-24,814362.9513761735,489063.96403381304
2022-01-25,797976.5833374225,483092.9190316968
2022-01-26,792263.9487050499,481880.93069210555
2022-01-27,791063.2548510948,479501.5285833321
2022-01-28,806211.5313550299,491410.1155326212
2022-01-31,820779.7158332341,500260.90858999494
2022-02-01,826745.4871332385,503641.0747188731
2022-02-02,843980.7386237611,508533.5305205104
2022-02-03,831518.8225169906,496580.40506438055
2022-02-04,828727.0294448902,498915.4850477231
2022-02-07,824815.5952859953,497314.22655198735
2022-02-08,832356.8480749427,501406.1072011093
2022-02-09,842749.4343204636,508744.754839997
2022-02-10,831414.2313195218,499604.94834633067
2022-02-11,815973.5475700547,489753.28307814745
2022-02-14,809062.3192410057,488152.0967095483
2022-02-15,826520.2498466885,496024.52122272673
2022-02-16,827034.1898505149,496580.40506438055
2022-02-17,809996.5339864938,485972.8113412275
2022-02-18,807356.9397443937,482826.12075347215
2022-02-22,790423.9667940052,477644.7236426789
2022-02-23,773430.544168957,469171.76859030104
2022-02-24,782578.1399188611,476232.4743083618
2022-02-25,798676.4414381818,486739.95556593616
2022-02-28,795219.2840147329,485494.7166163796
2022-03-01,785959.2022785165,478100.4950187539
2022-03-02,807075.9311334428,486895.64199025295
2022-03-03,811471.7079501806,484471.7013746388
2022-03-04,810402.9777583439,480535.54321340204
2022-03-07,792587.440229597,466369.7735882812
2022-03-08,779928.8796907753,462833.8489079497
2022-03-09,801597.7692725451,475242.88999442774
2022-03-10,798276.4825230353,473096.85523607215
2022-03-11,792298.5141140115,467081.3077906835
2022-03-14,786429.0928615635,463667.85498827184
2022-03-15,808059.8250999579,473864.0715879174
2022-03-16,827569.2919060228,484371.66103619663
2022-03-17,832949.8605909466,490431.5666705845
2022-03-18,847174.4096055836,495803.1991041184
2022-03-21,845352.8956754453,495658.18749601603
2022-03-22,846886.2095262095,501458.11086658644
2022-03-23,838863.7367854279,495000.09950182255
2022-03-24,856030.2133242704,502461.94028999587
2022-03-25,861148.4430903055,504915.7054765876
2022-03-28,857703.9241389177,508507.0959249523
2022-03-29,863146.7193060948,514797.84445997764
2022-03-30,852425.4297849709,511619.1654871472
2022-03-31,835348.7330728574,503744.64928700787
2022-04-01,824665.3446316387,505172.3338285539
2022-04-04,830589.3416077242,509499.88989646436
2022-04-05,820678.0317784223,503064.23794404155
2022-04-06,825366.938399687,498033.9111208237
2022-04-07,837954.1030753464,500543.4666475632
2022-04-08,851207.4046303714,499205.0755011083
2022-04-11,831769.0180420184,490672.47130677546
2022-04-12,831288.784186275,488854.3986384679
2022-04-13,842383.7422726277,494453.5561243564
2022-04-14,835304.4807145285,488296.74768196774
2022-04-18,841350.044068091,488497.4775030814
2022-04-19,835830.8517934926,496383.2455365279
2022-04-20,844266.114482909,496015.10863140255
2022-04-21,821556.2884576599,488597.9145407747
2022-04-22,795371.9897613986,475191.2109010652
2022-04-25,792407.4141072504,477946.17901003215
2022-04-26,781387.033522264,464104.40448244725
2022-04-27,792998.2775995454,465409.32863752707
2022-04-28,793615.6199378308,477165.4388200774
2022-04-29,765831.9087530421,459531.47189587756
2022-05-02,766117.9756912623,462297.5475838785
2022-05-03,792456.3010430761,464416.78711099306
2022-05-04,816485.3408075985,478559.5842431118
2022-05-05,792668.2367210633,461550.31044886704
2022-05-06,799737.4301371782,458795.34233990003
2022-05-09,757143.4860074694,444105.9297031785
2022-05-10,765466.5775808009,445132.0824753608
2022-05-11,761327.9896806496,438060.629813949
2022-05-12,766886.2693076483,437603.34376800567
2022-05-13,788234.3605682101,448065.4570566686
2022-05-16,793060.6472359527,446247.3483247927
2022-05-17,805599.5575183507,455426.93293428514
2022-05-18,780779.7129376484,437067.8719060052
2022-05-19,779123.124905691,434390.9453588222
2022-05-20,779797.8974707961,434580.60366447014
2022-05-23,797995.5175109392,442711.7482165758
2022-05-24,800429.1286339493,439332.231231927
2022-05-25,815811.9606640938,443213.53670579154
2022-05-26,830572.2316113681,452069.6311077042
2022-05-27,847898.011055377,463167.54510535614
2022-05-31,835483.2655560768,460568.6601199572
2022-06-01,834615.6992551078,456843.4377696606
2022-06-02,839634.719534559,465543.30479373207
2022-06-03,836750.0174458531,457902.9854060813
2022-06-06,840728.460522686,459297.16689268406
2022-06-07,849114.5496023721,463702.94484022004
2022-06-08,840732.0244932605,458661.40224726335
2022-06-09,823648.9990575248,447753.11049169104
2022-06-10,805313.2171021067,434770.2619701181
2022-06-13,773992.819855256,418262.8487922256
2022-06-14,770860.3717311299,417002.4270804181
2022-06-15,772525.3130741512,422947.3981226592
2022-06-16,738794.4710460855,408949.5404715062
2022-06-17,720135.4344487737,409831.0783348373
2022-06-21,743669.439667971,420148.071824693
2022-06-22,736358.5266347051,419386.2650080915
2022-06-23,728404.5306989156,423497.40360268136
2022-06-24,741207.6662417647,436962.025333068
2022-06-27,750866.8245914787,435292.9673289432
2022-06-28,750624.0959620425,426398.68160820927
2022-06-29,738105.7938119434,426051.38944555674
2022-06-30,734591.7669250384,422590.04422445316
2022-07-01,736479.335945425,427059.5825607295
2022-07-05,724181.0193446296,427866.0721384448
2022-07-06,727259.4558332724,429311.06719277106
2022-07-07,742413.468968998,435741.0932285403
2022-07-08,743916.800456762,435382.6213597172
2022-07-11,735768.9349295998,430408.9504022862
2022-07-12,727613.6802364365,426600.24089139357
2022-07-13,725903.5918595181,424359.93596552254
2022-07-14,716809.2832701529,423329.3113108721
2022-07-15,725931.4360227895,431417.03532675415
2022-07-18,714881.2532042515,427854.856368706
2022-07-19,733973.4122397373,439415.213502567
2022-07-20,736039.5963744811,442215.69383471855
2022-07-21,733248.3011379855,446718.8434166431
2022-07-22,719951.3880639285,442574.1657035416
2022-07-25,729165.8103428108,443111.8374432079
2022-07-26,725693.1941943738,437869.3847112962
2022-07-27,744647.7846287508,449239.2540774385
2022-07-28,736932.4919042863,454873.82598738984
2022-07-29,744702.5499263552,461505.26705207024
2022-08-01,736359.3135912535,460138.60206807434
2022-08-02,734984.3068437645,457102.9872706586
2022-08-03,738201.4170823538,464260.8843052665
2022-08-04,730871.1360152294,463947.2755153987
2022-08-05,731456.2820727037,463163.1092864562
2022-08-08,735634.5485987031,462625.4014832216
2022-08-09,734808.7327205022,460788.3233144241
2022-08-10,745583.5300003533,470466.73920053226
2022-08-11,748193.9207733803,470466.73920053226
2022-08-12,758924.0740111873,478431.2340035604
2022-08-15,760829.3026959822,480402.8292820872
2022-08-16,762806.1086908267,481343.8359695319
2022-08-17,757536.8619988835,477927.137445974
2022-08-18,760736.9134788138,479316.2700330158
2022-08-19,754629.2688319348,472875.1724817809
2022-08-22,745891.6219405783,463028.736431
2022-08-23,744031.6111780298,461908.52987271204
2022-08-24,746458.9007589987,463387.24436339136
2022-08-25,754182.550504154,469929.067460866
2022-08-26,732883.2606931999,454022.4372671509
2022-08-29,735326.2616308082,451020.32552467845
2022-08-30,724876.578665608,446069.12217029335
2022-08-31,722820.8300111579,442674.96337691793
2022-09-01,727577.3112177561,444063.9517096866
2022-09-02,721068.6449546185,439381.5301297822
2022-09-06,717085.5720492582,437723.76002253284
2022-09-07,726981.3637123543,445587.4571521846
2022-09-08,743895.3156540728,448499.9869910196
2022-09-09,754391.1901391798,455467.50444861373
2022-09-12,760448.3332765445,460362.66501787293
2022-09-13,734690.5555350312,440344.896229568
2022-09-14,744032.3663822878,442025.2421305682
2022-09-15,733004.538644829,437006.7802213184
2022-09-16,724238.1432061432,433672.9557776956
2022-09-19,725300.6319951003,437035.9556480667
2022-09-20,717482.6336579644,432019.4411715047
2022-09-21,705105.6403063191,424483.4176233546
2022-09-22,702333.6670510041,420917.848689887
2022-09-23,688049.94967707,413865.50971966994
2022-09-26,681140.3349752149,409771.1767479042
2022-09-27,683569.9788648108,408725.2250767296
2022-09-28,702765.8071592818,416767.4368694271
2022-09-29,694019.0196682983,408061.43903874594
2022-09-30,687145.7657591526,401751.5046853893
2022-10-03,713699.0699339408,412358.19681933505
2022-10-04,732554.0947343119,425135.8436373262
2022-10-05,732875.4529550194,424145.9347512775
2022-10-06,729361.2030551629,419770.5583918117
2022-10-07,717671.363760949,408061.43903874594
2022-10-10,714505.6982847954,404945.7991832901
2022-10-11,713889.4886989621,402381.3188420418
2022-10-12,716490.119603809,401054.03527462087
2022-10-13,734502.2608077496,411638.36799622554
2022-10-14,715634.3467505014,402257.58473923174
2022-10-17,727794.0247607972,412594.413191648
2022-10-18,733379.8154006667,417442.2222957398
2022-10-19,726080.4460518584,414484.07204301533
2022-10-20,717327.7720600032,411008.4817124364
2022-10-21,727681.5858744346,420996.5754594685
2022-10-24,742999.9665708003,426148.07587214775
2022-10-25,753381.7589320278,432953.0908910178
2022-10-26,750915.9801159113,429691.21326613764
2022-10-27,751563.0272357125,427396.5966064188
2022-10-28,766287.427674873,437564.68362279655
2022-10-31,769499.6087301531,434404.1085612488
2022-11-01,780107.3107944517,432503.1257494378
2022-11-02,763708.0107020625,421649.0014734402
2022-11-03,764683.6140360425,417307.34455032746
2022-11-04,773116.2982409286,423313.62365866505
2022-11-07,778701.6749879485,427362.913233634
2022-11-08,776525.9526111917,429668.67353595514
2022-11-09,758038.293916466,420816.65431725944
2022-11-10,783182.9179849562,443942.1650395643
2022-11-11,788355.9656030248,448238.9588837217
2022-11-14,788145.1309979341,444425.95780820225
2022-11-15,791013.7633819382,448216.4191535391
2022-11-16,783864.8561073021,444797.12405306415
2022-11-17,785290.2951179681,443436.1210492901
2022-11-18,784411.0071807926,445449.44187633094
2022-11-21,781737.5784374633,443829.64670649305
2022-11-22,792910.3670868096,449802.27850561414
2022-11-23,792989.3529998786,452636.87497337
2022-11-25,793869.7055989042,452535.6445371742
2022-11-28,787313.542910237,445314.52806735033
2022-11-29,791078.3636195108,444549.61978387577
2022-11-30,807115.6362183143,458553.1754788189
2022-12-01,807556.3838184085,458215.83686101495
2022-12-02,806896.729858101,457687.21707698994
2022-12-05,788635.0425903294,449453.7241180714
2022-12-06,773954.5175972345,442974.904074403
2022-12-07,773185.1531743752,442221.2476242355
2022-12-08,778141.5305820472,445685.6221850756
2022-12-09,770036.7799895434,442356.3417510576
2022-12-12,779825.6434779878,448733.89529496187
2022-12-13,776533.9218761481,452130.72279239097
2022-12-14,777070.0956120836,449239.9753488044
2022-12-15,766405.7225500254,438250.7569459847
2022-12-16,756422.3765078189,433076.716803123
2022-12-19,752044.8042673308,429404.4357710792
2022-12-20,757506.470070899,429991.9834256934
2022-12-21,766148.2518620698,436421.43244437
2022-12-22,758043.5172008981,430195.45407799724
2022-12-23,764729.7067549378,432670.02794349345
2022-12-27,764844.4470627431,430963.7884004595
2022-12-28,756374.377910724,425607.87968270096
2022-12-29,765388.2873265303,433268.7913678465
2022-12-30,762444.0886790787,432127.6318763809
2023-01-03,755198.1230778459,430308.36911031965
2023-01-04,762383.2200222556,433630.54502138414
2023-01-05,760488.9278065787,428681.21697255026
2023-01-06,779630.1297922793,438511.82111685094
2023-01-09,773350.6616849741,438263.1988770455
2023-01-10,785922.2653776635,441336.6804211679
2023-01-11,791340.3142070217,446918.6355849811
2023-01-12,790642.8017392919,448545.8237863188
2023-01-13,797141.2772636991,450285.96308354725
2023-01-17,792873.1190877052,449461.11714957125
2023-01-18,790101.082399706,442364.9970074477
2023-01-19,781255.3958679519,439144.5924861034
2023-01-20,793978.596631946,447325.4326353155
2023-01-23,802627.3618437556,452692.7013770861
2023-01-24,802635.7395068643,452206.8890486238
2023-01-25,807339.6602954363,452376.38781959645
2023-01-26,818673.0739826035,457348.147407908
2023-01-27,810831.9879684504,458398.967660802
2023-01-30,804185.2437459861,452647.5497895844
2023-01-31,810361.6730115284,459302.93706361076
2023-02-01,817181.1287966626,464184.3574133507
2023-02-02,818359.215194004,470941.5160770973
2023-02-03,817361.3073833426,465935.82067102287
2023-02-06,810831.9651133866,463088.24131868186
2023-02-07,813878.4982673754,469144.8651683552
2023-02-08,808185.041162054,464014.82257880975
2023-02-09,798520.7258139673,459992.2200443769
2023-02-10,805415.7339814446,461065.6882181583
2023-02-13,817624.2869769498,466478.14461099886
2023-02-14,820006.493738734,466263.4581889562
2023-02-15,819820.6130989004,467777.58710369834
2023-02-16,809239.2956396374,461336.9583788512
2023-02-17,804157.7295245554,460184.2946091004
2023-02-21,785796.2590634989,450952.59814342594
2023-02-22,783122.4261417106,450331.1146710489
2023-02-23,777999.2838210469,452726.6371948489
2023-02-24,767391.1565980264,447890.5126868838
2023-02-27,774484.7561732028,449415.9294985013
2023-02-28,773683.8577249367,447754.84154296905
2023-03-01,772132.111866684,446037.31410305976
2023-03-02,782494.7724674924,449506.19660993636
2023-03-03,793366.8928759805,456715.41210222384
2023-03-06,787670.7709449544,457031.76172328176
2023-03-07,777676.6110852242,450026.01688329806
2023-03-08,778159.7567173585,450760.48751513415
2023-03-09,761314.3055309776,442444.08441271214
2023-03-10,748486.4732078516,436059.8591086738
2023-03-13,744973.2060915278,435438.37563629675
2023-03-14,750751.3425738845,442636.15897743567
2023-03-15,730428.719365312,439867.73915749573
2023-03-16,741386.0305864539,447585.3427719964
2023-03-17,728504.5773434677,442351.8338050211
2023-03-20,741461.4961453284,446605.3874307963
2023-03-21,749844.7070880266,452469.50395292655
2023-03-22,733915.5440069984,444756.480411599
2023-03-23,745601.7681563495,445958.83977845625
2023-03-24,754804.4469823118,448885.1819639471
2023-03-27,758936.0388285811,449724.59757951304
2023-03-28,757940.5034869995,448715.10617588175
2023-03-29,764027.757140574,455237.0943107957
2023-03-30,767276.2535475472,457902.6247703984
2023-03-31,782166.3315712025,464356.5970155136
2023-04-03,792713.192959201,466126.09205733176
2023-04-04,775963.7393861755,463539.9735751082
2023-04-05,776422.4427150395,462326.32631137554
2023-04-06,768364.3925851563,464129.7571709565
2023-04-10,778362.9263734532,464606.12084452633
2023-04-11,785659.9257185071,464730.9007908169
2023-04-12,782259.2427963212,462836.66186627647
2023-04-13,786661.0616827274,468984.3822894555
2023-04-14,790020.0509426707,467838.75091552164
2023-04-17,793163.8691820478,469517.510019517
2023-04-18,799052.4824440335,469823.79790502146
2023-04-19,794632.9238546258,469744.38592764235
2023-04-20,796618.7004576618,467180.9514298745
2023-04-21,794347.6013064048,467543.8951811658
2023-04-24,799090.4723440666,468031.546751611
2023-04-25,785227.157783736,460602.1992384688
2023-04-26,787863.0147176054,458651.2683845733
2023-04-27,799052.2815467912,467782.05898616655
2023-04-28,808947.231644957,471774.6926953487
2023-05-01,807279.627777976,471298.3290217789
2023-05-02,797141.5469612132,466001.27604747296
2023-05-03,786554.545882855,462802.6539213771
2023-05-04,774895.9831583891,459524.65588147036
2023-05-05,786053.5531660017,468031.546751611
2023-05-08,790109.2694874872,468156.3988250381
2023-05-09,791613.352524987,466103.33594573947
2023-05-10,791615.901558005,468281.17877132865
2023-05-11,790658.9999727389,467464.519267355
2023-05-12,792934.0927739862,466851.94349634607
2023-05-15,796448.3211418372,468462.6867105426
2023-05-16,787222.5191371695,465332.1165378138
2023-05-17,795334.068396497,470980.7893029673
2023-05-18,812057.0613267381,475517.8025755181
2023-05-19,811903.3348995515,474825.88695426664
2023-05-22,808655.2836164143,475018.75491749257
2023-05-23,794758.0023116767,469687.69399828726
2023-05-24,793140.8669004653,466284.8078213851
2023-05-25,793438.1789145517,470322.80949947867
2023-05-26,792973.5676726794,476413.8740568709
2023-05-30,788148.2454990152,476595.3819960848
2023-05-31,777625.5585734847,473952.46339380124
2023-06-01,780987.0256197362,478455.50478502095
2023-06-02,797498.7999085771,485374.5167432622
2023-06-05,798478.8435632536,484444.43731701
2023-06-06,804487.7354777514,485499.26062598446
2023-06-07,807506.5340472071,483820.60971269396
2023-06-08,806823.9262323963,486747.0240253214
2023-06-09,804845.0958691819,487620.3393950819
2023-06-12,809341.4931411439,492043.96880892245
2023-06-13,817782.3149705438,495288.0310310663
2023-06-14,809953.2241282964,495877.77856334636
2023-06-15,820545.7722156293,502025.571113662
2023-06-16,817101.9260334795,500315.5448959574
2023-06-20,812997.6155429073,497719.7974409999
2023-06-21,820744.4790941642,495169.6703999318
2023-06-22,817836.1656789525,496957.01690805453
2023-06-23,813968.4829948624,493200.058617661
2023-06-26,817097.0860689369,491184.9706757739
2023-06-27,830323.1172987504,496569.9826931442
2023-06-28,833007.2132135078,496820.4802385008
2023-06-29,839528.2460952841,498778.58774248644
2023-06-30,848037.7318324189,504664.5227234334
2023-07-03,846357.2674989803,505245.14617293555
2023-07-05,841377.6212476928,504493.7617275705
2023-07-06,827980.2512807416,500543.2502661535
2023-07-07,832018.8344696127,499279.5107060631
2023-07-10,844871.5243404077,500543.2502661535
2023-07-11,851365.4184534836,503730.98119462514
2023-07-12,856250.0717249255,507783.87712642335
2023-07-13,855655.9769957913,511814.1972644707
2023-07-14,849339.9763909342,511495.3953207689
2023-07-17,855216.6214481462,513271.4178684479
2023-07-18,869783.7877704641,517085.3205331746
2023-07-19,866431.9686047587,518235.20740816696
2023-07-20,850932.019761727,514796.9428707703
2023-07-21,846276.4588219572,514796.9428707703
2023-07-24,848485.8195330631,517096.68055718666
2023-07-25,860100.9157351403,518508.4610651159
2023-07-26,866002.6317095805,518588.12548747304
2023-07-27,848048.3579966595,515149.8970136447
2023-07-28,857849.541959763,520193.35097572085
2023-07-31,865585.0961973605,521183.8368788623
2023-08-01,866505.0484213007,519692.39194857585
2023-08-02,855605.3707170704,512463.125112318
2023-08-03,860178.5091851405,510994.4362936239
2023-08-04,858209.6114141857,508683.3385831956
2023-08-07,866541.5527321824,513123.37692060904
2023-08-08,864713.2262026292,510891.97969610617
2023-08-09,867218.3992089604,507476.5433974384
2023-08-10,858088.8203326772,507658.7365444499
2023-08-11,858472.3054994296,507362.72677590867
2023-08-14,865365.6668931744,510163.3152987651
2023-08-15,857935.8162216353,504220.58019775816
2023-08-16,854565.2061349989,500520.4941545612
2023-08-17,846966.4712575888,496706.62755340274
2023-08-18,849906.5501575118,496945.65688404255
2023-08-21,853805.9075153988,500178.8279085622
2023-08-22,853001.7889189917,498824.1720928076
2023-08-23,855828.9400975454,504379.9090424725
2023-08-24,843410.4088915763,497389.5633461495
2023-08-25,847239.962441513,500896.096218323
2023-08-28,852184.9654368099,504072.46712278266
2023-08-29,865537.0564666722,511358.75046051026
2023-08-30,871888.2225750262,513464.9710394714
2023-08-31,871884.6118721184,512713.62265767466
2023-09-01,880742.5669986209,513669.9202980752
2023-09-05,872612.2367076627,511449.8830975843
2023-09-06,871942.6650862084,508011.7267508926
2023-09-07,869588.7608298094,506451.9413586927
2023-09-08,870241.0717873626,507214.68582806975
2023-09-11,865368.8186834967,510550.49376794865
2023-09-12,864095.815338173,507749.7609908191
2023-09-13,854799.9462581509,508341.8887186064
2023-09-14,861094.6843794982,512724.9466181183
2023-09-15,844895.7640697801,506547.43768753007
2023-09-18,846598.9278282386,506844.56542668835
2023-09-19,845979.9789084061,505793.4206016797
2023-09-20,837074.5779722236,501143.4922968065
2023-09-21,819889.3409379154,492860.44799505465
2023-09-22,820271.4485584348,491752.21454143967
2023-09-25,827286.5561589902,493820.09954730637
2023-09-26,818669.5205124906,486565.335768266
2023-09-27,827616.287358713,486759.53808351874
2023-09-28,836089.5361722006,489581.4041116675
2023-09-29,831951.4374756748,488393.2537907173
2023-10-02,822396.638361596,488199.0154118963
2023-10-03,815814.7100700397,481663.9722652605
2023-10-04,808791.9364986579,485171.4427902096
2023-10-05,810657.9217419742,484988.5644354006
2023-10-06,819717.0092481661,490746.7983210254
2023-10-09,841464.544134587,493888.69245419785
2023-10-10,843346.2200225082,496459.2675384875
2023-10-11,845090.5361176543,498492.85609090846
2023-10-12,844067.7880441389,495453.8873816415
2023-10-13,852867.0895941372,492986.0574034159
2023-10-16,861215.7691745058,498172.9722401579
2023-10-17,867710.0302162727,498150.144001429
2023-10-18,866711.3520712482,491512.1754308877
2023-10-19,853892.4688814073,487193.59919148195
2023-10-20,843372.9278144959,481206.97472786356
2023-10-23,836858.0225821004,480372.9325839731
2023-10-24,837908.0787355704,483994.61642970314
2023-10-25,833737.4499508142,477048.3043502648
2023-10-26,839576.0102772859,471335.8351328026
2023-10-27,836878.8513481729,469199.32115647616
2023-10-30,835297.9411237785,474808.9731407377
2023-10-31,845538.0842984531,477790.92534853483
2023-11-01,857463.9628238818,482886.3469125199
2023-11-02,875678.8763434781,492140.65523551346
2023-11-03,876971.4449948596,496630.6416150114
2023-11-06,866802.5104921662,497773.09939493553
2023-11-07,859294.2757657189,499189.7845481525
2023-11-08,851782.1803259148,499555.43306706566
2023-11-09,849585.2427561681,495659.5579116111
2023-11-10,861649.6813644677,503394.21959391393
2023-11-13,864473.9122392387,502914.2856270832
2023-11-14,879112.31104353,512671.2840284998
2023-11-15,880292.578666326,513756.6531798176
2023-11-16,869148.0464392942,514385.02479373844
2023-11-17,878004.1724294419,515024.82855880784
2023-11-20,882291.9581149876,518989.26055758557
2023-11-21,877775.666007454,517858.16280167346
2023-11-22,882725.2590033233,519857.49096421694
2023-11-24,884733.7625098596,520177.4469421041
2023-11-27,881641.8514804046,519240.587565013
2023-11-28,877307.7039478223,519754.63766744797
2023-11-29,875416.9598706347,519389.09733923967
2023-11-30,880179.4345273165,521434.15410637745
2023-12-01,886657.2116209967,524518.887483807
2023-12-04,879494.1347625847,521765.5061718449
2023-12-05,869307.4201113387,521662.7250022125
2023-12-06,857930.6512891604,519560.4353521952
2023-12-07,859535.2248856397,523524.9034145413
2023-12-08,864519.9751613104,525775.7389023536
2023-12-11,873419.1958141881,527820.6874787865
2023-12-12,868201.4339291863,530231.4288284058
2023-12-13,880661.3461523603,537543.353363189
2023-12-14,899385.1902027732,539268.5262795762
2023-12-15,893190.7832850816,538380.6412282258
2023-12-18,900623.3616276154,541409.0433119831
2023-12-19,907943.6091588284,544701.2503977969
2023-12-20,896560.947422063,537153.2537449738
2023-12-21,904408.6357476627,542246.4393677247
2023-12-22,903103.5280071329,543336.2443379425
2023-12-26,910411.5213242128,545630.4282348418
2023-12-27,907686.4874905006,546616.9832090394
2023-12-28,899479.6693943063,546823.4471375115
2023-12-29,898348.2245738679,545240.4007437632
2024-01-02,894772.430541216,542189.0982941404
2024-01-03,897624.4295336065,537761.1412521048
2024-01-04,887526.7869361619,536029.0080670372
2024-01-05,886476.057905231,536763.1901903269
2024-01-08,900064.8310700698,544425.9771810236
2024-01-09,891848.6579359404,543600.0854035672
2024-01-10,894627.7072819758,546674.360346192
2024-01-11,899677.9484011576,546433.4917735694
2024-01-12,902727.4272322722,546812.0149863629
2024-01-16,901141.5790835359,544804.5003938171
2024-01-17,899853.243864422,541776.134373628
2024-01-18,908973.5037614888,546594.0107160374
2024-01-19,923110.6144911334,553408.0055634121
2024-01-22,934431.5801298287,554578.0159095115
2024-01-23,922325.4766616343,556195.4669474103
2024-01-24,926541.9249354709,556803.4265816777
2024-01-25,936512.4378028307,559831.8647290035
2024-01-26,935851.7464871155,559120.6911622841
2024-01-29,944774.0817095933,563548.5400136148
2024-01-30,957463.7116828237,563112.6757272369
2024-01-31,944372.5146713526,553924.1473528082
2024-02-01,954337.4482311807,561174.0064865607
2024-02-02,957086.3822038113,567081.6877991878
2024-02-05,958234.9739503697,565016.9042601943
2024-02-06,951470.2681379723,566657.2917275268
2024-02-07,971159.5759015818,571383.4223522012
2024-02-08,970806.9888644133,571635.795203109
2024-02-09,977850.1719768443,574939.5786943446
2024-02-12,986577.1324572443,574687.1337163001
2024-02-13,974168.356650031,566771.901747559
2024-02-14,990822.3401749254,571922.6087617357
2024-02-15,999644.0062781735,575868.7204678212
2024-02-16,995774.1667945612,573000.8733901001
2024-02-20,985840.6718060003,569846.3209444571
2024-02-21,990618.1000759462,570362.5348609895
2024-02-22,1007188.6342390428,582166.4292715269
2024-02-23,1010896.7151066111,582567.9249773223
2024-02-26,1020883.8587909723,580434.2239593227
2024-02-27,1024296.0762147612,581512.5246512552
2024-02-28,1024513.4562157043,580743.9378838149
2024-02-29,1033743.321383924,582831.6939158104
2024-03-01,1048714.928359784,588303.5109420597
2024-03-04,1046977.2935199908,587672.5427512219
2024-03-05,1040440.0722042888,581799.3021463137
2024-03-06,1046523.5973096695,584747.4627906212
2024-03-07,1056595.3773056336,590551.9301707965
2024-03-08,1046665.024723236,587007.2781069382
2024-03-11,1038918.3568884786,586502.4963415543
2024-03-12,1051838.2838719357,592811.81761425
2024-03-13,1061133.5943368103,591882.6037136369
2024-03-14,1055140.3964651914,590712.4491132644
2024-03-15,1060717.4023442578,586656.3435238883
2024-03-18,1065099.0035505595,590142.9332427962
2024-03-19,1076321.8244715075,593422.3738254346
2024-03-20,1091819.396963431,598911.1767923494
2024-03-21,1108214.2981263788,600890.4536109224
2024-03-22,1107310.8580207324,599751.2054885763
2024-03-25,1103923.1164030433,598094.1927162611
2024-03-26,1100482.1061315995,596989.5656194753
2024-03-27,1108498.4591283281,602006.5128588568
2024-03-28,1113974.4883461294,601891.4700760052
2024-04-01,1110906.0587472154,600844.4004342136
2024-04-02,1107900.515285814,597024.1145178991
2024-04-03,1115399.2964596685,597679.8944437219
2024-04-04,1096138.412699749,590384.5952139213
2024-04-05,1116230.3524110408,596552.2227267976
2024-04-08,1113437.800494314,596885.9549877723
2024-04-09,1105983.9411104047,597576.3920027238
2024-04-10,1097426.44001676,591592.7247517053
2024-04-11,1110169.7360317886,596057.5387605353
2024-04-12,1093662.6236219953,587830.1044810899
2024-04-15,1080374.8387631706,580465.6713908734
2024-04-16,1083258.6757950564,579406.9892800917
2024-04-17,1068072.974774839,575977.9570161778
2024-04-18,1062255.1421424004,574792.7278442594
2024-04-19,1037293.2751442071,569775.7806048777
2024-04-22,1048490.4627408155,575022.8855370992
2024-04-23,1066418.6703361515,581846.4372300714
2024-04-24,1057223.1493658982,581570.2263605226
2024-04-25,1072923.0448833609,579360.9361033827
2024-04-26,1087934.7024312213,584849.7751338658
2024-04-29,1092128.7010268997,586920.9779880154
2024-04-30,1066793.9991623263,577623.4294466396
2024-05-01,1053659.1523546225,575747.8353869062
2024-05-02,1067804.0880618999,581132.9916585496
2024-05-03,1089159.9563479228,588336.3648527738
2024-05-06,1103788.4628074702,594411.9581393687
2024-05-07,1104220.2622331793,595067.9905101695
2024-05-08,1103008.4778303339,595125.4037108904
2024-05-09,1110035.2339280501,598554.3638476678
2024-05-10,1110249.1382747798,599325.5471920251
2024-05-13,1105013.0265510106,599405.9689493164
2024-05-14,1108206.444517129,602156.1766672689
2024-05-15,1126513.3516941275,609612.7161109033
2024-05-16,1116388.2641333623,608358.2809514323
2024-05-17,1117213.2237675164,609232.8224825148
2024-05-20,1123103.2658052181,609934.7637757513
2024-05-21,1130152.2700388085,611430.680588506
2024-05-22,1117593.5945206245,609670.1293116242
2024-05-23,1124495.464638066,605216.8556446476
2024-05-24,1137235.367077271,609221.2821406613
2024-05-28,1143597.2814227592,609647.1207550539
2024-05-29,1135533.0865127647,605378.1319220497
2024-05-30,1137164.54585726,601362.201147751
2024-05-31,1138101.4334411067,606839.427709244
2024-06-03,1133295.0516625182,607334.2198662111
2024-06-04,1126272.1983152959,608013.2247300139
2024-06-05,1152350.3752145148,615239.3540358304
2024-06-06,1150935.2477403923,615227.9579482501
2024-06-07,1142000.9050910443,614480.0716690094
2024-06-10,1152126.668343452,616378.6021581765
2024-06-11,1149310.8289529644,617863.1228833508
2024-06-12,1169580.498635337,622937.5554505899
2024-06-13,1176949.5029103744,624191.8463557877
2024-06-14,1175747.0670571856,624571.6678570396
2024-06-17,1193448.359554161,629542.5979832805
2024-06-18,1204282.2034147864,631141.9451098967
2024-06-20,1187206.8912248432,629427.4830732922
2024-06-21,1184114.8855345242,628583.595575258
2024-06-24,1171100.9977545526,626540.3059229666
2024-06-25,1180544.1058710166,628953.1028959785
2024-06-26,1180531.6498920822,629738.13465056
2024-06-27,1176160.1193924258,630730.8204313673
2024-06-28,1181164.604669032,628248.8535343711
2024-07-01,1170130.4990403114,629541.8767119147
2024-07-02,1171179.6778354,633778.408333456
2024-07-03,1179663.6349981823,636606.8018674656
2024-07-05,1172797.420973023,640277.7124839143
2024-07-08,1171272.8105971573,641016.6549982186
2024-07-09,1172984.5028405963,641639.9777125785
2024-07-10,1182726.1755013755,647989.1852918053
2024-07-11,1171816.9340842643,642401.7124020434
2024-07-12,1172290.2688878493,646453.8149353391
2024-07-15,1181187.444318698,648231.6045978646
2024-07-16,1186198.2548822796,652075.6924692517
2024-07-17,1155836.7332414498,642932.7845087122
2024-07-18,1156996.550765926,637991.931398427
2024-07-19,1140651.1664617313,633755.2555226125
2024-07-22,1157587.675695347,640289.2528257677
2024-07-23,1142897.3260281968,639285.026703107
2024-07-24,1114209.2864837318,624797.1372860016
2024-07-25,1110278.3789737457,621541.8232305506
2024-07-26,1117173.7727144528,628502.8853094204
2024-07-29,1110359.9271855466,628872.2483758677
2024-07-30,1102241.9563434953,625685.9599901277
2024-07-31,1132633.9179223378,635856.3190113079
2024-08-01,1096693.5933522359,626851.9672801465
2024-08-02,1063780.7690950516,615181.0031823338
2024-08-05,1045142.497870682,597264.7306455438
2024-08-06,1065440.2066583466,602771.2047609217
2024-08-07,1059965.9620734244,598742.327165606
2024-08-08,1092740.717272059,612583.7049939397
2024-08-09,1095840.6416645376,615284.9383861516
2024-08-12,1106836.147886658,615608.2122123216
2024-08-13,1107521.7747837158,625732.1934846782
2024-08-14,1114176.4578979062,627706.2410858489
2024-08-15,1138095.9375285797,638465.229668692
2024-08-16,1137989.1041655778,639896.6648213404
2024-08-19,1153518.481233739,646015.1376906346
2024-08-20,1140346.3423918602,644964.5338191503
2024-08-21,1146667.291023752,647181.0007263803
2024-08-22,1138879.4399635603,642101.6635138534
2024-08-23,1157349.289435051,648924.2414904818
2024-08-26,1159339.5880705938,647377.2586650256
2024-08-27,1160396.6962320455,648266.2256234249
2024-08-28,1152932.5207111381,644502.920145012
2024-08-29,1154599.2982709608,644560.5497271427
2024-08-30,1161501.6261462902,650713.5714948606
2024-09-03,1111201.6080634843,637322.5194437898
2024-09-04,1100586.5883701749,636018.1001786661
2024-09-05,1098907.7725190183,634471.1173532099
2024-09-06,1077886.5407388022,623792.7669090678
2024-09-09,1088121.8048828114,630776.9817987811
2024-09-10,1080749.6583661672,633524.4486855433
2024-09-11,1092714.0148544621,640023.7528360016
2024-09-12,1100129.1940844643,645414.8956599815
2024-09-13,1108034.7376623626,648785.6852611037
2024-09-16,1115825.1013478949,649743.8221434872
2024-09-17,1129561.5599056545,650009.3221332533
2024-09-18,1119965.9490870268,648081.508026633
2024-09-19,1143313.9548249359,659140.6176248026
2024-09-20,1139397.1696526597,658001.2252481834
2024-09-23,1147717.960604558,658011.4673015783
2024-09-24,1154860.1258381347,659894.27407497
2024-09-25,1144812.001709978,658438.8205858392
2024-09-26,1134125.8177043218,661049.4622945014
2024-09-27,1133601.6275319997,660090.6762678886
2024-09-30,1138806.0049015123,662735.8668749746
2024-10-01,1136713.4743919105,656798.865881326
2024-10-02,1147997.6147822072,657075.9062129457
2024-10-03,1157286.683405588,655874.7008802737
2024-10-04,1167429.175679746,661834.8546847658
2024-10-07,1158789.2579184978,655851.5480694303
2024-10-08,1160632.6224841448,662054.3375613913
2024-10-09,1169034.145393848,666639.8923968632
2024-10-10,1162769.0941020728,665473.235962615
2024-10-11,1178150.7745924806,669458.3323860242
2024-10-14,1186390.9263917936,674933.3590698513
2024-10-15,1190379.8872187336,669689.4277316397
2024-10-16,1200138.174441896,672600.1904556283
2024-10-17,1203127.183188817,672657.8921648957
2024-10-18,1221390.8806257902,675245.2368084411
2024-10-21,1208070.4721617834,674136.4263377335
2024-10-22,1202391.7885435957,673778.3872317299
2024-10-23,1201044.6216918956,667621.8312343194
2024-10-24,1206301.7474893741,669065.528000187
2024-10-25,1193568.6561229408,668834.5047817081
2024-10-28,1204712.6804772161,670902.173406165
2024-10-29,1196566.265022227,671988.0474474389
2024-10-30,1200882.1228216684,669954.9998485424
2024-10-31,1217956.0339868746,656821.9465650329
2024-11-01,1197917.4960898582,659593.8645510973
2024-11-04,1201471.8438654158,658173.2484689364
2024-11-05,1221190.051645319,666131.756719628
2024-11-06,1259220.5496627083,682695.3930004878
2024-11-07,1256142.5048494143,687974.2338728063
2024-11-08,1273752.1921946832,690954.3107750523
2024-11-11,1284787.1541563189,691612.7594049287
2024-11-12,1279303.053356299,689464.3083874976
2024-11-13,1279003.9196873694,689799.1946826576
2024-11-14,1276231.1966144042,685363.7364184173
2024-11-15,1281760.671863551,676585.0704976277
2024-11-18,1290277.912907761,679357.3491193749
2024-11-19,1295643.8482863654,681840.686431966
2024-11-20,1298028.192617569,682071.8539047182
2024-11-21,1311692.961285205,685733.3879934109
2024-11-22,1320243.4800165447,687858.6861999985
2024-11-25,1321704.9490989908,690191.9990684948
2024-11-26,1330015.3456598765,693795.8314479202
2024-11-27,1331364.293434457,691693.5417979029
2024-11-29,1331915.9446557977,695990.3717056286
2024-12-02,1314569.699184202,697237.8105328509
2024-12-03,1308739.2896352885,697561.3728675672
2024-12-04,1303862.8114731961,701892.8238008533
2024-12-05,1308394.6323498117,700737.8519627318
2024-12-06,1309373.486240706,702066.145310065
2024-12-09,1282816.0710609863,698450.7004616495
2024-12-10,1274115.6267201202,696279.1687605114
2024-12-11,1271128.4411511729,701661.872709511
2024-12-12,1267380.4798090307,698046.4278610955
2024-12-13,1264313.8214237,697907.8716317174
2024-12-16,1266018.1589891114,700887.8764068268
2024-12-17,1254100.3929156107,698000.2664936816
2024-12-18,1211013.2318431714,677197.4298872269
2024-12-19,1197819.68488765,676989.4152253183
2024-12-20,1218096.5980000473,685120.7400952654
2024-12-23,1219242.471022256,689223.5480055799
2024-12-24,1230687.1286646072,696884.171182179
2024-12-26,1226020.9331518023,696930.476803866
2024-12-27,1215623.1538680124,689594.2814876222
2024-12-30,1211512.5153249088,681724.9223777485
2024-12-31,1210835.2191945459,679244.8307863036
2025-01-02,1211272.6250063928,677575.8809728838
2025-01-03,1226059.9569617743,686047.8623089177
2025-01-06,1221556.42580588,689999.9966309079
2025-01-07,1214638.7661365867,682200.1680807013
2025-01-08,1219270.9670285722,683196.748726884
2025-01-10,1196384.238118868,672766.0828697718
2025-01-13,1207968.8325441917,673809.1855190513
2025-01-14,1222363.989262152,674736.4519869768
2025-01-15,1236901.1908360897,687009.8940566767
2025-01-16,1242248.030528439,685688.5249144556
2025-01-17,1245801.651496318,692572.8437199999
2025-01-21,1259395.1315347212,698912.2420086513
2025-01-22,1260809.6805390045,702841.2956469344
2025-01-23,1272196.041786729,706677.4495332973
2025-01-24,1277068.8360638255,704614.3249184453
2025-01-27,1260241.6510067543,694647.2922952957
2025-01-28,1261507.1173860785,700616.0292290413
2025-01-29,1264054.137109163,697475.2530664859
2025-01-30,1274260.0239073238,701218.579328065
2025-01-31,1268101.9312929248,697486.7934083393
2025-02-03,1269034.4481395923,692793.1199951278
2025-02-04,1272029.2710236365,697440.4156595157
2025-02-05,1286327.8141148002,700268.2321764326
2025-02-06,1284816.627890555,702702.1624004637
2025-02-07,1279241.0513729102,696269.9364870286
2025-02-10,1284077.3463172074,700998.5194343468
2025-02-11,1283806.5715903656,701531.61110084
2025-02-12,1280688.9163722845,699271.5794031133
2025-02-13,1294406.7629355614,706654.2967224539
2025-02-14,1297189.7795299022,706619.3871883472
2025-02-18,1298184.64714693,708693.9078907795
2025-02-19,1301347.2905074744,710362.8577041995
2025-02-20,1291910.1026813556,707407.5925369384
2025-02-21,1269154.6209849797,695308.1211206794
2025-02-24,1265995.3352717038,692144.0478930073
2025-02-25,1260980.2110199467,688701.8524266669
2025-02-26,1259887.3826201025,689049.5773521389
2025-02-27,1251579.987875893,678051.1266758365
2025-02-28,1274947.3324654426,688632.3218669997
2025-03-03,1274477.6872307702,676567.5436034377
2025-03-04,1252396.6325406614,668559.12337423
2025-03-05,1251132.034260165,675744.6451021496
2025-03-06,1214998.2242282312,663749.4695253912
2025-03-07,1213695.5984398855,667469.7151032634
2025-03-10,1207142.1157929618,649691.2414609173
2025-03-11,1209571.0587553242,644290.5057277717
2025-03-12,1217123.5633855746,647709.4041289955
2025-03-13,1203797.0304452733,639075.0646085107
2025-03-14,1230674.3374723531,652275.7010189994
2025-03-17,1252345.4120994362,657305.7032701026
2025-03-18,1248175.0796466973,650201.2524437036
2025-03-19,1262899.7654181898,657282.406204986
2025-03-20,1264462.7314187144,655381.784028858
2025-03-21,1258367.9991217763,655597.8769300639
2025-03-24,1280543.1866978006,667338.66009609
2025-03-25,1285918.784729966,668942.911867994
2025-03-26,1278060.0832510889,660956.8510511273
2025-03-27,1274381.0737856373,659201.5650552162
2025-03-28,1257699.748402288,645926.4213126361
2025-03-31,1273447.5997709117,650262.2720012538
2025-04-01,1270172.268566216,652099.0616615049
2025-04-02,1279668.085112831,656225.6715268921
2025-04-03,1223264.5021816487,623886.387932354
2025-04-04,1152603.78594825,587362.2157460687
2025-04-07,1133223.9612604692,586316.011629916
2025-04-08,1129867.188658571,577132.6764093213
2025-04-09,1182872.6348846862,637742.8042686655
2025-04-10,1167866.1696780252,609797.5058348319
2025-04-11,1174231.8665252537,620677.9565156826
2025-04-14,1191195.0960967254,626699.3462591346
2025-04-15,1195601.7484664484,624944.0602632235
2025-04-16,1184711.397758108,611052.7343928053
2025-04-17,1195544.1266297044,611924.7514741071
2025-04-21,1177257.4200421406,597359.2893216055
2025-04-22,1213528.4676906655,612901.208649183
2025-04-23,1212987.7605339899,622398.4051046236
2025-04-24,1223935.816619128,635499.2175580799
2025-04-25,1218614.3308183444,640090.9032001614
2025-04-28,1230605.9039522752,640334.9093032255
2025-04-29,1244766.53591464,644368.7636709654
2025-04-30,1249202.3896111047,644624.4543701562
2025-05-01,1247409.090413224,649192.7708199845
2025-05-02,1265396.5230133822,658829.5332847154
2025-05-05,1263598.6073892491,655051.6581247124
2025-05-06,1264325.838440125,649576.4150594753
2025-05-07,1271641.8236724907,652308.2303575989
2025-05-08,1268214.0196106858,656853.3218694471
2025-05-09,1266695.6387064522,656016.4307036615
2025-05-12,1262488.2917658468,677696.0447824328
2025-05-13,1251243.7314458133,682171.5336074774
2025-05-14,1246648.0486766251,683043.4064345062
2025-05-15,1275317.4240580248,686379.575010068
2025-05-16,1289465.1694182595,690727.1824219489
2025-05-19,1293349.1925430335,691482.7141776675
2025-05-20,1287871.8404413478,689157.768057015
2025-05-21,1270768.6315065022,677544.9384312892
2025-05-22,1263764.169922095,677812.3858537431
2025-05-23,1265945.3042803966,673185.7906775548
2025-05-27,1281631.0385294666,687181.7730231566
2025-05-28,1275071.0031934571,683206.0531275034
2025-05-29,1280441.19925287,685902.9588915202
2025-05-30,1291924.7879661676,685135.8146668115
2025-06-02,1296859.646963422,688995.121364018
2025-06-03,1291315.102038829,692924.1750023011
2025-06-04,1280777.3016806284,692738.2312441873
2025-06-05,1280620.0248669707,689390.3059453623
2025-06-06,1287345.874513692,696469.7286553667
2025-06-09,1273951.9968039617,697097.3789979216
2025-06-10,1268134.8956041033,701049.7297013216
2025-06-11,1270190.7132471064,699050.2933480733
2025-06-12,1276390.6148520822,701828.5585221569
2025-06-13,1264521.5625489184,693982.0637145804
2025-06-16,1264156.8884578133,700584.7260517637
2025-06-17,1261105.3885289463,694598.1015881454
2025-06-18,1263270.2361059166,694493.4451129618
2025-06-20,1269641.5632983712,692862.3620462485
2025-06-23,1287059.3852945988,699706.1454010326
2025-06-24,1286616.6012278427,707436.0827558892
2025-06-25,1271880.4864287404,707832.4213714189
2025-06-26,1285909.261367174,713370.4150454841
2025-06-27,1291453.380662693,716914.5982829544
2025-06-30,1304914.3577972623,720342.2961948415
2025-07-01,1306523.8161612598,720109.2534165382
2025-07-02,1299152.311311172,723373.6554911988
2025-07-03,1312573.4752441915,729074.8007482173
2025-07-07,1313917.348760652,723641.8241850185
2025-07-08,1297832.7512804163,723245.4855694888
2025-07-09,1298031.5352282082,727582.4181651552
2025-07-10,1307895.9218180107,729634.4352009734
2025-07-11,1304007.292653474,727069.449969769
2025-07-14,1319619.251546822,728456.8875691011
2025-07-15,1296481.3565026824,725344.0246084038
2025-07-16,1307524.0655249772,727769.0110674984
2025-07-17,1308800.6459156468,732222.6453701579
2025-07-18,1321144.294224888,731686.380109655
2025-07-21,1315854.8844321028,733073.817708987
2025-07-22,1333105.7099181884,733178.6905655804
2025-07-23,1327587.456853746,739416.3174645115
2025-07-24,1330938.3914924166,739661.0448389414
2025-07-25,1338957.3054702848,742785.664522902
2025-07-28,1317371.3262777075,742599.0716205589
2025-07-29,1334340.128503539,740640.4592266172
2025-07-30,1329066.0045215932,739707.7110963113
2025-07-31,1326091.9412647618,736932.9080247837
2025-08-01,1323252.3856903391,724854.2813509976
2025-08-04,1347679.037640241,735871.8457184948
2025-08-05,1355946.3630376682,732141.0695786813
2025-08-06,1359075.7564831001,737748.9544480965
2025-08-07,1357412.7119963074,737131.0412689804
2025-08-08,1356187.0562090185,742878.8527833687
2025-08-11,1360470.0862026776,741409.83939256
2025-08-12,1361257.4951506637,749302.9283303698
2025-08-13,1369046.1334480436,751867.8414344375
2025-08-14,1366771.8219542962,751937.8768840608
2025-08-15,1365297.47902315,750177.3977343156
2025-08-18,1353602.8311330487,750014.0297699526
2025-08-19,1362202.697263866,745945.2658681059
2025-08-20,1376320.791906138,743963.1400276377
2025-08-21,1374860.1520282817,740978.519115787
2025-08-22,1385556.4493924635,752357.5125647072
2025-08-25,1381487.4542179029,749046.4442326766
2025-08-26,1388976.873802504,752182.6042584907
2025-08-27,1391148.4857233774,753896.4892780025
2025-08-28,1390573.6885796424,756566.3473658002
2025-08-29,1396275.7216551623,752054.4343367807
2025-09-02,1393563.5812056828,746481.4590014722
2025-09-03,1394024.6470300572,750526.9979653389
2025-09-04,1401280.172118078,756799.5343983767
2025-09-05,1397481.2409707794,754607.6628447219
2025-09-08,1392926.6017329162,756461.474509207
2025-09-09,1390655.6850064737,758210.2690628255
2025-09-10,1395336.1401660831,760402.2127436168
2025-09-11,1411670.4791881396,766721.1990526149
2025-09-12,1410249.4328614422,766464.6428277851
2025-09-15,1399927.119109109,770545.3077071682
2025-09-16,1388895.2731213141,769484.461782289
2025-09-17,1393078.6400946889,768528.4165868665
2025-09-18,1387377.5065534667,772119.3382088434
2025-09-19,1396510.1863932079,775943.5189905333
2025-09-22,1394022.9108084897,779614.5738612552
2025-09-23,1407958.281522264,775370.6852717822
2025-09-24,1410589.4329972363,772903.7929463323
2025-09-25,1415050.8077303264,769337.9715678866
2025-09-26,1430208.8931164239,773745.5887574055
2025-09-29,1433393.8245633612,775920.1497982801
2025-09-30,1438524.8319609913,778842.8134998052
2025-10-01,1439773.7102633852,781496.8757446909
2025-10-02,1436379.330125332,782396.9502821241
