date,strategy,spy
2010-01-04,100000.0,99949.02548725638
2010-01-05,100000.0,100213.57880835485
2010-01-06,100000.0,100284.11013204204
2010-01-07,100000.0,100707.4693761146
2010-01-08,100000.0,101042.56303679234
2010-01-11,100000.0,101183.73387487161
2010-01-12,100000.0,100240.07651515745
2010-01-13,100000.0,101086.69582848976
2010-01-14,100000.0,101360.111771496
2010-01-15,100000.0,100222.44143026262
2010-01-19,100000.0,101474.75785509645
2010-01-20,100000.0,100442.89802323199
2010-01-21,100000.0,98511.44149621417
2010-01-22,100000.0,96315.46771166619
2010-01-25,100000.0,96809.39434299423
2010-01-26,100000.0,96403.67018381649
2010-01-27,100000.0,96862.24550232624
2010-01-28,100000.0,95751.00074075889
2010-01-29,100000.0,94710.37746179945
2010-02-01,100000.0,96183.23162263128
2010-02-02,100000.0,97347.30951174651
2010-02-03,100000.0,96862.24550232624
2010-02-04,100000.0,93872.53962734625
2010-02-05,100000.0,94066.56162475754
2010-02-08,100000.0,93387.45758614184
2010-02-09,100000.0,94560.38908127276
2010-02-10,100000.0,94375.22970576926
2010-02-11,100000.0,95362.9657618284
2010-02-12,100000.0,95283.58984801758
2010-02-16,100000.0,96782.86057262335
2010-02-17,100000.0,97241.48998648554
2010-02-18,100000.0,97814.72040448782
2010-02-19,100000.0,98017.59600791479
2010-02-22,100000.0,98035.25814048584
2010-02-23,100000.0,96844.60140153936
2010-02-24,100000.0,97735.37153835321
2010-02-25,100000.0,97603.06332218173
2010-02-26,100000.0,97664.80415109772
2010-03-01,100000.0,98679.06496163567
2010-03-02,100000.0,98952.44484107362
2010-03-03,100000.0,99040.62928143977
2010-03-04,100000.0,99340.49785178826
2010-03-05,100000.0,100760.3926625832
2010-03-08,100000.0,100778.02774747802
2010-03-09,100000.0,100945.62416522329
2010-03-10,100000.0,101395.36390950148
2010-03-11,100000.0,101818.71413768196
2010-03-12,100000.0,101827.53168012938
2010-03-15,100000.0,101853.95725979538
2010-03-16,100000.0,102665.3604986905
2010-03-17,100000.0,103273.85207059034
2010-03-18,100000.0,103220.95583179795
2010-03-19,100000.0,102698.49390205882
2010-03-22,100000.0,103247.51664984506
2010-03-23,100000.0,103973.72872454225
2010-03-24,100000.0,103468.91991148208
2010-03-25,100000.0,103300.68336539963
2010-03-26,100000.0,103238.6810756135
2010-03-29,100000.0,103893.99217504851
2010-03-30,100000.0,103964.81200728203
2010-03-31,100000.0,103610.62268719365
2010-04-01,100000.0,104319.10050218322
2010-04-05,100000.0,105169.236013424
2010-04-06,100000.0,105417.15501364776
2010-04-07,100000.0,104814.99259798319
2010-04-08,100000.0,105178.07158765556
2010-04-09,100000.0,105868.83317472166
2010-04-12,100000.0,106037.0426731279
2010-04-13,100000.0,106116.7611908375
2010-04-14,100000.0,107321.08602216667
2010-04-15,100000.0,107409.6761776761
2010-04-16,100000.0,105700.54253328676
2010-04-19,100000.0,106099.0179152378
2010-04-20,100000.0,107046.65128335616
2010-04-21,100000.0,106851.79982387417
2010-04-22,100000.0,107170.57471989976
2010-04-23,100000.0,107870.15384941325
2010-04-26,100000.0,107462.81584555445
2010-04-27,100000.0,104921.25390195573
2010-04-28,100000.0,105718.21368174987
2010-04-29,100000.0,107028.87194418818
2010-04-30,100000.0,105213.49502761044
2010-05-03,100000.0,106577.22984668257
2010-05-04,100000.0,104071.11839071495
2010-05-05,100000.0,103451.25777891104
2010-05-06,100000.0,100015.26524631682
2010-05-07,100000.0,98527.50781588828
2010-05-10,100000.0,102866.74847992542
2010-05-11,100000.0,102574.49833837865
2010-05-12,100000.0,104009.1251168209
2010-05-13,100000.0,102716.19209819815
2010-05-14,100000.0,100856.5471515419
2010-05-17,100000.0,100909.65977174403
2010-05-18,100000.0,99537.02626719582
2010-05-19,100000.0,98970.27827559404
2010-05-20,100000.0,95233.19101132943
2010-05-21,100000.0,96623.57680736939
2010-05-24,100000.0,95383.75640894877
2010-05-25,100000.0,95481.1731227977
2010-05-26,100000.0,94905.52644571985
2010-05-27,100000.0,98084.71030850631
2010-05-28,100000.0,96853.76154788553
2010-06-01,100000.0,95224.3103576375
2010-06-02,100000.0,97703.93312269461
2010-06-03,100000.0,98040.39719896745
2010-06-04,100000.0,94595.61417160204
2010-06-07,100000.0,93417.79606296754
2010-06-08,100000.0,94418.49697182766
2010-06-09,100000.0,93913.73323822785
2010-06-10,100000.0,96658.94615197183
2010-06-11,100000.0,97128.3405409692
2010-06-14,100000.0,96977.74809567364
2010-06-15,100000.0,99182.80088353915
2010-06-16,100000.0,99147.40449126049
2010-06-17,100000.0,99306.79644721933
2010-06-18,100000.0,99414.47324624733
2010-06-21,100000.0,99129.74235868946
2010-06-22,100000.0,97492.51946947449
2010-06-23,100000.0,97190.02727453277
2010-06-24,100000.0,95579.55453709843
2010-06-25,100000.0,95979.94128816895
2010-06-28,100000.0,95677.36795019858
2010-06-29,100000.0,92723.31992836735
2010-06-30,100000.0,91842.4402251576
2010-07-01,100000.0,91433.19085217931
2010-07-02,100000.0,90934.90954498
2010-07-06,100000.0,91531.00426527944
2010-07-07,100000.0,94413.96197811494
2010-07-08,100000.0,95348.1977306128
2010-07-09,100000.0,96059.99339388525
2010-07-12,100000.0,96122.29320810977
2010-07-13,100000.0,97572.6346864353
2010-07-14,100000.0,97563.70895328301
2010-07-15,100000.0,97590.45910506365
2010-07-16,100000.0,94903.30853626989
2010-07-19,100000.0,95463.88965769373
2010-07-20,100000.0,96522.69799096443
2010-07-21,100000.0,95268.10054543613
2010-07-22,100000.0,97394.66999280606
2010-07-23,100000.0,98239.96397000364
2010-07-26,100000.0,99263.21362493836
2010-07-27,100000.0,99254.3149394623
2010-07-28,100000.0,98613.6366328618
2010-07-29,100000.0,98133.18876018292
2010-07-30,100000.0,98115.36434155457
2010-08-02,100000.0,100330.93867546928
2010-08-03,100000.0,99850.41867565383
2010-08-04,100000.0,100517.8020545746
2010-08-05,100000.0,100411.02684475388
2010-08-06,100000.0,100001.705344639
2010-08-09,100000.0,100535.58139374257
2010-08-10,100000.0,99992.81567505501
2010-08-11,100000.0,97252.30004108108
2010-08-12,100000.0,96656.16925721335
2010-08-13,100000.0,96371.38427430303
2010-08-16,100000.0,96326.92691049099
2010-08-17,100000.0,97510.33487221076
2010-08-18,100000.0,97688.28153405586
2010-08-19,100000.0,95988.84898953709
2010-08-20,100000.0,95677.36795019858
2010-08-23,100000.0,95312.62102049269
2010-08-24,100000.0,93897.87428407143
2010-08-25,100000.0,94262.68432502182
2010-08-26,100000.0,93630.92273568152
2010-08-27,100000.0,95081.27322989912
2010-08-30,100000.0,93702.1302512742
2010-08-31,100000.0,93702.1302512742
2010-09-01,100000.0,96504.91865179646
2010-09-02,100000.0,97403.55966239005
2010-09-03,100000.0,98667.0287457182
2010-09-07,100000.0,97554.85534726731
2010-09-08,100000.0,98239.96397000364
2010-09-09,100000.0,98693.71578625431
2010-09-10,100000.0,99191.97906166948
2010-09-13,100000.0,100295.36196534918
2010-09-14,100000.0,100233.06215112464
2010-09-15,100000.0,100615.65153124303
2010-09-16,100000.0,100588.95547481482
2010-09-17,100000.0,100626.56076065137
2010-09-20,100000.0,102165.12274291134
2010-09-21,100000.0,101959.35303812892
2010-09-22,100000.0,101458.46613812051
2010-09-23,100000.0,100635.4684620195
2010-09-24,100000.0,102710.80961063056
2010-09-27,100000.0,102218.78533252992
2010-09-28,100000.0,102576.58100944752
2010-09-29,100000.0,102397.71472661097
2010-09-30,100000.0,102093.5726234199
2010-10-01,100000.0,102522.94546750515
2010-10-04,100000.0,101753.67349226723
2010-10-05,100000.0,103802.13826660863
2010-10-06,100000.0,103793.17646988806
2010-10-07,100000.0,103667.92769720973
2010-10-08,100000.0,104249.39864056675
2010-10-11,100000.0,104347.81611843577
2010-10-12,100000.0,104669.80968793143
2010-10-13,100000.0,105483.85458320392
2010-10-14,100000.0,105072.37828488361
2010-10-15,100000.0,105287.10077049452
2010-10-18,100000.0,105805.91126394409
2010-10-19,100000.0,104419.36623792723
2010-10-20,100000.0,105439.162806198
2010-10-21,100000.0,105671.70069454519
2010-10-22,100000.0,105868.5176184991
2010-10-25,100000.0,106181.64856608698
2010-10-26,100000.0,106199.51806417569
2010-10-27,100000.0,105895.35792920047
2010-10-28,100000.0,105913.24545907333
2010-10-29,100000.0,105993.73032760914
2010-11-01,100000.0,106029.54145092315
2010-11-02,100000.0,106870.3996092208
2010-11-03,100000.0,107299.77245330605
2010-11-04,100000.0,109366.1608210886
2010-11-05,100000.0,109777.65515119307
2010-11-08,100000.0,109571.91249408686
2010-11-09,100000.0,108784.7169254078
2010-11-10,100000.0,109223.06058210571
2010-11-11,100000.0,108811.5482202171
2010-11-12,100000.0,107523.42067206926
2010-11-15,100000.0,107371.34060458164
2010-11-16,100000.0,105698.58608470693
2010-11-17,100000.0,105752.22162664929
2010-11-18,100000.0,107308.71621824248
2010-11-19,100000.0,107603.88750882092
2010-11-22,100000.0,107514.45887534868
2010-11-23,100000.0,105957.9552678634
2010-11-24,100000.0,107523.42067206926
2010-11-26,100000.0,106271.06818366714
2010-11-29,100000.0,106593.13388029937
2010-11-30,100000.0,105993.73032760914
2010-12-01,100000.0,108247.98283851708
2010-12-02,100000.0,109634.50081685773
2010-12-03,100000.0,109929.77128224897
2010-12-06,100000.0,109813.43922683086
2010-12-07,100000.0,109876.0726290621
2010-12-08,100000.0,110278.58713066184
2010-12-09,100000.0,110707.96899063917
2010-12-10,100000.0,111352.02825676705
2010-12-13,100000.0,111423.56936036643
2010-12-14,100000.0,111521.98683823545
2010-12-15,100000.0,111012.10207793818
2010-12-16,100000.0,111656.16134406606
2010-12-17,100000.0,111775.77518419875
2010-12-20,100000.0,112045.57575448371
2010-12-21,100000.0,112755.94690680862
2010-12-22,100000.0,113106.67412434096
2010-12-23,100000.0,112944.79378216999
2010-12-27,100000.0,112989.76505183018
2010-12-28,100000.0,113151.61834632495
2010-12-29,100000.0,113232.52696178819
2010-12-30,100000.0,113052.7049943919
2010-12-31,100000.0,113079.6715275823
2011-01-03,100000.0,114248.67209376939
2011-01-04,100000.0,114185.73215120767
2011-01-05,100000.0,114779.2573422663
2011-01-06,100000.0,114554.41902574946
2011-01-07,100000.0,114329.60775690884
2011-01-10,100000.0,114185.73215120767
2011-01-11,100000.0,114590.38341922872
2011-01-12,100000.0,115624.51525589559
2011-01-13,100000.0,115435.69542821044
2011-01-14,100000.0,116271.97351333499
2011-01-18,100000.0,116469.84529666144
2011-01-19,100000.0,115327.74815242023
2011-01-20,100000.0,115174.88370232226
2011-01-21,100000.0,115435.69542821044
2011-01-24,100000.0,116092.16957772286
2011-01-25,100000.0,116155.08247260835
2011-01-26,100000.0,116604.73205796583
2011-01-27,100000.0,116892.50130115231
2011-01-28,100000.0,114851.18612922482
2011-01-31,100000.0,115714.46681110805
2011-02-01,100000.0,117566.90805999796
2011-02-02,100000.0,117342.09679115734
2011-02-03,100000.0,117602.87245347722
2011-02-04,100000.0,117935.59493453975
2011-02-07,100000.0,118672.95966773127
2011-02-08,100000.0,119212.47064938047
2011-02-09,100000.0,118942.74220623208
2011-02-10,100000.0,118987.69544410813
2011-02-11,100000.0,119698.07561232512
2011-02-14,100000.0,119985.85387140367
2011-02-15,100000.0,119608.17815246509
2011-02-16,100000.0,120363.54762212641
2011-02-17,100000.0,120723.25466816348
2011-02-18,100000.0,120974.9964066262
2011-02-22,100000.0,118547.06175082369
2011-02-23,100000.0,117818.68586202897
2011-02-24,100000.0,117737.75921478159
2011-02-25,100000.0,118996.70232028909
2011-02-28,100000.0,119734.07606937266
2011-03-01,100000.0,117737.75921478159
2011-03-02,100000.0,117989.54603270467
2011-03-03,100000.0,120021.80023309878
2011-03-04,100000.0,119122.60925308873
2011-03-07,100000.0,118187.3637206787
2011-03-08,100000.0,119221.50457323763
2011-03-09,100000.0,119050.62637077778
2011-03-10,100000.0,116847.52101560004
2011-03-11,100000.0,117656.82355164214
2011-03-14,100000.0,116946.43436753307
2011-03-15,100000.0,115606.51953531784
2011-03-16,100000.0,113466.38117037804
2011-03-17,100000.0,114968.0952017356
2011-03-18,100000.0,115386.23424429787
2011-03-21,100000.0,117174.46430984377
2011-03-22,100000.0,116768.05494286849
2011-03-23,100000.0,117102.256030231
2011-03-24,100000.0,118222.11096872808
2011-03-25,100000.0,118583.35071641757
2011-03-28,100000.0,118294.3733436933
2011-03-29,100000.0,119089.16029349784
2011-03-30,100000.0,119910.99491952143
2011-03-31,100000.0,119748.45641722913
2011-04-01,100000.0,120254.22091484904
2011-04-04,100000.0,120353.54899781743
2011-04-05,100000.0,120335.52622956347
2011-04-06,100000.0,120714.83382496728
2011-04-07,100000.0,120407.74352506833
2011-04-08,100000.0,119992.2912183438
2011-04-11,100000.0,119631.04245476225
2011-04-12,100000.0,118736.9274219893
2011-04-13,100000.0,118727.88448224007
2011-04-14,100000.0,118818.2147049196
2011-04-15,100000.0,119251.68977989808
2011-04-18,100000.0,117915.05673239742
2011-04-19,100000.0,118592.4297197351
2011-04-20,100000.0,120209.0603114553
2011-04-21,100000.0,120823.20484768492
2011-04-25,100000.0,120696.73892957675
2011-04-26,100000.0,121735.36969638805
2011-04-27,100000.0,122530.15664619258
2011-04-28,100000.0,122927.52307341865
2011-04-29,100000.0,123216.52749381913
2011-05-02,100000.0,123026.91426763155
2011-05-03,100000.0,122584.33314165933
2011-05-04,100000.0,121771.48736003254
2011-05-05,100000.0,120669.70928514184
2011-05-06,100000.0,121202.5214589808
2011-05-09,100000.0,121672.19534063243
2011-05-10,100000.0,122710.75398030714
2011-05-11,100000.0,121419.28153620021
2011-05-12,100000.0,121997.29939289327
2011-05-13,100000.0,121057.99670905038
2011-05-16,100000.0,120290.3475943856
2011-05-17,100000.0,120272.29777845542
2011-05-18,100000.0,121347.03719301915
2011-05-19,100000.0,121636.00554985135
2011-05-20,100000.0,120669.70928514184
2011-05-23,100000.0,119269.77565939655
2011-05-24,100000.0,119170.42052875193
2011-05-25,100000.0,119567.84105133041
2011-05-26,100000.0,120118.77516823613
2011-05-27,100000.0,120579.34299889402
2011-05-31,100000.0,121834.70679524852
2011-06-01,100000.0,119098.18520146293
2011-06-02,100000.0,118971.75534692305
2011-06-03,100000.0,117788.61786196547
2011-06-06,100000.0,116542.2609417919
2011-06-07,100000.0,116470.00758271877
2011-06-08,100000.0,115982.31994870525
2011-06-09,100000.0,116867.39204172896
2011-06-10,100000.0,115241.71851025952
2011-06-13,100000.0,115332.0667647232
2011-06-14,100000.0,116795.17474622412
2011-06-15,100000.0,114717.89518081736
2011-06-16,100000.0,114970.81800114164
2011-06-17,100000.0,115313.90875808815
2011-06-20,100000.0,115903.84562410173
2011-06-21,100000.0,117492.16631471267
2011-06-22,100000.0,116784.19338967917
2011-06-23,100000.0,116448.38747352768
2011-06-24,100000.0,115096.04874203583
2011-06-27,100000.0,116121.66957658576
2011-06-28,100000.0,117637.40332011686
2011-06-29,100000.0,118644.87516392382
2011-06-30,100000.0,119779.3719111475
2011-07-01,100000.0,121549.28168400102
2011-07-05,99930.02498750629,121449.43969518445
2011-07-06,100239.40997538414,121594.6586688045
2011-07-07,101172.42668310842,122856.23441479732
2011-07-08,100588.78202736328,121984.92057307702
2011-07-11,98683.70970895897,119779.3719111475
2011-07-12,97537.20814099371,119262.0760875662
2011-07-13,98240.95257664469,119661.44404283246
2011-07-14,97208.78913939849,118835.46210645528
2011-07-15,98025.95335186589,119525.26800896165
2011-07-18,97090.62884282385,118545.02415921519
2011-07-19,98847.76423662316,120469.1597818697
2011-07-20,97955.63778850644,120396.59086657401
2011-07-21,98559.4623589733,122066.63160293475
2011-07-22,99464.51370650841,122148.33361690042
2011-07-25,98947.31425122182,121467.60671771158
2011-07-26,98255.40528266304,121013.76474254017
2011-07-27,96432.87057449375,118535.9631876818
2011-07-28,96404.69676025078,118191.04220464447
2011-07-29,95770.42076601023,117383.26335436272
2011-08-01,95040.17269656682,116884.06242617196
2011-08-02,92042.40498239461,113898.00798748154
2011-08-03,93401.35119983806,114515.1818634477
2011-08-04,88769.69283012021,109151.07769979475
2011-08-05,88574.72780068795,108987.72776721588
2011-08-08,82479.70895381647,101890.0659075478
2011-08-09,87329.4432724453,106627.89916013292
2011-08-10,83987.86336310927,101917.33898106868
2011-08-11,87800.32154232702,106491.75017393833
2011-08-12,88523.46592240139,107208.79308639726
2011-08-15,89696.26711587425,109477.81362852082
2011-08-16,88235.01140023097,108543.01889071442
2011-08-17,87461.82176599126,108615.62386957841
2011-08-18,82781.28348731436,103932.23758922223
2011-08-19,80997.81544579053,102234.96885880099
2011-08-22,81463.57189357895,102316.67988865872
2011-08-23,84996.20290725304,105683.97132365656
2011-08-24,85900.1118373642,107172.45904134301
2011-08-25,84555.13206325225,105538.75235003652
2011-08-26,86607.66377115638,107072.60803663437
2011-08-29,89202.88209618576,110149.4705402842
2011-08-30,89884.76714809444,110439.89045574015
2011-08-31,90354.3785286251,110930.0394282896
2011-09-01,89290.12588522476,109768.26960754507
2011-09-02,86544.1335300501,106963.7140921765
2011-09-06,86403.39474958339,106183.15422006318
2011-09-07,89236.90418030933,109178.30569385526
2011-09-08,88135.7632262449,108043.79993073952
2011-09-09,85909.47571367455,105212.01642131046
2011-09-12,86781.21402223383,105892.72528871516
2011-09-13,88708.77750543688,106863.88111925201
2011-09-14,90288.12672704652,108343.31688129714
2011-09-15,91071.36005893807,110213.0145476148
2011-09-16,91612.33689053792,110865.30532320535
2011-09-19,90694.30267434088,109761.39949778542
2011-09-20,89260.64704516354,109633.69840246324
2011-09-21,86116.93276812877,106404.05259174411
2011-09-22,83471.40354310999,102964.62500427007
2011-09-23,84732.27652134388,103585.01755370629
2011-09-26,85995.53520903325,106048.28549054294
2011-09-27,86903.4577407591,107234.29002917974
2011-09-28,84908.07187718405,105044.70851211152
2011-09-29,84276.73559175328,105874.93693365509
2011-09-30,81767.17069338805,103229.16930947646
2011-10-03,79356.47380386974,100291.50316354191
2011-10-04,80743.48760612072,102490.21777928011
2011-10-05,82159.76985324378,104387.84667923996
2011-10-06,83374.98166117429,106276.34248052986
2011-10-07,83199.39097196836,105564.77221455924
2011-10-10,85579.81509292916,109095.44062981219
2011-10-11,85658.77119062206,109204.93863903896
2011-10-12,86323.82639847841,110162.82307644433
2011-10-13,86627.3320769816,109943.89016923531
2011-10-14,87855.82544067086,111823.2709036394
2011-10-17,86433.11762926346,109688.41585145437
2011-10-18,87280.494903867,111832.39498641728
2011-10-19,86609.85566037935,110509.50215843589
2011-10-20,87013.35343398484,110993.06952977204
2011-10-21,88525.29013472734,113100.54331773132
2011-10-24,89645.13717471405,114487.25964569757
2011-10-25,88260.22195009398,112261.19982930193
2011-10-26,88453.84793751052,113401.60198583343
2011-10-27,90796.78254878418,117351.8970658407
2011-10-28,90920.71740443063,117324.56088107532
2011-10-31,89918.22483674953,114496.35668079925
2011-11-01,87963.29172786936,111303.27031243619
2011-11-02,89324.02164319516,113118.78246739502
2011-11-03,90816.17127021747,115180.62682557278
2011-11-04,90245.32984537262,114478.13556291968
2011-11-07,90446.31731378843,115189.72386067445
2011-11-08,91458.70712142362,116667.70806409583
2011-11-09,88703.70591870854,112361.54670807459
2011-11-10,89397.67282434212,113419.83211960507
2011-11-11,91300.38119429299,115554.70520357422
2011-11-14,90747.55530751812,114459.85133379561
2011-11-15,91038.743545012,115025.50840245656
2011-11-16,89253.03353316404,113200.8811806119
2011-11-17,87460.36555972132,111403.5991594247
2011-11-18,87451.01379107092,111285.01313098833
2011-11-21,86097.34235026871,109168.37919668287
2011-11-22,86108.17724079112,108739.62844915065
2011-11-23,84491.64028187536,106340.21105997509
2011-11-25,84058.2432614234,106139.5082865377
2011-11-28,86603.19286267315,109214.02665824855
2011-11-29,86709.73665738823,109524.20940912855
2011-11-30,89379.09704832773,114031.12763393961
2011-12-01,89704.25601631982,114012.84340481553
2011-12-02,89359.31715817754,113912.48751015081
2011-12-05,89730.72180335027,115153.20048188667
2011-12-06,90056.0246437093,115189.72386067445
2011-12-07,90298.124679878,115618.51968766702
2011-12-08,88810.87560838401,113082.25908860724
2011-12-09,89935.80215439353,114998.14517001495
2011-12-12,89166.1100874969,113319.46720904826
2011-12-13,88192.97191203524,112261.19982930193
2011-12-14,87450.24301116416,111066.06219199517
2011-12-15,87882.80329397772,111467.44970708579
2011-12-16,87966.46204712191,111632.72904056829
2011-12-19,87248.09412005125,110439.18721615845
2011-12-20,89331.19650566891,113781.0898990787
2011-12-21,89501.98430076917,114001.4292854511
2011-12-22,89838.34195963145,115011.37148368607
2011-12-23,90713.08867959976,116039.6339746134
2011-12-27,91015.30452943008,116131.44280359292
2011-12-28,90062.88370604326,114607.45050292293
2011-12-29,90764.65810032871,115791.73300617379
2011-12-30,90281.63705316425,115222.50564425193
2012-01-03,90944.47471716274,117058.72730330248
2012-01-04,91175.9068109296,117242.3449612615
2012-01-05,91278.74688082111,117554.48416072135
2012-01-06,90565.70541389467,117251.56821885219
2012-01-09,90743.40716343813,117536.14583624483
2012-01-10,91373.61319319117,118555.24818082598
2012-01-11,91216.91244323025,118619.50444363036
2012-01-12,91635.12072717947,118904.11812459129
2012-01-13,91364.20557344182,118288.97282434156
2012-01-17,91712.3205258845,118748.05303280741
2012-01-18,92556.52863466457,120060.93822058775
2012-01-19,93124.96877598399,120694.40381352983
2012-01-20,92586.72487661906,121144.2878120812
2012-01-23,92422.63924720071,120832.19369208171
2012-01-24,92540.61937285277,120694.40381352983
2012-01-25,93193.58490339818,121704.3820753331
2012-01-26,92600.49082695342,121080.11269230548
2012-01-27,92642.15592744836,121024.980512279
2012-01-30,92577.47518314951,120611.80922624894
2012-01-31,92444.17307625213,120565.89128792108
2012-02-01,93114.06594066668,121621.74240859183
2012-02-02,93408.9200930692,121814.56529235741
2012-02-03,94704.7808483882,123522.19328277055
2012-02-06,94655.16980106066,123439.54460013722
2012-02-07,94938.82807894975,123751.74691084158
2012-02-08,95502.61421549905,124118.98222675962
2012-02-09,95628.76145724145,124275.10141389594
2012-02-10,95088.7606776084,123356.96804464048
2012-02-13,95428.90860350807,124275.10141389594
2012-02-14,95591.35131358783,124118.98222675962
2012-02-15,95077.59193075293,123540.59471849157
2012-02-16,95510.46746337229,124908.59405451425
2012-02-17,96036.95478027701,125239.11665791097
2012-02-21,95606.14645975496,125294.21277436917
2012-02-22,95480.55287005335,124890.19261879323
2012-02-23,95857.50809253308,125441.06362445443
2012-02-24,96217.22968736467,125716.49011139295
2012-02-27,96567.76768651536,125927.64230374296
2012-02-28,97195.94649500825,126294.88663555308
2012-02-29,96618.95752262844,125799.13879402628
2012-03-01,97313.50247815164,126450.96074322904
2012-03-02,97192.9424275104,126065.37808694241
2012-03-05,96873.43376538665,125551.2288096946
2012-03-06,95642.0332903798,123715.01616653612
2012-03-07,96492.39396482945,124578.01735576509
2012-03-08,97410.27322540715,125817.46810261073
2012-03-09,97832.30348308539,126304.1008772517
2012-03-12,97875.88549547954,126313.27003948994
2012-03-13,99085.5348945872,128590.15243950117
2012-03-14,98818.13954512047,128452.44370397794
2012-03-15,99298.27713582045,129196.14660929679
2012-03-16,99169.33947398444,129375.0219080254
2012-03-19,99512.03098754394,129882.1928848087
2012-03-20,99356.88313019204,129504.16554607927
2012-03-21,99590.51255551458,129292.0306214933
2012-03-22,99615.19892371367,128360.65290678258
2012-03-23,99634.10536087106,128775.6093394431
2012-03-26,100750.21362201376,130583.0071915362
2012-03-27,100582.61053398851,130177.30106414262
2012-03-28,99913.43494383682,129531.78122349891
2012-03-29,99795.95157676817,129310.45910489054
2012-03-30,100163.3109172202,129845.2728067697
2012-04-02,101267.29825230967,130795.10605255388
2012-04-03,101019.4238956158,130260.24727121435
2012-04-04,99923.30115310701,128969.2887329556
2012-04-05,100440.06540413911,128904.71691392866
2012-04-09,99614.9855895,127456.99906019638
2012-04-10,97284.21262496259,125317.60901429864
2012-04-11,98401.0336732245,126332.00506321767
2012-04-12,100223.17172590963,127982.607536269
2012-04-13,99464.9284127714,126461.07657413496
2012-04-16,99076.31777321642,126378.13036706322
2012-04-17,100306.94241712836,128250.00987926255
2012-04-18,100017.84874541698,127816.6249632048
2012-04-19,100003.64720665774,126995.98043493484
2012-04-20,99888.70148660445,127207.99815292386
2012-04-23,98740.99601535911,126138.33468559725
2012-04-24,98373.90280468747,126617.85392139261
2012-04-25,100566.70159366357,128351.4296491919
2012-04-26,102079.69275919379,129245.94138121605
2012-04-27,102284.43030595788,129457.99516277335
2012-04-30,101827.6297786117,128978.49395876213
2012-05-01,102252.16437152028,129780.73705131107
2012-05-02,102559.12992816728,129393.4684232068
2012-05-03,101554.0077576261,128406.7511629519
2012-05-04,99085.7378335673,126332.00506321767
2012-05-07,99163.73295580881,126424.20157555632
2012-05-08,97875.04126153719,125917.0396146651
2012-05-09,97377.67107433958,125170.11803587619
2012-05-10,97382.16081228988,125428.2790894949
2012-05-11,97309.1581703969,125050.25175076546
2012-05-14,95910.4745603768,123667.02457303146
2012-05-15,95645.00271909972,122957.0050404974
2012-05-16,95012.59141440512,122486.70906229274
2012-05-17,92609.66351202485,120670.08795260891
2012-05-18,91751.98557026008,119637.35357921336
2012-05-21,93847.56519202139,121693.6892273345
2012-05-22,93691.11902871853,121905.73399299973
2012-05-23,94127.25582533736,121970.32384381081
2012-05-24,94466.2764568156,122210.0473981402
2012-05-25,94497.15667994184,121813.54649655316
2012-05-29,95610.7700240256,123288.9701866258
2012-05-30,94027.52070733513,121500.02786560614
2012-05-31,93532.16168146918,121232.61650672051
2012-06-01,90650.13087138966,118180.35837253796
2012-06-04,91080.0403573081,118125.00079520965
2012-06-05,92266.94259808346,119019.46744777344
2012-06-06,94500.87233253277,121693.6892273345
2012-06-07,94423.39098869344,121767.40316092347
2012-06-08,95308.24084464432,122735.65587421281
2012-06-11,94182.5755226728,121177.2589293922
2012-06-12,95213.43731623658,122569.69133293275
2012-06-13,93832.96481844044,121785.89475556521
2012-06-14,94406.80814838076,123076.86230971606
2012-06-15,96020.18711498141,124335.62509738209
2012-06-18,97102.45535074541,124576.61989249378
2012-06-19,98232.22207506669,125781.62993162048
2012-06-20,97789.10652275983,125577.69045292889
2012-06-21,95454.25976787625,122759.84551264471
2012-06-22,96592.58690547757,123705.32408255762
2012-06-25,95095.51933517234,121721.69258811328
2012-06-26,95962.60079673328,122333.4659447277
2012-06-27,96078.65328638653,123436.52427629277
2012-06-28,94880.51262247344,123084.29140478422
2012-06-29,96786.03817094702,126152.381445447
2012-07-02,96773.47598793634,126532.34720097213
2012-07-03,97438.84361547194,127366.53359913576
2012-07-05,97455.93011437556,126791.9237496463
2012-07-06,96253.26707072633,125586.96780587203
2012-07-09,95680.68379173562,125429.3790283278
2012-07-10,94304.51635413575,124335.62509738209
2012-07-11,93864.13986996286,124354.11669202385
2012-07-12,93642.41802018839,123751.64773602877
2012-07-13,95015.93246394681,125827.95358509164
2012-07-16,94504.94713807866,125531.28565642909
2012-07-17,95259.71423596489,126393.3401769904
2012-07-18,96721.01702319254,127329.5323780681
2012-07-19,97280.41262702744,127663.2015277983
2012-07-20,96452.8603167316,126495.26483687582
2012-07-23,95389.11827734543,125216.18924436929
2012-07-24,94705.51472879817,124140.95395574156
2012-07-25,94500.57698680184,124168.79503046302
2012-07-26,95968.60984892827,126217.20570945198
2012-07-27,98039.1547906794,128543.77469067759
2012-07-30,97780.24638269638,128543.77469067759
2012-07-31,96905.98320827384,127644.67386958827
2012-08-01,96077.01119824614,127533.41776140725
2012-08-02,95735.68167192805,126652.88967798834
2012-08-03,97794.79184318692,129164.80736845099
2012-08-06,98119.90473767393,129415.03443704544
2012-08-07,99153.95618687665,130063.92622132447
2012-08-08,98392.74402225792,130221.51499886869
2012-08-09,98351.23017925723,130332.65390045274
2012-08-10,98190.6502041364,130545.87974797953
2012-08-13,98394.84030459815,130481.02843629834
2012-08-14,98251.74597878823,130499.57412629253
2012-08-15,98684.73534820437,130647.8945667857
2012-08-16,99481.29831433174,131611.8917790166
2012-08-17,99793.59055694473,131787.90903995806
2012-08-20,99512.37593798985,131797.26753592983
2012-08-21,98990.2788797862,131398.64789970563
2012-08-22,99333.41437877416,131454.31201736443
2012-08-23,98635.505403302,130379.01361749218
2012-08-24,99264.32631466683,131166.94848932122
2012-08-27,98883.08035578777,131194.7264527982
2012-08-28,99064.48573019759,131064.96973408337
2012-08-29,99407.31904415536,131166.94848932122
2012-08-30,98515.52549721954,130221.51499886869
2012-08-31,99373.14701484783,130842.48456539758
2012-09-04,99289.21257468764,130722.01421551795
2012-09-05,98824.35364951668,130610.7761391211
2012-09-06,101058.42577137623,133261.76396481
2012-09-07,101635.85081190898,133780.7908396693
2012-09-10,100848.97579381405,133020.76015380624
2012-09-11,100759.47832581753,133391.5206835248
2012-09-12,100941.22927784991,133836.46397322018
2012-09-13,102534.95344177025,135875.67844229465
2012-09-14,103291.47502486745,136478.14739828973
2012-09-17,102787.84589672765,136014.67645038432
2012-09-18,102462.36655491908,135903.4293580954
2012-09-19,102559.78345154022,135977.5670386118
2012-09-20,102494.08214755125,135986.88947101528
2012-09-21,102250.16009917355,135930.053287387
2012-09-24,101900.86188002946,135725.0138698625
2012-09-25,100771.02662672417,134280.62288030516
2012-09-26,100198.06214897217,133525.82141184446
2012-09-27,101319.24977735856,134783.81784868427
2012-09-28,100962.67749908214,134159.44929084386
2012-10-01,101096.00284749003,134513.59353147188
2012-10-02,100832.44283467211,134653.35789038776
2012-10-03,101207.9799689809,135203.13797310813
2012-10-04,102321.09662352662,136172.319323281
2012-10-05,102275.60293548412,136181.5696285479
2012-10-08,101989.9825038825,135715.64635799863
2012-10-09,100430.78165497923,134373.82015666392
2012-10-10,99405.14884993757,133516.53504300924
2012-10-11,99465.26985175253,133591.0604068848
2012-10-12,99260.16598662875,133153.0864017619
2012-10-15,99878.22138244404,134262.01407906646
2012-10-16,101173.91142836199,135622.49416110024
2012-10-17,101756.63049461509,136237.51323886096
2012-10-18,101344.28408640456,135883.40506180123
2012-10-19,99691.7377603494,133619.0186882032
2012-10-22,99951.86818323322,133637.65453711813
2012-10-23,98532.22681103183,131783.2207760801
2012-10-24,98098.10482370466,131410.51281367373
2012-10-25,97730.04790588486,131792.5341925915
2012-10-26,99227.17625177135,131717.99079693182
2012-10-31,98878.81196629192,131717.99079693182
2012-11-01,100733.0270298622,133097.19688680125
2012-11-02,99952.97040016581,131913.69876616076
2012-11-05,100815.131994743,132183.9411151573
2012-11-06,101864.09444656016,133218.33441269427
2012-11-07,99877.65626020759,130199.1285388514
2012-11-08,98287.50111402615,128633.53691215652
2012-11-09,98364.62931956543,128745.39708510641
2012-11-12,98753.41603088171,128847.88974619245
2012-11-13,98299.93091954853,128400.56626098981
2012-11-14,96445.9975398401,126667.3421529814
2012-11-15,96333.14937306374,126453.07046197412
2012-11-16,97037.27928548027,127077.3849244621
2012-11-19,98986.35056258345,129649.31239256273
2012-11-20,99273.80300360708,129705.21092341542
2012-11-21,99579.72183770803,129947.49499109354
2012-11-23,100884.11729554085,131717.99079693182
2012-11-26,101089.66407218213,131438.4260155318
2012-11-27,100285.00472717691,130767.55348637875
2012-11-28,101395.73382808533,131820.48345801784
2012-11-29,102107.12063268498,132435.57466291514
2012-11-30,102253.8546567562,132463.53294423356
2012-12-03,101773.62446220334,131811.20610507473
2012-12-04,101937.66331151052,131624.8566318176
2012-12-05,102335.51076377757,131857.7822035239
2012-12-06,103089.41129599721,132305.10568872653
2012-12-07,103244.43289009573,132705.81701191168
2012-12-10,103124.0358815316,132761.69751098024
2012-12-11,103414.82443983285,133665.57675486826
2012-12-12,103230.59437148683,133730.8427975848
2012-12-13,102461.61563250433,132910.77528640753
2012-12-14,102588.37666932883,132416.8757027557
2012-12-17,103991.90381493433,133973.135881155
2012-12-18,105374.733028234,135464.1119850536
2012-12-19,105303.14315557478,134457.66795294295
2012-12-20,105922.25243509367,135231.11428621068
2012-12-21,104808.13985162548,134003.63664403802
2012-12-24,104693.21810692281,133590.717802986
2012-12-26,104020.83168907982,133027.63026356586
2012-12-27,103864.68529732194,132849.25985479334
2012-12-28,102823.64731473252,131413.43396270537
2012-12-31,104756.30513614959,133647.03106487406
2013-01-02,107656.3317471694,137072.3938607142
2013-01-03,106987.48958149433,136762.66190443785
2013-01-04,107626.14493501943,137363.3276820183
2013-01-07,107516.24723315702,136987.905936098
2013-01-08,107247.57026662976,136593.758182342
2013-01-09,108276.1269176762,136940.98723375
2013-01-10,109215.32744805249,138029.61112210617
2013-01-11,109438.45418858236,138020.26164202645
2013-01-14,109789.57742466735,137926.38817376224
2013-01-15,109896.61832485952,138020.26164202645
2013-01-16,109708.81039272231,138001.5085865146
2013-01-17,110830.39483769574,138893.00901058636
2013-01-18,111069.17705190605,139202.72293507858
2013-01-22,112089.54737667994,139953.52134745888
2013-01-23,112578.70862042281,140178.71128376655
2013-01-24,115725.63139463511,140216.2173947903
2013-01-25,118659.76296913187,141004.5760135468
2013-01-28,117870.7575534385,140835.67229145093
2013-01-29,118354.06514184878,141389.3292077627
2013-01-30,118459.62914430896,140835.67229145093
2013-01-31,118247.56055490643,140488.42520825876
2013-02-01,119486.98806490558,141933.6817234551
2013-02-04,119016.89187697583,140338.2294622144
2013-02-05,120109.59044110737,141755.41950538746
2013-02-06,120693.14697827741,141858.53426302652
2013-02-07,120298.60294693627,141670.8774854188
2013-02-08,121414.69202359156,142459.23610417527
2013-02-11,121111.3209339674,142431.04340966296
2013-02-12,121015.5923006968,142665.6369214028
2013-02-13,122235.10057227778,142787.66702061106
2013-02-14,122837.09878908866,142919.0195522228
2013-02-15,122720.8366763217,142750.1699254794
2013-02-19,123892.2782008161,143819.89650405053
2013-02-20,120187.91764342257,142027.54617582727
2013-02-21,118986.18332943461,141164.04911253427
2013-02-22,119916.08022802722,142543.59780630248
2013-02-25,116916.51623690242,139831.51829592683
2013-02-26,118126.17686911559,140788.68146196636
2013-02-27,120237.64876671789,142562.42298895094
2013-02-28,120505.91321257409,142280.86569540275
2013-03-01,121475.98705083683,142750.1699254794
2013-03-04,122029.51785151409,143510.28175437113
2013-03-05,123267.05138901704,144795.96599576718
2013-03-06,123095.7252130206,144993.06241237535
2013-03-07,122663.53285589251,145255.8125550592
2013-03-08,123263.44610819832,145875.23138815156
2013-03-11,122984.17802496829,146428.8973203554
2013-03-12,123817.31112734448,146100.47541981167
2013-03-13,123697.2269688973,146306.90328471543
2013-03-14,124281.3049893636,147085.78620090318
2013-03-15,123296.06569613758,146891.68306046323
2013-03-18,122303.88961685685,146080.97404525775
2013-03-19,121267.96021386134,145741.56177227703
2013-03-20,122664.28421953996,146759.70843229844
2013-03-21,121320.52864013653,145506.01257597745
2013-03-22,122174.98295856439,146674.84184021517
2013-03-25,121459.94461657092,146062.12181493308
2013-03-26,123280.20470909137,147230.94206327872
2013-03-27,123175.84016190443,147230.94206327872
2013-03-28,123717.11270330353,147683.41362285503
2013-04-01,122808.24716589626,147099.02153046636
2013-04-02,121921.74999841784,147824.918048941
2013-04-03,119824.64511598411,146326.05303947852
2013-04-04,120278.2255730538,146919.93886622007
2013-04-05,119576.66875520999,146260.08375718025
2013-04-08,120240.0293047011,147249.8483889558
2013-04-09,121177.70540843683,147758.87663950617
2013-04-10,123546.34724982464,149568.78090959557
2013-04-11,123339.17850652023,150058.92988214505
2013-04-12,122661.2084394143,149691.30688286785
2013-04-15,118573.3430458766,146222.3522488547
2013-04-16,120809.74414975385,148381.0002402204
2013-04-17,118071.78177794832,146212.95768931461
2013-04-18,117404.30858942436,145298.5478834853
2013-04-19,118767.13574286117,146561.7645218354
2013-04-22,119832.20577915189,147212.1349124144
2013-04-23,121896.72672590835,148729.79805684913
2013-04-24,123069.81991867062,148824.0231449042
2013-04-25,123623.83756374152,149427.33057886205
2013-04-26,122431.1938172084,149163.4083702087
2013-04-29,123510.44063364858,150162.6396886609
2013-04-30,124145.33848287215,150520.8050171535
2013-05-01,123105.65305983424,149201.11283085804
2013-05-02,125120.30214605665,150586.81036302005
2013-05-03,126842.45231955023,152113.82298753448
2013-05-06,127927.13715947204,152500.40640784122
2013-05-07,128695.21748606936,153273.28473990833
2013-05-08,129319.54092866796,153970.7721824609
2013-05-09,128539.50430673263,153537.3061233745
2013-05-10,129538.473716726,154036.84063957195
2013-05-13,129238.30466844386,154159.4387399808
2013-05-14,131092.8263249851,155752.4567103618
2013-05-15,131729.59952002694,156591.4215313241
2013-05-16,131171.91734493175,155856.1575009856
2013-05-17,133372.33262683701,157364.39002231194
2013-05-20,133092.97746271724,157354.94136741944
2013-05-21,132749.5100722633,157581.18616309966
2013-05-22,130997.60805737508,156412.32985118573
2013-05-23,130866.79916102235,155959.87632339358
2013-05-24,130634.44570029475,155827.84759987635
2013-05-28,132284.43640883843,156761.10062013826
2013-05-29,131991.80547081598,155743.0621508217
2013-05-30,132804.51668376056,156318.09574723858
2013-05-31,130792.55728029768,154074.58116378958
2013-06-03,131211.50978537765,154922.95857607614
2013-06-04,130450.102963387,154178.2819544134
2013-06-05,128277.73791916351,152019.6069153715
2013-06-06,129561.703395475,153395.91890388547
2013-06-07,131641.05376157534,155347.0841709749
2013-06-10,131603.67555287923,155347.0841709749
2013-06-11,129678.72084449866,153744.6536092697
2013-06-12,128296.59612546129,152472.1145385161
2013-06-13,130340.03367585584,154790.9659161272
2013-06-14,129360.93769161735,153820.00843521595
2013-06-17,130802.52762128049,155007.78008869907
2013-06-18,132448.0501808164,156233.22013926323
2013-06-19,130870.8778937881,154074.58116378958
2013-06-20,126946.48404166292,150256.84674493186
2013-06-21,127088.58390475677,150739.23303440644
2013-06-24,124954.78242626779,148834.4815797089
2013-06-25,127135.38201308608,150265.384794725
2013-06-26,128330.0474823263,151753.13320926146
2013-06-27,129525.93244235414,152643.93940964362
2013-06-28,129185.04402215431,152018.54304010686
2013-07-01,130159.46156952238,152909.24104978415
2013-07-02,129972.51665001652,152767.15059071343
2013-07-03,130197.75215050338,152833.4534610184
2013-07-05,132342.9497716054,154482.3519304679
2013-07-08,132850.9845894582,155363.6553806051
2013-07-09,134223.1186222123,156481.87844263698
2013-07-10,134531.1459126454,156538.67856269696
2013-07-11,136141.05314550785,158670.84687904423
2013-07-12,136856.19746575694,158737.13171756503
2013-07-15,136607.154800519,159343.64880910088
2013-07-16,135884.73839706744,158746.7065949466
2013-07-17,136482.95395469887,159154.11672594197
2013-07-18,137124.7484313279,160026.0256165391
2013-07-19,137133.84683270584,160310.26063003295
2013-07-22,137442.6334538753,160622.98586247754
2013-07-23,136890.78617235745,160281.8425382188
2013-07-24,136019.37569140104,159694.3850425253
2013-07-25,135722.64159894877,160082.80770481494
2013-07-26,134951.23299160792,160253.35231926807
2013-07-29,134145.72334917454,159760.63381747782
2013-07-30,134528.67153430812,159760.63381747782
2013-07-31,134498.52997260523,159874.34224830268
2013-08-01,137754.30814624298,161722.2394875878
2013-08-02,137565.81322021887,161997.04387797328
2013-08-05,137472.30515185275,161760.10623429445
2013-08-06,137036.2851849742,160840.95406923475
2013-08-07,136048.53120221623,160319.67322135717
2013-08-08,137084.3523870206,160907.34709846042
2013-08-09,136949.69917181128,160442.95652956358
2013-08-12,136617.04645426897,160253.35231926807
2013-08-13,137431.51288472424,160727.2456384099
2013-08-14,136421.79414999447,159902.77837190096
2013-08-15,134117.60574721487,157666.4404385421
2013-08-16,133912.3508020815,157145.1956542328
2013-08-19,132860.78473993714,156140.7170865941
2013-08-20,133669.73053747497,156908.25801055398
2013-08-21,133173.92889740222,155941.71831675852
2013-08-22,134908.49856630358,157363.14582920587
2013-08-23,134855.9846883533,157893.82123662354
2013-08-26,134049.73352578408,157306.3096455776
2013-08-27,130958.17930757705,154776.0355988543
2013-08-28,131852.5814627217,155325.75257033014
2013-08-29,132005.72922592284,155572.12083711734
2013-08-30,131603.8808382664,155079.25808105394
2013-09-03,132908.62016260801,155780.60432541373
2013-09-04,134845.811077774,157069.37200189877
2013-09-05,135319.5914828526,157268.33470816605
2013-09-06,135106.88263890953,157344.1944240684
2013-09-09,136191.88726249692,158850.85818017405
2013-09-10,137365.78350412223,160026.0256165391
2013-09-11,137924.5436816847,160528.210805006
2013-09-12,137331.44007972686,160101.81320530485
2013-09-13,137687.55276460006,160461.90793470104
2013-09-16,138700.41202637347,161390.54481822156
2013-09-17,139423.2676963763,162110.73427701398
2013-09-18,140206.27803140524,163987.04960811324
2013-09-19,140573.8243468118,163712.24521772776
2013-09-20,139894.78151896864,162567.6596872744
2013-09-23,138883.2862392348,161815.37365270202
2013-09-24,139260.15741694035,161434.45221261715
2013-09-25,139260.63519572132,160967.91586140695
2013-09-26,139712.5348861023,161586.94701114012
2013-09-27,139424.4055537081,160844.1456950286
2013-09-30,138989.16865164257,159987.0949945678
2013-10-01,140424.9581071957,161253.5212904959
2013-10-02,140443.5480000036,161101.18877803025
2013-10-03,139335.8686265931,159615.62220937546
2013-10-04,140846.15664112548,160824.9959402655
2013-10-07,139310.5159190032,159434.74538260663
2013-10-08,137032.66315093628,157577.85028303266
2013-10-09,136796.26495897665,157692.11769916603
2013-10-10,140220.89660454722,161091.68602778527
2013-10-11,141250.48689987155,162129.63158679902
2013-10-14,142111.50152127427,162777.15295548295
2013-10-15,141372.62066420921,161596.3415706802
2013-10-16,143628.03436036408,163853.19967439727
2013-10-17,143865.1153483956,164948.32402093807
2013-10-18,145841.4755807122,166062.43583618465
2013-10-21,146296.7974187299,166071.9385864296
2013-10-22,146754.80503349673,167033.68182564224
2013-10-23,145064.69796595915,166233.75581735608
2013-10-24,145777.41458369698,166786.10542931725
2013-10-25,146260.47470919337,167547.93027770286
2013-10-28,146455.99265582993,167814.49414273363
2013-10-29,147304.29666213205,168709.60993952668
2013-10-30,146409.84062926593,167871.65489847652
2013-10-31,145915.05197916366,167395.57973345305
2013-11-01,146316.4163498173,167795.47061045957
2013-11-04,147063.89751408662,168385.88531875302
2013-11-05,146256.39584248653,167852.61333441833
2013-11-06,146855.9420300563,168709.60993952668
2013-11-07,144467.22667364147,166576.52200218796
2013-11-08,147757.90298704876,168823.94948279666
2013-11-11,147580.05649341564,168852.5298606681
2013-11-12,147519.5440676733,168509.6735169155
2013-11-13,148887.79526608397,169861.91307359454
2013-11-14,150422.7441245961,170709.40692845793
2013-11-15,151265.2717392893,171452.1000538646
2013-11-18,150452.00852275896,170852.16456354206
2013-11-19,149627.79332333917,170480.8180008387
2013-11-20,149785.82362796695,169947.47388936745
2013-11-21,151373.06375794078,171318.86320080957
2013-11-22,152578.03774484436,172175.82374234963
2013-11-25,152465.40654473306,172004.48572939407
2013-11-26,153050.2146132173,172052.017512403
2013-11-27,153371.90999785785,172471.07617595672
2013-11-29,153123.97066998837,172356.7546644709
2013-12-02,152844.0035125026,171909.16971839816
2013-12-03,152490.87920644027,171166.42249763905
2013-12-04,152849.3843907125,171147.3629017967
2013-12-05,152023.50455121938,170395.14899436093
2013-12-06,153689.70192635566,172299.59390872798
2013-12-09,153919.36413900426,172737.58594563504
2013-12-10,153620.74810923508,172118.7351137433
2013-12-11,152254.92329493305,170185.65572615236
2013-12-12,152207.51623917936,169623.82139573037
2013-12-13,152543.05257009692,169604.7978634563
2013-12-16,153952.0339023614,170661.73089117583
2013-12-17,154082.8737324666,170118.9561565962
2013-12-18,155828.76064207082,173023.31759721303
2013-12-19,155768.26975790822,172823.399206386
2013-12-20,156518.34483634197,173828.58101360642
2013-12-23,157108.77797470472,174757.30805604765
2013-12-24,157510.78642263327,175140.35724666176
2013-12-26,158260.31975553892,176030.71265244027
2013-12-27,157929.5404465522,176021.15580684287
2013-12-30,157955.33424475323,175992.43117469826
2013-12-31,158678.98167995986,176825.3733797558
2014-01-02,156959.3707693749,175130.76433749608
2014-01-03,156843.0462369661,175102.03970535146
2014-01-06,156276.93432079986,174594.57120412975
2014-01-07,158488.66759038295,175666.88534372582
2014-01-08,158831.56974395772,175705.23894860444
2014-01-09,159838.51546204905,175820.0833818305
2014-01-10,160446.05887951562,176298.7911873393
2014-01-13,157529.93440011906,173953.1085149189
2014-01-14,160208.571451552,175848.80801397513
2014-01-15,160840.29860594566,176796.61268404286
2014-01-16,159323.36347157822,176566.88775402246
2014-01-17,158950.19666259104,175820.0833818305
2014-01-21,159357.56836477912,176337.05463329717
2014-01-22,159856.1092092854,176451.91709830737
2014-01-23,158557.5896195983,175006.21880439945
2014-01-24,154409.13350171593,171272.34119771284
2014-01-27,153258.75513170747,170429.84214705788
2014-01-28,154842.3071615219,171444.70702236472
2014-01-29,153636.45128776107,169797.90023987615
2014-01-30,156510.555635686,171597.8329333328
2014-01-31,155729.7662256386,170592.54293540752
2014-02-03,151182.92431632522,166753.37774109223
2014-02-04,151989.4165154318,167921.3144320147
2014-02-05,151989.63928929885,167710.68516140492
2014-02-06,154405.82695677847,169922.39167762033
2014-02-07,155700.92228684537,172028.64832014975
2014-02-10,154972.93038504623,172344.67336909307
2014-02-11,156771.20129826953,174230.7438954153
2014-02-12,157274.7496639786,174316.95385541747
2014-02-13,158431.25148515866,175216.90217036166
2014-02-14,159023.15663282675,176183.8926587608
2014-02-18,159479.21301834212,176394.53996115472
2014-02-19,159091.50308958796,175226.49507952735
2014-02-20,159998.00435757777,176260.473646029
2014-02-21,160747.08861212333,176059.4012210166
2014-02-24,161991.4294192439,177035.98461858142
2014-02-25,161954.42238874434,176968.99654047893
2014-02-26,161859.65355780476,176978.53535429217
2014-02-27,161928.60160029656,177907.26239673342
2014-02-28,162794.537626343,178357.24557009758
2014-03-03,162219.02781588494,177102.99072846805
2014-03-04,164939.8471027979,179592.2604980433
2014-03-05,165415.2604462325,179755.05144531364
2014-03-06,166514.54301059176,180166.7170773675
2014-03-07,166590.5561021345,180243.33412820398
2014-03-10,166551.937712503,180147.58535438858
2014-03-11,165572.21819339247,179257.19388504178
2014-03-12,166240.47175544625,179305.08630373364
2014-03-13,163826.5522010689,177294.50630788304
2014-03-14,163588.50923348867,176796.61268404286
2014-03-17,165449.9152435007,178395.58114319204
2014-03-18,166703.65970670732,179668.82345352732
2014-03-19,165977.94970750978,178711.47996964635
2014-03-20,167734.7089437146,179755.05144531364
2014-03-21,167078.93868663418,179057.94267022813
2014-03-24,165907.82698802507,178317.413358919
2014-03-25,165575.0439354322,179163.62695710803
2014-03-26,163801.30219652984,177875.03959846447
2014-03-27,162605.78786982267,177499.9965200112
2014-03-28,163955.96307754738,178375.1511317546
2014-03-31,165805.2662571111,179836.80755463176
2014-04-01,167793.14944341697,181029.19534485624
2014-04-02,168854.8075796537,181635.04526037868
2014-04-03,168250.8639518485,181394.64551414383
2014-04-04,164879.15177373905,179250.1975527931
2014-04-07,162319.86904619087,177269.24377829445
2014-04-08,163630.2777074529,178000.03592616474
2014-04-09,165676.9878631139,179913.73114579872
2014-04-10,161181.10049115372,176134.46753841653
2014-04-11,159247.35246804453,174547.76069248666
2014-04-14,161034.02549296618,175922.86455146287
2014-04-15,161824.22804209407,177134.58241429192
2014-04-16,164728.97226633987,178990.55789287444
2014-04-17,164807.67908995535,179240.5866118433
2014-04-21,165641.24055355566,179865.6584092654
2014-04-22,166009.6956886376,180683.05721638905
2014-04-23,166392.09033400982,180259.90533783418
2014-04-24,165730.99812731403,180625.3735389059
2014-04-25,162459.7370866055,179144.4231069925
2014-04-28,162549.10627374766,179711.73909979488
2014-04-29,163872.6520529449,180548.37782060236
2014-04-30,164590.24072075117,181086.96918126012
2014-05-01,163980.13710225644,181106.17303137566
2014-05-02,164589.303905072,180846.51533967283
2014-05-05,165025.95318700824,181192.70756349244
2014-05-06,164429.88116944878,179615.62969029654
2014-05-07,164402.7109460141,180673.44627543923
2014-05-08,163731.90634056475,180481.06517038523
2014-05-09,163416.96393533383,180750.31577125375
2014-05-12,166015.03391526805,182510.14577676964
2014-05-13,166013.41019659996,182673.69405897413
2014-05-14,165134.85430584714,181808.20448353302
2014-05-15,162989.37738946173,180211.83260130088
2014-05-16,163359.41953828678,180836.92243050714
2014-05-19,164618.26573613414,181500.47405529686
2014-05-20,163430.17163009278,180356.06884268497
2014-05-21,165696.76459526602,181875.48107018185
2014-05-22,165597.61705233334,182317.8187670681
2014-05-23,167170.71745627452,183048.68304207496
2014-05-27,168592.49235102345,184173.81227743477
2014-05-28,168744.9213029151,184039.18697700053
2014-05-29,169473.76348577262,184991.13895742185
2014-05-30,169880.38292936448,185289.25844470816
2014-06-02,169931.5930674284,185500.84339987766
2014-06-03,169636.3015863039,185404.69792681103
2014-06-04,170062.09595034807,185779.7770688326
2014-06-05,171140.1340141168,186991.4047727409
2014-06-06,172097.96557070862,187885.78126638397
2014-06-09,172405.65320430684,188078.0902443014
2014-06-10,171430.4198720996,188097.31212620105
2014-06-11,171090.88309257344,187443.37144236115
2014-06-12,169427.70802306067,186116.34031991824
2014-06-13,170272.46656422157,186683.67434450478
2014-06-16,169989.08560553304,186837.5936539753
2014-06-17,170457.82640423917,187356.8549420285
2014-06-18,172145.11328871563,188732.01289635713
2014-06-19,172706.54812825832,188943.48966082177
2014-06-20,173279.84549138084,189327.1339003127
2014-06-23,172560.78078551215,189269.16171428323
2014-06-24,170472.13695993117,188128.97593916146
2014-06-25,171057.31913513446,188979.35487948824
2014-06-26,171023.49304400102,188844.06240304056
2014-06-27,171364.6291408362,189211.20756003787
2014-06-30,171187.01392628666,189114.5752287993
2014-07-01,173263.10183220787,190380.2982851457
2014-07-02,173030.51790269508,190573.59901119114
2014-07-03,174551.3578447122,191510.85508753345
2014-07-07,173158.98868771433,190844.14790051818
2014-07-08,172035.3827573188,189617.01286224427
2014-07-09,173677.95517379348,190467.31967543444
2014-07-10,172512.56485404773,189713.57306634626
2014-07-11,172994.43284129488,189974.5651100759
2014-07-14,174239.22166182028,190931.11519545448
2014-07-15,173990.97493274862,190573.59901119114
2014-07-16,174604.93105983804,191279.0024069838
2014-07-17,171860.06592753268,189104.91019249705
2014-07-18,174347.14642092574,191037.43059477946
2014-07-21,174036.19189948033,190679.896378732
2014-07-22,175164.29946888532,191510.85508753345
2014-07-23,174682.32261886523,191935.9904623444
2014-07-24,174552.84502025478,191945.65549864667
2014-07-25,173014.37132737378,191047.04153572928
2014-07-28,173294.01968596203,191124.4159214999
2014-07-29,172278.96361146658,190303.06815364826
2014-07-30,172488.0688697494,190332.04523077092
2014-07-31,169479.29355347404,186573.31982553107
2014-08-01,169597.3547836082,186003.2269379702
2014-08-04,171479.81937297393,187346.34241187136
2014-08-05,169710.09722605644,185529.83850878448
2014-08-06,169929.07781576843,185587.75659946154
2014-08-07,168583.21593085167,184582.86330078746
2014-08-08,170422.04574298474,186718.277338281
2014-08-11,171256.8320789242,187259.33905336677
2014-08-12,170697.91866409974,186998.4912639103
2014-08-13,172095.53023324953,188264.25038382498
2014-08-14,172765.46881929075,189153.2353740084
2014-08-15,172938.38315280995,189114.5752287993
2014-08-18,174667.49099108012,190699.22645133652
2014-08-19,175201.35708391736,191694.45471370834
2014-08-20,176193.8900048979,192206.59344702386
2014-08-21,176257.49179824136,192766.94917114588
2014-08-22,176024.14912473655,192467.4412364803
2014-08-25,176487.26568497004,193443.3394262476
2014-08-26,176150.65571015593,193568.98489817712
2014-08-27,176137.08658828223,193491.6105124065
2014-08-28,175975.83564521946,193385.4033037864
2014-08-29,177089.21388629745,193936.1480869586
2014-09-02,178012.19835364257,193839.5878828566
2014-09-03,177810.05261609095,193733.3085470999
2014-09-04,177695.9904015161,193453.0585579023
2014-09-05,178654.62073361807,194322.64134834456
2014-09-08,178561.58743789827,193820.2037148996
2014-09-09,177515.32770829083,192593.10474019402
2014-09-10,177622.0044857116,193317.76608145464
2014-09-11,177839.3586839294,193539.97175748617
2014-09-12,176196.79705765643,192409.487082235
2014-09-15,175168.86975263106,192264.5476012692
2014-09-16,176886.26184971695,193713.97847449535
2014-09-17,177015.83894164432,193974.84429573597
2014-09-18,178385.92367398547,195008.7146715327
2014-09-19,177438.10141759124,194833.03099859794
2014-09-22,175287.14712187613,193328.33270696423
2014-09-23,174129.3594545048,192221.61392321752
2014-09-24,175344.71334424842,193726.3302466354
2014-09-25,172397.65684946606,190600.41227421627
2014-09-26,173617.58372260234,192114.88379285714
2014-09-29,173013.94527022645,191765.33765718638
2014-09-30,171954.19031019343,191260.60998715486
2014-10-01,168977.61453432354,188668.649206868
2014-10-02,168968.26558159894,188697.77053826384
2014-10-03,170474.79731079057,190775.1763261596
2014-10-06,170108.50239725658,190551.9248066476
2014-10-07,167908.61913473098,187610.52608139484
2014-10-08,170646.90142765854,190891.69771531125
2014-10-09,167172.77860451335,187105.6721888743
2014-10-10,162556.0446809454,184970.02373818686
2014-10-13,159763.21161965028,181931.559918876
2014-10-14,161221.59469655747,182212.96394225894
2014-10-15,161313.34636691827,180980.18495554733
2014-10-16,161459.5846907464,180824.85916691343
2014-10-17,162270.7813744869,182960.56171295332
2014-10-20,164372.81021607996,184737.01702345186
2014-10-21,168260.1219277877,188396.85612443488
2014-10-22,166578.1616120497,187057.11259416904
2014-10-23,169705.92739305386,189231.69166682777
2014-10-24,171274.5214626475,190687.8123319721
2014-10-27,170995.20384082317,190425.75641297785
2014-10-28,172970.61253538777,192609.9103630181
2014-10-29,173361.51968731574,192318.67901727557
2014-10-30,174541.77899222326,193551.56619469207
2014-10-31,178065.7185057106,195764.91360326475
2014-11-03,178408.94140505925,195871.67979719338
2014-11-04,177039.95899309285,195192.18807521855
2014-11-05,178052.593636133,196425.07525263503
2014-11-06,178226.30169440212,197211.31513675436
2014-11-07,177231.89320547628,197395.7983203524
2014-11-10,178457.769653595,198017.15557024043
2014-11-11,179172.10996229,198211.23166300415
2014-11-12,179217.74002283934,197997.69927514685
2014-11-13,179372.81165824304,198220.9327628747
2014-11-14,179318.97749078512,198269.5464529324
2014-11-17,178659.20051498435,198395.66075124973
2014-11-18,179996.63100546278,199541.219998047
2014-11-19,179392.8820528192,199220.8673209086
2014-11-20,179859.40150765868,199570.35936122696
2014-11-21,180521.51313785074,200638.25571370727
2014-11-24,181848.1795834452,201201.17195117802
2014-11-25,182544.24822345332,201055.6374213354
2014-11-26,183320.50922147866,201570.04815945335
2014-11-28,183834.55273376568,201142.92928838634
2014-12-01,181973.87948243527,199745.12341317028
2014-12-02,183130.4346384197,201036.2712851626
2014-12-03,184735.89979223948,201812.82810119548
2014-12-04,185851.1995472164,201589.50445454693
2014-12-05,186054.58617146118,201919.57626334
2014-12-08,184780.84140570686,200570.2217921243
2014-12-09,185855.10207300223,200434.29820323153
2014-12-10,183266.85950720194,197221.03426840907
2014-12-11,184034.70604248633,198220.9327628747
2014-12-12,180929.67122977713,195017.4420550594
2014-12-15,180065.2805881057,193677.75262014597
2014-12-16,178087.13894149868,192124.54882915944
2014-12-17,181930.6065994243,195891.1180605028
2014-12-18,186015.5209991436,200735.2667124129
2014-12-19,186842.63173523525,201589.32413670546
2014-12-22,189070.6722829636,202516.64469998333
2014-12-23,189596.52033511837,202789.97048406882
2014-12-24,189131.2839169792,202809.57103343558
2014-12-26,189394.9010142589,203463.5297490596
2014-12-29,189486.62570861002,203736.85553314514
2014-12-30,188611.8886709415,202643.60649215552
2014-12-31,186815.26902806136,200632.71995597443
2015-01-02,186411.02132108674,200525.37674495313
2015-01-05,183317.38567122418,196903.98140776943
2015-01-06,181310.42225648262,195049.35831299785
2015-01-07,183542.27982503767,197479.84446625703
2015-01-08,186590.16159065597,200984.14139719642
2015-01-09,185629.06019325438,199373.57850084134
2015-01-12,183886.2411000235,197811.7915806013
2015-01-13,183510.50883265323,197255.34875363897
2015-01-14,182761.05326257675,196064.52972863519
2015-01-15,182127.67592675134,194268.41977341747
2015-01-16,184695.62105573723,196816.09449184168
2015-01-20,185198.27749115974,197235.83836319298
2015-01-21,186395.1300211206,198231.48135660012
2015-01-22,189160.06511496316,201179.38955592964
2015-01-23,188336.09036177406,200076.40335150115
2015-01-26,188349.66088560017,200544.88713539913
2015-01-27,185903.92882279688,197899.57030582416
2015-01-28,183882.45219261255,195361.66881440708
2015-01-29,185412.85280303776,197167.57002841608
2015-01-30,183125.3393576372,194688.1456129846
2015-02-02,184099.90888839724,197099.22956650265
2015-02-03,186260.52048276927,199949.51368646554
2015-02-04,186688.65936147477,199188.13963268357
2015-02-05,188990.26120920907,201198.93600994392
2015-02-06,187631.54469930698,200642.52924654988
2015-02-09,186664.6585117387,199744.51033250932
2015-02-10,189234.0248192173,201872.47724315056
2015-02-11,189806.16492390117,201989.5756493949
2015-02-12,192159.17199579158,203931.99550117346
2015-02-13,192087.21007446453,204771.5553710126
2015-02-17,191815.6398351316,205093.62106764482
2015-02-18,192082.76803721985,205113.16752165914
2015-02-19,193258.30581550338,204966.76746617752
2015-02-20,194471.78380314857,206196.6072720733
2015-02-23,194656.2796915151,206167.4498771092
2015-02-24,195197.94833943984,206753.12222617224
2015-02-25,195270.72789384695,206577.2942989643
2015-02-26,196604.48076314756,206333.34229125266
2015-02-27,195784.62083817515,205630.53547237703
2015-03-02,198167.30057146685,206928.75180375457
2015-03-03,196772.1672557567,206079.56296118145
2015-03-04,196006.12969343745,205210.79160102573
2015-03-05,196988.9800301063,205435.26928185966
2015-03-06,194200.30102549822,202545.9463492206
2015-03-09,195427.9397620051,203385.3980283549
2015-03-10,191701.3197936099,200086.12248315586
2015-03-11,191164.97361901388,199617.5665721213
2015-03-12,193760.22343898224,202155.5221588908
2015-03-13,192487.02816225277,200915.87306241956
2015-03-16,195783.19873879213,203600.1926411024
2015-03-17,194533.3461404307,202994.97383802503
2015-03-18,196427.4546327834,205435.26928185966
2015-03-19,196392.6923297423,204498.24761871123
2015-03-20,197973.4551243737,206303.28330708123
2015-03-23,197363.0395481972,205901.31877489795
2015-03-24,196719.64060090386,204744.30934516795
2015-03-25,191420.82993249182,201744.09094003082
2015-03-26,190765.68025946512,201263.67011502816
2015-03-27,191129.64781636655,201724.5264542324
2015-03-30,193014.16653037214,204185.45025913007
2015-03-31,191126.21708283277,202400.9888364707
2015-04-01,190751.69526805417,201685.21716479404
2015-04-02,190886.94386481293,202410.76206347783
2015-04-06,191555.6824303908,203773.64037280303
2015-04-07,190485.48826710516,203234.41789970017
2015-04-08,191802.08029944517,203920.70760429805
2015-04-09,191771.15418724535,204822.8017015556
2015-04-10,192340.01596610813,205940.50184184726
2015-04-13,190617.3629923612,205009.0339682158
2015-04-14,190388.03759691428,205401.2793687444
2015-04-15,190522.99356109195,206322.88385644797
2015-04-16,190529.22806014074,206264.11827191606
2015-04-17,187785.9124088253,203891.3338279242
2015-04-20,188679.95628787152,205754.25154340293
2015-04-21,189240.3146642802,205509.14550150593
2015-04-22,190382.65285928376,206518.97950903603
2015-04-23,190669.18779064744,207038.63749634047
2015-04-24,190951.74050652777,207519.0943849114
2015-04-27,189813.99076059213,206656.32760887634
2015-04-28,189184.12917150327,207313.20747353206
2015-04-29,187919.82805037565,206460.1598291517
2015-04-30,186891.04008384421,204391.3191387253
2015-05-01,190172.88635124473,206607.2270606467
2015-05-04,190283.9253549924,207195.47795484262
2015-05-05,188452.86436945575,204822.8017015556
2015-05-06,187757.9803049539,203979.5272841824
2015-05-07,189446.41163819315,204793.33776626101
2015-05-08,191989.37803444677,207489.63044961682
2015-05-11,191378.84611508838,206499.3789596693
2015-05-12,190913.37697957858,205881.70019374706
2015-05-13,191213.0385330175,205920.93735604882
2015-05-14,193799.22972345963,208068.18024394216
2015-05-15,194020.3886738981,208293.6496729041
2015-05-18,195189.70342652593,208940.79237412097
2015-05-19,195172.3564824155,208872.14537187704
2015-05-20,194542.36783614024,208725.1142039503
2015-05-21,194799.3035484649,209332.94761572883
2015-05-22,194520.69421366608,208832.94427314357
2015-05-26,193103.68660986453,206587.60847949583
2015-05-27,194866.6285624812,208548.65516429726
2015-05-28,194975.65161974766,208313.28628583913
2015-05-29,194226.87412060337,207019.05497875786
2015-06-01,194331.1846176563,207440.6561238762
2015-06-02,194145.17760860478,207234.76921249682
2015-06-03,194194.5321343816,207783.7468808227
2015-06-04,192301.20959603,206028.74939345793
2015-06-05,192581.85658488743,205675.83131415184
2015-06-08,191129.89300986857,204410.9918152286
2015-06-09,191391.0405286706,204381.54591171813
2015-06-10,194013.71971817932,206832.7505849611
2015-06-11,194771.24334115058,207499.43974019223
2015-06-12,193609.06012948992,205911.07397012095
2015-06-15,192707.96340983658,205028.6525493667
2015-06-16,193719.2668290953,206146.4608803632
2015-06-17,194281.61734529785,206479.74234673427
2015-06-18,196393.2934207343,208626.9672028435
2015-06-19,195452.49187043696,207700.83673731925
2015-06-22,195844.75833303775,208764.98247869717
2015-06-23,196027.93600747793,208912.73491798976
2015-06-24,194449.34280284063,207395.46847280624
2015-06-25,193795.52248607847,206764.8609176513
2015-06-26,194258.20830085553,206725.49753286052
2015-06-29,190184.41324829563,202390.36811560867
2015-06-30,191807.05108187554,202813.98882055134
2015-07-01,195056.8280433886,204439.73447915737
2015-07-02,195394.7046462611,204252.492432585
2015-07-06,195003.28027046978,203671.23787063773
2015-07-07,195419.04540503016,204952.0715620985
2015-07-08,191750.08348003827,201513.55457972383
2015-07-09,192732.76679003777,201878.04906445168
2015-07-10,195786.08858659325,204419.97164373333
2015-07-13,198269.20371784442,206676.288793926
2015-07-14,198621.24324469533,207572.82910166658
2015-07-15,198070.80740002776,207503.87555909218
2015-07-16,200008.68295555518,209168.93050713654
2015-07-17,202751.90200944155,209346.29113599687
2015-07-20,202126.59173472517,209454.60806336207
2015-07-21,201385.73285968296,208626.9672028435
2015-07-22,202142.4096223713,208252.69949110848
2015-07-23,200166.96551720452,207080.1827270129
2015-07-24,197990.13323787742,204932.3628220269
2015-07-27,195629.68228186955,203740.22747678045
2015-07-28,198004.84161386063,206242.750607703
2015-07-29,199773.87098021668,207661.54547966504
2015-07-30,199839.4640934189,207710.73618681543
2015-07-31,200214.14639515657,207395.46847280624
2015-08-03,200351.69123506782,206695.97950221345
2015-08-04,200700.45785400277,206291.94131485338
2015-08-05,202674.30864205598,206971.84776786357
2015-08-06,201807.07888409396,205277.18463025143
2015-08-07,200821.34825663117,204883.09998773993
2015-08-10,204299.01189285473,207464.4400471648
2015-08-11,202954.32476438803,205592.47037604474
2015-08-12,203381.3132914968,205838.73045212709
2015-08-13,203594.48796019395,205582.64305368517
2015-08-14,203765.43991673234,206331.43092213318
2015-08-17,205726.13098338872,207484.14878723642
2015-08-18,205658.71168755952,206883.1674534334
2015-08-19,204098.4593041017,205247.59447246778
2015-08-20,200133.36728950165,200961.78198485533
2015-08-21,190577.39708467093,194912.3347852722
2015-08-24,183200.07250872374,186705.22232655928
2015-08-25,182307.5390842101,184508.08549193386
2015-08-26,189066.37780367662,191592.0341797589
2015-08-27,192625.40156320253,196331.11162545008
2015-08-28,192735.18214450637,196340.95697959382
2015-08-31,191119.02831975758,194754.68289648346
2015-09-01,185162.50562995183,188941.75860954376
2015-09-02,189229.09986158606,192528.028031211
2015-09-03,189956.05507042614,192666.0072434964
2015-09-04,187630.89357183265,189749.60057107
2015-09-08,193111.29291766504,194518.2140791924
2015-09-09,191228.2393264744,191917.1472479118
2015-09-10,193012.64776445107,192961.4940902974
2015-09-11,194453.46330034526,193838.4158168871
2015-09-14,193111.1455085984,193119.20007443856
2015-09-15,195523.42772097344,195533.0248591468
2015-09-16,196658.26546904646,197227.7060285431
2015-09-17,196463.84983767787,196784.34051996053
2015-09-18,193120.84577478204,193568.57016714176
2015-09-21,193653.6368398933,194568.82929729033
2015-09-22,190983.83542259666,192043.3336733657
2015-09-23,190873.83846989615,191736.34254827956
2015-09-24,189659.66976122456,191043.11060678546
2015-09-25,191538.05013968857,190993.63139108874
2015-09-28,185626.43900811407,186200.20614798143
2015-09-29,186008.7138135154,186309.15418779175
2015-09-30,190223.65751048946,189785.37563081575
2015-10-01,191238.22115078257,190280.47432811328
2015-10-02,192796.0438410546,193122.91462197265
2015-10-05,195723.95627018064,196559.46613987538
2015-10-06,194328.1001571117,195886.08719272606
2015-10-07,195938.03899190892,197490.39305998245
2015-10-08,198231.4793757829,199273.1594949321
2015-10-09,197514.4395564609,199391.8987935337
2015-10-12,199330.7271559853,199580.11455644996
2015-10-13,197342.02000199514,198322.34351691196
2015-10-14,196480.35459216687,197371.54557067598
2015-10-15,199930.72179369163,200402.18359566745
2015-10-16,201390.89611820254,201313.2755532139
2015-10-19,201727.03573208142,201412.28807995975
2015-10-20,201871.64815562835,201154.83026592273
2015-10-21,199941.84353120578,199906.95867588092
2015-10-22,204153.43339737845,203284.13152859078
2015-10-23,205218.06416357154,205512.48138157296
2015-10-26,205849.91153411297,205007.37504407438
2015-10-27,205428.5994714971,204611.2167463861
2015-10-28,207690.45869153764,206938.6332214666
2015-10-29,207887.61770581157,206819.7496685918
2015-10-30,207564.72682687297,205928.43857825358
2015-11-02,210533.0890824448,208364.76702957606
2015-11-03,210290.16964212782,208968.83179846805
2015-11-04,209995.78041173192,208335.0145857351
2015-11-05,210048.50891319633,208127.10811453138
2015-11-06,210876.94913917664,208018.10597936864
2015-11-09,208161.54940917203,206076.98441604857
2015-11-10,209154.02535186088,206552.39240505864
2015-11-11,208804.23179202754,205740.27691068975
2015-11-12,205730.57897105836,202868.12023655773
2015-11-13,202459.12807431788,200590.32723144713
2015-11-16,205062.6336862384,203640.63793294193
2015-11-17,204899.26076324662,203492.0740633628
2015-11-18,207966.5500893887,206720.73714184595
2015-11-19,208666.8313087694,206542.45689199417
2015-11-20,210899.85359682195,207295.17568938603
2015-11-23,210854.2704194188,207057.48071077306
2015-11-24,210175.91141096936,207334.75545558656
2015-11-25,210320.4194368946,207305.07513888218
2015-11-27,210760.1961698771,207542.69799035857
2015-11-30,209934.42063059035,206681.12131207713
2015-12-01,211926.68440856083,208651.977287454
2015-12-02,209620.7937213853,206522.67602478596
2015-12-03,206154.93947247043,203630.77454701404
2015-12-04,211360.53539215212,207602.16681447218
2015-12-07,210037.76219030094,206344.3236477976
2015-12-08,209829.0587093036,204957.82370124108
2015-12-09,206272.7449912528,203363.32712456014
2015-12-10,206507.21193559823,203888.23236105105
2015-12-11,201483.2549495269,199936.6570243694
2015-12-14,202833.56290351014,200946.81560401415
2015-12-15,204582.56639587565,203056.335999474
2015-12-16,207686.28880446492,206027.4511049994
2015-12-17,205696.89556633355,202888.0092944708
2015-12-18,202186.4386298029,199273.59225775162
2015-12-21,203723.60792892345,200917.31560515123
2015-12-22,205759.18466483225,202740.5633955087
2015-12-23,207047.7831183864,205251.1287021604
2015-12-24,206753.63948364605,204912.40163697724
2015-12-28,206974.19915784404,204444.18832984145
2015-12-29,209017.483687933,206625.96208437442
2015-12-30,207854.3596588484,205161.43860781807
2015-12-31,205642.05865098134,203109.1510952377
2016-01-04,201933.13682463413,200269.74014111486
2016-01-05,202103.6711938425,200608.50326986634
2016-01-06,199255.7498125787,198077.97677816497
2016-01-07,195511.9535507291,193325.77219361547
2016-01-08,191727.72627738447,191203.77380352656
2016-01-11,193325.5270995183,191393.0354099233
2016-01-12,195725.90067609557,192937.2954359734
2016-01-13,189552.9698917669,188125.2974551957
2016-01-14,191469.8007214707,191213.7273483752
2016-01-15,187554.0488094521,187109.02610072546
2016-01-19,188313.1728413972,187358.153230487
2016-01-20,187442.42014646786,184957.1490443066
2016-01-21,187724.0207798108,185993.2373295533
2016-01-22,191737.7923922982,189809.0152998312
2016-01-25,189758.967200477,186939.72567937837
2016-01-26,192911.91615842612,189490.15926077694
2016-01-27,191073.88910200621,187427.88213977971
2016-01-28,192026.1662551533,188404.24915593475
2016-01-29,198395.5802883432,192996.96260971265
2016-02-01,199470.52181967895,192927.34189112482
2016-02-02,196659.91437163437,189450.29098603007
2016-02-03,195304.3563321793,190586.02291046776
2016-02-04,195180.7415227091,190884.91776447234
2016-02-05,191113.19205002504,187248.51998287914
2016-02-08,189010.10397457387,184728.019163163
2016-02-09,191131.27133613973,184737.95467622744
2016-02-10,191224.1194474987,184578.5717361607
2016-02-11,189851.266038773,182177.60361354856
2016-02-12,193578.72137138355,185933.51606046164
2016-02-16,196484.375362736,189071.73170966833
2016-02-17,199711.7497438412,192160.12553927954
2016-02-18,199663.54205494976,191373.1824155785
2016-02-19,201000.20909543798,191283.47428945202
2016-02-22,203050.50742893206,194053.06617536143
2016-02-23,201466.7273838915,191602.2582013697
2016-02-24,203093.45549474834,192478.96354654964
2016-02-25,205045.67222215643,194810.18472808492
2016-02-26,204700.6366106085,194361.95063778292
2016-02-29,203423.14075462072,192837.63376499832
2016-03-01,207775.34138156506,197370.62594968453
2016-03-02,208414.3131416126,198257.35696684968
2016-03-03,209861.1904176339,199034.47276819113
2016-03-04,209987.85111208237,199682.0121686592
2016-03-07,208962.1374514665,199841.4131405101
2016-03-08,208046.61308059542,197659.51316348807
2016-03-09,208580.3214447234,198635.91624321142
2016-03-10,208405.87657668092,198795.3352468465
2016-03-11,211765.12860412727,202003.2617735617
2016-03-14,211616.7938185877,201744.2712578723
2016-03-15,212237.2719019357,201415.49773753772
2016-03-16,213539.55247864337,202581.12636008952
2016-03-17,214418.79824415597,203866.28767974535
2016-03-18,215088.6992079462,204667.4218175693
2016-03-21,215591.68534052192,204957.80566945695
2016-03-22,215229.75224846991,204847.667531893
2016-03-23,214281.36658909966,203495.8427062493
2016-03-24,213613.64098044447,203405.68378551916
2016-03-28,213935.20353939605,203525.82956328415
2016-03-29,215876.36228362317,205408.4920824028
2016-03-30,216050.14715408816,206309.75671758965
2016-03-31,215918.26866067405,205809.086198991
2016-04-01,216891.0785383284,207210.9852892082
2016-04-04,214554.8684129313,206540.0406329186
2016-04-05,212606.4737340382,204477.16846304454
2016-04-06,213302.9690109778,206710.35083417784
2016-04-07,210646.85074210083,204236.8228121621
2016-04-08,209827.58128826797,204787.58562711842
2016-04-11,209613.02383090262,204306.96645249016
2016-04-12,210509.08776824508,206209.6081884426
2016-04-13,212063.22285933842,208292.54973407122
2016-04-14,211263.7701667711,208302.55737427226
2016-04-15,211867.40621324425,208072.25542715917
2016-04-18,212726.6938872827,209534.27248571924
2016-04-19,212593.08832223737,210195.17343823952
2016-04-20,211045.4830859548,210395.45246474945
2016-04-21,208451.76957780487,209263.93997780196
2016-04-22,209467.5431098357,209263.93997780196
2016-04-25,209584.09189020353,208903.3583902338
2016-04-26,210882.06969941742,209213.79358609187
2016-04-27,213423.7701882534,209644.46471863563
2016-04-28,210381.12252992095,207741.78691911488
2016-04-29,209458.62599307552,206620.1919134477
2016-05-02,211945.62254242692,208262.49074989976
2016-05-03,210792.89380293852,206449.9899028933
2016-05-04,210375.39693757097,205298.29984948642
2016-05-05,209884.45036971444,205258.2151933298
2016-05-06,210966.29324665925,206009.36522550095
2016-05-09,211448.32557884508,206179.54920427117
2016-05-10,212636.13110226375,208743.10992452805
2016-05-11,209185.16833004763,206790.41195578623
2016-05-12,209940.10879203555,206850.4577969925
2016-05-13,209277.23641747358,205047.9285266188
2016-05-16,210315.39914413693,207070.82423104113
2016-05-17,207582.83518424127,205138.08744734895
2016-05-18,206897.42477162147,205198.15132033938
2016-05-19,206638.7987270621,204487.12200789314
2016-05-20,208384.1846484876,205778.955087683
2016-05-23,207636.42409144735,205498.68706670124
2016-05-24,210771.1709312319,208162.252061832
2016-05-25,211026.7204956143,209574.32107830758
2016-05-26,211673.09916340705,209634.4210148663
2016-05-27,212640.71725562925,210535.75777718972
2016-05-31,213391.97167426324,210135.14562881738
2016-06-01,214884.21906895284,210565.74463422457
2016-06-02,215871.43879828928,211206.63030634276
2016-06-03,216361.66816657424,210575.7522744256
2016-06-06,216875.4036229459,211647.27301551928
2016-06-07,217555.77959193985,211977.66939642697
2016-06-08,218425.87156082553,212668.66539668696
2016-06-09,218941.66654826427,212378.26351301518
2016-06-10,217259.21098565467,210365.44757593048
2016-06-13,216289.74902385383,208743.10992452805
2016-06-14,216031.33221086973,208332.50816773882
2016-06-15,215701.8559415588,208042.17841120358
2016-06-16,216471.73987821257,208663.08486648797
2016-06-17,215912.79407953328,207885.96906514652
2016-06-20,216690.67911440204,209224.7388790685
2016-06-21,217176.0809974618,209818.68781705457
2016-06-22,217333.9196776029,209476.42652217878
2016-06-23,220069.60184639922,212204.23876422184
2016-06-24,214079.54870111658,204584.20513373535
2016-06-27,212131.33495085713,200920.1646270463
2016-06-28,214934.94074381242,204543.9581915214
2016-06-29,217956.55027821157,208026.88745824774
2016-06-30,221109.91279570284,210865.48698208402
2016-07-01,221671.07705806056,211308.40169606294
2016-07-05,221740.61874198786,209788.48457860996
2016-07-06,222158.2294508903,211046.67034918332
2016-07-07,221503.1201126612,210915.83172341975
2016-07-08,224825.23937887055,214056.48166348613
2016-07-11,225988.1278693662,214811.41837032794
2016-07-12,225638.2957395334,216371.74471605217
2016-07-13,225765.6600976813,216341.5054140393
2016-07-14,226206.44891592814,217549.41857041352
2016-07-15,225901.01505513504,217257.53808044174
2016-07-18,226096.41804495218,217841.31709216945
2016-07-19,225671.63537994341,217619.86875107206
2016-07-20,225888.10846329143,218525.82165013687
2016-07-21,225028.28113352854,217700.43476263652
2016-07-22,226877.33377448993,218676.83784235988
2016-07-25,227115.31285968717,218082.9249679421
2016-07-26,227297.33066073494,218183.65051418182
2016-07-27,227057.25134908847,217952.06831039436
2016-07-28,227489.65161329036,218203.75595350465
2016-07-29,228181.58643529366,218556.1150475022
2016-08-01,228924.96496720833,218374.84152148216
2016-08-02,226137.69111702955,216975.64719888684
2016-08-03,226241.46826391228,217609.80701551857
2016-08-04,226708.0919489969,217841.31709216945
2016-08-05,228161.09919478482,219623.03768363863
2016-08-08,227605.86085511855,219492.19905787503
2016-08-09,227491.61554898665,219623.03768363863
2016-08-10,226877.23912756232,219079.54167769314
2016-08-11,227359.16875174418,220096.137604278
2016-08-12,227921.0405585886,219904.98266054594
2016-08-15,227919.45244741312,220539.03428647277
2016-08-16,225950.47879551604,219401.60737432537
2016-08-17,226630.6712121234,219814.33688164386
2016-08-18,227783.09228513762,220307.57830517433
2016-08-19,227230.04815185396,219985.44048140553
2016-08-22,227676.1442387516,219975.34268228375
2016-08-23,227710.5055687249,220418.3114916151
2016-08-24,226835.8519791644,219290.89221966875
2016-08-25,227082.06585320266,219139.91209101406
2016-08-26,225443.64304818225,218727.18258369557
2016-08-29,227239.11734195182,219804.22105073792
2016-08-30,226253.76369563557,219441.89038010762
2016-08-31,226262.16809306835,218817.77426724523
2016-09-01,227269.95270615813,218827.85403458285
2016-09-02,227942.76719102246,219814.33688164386
2016-09-06,228355.20881833573,220478.7540320726
2016-09-07,228446.18979901506,220458.52237026076
2016-09-08,227710.24844721286,219955.23724296092
2016-09-09,221790.4998830207,214690.67754368615
2016-09-12,224862.54028861827,217770.9029750792
2016-09-13,221812.76984743375,214640.33280235043
2016-09-14,221921.1177089468,214559.8569497067
2016-09-15,224402.49525042888,216703.89018002205
2016-09-16,224207.073205775,215866.18758394994
2016-09-19,226245.9375286426,215906.65090757364
2016-09-20,225531.19437382437,215916.76673847958
2016-09-21,228725.05568370366,218344.87269623147
2016-09-22,230117.84914394506,219720.7338901418
2016-09-23,228941.68855486976,218516.87788520043
2016-09-26,226700.5603680811,216746.39109525425
2016-09-27,227195.2371138963,218091.9769235834
2016-09-28,227374.07184780817,219174.4429576537
2016-09-29,225059.85593555693,217191.48765511482
2016-09-30,225289.28648394608,218830.46864328405
2016-10-03,223565.4197826503,218304.40937260777
2016-10-04,222728.10842674924,217191.48765511482
2016-10-05,224290.9607263769,218152.68994080307
2016-10-06,225458.85386473857,218304.40937260777
2016-10-07,224504.96502461517,217555.71166308047
2016-10-10,224851.5652578457,218688.86504238527
2016-10-11,221510.11950810917,215926.8465058172
2016-10-12,221840.54681974568,216210.17993010377
2016-10-13,220820.43249546233,215501.98160776845
2016-10-14,221444.39948357723,215613.27377951774
2016-10-17,220265.75347072375,214864.61213355875
2016-10-18,221776.53636102713,216210.17993010377
2016-10-19,221438.95980838494,216786.8363870938
2016-10-20,221078.18090498293,216382.14905550444
2016-10-21,220681.60606193688,216483.37949170024
2016-10-24,222168.40433506086,217403.9922312758
2016-10-25,222318.85753358714,216675.54421534447
2016-10-26,221489.78343454713,216240.52742282153
2016-10-27,220570.96227489112,215663.83490226322
2016-10-28,220049.03902044226,215026.4654280535
2016-10-31,221107.54900242167,215036.59929074356
2016-11-01,218336.38235303582,213478.5269180376
2016-11-02,216824.87613157838,212193.74426584886
2016-11-03,217112.25084426196,211222.53433995956
2016-11-04,216163.39072503737,210989.88826090746
2016-11-07,222401.9993112796,215643.6212722355
2016-11-08,224142.7403635908,216614.86726169309
2016-11-09,227990.9761129163,218911.467417668
2016-11-10,227516.33273696637,219457.70425480368
2016-11-11,231353.51900369007,218951.84058237096
2016-11-14,230494.61853474105,219123.88183490824
2016-11-15,232764.67540122345,220833.61954406646
2016-11-16,233044.9407130209,220418.8524451395
2016-11-17,235432.16920730454,221551.95172909184
2016-11-18,235421.3912352847,221056.20388756506
2016-11-21,237224.21806340004,222725.49630488374
2016-11-22,238223.7942042228,223160.51309740669
2016-11-23,238819.00796505192,223281.9211000619
2016-11-25,240096.27732453015,224111.54545683658
2016-11-28,238240.8270126311,223059.39085191576
2016-11-29,238404.02350060426,223494.38961265457
2016-11-30,238427.722881607,222958.21451107238
2016-12-01,234980.229408517,222138.70598520365
2016-12-02,235799.08501375077,222250.05225230538
2016-12-05,238796.98994704834,223585.45012259204
2016-12-06,240070.4293032384,224293.6304131432
2016-12-07,244822.95668628145,227227.61807511194
2016-12-08,245507.38659713152,227784.00680672182
2016-12-09,244702.05757414433,229159.94012776876
2016-12-12,243069.15309090324,228896.87442886236
2016-12-13,244762.48019497187,230424.5812770664
2016-12-14,243576.87089447305,228522.55262177493
2016-12-15,244938.9293471222,229463.3970231623
2016-12-16,243068.31005297226,229014.6580429042
2016-12-19,244700.34755600276,229513.3090016785
2016-12-20,246640.78780557332,230398.66960324856
2016-12-21,246461.5391997825,229757.54951793648
2016-12-22,247971.7687913734,229360.63388531408
2016-12-23,248084.410682508,229696.5299603863
2016-12-27,250163.03834206596,230266.37040296913
2016-12-28,246203.10033798756,228363.33196776547
2016-12-29,246144.5747299791,228312.4462729054
2016-12-30,243572.62776407308,227478.0074297637
2017-01-03,244363.24335916218,229218.2008223446
2017-01-04,246139.9448362471,230581.81843481978
2017-01-05,244756.63379017444,230398.66960324856
2017-01-06,246015.560886309,231222.956551916
2017-01-09,245685.6755436754,230459.7612879353
2017-01-10,247184.22808024727,230459.7612879353
2017-01-11,248518.2186234176,231111.01523593746
2017-01-12,246829.24949584046,230530.98683531213
2017-01-13,248239.69589318775,231060.1115092932
2017-01-17,246204.7902226595,230246.01251866829
2017-01-18,249213.55278007616,230754.9055308375
2017-01-19,251245.25184111696,229900.01864447427
2017-01-20,252311.30481275992,230744.71757279502
2017-01-23,251846.1172545995,230144.22309716392
2017-01-24,254679.24884053116,231619.89021632256
2017-01-25,256892.98469535014,233624.64594589398
2017-01-26,258420.0951768943,233380.38739785185
2017-01-27,259679.11332810886,233014.05367114113
2017-01-30,257998.2653974376,231568.91436254172
2017-01-31,255661.23650636623,231548.64663716158
2017-02-01,257604.79819759785,231640.17597348682
2017-02-02,257412.96856550153,231792.85108985126
2017-02-03,259219.27844185627,233390.5933876785
2017-02-06,259154.51673248754,232973.33790253938
2017-02-07,259698.40352068952,232983.54389236603
2017-02-08,259724.2000621405,233288.80396617416
2017-02-09,260548.71380355622,234672.83355830266
2017-02-10,261180.18190266797,235598.9279602586
2017-02-13,262262.6257834091,236881.20419445104
2017-02-14,262761.8855845821,237827.58435357126
2017-02-15,264328.97296447447,239069.16285094613
2017-02-16,263444.2692213582,238865.62007150575
2017-02-17,263446.51400031254,239242.15978804315
2017-02-21,265432.84865478106,240666.8330216368
2017-02-22,265383.64515172696,240453.17441129047
2017-02-23,262851.84273994365,240615.98339034498
2017-02-24,264160.63065505074,240921.29755950556
2017-02-27,264881.45317901816,241297.83727604293
2017-02-28,264116.15931579354,240646.49316912008
2017-03-01,269216.92230394937,244014.9927336557
2017-03-02,265526.97907505557,242478.32408873105
2017-03-03,266330.84844303894,242630.98117331136
2017-03-06,265955.0485972698,241908.41151901166
2017-03-07,264523.0271123653,241185.8959600644
2017-03-08,264390.70882609586,240738.07660079774
2017-03-09,263949.32726549444,241043.39076995832
2017-03-10,265525.09575231955,241888.07166649494
2017-03-13,266922.95066893694,242010.200940516
2017-03-14,265211.11725438264,241084.0885067759
2017-03-15,268145.86491682654,243170.2757735508
2017-03-16,268325.5934145327,242692.0367944298
2017-03-17,268831.2145447896,242265.74738543353
2017-03-20,268862.7616759333,242000.08510961005
2017-03-21,262949.7911250137,238892.92019270285
2017-03-22,265015.4078461046,239455.024999887
2017-03-23,264861.5724842937,239199.5687138902
2017-03-24,265105.3792681682,239025.7783782908
2017-03-27,264604.4696516165,238780.4739867682
2017-03-28,266998.25082180294,240518.07080243205
2017-03-29,266720.9133777203,240742.89108716475
2017-03-30,268196.4534475557,241509.45829478075
2017-03-31,267775.6633455273,240947.29939224414
2017-04-03,266596.6828001319,240528.22269690625
2017-04-04,266183.1391396205,240681.5649892841
2017-04-05,264813.0952495876,239966.0818261538
2017-04-06,266112.7520841472,240640.7049664092
2017-04-07,265541.2160258529,240395.34647953417
2017-04-10,265226.63266425004,240538.48278208534
2017-04-11,264793.1559272893,240252.24624055126
2017-04-12,260655.3117125663,239199.5687138902
2017-04-13,258528.00189151563,237645.95019186832
2017-04-17,261918.1736210159,239751.46753124773
2017-04-18,260973.32737291648,239035.96633633328
2017-04-19,262365.1349657436,238596.49569312626
2017-04-20,265287.4015336999,240538.48278208534
2017-04-21,264979.283987176,239771.91557446934
2017-04-24,268747.34506947105,242408.86565620056
2017-04-25,269959.17314375273,243819.3478756713
2017-04-26,269790.6327190157,243666.0596786459
2017-04-27,269975.92428448476,243870.46798372528
2017-04-28,268927.66532343207,243339.05327315762
2017-05-01,270291.4133100638,243952.24212482752
2017-05-02,270774.73855050805,244044.16816040396
2017-05-03,270560.73342160706,243747.83381974814
2017-05-04,271465.1383761047,244034.01626592976
2017-05-05,271890.7009670658,244994.76775701437
2017-05-08,271503.32767181855,244953.9257659236
2017-05-09,271550.2067359799,244729.03335405432
2017-05-10,272939.1554826077,245168.5220290455
2017-05-11,272802.7631386009,244667.7974150944
2017-05-12,272121.2170394455,244258.87261423076
2017-05-15,274000.25296551926,245608.04676760497
2017-05-16,274941.51320576516,245383.22648287227
2017-05-17,268032.52297691826,241029.10959691467
2017-05-18,270003.44351904624,242000.08510961005
2017-05-19,272149.16040831205,243574.09757950113
2017-05-22,274216.2834839778,244810.82552694072
2017-05-23,274292.48434866563,245352.5183544716
2017-05-24,274960.8978044523,245924.8652150507
2017-05-25,276908.03595811833,247100.28509639378
2017-05-26,277518.0678226601,247049.20105190808
2017-05-30,277867.14445667696,246834.5326616496
2017-05-31,278712.9477821018,246773.26065912138
2017-06-01,281469.90671475785,248735.6236641655
2017-06-02,283319.2242300444,249563.498937878
2017-06-05,283618.2531093944,249379.6108031568
2017-06-06,280738.1083425933,248582.31743535594
2017-06-07,281994.53810685105,249042.29021713702
2017-06-08,284672.5958582076,249164.88831754588
2017-06-09,283485.17074674333,248786.7437722195
2017-06-12,283282.960346784,248735.6236641655
2017-06-13,284865.9485901996,249951.90356838348
2017-06-14,284644.9340430951,249635.0670891536
2017-06-15,284222.0343797158,249154.66429593507
2017-06-16,284919.13612685236,249209.21044297682
2017-06-19,287963.2211011933,251283.82130432996
2017-06-20,285047.7737213138,249589.17619850195
2017-06-21,283831.160723741,249527.52552850667
2017-06-22,282131.53248174436,249414.5203372635
2017-06-23,282058.2478797186,249712.42344314005
2017-06-26,281635.9701715782,249876.72906027868
2017-06-27,279182.31566971337,247863.6787100001
2017-06-28,283181.64657125325,250082.12911348612
2017-06-29,279664.34321697586,247884.25297571073
2017-06-30,280212.2010008665,248346.33547623685
2017-07-03,279597.8068093087,248767.50385853567
2017-07-05,281167.58618971065,249342.6636774416
2017-07-06,279172.9845215347,247062.50850860786
2017-07-07,282569.45233849133,248664.7226889033
2017-07-10,283551.5791332005,248931.73734853772
2017-07-11,283744.84749373543,248746.9115610409
2017-07-12,286530.1469417817,250616.2666234598
2017-07-13,286571.31144804816,251037.2727197013
2017-07-14,287746.8764229384,252208.16662322372
2017-07-17,288607.39067665074,252177.35030411815
2017-07-18,289196.46421901527,252310.89369750366
2017-07-19,290526.61180986505,253676.89150548613
2017-07-20,290802.67760338384,253789.87866494514
2017-07-21,291098.1118343182,253563.88631424296
2017-07-24,290514.3402985383,253502.3258031684
2017-07-25,291542.32444799616,254118.52596279068
2017-07-26,291230.86409049307,254128.8040797539
2017-07-27,289983.75612804247,253892.55164387263
2017-07-28,289984.07330749,253594.70263334853
2017-07-31,288537.63917789015,253450.91718656808
2017-08-01,290183.2107483435,254015.87101564734
2017-08-02,289589.9075356583,254139.1002285013
2017-08-03,288620.02093588136,253646.11124994885
2017-08-04,289404.6673787736,254108.30194117987
2017-08-07,290360.8997901814,254580.6805904534
2017-08-08,289358.23970107787,253954.18428208376
2017-08-09,288981.06420829985,253943.96026047296
2017-08-10,283576.55564994435,250359.45795365205
2017-08-11,283663.4795061598,250729.18165578225
2017-08-14,288242.9996055732,253214.7008142551
2017-08-15,287858.50008614274,253183.86646336538
2017-08-16,288550.52035133005,253625.5730478065
2017-08-17,284436.7041399178,249671.32900707127
2017-08-18,284344.14613032347,249281.0490710146
2017-08-21,284519.94856133114,249476.18903904295
2017-08-22,288025.0065230101,252084.88331501733
2017-08-23,286638.6788337085,251181.09423005002
2017-08-24,285980.69712752174,250595.7464531016
2017-08-25,287121.7670551358,251181.09423005002
2017-08-28,287643.79475933575,251191.3903787974
2017-08-29,286901.9996143911,251478.99733592657
2017-08-30,288533.92330391984,252670.3392826706
2017-08-31,290697.7408144986,254190.47278153335
2017-09-01,290573.07332869526,254549.9183667003
2017-09-05,287461.0261440473,252721.74789927094
2017-09-06,288588.1124814236,253584.388452817
2017-09-07,287460.232129324,253553.6081972797
2017-09-08,288444.4497632703,253255.7952503239
2017-09-11,293107.6052534353,255956.97454718326
2017-09-12,294660.11151002167,256819.74132321833
2017-09-13,295595.46312513575,256942.91644071986
2017-09-14,294878.9663279592,256860.83575928715
2017-09-15,295065.7289421751,257206.5771885031
2017-09-18,295631.4197819753,257753.6074241412
2017-09-19,294815.972188943,258011.67831883917
2017-09-20,294938.5747339164,258104.59610254367
2017-09-21,293987.31263958826,257413.023085191
2017-09-22,295371.8744691334,257464.63005141693
2017-09-25,292858.9685124276,256938.28227219434
2017-09-26,292968.0810743319,257093.10317087214
2017-09-27,295302.0660394622,258094.28192201213
2017-09-28,296401.8080558465,258403.9417511519
2017-09-29,298894.98644718615,259312.22075037158
2017-10-02,300097.9198740421,260437.29589037894
2017-10-03,302134.0808402568,260994.6583383327
2017-10-04,302637.871268926,261304.31816747246
2017-10-05,303823.9750362883,262852.581249603
2017-10-06,303626.17949313263,262553.25363277894
2017-10-09,304140.96997928806,262119.75151012422
2017-10-10,305171.7470784018,262811.27043212444
2017-10-11,305391.38863157824,263224.1802572844
2017-10-12,305132.27790441975,262831.9709203241
2017-10-13,306056.85939950956,263151.92689821124
2017-10-16,307078.68146740465,263502.86148126126
2017-10-17,307324.6590301811,263688.6068897495
2017-10-18,307775.84610158793,263946.65975266334
2017-10-19,307420.3671813073,264018.9491753048
2017-10-20,309156.13012060296,265381.3947218105
2017-10-23,308619.51226443733,264349.2373655076
2017-10-24,308756.47134318925,264813.6820297569
2017-10-25,306078.50711179036,263502.86148126126
2017-10-26,307136.7465010069,263843.4638519956
2017-10-27,307855.13672801625,266000.6783165217
2017-10-30,306329.191161296,265009.7957141291
2017-10-31,307078.78379079245,265422.70553928905
2017-11-01,305343.9811855594,265773.5860269866
2017-11-02,305606.8288296165,265876.83602300676
2017-11-03,304712.5763679165,266764.4866611634
2017-11-06,308895.1366636233,267177.3964863233
2017-11-07,307323.98405243247,266991.6330460509
2017-11-08,307483.81385125284,267445.7454979845
2017-11-09,306757.1098238809,266475.4551930867
2017-11-10,308052.5530910803,266392.90568526613
2017-11-13,309274.48294224427,266640.6804312167
2017-11-14,309643.7530482776,266021.37880472135
2017-11-15,309126.9624002207,264689.8577680261
2017-11-16,312031.922294829,266939.9539526884
2017-11-17,311838.18399158755,266155.51724698365
2017-11-20,313955.5802489429,266609.68379426975
2017-11-21,316054.25118801644,268354.00646542
2017-11-22,315366.7601389172,268116.6360589217
2017-11-24,316271.5701192815,268735.9196536329
2017-11-27,315787.25334167643,268601.7812113706
2017-11-28,319874.7147312039,271326.70836795034
2017-11-29,316723.8988904245,271161.5913205251
2017-11-30,318702.66902115365,273535.52979870234
2017-12-01,317551.7096214194,272967.8351384329
2017-12-04,314380.6264971552,272637.5649800142
2017-12-05,314798.4873194527,271656.96049458487
2017-12-06,314758.0068037163,271708.5854925949
2017-12-07,316603.6187184589,272565.34768450935
2017-12-08,318305.3179894167,274051.58142917755
2017-12-11,317728.0214259689,274877.4191112816
2017-12-12,317630.1947424454,275362.47410480975
2017-12-13,316311.9745499284,275331.44140429446
2017-12-14,314992.7584050391,274206.43839142367
2017-12-15,317538.39085995895,276489.8933767561
2017-12-18,321375.9965121295,278243.15981284284
2017-12-19,321658.9982892905,277174.6143161333
2017-12-20,322447.51873266103,277029.368294837
2017-12-21,321271.74136663275,277599.9300087857
2017-12-22,320142.0442306989,277527.33404581377
2017-12-26,320093.66532217176,277195.3328361171
2017-12-27,320457.8560370995,277330.2286133135
2017-12-28,320821.6961790132,277900.8263908305
2017-12-29,318054.5654488525,276853.035477673
2018-01-02,321247.1154112978,278834.44004677533
2018-01-03,325452.5102889266,280598.16491766676
2018-01-04,327355.7073719524,281780.83357623656
2018-01-05,330264.2076082978,283658.69964077236
2018-01-08,332850.79540869186,284177.3658799488
2018-01-09,330994.68686058535,284820.5055250852
2018-01-10,328981.52121684875,284384.7674611964
2018-01-11,331250.0262055204,286459.7750218007
2018-01-12,333622.3521910398,288327.1285561794
2018-01-16,332597.80319912644,287341.56533010985
2018-01-17,337743.9890951605,290080.4671194027
2018-01-18,338823.31063382514,289592.8516125258
2018-01-19,340907.61022047064,290910.34392115544
2018-01-22,342165.6503975548,293275.80746078404
2018-01-23,344624.98519366514,293898.2826812891
2018-01-24,343662.34383576753,293784.14148764475
2018-01-25,341373.0181744322,293908.59686182067
2018-01-26,345767.9785512659,297311.44697515445
2018-01-29,342455.09502123547,295340.33855479956
2018-01-30,338913.4950857944,292310.8906275617
2018-01-31,339742.1706279252,292456.2989349153
2018-02-01,336310.673241989,292124.1174073771
2018-02-02,329020.7242569814,285764.66777475545
2018-02-05,316647.79564378905,273813.34549704025
2018-02-06,326254.8433430845,279207.9864871445
2018-02-07,325403.2201643446,277693.28055530967
2018-02-08,310114.2387924093,267277.41879298136
2018-02-09,314750.39436608326,271292.28569201555
2018-02-12,320016.4822210103,275276.0297316137
2018-02-13,323019.0211614996,275960.8227981275
2018-02-14,330132.44599742565,279685.1435592167
2018-02-15,335294.1136512537,283254.0303409672
2018-02-16,334594.29801359796,283336.9765480389
2018-02-20,335154.5438347056,281563.0456873208
2018-02-21,332420.8503514124,280162.42685377796
2018-02-22,332053.4587218597,280525.56895469484
2018-02-23,337447.43749268353,284996.9825965224
2018-02-26,341314.51149657625,288306.4460997639
2018-02-27,337494.6663367947,284706.41842679324
2018-02-28,336259.9949564165,281822.3066797724
2018-03-01,331538.8451246183,277724.47554188233
2018-03-02,334316.43033497455,279156.09101237217
2018-03-05,337832.52391901513,282382.5361814054
2018-03-06,341945.1456228746,283098.39801200276
2018-03-07,342156.86350788554,282994.6250942424
2018-03-08,342962.1757168259,284364.1391001333
2018-03-09,350179.8341653237,289312.69178224896
2018-03-12,352226.0913503641,288949.62180846866
2018-03-13,349938.78728047916,287082.1781151692
2018-03-14,348675.85783579946,285609.0534775752
2018-03-15,349517.5683116576,285297.86094678304
2018-03-16,350164.0791743951,285607.12407667155
2018-03-19,344923.71400093375,281742.73241633596
2018-03-20,347007.9344440037,282222.0352707216
2018-03-21,348584.4685042164,281680.2883478383
2018-03-22,339052.84075876034,274639.1290837918
2018-03-23,329943.01223697414,268785.25461505644
2018-03-26,339535.77500194986,276138.9407619219
2018-03-27,329010.80461820465,271441.33641976665
2018-03-28,325565.5778413727,270639.37281987193
2018-03-29,332990.0097606987,274097.45428804506
2018-04-02,323290.1666893818,268181.17181438033
2018-04-03,328540.44820462534,271618.40854008065
2018-04-04,331653.15684216825,274524.51906375965
2018-04-05,332761.92511997296,276691.0559606892
2018-04-06,324151.8524789788,270524.7988634081
2018-04-09,324809.11931337364,271858.03291959723
2018-04-10,333299.3752910475,276180.63024686754
2018-04-11,330862.7278199391,274732.78617064626
2018-04-12,334598.7927567354,276993.14244048763
2018-04-13,332521.97196092637,276180.63024686754
2018-04-16,335577.5012768126,278451.3367608088
2018-04-17,340290.3166973495,281430.42191492673
2018-04-18,340571.87140985415,281638.6529582451
2018-04-19,336714.5893442174,280076.25295734406
2018-04-20,335322.0723869493,277701.3948581754
2018-04-23,335237.8591319819,277659.79553215054
2018-04-24,329262.18195321044,273920.4362630835
2018-04-25,329088.98794084095,274597.47566241445
2018-04-26,336180.72063945915,277388.940102493
2018-04-27,336813.94254158123,277649.3370973458
2018-04-30,334855.30726638756,275514.139441262
2018-05-01,336474.5330387217,276003.612221906
2018-05-02,334464.88695921254,274149.5300806588
2018-05-03,333167.1250602095,273545.3931846302
2018-05-04,337860.1116501086,277086.83559091046
2018-05-07,339490.97792504483,278024.3080486625
2018-05-08,339444.869923582,278024.3080486625
2018-05-09,344082.9552683075,280711.548776377
2018-05-10,347099.9910083563,283336.43559451454
2018-05-11,347319.1646359417,284201.0596443166
2018-05-14,348999.1651717061,284336.3881843326
2018-05-15,348041.62766970746,282378.1905214262
2018-05-16,350964.1703326397,283565.6195710105
2018-05-17,351206.90435306693,283326.0673186305
2018-05-18,349097.09817639814,282617.67064666963
2018-05-21,353243.51303003967,284742.6442811426
2018-05-22,352824.26331626135,283951.0489571319
2018-05-23,354684.02159517235,284732.2038781221
2018-05-24,356001.86485551245,284148.89369278215
2018-05-25,355216.2019081936,283471.8182298829
2018-05-29,353433.9480726772,280211.6536244966
2018-05-30,353560.51858321455,283951.0489571319
2018-05-31,347943.483111342,282211.468645212
2018-06-01,354320.8376985777,284982.12440638605
2018-06-04,356637.784929216,286336.329427537
2018-06-05,360046.06400477036,286544.5604708554
2018-06-06,360910.16872754256,288940.3174078493
2018-06-07,358166.2845506842,288909.1043894925
2018-06-08,359710.4001279486,289763.1257502168
2018-06-11,358205.9083717312,290148.5010409857
2018-06-12,360007.30835025106,290523.49002408655
2018-06-13,357759.6915923651,289596.4940329233
2018-06-14,357194.3711201376,290325.6633202204
2018-06-15,357132.20745351235,289955.23637850856
2018-06-18,357636.76311084937,289358.8351178786
2018-06-19,355016.2180444685,288249.8262975454
2018-06-20,356069.84433919005,288741.49895585515
2018-06-21,353053.5190686403,286931.4323997084
2018-06-22,350733.4746928929,287454.6426484896
2018-06-25,342912.9567369635,283541.5291073914
2018-06-26,345372.3302808515,284169.3597677879
2018-06-27,339583.993821479,281815.22018860304
2018-06-28,341657.0639410083,283426.48632453976
2018-06-29,341587.63841836737,283834.4193772754
2018-07-02,343246.949804231,284441.3872634149
2018-07-03,339483.811218035,283436.8726322079
2018-07-05,341649.69690052,285749.1424086057
2018-07-06,344225.90240419196,288166.14078732365
2018-07-09,347867.9496564685,290760.89649415313
2018-07-10,347912.144344776,291807.04651495337
2018-07-11,344952.08965286723,289672.6783209403
2018-07-12,346989.28142960183,292298.8994911046
2018-07-13,347743.9051111002,292529.111279297
2018-07-16,346688.0880891611,292267.5241866905
2018-07-17,349780.20395682583,293449.8322095774
2018-07-18,352705.5462728705,294067.02411732764
2018-07-19,352425.84809347184,292957.9792334261
2018-07-20,352471.73206755676,292623.2912878917
2018-07-23,352727.6476077462,293167.31021557737
2018-07-24,351441.6106625956,294642.47244477994
2018-07-25,355394.0911166242,297153.578704956
2018-07-26,358451.26331052347,296452.5930962791
2018-07-27,357018.8024310222,294443.83431062725
2018-07-30,354391.7215113445,292905.7050911868
2018-07-31,358315.40274311247,294349.49201597524
2018-08-01,357182.0473408104,293857.8373894496
2018-08-02,358742.32677580806,295458.6270587975
2018-08-03,359167.9083328211,296724.6025601219
2018-08-06,361193.88361215417,297812.78466976655
2018-08-07,363120.34904502775,298796.27424065926
2018-08-08,364282.20184585266,298670.8271183554
2018-08-09,362369.5707712725,298262.7317795624
2018-08-10,360143.2819938461,296264.2691426579
2018-08-13,359197.11872190464,295155.24229054054
2018-08-14,362215.7153888494,297038.62608102505
2018-08-15,359125.5973832662,294820.3920589488
2018-08-16,360297.85494848853,297205.9430061161
2018-08-17,360374.70539132087,298252.2372811894
2018-08-20,362190.62842817476,298890.4181856857
2018-08-21,365181.1753604933,299591.49395328335
2018-08-22,366610.6811590798,299413.64646625106
2018-08-23,368435.97729983024,299016.1357847518
2018-08-24,370555.1288902501,300815.6176836048
2018-08-27,372303.34620160365,303190.7462595357
2018-08-28,371857.0363061711,303337.16434680147
2018-08-29,374011.2082787221,304969.50963840494
2018-08-30,372704.2569383438,303734.6930600848
2018-08-31,373792.4368117163,303745.07936775294
2018-09-04,376441.72624434804,303222.0855003815
2018-09-05,372982.5355326293,302405.9308863639
2018-09-06,369697.3612705712,301495.6683908882
2018-09-07,367745.81243277196,300909.7976921995
2018-09-10,368475.4513260748,301432.86368670757
2018-09-11,369475.83835213265,302426.8297241891
2018-09-12,367018.0439585594,302500.1108949586
2018-09-13,368705.10298774176,304289.2786132801
2018-09-14,368817.7250671906,304341.6068508719
2018-09-17,365507.7148556957,302730.322683151
2018-09-18,368159.9913637908,304372.9460917177
2018-09-19,365661.7944720235,304697.3378885047
2018-09-20,367597.46082939126,307166.57434589375
2018-09-21,368560.6382617728,306885.78340317175
2018-09-24,368657.4586190358,305866.41058182844
2018-09-25,369348.64267746184,305582.7345536431
2018-09-26,367848.6166260265,304668.1624617565
2018-09-27,368044.11507625825,305519.5872455637
2018-09-28,369955.22752151,305551.106804251
2018-10-01,370843.4639077314,306612.674000496
2018-10-02,368820.83946875297,306433.8347653357
2018-10-03,369993.0667016874,306602.1434385547
2018-10-04,365273.7758888312,304205.791452684
2018-10-05,362810.61119151313,302503.1582664793
2018-10-08,360895.3017727637,302503.1582664793
2018-10-09,360513.5397435978,302061.72215880034
2018-10-10,345256.69954814063,292497.57368882553
2018-10-11,338878.8778046567,286054.7811498809
2018-10-12,345173.95275423414,290027.652023639
2018-10-15,342186.444898955,288398.5524531818
2018-10-16,350439.0703202267,294704.6460365154
2018-10-17,348725.34858214954,294757.1365601645
2018-10-18,342968.5661049737,290500.4454039479
2018-10-19,338137.75583785685,290342.90170586406
2018-10-22,339168.3450758128,289039.72663384635
2018-10-23,336129.451471083,287568.2428886096
2018-10-24,325692.55645823316,278855.28478924814
2018-10-25,332862.57095447875,283858.13117342745
2018-10-26,327987.9270668739,278865.83338297356
2018-10-29,327053.0108421374,277320.8520855576
2018-10-30,335246.9997194265,281430.3137242219
2018-10-31,339073.6360488498,284436.1760777967
2018-11-01,343132.70431212743,287463.207745959
2018-11-02,343742.89073683816,285760.48440083355
2018-11-05,342071.8430809086,287336.98525693675
2018-11-06,344722.3209870578,289155.3103702224
2018-11-07,353000.740459354,295345.7480900434
2018-11-08,352428.8292283844,294809.7352745185
2018-11-09,349524.4130531335,291929.96918747685
2018-11-12,342281.00730277854,286475.22826081386
2018-11-13,342375.28817063215,285939.12528636825
2018-11-14,340243.9127429997,283984.3356306655
2018-11-15,344838.38920096605,286948.1478636118
2018-11-16,343819.45517628227,287694.4293140635
2018-11-19,335331.52415467234,282828.15566300624
2018-11-20,328602.7816126845,277594.0516471541
2018-11-21,330426.4590926386,278539.9629798865
2018-11-23,328890.46898957755,276679.67790489306
2018-11-26,334867.7081747721,281146.52950533165
2018-11-27,335188.3429349768,282092.4769016324
2018-11-28,343836.093951767,288587.7058688737
2018-11-29,342707.361509662,287957.1163455029
2018-11-30,345654.13627713855,289712.3302142774
2018-12-03,348614.2160377344,293548.61032312934
2018-12-04,336962.4631685687,284036.80812253046
2018-12-06,336593.2323465241,283605.9566721452
2018-12-07,325556.5600277781,277016.0788699214
2018-12-10,327111.41461005196,277541.561123505
2018-12-11,326614.68154468265,277604.6002408795
2018-12-12,329723.15537416487,279002.460211448
2018-12-13,328625.5850653617,278907.93759895454
2018-12-14,322143.145239052,273757.8977607912
2018-12-17,315102.4146229822,268387.2029800329
2018-12-18,315365.1984596527,268092.9242627697
2018-12-19,309784.19647514046,264078.05736373545
2018-12-20,304133.44750298,259779.37018224274
2018-12-21,299421.1245868157,254456.62191552873
2018-12-24,291957.05365449184,247733.1105609987
2018-12-26,306999.22104032757,260249.8013988285
2018-12-27,310660.2640893539,262247.86733648175
2018-12-28,310286.84630763024,261909.55500233395
2018-12-31,313242.6743068211,264203.59464496013
2019-01-02,312803.5431953083,264478.3990353456
2019-01-03,304714.38920646143,258167.238520667
2019-01-04,312602.98249897995,266814.7412435784
2019-01-07,313433.92669174005,268918.4554045432
2019-01-08,314958.84322349797,271445.0689990849
2019-01-09,317848.58616449736,272713.6410773263
2019-01-10,319955.45566530625,273675.65479330113
2019-01-11,320259.33090947993,273781.4112073176
2019-01-14,319061.6552874915,272111.1270418709
2019-01-15,321588.5574593032,275229.6880463584
2019-01-16,321933.7439842692,275895.7100255762
2019-01-17,324629.3162088677,277988.8575610314
2019-01-18,330295.06107930816,281688.8714770918
2019-01-22,325695.84513019316,277883.0831152308
2019-01-23,327034.64251643483,278464.6261857244
2019-01-24,331034.06091996946,278612.52287929016
2019-01-25,333057.15799705026,280970.1065292469
2019-01-28,331478.12092314666,278834.5121739119
2019-01-29,330867.48581586767,278464.6261857244
2019-01-30,334418.2908284977,282872.8384241201
2019-01-31,335883.80473591114,285357.2396119759
2019-02-01,337661.3647823495,285494.5877118162
2019-02-04,339408.13205333083,287503.220274979
2019-02-05,341344.37084527174,288708.35653659474
2019-02-06,341320.50277756783,288327.81376397697
2019-02-07,340888.9457226691,285579.22890659765
2019-02-08,341587.7216291066,285928.0898344709
2019-02-11,342959.43193500757,286086.67937603523
2019-02-12,347675.0917388646,289765.6141364289
2019-02-13,348593.1329469603,290706.3864106797
2019-02-14,348109.3266966007,290061.5337460494
2019-02-15,352921.6191199354,293222.52353863255
2019-02-19,352526.30137180205,293729.88384914934
2019-02-20,353469.65199156763,294321.8492908794
2019-02-21,353188.84100495663,293275.30257082795
2019-02-22,355193.611453957,295093.59162054525
2019-02-25,354698.90337101894,295495.26764418226
2019-02-26,354736.3132527893,295283.9351339908
2019-02-27,354218.9950257487,295157.0995643076
2019-02-28,353102.37582396244,294607.4006246159
2019-03-01,353439.1024874733,296446.7507982158
2019-03-04,351737.2478571569,295368.3779791466
2019-03-05,349746.7203985419,294966.6658919414
2019-03-06,346782.26252088475,293180.18490945763
2019-03-07,345575.7623640628,290727.62785240373
2019-03-08,344017.36313927977,290146.17494083085
2019-03-11,347347.46094999224,294353.62129454466
2019-03-12,348579.5415777422,295463.621863006
2019-03-13,350701.8232809681,297419.3491714843
2019-03-14,351165.2515917788,297229.023689823
2019-03-15,353364.59306212515,298697.5321906756
2019-03-18,353853.04637593485,299780.5572100544
2019-03-19,352246.1149042934,299854.83012895193
2019-03-20,350298.17612510716,298952.37539601146
2019-03-21,356754.1961320863,302329.0253269811
2019-03-22,349593.8912686664,296510.27677376225
2019-03-25,350975.4959684385,296287.1334449551
2019-03-26,353774.8104163338,298495.7745578657
2019-03-27,353686.44564774254,296934.8711950488
2019-03-28,354362.3701097638,298060.4331932281
2019-03-29,357177.80002741754,299939.8139276322
2019-04-01,361286.9769195702,303496.7817000621
2019-04-02,361589.29687066766,303645.5078556986
2019-04-03,362951.5139057403,304123.2780084318
2019-04-04,362466.25669901975,304930.3085396715
2019-04-05,364378.8028951226,306406.28219916055
2019-04-08,365651.84297868714,306639.82986741996
2019-04-09,363010.1370360318,305068.3598790935
2019-04-10,365148.8125503008,306108.9020150242
2019-04-11,366764.95190831076,306023.90018455987
2019-04-12,369324.169993169,308094.5260216167
2019-04-15,368611.6606369985,307892.7503570226
2019-04-16,370142.055915468,308094.5260216167
2019-04-17,372113.73982880614,307340.6892536078
2019-04-18,372196.5437709104,307945.83592954854
2019-04-22,371122.4486972492,308211.2998557464
2019-04-23,372962.6391723104,310982.5686975814
2019-04-24,374927.09176460246,310292.49231831287
2019-04-25,373708.3667918078,310101.35540636495
2019-04-26,372732.43646554387,311545.3767443473
2019-04-29,371269.1619964233,312033.7495861583
2019-04-30,372443.3487481376,312193.07843087264
2019-05-01,369064.0238432586,309846.45810567663
2019-05-02,370537.9909136829,309177.51497742726
2019-05-03,371961.8589042212,312203.7171835188
2019-05-06,368666.67826072086,310918.95256311423
2019-05-07,361349.2358626118,305726.700318265
2019-05-08,359235.375887261,305301.8714837845
2019-05-09,358362.56525481615,304378.2113726883
2019-05-10,359796.24818101124,305907.16241399845
2019-05-13,349316.2511652113,298219.61778366927
2019-05-14,353757.22368149454,300916.70386552747
2019-05-15,354246.67064474366,302679.2927340177
2019-05-16,355362.38742546923,305482.47783379117
2019-05-17,353175.36481130286,303507.49257984484
2019-05-20,348639.04487589205,301500.6992586649
2019-05-21,353192.3392094321,304218.9185915423
2019-05-22,352275.4522650893,303284.47547352675
2019-05-23,348149.6729583412,299578.9077679494
2019-05-24,347140.165751022,300258.3814581401
2019-05-28,343688.6509031755,297465.7810156603
2019-05-29,342196.28548982245,295469.60841534246
2019-05-30,343706.0096038812,296276.6750101504
2019-05-31,340281.29643938685,292284.1855552414
2019-06-03,338822.77493556,291540.9334445262
2019-06-04,347975.45381361863,297869.35037663265
2019-06-05,351330.3531037091,300449.50033830386
2019-06-06,352015.02307688515,302403.352341231
2019-06-07,355220.7706791437,305429.28407056036
2019-06-10,358786.2238197577,306831.03890650446
2019-06-11,357558.2021596766,306756.6397651179
2019-06-12,355113.78062132956,306215.1452872126
2019-06-13,356436.512853251,307478.63240232493
2019-06-14,353424.45891992975,307138.80539830885
2019-06-17,351968.76033844665,307255.72348671174
2019-06-18,357462.4056102553,310472.9544140463
2019-06-19,358640.79735284863,311173.7777366659
2019-06-20,361733.9349277115,314146.8583066632
2019-06-21,360999.8845702929,313690.2214049492
2019-06-24,360357.40091703756,313306.0722755022
2019-06-25,355840.21248254547,310233.2038120407
2019-06-26,358208.8530104916,309923.74233252654
2019-06-27,361268.2289812898,311022.74351265875
2019-06-28,363157.8864387054,312623.1364827555
2019-07-01,367644.012572884,315461.3032437722
2019-07-02,368069.1046252363,316282.9395201702
2019-07-03,369841.79397918505,318811.5726745362
2019-07-05,368586.10840135824,318448.91743179125
2019-07-08,365932.7401828527,316699.04097112396
2019-07-09,367824.6179749717,317093.86491678545
2019-07-10,370342.83628061315,318608.9675478714
2019-07-11,372771.6401497104,319355.77192006336
2019-07-12,377709.0623984381,320785.51208500203
2019-07-15,377999.3345420201,320892.26024714654
2019-07-16,375786.05790155515,319857.1997735962
2019-07-17,375560.8824785901,317680.6913000338
2019-07-18,380305.0607022292,318843.5971231796
2019-07-19,379037.62652810576,317072.62347506144
2019-07-22,385106.8077344167,317851.41623232845
2019-07-23,386575.3962693483,320123.99805182085
2019-07-24,390582.16415030573,321628.38980312407
2019-07-25,385713.6899973284,320091.97360317747
2019-07-26,386329.0879039868,322236.7100730745
2019-07-29,384906.8851808151,321649.70337198465
2019-07-30,384822.0864162233,320860.1997349349
2019-07-31,377393.9149059607,317349.8801880908
2019-08-01,374288.11447477975,314586.47320414346
2019-08-02,369319.07055769145,312217.7459115844
2019-08-05,355186.33473101805,302828.3434617688
2019-08-06,362011.30396876886,307074.97288243193
2019-08-07,363023.743666964,307256.40869450924
2019-08-08,370868.1692647295,313284.7947702099
2019-08-09,368239.2500594257,311150.7691800956
2019-08-12,364036.3335924615,307362.9765388123
2019-08-13,372118.31196815637,312143.0221980833
2019-08-14,360826.32708766655,302913.74199148436
2019-08-15,362311.472872067,303713.9565083169
2019-08-16,368298.7761233244,308195.25156785647
2019-08-19,374601.48144073057,311908.32049563853
2019-08-20,372180.0157478971,309518.2796342189
2019-08-21,375145.7511986553,312036.41829021194
2019-08-22,375617.829019572,311940.3449442819
2019-08-23,363603.89753582975,303927.344641901
2019-08-26,368100.6915235515,307288.3249524477
2019-08-27,367600.9462916972,306082.6838008759
2019-08-28,369547.1829228496,308237.87870557763
2019-08-29,376031.3370424958,312175.01058315835
2019-08-30,375916.46850893047,312036.41829021194
2019-09-03,372894.45177112846,310211.8541796118
2019-09-04,379666.703732214,313732.8485426704
2019-09-05,387999.5902597628,317766.01770261285
2019-09-06,387996.7261654634,318011.3581577037
2019-09-09,386644.290789233,318171.48040092044
2019-09-10,385885.74960475217,318096.7566874193
2019-09-11,388619.86549612356,320358.69975426554
2019-09-12,390120.81905800884,321468.4118141805
2019-09-13,388796.9130079886,321254.9515534598
2019-09-16,387252.8903493289,320262.7706626087
2019-09-17,390613.15424283507,321073.6960592239
2019-09-18,390960.2423790816,321265.6263696742
2019-09-19,388787.0872055337,321244.2767372453
2019-09-20,384626.94151786907,319726.5775292423
2019-09-23,386403.3101191209,319651.4210529217
2019-09-24,382739.2477044435,317143.27200534556
2019-09-25,387460.15843158815,319019.118510057
2019-09-26,387232.1762140706,318354.4308828661
2019-09-27,378763.7952789751,316639.5000198738
2019-09-30,380626.09280851757,318107.9363935898
2019-10-01,376663.6613831684,314324.146808387
2019-10-02,371937.4509143441,308771.6555798684
2019-10-03,376156.55112612795,311301.2985141466
2019-10-04,382825.97339812876,315513.9199899103
2019-10-07,380855.4980368416,314152.70060472656
2019-10-08,374406.5775263704,309275.4636289085
2019-10-09,378791.4607940121,312212.5527577504
2019-10-10,380805.54851255653,314324.146808387
2019-10-11,384977.3917770938,317582.7426485526
2019-10-14,383803.83248645096,317228.95904360746
2019-10-15,388902.4880524944,320369.66307902633
2019-10-16,386265.940201252,319855.1802137718
2019-10-17,388489.63727530866,320798.45890601893
2019-10-18,386366.03865783766,319394.1435567261
2019-10-21,388646.95924511726,321559.43626054964
2019-10-22,385499.4136752073,320509.04877047514
2019-10-23,385180.5085933491,321441.5444558029
2019-10-24,394311.4781769891,321966.77426440845
2019-10-25,396068.93370551884,323285.25832116615
2019-10-28,398484.04533781984,325107.5504269639
2019-10-29,395340.6259901754,325011.00825464603
2019-10-30,398394.1373830055,326007.8052822386
2019-10-31,394896.4443175505,325139.61093917553
2019-11-01,396244.4419418817,328151.7122900649
2019-11-04,396374.5216374717,329470.0520925494
2019-11-05,397056.1443107202,329105.66579852643
2019-11-06,395991.02978975495,329180.7140841422
2019-11-07,395208.4763878114,330338.2824991807
2019-11-08,395171.4075462315,331152.99457046663
2019-11-11,395872.945434273,330520.61990046536
2019-11-12,396451.51738292683,331217.2237855948
2019-11-13,397121.8800861595,331324.47683769534
2019-11-14,398823.60467498394,331806.86312716996
2019-11-15,400738.46727796056,334207.90337691864
2019-11-18,401651.33149098465,334454.3978661949
2019-11-19,400179.3582874411,334357.9638845819
2019-11-20,399001.0326685954,333114.6002405766
2019-11-21,395069.2947740815,332578.5513614834
2019-11-22,394853.6568366381,333318.14302001696
2019-11-25,398981.23690135404,335901.5567346186
2019-11-26,397893.1206142543,336662.57015271764
2019-11-27,399374.39253637334,338163.2473564868
2019-11-29,397444.8784585172,336909.0285784256
2019-12-02,393365.5917014876,334047.1680530409
2019-12-03,389990.8253625113,331806.86312716996
2019-12-04,392501.3058633804,333854.19189911016
2019-12-05,393763.1978811235,334454.3978661949
2019-12-06,397251.7682002774,337509.3427362152
2019-12-09,393709.9864016111,336448.20830278966
2019-12-10,393334.6582229241,336072.9668747108
2019-12-11,397113.3110134316,337026.9925103089
2019-12-12,402750.8055661202,339931.7686819611
2019-12-13,402353.5227257883,340135.52784281125
2019-12-16,404878.4358691184,342472.2667502952
2019-12-17,406724.26856087666,342547.27897234267
2019-12-18,405823.57649420516,342568.73679547646
2019-12-19,409411.0095490491,343972.87182692776
2019-12-20,412423.96893023123,345480.9781257651
2019-12-23,411142.74272032134,346008.80451128766
2019-12-24,412158.15084408555,346019.58751820703
2019-12-26,412830.3929669901,347861.46214158734
2019-12-27,412319.9670625662,347775.3062769376
2019-12-30,409451.4795463495,345857.950605122
2019-12-31,411149.8510312184,346698.1956827587
2020-01-02,414929.3311893457,349940.3825993514
2020-01-03,411099.63352617034,347290.61191909236
2020-01-06,410180.016352798,348615.515291006
2020-01-07,410442.67117845634,347635.2353776913
2020-01-08,413288.7842373542,349488.0011986958
2020-01-09,415299.71100764495,351857.8825254402
2020-01-10,413757.392437231,350845.25359136745
2020-01-13,417146.4565748407,353258.08662794763
2020-01-14,418695.04882823647,352719.5854262106
2020-01-15,419153.0112734529,353516.62634903344
2020-01-16,422820.8193050392,356457.2497075679
2020-01-17,423692.14566906757,357566.7814496414
2020-01-21,421582.7894054606,356866.6072712511
2020-01-22,423144.50282641174,356909.73929892835
2020-01-23,424377.9060824315,357319.09686261154
2020-01-24,422177.25770810706,354141.39160612505
2020-01-27,413485.96962167375,348464.7695755452
2020-01-28,419487.62740613805,352116.31405582104
2020-01-29,418923.2076522298,351825.5335046822
2020-01-30,421170.80121100956,352967.3060768088
2020-01-31,411650.7725980529,346558.1247835123
2020-02-03,415714.4695116855,349132.55866960925
2020-02-04,423817.4032476672,354453.66604396596
2020-02-05,431644.15439560456,358547.02529938787
2020-02-06,435429.07968364144,359753.4237858938
2020-02-07,430361.19167624455,357836.03205050994
2020-02-10,433328.1706999482,360507.4408717442
2020-02-11,435340.70801673055,361132.20612883585
2020-02-12,440211.0042008213,363458.95542790287
2020-02-13,441735.2382759538,363071.1999416267
2020-02-14,443454.2813744912,363652.7971074727
2020-02-18,442142.8607586754,362715.68528540357
2020-02-19,445176.92532725126,364449.8740938638
2020-02-20,441369.7151970132,362952.69505621894
2020-02-21,435670.53651265573,359214.8504570202
2020-02-24,419831.7815867933,347301.43098957994
2020-02-25,407427.8447618215,336777.43261772784
2020-02-26,408098.61171362596,335538.68511046394
2020-02-27,392628.34654308314,320468.9460825344
2020-02-28,390944.0033815849,319122.6209510552
2020-03-02,407583.6225607607,332942.61308339174
2020-03-03,397574.0079580465,323409.67763177375
2020-03-04,416966.1111420052,337003.62331805564
2020-03-05,405557.2219100124,325800.9446545153
2020-03-06,398231.10043997597,320415.1753022109
2020-03-09,367031.5088201159,295392.5766334706
2020-03-10,382259.12114000606,310677.5791005354
2020-03-11,363781.070078916,295532.5393420121
2020-03-12,325871.0631015248,267256.7904319183
2020-03-13,356128.1250219402,290103.6559938145
2020-03-16,311348.17686084716,258359.42127609535
2020-03-17,334742.1989964592,272308.7553961114
2020-03-18,310934.6085451668,258520.9499984755
2020-03-19,315154.09205429966,259070.32436605258
2020-03-20,304141.13448070124,247905.9091484701
2020-03-23,298677.5204218742,241567.3403218895
2020-03-24,329463.32984129165,263454.19369585114
2020-03-25,337107.423812789,267398.141587839
2020-03-26,360479.4839018454,283011.4487488506
2020-03-27,345504.65817024413,274581.76997842325
2020-03-30,359791.81271930126,283499.0462239434
2020-03-31,354155.9921236767,279273.3336728897
2020-04-01,336384.5679336033,266704.7473602876
2020-04-02,342787.2961906399,272858.99528932746
2020-04-03,338033.1284792269,268915.08346090786
2020-04-06,365253.297487778,286977.08887716616
2020-04-07,363580.66618754825,287269.67260671966
2020-04-08,375222.2905776102,296912.81832303817
2020-04-09,377453.8185861344,301431.060508293
2020-04-13,377291.56325325475,298678.9233894369
2020-04-14,391550.3963929774,307487.79254867113
2020-04-15,384661.19725556,300954.33619904023
2020-04-16,392385.5044034412,302406.14726777363
2020-04-17,399498.26072143315,310575.77164724696
2020-04-20,394126.51407074055,305104.09887527087
2020-04-21,378450.4125614787,295840.1615795433
2020-04-22,390359.490348219,302406.14726777363
2020-04-23,387134.9827488502,302384.4730632301
2020-04-24,394878.9640507159,306599.33048022795
2020-04-27,400195.57045056723,311020.00268146856
2020-04-28,395922.7901468567,309589.8658172787
2020-04-29,403457.179267762,317694.3954559848
2020-04-30,397270.7303575754,314736.4615846701
2020-05-01,383944.4480997343,306404.26263933623
2020-05-04,386671.29846886295,307249.34023512405
2020-05-05,393858.03203408106,310088.3003946432
2020-05-06,390528.624717794,307986.19106246735
2020-05-07,400010.29344033264,311702.57783853234
2020-05-08,409517.5279745586,316860.1369306846
2020-05-11,411478.20494173956,316925.0513536103
2020-05-12,405824.4122684556,310608.3370494147
2020-05-13,400845.2725436929,305114.9540093268
2020-05-14,408214.7707993286,308766.3902988978
2020-05-15,412214.99532707024,310185.6359654635
2020-05-18,418849.1337427161,319633.8580951634
2020-05-19,418353.3510417208,316350.88328283245
2020-05-20,423263.20435037813,321725.0762297151
2020-05-21,417375.08757874364,319503.8128679023
2020-05-22,420104.06059698825,320110.6184679845
2020-05-26,419758.21359112766,324054.6024235406
2020-05-27,423308.5686951411,328876.1933134841
2020-05-28,423064.02822676965,328269.4237769702
2020-05-29,430486.1846098709,329732.16210689605
2020-06-01,433127.7451582992,331064.85520956083
2020-06-02,434288.44414669496,333806.08309900854
2020-06-03,437055.30253585003,338248.4295047927
2020-06-04,433776.1868967772,337360.0034999178
2020-06-05,441201.86447585706,346006.3161250755
2020-06-08,443490.882307532,350188.7884577471
2020-06-09,441707.0850279381,347577.3894141508
2020-06-10,440509.3777183475,345637.99890210875
2020-06-11,419175.88540217606,325712.4085943583
2020-06-12,421098.12541961385,329612.8998865542
2020-06-15,426406.1535709301,332690.20416891563
2020-06-16,431509.6032335365,339093.65135485365
2020-06-17,432167.8478331561,337685.1165680707
2020-06-18,431018.9454230574,337815.05360462697
2020-06-19,430677.0627776445,335884.53473038477
2020-06-22,434618.1097953651,338039.18868156214
2020-06-23,433840.53753937536,339595.4759076376
2020-06-24,425379.35728204605,330932.8264860436
2020-06-25,428103.9913602168,334480.6160803432
2020-06-26,421864.4961330113,326536.2086848538
2020-06-29,425031.6089536905,331335.548353161
2020-06-30,432954.1256216468,335579.7975783169
2020-07-01,436029.18340632843,337930.42095959326
2020-07-02,437225.31266917934,339791.4453377367
2020-07-06,445842.74377741007,345036.7831551118
2020-07-07,442610.602505803,341478.2105538929
2020-07-08,446504.31071805453,344090.1144874453
2020-07-09,447512.00071355014,342131.2135849572
2020-07-10,448460.3045548047,345624.5471911358
2020-07-13,440159.3938844061,342631.775912851
2020-07-14,448292.1848895837,347071.92244096927
2020-07-15,449569.5026624991,350260.62708578486
2020-07-16,449481.2770141484,349106.9895996902
2020-07-17,453409.425078751,350119.1857709434
2020-07-20,460452.31889195775,352948.69727557007
2020-07-21,461189.9376029823,353699.46864027414
2020-07-22,465874.2471545274,355712.78946731496
2020-07-23,463122.23002668895,351468.57630572736
2020-07-24,459791.57231472485,349205.0825054446
2020-07-27,466531.8607939876,351751.5310625469
2020-07-28,459865.2505189257,349520.6387280001
2020-07-29,467618.35111215286,353819.23575057206
2020-07-30,468334.4766852105,352556.8305425086
2020-07-31,471899.2185889363,355342.74119307013
2020-08-03,474025.7893965444,357813.203811781
2020-08-04,478060.08415411535,359195.2318758693
2020-08-05,477264.15556604555,361426.1963375527
2020-08-06,478577.3714825687,363842.2750952792
2020-08-07,477018.0426505187,364103.51958398684
2020-08-10,473706.2734192452,365191.77382076805
2020-08-11,467675.8314889004,362177.1480200982
2020-08-12,475497.24432414776,367226.8409794889
2020-08-13,476389.10178495257,366562.9106872321
2020-08-14,475587.5107047067,366573.76582128805
2020-08-17,483363.1949517357,367738.2584414386
2020-08-18,483073.3178653729,368532.73885091266
2020-08-19,480546.57664356317,366998.2340200856
2020-08-20,480527.41398497025,368140.98030855606
2020-08-21,481220.27929834306,369446.8060528432
2020-08-24,482632.92915657203,373190.56507724186
2020-08-25,483525.17547920806,374496.42688509735
2020-08-26,487288.161754048,378250.8967892787
2020-08-27,484226.96837557503,379078.08685519366
2020-08-28,488898.05542549206,381526.622824383
2020-08-31,491634.8771830621,380144.52263315814
2020-09-01,495896.69227523205,383724.9497567621
2020-09-02,505948.1064486386,389275.13291691
2020-09-03,484599.25372922653,375878.4910127539
2020-09-04,478428.32053514407,372809.58954180457
2020-09-08,462540.6282470615,362623.36255057587
2020-09-09,473060.14433432725,369784.252861352
2020-09-10,463253.15961158305,363363.42303549725
2020-09-11,461875.38232308143,363548.32095013064
2020-09-14,470002.0465938762,368336.84154795023
2020-09-15,476534.07223452,370197.6856082522
2020-09-16,472189.0671399287,368728.60009030683
2020-09-17,467571.81378351356,365485.51158450684
2020-09-18,463181.46208301047,361277.7947540309
2020-09-21,460010.50754007755,357256.9593344443
2020-09-22,467350.4587965568,360895.34061229357
2020-09-23,458004.20163987105,352525.88800091395
2020-09-24,461192.5165853292,353465.5242727636
2020-09-25,469061.238904711,359180.08517718664
2020-09-28,476492.4028235669,365145.72064405907
2020-09-29,474845.2540690397,363157.10336129833
2020-09-30,476402.49912549177,365910.4846732605
2020-10-01,481171.43182721257,368259.7376389418
2020-10-02,472131.8078393515,364763.3025658901
2020-10-05,481159.0582076899,371231.77236545866
2020-10-06,476264.7504853932,365954.19371803047
2020-10-07,487006.485360982,372324.2821032983
2020-10-08,492198.7417308777,375623.99041131686
2020-10-09,497809.7952736512,378978.4071524344
2020-10-12,506000.3883992102,385075.24188075337
2020-10-13,504066.86188713927,382562.1881878895
2020-10-14,501416.7810263524,380158.4431705189
2020-10-15,500029.2994358672,379688.64306637825
2020-10-16,497630.21970862866,379459.17058133584
2020-10-19,490085.1074690973,373690.08156165516
2020-10-20,493185.1600840195,375186.93602718535
2020-10-21,489770.5951139824,374476.88043108303
2020-10-22,488904.301509263,376530.95309029386
2020-10-23,491645.48510583566,377809.22626840585
2020-10-26,480946.3949007931,370827.3555106315
2020-10-27,478861.3328255236,369549.0102053829
2020-10-28,461384.0079302704,356918.17817390873
2020-10-29,469026.6908394747,360545.74038127036
2020-10-30,460235.1884427907,356787.0510395988
2020-11-02,465140.1843247122,360786.2122546418
2020-11-03,480227.65941261617,367156.1924492048
2020-11-04,493776.0040991101,375361.80826983356
2020-11-05,505752.50294018094,382682.38806100696
2020-11-06,508712.7561638264,382595.0781621719
2020-11-09,512245.4393387354,387402.60426048137
2020-11-10,506649.0712324147,386834.4588056083
2020-11-11,516865.61979267764,389708.03999068786
2020-11-12,510274.8082321092,385927.460063063
2020-11-13,518253.9006028992,391270.3858962364
2020-11-16,526236.3544497017,396154.5831407349
2020-11-17,524818.9087005939,394023.9114624717
2020-11-18,520174.0846252087,389281.87680418056
2020-11-19,522688.6032436518,390920.8217287815
2020-11-20,517325.157615507,388243.89518159855
2020-11-23,522509.7039496411,390571.25756132655
2020-11-24,529080.5475843141,396864.7469275421
2020-11-25,527784.466179728,396252.78423719417
2020-11-27,531724.056344012,397356.437617636
2020-11-30,529228.3838290373,395597.2567563494
2020-12-01,534540.5320665577,399923.98336218914
2020-12-02,534474.170892401,400765.4546011478
2020-12-03,534398.478424275,400656.14592565456
2020-12-04,540588.0086763205,404108.8719539363
2020-12-07,542799.1674496933,403278.40010330675
2020-12-08,544862.8876028212,404458.5082485278
2020-12-09,538507.967878928,400831.0181683027
2020-12-10,534420.7425062689,400699.85497042455
2020-12-11,535887.3030396015,400230.0548662839
2020-12-14,535942.1851617824,398438.2004121246
2020-12-15,542688.7304807841,403824.79922649974
2020-12-16,544705.4713894888,404458.5082485278
2020-12-17,546333.5909033125,406720.198870396
2020-12-18,546528.5457381248,405096.29245377285
2020-12-21,544040.1962430027,403647.7992333223
2020-12-22,543634.5410264251,402967.46001749265
2020-12-23,539871.9192443128,403329.64643384976
2020-12-24,543415.1700777313,404898.736226669
2020-12-28,547800.7892504525,408377.1395155747
2020-12-29,545784.8910634097,407598.0582497613
2020-12-30,548835.4501459615,408179.6554156073
2020-12-31,549662.4285178693,410253.52697381045
2021-01-04,539180.5631977767,404668.2900252827
2021-01-05,547684.820353865,407455.39077359793
2021-01-06,560970.4987430293,409891.4126845899
2021-01-07,570782.1452580674,415981.3232077968
2021-01-08,576124.105866499,418351.52910665574
2021-01-11,576309.0669581986,415531.5023204899
2021-01-12,579945.8297288719,415619.2449821445
2021-01-13,578791.4117512698,416738.51388765685
2021-01-14,582252.5100944942,415279.12946958205
2021-01-15,576393.815022475,412250.6191951198
2021-01-19,580996.2777656298,415487.5768943102
2021-01-20,585845.8528296842,421237.299777818
2021-01-21,585250.806644046,421621.37678012846
2021-01-22,582188.4919860075,420128.99419706647
2021-01-25,584304.8817095933,421786.0069693817
2021-01-26,583716.0074355425,421127.5944030736
2021-01-27,571337.7408310423,410835.0880760882
2021-01-28,578510.6873284137,414368.3801159344
2021-01-29,566905.1713374867,406072.78569241695
2021-02-01,579900.8330701535,412832.1802973976
2021-02-02,585920.6291871014,418669.6819061283
2021-02-03,583779.4029569284,418998.8701574982
2021-02-04,591304.2620208021,423761.1364776012
2021-02-05,596247.9713809894,425429.07651110896
2021-02-08,604610.8044819974,428501.4400846143
2021-02-09,606894.9121041782,428216.21332299244
2021-02-10,610058.0456440434,428029.58435708104
2021-02-11,615252.5417588016,428720.85083410324
2021-02-12,624191.9852716394,430838.756009191
2021-02-16,625220.5395400084,430465.53414093645
2021-02-17,625493.6689409032,430564.2040637835
2021-02-18,623606.0241798023,428731.7780952957
2021-02-19,629759.5343271795,427974.69560614054
2021-02-22,630984.0432161188,424682.8491560097
2021-02-23,626724.1716462509,425198.5581825861
2021-02-24,632850.4501132792,429883.9009115221
2021-02-25,612423.3175265369,419525.614635972
2021-02-26,619812.8754721942,417363.85616184113
2021-03-01,647164.6850032525,427480.9853562222
2021-03-02,641098.0630394594,424145.17741634336
2021-03-03,635830.4427966166,418527.0504935332
2021-03-04,625106.0760003118,413347.8532604057
2021-03-05,638195.9503626422,420952.07301619614
2021-03-08,637981.3593410797,418856.346935608
2021-03-09,643395.6777622496,424836.51602050214
2021-03-10,648548.2460662938,427480.9853562222
2021-03-11,658862.4543327573,431815.2492478351
2021-03-12,667254.0370306124,432396.77428654453
2021-03-15,677496.6440370529,434975.35548299504
2021-03-16,678091.5212635504,434426.8646728411
2021-03-17,677523.9460141656,435908.10361330083
2021-03-18,668331.2996221049,429565.85630275443
2021-03-19,670160.0385966864,428770.9070668926
2021-03-22,669126.5010785814,432194.6379862675
2021-03-23,656117.0919355009,428792.90584355075
2021-03-24,637817.127763057,426613.1877124104
2021-03-25,635867.6257911033,429013.07392797375
2021-03-26,621219.7852315556,435926.64028740296
2021-03-29,616079.2368906854,435706.43613941164
2021-03-30,617972.4315780222,434550.5627120829
2021-03-31,623478.1691923233,436311.9434510353
2021-04-01,636089.0117486706,441023.7207755294
2021-04-05,642945.2291417691,447353.7064728565
2021-04-06,643186.1249520202,447089.54083511716
2021-04-07,644824.2674544272,447607.05304010824
2021-04-08,644164.8341103594,449731.7021024666
2021-04-09,648628.746188904,453001.2973309613
2021-04-12,647602.5003340165,453166.3963466023
2021-04-13,644634.6793431245,454509.51182050345
2021-04-14,640866.0839151286,452957.2997776449
2021-04-15,644799.7532909126,457823.06853874616
2021-04-16,646259.756517234,459353.3899956514
2021-04-19,640234.1989548717,457096.6040190709
2021-04-20,630407.2068861828,453749.9048815678
2021-04-21,644740.0675070988,458043.30875030573
2021-04-22,640559.1339161504,453860.00695556344
2021-04-23,649497.4592401148,458780.9529761515
2021-04-26,652662.2923659256,459738.6931592837
2021-04-27,654869.0024147885,459639.62653718545
2021-04-28,648552.5518319054,459507.56175009994
2021-04-29,655173.1069241094,462435.85136827856
2021-04-30,647877.4573863788,459397.3875489677
2021-05-03,648770.7873337347,460388.30621492857
2021-05-04,646858.7739642849,457548.0117033826
2021-05-05,651325.0590712901,457691.0398152289
2021-05-06,654856.3110763916,461345.9742709242
2021-05-07,661767.4614693309,464703.6727967564
2021-05-10,655848.2531785347,460101.9975462579
2021-05-11,648276.234131052,455995.6914698192
2021-05-12,630205.325922706,446308.0793737965
2021-05-13,640490.613905324,451669.18124538916
2021-05-14,655747.204077117,458604.7463814765
2021-05-17,650419.5393758132,457437.87356581865
2021-05-18,643180.5476404307,453496.666505021
2021-05-19,642414.6290901307,452307.79491270497
2021-05-20,645746.7622827322,457173.67186451104
2021-05-21,646448.7904812942,456799.40415277606
2021-05-24,652379.1679255752,461456.14847205643
2021-05-25,649292.7497140951,460432.3037682449
2021-05-26,654761.5835497498,461345.9742709242
2021-05-27,661555.0685568274,461588.1411320054
2021-05-28,660753.2151150492,462413.924718757
2021-06-01,661365.9453814442,462006.55065132986
2021-06-02,664053.1241773167,462733.12336171
2021-06-03,661760.1058408838,461015.70411250554
2021-06-04,666842.5987436948,465232.1122629399
2021-06-07,665379.6112891317,464780.6685150599
2021-06-08,662484.8689328891,464879.7351371582
2021-06-09,658926.9525753496,464186.2687824702
2021-06-10,657563.1555865037,466344.02420052065
2021-06-11,662531.904503438,467114.702654922
2021-06-14,660362.8223430793,468160.51007182343
2021-06-15,656437.5496586529,467301.8004472212
2021-06-16,655610.7476835027,464692.56521772244
2021-06-17,645003.0747373931,464538.5016539787
2021-06-18,632656.540106584,458271.73539186764
2021-06-21,647276.4550601903,464832.31154485414
2021-06-22,651502.3234458652,467317.41597229167
2021-06-23,652324.581124531,466754.139099138
2021-06-24,658440.2959226927,469515.2740782829
2021-06-25,663211.5090951558,471183.14198465407
2021-06-28,664892.851262699,472132.9842463303
2021-06-29,665941.0884816127,472387.0520849479
2021-06-30,665813.7010373406,472784.58079823124
2021-07-01,671380.6578739127,475402.218839142
2021-07-02,673119.1932729161,479035.9839802499
2021-07-06,665396.7565487402,478163.3898818552
2021-07-07,665193.2780474464,479853.22050131625
2021-07-08,655415.9823373086,475943.53299920587
2021-07-09,669176.0863634752,481024.06030948623
2021-07-12,675956.0137553455,482747.06941177597
2021-07-13,668152.2915697735,481101.34453633614
2021-07-14,666726.7686869376,481819.2980538944
2021-07-15,664755.3695354555,480173.53711488633
2021-07-16,657030.3400671453,476407.2744238734
2021-07-19,644699.8975965938,469371.7410764805
2021-07-20,660450.2157330695,476098.0653893373
2021-07-21,669767.8931704764,479952.6838226658
2021-07-22,665950.6307193628,480957.81153453374
2021-07-23,673633.0009726916,485905.94948561396
2021-07-26,672956.1524226848,487098.7159433056
2021-07-27,669221.3672003612,484878.75086995127
2021-07-28,668963.061190119,484679.8242272523
2021-07-29,675339.7700491727,486690.00752385164
2021-07-30,677968.9883949507,484326.4733851267
2021-08-02,681529.5704279612,483310.274157793
2021-08-03,690377.9965572023,487242.21288153966
2021-08-04,686673.6363962657,484845.5723871226
2021-08-05,690501.0327417076,487915.9885279402
2021-08-06,694960.3831664281,488722.29778781405
2021-08-09,694348.9470039916,488324.6969473941
2021-08-10,695618.2087743406,488932.18775527383
2021-08-11,698934.4343653948,490147.02511676017
2021-08-12,697362.2428986925,491616.00244400057
2021-08-13,694209.9420164141,492510.73957332654
2021-08-16,696413.3525598738,493670.36361175776
2021-08-17,685450.800891428,490434.16324750154
2021-08-18,677693.5138072408,485066.38961577485
2021-08-19,683821.9188325279,485817.4494890253
2021-08-20,690314.9910948967,489683.13943781937
2021-08-23,698218.9058095014,493990.6080981912
2021-08-24,699333.0870938275,494774.81039070204
2021-08-25,705648.7136615113,495813.11658539873
2021-08-26,699758.3617236668,492886.1973828152
2021-08-27,708173.6837580015,497293.02117383166
2021-08-30,706650.5677372403,499480.024145767
2021-08-31,705766.6842190402,498739.92759727733
2021-09-01,702361.8370966238,499005.06695136055
2021-09-02,703367.8425293616,500540.25698998524
2021-09-03,704612.8836157158,500418.6867012727
2021-09-07,696375.388386464,498629.3927604622
2021-09-08,696545.0868900584,498022.0101432873
2021-09-09,697480.3281189505,495890.4008122486
2021-09-10,694873.5305364577,491980.46086516016
2021-09-13,696103.9713900691,493239.62035207736
2021-09-14,692636.1594763948,490577.8405035771
2021-09-15,700781.3176751806,494675.4191964891
2021-09-16,703495.7621792917,493891.2890311149
2021-09-17,696746.0968791398,489080.3008302493
2021-09-20,684308.9644972893,480925.246132366
2021-09-21,685046.7395195324,480470.91729902267
2021-09-22,697711.7073225167,485157.88288853184
2021-09-23,709498.0867502971,491052.50918943714
2021-09-24,710408.6463700512,491861.41502622806
2021-09-27,713286.4737958441,490454.2506550402
2021-09-28,697947.1566441553,480570.6691289185
2021-09-29,697826.4913626594,481379.46677500446
2021-09-30,685634.4755731873,475495.9480531331
2021-10-01,690516.7300617959,481146.78463238414
2021-10-04,679639.7473702224,474941.8673898939
2021-10-05,688539.2352789053,479883.73028009135
2021-10-06,689657.6251276628,481878.1537973471
2021-10-07,694901.4167060449,486044.28933358233
2021-10-08,690843.6059849046,485157.88288853184
2021-10-11,687938.5692586793,481645.4355911584
2021-10-12,686463.2341424434,480459.91791069356
2021-10-13,689711.109054736,482188.3004846588
2021-10-14,702160.2910614721,490299.1051842478
2021-10-15,704738.1546678394,494033.0909816393
2021-10-18,710967.5561568174,495495.64899372373
2021-10-19,715515.73201608,499318.38723268197
2021-10-20,716840.6451298691,501279.52407640417
2021-10-21,721790.4931457642,502587.00874483277
2021-10-22,726355.9287468463,502066.2508186954
2021-10-25,727620.1272168364,504758.72076381225
2021-10-26,729357.3686583362,505213.01353358733
2021-10-27,723945.1504682585,502974.87242181384
2021-10-28,734046.721077465,507827.98287044454
2021-10-29,739244.7395511001,508858.39114368526
2021-11-01,739001.4559218555,509733.7621368384
2021-11-02,742074.826710568,511794.722937593
2021-11-03,749678.1347340788,514919.41474869015
2021-11-04,752040.5073168243,517345.87981408474
2021-11-05,749964.6638558073,519140.8717986854
2021-11-08,755064.6013920124,519584.0930529948
2021-11-09,755715.5853437966,517866.5656130855
2021-11-10,748438.828641427,513700.4300768503
2021-11-11,754532.068218405,513866.71919024497
2021-11-12,760816.9976819814,517744.7428793949
2021-11-15,761768.5634478139,517922.1395718236
2021-11-16,765146.8793098176,519971.88460283936
2021-11-17,759333.6271135479,518708.75812340993
2021-11-18,764739.7933189615,520470.46343447705
2021-11-19,764147.41501582,519539.7348639956
2021-11-22,757524.7383988127,518077.1768519111
2021-11-23,758546.635127146,518764.07963716995
2021-11-24,758986.4511287191,520149.1009774265
2021-11-26,748993.1137554081,508548.10020210035
2021-11-29,761360.512149863,514786.26805455587
2021-11-30,743034.8537713476,504769.8283428462
2021-12-01,731893.2535973912,499163.2778254578
2021-12-02,741774.2029676767,506808.5739855329
2021-12-03,734996.8379431751,502398.7208547799
2021-12-06,737600.4427585277,508348.74079658184
2021-12-07,762433.0059786289,518863.7593399292
2021-12-08,766377.5622936575,520237.78129185666
2021-12-09,756362.0889967774,516725.4421851882
2021-12-10,760995.196619659,521589.5520221479
2021-12-13,753429.8360590573,516969.1237161376
2021-12-14,748786.9378303912,513412.318229765
2021-12-15,765163.864945308,521434.4786784921
2021-12-16,754452.0221415896,516836.2655305497
2021-12-17,749476.6297076402,511335.4533953936
2021-12-20,741720.9167514686,505898.3655854096
2021-12-21,754562.5735704831,514882.5577818957
2021-12-22,763332.5017735848,520030.6682191554
2021-12-23,766705.8288924997,523266.47188416036
2021-12-27,781783.4823922421,530671.7289336835
2021-12-28,780155.9240878817,530238.0645249715
2021-12-29,784904.69328194,530916.2759902719
2021-12-30,783019.5264332605,529448.6690786267
2021-12-31,782987.8248628537,528114.2809882521
2022-01-03,770080.0839227391,531171.9666894627
2022-01-04,762703.8772057864,530994.1372342145
2022-01-05,746284.4168858414,520797.92063456896
2022-01-06,749365.0229048632,520308.7904578237
2022-01-07,739809.220012334,518251.65239530813
2022-01-10,744793.9940433544,517606.65547640465
2022-01-11,747031.0376721419,522321.2818227938
2022-01-12,748105.9477544152,523733.3508392694
2022-01-13,737551.8054663048,516517.13901473326
2022-01-14,734489.7205616456,516728.3993977881
2022-01-18,720455.8420501428,507577.30500724644
2022-01-19,714770.6923434013,502306.79481920344
2022-01-20,704598.5949254874,496747.2711948679
2022-01-21,696970.2930954215,486995.8626465366
2022-01-24,704919.5578260267,489063.96403381304
2022-01-25,689670.9203476068,483092.9190316968
2022-01-26,684915.7151557815,481880.93069210555
2022-01-27,681726.3631827211,479501.5285833321
2022-01-28,699360.0977676386,491410.1155326212
2022-01-31,710078.50986781,500260.90858999494
2022-02-01,716060.6224568685,503641.0747188731
2022-02-02,732605.5402341209,508533.5305205104
2022-02-03,721762.3153336922,496580.40506438055
2022-02-04,720762.5224317579,498915.4850477231
2022-02-07,717138.4217755063,497314.22655198735
2022-02-08,720649.9419966761,501406.1072011093
2022-02-09,731542.959779437,508744.754839997
2022-02-10,720182.8141766345,499604.94834633067
2022-02-11,708253.0377788455,489753.28307814745
2022-02-14,701956.2243107662,488152.0967095483
2022-02-15,713516.9057769831,496024.52122272673
2022-02-16,715185.3580081697,496580.40506438055
2022-02-17,701326.310915339,485972.8113412275
2022-02-18,698579.4873062593,482826.12075347215
2022-02-22,687821.773261388,477644.7236426789
2022-02-23,675525.8243179269,469171.76859030104
2022-02-24,688791.3945599196,476232.4743083618
2022-02-25,701797.9077738152,486739.95556593616
2022-02-28,699923.1038374676,485494.7166163796
2022-03-01,692227.8221774409,478100.4950187539
2022-03-02,707037.8112506842,486895.64199025295
2022-03-03,708222.2513635496,484471.7013746388
2022-03-04,708643.7154013165,480535.54321340204
2022-03-07,688569.6671780156,466369.7735882812
2022-03-08,679069.696752659,462833.8489079497
2022-03-09,697145.7801996777,475242.88999442774
2022-03-10,694906.1591875294,473096.85523607215
2022-03-11,687125.7455943143,467081.3077906835
2022-03-14,684049.0421611178,463667.85498827184
2022-03-15,701366.4036317439,473864.0715879174
2022-03-16,718170.1811844101,484371.66103619663
2022-03-17,725434.2454886104,490431.5666705845
2022-03-18,736900.6091562177,495803.1991041184
2022-03-21,734122.1045314098,495658.18749601603
2022-03-22,738515.4799952998,501458.11086658644
2022-03-23,728262.2357903735,495000.09950182255
2022-03-24,741227.4704073574,502461.94028999587
2022-03-25,743997.8201923309,504915.7054765876
2022-03-28,746442.8377298587,508507.0959249523
2022-03-29,755063.1219060391,514797.84445997764
2022-03-30,748339.0312759686,511619.1654871472
2022-03-31,738446.9794180851,503744.64928700787
2022-04-01,734181.954900397,505172.3338285539
2022-04-04,738521.3735430639,509499.88989646436
2022-04-05,734142.2323795992,503064.23794404155
2022-04-06,740172.003524254,498033.9111208237
2022-04-07,752783.3034142287,500543.4666475632
2022-04-08,766806.6558527113,499205.0755011083
2022-04-11,752104.3498365439,490672.47130677546
2022-04-12,755515.7665136886,488854.3986384679
2022-04-13,760955.5969090279,494453.5561243564
2022-04-14,756217.4469749095,488296.74768196774
2022-04-18,757757.2665108782,488497.4775030814
2022-04-19,756670.4906859142,496383.2455365279
2022-04-20,764268.6015537671,496015.10863140255
2022-04-21,743284.9189843861,488597.9145407747
2022-04-22,718635.117497367,475191.2109010652
2022-04-25,712437.4156474598,477946.17901003215
2022-04-26,705177.8679639894,464104.40448244725
2022-04-27,712582.7395695988,465409.32863752707
2022-04-28,712499.2093206669,477165.4388200774
2022-04-29,691061.1956170894,459531.47189587756
2022-05-02,692874.6302332272,462297.5475838785
2022-05-03,710648.4833451101,464416.78711099306
2022-05-04,731224.7966689846,478559.5842431118
2022-05-05,710833.0618612649,461550.31044886704
2022-05-06,717186.1669528689,458795.34233990003
2022-05-09,676576.022059118,444105.9297031785
2022-05-10,682738.1397246403,445132.0824753608
2022-05-11,681818.0490733663,438060.629813949
2022-05-12,686821.6312041695,437603.34376800567
2022-05-13,705353.4166580185,448065.4570566686
2022-05-16,713049.8170365145,446247.3483247927
2022-05-17,724931.9842694809,455426.93293428514
2022-05-18,694146.9145526157,437067.8719060052
2022-05-19,693660.3518761101,434390.9453588222
2022-05-20,689018.1233130139,434580.60366447014
2022-05-23,704967.8085954604,442711.7482165758
2022-05-24,706585.8583054399,439332.231231927
2022-05-25,717603.9153925114,443213.53670579154
2022-05-26,725891.213690333,452069.6311077042
2022-05-27,738539.1173265635,463167.54510535614
2022-05-31,733624.0689624111,460568.6601199572
2022-06-01,728603.870250442,456843.4377696606
2022-06-02,736595.2359110982,465543.30479373207
2022-06-03,732272.618921442,457902.9854060813
2022-06-06,735017.6256126822,459297.16689268406
2022-06-07,740888.2789953101,463702.94484022004
2022-06-08,732735.0483858471,458661.40224726335
2022-06-09,718048.0184875143,447753.11049169104
2022-06-10,705547.3539957631,434770.2619701181
2022-06-13,678854.5345281524,418262.8487922256
2022-06-14,679454.2235599257,417002.4270804181
2022-06-15,679093.1105396027,422947.3981226592
2022-06-16,653649.7739294955,408949.5404715062
2022-06-17,639313.2374648206,409831.0783348373
2022-06-21,658521.232457021,420148.071824693
2022-06-22,650244.2316723088,419386.2650080915
2022-06-23,641465.5778955771,423497.40360268136
2022-06-24,654693.7269150744,436962.025333068
2022-06-27,663903.7231579034,435292.9673289432
2022-06-28,663119.8056267715,426398.68160820927
2022-06-29,656041.1617192134,426051.38944555674
2022-06-30,651407.5155356531,422590.04422445316
2022-07-01,653837.1243107123,427059.5825607295
2022-07-05,640523.3326846941,427866.0721384448
2022-07-06,640867.6334248094,429311.06719277106
2022-07-07,652643.3092470441,435741.0932285403
2022-07-08,654373.4409833123,435382.6213597172
2022-07-11,648154.2975803675,430408.9504022862
2022-07-12,639873.7466845384,426600.24089139357
2022-07-13,640137.3283954023,424359.93596552254
2022-07-14,628387.122194023,423329.3113108721
2022-07-15,639777.8142890714,431417.03532675415
2022-07-18,635371.5256191398,427854.856368706
2022-07-19,653534.3685793291,439415.213502567
2022-07-20,653996.4152352402,442215.69383471855
2022-07-21,649836.1065579235,446718.8434166431
2022-07-22,640864.6186070939,442574.1657035416
2022-07-25,652384.674878626,443111.8374432079
2022-07-26,648872.7231545538,437869.3847112962
2022-07-27,667136.5330965383,449239.2540774385
2022-07-28,664497.882492308,454873.82598738984
2022-07-29,674192.353520381,461505.26705207024
2022-08-01,666424.0281422611,460138.60206807434
2022-08-02,666806.9133894953,457102.9872706586
2022-08-03,668118.7117206109,464260.8843052665
2022-08-04,662963.8119948935,463947.2755153987
2022-08-05,669199.6176083287,463163.1092864562
2022-08-08,672476.9019086168,462625.4014832216
2022-08-09,677421.8753530722,460788.3233144241
2022-08-10,683527.8782687539,470466.73920053226
2022-08-11,689292.1580681539,470466.73920053226
2022-08-12,699161.465334324,478431.2340035604
2022-08-15,697126.1916163575,480402.8292820872
2022-08-16,701150.6860288017,481343.8359695319
2022-08-17,698641.6417151106,477927.137445974
2022-08-18,703496.7597780086,479316.2700330158
2022-08-19,698733.5001389912,472875.1724817809
2022-08-22,693520.0819688846,463028.736431
2022-08-23,696020.8992206368,461908.52987271204
2022-08-24,701807.6577852169,463387.24436339136
2022-08-25,710516.3771968014,469929.067460866
2022-08-26,696149.8703823849,454022.4372671509
2022-08-29,695671.5336121642,451020.32552467845
2022-08-30,680638.9730530704,446069.12217029335
2022-08-31,674716.4729994742,442674.96337691793
2022-09-01,676063.0544504013,444063.9517096866
2022-09-02,676898.7985142869,439381.5301297822
2022-09-06,672988.6277604988,437723.76002253284
2022-09-07,678957.6788618545,445587.4571521846
2022-09-08,690347.236768915,448499.9869910196
2022-09-09,699502.058324051,455467.50444861373
2022-09-12,702210.8215218642,460362.66501787293
2022-09-13,682587.0140210612,440344.896229568
2022-09-14,692114.8444248432,442025.2421305682
2022-09-15,683575.5383135601,437006.7802213184
2022-09-16,675251.0225918934,433672.9557776956
2022-09-19,678409.536512941,437035.9556480667
2022-09-20,672675.5193383691,432019.4411715047
2022-09-21,660721.2015493901,424483.4176233546
2022-09-22,656092.7087802205,420917.848689887
2022-09-23,635909.7943199088,413865.50971966994
2022-09-26,625509.7735450984,409771.1767479042
2022-09-27,630641.0544602046,408725.2250767296
2022-09-28,649664.277929476,416767.4368694271
2022-09-29,643845.7703524533,408061.43903874594
2022-09-30,636742.2229119391,401751.5046853893
2022-10-03,660121.2972483886,412358.19681933505
2022-10-04,678653.253125356,425135.8436373262
2022-10-05,679595.365004169,424145.9347512775
2022-10-06,677404.3263791084,419770.5583918117
2022-10-07,662073.963229613,408061.43903874594
2022-10-10,661397.197659667,404945.7991832901
2022-10-11,659521.9898326428,402381.3188420418
2022-10-12,660164.2950144181,401054.03527462087
2022-10-13,677005.0330122391,411638.36799622554
2022-10-14,657004.9113751926,402257.58473923174
2022-10-17,669587.7162984292,412594.413191648
2022-10-18,675300.6658726742,417442.2222957398
2022-10-19,670208.8604086736,414484.07204301533
2022-10-20,666579.0103652804,411008.4817124364
2022-10-21,680239.3328908116,420996.5754594685
2022-10-24,693244.120110418,426148.07587214775
2022-10-25,702487.4304481507,432953.0908910178
2022-10-26,701661.8445389742,429691.21326613764
2022-10-27,705042.8702927347,427396.5966064188
2022-10-28,718531.7302413379,437564.68362279655
2022-10-31,719335.0456683458,434404.1085612488
2022-11-01,725365.0195625882,432503.1257494378
2022-11-02,706096.311716579,421649.0014734402
2022-11-03,709949.2491713243,417307.34455032746
2022-11-04,715614.1722125058,423313.62365866505
2022-11-07,721511.3025227302,427362.913233634
2022-11-08,723022.886036437,429668.67353595514
2022-11-09,706599.717672724,420816.65431725944
2022-11-10,729198.1603971594,443942.1650395643
2022-11-11,728339.611358827,448238.9588837217
2022-11-14,729803.051269532,444425.95780820225
2022-11-15,731878.6020794616,448216.4191535391
2022-11-16,726914.3881688912,444797.12405306415
2022-11-17,724422.745606039,443436.1210492901
2022-11-18,726739.6121437699,445449.44187633094
2022-11-21,726549.8873490148,443829.64670649305
2022-11-22,737623.3330503943,449802.27850561414
2022-11-23,737891.9200901235,452636.87497337
2022-11-25,741232.7942671069,452535.6445371742
2022-11-28,732438.9287207656,445314.52806735033
2022-11-29,734895.8135178515,444549.61978387577
2022-11-30,750606.6828585576,458553.1754788189
2022-12-01,748822.2407498474,458215.83686101495
2022-12-02,749397.6826596686,457687.21707698994
2022-12-05,735754.6480726138,449453.7241180714
2022-12-06,724470.6233715719,442974.904074403
2022-12-07,722487.5276953619,442221.2476242355
2022-12-08,726500.3897611473,445685.6221850756
2022-12-09,717944.4809276093,442356.3417510576
2022-12-12,725051.5109291162,448733.89529496187
2022-12-13,723337.5891071802,452130.72279239097
2022-12-14,720667.8151182182,449239.9753488044
2022-12-15,710765.1520011988,438250.7569459847
2022-12-16,702872.3186000087,433076.716803123
2022-12-19,699279.8603673505,429404.4357710792
2022-12-20,702157.712278001,429991.9834256934
2022-12-21,712186.9032505519,436421.43244437
2022-12-22,704575.2140422784,430195.45407799724
2022-12-23,711244.5679558313,432670.02794349345
2022-12-27,712432.7841474391,430963.7884004595
2022-12-28,704659.687669803,425607.87968270096
2022-12-29,712771.5487929384,433268.7913678465
2022-12-30,710161.5133016555,432127.6318763809
2023-01-03,703374.0704539457,430308.36911031965
2023-01-04,710167.9601926691,433630.54502138414
2023-01-05,706048.2399624941,428681.21697255026
2023-01-06,723197.0967444299,438511.82111685094
2023-01-09,717873.7507661374,438263.1988770455
2023-01-10,724593.7676775353,441336.6804211679
2023-01-11,728882.4500040795,446918.6355849811
2023-01-12,727961.2577902658,448545.8237863188
2023-01-13,732120.5539648894,450285.96308354725
2023-01-17,727897.6054606878,449461.11714957125
2023-01-18,720373.3530373806,442364.9970074477
2023-01-19,711648.2368405801,439144.5924861034
2023-01-20,724016.9555808149,447325.4326353155
2023-01-23,733334.2365002387,452692.7013770861
2023-01-24,734336.8301184516,452206.8890486238
2023-01-25,736765.8605946756,452376.38781959645
2023-01-26,747218.6959951549,457348.147407908
2023-01-27,742461.9402955294,458398.967660802
2023-01-30,740115.0627948747,452647.5497895844
2023-01-31,747154.5600469917,459302.93706361076
2023-02-01,752993.9670920692,464184.3574133507
2023-02-02,755610.3886365747,470941.5160770973
2023-02-03,753203.3854529483,465935.82067102287
2023-02-06,750923.7588989448,463088.24131868186
2023-02-07,758559.6786636342,469144.8651683552
2023-02-08,753495.3330077847,464014.82257880975
2023-02-09,746128.0628235706,459992.2200443769
2023-02-10,748171.3700015685,461065.6882181583
2023-02-13,758815.3775554535,466478.14461099886
2023-02-14,759740.3264435999,466263.4581889562
2023-02-15,761574.630510767,467777.58710369834
2023-02-16,752882.5024486335,461336.9583788512
2023-02-17,751784.5132400214,460184.2946091004
2023-02-21,736481.422016585,450952.59814342594
2023-02-22,734041.5719683353,450331.1146710489
2023-02-23,730454.2652298975,452726.6371948489
2023-02-24,722131.0081016636,447890.5126868838
2023-02-27,727125.5301460191,449415.9294985013
2023-02-28,725220.1694873909,447754.84154296905
2023-03-01,721440.9706861164,446037.31410305976
2023-03-02,728114.6224434769,449506.19660993636
2023-03-03,736159.9794701135,456715.41210222384
2023-03-06,732905.2223221171,457031.76172328176
2023-03-07,723361.6334635647,450026.01688329806
2023-03-08,722503.6458323263,450760.48751513415
2023-03-09,709551.0927236758,442444.08441271214
2023-03-10,700312.197085516,436059.8591086738
2023-03-13,694857.574502025,435438.37563629675
2023-03-14,701652.6991015624,442636.15897743567
2023-03-15,686229.7663345753,439867.73915749573
2023-03-16,698573.3126017274,447585.3427719964
2023-03-17,685595.7367197834,442351.8338050211
2023-03-20,696672.0557465242,446605.3874307963
2023-03-21,705434.6439732501,452469.50395292655
2023-03-22,690620.1891680968,444756.480411599
2023-03-23,694486.1038732103,445958.83977845625
2023-03-24,700520.0468074959,448885.1819639471
2023-03-27,706306.6539548334,449724.59757951304
2023-03-28,706130.6153346775,448715.10617588175
2023-03-29,712833.9083220179,455237.0943107957
2023-03-30,715012.5037743088,457902.6247703984
2023-03-31,727310.8216436814,464356.5970155136
2023-04-03,735027.942679266,466126.09205733176
2023-04-04,720858.9727804089,463539.9735751082
2023-04-05,720457.4424796404,462326.32631137554
2023-04-06,714843.0430748004,464129.7571709565
2023-04-10,722407.633150953,464606.12084452633
2023-04-11,727072.1383300105,464730.9007908169
2023-04-12,720641.742830873,462836.66186627647
2023-04-13,727494.6737384796,468984.3822894555
2023-04-14,727494.8644550855,467838.75091552164
2023-04-17,726708.3522845042,469517.510019517
2023-04-18,729112.6634955703,469823.79790502146
2023-04-19,724919.3858556971,469744.38592764235
2023-04-20,723481.2097045991,467180.9514298745
2023-04-21,721121.7999261527,467543.8951811658
2023-04-24,726426.7784521148,468031.546751611
2023-04-25,712268.3572384963,460602.1992384688
2023-04-26,711671.7130352115,458651.2683845733
2023-04-27,717437.8982075548,467782.05898616655
2023-04-28,726519.9187503182,471774.6926953487
2023-05-01,729158.3540585703,471298.3290217789
2023-05-02,718951.3518250745,466001.27604747296
2023-05-03,713006.591492425,462802.6539213771
2023-05-04,701871.5298599957,459524.65588147036
2023-05-05,714470.0534752738,468031.546751611
2023-05-08,715687.6865452507,468156.3988250381
2023-05-09,715142.0608338354,466103.33594573947
2023-05-10,716167.9058466188,468281.17877132865
2023-05-11,715255.0996939592,467464.519267355
2023-05-12,716318.8961230826,466851.94349634607
2023-05-15,718723.4431499707,468462.6867105426
2023-05-16,710341.155520978,465332.1165378138
2023-05-17,718963.6162317616,470980.7893029673
2023-05-18,732750.9948119819,475517.8025755181
2023-05-19,730077.0782706395,474825.88695426664
2023-05-22,729367.4195980189,475018.75491749257
2023-05-23,718077.2439846541,469687.69399828726
2023-05-24,713887.9761767668,466284.8078213851
2023-05-25,711177.9635218336,470322.80949947867
2023-05-26,716709.024258449,476413.8740568709
2023-05-30,714572.8386277567,476595.3819960848
2023-05-31,706799.0831460847,473952.46339380124
2023-06-01,712299.0139757534,478455.50478502095
2023-06-02,723208.5786664544,485374.5167432622
2023-06-05,721354.8007071073,484444.43731701
2023-06-06,728030.1986336557,485499.26062598446
2023-06-07,732347.5324552823,483820.60971269396
2023-06-08,733589.1833907381,486747.0240253214
2023-06-09,732612.572577959,487620.3393950819
2023-06-12,738005.2145272483,492043.96880892245
2023-06-13,746413.5177972665,495288.0310310663
2023-06-14,742209.4739050178,495877.77856334636
2023-06-15,750603.1988425616,502025.571113662
2023-06-16,746425.631274989,500315.5448959574
2023-06-20,741736.9295303373,497719.7974409999
2023-06-21,743466.2129999315,495169.6703999318
2023-06-22,740905.2153239117,496957.01690805453
2023-06-23,737959.5253293182,493200.058617661
2023-06-26,739423.3485847112,491184.9706757739
2023-06-27,747707.5876868134,496569.9826931442
2023-06-28,747324.4454115507,496820.4802385008
2023-06-29,752766.8540544913,498778.58774248644
2023-06-30,761763.9617723193,504664.5227234334
2023-07-03,761253.8181433401,505245.14617293555
2023-07-05,752333.2266469189,504493.7617275705
2023-07-06,740473.6857798807,500543.2502661535
2023-07-07,746277.6963928561,499279.5107060631
2023-07-10,759684.497659074,500543.2502661535
2023-07-11,765973.4103473861,503730.98119462514
2023-07-12,773177.6115958123,507783.87712642335
2023-07-13,778580.2891461126,511814.1972644707
2023-07-14,769863.4231820874,511495.3953207689
2023-07-17,778992.0349994822,513271.4178684479
2023-07-18,789339.7465767968,517085.3205331746
2023-07-19,785732.4348309677,518235.20740816696
2023-07-20,770052.7580733695,514796.9428707703
2023-07-21,770930.5626739638,514796.9428707703
2023-07-24,772807.2415465447,517096.68055718666
2023-07-25,781740.6743702855,518508.4610651159
2023-07-26,782002.2202843529,518588.12548747304
2023-07-27,776834.8260190084,515149.8970136447
2023-07-28,788908.8957571337,520193.35097572085
2023-07-31,794108.9395415199,521183.8368788623
2023-08-01,793953.7776068209,519692.39194857585
2023-08-02,780651.7474710414,512463.125112318
2023-08-03,781513.8270881395,510994.4362936239
2023-08-04,780612.2871191752,508683.3385831956
2023-08-07,790701.8467069112,513123.37692060904
2023-08-08,787192.2225769804,510891.97969610617
2023-08-09,787025.8505046011,507476.5433974384
2023-08-10,781651.5860876866,507658.7365444499
2023-08-11,780399.491711194,507362.72677590867
2023-08-14,785654.9628234162,510163.3152987651
2023-08-15,773911.2843952649,504220.58019775816
2023-08-16,767895.0491499124,500520.4941545612
2023-08-17,762108.9132292852,496706.62755340274
2023-08-18,766341.2589169452,496945.65688404255
2023-08-21,770236.0449547239,500178.8279085622
2023-08-22,768358.3504918263,498824.1720928076
2023-08-23,771875.6151257734,504379.9090424725
2023-08-24,758758.0830148958,497389.5633461495
2023-08-25,764400.519403849,500896.096218323
2023-08-28,769359.4645657362,504072.46712278266
2023-08-29,781495.7579775803,511358.75046051026
2023-08-30,786036.4734809196,513464.9710394714
2023-08-31,785769.9639184979,512713.62265767466
2023-09-01,793812.9597310486,513669.9202980752
2023-09-05,787420.2724042553,511449.8830975843
2023-09-06,787516.3970746571,508011.7267508926
2023-09-07,782328.7591753561,506451.9413586927
2023-09-08,784616.7801146685,507214.68582806975
2023-09-11,780920.1637054668,510550.49376794865
2023-09-12,780946.8761757168,507749.7609908191
2023-09-13,774812.8506564116,508341.8887186064
2023-09-14,782849.2598918446,512724.9466181183
2023-09-15,768627.3099835755,506547.43768753007
2023-09-18,771302.4092674344,506844.56542668835
2023-09-19,767441.0627547174,505793.4206016797
2023-09-20,759000.8491140029,501143.4922968065
2023-09-21,747346.1379027729,492860.44799505465
2023-09-22,750054.1885411566,491752.21454143967
2023-09-25,755206.5168819501,493820.09954730637
2023-09-26,744070.0148799336,486565.335768266
2023-09-27,751994.7180108086,486759.53808351874
2023-09-28,760612.6344008044,489581.4041116675
2023-09-29,755487.414855259,488393.2537907173
2023-10-02,747868.2792462764,488199.0154118963
2023-10-03,737731.3696244888,481663.9722652605
2023-10-04,733420.4694746162,485171.4427902096
2023-10-05,734038.7391666567,484988.5644354006
2023-10-06,742130.9395139457,490746.7983210254
2023-10-09,757921.9049547104,493888.69245419785
2023-10-10,759314.9131840277,496459.2675384875
2023-10-11,760413.7571602936,498492.85609090846
2023-10-12,757786.5106704767,495453.8873816415
2023-10-13,760498.3342352462,492986.0574034159
2023-10-16,767756.9591168008,498172.9722401579
2023-10-17,772806.0590271715,498150.144001429
2023-10-18,767528.8099169439,491512.1754308877
2023-10-19,763410.9324216085,487193.59919148195
2023-10-20,753221.5251615338,481206.97472786356
2023-10-23,749150.6668396265,480372.9325839731
2023-10-24,750778.6740739605,483994.61642970314
2023-10-25,748224.977511384,477048.3043502648
2023-10-26,749456.4381640949,471335.8351328026
2023-10-27,744083.8811846825,469199.32115647616
2023-10-30,747726.6685728147,474808.9731407377
2023-10-31,754580.1854024655,477790.92534853483
2023-11-01,761597.4750441621,482886.3469125199
2023-11-02,777789.795725158,492140.65523551346
2023-11-03,779152.1040617176,496630.6416150114
2023-11-06,774777.270865703,497773.09939493553
2023-11-07,768030.319616778,499189.7845481525
2023-11-08,764171.433367172,499555.43306706566
2023-11-09,762981.6588497823,495659.5579116111
2023-11-10,772842.5191125624,503394.21959391393
2023-11-13,774444.2726665777,502914.2856270832
2023-11-14,785442.0860313762,512671.2840284998
2023-11-15,786196.0104269774,513756.6531798176
2023-11-16,779504.6650976861,514385.02479373844
2023-11-17,785532.4780868236,515024.82855880784
2023-11-20,789033.6221060947,518989.26055758557
2023-11-21,787679.5443773092,517858.16280167346
2023-11-22,790943.1211244046,519857.49096421694
2023-11-24,792802.8374576784,520177.4469421041
2023-11-27,791691.0520513174,519240.587565013
2023-11-28,788759.8221436546,519754.63766744797
2023-11-29,787310.954871177,519389.09733923967
2023-11-30,792908.0124370514,521434.15410637745
2023-12-01,798070.3559475155,524518.887483807
2023-12-04,791317.2500336003,521765.5061718449
2023-12-05,784030.8893635889,521662.7250022125
2023-12-06,774940.9833502435,519560.4353521952
2023-12-07,777540.3598302463,523524.9034145413
2023-12-08,781159.0404715352,525775.7389023536
2023-12-11,788311.0252484061,527820.6874787865
2023-12-12,784634.1135158134,530231.4288284058
2023-12-13,795809.6718921312,537543.353363189
2023-12-14,807580.6931395206,539268.5262795762
2023-12-15,805971.7142053582,538380.6412282258
2023-12-18,812566.4134049674,541409.0433119831
2023-12-19,820311.5713892228,544701.2503977969
2023-12-20,810213.1175209798,537153.2537449738
2023-12-21,816492.3072154096,542246.4393677247
2023-12-22,817758.9936574482,543336.2443379425
2023-12-26,823061.9106338539,545630.4282348418
2023-12-27,821008.856484171,546616.9832090394
2023-12-28,815544.6503689899,546823.4471375115
2023-12-29,813676.0509218842,545240.4007437632
2024-01-02,811233.7224857182,542189.0982941404
2024-01-03,812598.8171935901,537761.1412521048
2024-01-04,807506.1683585409,536029.0080670372
2024-01-05,809563.8716955999,536763.1901903269
2024-01-08,816968.3933105024,544425.9771810236
2024-01-09,810512.4685953609,543600.0854035672
2024-01-10,811532.3417138736,546674.360346192
2024-01-11,814724.9549004857,546433.4917735694
2024-01-12,815544.582618732,546812.0149863629
2024-01-16,810124.6238714028,544804.5003938171
2024-01-17,806931.1257355491,541776.134373628
2024-01-18,811175.5391591871,546594.0107160374
2024-01-19,822984.9430128196,553408.0055634121
2024-01-22,830194.6444881144,554578.0159095115
2024-01-23,825459.6680099131,556195.4669474103
2024-01-24,833622.7837683527,556803.4265816777
2024-01-25,842114.4302918738,559831.8647290035
2024-01-26,842978.2733975777,559120.6911622841
2024-01-29,850078.155433706,563548.5400136148
2024-01-30,854338.4397961786,563112.6757272369
2024-01-31,840485.531807346,553924.1473528082
2024-02-01,845562.2950408382,561174.0064865607
2024-02-02,846441.5357393804,567081.6877991878
2024-02-05,843876.3334354837,565016.9042601943
2024-02-06,842822.7617175207,566657.2917275268
2024-02-07,853265.0849825358,571383.4223522012
2024-02-08,854997.734378297,571635.795203109
2024-02-09,859518.6615453333,574939.5786943446
2024-02-12,864745.1810269464,574687.1337163001
2024-02-13,852691.2875604827,566771.901747559
2024-02-14,866385.7747972193,571922.6087617357
2024-02-15,876563.2456314771,575868.7204678212
2024-02-16,873228.3469292335,573000.8733901001
2024-02-20,865948.7248493828,569846.3209444571
2024-02-21,870470.1497195072,570362.5348609895
2024-02-22,884198.2917611431,582166.4292715269
2024-02-23,880694.257517639,582567.9249773223
2024-02-26,886405.7006391542,580434.2239593227
2024-02-27,890669.571191964,581512.5246512552
2024-02-28,889828.7718947522,580743.9378838149
2024-02-29,895528.050593314,582831.6939158104
2024-03-01,907100.4880876895,588303.5109420597
2024-03-04,906306.4171638488,587672.5427512219
2024-03-05,904553.3017559526,581799.3021463137
2024-03-06,910869.6754631543,584747.4627906212
2024-03-07,917952.2875909096,590551.9301707965
2024-03-08,914245.6228807436,587007.2781069382
2024-03-11,909810.2508346936,586502.4963415543
2024-03-12,918271.7918271075,592811.81761425
2024-03-13,923311.8543496478,591882.6037136369
2024-03-14,919051.6644214368,590712.4491132644
2024-03-15,921367.0685833882,586656.3435238883
2024-03-18,926995.8591209939,590142.9332427962
2024-03-19,935998.6108838855,593422.3738254346
2024-03-20,947043.346979191,598911.1767923494
2024-03-21,956327.966260322,600890.4536109224
2024-03-22,952681.8803829413,599751.2054885763
2024-03-25,951764.3888783486,598094.1927162611
2024-03-26,947916.6545405673,596989.5656194753
2024-03-27,958101.1546188529,602006.5128588568
2024-03-28,962763.9774992615,601891.4700760052
2024-04-01,961897.6063658063,600844.4004342136
2024-04-02,957012.7079825966,597024.1145178991
2024-04-03,966330.0591686066,597679.8944437219
2024-04-04,953857.1831121219,590384.5952139213
2024-04-05,965659.7422250073,596552.2227267976
2024-04-08,964247.7873155265,596885.9549877723
2024-04-09,960087.2019200267,597576.3920027238
2024-04-10,948599.2861538695,591592.7247517053
2024-04-11,951937.6411008824,596057.5387605353
2024-04-12,939449.5574417785,587830.1044810899
2024-04-15,928988.4234595811,580465.6713908734
2024-04-16,926633.0036625394,579406.9892800917
2024-04-17,917787.4384828055,575977.9570161778
2024-04-18,914707.7935660931,574792.7278442594
2024-04-19,906718.4205629233,569775.7806048777
2024-04-22,915347.4763179676,575022.8855370992
2024-04-23,927551.0579196188,581846.4372300714
2024-04-24,924232.4507288772,581570.2263605226
2024-04-25,930283.2765885796,579360.9361033827
2024-04-26,936892.3403149442,584849.7751338658
2024-04-29,941493.9570816122,586920.9779880154
2024-04-30,918732.2368346145,577623.4294466396
2024-05-01,910759.2745936805,575747.8353869062
2024-05-02,921103.4308582853,581132.9916585496
2024-05-03,934326.9893438913,588336.3648527738
2024-05-06,945467.4038105349,594411.9581393687
2024-05-07,936540.5384864134,595067.9905101695
2024-05-08,937310.4824355966,595125.4037108904
2024-05-09,943785.2982345875,598554.3638476678
2024-05-10,939893.4463449203,599325.5471920251
2024-05-13,938035.672392437,599405.9689493164
2024-05-14,941788.7365419286,602156.1766672689
2024-05-15,950950.6167581695,609612.7161109033
2024-05-16,945943.2164161719,608358.2809514323
2024-05-17,952878.2046560831,609232.8224825148
2024-05-20,952763.0062324197,609934.7637757513
2024-05-21,954286.4220137671,611430.680588506
2024-05-22,942695.9466634971,609670.1293116242
2024-05-23,939712.7357173371,605216.8556446476
2024-05-24,947558.1063637186,609221.2821406613
2024-05-28,951134.8930182137,609647.1207550539
2024-05-29,942570.6631380398,605378.1319220497
2024-05-30,946874.1310730829,601362.201147751
2024-05-31,956594.0626842749,606839.427709244
2024-06-03,943643.2618618874,607334.2198662111
2024-06-04,936373.0764780772,608013.2247300139
2024-06-05,949238.6986915955,615239.3540358304
2024-06-06,947829.8326771565,615227.9579482501
2024-06-07,943346.4798094864,614480.0716690094
2024-06-10,946742.3024275182,616378.6021581765
2024-06-11,943407.1933953617,617863.1228833508
2024-06-12,952698.5414536127,622937.5554505899
2024-06-13,953137.2569048573,624191.8463557877
2024-06-14,948204.897058241,624571.6678570396
2024-06-17,958053.8344006833,629542.5979832805
2024-06-18,963990.600866643,631141.9451098967
2024-06-20,959389.4850425912,629427.4830732922
2024-06-21,955880.9390671469,628583.595575258
2024-06-24,959065.2491845321,626540.3059229666
2024-06-25,959201.1298762314,628953.1028959785
2024-06-26,956725.6594403866,629738.13465056
2024-06-27,955485.3934554306,630730.8204313673
2024-06-28,961001.4400856136,628248.8535343711
2024-07-01,954076.0712194253,629541.8767119147
2024-07-02,955952.4504403534,633778.408333456
2024-07-03,960031.5222416213,636606.8018674656
2024-07-05,950749.9353690178,640277.7124839143
2024-07-08,950796.0224869481,641016.6549982186
2024-07-09,952031.2968070542,641639.9777125785
2024-07-10,960749.5987864605,647989.1852918053
2024-07-11,962447.082160552,642401.7124020434
2024-07-12,965079.8480482275,646453.8149353391
2024-07-15,972964.0424527075,648231.6045978646
2024-07-16,980952.2335955277,652075.6924692517
2024-07-17,972911.2575855226,642932.7845087122
2024-07-18,971070.0482185519,637991.931398427
2024-07-19,962559.5521083891,633755.2555226125
2024-07-22,973769.8053638922,640289.2528257677
2024-07-23,965889.1353597809,639285.026703107
2024-07-24,949294.7106279861,624797.1372860016
2024-07-25,955382.4550016044,621541.8232305506
2024-07-26,966347.6935427017,628502.8853094204
2024-07-29,963587.9079466697,628872.2483758677
2024-07-30,966603.8501136582,625685.9599901277
2024-07-31,976319.1601808748,635856.3190113079
2024-08-01,953665.6135740094,626851.9672801465
2024-08-02,930449.2831126763,615181.0031823338
2024-08-05,912125.3599512134,597264.7306455438
2024-08-06,924617.1166678708,602771.2047609217
2024-08-07,919584.080548093,598742.327165606
2024-08-08,939841.2760098361,612583.7049939397
2024-08-09,943117.8582440964,615284.9383861516
2024-08-12,942221.74757261,615608.2122123216
2024-08-13,943621.3886644589,625732.1934846782
2024-08-14,948096.0316808984,627706.2410858489
2024-08-15,960964.4592500762,638465.229668692
2024-08-16,962316.506473931,639896.6648213404
2024-08-19,970977.9890099857,646015.1376906346
2024-08-20,961050.286814574,644964.5338191503
2024-08-21,967369.3243092463,647181.0007263803
2024-08-22,965888.0400947818,642101.6635138534
2024-08-23,980696.921605382,648924.2414904818
2024-08-26,981408.0603660861,647377.2586650256
2024-08-27,982318.7057532631,648266.2256234249
2024-08-28,980323.5165188817,644502.920145012
2024-08-29,982982.9214150676,644560.5497271427
2024-08-30,990350.8627142113,650713.5714948606
2024-09-03,965121.7807867569,637322.5194437898
2024-09-04,960359.7145680032,636018.1001786661
2024-09-05,955210.6305837927,634471.1173532099
2024-09-06,941383.1727858286,623792.7669090678
2024-09-09,949508.8378706694,630776.9817987811
2024-09-10,944761.6983292057,633524.4486855433
2024-09-11,943539.9077091506,640023.7528360016
2024-09-12,948760.7682323116,645414.8956599815
2024-09-13,955795.4349258038,648785.6852611037
2024-09-16,961994.2291196953,649743.8221434872
2024-09-17,968466.2921078157,650009.3221332533
2024-09-18,965633.640046467,648081.508026633
2024-09-19,981298.0027363393,659140.6176248026
2024-09-20,977245.7979133404,658001.2252481834
2024-09-23,982896.8656343136,658011.4673015783
2024-09-24,985637.6767438011,659894.27407497
2024-09-25,978803.347886132,658438.8205858392
2024-09-26,977273.678847106,661049.4622945014
2024-09-27,978685.3925377786,660090.6762678886
2024-09-30,982862.1255900242,662735.8668749746
2024-10-01,982876.873487311,656798.865881326
2024-10-02,985236.8974459495,657075.9062129457
2024-10-03,989592.8539685153,655874.7008802737
2024-10-04,1001379.9465997462,661834.8546847658
2024-10-07,994167.8509443072,655851.5480694303
2024-10-08,990932.3302461307,662054.3375613913
2024-10-09,997621.4234399009,666639.8923968632
2024-10-10,996508.1401826694,665473.235962615
2024-10-11,1009200.6046839593,669458.3323860242
2024-10-14,1013674.3285779823,674933.3590698513
2024-10-15,1007045.1507318928,669689.4277316397
2024-10-16,1015813.4567584547,672600.1904556283
2024-10-17,1019921.7076682717,672657.8921648957
2024-10-18,1028200.0239003632,675245.2368084411
2024-10-21,1019439.5058740419,674136.4263377335
2024-10-22,1017197.0313141035,673778.3872317299
2024-10-23,1014735.7942325969,667621.8312343194
2024-10-24,1017784.1067739587,669065.528000187
2024-10-25,1010857.0500049863,668834.5047817081
2024-10-28,1015726.0021106808,670902.173406165
2024-10-29,1006910.1386705484,671988.0474474389
2024-10-30,1009924.2926042584,669954.9998485424
2024-10-31,1018407.6469552517,656821.9465650329
2024-11-01,1004393.4984974508,659593.8645510973
2024-11-04,1008983.0224162264,658173.2484689364
2024-11-05,1020371.1039514706,666131.756719628
2024-11-06,1061145.239279872,682695.3930004878
2024-11-07,1057308.4923280268,687974.2338728063
2024-11-08,1072118.8890004405,690954.3107750523
2024-11-11,1080684.6743838505,691612.7594049287
2024-11-12,1077637.2987332742,689464.3083874976
2024-11-13,1078553.5009973368,689799.1946826576
2024-11-14,1076599.0836375556,685363.7364184173
2024-11-15,1080527.2647913333,676585.0704976277
2024-11-18,1090819.5204883055,679357.3491193749
2024-11-19,1090129.4572387442,681840.686431966
2024-11-20,1091140.6750066103,682071.8539047182
2024-11-21,1101896.161633955,685733.3879934109
2024-11-22,1109683.7302890467,687858.6861999985
2024-11-25,1105765.363336391,690191.9990684948
2024-11-26,1111674.4916845914,693795.8314479202
2024-11-27,1112692.2476748358,691693.5417979029
2024-11-29,1114076.5280985602,695990.3717056286
2024-12-02,1100186.0170817578,697237.8105328509
2024-12-03,1097513.1667342652,697561.3728675672
2024-12-04,1092129.9546887868,701892.8238008533
2024-12-05,1097998.4919600277,700737.8519627318
2024-12-06,1093241.5110769449,702066.145310065
2024-12-09,1074988.579358019,698450.7004616495
2024-12-10,1067927.4571395395,696279.1687605114
2024-12-11,1067839.905111266,701661.872709511
2024-12-12,1065044.9003372416,698046.4278610955
2024-12-13,1064442.2460283346,697907.8716317174
2024-12-16,1061797.5360531078,700887.8764068268
2024-12-17,1052450.722202146,698000.2664936816
2024-12-18,1021383.9438986578,677197.4298872269
2024-12-19,1015066.2897986801,676989.4152253183
2024-12-20,1030020.9752476455,685120.7400952654
2024-12-23,1031020.2556933131,689223.5480055799
2024-12-24,1040617.8837624044,696884.171182179
2024-12-26,1037690.5943069113,696930.476803866
2024-12-27,1031509.3378508055,689594.2814876222
2024-12-30,1028778.5477332831,681724.9223777485
2024-12-31,1030448.9870488838,679244.8307863036
2025-01-02,1033462.3767732136,677575.8809728838
2025-01-03,1043608.2037855801,686047.8623089177
2025-01-06,1039890.1818899778,689999.9966309079
2025-01-07,1038991.3511850011,682200.1680807013
2025-01-08,1041645.0993508281,683196.748726884
2025-01-10,1032030.9335675751,672766.0828697718
2025-01-13,1045535.163677782,673809.1855190513
2025-01-14,1058804.2549999421,674736.4519869768
2025-01-15,1071156.3025126834,687009.8940566767
2025-01-16,1079468.4452820842,685688.5249144556
2025-01-17,1080777.401549925,692572.8437199999
2025-01-21,1090686.2361657582,698912.2420086513
2025-01-22,1084507.2929737635,702841.2956469344
2025-01-23,1087267.7219239152,706677.4495332973
2025-01-24,1085217.6493368496,704614.3249184453
2025-01-27,1072700.5905008884,694647.2922952957
2025-01-28,1071403.4868286178,700616.0292290413
2025-01-29,1075343.1990184796,697475.2530664859
2025-01-30,1083619.443659464,701218.579328065
2025-01-31,1073186.460095738,697486.7934083393
2025-02-03,1074159.721534534,692793.1199951278
2025-02-04,1078529.9349912836,697440.4156595157
2025-02-05,1083871.340044812,700268.2321764326
2025-02-06,1074712.4660261527,702702.1624004637
2025-02-07,1070794.9050142975,696269.9364870286
2025-02-10,1074627.270570334,700998.5194343468
2025-02-11,1074146.7073248567,701531.61110084
2025-02-12,1065504.1119635222,699271.5794031133
2025-02-13,1073704.3669767245,706654.2967224539
2025-02-14,1075527.3676208488,706619.3871883472
2025-02-18,1081667.9825312165,708693.9078907795
2025-02-19,1085600.5071048017,710362.8577041995
2025-02-20,1075020.027840821,707407.5925369384
2025-02-21,1056870.9859264223,695308.1211206794
2025-02-24,1058957.990767491,692144.0478930073
2025-02-25,1056873.855695812,688701.8524266669
2025-02-26,1055721.7393156663,689049.5773521389
2025-02-27,1055190.6650788153,678051.1266758365
2025-02-28,1073188.9049513638,688632.3218669997
2025-03-03,1064345.3587543522,676567.5436034377
2025-03-04,1041445.0012209183,668559.12337423
2025-03-05,1042289.1245401028,675744.6451021496
2025-03-06,1019630.4970746725,663749.4695253912
2025-03-07,1019865.2204722587,667469.7151032634
2025-03-10,1013738.8958435074,649691.2414609173
2025-03-11,1012067.1640657699,644290.5057277717
2025-03-12,1012592.3433076814,647709.4041289955
2025-03-13,1004825.2174630978,639075.0646085107
2025-03-14,1029023.6684772472,652275.7010189994
2025-03-17,1042919.570807242,657305.7032701026
2025-03-18,1036225.9589419903,650201.2524437036
2025-03-19,1050141.8264742936,657282.406204986
2025-03-20,1048785.6756615683,655381.784028858
2025-03-21,1044064.154670241,655597.8769300639
2025-03-24,1062616.8916914465,667338.66009609
2025-03-25,1062518.0397421424,668942.911867994
2025-03-26,1060990.272625124,660956.8510511273
2025-03-27,1055837.5415503432,659201.5650552162
2025-03-28,1043611.920185765,645926.4213126361
2025-03-31,1056435.0719735567,650262.2720012538
2025-04-01,1055731.6084989842,652099.0616615049
2025-04-02,1063994.8101015673,656225.6715268921
2025-04-03,1015425.0742158372,623886.387932354
2025-04-04,946225.6570794871,587362.2157460687
2025-04-07,937823.865874673,586316.011629916
2025-04-08,928079.3076392655,577132.6764093213
2025-04-09,1000206.446465407,637742.8042686655
2025-04-10,967002.2275939343,609797.5058348319
2025-04-11,980828.0263934906,620677.9565156826
2025-04-14,989796.9780016846,626699.3462591346
2025-04-15,996828.3642990364,624944.0602632235
2025-04-16,987772.4959869934,611052.7343928053
2025-04-17,992173.5301573852,611924.7514741071
2025-04-21,969979.0935483617,597359.2893216055
2025-04-22,997732.3174128463,612901.208649183
2025-04-23,1003348.7078174115,622398.4051046236
2025-04-24,1015132.9502860507,635499.2175580799
2025-04-25,1012832.982358254,640090.9032001614
2025-04-28,1022626.7224050345,640334.9093032255
2025-04-29,1031019.392907406,644368.7636709654
2025-04-30,1030404.9919518,644624.4543701562
2025-05-01,1029368.9964993537,649192.7708199845
2025-05-02,1046331.5685797548,658829.5332847154
2025-05-05,1045403.0783959411,655051.6581247124
2025-05-06,1042700.3293858327,649576.4150594753
2025-05-07,1050901.9419584973,652308.2303575989
2025-05-08,1058646.2368016206,656853.3218694471
2025-05-09,1059391.5957029248,656016.4307036615
2025-05-12,1067700.2972141958,677696.0447824328
2025-05-13,1069428.666674774,682171.5336074774
2025-05-14,1062194.1937165668,683043.4064345062
2025-05-15,1075649.0345797047,686379.575010068
2025-05-16,1085318.4986271283,690727.1824219489
2025-05-19,1086240.695520087,691482.7141776675
2025-05-20,1079955.8769978874,689157.768057015
2025-05-21,1060139.5898395048,677544.9384312892
2025-05-22,1059244.79236271,677812.3858537431
2025-05-23,1057991.4107849821,673185.7906775548
2025-05-27,1076940.8141996416,687181.7730231566
2025-05-28,1071485.0775275575,683206.0531275034
2025-05-29,1075752.7011553277,685902.9588915202
2025-05-30,1079752.5210037746,685135.8146668115
2025-06-02,1085561.6832553984,688995.121364018
2025-06-03,1084670.8605819952,692924.1750023011
2025-06-04,1075574.7372052656,692738.2312441873
2025-06-05,1073881.2674792483,689390.3059453623
2025-06-06,1087062.0650591257,696469.7286553667
2025-06-09,1076912.472759909,697097.3789979216
2025-06-10,1078751.541052876,701049.7297013216
2025-06-11,1080074.8803662667,699050.2933480733
2025-06-12,1082206.6367918276,701828.5585221569
2025-06-13,1068552.0301737653,693982.0637145804
2025-06-16,1079983.358986074,700584.7260517637
2025-06-17,1073197.855423269,694598.1015881454
2025-06-18,1073608.2803704306,694493.4451129618
2025-06-20,1077951.8852776764,692862.3620462485
2025-06-23,1087114.279434355,699706.1454010326
2025-06-24,1094821.6956998226,707436.0827558892
2025-06-25,1079593.683108117,707832.4213714189
2025-06-26,1089031.3965605884,713370.4150454841
2025-06-27,1096537.8183459595,716914.5982829544
2025-06-30,1104979.2019207445,720342.2961948415
2025-07-01,1102663.7766366694,720109.2534165382
2025-07-02,1103000.4262282783,723373.6554911988
2025-07-03,1112410.965414785,729074.8007482173
2025-07-07,1106621.2874804696,723641.8241850185
2025-07-08,1102521.8468004395,723245.4855694888
2025-07-09,1106132.366396194,727582.4181651552
2025-07-10,1112372.3618584883,729634.4352009734
2025-07-11,1107892.5496922485,727069.449969769
2025-07-14,1120993.8382439276,728456.8875691011
2025-07-15,1103307.6639885828,725344.0246084038
2025-07-16,1114213.105305389,727769.0110674984
2025-07-17,1118134.3137905947,732222.6453701579
2025-07-18,1122661.324275191,731686.380109655
2025-07-21,1119133.3785938604,733073.817708987
2025-07-22,1138669.703049237,733178.6905655804
2025-07-23,1137737.8693596527,739416.3174645115
2025-07-24,1139186.661952248,739661.0448389414
2025-07-25,1144213.1681307505,742785.664522902
2025-07-28,1133337.4735064032,742599.0716205589
2025-07-29,1141880.552857476,740640.4592266172
2025-07-30,1136643.8169951641,739707.7110963113
2025-07-31,1136608.351449883,736932.9080247837
2025-08-01,1130377.0980913276,724854.2813509976
2025-08-04,1147323.25817771,735871.8457184948
2025-08-05,1151874.5724560015,732141.0695786813
2025-08-06,1157731.7787704014,737748.9544480965
2025-08-07,1150530.3827519873,737131.0412689804
2025-08-08,1149224.9558882928,742878.8527833687
2025-08-11,1149567.3992083014,741409.83939256
2025-08-12,1154426.6245800073,749302.9283303698
2025-08-13,1168258.474904787,751867.8414344375
2025-08-14,1166826.0597915174,751937.8768840608
2025-08-15,1163241.995607749,750177.3977343156
2025-08-18,1156791.3173730099,750014.0297699526
2025-08-19,1162925.3933493276,745945.2658681059
2025-08-20,1171618.109177109,743963.1400276377
2025-08-21,1167322.7085100708,740978.519115787
2025-08-22,1181919.0188563569,752357.5125647072
2025-08-25,1177205.6315537738,749046.4442326766
2025-08-26,1178681.0047729716,752182.6042584907
2025-08-27,1182541.599019042,753896.4892780025
2025-08-28,1182943.0242899274,756566.3473658002
2025-08-29,1183696.9700939374,752054.4343367807
2025-09-02,1181484.079882399,746481.4590014722
2025-09-03,1183010.9057124436,750526.9979653389
2025-09-04,1191627.2314921762,756799.5343983767
2025-09-05,1182494.220650333,754607.6628447219
2025-09-08,1181847.6062064406,756461.474509207
2025-09-09,1177528.7403082075,758210.2690628255
2025-09-10,1180620.968777194,760402.2127436168
2025-09-11,1211966.633331581,766721.1990526149
2025-09-12,1220489.8352957524,766464.6428277851
2025-09-15,1215493.0642070237,770545.3077071682
2025-09-16,1203519.9735891286,769484.461782289
2025-09-17,1206630.3347090953,768528.4165868665
2025-09-18,1209631.4289076654,772119.3382088434
2025-09-19,1214249.2795750026,775943.5189905333
2025-09-22,1212794.060121891,779614.5738612552
2025-09-23,1219004.9153659795,775370.6852717822
2025-09-24,1222225.5003272747,772903.7929463323
2025-09-25,1223695.9918065283,769337.9715678866
2025-09-26,1233297.1595040015,773745.5887574055
2025-09-29,1230337.061558831,775920.1497982801
2025-09-30,1236703.9579621921,778842.8134998052
2025-10-01,1231334.6033368022,781496.8757446909
2025-10-02,1229152.762396389,782396.9502821241
