block_size,replicate,ic,q5_menos_q1
4,0,0.03223593028951267,0.008861520588387035
4,1,-0.016890492721737177,-0.006944648590649454
4,2,-0.000242031515884251,-0.0013592441655758366
4,3,0.02767998368425558,0.004140387784454738
4,4,0.02481807031117911,0.00799492104907879
4,5,0.012467977576112094,0.0036092633890272255
4,6,-0.019229656507822723,-0.005120255195294941
4,7,0.017089031083311855,0.003674229348503679
4,8,0.015634439341313262,0.004116366476285998
4,9,0.039863119251494106,0.014254570666638358
4,10,0.0001539241461950514,-0.0005465114271093682
4,11,0.026509866580290902,0.008019597086590523
4,12,0.009844300362963302,-0.0019318419275843688
4,13,0.026414634470445633,0.006330743170063585
4,14,0.017414951638368485,0.0036355502877273584
4,15,0.013045950832762051,0.0015262803712345922
4,16,0.01583147627497809,0.004126361189804733
4,17,0.0027366004484069483,0.0011467730884200799
4,18,-0.011710223198198942,-0.0066455877558024125
4,19,0.004280335750231274,0.0006144297138789846
4,20,0.03565562169681144,0.011166953637876512
4,21,0.014594747978886224,0.004174412592659345
4,22,0.003580914046890055,-0.003322346388986914
4,23,0.008153894733757527,0.0012660556509755637
4,24,-0.0037733955680981303,-0.003122649313870629
4,25,0.015824583560454037,0.002905703436776689
4,26,-0.0005714310020475009,-0.0037270920262505985
4,27,0.02450201327897183,0.00570542911235039
4,28,0.021381829756945057,0.006122894294346234
4,29,-0.001985230062613785,-0.0038317507951659787
4,30,0.008984865558866163,-0.0013999901185476303
4,31,-0.014990542637363028,-0.0071225011378737105
4,32,0.022912392623400057,0.003829042866633089
4,33,-0.00422469690493055,-0.005252682367799734
4,34,0.03452243395446058,0.008278871542822914
4,35,0.014239725390369174,0.0020401531718053432
4,36,0.013856633253429227,0.0048707123749937645
4,37,0.013538431898007805,0.0004651274171143904
4,38,0.034759312196849676,0.011543169454395635
4,39,-0.010026547050899986,-0.007499454992761777
4,40,0.01316192095975665,0.00215963032873842
4,41,0.009609916226193511,0.007877336875264427
4,42,0.004273583263146612,0.0037759242577034913
4,43,0.0303143787244155,0.008406101131877343
4,44,0.014621249831332016,0.004648945520494971
4,45,0.020151015224564785,0.0049366152211012026
4,46,0.0008013107983307124,0.000816110723488038
4,47,-0.0029647845987185537,-0.003843472955593053
4,48,0.013711498444215662,0.005484669774183588
4,49,0.008096588790903038,0.003938211619097086
4,50,-0.002628007643864096,-0.001390448785531846
4,51,-0.018498407123724563,-0.006310780991440207
4,52,0.02032835522312448,0.005223027752201435
4,53,0.02147731201211179,0.0019176114342571633
4,54,0.012338875583318431,0.0014176655618539404
4,55,-0.0029518828318938063,-0.0045308111520161
4,56,0.010139501367132913,0.00424025526829876
4,57,0.006722546597370991,0.0012355961840115443
4,58,0.017908217598044514,0.006222036808436063
4,59,0.01315150969784931,0.00035176058187522255
4,60,-0.005187762206059073,-0.004113075007938238
4,61,0.0035220000187515957,-0.0015173334954766476
4,62,-0.012604319485247657,-0.006269648058543621
4,63,-0.00018569576656188156,-0.0029086545153819226
4,64,-0.013683538839165022,-0.004163089102776115
4,65,-0.007956590583446034,-0.002166132979530179
4,66,0.03144064818553407,0.011515495870002732
4,67,0.02162810912080416,0.009440398316483732
4,68,0.007429814298985928,0.0021300558128112316
4,69,-0.011596081253691286,-0.006785186401911832
4,70,0.003641754184575739,-0.0011804405742412503
4,71,0.028476357691818884,0.008085252147296764
4,72,0.03838709871540066,0.015551789553279356
4,73,-0.0015917177685036378,0.0025374365310337644
4,74,0.007943473399107117,0.00019563823355270914
4,75,-0.0067531179062526045,-0.0042512040716582095
4,76,0.0046527355189574186,-0.004030462078565111
4,77,-0.008472024399594836,-0.0025577712290359078
4,78,-0.0019856699797864605,-0.004202099413087454
4,79,0.005420194061071884,-0.0014051174077398406
4,80,0.005511613008179343,0.00091015214430024
4,81,0.04427471087630398,0.012503335262634852
4,82,0.013329917539756405,0.005798916940075861
4,83,0.042077455340828906,0.009439946258152105
4,84,0.03375808061212956,0.012218737586128979
4,85,0.01546815624605645,0.0004431721551759427
4,86,0.021495424169150703,0.007697688253086209
4,87,0.015356055881401428,0.003889000148541588
4,88,0.02389985501480089,0.0049081612476658066
4,89,-0.017215997518215384,-0.00815354708287834
4,90,0.024533549292075574,0.0070699282050577265
4,91,0.0061021991494503765,0.0006004051198409037
4,92,0.0012553758975837259,-0.001472295081317116
4,93,0.04496918341375913,0.011702913154125394
4,94,-0.011836713542684308,-0.006429768685790521
4,95,-0.011963808880410058,-0.005948624446807696
4,96,0.03082864549402633,0.005776616561993006
4,97,-0.00575604689836668,-0.0038633672897558954
4,98,0.0032347933089011995,0.003187255864316383
4,99,0.01634251632624207,0.006331592645768558
4,100,0.02780491540143183,0.009284883246724824
4,101,0.014201274452092284,0.002221349203452557
4,102,-0.022667026017299884,-0.0131255389429956
4,103,0.0009525554545859928,-0.0025494560055263384
4,104,0.013724907169700987,0.004469967749208907
4,105,0.020011470726852065,0.006104265909107563
4,106,0.016276302358143598,0.004132869593606121
4,107,0.04435072013792619,0.01221285746616171
4,108,0.014437361634031759,0.0016693337009115077
4,109,-0.025572771966988168,-0.00922414877924595
4,110,0.014407925411441001,0.0015663169873288516
4,111,-0.003116607965774846,-0.004114243557400174
4,112,-0.007926573433423295,-0.003994799077111054
4,113,0.011188733495782923,-0.0012679516734517792
4,114,0.022305861305503227,0.004882029062447165
4,115,-0.00574200195296443,-0.0055657100348939165
4,116,0.03583682718504365,0.010277360910174616
4,117,-0.018628027221339837,-0.004128506214529771
4,118,0.005287223869099172,-0.001970886880284752
4,119,-0.006250458144786653,-0.003666253544764776
4,120,0.020985294905677864,0.006135132657729045
4,121,-0.01685931286873769,-0.0036354461688934006
4,122,0.01824604934704637,0.0032871297676090785
4,123,0.007410609489080225,0.0022096579496468124
4,124,-0.01356736557654232,-0.005757335942640729
4,125,0.002615100068021418,-0.003849344406259908
4,126,0.014359759747763805,0.002963095454856373
4,127,0.020592312117948774,0.005940701674146311
4,128,0.008868011048889858,0.0014052915739120027
4,129,-0.0317942220824852,-0.01175996795341982
4,130,0.01712832988323951,0.0057447886233290965
4,131,0.0037196421633551406,-0.0004429314837208006
4,132,0.008265025749125908,0.002488946241690698
4,133,0.01117106691662904,0.0034900052925769046
4,134,0.03344313552565323,0.010720207840380074
4,135,0.029132784098334485,0.006275102981063436
4,136,-0.0015234473217054288,-0.0023551805741752665
4,137,0.024635943433853443,0.009595731060266934
4,138,-0.011084288765536302,-0.004294173410101838
4,139,0.03145842601525637,0.011886025252262983
4,140,0.013381272067964144,0.0011166604354090814
4,141,0.015183067462800334,0.002843526947319286
4,142,0.010138365483749065,0.004650143644027928
4,143,0.02747742338907952,0.0077112801055764044
4,144,-0.01106145600253443,-0.004142352380135608
4,145,-0.03015375805432859,-0.01363889425572404
4,146,-0.008447503964690376,-0.004201003545510266
4,147,-0.006089202240559751,-0.006243521903162059
4,148,0.02322939076564787,0.004971716116749364
4,149,-0.0050159129755594865,-0.004308108707836289
4,150,0.015264531223840827,0.0031573094494916146
4,151,0.0036280899176409117,-0.0039042547622912317
4,152,0.029597399077156215,0.01067736761844833
4,153,-0.0017192457668875167,-0.0010346890644534381
4,154,0.006550769563926827,-0.00011681716957727455
4,155,0.035472153599446755,0.008941172750107126
4,156,0.028402010975929315,0.005065175702699662
4,157,0.001706749930247817,-0.001756579461467693
4,158,0.023045501148340117,0.005935295611895375
4,159,0.020682042000557125,0.002095328792846502
4,160,-0.007501339965241118,-0.0036648871143927265
4,161,0.009428118042822625,-0.0004989198167496693
4,162,0.005714559131078278,-0.0024073325416958838
4,163,0.01872032137213693,0.0034710043247063757
4,164,-0.012518483265220353,-0.0065722536059431205
4,165,0.015398425813212241,0.0019654008350553152
4,166,-0.004716195718230552,-0.002567526936071785
4,167,-0.0011852037339387708,-0.0025286939071382424
4,168,0.019557797789106587,0.004699347612410175
4,169,0.0033559087246035927,-0.0030421285451342024
4,170,-0.005846931711921053,-0.0026921063926154416
4,171,0.01751507263639312,0.002111310911895743
4,172,0.012785242264614166,0.0003352026354952688
4,173,0.025818843668188825,0.006162422707060432
4,174,0.0027380430869300668,-0.000667190733240544
4,175,-0.010073745747594775,-0.003660519849794002
4,176,-0.0049657578713117835,-0.0038550995560096384
4,177,-0.007558826442892911,-0.003336773306212759
4,178,0.004548290999499827,0.0021387027784462815
4,179,0.009786303624711874,5.018077602258214e-05
4,180,-0.003088563337784322,-0.008281782393372428
4,181,0.01548712165619329,0.002987322814289034
4,182,-0.002990790636444895,-0.002312428610859472
4,183,-0.010062079552419272,-0.003500697196286352
4,184,-0.008684613706126717,-0.002241395910667889
4,185,-0.0009420095793228329,-0.0021014643930861135
4,186,-0.01663044120466353,-0.0075391119285642735
4,187,0.006890408687220658,0.003976435930302661
4,188,0.00678648200581878,-0.0003082676214184755
4,189,0.006509683904093343,-0.000162969719007798
4,190,-0.01597106343046875,-0.005614366371422103
4,191,0.0024392332914139987,-0.003495412881685638
4,192,0.022738734284063793,0.0024938505291711857
4,193,-0.013049808181265804,-0.0055346572755035454
4,194,0.0021571669178263764,0.0010316435723296059
4,195,-0.005066347218679077,-0.0012883718490524741
4,196,-0.02012416582511579,-0.006838262637784509
4,197,0.0115611749291524,0.0007452455723983973
4,198,0.02625398754045841,0.009357601386460919
4,199,0.0019357621886818847,-0.0009932900136834096
4,200,0.016804650670636148,0.0032533175021323794
4,201,0.025456011015678293,0.009262574570994789
4,202,0.008666397597835641,-0.00013222885434447737
4,203,0.024141405849528265,0.004913263313626824
4,204,0.0031564597612063964,-0.002852907012567281
4,205,0.018880111332348397,0.005754426696472447
4,206,0.009211185222101832,0.0005500266864317298
4,207,0.019178859173313093,0.0048766281316394156
4,208,-0.014407163523953154,-0.004339763729388878
4,209,0.0008734263180284454,-0.0028928698961544117
4,210,-0.0037218660051657557,-0.002664856660449796
4,211,-0.007410161061396103,-0.0032968783284673723
4,212,0.0009378216095448468,-0.002075286253454119
4,213,0.001916163088265859,-0.003303698707810395
4,214,0.03683700342696988,0.008223334652374167
4,215,-0.0037324625206039356,-0.0022717401605564683
4,216,-0.008618902834404337,-0.0059971751001522446
4,217,0.03822418182810239,0.009837335724469383
4,218,0.022725560847617208,0.005749346344793169
4,219,0.0004560559587586505,-0.00025466470657753936
4,220,0.002110031077115042,-0.00016270483198262278
4,221,-0.016803385779869905,-0.008113931785200862
4,222,-0.0012934361998631642,-0.0019431017155541084
4,223,0.01336982511802876,0.0020964380416850733
4,224,0.024131411842706403,0.005363421751695098
4,225,0.011626693966848635,0.006088064593583679
4,226,-0.000266617156800398,-0.002703704518306383
4,227,0.015488381823612694,0.004364114724192339
4,228,0.021874526089658612,0.005080611392714009
4,229,-0.006803030928127813,-0.0020967417942531433
4,230,0.02152227828739126,0.007768629615720201
4,231,-0.0155709943794434,-0.005430136255972921
4,232,0.014975987941263301,0.004365472908022796
4,233,0.009660227932778948,0.0011304306221011347
4,234,-0.010368889345285983,-0.005287462977297391
4,235,-0.01118080587058033,-0.005078537819924898
4,236,0.022107525396436015,0.004456054560543933
4,237,0.02465758472369545,0.0036916814736566352
4,238,0.0103459846719581,0.0015917394718385253
4,239,-0.009569793300181807,-0.00718415699800402
4,240,0.01955127840144045,0.00871827467225653
4,241,0.024208324791585634,0.011038876761787112
4,242,0.01833560047381454,0.0027787178088030926
4,243,0.01595512490846739,0.008139441063242728
4,244,0.023197652585313314,0.0035189158430342774
4,245,0.024210348326112907,0.007257102842457118
4,246,-0.008631492040130709,-0.008789239949768634
4,247,0.003772316261991014,-0.002154098648156348
4,248,0.025378949395090337,0.007941668870469579
4,249,-0.013514740812973923,-0.004400258025584401
4,250,-0.0010057555992242756,-0.004054563606877996
4,251,0.009933514654032503,0.0024345314235696366
4,252,-0.009147553334931368,-0.00616236001412786
4,253,0.008404914837729711,-0.00010960415094374342
4,254,0.010815164071417,0.0009721174452799243
4,255,0.04960519698899986,0.015098155882160813
4,256,0.01827637522478338,0.002913305681092184
4,257,0.018435013430285675,0.005694548020578387
4,258,0.002745057465006361,-0.0009386885912525965
4,259,0.0026241532247389928,0.0007947849130601271
4,260,0.012562546155512153,0.0028288050483113157
4,261,0.016504511264762295,0.004713779652706394
4,262,0.04672519553895329,0.01679786873283988
4,263,0.009474858750545882,0.003559431655660479
4,264,0.028666413498740714,0.006010236689894896
4,265,0.0018867262388008647,-0.0020619458042679516
4,266,-0.016309908654613736,-0.004877859864002513
4,267,0.01716729672647355,0.005147133077861592
4,268,-0.005361812309573471,-0.0025571634820350073
4,269,0.01862496485762105,0.0014291462856987293
4,270,0.020181756267620667,0.008103552663644166
4,271,0.0046061572832060155,-0.003144971391770792
4,272,0.003829466316649381,-0.00012544186171591537
4,273,0.0020219154519300784,-0.002625172129714885
4,274,0.006236060756688532,0.0014370510584448383
4,275,-0.002934279111037557,-0.0028688424863132873
4,276,0.015277409713632088,0.002462896400955108
4,277,0.004940697146267698,-0.002436407511201702
4,278,0.02543197851742576,0.00854225355877552
4,279,-0.008908926202189658,-0.005864992701814875
4,280,0.03077238038493249,0.008015141491340826
4,281,-0.0010687322315002328,-0.0016081054311709265
4,282,0.0069243902887499206,-0.0015240221713404682
4,283,0.01564339211657545,0.004180764367773561
4,284,0.005915463872554841,0.0009775360164501544
4,285,0.03219176082229624,0.009332279349116797
4,286,0.0122564049763297,0.0014128491736641817
4,287,0.027928420635083797,0.0055487658320267745
4,288,0.009053595405850502,-0.00015555545239345745
4,289,0.01908320495457892,0.0024052596840378362
4,290,0.010941592950228191,0.0012531920376735557
4,291,0.01395734241822988,0.0035099363123670077
4,292,-0.01116382403412791,-0.0056648179844373545
4,293,0.03653504733050892,0.009992412019335872
4,294,0.01030058981690724,0.0007300690251723003
4,295,0.0036987141876523902,-0.00017585207745129646
4,296,-0.00711743989762256,-0.003308438473878675
4,297,-0.015584277716242389,-0.006433226148766776
4,298,-0.0067955104375516375,-0.005851979840623731
4,299,-0.012615173988075783,-0.00862815246479202
4,300,0.026989503820655115,0.007357453705747336
4,301,0.021694633138494582,0.006939195118561873
4,302,0.00259145409037395,-0.005768390575132031
4,303,-0.007877606322628116,-0.003327655340435857
4,304,0.023901579929148598,0.007516966840848017
4,305,0.02091767070395191,0.004497895807164882
4,306,0.0414902666876737,0.009709124228618207
4,307,0.013703294650042771,0.002142642367225812
4,308,0.012646331296206218,0.0013670294019054725
4,309,0.00836228689793844,-0.0011492509625501295
4,310,-0.0015524008901990362,-0.003783996464632091
4,311,-0.0027027010545967963,-0.0012434062219059546
4,312,0.02195621726560933,0.005210752875407519
4,313,0.007561655699058013,0.007118914992404715
4,314,-0.009702421528145279,-0.007180611569918342
4,315,0.00028193937632774825,5.386218715144021e-05
4,316,0.007175821764386125,-0.00071271554723539
4,317,0.03420855563537992,0.01561100629870036
4,318,-0.003401959332915848,-0.0020905127677356954
4,319,-0.023046346504071214,-0.0092994709066965
4,320,0.01669910510644007,0.004368320717597349
4,321,0.027340909284591656,0.0057666161836959
4,322,-0.011332059411280437,-0.0030826547100750276
4,323,0.02269326912228682,0.009888680480481702
4,324,-0.0011875677332247971,-1.8982990083443828e-05
4,325,0.019620512843040575,0.003664568790113343
4,326,0.011555952554962572,0.0013736613726684909
4,327,0.018936917727386114,0.0073789228843174
4,328,-0.0066742887208400695,-0.005505195363808312
4,329,0.02600120320259174,0.010141719917392926
4,330,0.015146801636576425,0.0027412476177083936
4,331,0.009294531783347847,0.004071671383927606
4,332,-0.005864444523787741,-0.0028491573019298047
4,333,0.024459551357049355,0.007520322767875436
4,334,0.007390299733205922,-0.0019515751545320758
4,335,0.03349054603124854,0.00903522998678525
4,336,-0.0059689881210232025,-0.004675035343179313
4,337,0.032114435558736915,0.007690324771459948
4,338,-0.0020132310320336447,-0.003549833305826435
4,339,0.014169670259772147,0.003717007211573714
4,340,0.02863340867106857,0.007022190106468682
4,341,0.03281458028854953,0.011183353952055117
4,342,0.0007784335216533605,-0.0012646663779855983
4,343,0.002045226080762702,-0.0037705048512966985
4,344,0.017024926865448754,0.007080859370557865
4,345,0.011366345833255017,0.0037355817979624036
4,346,0.01917710451589688,0.0025599230888055644
4,347,0.006399269911428027,0.0050761338521269446
4,348,-0.0007741801231821332,-0.0002524833730525273
4,349,-0.0005044340919367407,-0.001112815923400022
4,350,0.0027540521702019913,-9.18283245214518e-05
4,351,-0.02966329984325778,-0.011628115046438627
4,352,0.020748558541599474,0.008010076354690178
4,353,0.007291372539481229,0.0005310989820661807
4,354,0.013023797372987951,0.003966050976027681
4,355,0.0018058174130786819,-0.0025995957092287696
4,356,0.001097440480397652,-0.004696434744891496
4,357,0.0021978856331669842,0.00012988275395526793
4,358,0.008769419078879296,0.0043234659599814375
4,359,0.0008411916695204617,0.000249951475278967
4,360,0.014161742444406442,-0.00035745212701376915
4,361,-0.015292853134670631,-0.0064527502563783545
4,362,0.012766149872960968,0.0018644320589099234
4,363,0.012269350317180492,0.00026467250389950413
4,364,0.027971237122558005,0.008014140950012788
4,365,0.016584583280471143,0.0029261926638783965
4,366,0.012040247355376423,0.0032593505723892673
4,367,0.007070933902450051,0.0009254783264943005
4,368,0.014250539924986875,0.002524975166886874
4,369,-0.0010914119187946712,-0.004501273728319594
4,370,0.005802741456143353,-0.0007666313290944901
4,371,0.02575497885203211,0.00805673734561227
4,372,-0.00522383107121068,-0.0026604086186003055
4,373,-0.006825442550466822,-0.005684377960924721
4,374,0.028343162400316767,0.00601967367809826
4,375,0.024233810803805923,0.005873271468878799
4,376,0.005526326342089714,0.0014081452193238967
4,377,0.00928254213936216,0.0016596942129240564
4,378,0.0006321743219039864,0.002922841612056884
4,379,0.008553150288866294,-0.0017482486476379474
4,380,-0.014308824950741296,-0.007376184711239832
4,381,0.0066453354777613605,0.0004580487736570342
4,382,0.008107685698266132,0.0004567300118538948
4,383,0.018428062245289187,0.004904380540286979
4,384,0.01154884311814058,0.00468579587670983
4,385,0.03317863654303095,0.008331412442333867
4,386,-0.00501926288530344,-0.0047961782126622245
4,387,-0.013219509266085684,-0.0053959351763829405
4,388,0.04921299788476816,0.013944444463970994
4,389,0.00016967249608525596,-0.002188528294504485
4,390,-0.013390876103218714,-0.007075711154657614
4,391,-0.0027434484639059157,-0.0005504841475820607
4,392,-0.004659498277622066,-0.00708225317687019
4,393,0.02397889109110386,0.004400276784653452
4,394,-0.008152782248489943,-0.0034451456512580927
4,395,0.0006985179382182222,0.0016997701020081777
4,396,-0.007040336098298085,-0.008599328855230825
4,397,0.018158444955801215,0.004987424299036535
4,398,0.023455692734554404,0.006817532658787897
4,399,0.02007337778411718,0.008498221047746118
4,400,0.03886686492141524,0.00939291020156129
4,401,0.008046432344122924,0.0028398156715384753
4,402,-0.009056484098150045,-0.0029670727243949354
4,403,0.010645820226490594,0.0019670479007588295
4,404,0.00017537382023672952,-0.004920310300729248
4,405,0.009671239913528298,0.002564190322649428
4,406,-0.002947832114736391,-0.001965241440175519
4,407,0.02783169563194288,0.0068235265014190945
4,408,0.01606725421042401,0.0016745392189094113
4,409,0.00825396614979985,-0.0023151202501970817
4,410,0.0036832563916470054,0.00016305214453968454
4,411,-0.009810179840921569,-0.0029550793129178134
4,412,0.02136119374922816,0.0076920281369001215
4,413,0.007705982708512833,-0.0019997676761302112
4,414,0.004303046478272062,-0.0005172068147232807
4,415,0.00838752989718182,0.002730346139827271
4,416,0.007187865077857837,0.000808379299007171
4,417,0.03387247502015783,0.010308614189212124
4,418,0.005527032791505053,7.125228202654109e-05
4,419,-0.0011229109169192141,-0.003958032989737283
4,420,0.014685290511267646,0.004299509597883613
4,421,-0.0037160185371156347,-0.0019379763622472236
4,422,0.034879768371549644,0.007547565031944695
4,423,0.011932117398886449,0.002228461717689309
4,424,-0.007848737117383932,-0.0053093170188403295
4,425,-0.010847700381603018,-0.006484076983933493
4,426,0.019712104048572716,0.004090941345545555
4,427,-0.007323113709077413,-0.003041626714539236
4,428,-0.00378798446503796,-0.0025670329710283184
4,429,-0.01878872896159843,-0.009511695043074482
4,430,0.0007018033040891295,-0.0004736812251412462
4,431,0.01455123422922596,0.0032473868168585874
4,432,0.02377840750540347,0.006265031693588819
4,433,0.01207819258091894,0.004430765767253587
4,434,0.03110906192758503,0.010917833363995169
4,435,0.007113826648226003,0.0017198861010313952
4,436,0.03646836024732433,0.011161186298087667
4,437,0.01996113478662925,0.004445127287542275
4,438,0.013582135178136239,0.0017568084791151704
4,439,0.011932661345744116,-0.0026149711409470346
4,440,0.018929061309151576,0.0029943791410513084
4,441,0.02766648707463696,0.009601913775962085
4,442,0.019641840266040607,0.003966811900368357
4,443,0.010174486544078524,0.0016927915834690059
4,444,0.007665765550845691,0.001634700687027026
4,445,0.015571908874010993,-0.0013158114824798953
4,446,-0.0057978638020424874,-0.004300465915529139
4,447,0.02830479912209001,0.009093111544304906
4,448,-0.00479144063995443,-0.003954605711208118
4,449,0.015341921316325929,0.005774731059031637
4,450,0.013131361340001849,0.0030350904990737683
4,451,0.023042487014055358,0.006474244004178383
4,452,0.014235667443553889,0.0011024458021304715
4,453,-0.005387563211257061,-0.0029298189627670105
4,454,0.017894588849782286,0.006068314535377909
4,455,-0.023460979730393967,-0.009397801573086837
4,456,0.02614486281499258,0.00417925778327384
4,457,-0.004427325375443524,-0.007154452837634003
4,458,-0.0034858000427229244,-0.0038414238262566465
4,459,0.016061643933311606,0.0041277337547246514
4,460,-0.0033096231040291376,-0.0071623529661315076
4,461,-0.011956466809129668,-0.008654877572373557
4,462,0.025335795386422486,0.008564891080535854
4,463,0.012821832526435942,0.0047992065514634455
4,464,0.0026154619824265567,0.00042209939804696415
4,465,0.024583165625027492,0.00752854081732678
4,466,0.009731464343627977,-0.0008896174129379607
4,467,0.021455367658613708,0.005827056054721611
4,468,0.007888020622846763,-0.0042006305468453445
4,469,0.007438468540474119,0.0023919733820584044
4,470,0.014490640671687156,0.0006472428069944523
4,471,0.03419693281450831,0.013062460130602381
4,472,-0.0025621229779870143,-0.0025009187717172925
4,473,0.023764992259063665,0.006951929012239445
4,474,0.01690069542665327,0.0034306157631564956
4,475,0.04112983843818993,0.014140844652900197
4,476,-0.014671950295215178,-0.007174146249870572
4,477,0.048417577889547814,0.012085395007659039
4,478,0.01417905928688856,0.003648762197894364
4,479,-0.00011010734071174306,-0.0014265667266353868
4,480,0.03048020456063683,0.005421247373182014
4,481,0.030752518763980247,0.012015131757152117
4,482,0.023305760898297365,0.007355698291004743
4,483,-0.004697018284289788,-0.006930471945214909
4,484,-0.00882098289322477,-0.0049518307661770514
4,485,0.004759765402672074,0.004619834158560209
4,486,0.019683557834175,0.005456235627503481
4,487,0.007060983523075472,-0.0018555760981153139
4,488,0.005929500885117592,0.0007304675383116549
4,489,0.019996416935696926,0.002497881864749396
4,490,0.021497450290543466,0.0037547204253488555
4,491,0.018760938864960996,0.009579376153674634
4,492,-0.010469285462245785,-0.004048310619988396
4,493,0.004264854494552521,-0.0015094595499050558
4,494,-0.002561010133594028,-0.0051605401852006395
4,495,0.009365204924385192,0.0010400679661578586
4,496,0.0033982854745314736,0.0034219313768972044
4,497,-0.004448966377630524,-0.0008855925197850853
4,498,0.012307227458866974,0.0026250744043284737
4,499,0.007040675657512789,-0.0006960854815818012
4,500,-0.0007959381300207791,-0.003342231899912701
4,501,-0.012115875908423399,-0.006767762872545537
4,502,0.010830497647179627,0.003396826402857042
4,503,0.004774781593012919,-0.0020367071239889493
4,504,0.012480560658351668,0.003580652902873718
4,505,0.005035303502631125,0.0005349307871776724
4,506,0.0012644296501339227,0.0008759053116523697
4,507,0.038330305121339926,0.010281322743075173
4,508,-0.024788526255260096,-0.010299529425237706
4,509,0.016747107120275863,0.005849979382259378
4,510,-0.004953690707423163,-0.00455269469280371
4,511,-0.025189416768062748,-0.010317366128670076
4,512,0.014828244921899434,0.003919435652655927
4,513,-0.008159114815359544,-0.0019342174324952425
4,514,0.0052432554837693515,0.0003282527156308242
4,515,0.020396138304869936,0.004464506775218772
4,516,0.01973860365762902,0.004883583035518592
4,517,-0.010832171828018483,-0.004224988366954279
4,518,-0.00203185481985567,-0.0034891162207198127
4,519,-0.008081718079331427,-0.0026380060097701526
4,520,0.009999482304740993,-0.0006844571314870872
4,521,0.01787871047396961,0.001720394498819871
4,522,0.01691811535863723,0.0023223239922249912
4,523,-0.010789912176272941,-0.008226061766065768
4,524,0.015685904208866043,0.0011385032160399933
4,525,0.0036703073170649835,0.0034345779378765996
4,526,-0.0014955297277795367,0.0001594473188657617
4,527,0.004038331168444019,-0.0018232686664855793
4,528,0.017429560176190004,0.00018645440855914887
4,529,0.010108622404346752,0.0015429279156853814
4,530,-0.0016010308718938011,-0.0009927958545553122
4,531,0.012879322812929663,0.0013214565715646595
4,532,0.010288963141479614,0.0038568627764402333
4,533,0.028610721434256702,0.006072959446475087
4,534,-0.0027150398709564925,-0.002071357108917387
4,535,0.0137260243178244,0.0003859312828678434
4,536,-0.015601099520155063,-0.007757315775955282
4,537,0.004318607998261828,-0.003522330665159119
4,538,0.016890795933230052,0.0008317179816876967
4,539,0.02137104941382557,0.004669082954563468
4,540,0.01242830672717194,0.0016226838280339168
4,541,0.020810874658168558,0.00287331144558401
4,542,-0.02337642265870019,-0.0094872743606599
4,543,0.0064708891852723015,0.001751417454294989
4,544,0.03698209263342028,0.01227142024285632
4,545,-0.019465294576659183,-0.007701731353776801
4,546,-0.0028200433177200277,-0.0035535591129915983
4,547,-0.002029953534709898,-0.00285122150033474
4,548,0.00035248706634318693,-0.004297436565631304
4,549,0.007522816530231974,-0.0025669358528273402
4,550,0.022210107788505205,0.008372142780227472
4,551,0.022173673205825514,0.008319837581472431
4,552,0.015498700429346592,0.005197502770461907
4,553,0.02412521094877991,0.004178383419140422
4,554,0.022067065896836956,0.0009917699167502029
4,555,-0.013716738799237094,-0.009298060664760249
4,556,0.017269158882677913,0.007675018118848496
4,557,0.015585993784418802,0.003811001664194372
4,558,-0.0045926641737980564,-0.0015861537530743005
4,559,0.0015379587727803005,-0.0013034294684585845
4,560,0.019566660294648736,0.0028264836592577594
4,561,0.005693913931099805,-0.00023877654681959037
4,562,0.010250511487805515,0.0002877425745560754
4,563,0.008519480522534695,0.002017934203070835
4,564,0.008541993086566134,0.00409601940277011
4,565,0.023816731861473844,0.005322191244486106
4,566,0.01934217690081342,0.003985303304690112
4,567,0.02498743288299628,0.005235748690814993
4,568,0.021121992690920372,0.005078694041762707
4,569,0.028633802299070414,0.012013304892412556
4,570,0.0009875469512119065,-0.002837564853784173
4,571,0.013397666387944379,0.0011136518311551382
4,572,0.013852203896735745,0.0017337704432263373
4,573,0.009052248439336238,-0.001094740139531757
4,574,0.008702169325730312,0.0035612654396916825
4,575,0.007677591274729665,0.0051380650027335086
4,576,0.02290141211959187,0.006467784828779144
4,577,0.010465031906419184,0.0024071320220279335
4,578,-0.020686694629410203,-0.006108745992292474
4,579,0.004562604581753322,0.0018028695789219502
4,580,0.0057571977533852695,0.0015861486855348354
4,581,0.007863307408961063,0.002364520735114946
4,582,0.01214320233590485,0.003084599836127872
4,583,0.005465152675150591,0.0005337426089169976
4,584,-0.008312828725518225,-0.005969627061232252
4,585,0.013027419134153522,0.0021986082444134785
4,586,0.016606357566552335,0.0009468620240744912
4,587,0.009098876084471378,0.004092088756297688
4,588,0.01956027745458799,0.004911921642477574
4,589,-0.026255940778980833,-0.0124005215464546
4,590,0.006956418232312306,-0.0006792330618555754
4,591,-0.010763250231939045,-0.006450132792378425
4,592,0.025294318634998255,0.004012014428931012
4,593,0.009899899508438361,0.0009949272795054076
4,594,0.010842660707836254,-0.0014961338206529254
4,595,0.04537292257656262,0.013248611087249135
4,596,0.002342168822301883,-0.0022406376542860565
4,597,0.0026305410642277886,0.0003960509611586526
4,598,0.0072061351812426535,0.0005263141405193588
4,599,-9.507188095410018e-06,0.0022222728290176414
4,600,-0.017714804697997653,-0.005384970843164512
4,601,0.005742026368696019,-0.00018781435911256603
4,602,0.022313299325513944,0.006408979388012385
4,603,0.006632738515999649,-0.00019682488220406556
4,604,0.010326027762271523,0.004478577605744309
4,605,0.008297193247577456,-9.774573295970605e-05
4,606,0.007521538953268972,0.0017877232178626493
4,607,0.006240214608642848,0.0013410911786116914
4,608,-0.005972331432098635,-0.004515532515542387
4,609,0.00864780285601909,-2.554154593267738e-05
4,610,0.007779882332099572,-4.448038307688138e-05
4,611,-0.004495360761789182,-0.0034457553545819038
4,612,0.013148529984447111,0.004421238348722587
4,613,-0.0010909370202570236,-0.003109924841964991
4,614,-0.005874439238550834,-0.0035441299089191028
4,615,0.01480673191758132,0.005255708372306059
4,616,0.03187011759944554,0.007361552726785515
4,617,0.013262447475909515,0.001238258163787482
4,618,0.015064350199753673,0.003619033773987265
4,619,0.014619472024806117,0.00024208889551573901
4,620,0.023488534119845327,0.007049970864861455
4,621,0.0021842216619627846,-0.0006031987461464338
4,622,0.01547002740509991,0.0012845319396272803
4,623,-0.0003764930913177785,-0.002619785351904954
4,624,0.010498504918123729,0.00400604582565421
4,625,0.012959050148609683,0.006371500067316196
4,626,0.0071357735465920405,0.002516928971230988
4,627,0.008967107964167036,0.00026665305599432186
4,628,-0.0030273740571763025,-0.006519346178078065
4,629,-0.0009735016425431925,-0.0001215062976860716
4,630,0.01213653244567146,0.0036352446781586552
4,631,-0.013909288575250789,-0.0037790008163030193
4,632,-0.013664618113420726,-0.0055826932164637424
4,633,0.009925100883415897,0.001601425615443692
4,634,0.0013000232345235089,-0.0028832075577996923
4,635,0.00914733548839601,0.0034447571153630317
4,636,-0.001640164175322752,-0.001516451261828016
4,637,-0.0002782202838275377,-0.0011282091516901338
4,638,0.0018404832699593064,-0.001125458380030612
4,639,0.02982083012229866,0.007822395499795746
4,640,0.0044290065392630345,-0.0012321967335275493
4,641,0.003746754336955644,0.0006043898390557205
4,642,0.01033842485125943,0.0009176211063805296
4,643,0.0003334234887260712,0.0013999404898466731
4,644,0.027005177891051096,0.00953841854202105
4,645,0.019228562738717484,0.005685569336912551
4,646,0.001702478813230928,0.0011934818642061556
4,647,0.003590298620163308,0.0019314717918963943
4,648,0.005010473495001505,0.003639577037272019
4,649,0.029641670235624116,0.007933639192957845
4,650,-0.016732760698739416,-0.007566781634085477
4,651,0.014620891854306484,0.00341699658600521
4,652,0.020538296159245226,0.006771877149507631
4,653,0.013684172230737085,0.004674950506987076
4,654,0.032514047598830455,0.00868485941732421
4,655,0.017785562067649946,0.007004849390461366
4,656,-0.01391029767282624,-0.002085760144605429
4,657,0.00907951529477074,-0.002015788839992887
4,658,0.018496375617657754,0.005671886452007148
4,659,0.01778711074823285,0.001697198627038865
4,660,0.01190853665700257,0.004395858961320759
4,661,0.03237402694681248,0.009207960229082561
4,662,0.02029108558403557,0.006920571402294622
4,663,-0.004319491414034842,-0.0037413743587448186
4,664,0.024902982727173017,0.009447837130369695
4,665,0.024144438593279714,0.006107678260457747
4,666,0.014948743614867284,0.0022839175652629735
4,667,0.021237314325927393,0.006544614359967942
4,668,-0.02336168899001555,-0.009700601358451995
4,669,-0.028159418328496933,-0.01179652989961629
4,670,-0.015306335127278782,-0.005417654401533553
4,671,0.02090448654393267,0.00786124888802212
4,672,0.02381583518766159,0.008518206139777513
4,673,0.020384714941957535,0.002527384047131751
4,674,0.01445791215502482,0.0034230928528686585
4,675,0.007784816304335052,0.001587172462425641
4,676,0.011717118049540655,0.003841965984553945
4,677,0.020816190466732915,0.0037379266457567115
4,678,0.0015682173628012008,0.0010354779329095319
4,679,-0.003498398479325702,0.0014746122799707802
4,680,0.005706155208096841,0.0015170261156587511
4,681,-0.0007649563868313916,0.0005137050064339307
4,682,0.013323446692805328,-0.0006928732163812238
4,683,0.00406421653942093,0.0005108745019234424
4,684,0.039729417897826656,0.010350794593928991
4,685,0.02609845905908357,0.00580327805595134
4,686,0.010076310388670807,0.0037040327660528465
4,687,0.009623903757316084,0.0024322409544270634
4,688,0.017581132092600132,0.002385228310792087
4,689,0.024212183188186614,0.005396792191553246
4,690,0.02212813788985567,0.007443105616507433
4,691,0.02799056825140703,0.008555148359374137
4,692,0.003834320486208995,-0.0024579971347328997
4,693,0.006249085475286279,0.0032283197206397878
4,694,0.011570454285402784,-0.0006870361815341058
4,695,0.015966554215619315,0.008095100375953665
4,696,0.011478108691305021,-2.9305873728406694e-05
4,697,0.02061085171497983,0.007894447468840408
4,698,0.026195816606659754,0.005747435915362555
4,699,0.02535945102321467,0.006866677773112307
4,700,0.004262983306791671,-0.0008852638306262641
4,701,0.0336139754045412,0.009653052656137301
4,702,0.0020020524708082217,-0.0009933088411551217
4,703,-0.0022880570163737583,-0.003682902401026548
4,704,0.022594000226302795,0.004319683500093933
4,705,-0.005843225730935417,-0.003808150103959462
4,706,0.004008230500318014,9.01417169432815e-05
4,707,0.03508662903414617,0.0130916108656059
4,708,0.01799366184032919,0.0020137253354224217
4,709,0.005097122831908456,0.0009702177404536927
4,710,0.018533647347500817,0.0033850856562730462
4,711,0.014775967767639687,0.004269070790626327
4,712,0.00010050112698713904,-0.001402283670375343
4,713,0.028726524051114397,0.009163178310015691
4,714,0.003287296173297979,-0.001075366012472843
4,715,0.00863601021604152,0.0004895649101424867
4,716,0.012581191559819798,0.0002996033756784596
4,717,0.005505479847499981,-0.0011079128539900594
4,718,0.01660471489645518,0.006442348051249791
4,719,0.026762986213337524,0.00827552798723771
4,720,0.039693340793987134,0.013913180824829889
4,721,0.025435541335074863,0.004617075296135259
4,722,0.020152262600648077,0.0066799674483075415
4,723,0.014131498193202467,0.0028160927250181302
4,724,-0.00965590120071658,-0.002615358020283639
4,725,0.014489455167378436,-0.0012392129878077127
4,726,-0.009266488776139184,-0.005623919321115248
4,727,0.007946462583929706,-0.00023655830295420742
4,728,0.02905080908181653,0.005965375309258446
4,729,0.03979626337605102,0.011334016101105342
4,730,0.026353736574909047,0.007962318032287256
4,731,0.007353217483754387,0.0034572743979187663
4,732,0.01918923022328015,0.0007305342064384179
4,733,0.031208309036371434,0.009308505573263093
4,734,0.002034508920485559,0.0005233140420676463
4,735,0.0003496565688355576,-0.0021892456564536027
4,736,0.013628503319090109,0.002324594012670678
4,737,-0.0025170812209574763,-0.002499914578129369
4,738,0.019658068143185683,0.003149846917667959
4,739,0.010795144582248034,0.001787015386721273
4,740,0.01609926222649298,0.004315192269066534
4,741,0.011589089906024464,-0.0002585629508504344
4,742,0.011399308401732642,0.0017608460395963706
4,743,-0.003408376053913119,-0.00278339372051295
4,744,0.02386017543764598,0.00835304439130876
4,745,-0.011260291447895157,-0.005351076625489327
4,746,0.03603410883664659,0.011833738213510428
4,747,0.007522669270684566,5.6814398009959234e-05
4,748,-0.002564311607136558,-0.0005509435778021594
4,749,0.020746172079868737,0.0036362641999084537
4,750,0.027175038762927473,0.009015542175111482
4,751,0.04380838173697821,0.011315004065468863
4,752,0.005030282135453987,-0.0007199213978402162
4,753,0.036485917968082114,0.011235099177067094
4,754,-0.0007863057486234898,-0.00010899975980467505
4,755,0.004973594225652834,0.00104877011182505
4,756,-0.00020149002904944354,-0.00266246574732307
4,757,0.02578262136059403,0.00574190211293589
4,758,0.024290917628569053,0.008773838380860087
4,759,-0.0036029423196631896,-0.0014990302809540766
4,760,0.016582298679269223,0.004270565283090267
4,761,0.007183927281583998,-0.002780763078531089
4,762,0.00887797411485496,-0.000194682886062586
4,763,-0.006088616098615165,-0.007284458758250313
4,764,0.003997569113756267,0.0010212418754468131
4,765,0.010014758566440959,0.0005499357064070828
4,766,0.004976801048659782,-0.003756411532416613
4,767,0.02849195075789589,0.004373686936392829
4,768,0.03003294971493081,0.005801690348663127
4,769,-0.009223035511417899,-0.00432795124462169
4,770,0.011190488494539012,0.0014289329150076868
4,771,0.02267710278327892,0.007397893853050427
4,772,0.020463467675033858,0.005926683856017304
4,773,0.025835363316446803,0.007938244176950356
4,774,0.0232430580871743,0.0062048330576225845
4,775,0.006453916348833709,0.0005880727004459083
4,776,-0.005994557891769597,-0.006538390514454319
4,777,0.010333238991435468,0.002163927971645562
4,778,0.011628358139524403,0.00455814650533719
4,779,0.015450978003694047,0.00037226073996224877
4,780,0.00308832014725001,-0.0016684214648487936
4,781,-0.022440037463978504,-0.00926122503340027
4,782,0.015024026005009787,0.0019501322580087715
4,783,0.002870373142810956,7.688399104064507e-05
4,784,0.007337097582184572,0.0023832770148169
4,785,0.0021827112038554776,-0.001915287628763474
4,786,-0.01811825755564026,-0.008997450702167249
4,787,-0.0032276078184805914,-0.002194239238194611
4,788,-0.002746051657070323,-0.005160318024005563
4,789,0.01810177324965994,0.00755573411018964
4,790,0.0003639874437122383,0.0010430600381991077
4,791,0.027570247703141905,0.013728570513393525
4,792,-0.007938439299225223,-0.005028951589865324
4,793,-0.00032199289890801893,-0.003940485136785631
4,794,-0.011938287402847888,-0.005899886963408579
4,795,0.014781244462068665,0.00229331120219927
4,796,0.02023107488013127,0.0027558220075311595
4,797,-0.0030022265482522697,-0.00044084950676368364
4,798,0.019994639463697974,0.005169732411096719
4,799,0.02144096098616087,0.0036073023760101095
4,800,-0.005367865568192551,-0.0014786278805279365
4,801,0.021926915470409234,0.0059093184265162765
4,802,0.012153849541890074,0.00433258356274513
4,803,-0.0017957576126909616,-0.003151064320338277
4,804,0.007773937008978181,0.0027605304522369738
4,805,0.016105579482521296,0.003799129392784251
4,806,-0.003032099734838634,-0.000365488343305427
4,807,0.0007921161019271732,-0.0016068214163342746
4,808,0.0005506466689553182,-0.003909340764096625
4,809,-0.004556812327884686,-0.00022895624142934502
4,810,0.02067422503406547,0.007517767112890837
4,811,0.027736543914069867,0.00655268935155564
4,812,0.029070820311733952,0.007268662984358806
4,813,0.011116889582027579,0.0013108023685581727
4,814,0.013236808175250303,0.0041151940507221
4,815,0.013691580614135456,0.0011967512815461317
4,816,0.006718895924716643,0.002763097580743565
4,817,0.001891891667619803,-0.0006280875322268171
4,818,-0.002485058870882929,8.909778907987013e-05
4,819,0.010206658516787757,0.0033856869106776637
4,820,0.02860978428946522,0.003193592888313011
4,821,0.019113811414023556,0.002922645836284725
4,822,-0.011388651960845899,-0.005355394773840435
4,823,-0.008502084436103712,-0.003340530043550821
4,824,0.02434727437210747,0.006357350736337337
4,825,-0.007238282546976702,-0.003333430101032313
4,826,0.010918381541163981,0.0019489495454446891
4,827,-0.013689000230349703,-0.005381647149688236
4,828,0.0456290199383563,0.009733260508495678
4,829,0.036398763464497996,0.011805873827016951
4,830,0.010489665673905708,0.000991268857897961
4,831,-0.0014223429881863134,-0.003005709765439432
4,832,0.03371034678106511,0.01083290900790552
4,833,0.03102454473692844,0.010290768453867867
4,834,0.0029295955932383557,-4.531939547796159e-05
4,835,-0.00998717272682518,-0.0077285428803703475
4,836,-0.018680634254588824,-0.00653514971214981
4,837,0.035879615491084635,0.007746885859583301
4,838,0.011907882538395597,0.0013573376362567256
4,839,-0.0036981830142436872,-0.0030900420475892263
4,840,0.0019256470769559917,-0.0028489529781948694
4,841,-0.020136840993243244,-0.008302010028164547
4,842,0.02211736664813471,0.0030325900582653573
4,843,0.00016936064190599395,-0.0007675388002938801
4,844,0.03449432007705121,0.010958959489424316
4,845,3.999539419272479e-05,-0.0061479748672794805
4,846,0.01662143004259735,0.004982290925215016
4,847,0.006375862860151898,0.005597592154952514
4,848,0.03720809807209413,0.011625568405400119
4,849,0.01215148415678499,0.003916052918530436
4,850,-0.0016061497125970765,-0.003187056527219723
4,851,0.021241758291731548,0.0051682233628018975
4,852,-0.0007308264096460642,-0.0035226651704316613
4,853,0.023672865290094568,0.006720907901868371
4,854,-0.010858814597232697,-0.0057055682268972105
4,855,-0.0163422623249863,-0.008423286986070389
4,856,0.005343368379090699,0.005093108865317727
4,857,0.030755277995514474,0.008968071040102025
4,858,0.0038121004957585624,-0.0017426722346559635
4,859,0.045354760223474434,0.010934139166371405
4,860,0.01622087193526205,0.0019868913586628713
4,861,0.0033989460115347674,-0.0049195778229195715
4,862,0.006049356575565981,7.685929782105732e-05
4,863,0.001015017696983476,-0.002285719932851398
4,864,0.01658171161208166,0.006067493136313294
4,865,0.023621522296178844,0.0059999546067514495
4,866,-0.008600638476768847,-0.002719525115820385
4,867,-0.019677163431560705,-0.009887367622539582
4,868,0.006050938510234722,-0.0029645185072305746
4,869,0.025929618243217836,0.0076637811281910755
4,870,-0.004256248184021845,-0.005569638742661819
4,871,-0.009418469225326506,-0.006966000248242866
4,872,-0.0054190247552914185,-0.0016300235016944978
4,873,0.014321404865750662,0.002539395980781677
4,874,0.023525365473778585,0.00674485970577498
4,875,0.01372567595389913,0.002195453220234738
4,876,0.011405949875916982,0.0017256199886763425
4,877,-0.016633628777287163,-0.008649029886728386
4,878,0.0368286988277941,0.009381577157057895
4,879,0.01152758860497754,0.006205932024700854
4,880,0.0005574655585560066,-0.001766200267011333
4,881,-0.013687604336122108,-0.005070519290215213
4,882,0.009316351526431635,0.0044986572441182765
4,883,-0.009208907843094725,-0.005094595685330005
4,884,0.007158058900739613,-7.575006646032022e-05
4,885,0.020769244154736265,0.007144447560688546
4,886,-0.0024179130909051643,-0.0024349421451111274
4,887,0.030116973568405817,0.009554232604563302
4,888,0.0025452695253725807,-0.0012013760258370364
4,889,0.0015094342431649917,0.001868022328507433
4,890,0.012786158496262906,0.0014953245986485198
4,891,0.009125210154106604,0.003383733938355695
4,892,0.021654636736334398,0.003640546010221811
4,893,0.006087339972011465,0.0023581943355059512
4,894,0.003704197230872406,-0.0017853641733737052
4,895,0.01777746279960737,0.0028866625387131283
4,896,0.011127718570338372,0.0025855902817060964
4,897,0.009601542046444082,-0.00010077271928827204
4,898,-0.009245374711398217,-0.005776704922691683
4,899,0.019715819294458016,0.0030525574673035197
4,900,0.007019014682510716,0.000999398960968137
4,901,0.017120647771332615,0.005506914430763772
4,902,0.027461028568376046,0.008520991234206986
4,903,-0.021761978087374564,-0.009043533558224948
4,904,0.015007179135649829,0.0013185056761803589
4,905,0.035146870484026774,0.010280500894485999
4,906,0.0030387769979280505,0.0016142624871166558
4,907,-0.0280833884232795,-0.009477869335360909
4,908,0.0111923263734027,-0.0017070309451145819
4,909,0.016403943829411134,0.0023265335353675086
4,910,0.0013939035317972635,-0.005617138492658883
4,911,-0.001565305487887457,-0.003123877864714854
4,912,0.003893740582166662,-0.000979732195649881
4,913,0.00239035524055559,-0.0008040662185327853
4,914,-0.01860719643352761,-0.006036862789861725
4,915,-0.0033260173723539755,-0.0030993055856200903
4,916,0.016622867629011495,0.004115144641921778
4,917,0.0010676606238511003,-0.0027867659641783
4,918,0.006351832110576102,0.0005953869957644462
4,919,0.02256162509864475,0.004565223192193843
4,920,0.006269042903369845,-0.0012174608502374127
4,921,0.0020789223655605592,-0.0034998980408697065
4,922,0.0011776705159482407,-0.002324605744280161
4,923,-0.004383979065276763,-0.002083085650671285
4,924,0.029278469495604042,0.010801075264862481
4,925,0.013022552220110072,0.006075830043665549
4,926,0.0019759928705164083,8.830124711030121e-06
4,927,0.010048651242782931,-0.00044208396809460184
4,928,0.04876543002042313,0.012753909714544934
4,929,0.032106765453891406,0.012117684103175048
4,930,0.003537954533982004,3.8748717334983015e-05
4,931,0.02503484979716233,0.005817587780240872
4,932,0.012602874788376022,0.0043526979992380005
4,933,0.010474369271584362,0.005294130698244785
4,934,0.007884609401552656,0.00033152591169279693
4,935,0.022207421673020335,0.0006185910966818065
4,936,-0.008983287751248792,-0.004611670177631712
4,937,0.02744575886910536,0.009131748208379526
4,938,-0.012878349364358272,-0.0063880737576786336
4,939,0.016703511224313093,0.004195533906485778
4,940,0.0060731878332805035,-0.00012353146187976793
4,941,-0.006484543594202309,-0.007122969303987605
4,942,0.033672892965105845,0.012163078722330738
4,943,0.0028124673656422963,0.0018015405192300246
4,944,0.011626688612819274,0.001890974833698388
4,945,-0.0018666769851612716,-0.002426040871951063
4,946,0.012907042952116183,-0.0009755229083831848
4,947,0.005926114703734967,-0.0012991051837501976
4,948,0.005445043006946269,-0.0024362207906791417
4,949,-0.005428029164121087,-0.0028825839987763244
4,950,-0.0013460092379348786,-0.0015989903607483362
4,951,0.009073110506166375,-0.0005941125521014132
4,952,-0.022612025346887738,-0.01044715659768063
4,953,0.002613686577341888,-0.0033348394969032144
4,954,0.01905963935091285,0.004960056457624658
4,955,0.025658892210396213,0.007938978543324182
4,956,-0.0011491126528472226,-0.0019467931154198523
4,957,0.048667044695902245,0.011512879469281144
4,958,-0.010629723153144442,-0.004812035218077718
4,959,0.014656123702195644,0.0034860389352079123
4,960,-0.025822729010257464,-0.009732039591792438
4,961,-0.011824102413630255,-0.005963510838664656
4,962,0.019914962851408126,0.003313805022847538
4,963,0.006805200196415962,0.0006751782076754594
4,964,0.010607152750608483,-0.00010239940198145772
4,965,0.013362890545031855,0.0014254374334482433
4,966,0.011633802864684814,0.0025003064370967528
4,967,0.0039513349825135895,-0.0028758500694642656
4,968,0.030138902075975783,0.009429157732295858
4,969,0.013744310801156491,-0.0013448518347244913
4,970,0.009590692917641072,0.001600929653963484
4,971,0.013604002806787757,0.0051015160074435175
4,972,0.018274470928683544,0.007518018758730988
4,973,0.0018766105558667438,-0.0018851800848998478
4,974,0.01996738349591642,0.006162713792344988
4,975,0.014274173404816822,0.00045169914074646246
4,976,0.022474494870540644,0.004323464224016726
4,977,0.01156026155363868,0.0030379052604917614
4,978,-0.00045508040507049224,-0.001880704916359466
4,979,0.005213442798967244,6.766765445611716e-05
4,980,0.01927966152647427,0.0045802547603468104
4,981,-0.0060856897091596165,-0.0021327127741278622
4,982,-0.007672054464984427,-0.005121299447299521
4,983,-0.006214070372840189,-0.005764874430040085
4,984,0.042695274629662626,0.016317332117170676
4,985,0.012871990322941581,0.0021882047303608374
4,986,0.024814878014343504,0.005761593632788862
4,987,-0.017241853879117454,-0.0027103772945609042
4,988,0.005939292846783342,0.002663449085621238
4,989,0.008801368574929965,-0.0008118686323461143
4,990,-0.021703409282265027,-0.008156827665712404
4,991,0.0019430060639655186,-0.0011763105248640286
4,992,-0.002947712222124185,-0.003296439920436447
4,993,0.017940687183511356,0.00408086463084221
4,994,0.038775767753864564,0.009377296852395918
4,995,0.028355373245585676,0.009453693674017258
4,996,-0.009832127404849667,-0.004765458732426517
4,997,-0.016775356712563413,-0.006659306933686636
4,998,0.01610703849753707,0.0018396193822156055
4,999,0.0059282277326250885,7.574330470865799e-05
4,1000,0.004650744996881207,0.0030778129476821867
4,1001,0.027534990673662933,0.006963258728909002
4,1002,0.023407794211364987,0.005778094027273592
4,1003,0.005989625700568442,-0.0009772202737306527
4,1004,0.0039159366537317485,0.0006263561767846114
4,1005,-0.0034667329241486397,0.00017637275858982477
4,1006,-0.003980649427773702,-0.0022973629998674343
4,1007,0.03022761864766559,0.0068819266588743605
4,1008,0.00462090861693598,-0.0026360409710696185
4,1009,0.008461951420182835,0.0009269242892902706
4,1010,-0.009518015763712912,-0.007530865236161085
4,1011,-0.0009323939315344606,-0.003531313075019208
4,1012,0.00038562138981858117,-0.0021158923126905135
4,1013,0.04871691357994787,0.014464787431033736
4,1014,-0.00797526980264808,-0.004102999702087354
4,1015,0.006261999123098742,-0.0014812688695143256
4,1016,-0.010106731558133887,-0.006107499915394864
4,1017,0.010020219671519273,0.0006522463541921606
4,1018,0.005197826227459832,-0.0009582774889238065
4,1019,0.008628540982306346,0.0012078228980036889
4,1020,0.01891417948966631,0.0036371062025038524
4,1021,0.006230502607833789,0.0030325834132433078
4,1022,0.023194197997630145,0.0069626005061849535
4,1023,0.007506745542602683,0.000694546514281275
4,1024,0.013273343334791035,0.004331640598473077
4,1025,0.009165107781877577,0.001430038685568292
4,1026,0.01927275544482393,0.005972609350279934
4,1027,0.01933001539345124,0.0020816723048382173
4,1028,0.018613008477404273,0.0022288698726773966
4,1029,0.010036950821419043,0.004479265870051658
4,1030,0.018351484518812317,0.004404430261809124
4,1031,0.02251589936745902,0.008680005464826548
4,1032,0.0036570783809326958,-0.0024990509664524637
4,1033,0.00029636041884429883,0.0019123768313095415
4,1034,0.019925948277664047,0.0016233023738563303
4,1035,0.02038064251119952,0.006163046374623385
4,1036,0.01655636695130118,0.00464075150190258
4,1037,0.036796968036044875,0.007932159379880163
4,1038,-0.03426372120812431,-0.010462657221095982
4,1039,-0.023788528438345752,-0.011124250223498371
4,1040,-0.002734135897124137,-0.0023287291906163776
4,1041,-0.019187977966463522,-0.005182703126793012
4,1042,-0.0026462303727903904,-0.002544535554591131
4,1043,-0.001732704719192613,-0.0012773690467106954
4,1044,0.016639868497051093,0.00403281172443176
4,1045,0.029534649634366864,0.009689933492918894
4,1046,-0.007201166269196019,-0.0008024675325334459
4,1047,0.010914038620073374,0.00033848434316742943
4,1048,0.013484609717738376,0.001514044885111916
4,1049,0.010909027072084066,0.0008033594471227768
4,1050,0.028320900104718827,0.008181456158810434
4,1051,0.0265167734050641,0.007235578056534786
4,1052,0.018233285554052757,0.0025193405925934787
4,1053,-0.02270940146596833,-0.009918456851322869
4,1054,0.025959202328924576,0.0022760377669261973
4,1055,0.01641504294242101,0.0013785892086895391
4,1056,0.008048708620353385,0.0010315372086361929
4,1057,0.012511768193258731,0.0059754119721155486
4,1058,0.010297891852895678,-0.00040807316690595277
4,1059,0.005419894055234355,-0.000195468056864123
4,1060,-0.002925342959607567,-0.0036718918223907306
4,1061,-0.006788415160086649,-0.0024645331744399144
4,1062,-0.030553726645722666,-0.008807322015321268
4,1063,0.022716055080153355,0.00632805557511893
4,1064,0.03140228524064689,0.006397030510775598
4,1065,0.014555749108995625,0.003396492817991188
4,1066,0.032315196083616694,0.00667194425915393
4,1067,-0.004843449634278123,-0.004704812610820934
4,1068,0.005541551391870506,0.0014151912824004488
4,1069,0.001290127935736181,-0.0032082101605906744
4,1070,0.007392857124209412,0.00020779841828034667
4,1071,0.01926000827749523,0.005456153997086758
4,1072,0.014182503896952083,0.006194657284692008
4,1073,0.016023903319154483,0.003972298235426998
4,1074,0.033357027553156095,0.011775693568780882
4,1075,-0.010902100976282447,-0.00539998800720044
4,1076,-0.008600226158016174,-0.00459130899369209
4,1077,0.017003619772664368,0.002958243352713287
4,1078,0.005526110404208837,-0.0026712556127049696
4,1079,0.030882257141142327,0.010885024942362338
4,1080,0.014608785660943818,0.002917500095947562
4,1081,0.01200205073412746,0.006151176256092151
4,1082,0.010288314839678753,0.0020889304826741204
4,1083,-0.014595849812907439,-0.006835942870106147
4,1084,0.022933722760651132,0.002818533961275315
4,1085,0.002974930379076562,0.0013479815637926146
4,1086,0.004457726156357142,-0.001304906854231214
4,1087,0.0011499845303516419,-0.004218281738133959
4,1088,-0.0015089787073010146,-0.0026325816075151616
4,1089,-0.007646336314276674,-0.005630069808043854
4,1090,0.0033256883371586762,0.000272474631252679
4,1091,0.013530777959050505,0.0021623486844487274
4,1092,0.015849662645403478,0.004950508228644986
4,1093,0.0079145584392837,-0.0028628928458874054
4,1094,0.02379566179500911,0.005619439717965238
4,1095,-0.013170208714279872,-0.005824000067849223
4,1096,-0.007007720129102493,-0.006023668424655556
4,1097,0.018333732334295538,0.005800147201908058
4,1098,0.02408422190057011,0.006863198410418643
4,1099,0.01967043961199293,0.004353892199535908
4,1100,0.009402007850219208,0.0016837973737583289
4,1101,0.024148110420708982,0.010616371905685304
4,1102,0.0065031370312205435,0.0013596747187164702
4,1103,0.004184709208778101,-0.0021145216591059424
4,1104,0.024265116822463607,0.005415407841318854
4,1105,0.01969620269495487,0.002772526627539295
4,1106,0.016235300569556625,0.006063537004832136
4,1107,0.04263217613758818,0.01157532978322499
4,1108,0.03646678772868345,0.010883837856393672
4,1109,-0.0010620313482301415,-0.0015493107677696891
4,1110,0.026280423629138985,0.00852006831246462
4,1111,-0.013076844460750714,-0.00679869391906942
4,1112,0.03377437729974652,0.012424715891650824
4,1113,0.02806176448664319,0.008862165390177567
4,1114,0.028072171774770206,0.0068939258525538075
4,1115,0.012731896229366277,0.0017140202124600245
4,1116,0.010684713130083673,-0.0001434225750154415
4,1117,-0.0050899110494137915,-0.00389799643042838
4,1118,-0.0012951357663419781,-0.0029217825421728617
4,1119,0.01408528898255233,0.004930197123768044
4,1120,0.027596088079487407,0.008844530206197498
4,1121,0.002581543520212379,-0.0014180854958579234
4,1122,0.022197195716268346,0.005358639884671495
4,1123,0.011216172490484202,0.0016377505117453261
4,1124,0.005268398982914791,0.0005033059003799019
4,1125,-0.006912457086776996,-0.0030226403332214713
4,1126,-0.0028596792004949427,-0.0006456314079204943
4,1127,-0.004513597029731792,-0.004796143014687073
4,1128,0.0007692720078530795,0.00040232242948857853
4,1129,0.011677942339371411,0.0036162335513722937
4,1130,-0.006682600558717125,-0.005495814746019659
4,1131,0.01019200402610773,0.0032174795929748633
4,1132,0.03096875694673444,0.00981428291001673
4,1133,-0.012443394098177785,-0.006870652814942188
4,1134,0.004300316658682728,-0.000960829702723657
4,1135,0.01942781418540888,0.0021968315323291575
4,1136,0.019274127599774468,0.006402316498802407
4,1137,-0.00527910141416224,-0.003118881735977444
4,1138,0.0035918315777831084,-0.0009506033355752113
4,1139,0.034334060284772365,0.009624051801833046
4,1140,0.005124080140560348,8.265680543924555e-05
4,1141,0.020377945688250187,0.008851141529998545
4,1142,0.018257332762225163,0.004491850522457564
4,1143,-0.0046735370799397425,-0.004313935853104385
4,1144,0.019757295498030677,0.0039903280746162
4,1145,0.01549820479231395,0.0024981621195974413
4,1146,0.016886069134943213,0.004225858491908816
4,1147,0.016673916036260977,0.0047003808744311894
4,1148,0.01599247251002627,0.0038818418587088506
4,1149,0.011078520085791233,0.0007551856857198998
4,1150,0.007550787675487996,0.0008088158057339454
4,1151,0.007922615112136214,0.000893229839794265
4,1152,-0.005609763976757101,-0.004002106879100464
4,1153,0.003270238901275468,-0.0017863103550868602
4,1154,0.01450143613410448,0.00659785474771698
4,1155,0.016621803460387254,0.0015479603273613617
4,1156,0.011706371485388969,0.0029984524878655066
4,1157,-0.012553629893239918,-0.008872423164661148
4,1158,-0.005110973101440243,-0.0038156316114529446
4,1159,0.01720584102701646,0.006850205094401883
4,1160,0.0018620932009811254,-0.0017614549226519591
4,1161,-0.011201750392072786,-0.001990554075108091
4,1162,0.026097844913518447,0.006986254713468745
4,1163,0.005387216495656505,0.0017375625196091344
4,1164,-0.0067679444915179614,-0.0018050578094641208
4,1165,0.010480069773999975,0.00327802349884316
4,1166,0.006130391178175719,0.00014877535216411257
4,1167,0.02740673256431135,0.009910252911810137
4,1168,-0.0020614419957665974,-0.002673466696189911
4,1169,0.024291266110164,0.01058049904256684
4,1170,0.013621631337119288,-5.66811714696897e-05
4,1171,0.0007046270299064579,-0.0026195898943741393
4,1172,0.03200606897582101,0.007595120937031643
4,1173,-0.0018537415935383447,-0.0023770379443500095
4,1174,0.012314895267540048,0.0027737060049191574
4,1175,7.016235194123037e-05,-0.004114356304913424
4,1176,0.012680303433697434,0.0006638419642392504
4,1177,0.037071404490700795,0.009594561137371435
4,1178,-0.022071397048478162,-0.010474923702835981
4,1179,-0.0036302563669245876,-0.0003732752487551617
4,1180,0.02382338939989025,0.005646466071743816
4,1181,0.035290646929022916,0.01041234660872766
4,1182,0.006172583601180896,0.0024637475047739697
4,1183,0.023274750985004117,0.003663765548746291
4,1184,0.011969101181900688,0.004390618815508911
4,1185,0.007679191225505696,0.00274147698533351
4,1186,-0.00962219844270216,-0.004878270334838396
4,1187,0.017646902676432322,0.0024376727453878553
4,1188,0.003936290446930783,-0.0012896705963257515
4,1189,0.00836173652012309,0.002630131993586084
4,1190,-0.00036020102864334994,-0.003553559428298839
4,1191,0.0038908046779790252,0.0003835581383521063
4,1192,0.022724297661994547,0.006462424471999428
4,1193,-0.018478771637814806,-0.005805712227600308
4,1194,-0.004397694026370278,-0.002711103884784733
4,1195,0.03155491830086524,0.01167656701719848
4,1196,0.019120551827204294,0.003226819977843746
4,1197,-0.020224863207715098,-0.005664235167625807
4,1198,-0.012954648785204921,-0.005408832482951417
4,1199,-0.019873592005378214,-0.008552739590126342
4,1200,0.024755621100248627,0.005761986116430159
4,1201,0.007572639789331741,-0.0014638900041971737
4,1202,0.019913298146407,0.002182887099643266
4,1203,0.0031939961733742526,-0.0037760871660093526
4,1204,0.01732338032011545,0.004209118060618006
4,1205,-0.011843980379647071,-0.0036514879948528686
4,1206,0.028611546839141702,0.008227515321309598
4,1207,0.009029673519383276,0.0007616866867215583
4,1208,-0.022661393788672313,-0.0075600564611548425
4,1209,0.00853793193423063,-0.000414909665309624
4,1210,0.010273658112543126,0.0024782527790288196
4,1211,0.025503663602977893,0.006601094706572204
4,1212,0.002288167558132436,-0.0002776771650354769
4,1213,0.008034533908641034,0.0013400067490940387
4,1214,0.014969675204115322,0.0030889483986876187
4,1215,-0.019188710529260324,-0.0046035435157260685
4,1216,0.019795234416750723,0.0031595013886282996
4,1217,0.02205054965604638,0.006459394216016812
4,1218,0.020898122822669556,0.006373462604091636
4,1219,-0.004408572214205914,-0.0022761087688020947
4,1220,0.03741233621741304,0.011530252733984635
4,1221,-0.012847582494732758,-0.008976730784401756
4,1222,0.009953420037400936,0.003942006985469683
4,1223,-0.008399380184514126,-0.004213593421575161
4,1224,-0.010340169794533692,-0.005841756683427539
4,1225,0.002891506313662097,-0.0030557476224183796
4,1226,0.017176584844347885,0.00337165755037122
4,1227,0.011857008832919928,0.0018862675534140952
4,1228,0.009520979880605927,0.0014556087249147527
4,1229,-0.00305952803143665,-0.005181248628701949
4,1230,0.012372559927462078,0.0009590359807719291
4,1231,0.00906422935065873,0.0009460890638157683
4,1232,0.010437257514690922,0.0017780535098822167
4,1233,0.00921227894090731,-0.001813249510746245
4,1234,0.01622512195133719,0.006495655711411553
4,1235,0.01312159240119581,0.0036945793005230157
4,1236,-0.015327976906111937,-0.003918434300228528
4,1237,0.0025782400500604574,-0.0028693884408861393
4,1238,0.020209987994886283,0.003655375212593307
4,1239,-0.00682764953116124,0.0002067118301203874
4,1240,0.005352987832014512,-0.0014067902464536062
4,1241,-0.009974006212571085,-0.003213107376855871
4,1242,0.015602919483248552,0.003487899618863036
4,1243,0.035249931783220605,0.010104817878621794
4,1244,0.006773387138170817,5.649948548407344e-05
4,1245,0.003006437339526939,-0.001997590406014415
4,1246,0.008672813785984406,0.0010159499004101713
4,1247,0.0079145889155383,-0.003941842960089274
4,1248,0.04313959015113417,0.01240872158413821
4,1249,0.0051257704266820525,0.0001731915433774095
4,1250,0.026030486773026485,0.00802624953095998
4,1251,0.00392217059218324,-0.0016325100090992808
4,1252,0.02171406940329319,0.003907829466458525
4,1253,0.028261649667783606,0.011336585298842393
4,1254,-0.013896935188510906,-0.0011842213421351102
4,1255,0.015269903965492663,0.0018959486373812322
4,1256,0.03067685458099602,0.007210618281175584
4,1257,0.04278171817215384,0.013370980996324992
4,1258,-0.0058905991946950655,-0.0025363270316088116
4,1259,0.01138762372798777,0.0030385365146583677
4,1260,0.020262401969981393,0.008590689252172858
4,1261,0.018678494397710924,0.003927397108006786
4,1262,0.0005739567434612289,0.0011965150398954756
4,1263,0.017558271341772614,0.003286913356418252
4,1264,0.008871609908428961,-0.002550025045101823
4,1265,-0.014815050287904814,-0.007833239131970688
4,1266,0.02064554340642628,0.004756113242211881
4,1267,-0.006904380720892939,-0.003371157163565815
4,1268,0.00997989184088358,-0.0008974130111840687
4,1269,0.04546002144609374,0.013013435457661756
4,1270,0.02812450156748052,0.008859001488988999
4,1271,0.0025698304849459783,0.003266143392800105
4,1272,0.007104455779590647,0.0011223617272295967
4,1273,0.005609602079019847,-0.0014869817497609953
4,1274,0.019900413258377082,0.00607429460376897
4,1275,0.018770232543869347,0.006484946903723611
4,1276,0.007605729779985745,0.00448680831032813
4,1277,0.048968262254476966,0.01731168565240132
4,1278,-0.0009812900923899736,-0.0015352040179539854
4,1279,0.01074934895831884,0.0012973375574922249
4,1280,-0.0004240993518646129,0.001383141667454152
4,1281,0.0017404811557646662,0.0026331225865937886
4,1282,0.009720913512437769,0.002758652502873791
4,1283,-0.010336433607376209,-0.008823097428073814
4,1284,0.0380616968409909,0.008304438772919604
4,1285,0.01520368675717186,0.0033767415401479177
4,1286,0.0007121896535169136,-0.0037450334727605382
4,1287,0.02862406192772102,0.008117707104443461
4,1288,-0.03145560308206304,-0.010089216069720785
4,1289,0.007412487405843087,0.0005743574074151399
4,1290,0.00607180319253139,0.0050470352269561935
4,1291,0.03862552104304759,0.009296880282161994
4,1292,0.035950490484884114,0.008459287938867193
4,1293,0.00884243004847926,-6.12082527068215e-05
4,1294,-0.0009437074382019149,-0.0046865960759859306
4,1295,0.014058449174795578,-0.0006531979132002082
4,1296,-0.0002483209779393564,-0.00042895982031245845
4,1297,0.014706196679986593,0.005121911883404504
4,1298,0.016025113005044642,0.0009767435710427712
4,1299,0.02026454564418114,0.005642290655548101
4,1300,0.011108950210930325,0.0008206597450323578
4,1301,0.02100466744745422,0.005620871020129749
4,1302,0.033977764761676334,0.006038977340185909
4,1303,0.010263095573723314,0.004636338514552253
4,1304,0.040492812149685885,0.011825153334491034
4,1305,0.029802715344466806,0.005821327595731745
4,1306,0.03417017209056276,0.01007539229662081
4,1307,-0.0017811952047413766,-0.001990869320472108
4,1308,-0.027166310022383802,-0.012631948968924547
4,1309,0.010644662390223839,-0.000222223577127048
4,1310,0.018422032907167533,0.0042885681439134285
4,1311,0.0250244661178309,0.009113007766696476
4,1312,-0.022032618947249106,-0.010773043713614882
4,1313,-0.027264313987088225,-0.010985237046006305
4,1314,0.018609720241722784,0.003090064061001307
4,1315,0.038209090013588555,0.01076874432182261
4,1316,0.018414369488236104,0.0021160164138941087
4,1317,0.0085632134169929,-0.000264465158466543
4,1318,0.004524643813467625,-0.0004669788978299675
4,1319,-0.017021357628531988,-0.007639667512390386
4,1320,0.013383635071294609,0.002244809994979148
4,1321,0.022207126851616764,0.007394045274189285
4,1322,0.013021487449500036,0.0033257070758432716
4,1323,0.017559607832719728,0.005686259846704777
4,1324,0.03256392639286618,0.005807180238274797
4,1325,0.0157203636712358,0.006560835662882666
4,1326,-0.0015054466772090257,0.00039218823464804656
4,1327,0.005346510550947678,0.0012149617576557446
4,1328,-0.007558513648292124,-0.004925279147125526
4,1329,-0.00234735717944916,-0.004104848708405459
4,1330,-0.01721527516230733,-0.004810140855879142
4,1331,-0.005202320708943268,-0.0016152649903009716
4,1332,0.030676613764682625,0.006081644802260087
4,1333,0.0009070523583396988,-0.0022039865191562412
4,1334,0.0419686712602546,0.011243261303925974
4,1335,0.01488954703599545,0.0030006858580853882
4,1336,0.010216347100970842,-0.0006307639596351305
4,1337,-0.009243669939221254,-0.003226091639498933
4,1338,0.014101936875828803,0.008488269248742374
4,1339,-0.01669367298470171,-0.0031267455073526315
4,1340,0.01111867149564655,-0.0010703670712796864
4,1341,-0.0026791955001091634,-0.003999008692463281
4,1342,0.015832886812609786,0.0049244878687359364
4,1343,-0.013244276241106787,-0.005301598409921509
4,1344,0.024385155271593847,0.005363512190348661
4,1345,0.008259860815445842,0.0017645212210207557
4,1346,0.01839340939277646,0.0008288567343130141
4,1347,0.0025405657283959385,0.0011445619839522737
4,1348,0.010734418966852056,0.00189444832420923
4,1349,0.007435924865806916,0.0007920231709260257
4,1350,0.02559690832112738,0.008638933671113777
4,1351,0.035037700268192556,0.010132165297871025
4,1352,-0.0012678624073050094,-0.0003468589514895748
4,1353,0.02223021644545057,0.0057112175541801
4,1354,0.008210600569864687,0.002371300490718759
4,1355,0.0268646710289841,0.009507232644790992
4,1356,0.020313419777627496,0.005907923819354599
4,1357,0.025066426030124014,0.010155484375327947
4,1358,0.010537634602713555,0.0023857092506955864
4,1359,0.0063790311557331775,-0.0001087785804069825
4,1360,0.027063975968457558,0.006507548356529322
4,1361,-0.009635340871662162,-0.002828025664910774
4,1362,-0.010767110530626903,-0.0003044498684872704
4,1363,0.02306878948517917,0.005921038602751075
4,1364,0.006360266400152426,0.00029446379853094305
4,1365,0.004915395524209121,-0.0008529190356943513
4,1366,0.013241852111575117,0.0026134820034583077
4,1367,0.010853088944812298,0.005002574524316488
4,1368,0.03813906804798716,0.011547558203920547
4,1369,-0.005765272425371061,-0.0018869710023460685
4,1370,0.015480262055592282,0.00307444465658965
4,1371,0.011845185357704556,0.0005504532713323943
4,1372,0.017933801184721362,0.0030978721003515216
4,1373,0.010239247898078091,0.0002753677826876143
4,1374,0.012830169642178419,0.0020744987403292898
4,1375,0.004911904954626993,0.00116487839326866
4,1376,0.013607578938680398,0.004093786521788115
4,1377,0.041973056511287014,0.012485975820044822
4,1378,0.010597259403290565,0.000278727202643323
4,1379,0.009398364986161978,0.0015095908166790468
4,1380,0.03044769553603472,0.007969314002067854
4,1381,0.01828687222985228,0.0067267990738412095
4,1382,0.021136207245833878,0.0033205614342243016
4,1383,0.019199092230804782,0.004874368656700654
4,1384,0.00746700471473499,-0.0017555416699756568
4,1385,0.014195545234604152,0.0027954518720881443
4,1386,0.006210773820824539,0.0006294535463390574
4,1387,-0.002594191528986017,-0.002172913997264086
4,1388,0.02212018841210599,0.004899501445949379
4,1389,0.03822382319312437,0.008924246606434691
4,1390,-0.003455781480435737,-0.0027288749415827164
4,1391,0.008163636173481233,0.0023058466736903278
4,1392,0.028883313865276084,0.008917128626817736
4,1393,-0.005881096851096076,-0.0032269208609619145
4,1394,0.0029208305345752106,-0.002775883444506835
4,1395,-0.0014643397373165102,-0.002031971778810094
4,1396,0.0023813434415400235,-0.004648401097471248
4,1397,0.02604901519481551,0.0071100673030405695
4,1398,0.02593705992066044,0.009079820618022013
4,1399,0.011833516718733044,0.0023285764297670663
4,1400,0.009143435984896291,0.0012859709858213128
4,1401,0.018298606864236053,0.006059436804816402
4,1402,0.003761697555016524,0.001140702501759005
4,1403,0.016030750976981433,0.004500957972647411
4,1404,-0.0002318271802324318,-0.004895163564094204
4,1405,3.118351046226011e-05,-0.001145211565943555
4,1406,0.0007151318160281231,-0.0021426367127320603
4,1407,0.016990292469106622,0.002913750185620337
4,1408,-0.008488022714429699,-0.004844475368368746
4,1409,0.02727038617659574,0.004741820460830596
4,1410,-0.005003928585959846,-0.002259791674342466
4,1411,0.017188108755805957,0.006334432653857812
4,1412,0.016172278252064888,0.002561472381529784
4,1413,0.01828288280782933,0.0029355688576799973
4,1414,0.007904570406338556,0.0021191602366727393
4,1415,0.009345912097747025,0.002553895598315981
4,1416,0.02202758614867635,0.008158356817908628
4,1417,0.003176027118652254,0.00025882534776374024
4,1418,0.03564796861468353,0.006852169435886738
4,1419,0.008155432250491246,0.00040469818599014494
4,1420,0.015632785953196032,0.004499126751789962
4,1421,0.007221746937342725,0.0034891701407697216
4,1422,0.018560121125550322,0.005632046779495725
4,1423,0.01877535397900254,0.005972150569304286
4,1424,-0.005839560772429016,-0.003829766302426137
4,1425,0.036202175683166436,0.010822738429233841
4,1426,0.009200770380511755,0.0017247238740711933
4,1427,0.021274346945779943,0.005342539207402456
4,1428,0.0008803495904826754,-0.002104264209216067
4,1429,-0.012945229783903408,-0.004139129346490019
4,1430,0.01465109608659529,0.0013973906614019828
4,1431,0.031169096864210342,0.013787059656635563
4,1432,0.008662085309442753,0.00726819647212379
4,1433,0.0004033475604722284,-0.0019482546376545632
4,1434,-0.0012342714797085245,-0.0028587223764715876
4,1435,0.0059753998946796075,0.0004892294803779114
4,1436,0.01954757237927038,0.005529113011695982
4,1437,0.021065452015919153,0.0031802733590277185
4,1438,-0.016806880052005303,-0.0042124111454538045
4,1439,0.026386566074993692,0.009391865878215309
4,1440,0.012466212412989874,0.0021885105402349348
4,1441,-0.004221887154383649,-0.005076507489915213
4,1442,-0.00018707531356488167,-0.0019538526817783866
4,1443,-0.006475045701966243,-0.007460302402799873
4,1444,-0.008714972355199429,-0.005368800794310983
4,1445,-0.014801681612041422,-0.0069880234012768775
4,1446,0.014889178774047475,0.0033090013604196917
4,1447,-0.006023241166376588,-0.00398909841133544
4,1448,0.03340352124606825,0.010514869633443348
4,1449,0.0038545425284110535,0.0019543011049930146
4,1450,0.03644746714208248,0.012956760183310745
4,1451,0.0039405436180894315,-0.001122340279269286
4,1452,0.0328939212176837,0.010228076180555785
4,1453,0.004125277829113965,-0.0007766678028886838
4,1454,0.01893839437615799,0.0027687624762362723
4,1455,-0.011179200688421608,-0.005499465379814227
4,1456,0.025151136632046926,0.00625681670036413
4,1457,0.0061482836603775634,-0.002496035421207923
4,1458,0.01720040543926573,0.004386840637039876
4,1459,0.018835628559461005,0.004648880478930455
4,1460,0.009782612710778344,0.0005214053319358917
4,1461,0.019160294466206113,0.01014171712590268
4,1462,-0.007957960875286522,-0.007478902310493091
4,1463,-0.001490958348471823,-0.0036632685083348333
4,1464,0.006503937289614775,0.00042541752883649015
4,1465,-0.0221879313969845,-0.008366646871175661
4,1466,0.026823441075381853,0.006673091060386303
4,1467,0.01553390321209836,0.001396731692172296
4,1468,0.016324340521897688,0.0016802500860503662
4,1469,-0.011555647656142544,-0.009397637908199523
4,1470,0.019920611410127454,0.0042637193084761795
4,1471,0.013006507456038851,0.0069990350772463385
4,1472,0.01205604981560361,0.007400426325823167
4,1473,0.00860999132693121,0.0038357149687600883
4,1474,0.002371565247580614,-0.0008290228165120831
4,1475,-0.003220648749978943,-0.0031659816228685775
4,1476,-0.005494782987390166,-0.003148388672338983
4,1477,-0.005204474474983948,-0.0031136151189884846
4,1478,0.004415487134689221,-0.002635077060803374
4,1479,0.01778873109050134,0.0014815978931190365
4,1480,-0.00858630307782825,-0.005015490828625536
4,1481,0.022286521221964506,0.009847925857639583
4,1482,0.015846961122189224,0.005330014048826184
4,1483,0.00041982216885119326,-0.00044075597569200444
4,1484,-0.011366827403402606,-0.008678302357532907
4,1485,0.012091342108067355,0.005305669519921681
4,1486,0.004136085105643964,-0.0027156869489186842
4,1487,0.01838744602589852,0.002613914989603982
4,1488,0.01270408745059451,0.0034844416629759385
4,1489,0.02160904754205014,0.0047849397818010625
4,1490,0.005046911703982922,0.000955246982929549
4,1491,0.01464596157533952,0.005334616962270334
4,1492,0.022554599097284297,0.00728899503149095
4,1493,-0.0010614041344136661,1.907629268672859e-05
4,1494,0.003995332118572007,0.0007168283209758534
4,1495,-0.006036510848517447,-0.003064933278105991
4,1496,0.0031001987543546852,-0.0021588551638257775
4,1497,0.019461675018045105,0.0049457549728211874
4,1498,0.02228524888607466,0.005603536656152164
4,1499,0.01646267670907201,0.0045266281522722655
4,1500,0.007817908961308241,0.0011303090644038268
4,1501,0.014449517886923016,0.004181933486724323
4,1502,0.0022231384999450918,0.0008733012981715853
4,1503,-0.011651837701988039,-0.007301794936557588
4,1504,0.026938643291016976,0.012121514127214987
4,1505,0.010690685598356313,0.0018432797114831985
4,1506,-0.012690905661521687,-0.006449636739632617
4,1507,-0.0009117151111507173,-0.0031486585983328207
4,1508,0.004192821416624308,-0.0018190778296132636
4,1509,0.02900779074218323,0.00738789954571693
4,1510,0.0038425164989667583,-0.0005520477278740566
4,1511,0.015289577611442652,0.0028312685969327602
4,1512,0.002742240507647535,-0.0025162435325693736
4,1513,0.0028912977569704322,0.0046115642047591405
4,1514,0.015570247052848768,0.0032112977766910467
4,1515,-0.02500168250742234,-0.012479471330474261
4,1516,0.009048806479855946,0.00044914393610339173
4,1517,0.04307831170228207,0.014219786550694842
4,1518,0.03140948540102827,0.010379308344366544
4,1519,0.014743227760059796,0.003563384186918227
4,1520,0.029334085219768033,0.009512931013273452
4,1521,0.0184531966778906,0.007613782526564799
4,1522,0.047994736766774605,0.010935046027443898
4,1523,0.005771181939567612,0.0013459273473326243
4,1524,-0.002855829045277242,-0.002673927913086415
4,1525,-0.0007889184600927208,-0.0011853000345918522
4,1526,-0.016567593158929275,-0.00697950987294107
4,1527,0.004925286572341327,0.0002456890806616557
4,1528,-0.005752362741500034,-0.0062658679673918
4,1529,0.008575313634117421,0.0003543665412289162
4,1530,0.00426522812007721,-2.3381636509715742e-05
4,1531,-0.011320046924142622,-0.007641134011033772
4,1532,0.024415385246132303,0.009575638149946636
4,1533,0.020986218521254183,0.009025496886672535
4,1534,0.011986304862539014,0.002119399757579274
4,1535,-0.029077354470408615,-0.012019512004788263
4,1536,0.040866649304307355,0.014073209014031668
4,1537,0.007316812810656244,0.0024307620526948207
4,1538,0.01032181777130205,0.004334263412875631
4,1539,0.0071473621759834075,-8.707427719646702e-05
4,1540,0.005226997379386497,-0.000959262083708467
4,1541,0.020710924905924747,0.006376770227241645
4,1542,0.01714191383847691,0.006114318562641692
4,1543,-0.0005149005996643384,-0.0005454701944139442
4,1544,0.004846066772246169,-0.001960971879194977
4,1545,0.019381384717473884,0.0031859561802702243
4,1546,-0.0011443544248874902,-0.003448534769907581
4,1547,0.02805766754501933,0.010772773891419209
4,1548,0.006075168906022133,0.0011071908545303424
4,1549,-0.005979959929351839,-0.0026230043434987424
4,1550,-0.005628225391345721,-0.004094729178332765
4,1551,0.006524806825469071,-0.00343616069870387
4,1552,-0.007914738010635443,-0.006688353074399415
4,1553,0.019828866615483533,0.0058405629159273866
4,1554,-0.011668258074729666,-0.006402456959382916
4,1555,0.042429251863793024,0.012584265905187074
4,1556,0.01432924805898428,0.0028228398682202376
4,1557,0.025450124846440655,0.005373602614971101
4,1558,0.011901296948412366,-0.0016932493556229202
4,1559,0.014999725582365672,0.003145440115287947
4,1560,0.020633372249394287,0.005073451946402038
4,1561,0.009515148785656166,-0.0012041757655675096
4,1562,-0.004631566373973025,-0.001429060433252249
4,1563,-0.0033414854750742073,-0.003755266082272679
4,1564,0.02006153585165658,0.003358661727736881
4,1565,-0.00628062015855328,-0.00159330052377886
4,1566,-0.008594300444442052,-0.006856326777914939
4,1567,0.04119034376308684,0.010666891256433265
4,1568,0.027648862066732612,0.005124375348450516
4,1569,-0.005859449285066334,-0.006518948285179522
4,1570,-0.005933825283478577,-0.004761958138746487
4,1571,-0.020594176579419976,-0.005399336714964554
4,1572,0.026860663508786794,0.005823826273335703
4,1573,0.03652281482127572,0.01018060861142865
4,1574,-0.014128056494471132,-0.0037011028352876246
4,1575,0.017780752516386576,0.006193225539748014
4,1576,0.0004475141188548896,-0.0028172000730078786
4,1577,0.008642732995095912,0.003610361105763839
4,1578,0.0004255813243557269,-0.0039838286661743275
4,1579,0.029514921540234537,0.0061777710604849385
4,1580,-0.0028053941303869522,-0.00234197694257857
4,1581,0.0036990227880964745,-0.0011461503542442926
4,1582,0.02221744846309948,0.006709136959525836
4,1583,0.00787958147920249,0.0002854988146334688
4,1584,0.026023088708662472,0.007017111613355921
4,1585,0.012752484093463256,0.004041232728944953
4,1586,0.027754045348287067,0.009737508523246233
4,1587,0.007328493579933824,0.0021818652330968273
4,1588,-0.016154648888259265,-0.005112402696914928
4,1589,0.013217392213737173,0.002571183229688912
4,1590,0.0385759459207773,0.011776973817065254
4,1591,0.005035060107517318,0.0014016488666525363
4,1592,0.0077399285225894605,0.0021030351195269865
4,1593,-0.003139944532960866,-0.0025173860070707745
4,1594,-0.0023581438119077646,0.00030662106357191415
4,1595,-0.012873229856473285,-0.0038110757887871503
4,1596,0.022045875833030342,0.004533806475793615
4,1597,0.00862956174308205,0.0004702800438083335
4,1598,0.012837817939137443,0.004208163212165321
4,1599,-0.001672622033926553,-0.0013608959488367136
4,1600,0.02357369143990321,0.005092687523124985
4,1601,0.0009188874947299459,-0.0056680439320225835
4,1602,0.01865445553687835,0.005157935467192976
4,1603,0.03568102622261211,0.006836817073210705
4,1604,0.009322763014708395,0.004601752251244189
4,1605,0.03777960464126686,0.010945956112838046
4,1606,0.01337314045911607,0.003826195937476646
4,1607,0.00766510190773991,0.001305639566133629
4,1608,0.013744612624906371,0.004056917438562488
4,1609,0.014281622290625694,0.00211411745986634
4,1610,0.005372757819665697,-0.000472625586673288
4,1611,0.014393419102420696,0.002891601934689971
4,1612,0.011719393883608657,0.00021507423646950375
4,1613,0.025901179704282126,0.009030540434901353
4,1614,-0.00027746047886313354,-0.00455441513100487
4,1615,0.004354071272017859,0.0001045755113806614
4,1616,0.015251513349610476,0.004736059742649539
4,1617,0.0251096978100133,0.005384065273819682
4,1618,0.017209876598844855,0.003846949801751078
4,1619,0.029344165725004537,0.016335712666122347
4,1620,0.008130548066862303,-0.0012667133320165096
4,1621,-0.004225735839089389,-0.0004511984483846412
4,1622,0.010834570496758397,0.0023847057645690196
4,1623,-0.020716927087180596,-0.008648960834126392
4,1624,0.026475446975890094,0.00488540583712754
4,1625,0.00453958687011399,-0.003184806047776423
4,1626,0.02612828672106183,0.00879849750662978
4,1627,0.01774057268783205,0.004550142020814479
4,1628,-0.009007009356934013,-0.002043506777327383
4,1629,0.019186344840118823,0.003540701041714317
4,1630,0.016351535960335034,0.004899393157869336
4,1631,-0.000699126062856286,-9.545801884316267e-05
4,1632,0.002519040060652055,-0.002311522060240904
4,1633,0.023202120011400595,0.004302429546651298
4,1634,-0.009540301731939083,-0.005284484464321915
4,1635,-0.003617643066813922,-0.0021442716499158283
4,1636,0.037747527161255,0.00814431365995005
4,1637,0.005523131935156014,0.0003409664186400533
4,1638,0.0019776250380367,-0.0006495859940949041
4,1639,-0.010723099500091779,-0.006083605117036223
4,1640,0.01316690565431435,0.0008461138497485021
4,1641,0.026093759563199984,0.005389478707286981
4,1642,0.03076552498349099,0.00979544322224744
4,1643,0.012394849531497854,0.005819195347695159
4,1644,0.009192608675050763,0.002383217672703367
4,1645,0.00908306348819499,0.0028093632440319206
4,1646,0.03882813149660226,0.0093757627374329
4,1647,0.014539151581906266,0.0019909089910991364
4,1648,0.007018639437299994,-0.0024354876210552455
4,1649,-0.001082557113111832,0.0006610548461462681
4,1650,0.012566829528304093,-0.0012529110549053335
4,1651,0.00625058070299156,0.0014156180352136113
4,1652,0.01771118884203424,0.006301380319456959
4,1653,0.01677047477538316,0.005076301938468389
4,1654,0.00633644321979107,0.0021349352798059958
4,1655,0.01393483752167127,0.004508290432766247
4,1656,-0.000542220852418948,-0.0016798904920394828
4,1657,0.03384619397376084,0.009245151532708168
4,1658,0.00792607406294631,9.695779356549583e-05
4,1659,0.0001734197114568505,-0.001408062323052432
4,1660,-0.0048593763805173445,0.00011816931564082205
4,1661,0.015429023123819087,0.002827425585135303
4,1662,-0.002190648081232377,0.0005851978030270957
4,1663,0.02097417352340691,0.004942374244047071
4,1664,0.0005649766700029765,-0.0008032705796068107
4,1665,0.0018518421082803851,-0.00395040258352461
4,1666,0.012510274294218223,0.002007942372366264
4,1667,0.020900220884723056,0.003041447731673739
4,1668,0.007837645005305592,0.0013350217460366789
4,1669,-0.006487384748133159,-0.0042432932027208345
4,1670,0.004421110649049798,0.000574353422339878
4,1671,0.011459561407689948,0.00031708329543659
4,1672,0.009052572426719963,0.001997888268060673
4,1673,0.0033311544942641372,-0.0001524973703484764
4,1674,0.015067662174198,-0.0006090707204759251
4,1675,0.025635460789934148,0.006615193949851853
4,1676,-0.006676863249214983,-0.002812065656724105
4,1677,0.033053184768922876,0.009121801068810694
4,1678,0.01785729143989127,0.005488770465130022
4,1679,0.0364371591117292,0.006820905980693371
4,1680,0.01095739987395216,0.00286490696298608
4,1681,0.044280905703250634,0.012683057264765946
4,1682,0.010924690114155993,0.001725220668190472
4,1683,0.014860887606032862,0.0006735606229631444
4,1684,0.020185894219275486,0.002166203104550508
4,1685,0.01237265240564435,0.004237290861519449
4,1686,0.01721079735558588,0.0014495001073836305
4,1687,0.042766609481673996,0.012718789768103174
4,1688,-0.010387432339557353,-0.005700642756413236
4,1689,0.01850149355244656,0.007319991943467014
4,1690,0.009038813580116477,0.0006599016449546094
4,1691,0.010679505104757289,0.0013320567845460415
4,1692,0.0053965226260186735,8.733848301940558e-06
4,1693,0.01888637270448426,0.0025281133444737306
4,1694,0.01094360907737073,0.0037171471775733237
4,1695,0.02923034164032165,0.010578701319755593
4,1696,-0.01758740577865,-0.004983271925448074
4,1697,0.013819917018860697,0.0010964538249395826
4,1698,0.0002790695612568649,-0.0013150559767905565
4,1699,0.0262183745169408,0.008607759201120852
4,1700,-0.003441753602238443,-0.0029251293639921115
4,1701,-0.0025301524600275594,-0.0034934938358329617
4,1702,0.014936579499536279,0.00399671086374852
4,1703,0.02263777537436831,0.008171926074025502
4,1704,0.012046739586979561,0.0033132242037396055
4,1705,0.0037154865277148723,0.00011571697309899974
4,1706,0.028756224517141347,0.0051532234713314575
4,1707,-0.002574426333145852,-0.001627481682610109
4,1708,0.025551410926305154,0.0034631807546281674
4,1709,0.014900613162204203,0.0023336440338363653
4,1710,0.02172437499999232,0.007349797885851603
4,1711,0.02383697119799924,0.006335272776437433
4,1712,0.00991680317449771,-0.0002513101760748509
4,1713,-0.003113609614762926,-0.0007072762209980503
4,1714,0.014843348662604549,0.00028084517939915325
4,1715,-0.006878957474970495,-0.0024837706439394956
4,1716,0.0029231606377708398,-0.003617791653135216
4,1717,-0.01688359748108211,-0.007063587191165784
4,1718,0.004561995740476551,0.0008639563266830099
4,1719,0.03632181820702233,0.010351782402146598
4,1720,-0.009486176771243826,-0.00027776446508131217
4,1721,0.01821337975646646,0.0035952292812131523
4,1722,0.019124456205689915,0.004310707145406897
4,1723,0.018931367179660933,0.004092462031171345
4,1724,0.004825432219685715,-0.002539632694619416
4,1725,-0.0032918932488536596,-0.003656880937418026
4,1726,-0.00233828907175543,-0.004328687269808978
4,1727,-0.002830227432301065,-0.001323991282605856
4,1728,0.009544142342722056,0.003564177977121552
4,1729,0.003295724797138616,-0.0030224576517872085
4,1730,0.011781995964717688,-0.0012147033559690712
4,1731,0.014121663053243251,0.0026291047252014017
4,1732,0.010414730781800325,0.0006998082691324509
4,1733,-0.006270162423562342,-0.006234739707034016
4,1734,0.024753985686177243,0.006042795324186978
4,1735,0.04066074313174233,0.013409899451020267
4,1736,0.00922298397314113,0.0013211615929430067
4,1737,0.016710073015192346,0.0036812122993097616
4,1738,-0.0029791560792244115,-0.0025502606888760794
4,1739,0.013141758906109063,0.002447590139187806
4,1740,-0.002387106436270755,-0.0006951615208058718
4,1741,0.004047811291152752,0.0006999008935385452
4,1742,0.012633625556602631,0.0004492563840064309
4,1743,0.01217433725102354,0.0016682710682704583
4,1744,0.01098874638608265,0.0009726268021786558
4,1745,-0.01553955969521495,-0.007209700253434418
4,1746,-0.0001950597566750249,-0.001951477212161576
4,1747,0.003986635610696892,-0.0025634480253475898
4,1748,0.012294844239676422,0.0026732526740434297
4,1749,-0.003764475189432285,-0.0003697968167359
4,1750,0.024159064096880976,0.007595139903845707
4,1751,0.01942771673219874,0.003079743460036731
4,1752,-0.014491703264165044,-0.008239470077339632
4,1753,0.017551120608845033,0.007292295736399472
4,1754,0.027016214907551687,0.009434959072214364
4,1755,0.02531549891800302,0.0037524978237291626
4,1756,-0.0031689570072740334,-0.004111739661364642
4,1757,-0.0026469273701951184,-0.003428007919005505
4,1758,-0.004881730334858926,-0.004314234260011237
4,1759,-0.009456097617930911,-0.006141846651110666
4,1760,0.024209091977966477,0.005457530075022103
4,1761,0.009837884264024512,0.002947866443221357
4,1762,0.022637108396388265,0.004436391252449822
4,1763,-0.0007249885213596133,-0.0007141047382115636
4,1764,0.00802498816024637,-0.0019512047923903354
4,1765,0.022290149178903193,0.004783434072436817
4,1766,-0.0008402179776068584,0.0001375595305454468
4,1767,-0.004388489417923279,-0.003889741907852988
4,1768,0.010767364037748813,0.00125420292197734
4,1769,0.009824626963363177,-0.001090664271751025
4,1770,0.007011948818719901,0.0023961859091926833
4,1771,0.0048626083433962915,0.00026726554252525674
4,1772,0.009235626995217728,0.0016131149554341037
4,1773,-0.011002574032669665,-0.005929180301938324
4,1774,-0.004852790712764464,-0.003189396348883553
4,1775,0.010678283019832155,-0.0014867354696438473
4,1776,0.0285406242873409,0.006910818326023603
4,1777,0.023523393472776166,0.007075635068265716
4,1778,0.0020742722842699295,-0.0030222946863410023
4,1779,-0.00976738911284609,-0.004556611089336155
4,1780,0.020994206984814565,0.003586127971317356
4,1781,0.0009737316326971735,-0.0020340483155868987
4,1782,0.03905527004669317,0.010088626449292456
4,1783,0.0072407784081296896,0.0024604716775573645
4,1784,0.010609430346133217,0.001369256272119159
4,1785,0.006642929177100301,-0.0007465128009362864
4,1786,-0.0035910905165877746,-0.0030374890675237735
4,1787,0.0035881638074654375,-0.002649256753491722
4,1788,0.014456365740174346,-0.000945519110428738
4,1789,-0.014970643220353446,-0.005747527743309205
4,1790,-0.011037873335129554,-0.00139828435477531
4,1791,0.0021505339898449474,3.790845555096415e-05
4,1792,-0.018124866932059603,-0.009689423666141646
4,1793,0.016597311710973974,0.0035491114285697758
4,1794,-0.005215184717784278,-0.004093396616689337
4,1795,0.030168515016037855,0.004255359376363857
4,1796,-0.020798510858769534,-0.007431190981518293
4,1797,0.02126023438657207,0.006058077118433903
4,1798,0.002307834490168517,0.0015607566670667989
4,1799,0.017482391362244772,0.006870329793798327
4,1800,0.02869161793315705,0.009836318699442093
4,1801,0.021072419077410583,0.004124570487534144
4,1802,0.012582084933899762,-0.0003762808893395299
4,1803,0.01992094768375732,0.005138888242151513
4,1804,-0.00036531872446056175,-0.0030465718031883597
4,1805,0.0038199990453539616,-0.00016643821210747856
4,1806,-0.0028087178911288427,-0.002562378335515089
4,1807,0.01282853915762557,-0.00042380166966179527
4,1808,0.0025001906343937144,0.0031206628782734923
4,1809,0.013912438311411682,0.0038622001216726135
4,1810,0.023765609497339153,0.004059614609711903
4,1811,0.013389647843829374,0.0008603933117341871
4,1812,0.0029258840828237137,-0.0020177260004914004
4,1813,0.006417419826413638,-0.0007327986407558453
4,1814,-0.015898840730918063,-0.006071755964252954
4,1815,0.004177194165140539,0.0012096397046550207
4,1816,0.007584202590922875,-0.00030387572112385616
4,1817,0.026303472387777332,0.010935560461556762
4,1818,0.030546228523781235,0.009157060595971291
4,1819,0.014183681285208785,0.003320171404388834
4,1820,-0.012849407107671521,-0.006408596577121103
4,1821,0.02697423858048538,0.0061028187906454305
4,1822,-0.00671284682521551,-0.007942879884956202
4,1823,0.00581987433470353,0.0008452888186877797
4,1824,0.02577714013318975,0.0034071638593392373
4,1825,0.01019254324133103,0.0033337132251144187
4,1826,-0.0022886286571195545,-0.004132808241126581
4,1827,0.01603995826370514,0.0034356810995188865
4,1828,0.01774287243296006,0.00271890757048339
4,1829,0.0016388475584453088,-0.0005600695622237666
4,1830,0.007877558042932043,0.0018769419216016965
4,1831,0.016746712388448253,0.004421439652180283
4,1832,0.03415686544910398,0.01108519537465012
4,1833,-0.0014380532671121342,0.00015880115829841783
4,1834,0.0067859361150309945,0.0006120116702326943
4,1835,0.03469853817527599,0.011194946455775151
4,1836,-0.0044641699084720585,-0.0027989087665911856
4,1837,0.008905120979025795,-0.000875143536938825
4,1838,0.011372514633779453,0.0038080398407479917
4,1839,0.012588061640505015,0.0003961448854964286
4,1840,0.030870126084771212,0.005025212917156145
4,1841,-0.012038260446837805,-0.003897350236965613
4,1842,0.012336201524908209,0.00041166617916554144
4,1843,-0.009268451594053241,-0.005757497399608107
4,1844,0.008020125280690658,0.0026328125587819365
4,1845,0.012081462370984454,0.0001516588751830475
4,1846,0.015359291240412685,0.003686638410096334
4,1847,0.010486878355814801,0.0015160020809125315
4,1848,0.0157323688686785,0.0018775976013759017
4,1849,0.023415505067862316,0.00633602779197338
4,1850,0.006322326433391307,0.0018541859926874801
4,1851,0.016244450114370642,0.0065639875277762275
4,1852,-0.0022005025946543314,-0.003171788347108114
4,1853,0.009737120622789707,0.0011049628607020532
4,1854,-0.0061134678999134615,-0.002651895856199414
4,1855,0.020035597793795757,0.0024025478636932954
4,1856,0.005744623050022441,-0.0014303067226465959
4,1857,0.021317663206123324,0.00682680018329171
4,1858,0.010505927725637399,0.002526502494625012
4,1859,0.015562373215282385,0.003146790918485676
4,1860,-0.003110894321255721,-0.0019063999948128534
4,1861,-0.007576969636372484,-0.004028141254023266
4,1862,-0.0057269821045003435,-0.004293225794941406
4,1863,0.015137429541965619,0.0010731780779907642
4,1864,-0.00448146263916644,-0.0014148043957024816
4,1865,0.0010641340827090844,-0.001079977956614596
4,1866,0.01596614416493949,0.004963314086472763
4,1867,0.024161137430432487,0.0024042679884555755
4,1868,0.03470222994539612,0.010030354743978972
4,1869,0.013301216962772883,0.0002166300125081206
4,1870,0.004280869944914032,-0.0003346710001929758
4,1871,-0.011795086438210901,-0.005837790538474625
4,1872,0.02802884028182499,0.008701148300255299
4,1873,-0.0027282904415435187,-0.0021024016473159992
4,1874,-0.011768665101021328,-0.00808907850159528
4,1875,0.028872848820726254,0.006029131261572973
4,1876,-0.0024354917526940335,0.0018362915512849754
4,1877,0.010945514663000925,-0.0007900514518367845
4,1878,0.029763038003290398,0.008335502388556343
4,1879,0.003925443562947625,0.0006681672440641977
4,1880,0.012655402718630096,0.00792118206128134
4,1881,0.013321827522718283,0.003074427641788453
4,1882,0.01622837360240842,0.0013726818071776276
4,1883,0.023514512230112857,0.004305182165574664
4,1884,-0.023401303956123616,-0.007105440338881293
4,1885,0.0234495139093332,0.007689754739110783
4,1886,0.0014230635062767174,0.0009670153335115273
4,1887,-0.020065124181637153,-0.009657963872587692
4,1888,0.007999827449493334,0.002211030039275446
4,1889,0.020192478391665263,0.004717986505415447
4,1890,-0.017683374030362617,-0.00916774948624697
4,1891,0.005284100613576163,-0.0004485858959266517
4,1892,0.006747117345814775,0.0011898751159457053
4,1893,-0.00014714041763995057,-0.0019843268614943756
4,1894,-0.0066320545661844,-0.005270165608080318
4,1895,-0.0012464430710934192,0.00044711536886554156
4,1896,0.016074526682144354,0.006104319642661312
4,1897,-0.01903917549210068,-0.005754940275379922
4,1898,0.006175916731940074,0.003652088618577493
4,1899,0.00590096834082834,0.0015148355706811447
4,1900,-0.007367390061723159,-0.004468915175900353
4,1901,0.0005118367601816827,-0.0013756272145969617
4,1902,0.03824877827617499,0.009840238030892524
4,1903,0.0032160017538756806,0.00010482833206676484
4,1904,0.02616117478223524,0.009319539744945865
4,1905,-0.007561506862360553,-0.005587156746645039
4,1906,0.018251493578056156,0.008016019649230493
4,1907,0.020276989629639475,0.00488122182953221
4,1908,-0.008644681459408532,-0.0018205898403822925
4,1909,-0.007003652451522634,-0.002378298252535334
4,1910,-0.014054183125529925,-0.006039235821087357
4,1911,0.027112168630704533,0.00793712461172041
4,1912,-0.005913840819993158,-0.00036600097853790154
4,1913,0.024431035410395163,0.0067326642941584755
4,1914,0.02338492662015914,0.002753042819058982
4,1915,0.00637131535978028,-0.0016187670304163549
4,1916,-0.006302077788082381,-0.0027563161988596115
4,1917,0.01745477108190189,0.0022385573677266603
4,1918,0.006625922818861777,0.0007106436952514373
4,1919,0.011117691908937381,0.00012924171071763738
4,1920,-0.002742399824569551,-0.0069820391016017485
4,1921,-0.008685683787517866,-0.006191863165232159
4,1922,-0.005583668514354257,-0.0034434192110899303
4,1923,0.03029821497967892,0.009388176721524142
4,1924,0.010650948063372937,0.0028029532853957994
4,1925,0.03966435688298525,0.011116237189717434
4,1926,0.012845010093222878,0.005418934604091433
4,1927,0.014333592104336683,0.0022337760830212694
4,1928,-0.02039904766736656,-0.007237626926066493
4,1929,-0.002546014231644045,-0.0019031275352628975
4,1930,-0.023560245604571022,-0.010348854888361443
4,1931,0.006788125699991778,0.0014036959285615444
4,1932,0.010355263673642917,0.0013885865758726742
4,1933,0.02026450107968022,0.003972485124966292
4,1934,0.030429680150828465,0.008056551834830759
4,1935,0.021675155487596943,0.004145847930772265
4,1936,-0.0003545548874752581,-0.005932172908960897
4,1937,0.03606438481442385,0.015074812322669379
4,1938,0.04689992211149362,0.011284783324787568
4,1939,0.03152552372175149,0.0094573989563651
4,1940,0.015346069970128884,0.0013998032340858675
4,1941,0.014399012419625982,0.0010158435879541337
4,1942,0.01296305602973691,0.0019802584641284236
4,1943,0.021643290420921887,0.003916403586354669
4,1944,-0.002741578850275086,-0.003252360941461704
4,1945,0.002049458210524228,-0.0013033537697116839
4,1946,0.010339142311430781,0.0010550654763306958
4,1947,0.011725286125324164,0.004553798253816465
4,1948,0.02410146499785932,0.00697670266347093
4,1949,-0.014753539146659063,-0.008555670982652487
4,1950,0.027392949655657566,0.010819974856031698
4,1951,0.04030257683388705,0.011891514914650743
4,1952,0.018414018273704657,0.005727656288630296
4,1953,0.015610020838245269,0.0017246685063842808
4,1954,0.010408195115358135,0.005060477774414534
4,1955,0.010313678518278002,-0.00025389674155330296
4,1956,0.01714573297450284,0.004234006142935913
4,1957,0.025041521202918356,0.0072403253736091615
4,1958,-0.0006197121554497563,0.0005153221679718685
4,1959,-0.000806666268332995,-0.002293637757554541
4,1960,0.018283641432117654,0.0028813592803383446
4,1961,0.021137138330453085,0.008789197522914294
4,1962,0.01391832697775801,0.0014610174109988589
4,1963,0.014297777790104266,0.003951354933723172
4,1964,0.013498071614904426,0.002455475862812989
4,1965,0.021611394352728477,0.0055396627495685425
4,1966,-0.010256242145882478,-0.0029807896963041833
4,1967,0.009329089932767539,0.001962386157750514
4,1968,0.018748940197316665,0.0039640205910522345
4,1969,0.002506785598900186,-0.0033640868327667345
4,1970,0.009134039384040898,0.00014321139718433666
4,1971,0.0009819007390399898,-0.0011255984340849178
4,1972,0.025162328769156916,0.004463242486862197
4,1973,0.021573350599518048,0.0055204788706396495
4,1974,0.02004458581573163,0.00542498075036151
4,1975,0.018154520409288437,0.0016941801538962952
4,1976,0.027486928680416776,0.008212056273611766
4,1977,0.021819915308400748,0.003330840320044955
4,1978,-0.01312437102399,-0.006447751552144849
4,1979,0.019700324675753705,0.004554256928892347
4,1980,-0.002409265577483816,-0.004094468885362797
4,1981,0.019254371853176414,0.004219500807423187
4,1982,-0.002175054474607206,-0.004023526590289236
4,1983,0.012527033292362818,0.0025172527627311536
4,1984,0.011305100976917696,0.0022586305049836883
4,1985,0.0230779657654039,0.011043946364401752
4,1986,-0.0013487691907513213,-0.0010122642975058838
4,1987,0.03604521582440678,0.008888521770487877
4,1988,0.02737311358905266,0.007465200807734792
4,1989,-0.0007497798255467953,-0.0036828003806542047
4,1990,-0.010187697222087776,-0.0054515414065339236
4,1991,0.014737119429531707,0.0010698578254520709
4,1992,0.03137179603666838,0.005465396582419908
4,1993,0.00650774130167425,-0.0005604804270695966
4,1994,0.0007183366117338043,0.0005115893101079082
4,1995,-0.00480943510892789,-0.00017902304922644518
4,1996,0.014469850270267086,0.001436381826859455
4,1997,0.002082768147858545,-0.004517548852526508
4,1998,0.021671360344495894,0.003974556771807375
4,1999,0.007223024023863079,0.0036818344137911165
4,2000,0.036743430337461205,0.010608026077287919
4,2001,0.004639329612171051,0.0013735554967094226
4,2002,0.009803947770341416,0.0013970835699448844
4,2003,-0.002347315792889062,-0.00321170959718983
4,2004,0.0331974666710425,0.008353537190010139
4,2005,0.0006638477163254654,-0.0013791520612387671
4,2006,0.014951589648316792,0.0041536738566078655
4,2007,0.01652553730678754,0.0030240735239030147
4,2008,0.014192736690382282,0.00328967665313844
4,2009,0.021994301744727548,0.004439164612659832
4,2010,0.018615474915528975,0.0025132413133709727
4,2011,-0.004090190065014429,-0.00555437675092239
4,2012,-0.011437164154310753,-0.007951446873729236
4,2013,0.010865133258597597,0.00038290418854615904
4,2014,0.03400966884586273,0.011893889013185253
4,2015,0.020736320651051604,0.0037018746038002767
4,2016,-0.009666250331284251,-0.00545637903304475
4,2017,-0.0011068108121722788,-0.002671488138256218
4,2018,0.008967063887312362,0.0006458075282747507
4,2019,-0.001898378863358781,-0.004988446816284588
4,2020,0.036304006245637704,0.012403284709994406
4,2021,0.014249094687382727,0.0012259960264904624
4,2022,0.016698255919111338,0.006992124478179589
4,2023,0.0034978376201584855,0.003914227889464547
4,2024,0.020675570713765707,0.002083789778169475
4,2025,0.023084995526980758,0.003704123703511344
4,2026,0.028004769974250932,0.006932701447596778
4,2027,0.0030980157487555337,-0.00020258162996519434
4,2028,0.003362985644490266,-0.0003308088571630885
4,2029,0.021027494368151125,0.003338027318834385
4,2030,-0.022162911123015785,-0.009380941534949356
4,2031,0.03133737029182243,0.00927507108394008
4,2032,0.019293538801559127,0.003108668755844609
4,2033,0.0038098348842748706,-0.0012309009899744627
4,2034,0.039775768624281296,0.012287571188252511
4,2035,0.0023753521612436307,-0.0025581728308153653
4,2036,0.008300920005798804,0.00035112856140369987
4,2037,0.008396508047433004,0.0034681062123927443
4,2038,0.016976030679560685,0.006110811513382923
4,2039,0.010560707954046905,0.0019868231274282754
4,2040,-0.00792386837481313,-0.0017519829151422968
4,2041,0.02040654749375572,0.009919277512108639
4,2042,0.003971713514886381,-0.002529650868827262
4,2043,0.01709382367536117,0.0012369914724970348
4,2044,0.045343379479591266,0.012883425515709056
4,2045,0.016883201526953686,0.0025769452066543128
4,2046,0.009675546732413599,-0.0009944878988321264
4,2047,-0.010023006342510674,-0.009056790078373091
4,2048,0.009018568477408022,-0.0011241159069744317
4,2049,0.02789360709306261,0.006753967391001014
4,2050,0.004351596903927018,9.723019486796416e-06
4,2051,0.004601109772707345,-0.0011911831071247357
4,2052,0.030510169769877686,0.008306383645194657
4,2053,0.030582141845697706,0.009435136637903813
4,2054,0.003523701932993214,-0.0013146235296898616
4,2055,-0.0009559555463916673,-0.0005123894718707118
4,2056,0.006347077145904832,-0.002289486820493732
4,2057,0.006232320170473942,-0.0026300179400870487
4,2058,0.01715323681029503,0.004385410087580769
4,2059,0.001549045400555061,0.00012450652320845278
4,2060,-0.007475568344566768,-0.0011168540131013243
4,2061,-0.008463803765238602,-0.003876873371842204
4,2062,0.016170224579296563,0.003782289058844742
4,2063,0.0036158522379217827,-0.0008152768706999948
4,2064,0.01871787159049834,0.0038157338867701534
4,2065,0.00874868083156897,8.64873738606684e-05
4,2066,0.028729214220810123,0.007268693714054127
4,2067,0.0212525376015906,0.006831002095247002
4,2068,0.004133092625812432,0.0015590461824137888
4,2069,0.02175291430848959,0.008129674732397917
4,2070,0.025534629928341372,0.010203619650632456
4,2071,0.01799661930338395,0.0032029518559698275
4,2072,-0.007572166710590596,-0.0026429615130412446
4,2073,0.0013488862753348201,0.00147490204574665
4,2074,0.004446339562388763,-0.0018906651682935925
4,2075,-0.004246996845254033,-0.005836478912902208
4,2076,0.0077957118832153996,0.0012551241301118246
4,2077,0.0022891207427884835,-0.004549740154954789
4,2078,0.019258987878290376,0.003810581071728289
4,2079,0.01855043205507312,0.004409402257511151
4,2080,0.028486203266305295,0.006043487424549865
4,2081,0.013765291732002173,0.0039865209435050045
4,2082,0.022099598935447832,0.005373082581929332
4,2083,0.0011926170294827042,-0.0038673569660836564
4,2084,0.018801788943605596,0.005971665188924796
4,2085,-0.0007753539750684123,-7.878260046859633e-05
4,2086,-0.017153710836455068,-0.007104374509649299
4,2087,0.0014243736667417322,-0.0001553686208363962
4,2088,0.005502659579868874,0.0019504820010583079
4,2089,-0.0003947165427630403,-0.004545068081492202
4,2090,0.008265103124259227,0.0027364216644529555
4,2091,-0.010323791290430546,-0.004254570734222865
4,2092,0.013491854702223855,0.004230758266450645
4,2093,0.002549406079096017,-0.0015379271316087759
4,2094,-0.010323220362455681,-0.002393986916986246
4,2095,-0.023529842365637287,-0.009825792060201491
4,2096,0.009478682023818914,0.002865374517352789
4,2097,-0.0033226316378774387,-0.003542387770000699
4,2098,0.02442304769394758,0.004469398371104872
4,2099,-0.021210167760920193,-0.006960334624683445
4,2100,0.04036918796087382,0.012633880687814066
4,2101,-0.003812252902634282,-0.0036603312278427856
4,2102,0.02889655092003262,0.008762182283192213
4,2103,-0.006819668576742916,-0.0038145398511437965
4,2104,0.018343529038606712,0.010103263890671574
4,2105,0.012007803181410485,-4.479974214955517e-05
4,2106,-0.029476750918466608,-0.01336532016387835
4,2107,0.017388175507400697,0.0041123332623555515
4,2108,0.005689100795406014,-0.002118290261222235
4,2109,-0.0019608071466385556,-0.0039525930795738145
4,2110,0.005721113434593805,-0.0017854254664919095
4,2111,0.028744899423273663,0.011082530285216967
4,2112,0.021118366644052127,0.004987879799733418
4,2113,0.031296212150474116,0.0069712510305593315
4,2114,0.012415802600476344,0.002983737315311044
4,2115,0.013470000691534593,0.0017455103625823372
4,2116,-0.006493322341104789,-0.0037571907023411337
4,2117,0.019091891530805243,0.004155174649074593
4,2118,-0.0013003369889416085,-0.004360645960513562
4,2119,-0.008256091638098572,-0.007907440886058787
4,2120,0.03829204866012997,0.012028937782519936
4,2121,0.020960141756393717,0.00564530804489485
4,2122,0.02120414152949311,0.007704155922910742
4,2123,0.004116211965480347,0.0005211057362228335
4,2124,0.017949666042861048,0.00650957037087054
4,2125,0.012194988644806169,0.00441073335428776
4,2126,0.006265812284448055,0.0022560369067202166
4,2127,-0.022921012842227608,-0.007829196559360145
4,2128,-0.014809455421609538,-0.00860424857332407
4,2129,0.006251355746260618,-0.00012620755424546095
4,2130,0.0035044576521662857,-0.00017841973584765725
4,2131,0.007755474712958786,-0.0032358719700358337
4,2132,0.0017570983141519771,-0.0005877853879637948
4,2133,-0.007564195107479515,-0.00515936800215526
4,2134,0.006726781765005329,0.001306936961227106
4,2135,0.018639186627604908,0.0059756120783915085
4,2136,0.0007743755210173831,-0.0020457212065757855
4,2137,0.012115624614227641,0.006476451442244738
4,2138,0.020503470430762952,0.005440776855081646
4,2139,0.01678451855004362,0.004333688911852277
4,2140,0.006807307379793088,-6.00305041880494e-05
4,2141,0.025221240049291823,0.006713362019819076
4,2142,0.0020391474080977455,0.0010405226998988573
4,2143,-0.016992291858901443,-0.008931075727172095
4,2144,0.009717749138102832,0.000354704855781557
4,2145,-0.013860037607335902,-0.006791200564953259
4,2146,0.015405546192198692,0.004239331141885464
4,2147,0.0154586124215355,0.004407103444814856
4,2148,0.028044101317962485,0.0068291594981841845
4,2149,0.011584086796558627,0.0033500027971657344
4,2150,0.013492507669773475,-0.0006235707734411137
4,2151,0.010173234879272477,-0.00025996327889498045
4,2152,0.011555988431421223,0.006565068034250244
4,2153,0.014943034733451944,0.004937883855439601
4,2154,0.0035497034825237267,-0.0004030300228808219
4,2155,-0.014598597859493556,-0.006830294569895519
4,2156,0.008069589954334265,0.0025663057113650017
4,2157,0.015903229881189432,0.0005226343096346861
4,2158,0.014280420759551448,-0.00024085147520381918
4,2159,-0.0007359245998500525,-0.002002037850384553
4,2160,-0.0064306858838198405,-0.005748433656116739
4,2161,0.0033349636066498413,-0.0004526518770516088
4,2162,0.0017101676531944964,-0.0035202170682634096
4,2163,-0.005032072918431166,-0.0020757593966821745
4,2164,0.02209267578444682,0.0035242857931079025
4,2165,0.018332029621235486,0.004193612371833798
4,2166,0.002296988253904795,-0.002733332157270067
4,2167,-0.0001473626331046068,-0.0013094027364920118
4,2168,0.012864491382171796,0.00041243721488737377
4,2169,0.017501997672916506,0.00349892254492842
4,2170,0.02302748568944242,0.00523947938874717
4,2171,0.0391217620840338,0.009914777845792788
4,2172,0.011645558558046748,0.0035919443484044903
4,2173,0.002599112659436824,-0.0014600436668304997
4,2174,0.008167647086191557,0.0019141222160936994
4,2175,0.0022948055172303545,-0.0009084407559931634
4,2176,0.0020212122613137103,-0.0023145651630731286
4,2177,0.04838360607224129,0.015314552249464363
4,2178,0.0018043702964625236,-0.0021529342914555997
4,2179,0.005907054395662126,-0.00040632877780640665
4,2180,0.010218319964322412,-0.0010940713824629778
4,2181,0.018389460771556263,0.0024233780366333664
4,2182,0.01078786307550375,-0.00087545442268307
4,2183,-0.017678896471325364,-0.005800241892966562
4,2184,-4.900378205412097e-05,-1.1994842993614002e-05
4,2185,-0.01218378299979848,-0.006911666467897058
4,2186,0.020156633105396716,0.0036272364329440238
4,2187,0.016290125003064683,0.006717859760505749
4,2188,0.012693610442382252,0.000833614517615669
4,2189,-0.014342277904634064,-0.007665856925250341
4,2190,0.008762890668369027,0.0011055906629713513
4,2191,0.01690369380955148,0.006143712394972108
4,2192,-0.005976718857189901,-0.003939715637752644
4,2193,0.015941450737636382,0.0002991021956633154
4,2194,0.014009855026708306,0.0009800298920462365
4,2195,0.00415590331048577,0.0009326628993424933
4,2196,-0.011762318437361155,-0.004727388449932147
4,2197,0.039526353973419345,0.013902946670630712
4,2198,0.0097233845382952,-0.00046511486061343173
4,2199,0.01923850756331835,0.004185198285418799
4,2200,0.004633264572397969,0.0004921517006637431
4,2201,0.0055415254847926585,-0.0008010379648246749
4,2202,0.00946768439274375,-0.0005955867627763441
4,2203,-0.015594567543518578,-0.007890685374138421
4,2204,0.02733730368578866,0.005201102001152591
4,2205,-0.0009856032586006034,-0.0017879147014384124
4,2206,0.009719981022636466,0.00010897533320460007
4,2207,0.01152150029322297,0.0015752876997319383
4,2208,0.008373573766235232,-0.0011824823914094189
4,2209,-0.013059118055694634,-0.005006130669629438
4,2210,-0.0014397403956465415,-0.0035895786964757967
4,2211,0.019319553965750594,0.006061693303467584
4,2212,0.0002961768218435073,-0.005268253052639618
4,2213,0.023930923938278063,0.007662252336501556
4,2214,0.022635067117066473,0.006109417671921653
4,2215,0.033332399697284604,0.012425955005997222
4,2216,0.020976003329234136,0.0037171506749206487
4,2217,0.005074760765564847,-0.002098887921227743
4,2218,0.044368401189332475,0.014857894938466603
4,2219,0.02065164302776876,0.005521515543206652
4,2220,-0.002459720022435617,-0.0012538317683531202
4,2221,-0.025818363367616833,-0.0096540323863606
4,2222,-0.006862032614384583,-0.0015852858157900155
4,2223,-0.006474061985298155,-0.0043364841256643225
4,2224,0.021617760810899268,0.0042006020606830344
4,2225,-0.00233996332989,-0.002793823552847483
4,2226,1.148009467489085e-05,-0.0028020219296625995
4,2227,0.006456167411077512,0.001091372469691725
4,2228,0.0007995967362279503,-0.002813020533154332
4,2229,0.026141137304241554,0.0059912645764735725
4,2230,0.0019764997335927495,-0.002864496010458441
4,2231,-0.003670963763067348,-0.00030673292310576163
4,2232,0.018013843547509005,0.0057770487017232705
4,2233,0.012422482800034808,0.0009489722652865203
4,2234,-0.013085333811162815,-0.005208239687701802
4,2235,0.01211572810423388,-0.0018030448852097147
4,2236,0.017363766597141346,0.006732217966489624
4,2237,0.01813744574071015,0.00556431433838046
4,2238,0.009208134575193542,0.0017515064132481864
4,2239,0.0029298494631863335,-0.0002727579705292126
4,2240,0.001037891655787879,-0.00307398261783299
4,2241,0.0190431898584302,0.005425773831359966
4,2242,0.00553740606461457,-4.9550500614963104e-05
4,2243,-0.009010187563332162,-0.0046547087685600485
4,2244,0.01791945561308839,0.006827557240215726
4,2245,0.021739818712840465,0.006181952907607338
4,2246,0.00747651621609798,-0.00017850695930204534
4,2247,0.020219319311072216,0.004113728094762336
4,2248,0.02855559869983254,0.008057652032645125
4,2249,0.004124904833668241,-0.0035710334450704873
4,2250,0.012112427247400793,0.006239941605702572
4,2251,0.0237018801986376,0.0072368428683815
4,2252,0.0022755889790065697,-0.002460523105656005
4,2253,0.022269266813864694,0.0032389380860321066
4,2254,0.019094436493617122,0.0035691420377078594
4,2255,0.013466854550839453,4.155252721458146e-05
4,2256,0.012831352602788873,0.00030099449245323445
4,2257,0.01424941062150613,0.0031404339808066535
4,2258,0.030790655226479384,0.00952168525191338
4,2259,0.03886623895757285,0.010246264042773977
4,2260,4.9933762879603115e-05,-0.0031958226727549573
4,2261,0.01954355542543633,0.004225104277400096
4,2262,-0.0016911474145086362,-0.003799802732926174
4,2263,0.007759156179280852,0.0016562280365872632
4,2264,-0.04500543542457791,-0.01905149116694339
4,2265,0.02928200371285597,0.012215736286844346
4,2266,0.011776322167807992,0.0016001700585789962
4,2267,-0.0015082340702162458,-0.0009882376528607328
4,2268,-0.004031399221242562,-0.004389285876256334
4,2269,0.026999421377685406,0.007210320341933384
4,2270,-0.015273224478625608,-0.007565604559484355
4,2271,0.005419211767843933,-0.0019331305141031708
4,2272,0.016290551722838144,0.003633964852992769
4,2273,0.02628835498083203,0.006379927540973553
4,2274,0.006633381983021664,-0.001220346748389478
4,2275,0.012355306312353823,0.004628076367318479
4,2276,0.01748856301279882,0.002809029302652506
4,2277,0.017460236570317138,0.001822962907485838
4,2278,0.010970848301289863,-0.0004947507818826373
4,2279,0.017069030118236163,0.003976330816028505
4,2280,0.023202049626517295,0.004078255199511308
4,2281,0.007770843776002592,0.004723148108792026
4,2282,0.0007212627415667893,-0.0024969220811630107
4,2283,0.02789950305646278,0.007988526657488039
4,2284,0.0031681846775250123,-0.002283492280849666
4,2285,0.021289373979147805,0.004913794281888532
4,2286,0.00905494627575084,0.00018100038804867128
4,2287,0.01824472027463181,0.0025671044260606353
4,2288,-0.001024750190947239,-0.0016748947673462292
4,2289,-0.01131085319074584,-0.007440973727152752
4,2290,0.0008362676973762835,-0.0029670937714461458
4,2291,-0.00718020809977233,-0.0048377207615657005
4,2292,0.007083833599266563,-0.0012360537411353443
4,2293,0.014286198390007153,0.003239018346151728
4,2294,-0.007915872036440529,-0.0037229415996331687
4,2295,0.009665198960538553,8.485733077891785e-05
4,2296,-0.00621262444634284,-0.0018570634705700193
4,2297,0.015857656324954134,0.005697993041596261
4,2298,0.013884419302937477,0.005469340205807429
4,2299,0.02428001241315468,0.007633355351120703
4,2300,-0.0029271431550246378,-0.0041245745558244375
4,2301,-0.0034656833891700753,-0.006821183951005552
4,2302,0.01648836429608269,0.004417227863857407
4,2303,0.014104582340273213,0.00253767323805724
4,2304,0.010548227371155617,0.004345875949141448
4,2305,0.04687266489164087,0.010423298302300094
4,2306,-0.003827073823354545,-0.0044059703572994265
4,2307,0.008804472268692172,-5.346084479290893e-05
4,2308,0.03259177479408646,0.009865251748483564
4,2309,0.006717762135005782,0.0005420551427782753
4,2310,0.02690662436064878,0.005707556502403659
4,2311,0.008768794667151759,0.00018195295786160008
4,2312,-9.932787033810816e-05,0.0005312530441367997
4,2313,0.019581006622360425,0.003889807640969212
4,2314,0.02260048202003184,0.007554430289624634
4,2315,0.0120739497004619,0.0014399590290503786
4,2316,0.043371999226961035,0.014078781163438499
4,2317,0.026791392044748327,0.009600447695950401
4,2318,0.00011515206507192927,-0.0007344320091173775
4,2319,-0.022613237306731756,-0.006183086692634229
4,2320,-0.0038497288413014215,0.0018951353383062945
4,2321,-0.00790016955517235,-0.007696040057940739
4,2322,0.004529245883776498,0.001906506169923898
4,2323,-0.012379670314594807,-0.0058060715931298615
4,2324,0.004251169989100138,-0.002057448778259637
4,2325,-0.017258830608645193,-0.004679028660551994
4,2326,0.007518236075779625,4.656361941489445e-05
4,2327,-0.0037019051640408552,-0.004742139944828397
4,2328,-0.010019359198174437,-0.0029938808827474055
4,2329,0.010829120706864453,0.006843196149707093
4,2330,-0.005259113306744832,-0.00630424649445744
4,2331,0.00035727210355324845,-0.00034715683994015193
4,2332,0.017778110018753245,0.002659278596788312
4,2333,0.010372687910087205,0.0022178107914420566
4,2334,0.009857388322334782,-0.0016069457537090217
4,2335,0.005139986838533978,0.0025432588601533358
4,2336,0.036769782815871746,0.011019941998596855
4,2337,-0.0034294340115311886,-0.0038209509319961023
4,2338,0.02711616690138607,0.009854903710945283
4,2339,-0.023464212544721023,-0.008738348300376883
4,2340,0.012858445916231696,0.0030251621289634502
4,2341,-0.022220205393431537,-0.00865064026168003
4,2342,0.024977621258160145,0.009927949971602575
4,2343,0.008322782741849452,0.0021301038506077617
4,2344,0.021247869756870947,0.004657165011260961
4,2345,0.0025967200831517475,-0.0036159330121195003
4,2346,-0.00464029068987761,-0.004261466169185313
4,2347,0.01142193634957064,0.003839936190942229
4,2348,0.00018855186145434925,-0.001396678403664766
4,2349,-0.00821147882551344,-0.003234475785633785
4,2350,0.005257406082371369,0.0014396522368939821
4,2351,0.02120054924942482,0.0055727364012743775
4,2352,0.01233013332734831,0.003973350884833597
4,2353,0.007654311397062431,-0.0025568208708672143
4,2354,-3.0085745832989333e-05,-0.0026083878139785566
4,2355,-0.0060270166196966,-0.00482875926006313
4,2356,0.013847407300198216,0.0051564299667185625
4,2357,0.004309232642010476,-0.0020455177030710404
4,2358,0.014478609312376357,0.0015167823690598996
4,2359,0.002917541986670073,-0.0009792791998316432
4,2360,0.006985942104375581,-0.0003863605702122525
4,2361,0.015772392919409434,0.006692012683163328
4,2362,0.00788365555076491,-0.00042007099952100896
4,2363,0.005219857505943522,-0.0009074428922319427
4,2364,-0.020297320217679663,-0.008590145833839971
4,2365,0.0031204818816163884,0.001307395984781847
4,2366,0.022600792979988186,0.007734138157569926
4,2367,0.005425488217209231,0.0021573663699652316
4,2368,0.021229316009539322,0.006051584043829737
4,2369,0.017009671299959145,0.00331619832382401
4,2370,0.03027401800894459,0.009066504449958932
4,2371,0.025479951101608368,0.008032392287123146
4,2372,0.028297356852026508,0.008389026278033894
4,2373,0.00569560333664225,0.00258235885521679
4,2374,-0.009755784622304755,-0.005490309209006733
4,2375,0.014509697959920213,0.0031088019347557797
4,2376,0.02738237118426229,0.006982846397863637
4,2377,0.0014582089216085144,0.0004375735742654691
4,2378,0.015468738767235615,0.0016310327182500967
4,2379,0.003947083097946682,0.0006505209586446465
4,2380,0.01857034420056536,0.0038600683149771263
4,2381,-0.024149645238828666,-0.00806855790698119
4,2382,0.017973530868051604,0.005484575421891307
4,2383,0.025936118649717586,0.007516975225672582
4,2384,0.01972088142678419,0.006169801782927634
4,2385,-0.007583468108145507,-0.003188156662868782
4,2386,0.004280441551597904,0.0030197510764714093
4,2387,-0.018244488606524226,-0.006476978286863609
4,2388,0.01903577486280763,0.0003276720892900477
4,2389,-0.006789844127870267,-0.007118566118958137
4,2390,0.010404204139936174,0.0020663269346533663
4,2391,0.00703273676294574,0.0009174890087117227
4,2392,-0.0033203692572221816,-0.000751308267103129
4,2393,0.008514417126489256,0.003567668070193141
4,2394,-0.014993706855808902,-0.009351597443117124
4,2395,0.025231518379322436,0.007395003898364336
4,2396,0.018960477805187236,0.003533652527335436
4,2397,0.02269658267510552,0.005902503175124852
4,2398,-0.0018491626907609,-0.0036086408405707807
4,2399,-0.004323327598650175,-0.0035000776249218533
4,2400,0.013615854284076936,0.005080627983367151
4,2401,-0.02694385179458062,-0.011060401309533808
4,2402,0.02411046686074252,0.006387947504877605
4,2403,0.00712614337438779,0.0013981625757634737
4,2404,0.021473940922708688,0.006131311952806299
4,2405,-0.0019929866734610976,-0.0032010937626548845
4,2406,0.02740836621407934,0.00967897399187628
4,2407,-0.010165812782097746,-0.007572305109792638
4,2408,0.009085441345495694,0.0018043931753771033
4,2409,0.007786061074093343,-0.004111861162065663
4,2410,-0.0014062644772262723,0.001181043236247637
4,2411,0.005728670711579498,-0.0007142177387027912
4,2412,-0.004217829574095823,-0.0032028537041020443
4,2413,0.007453881834060746,-0.002008772442574687
4,2414,-0.0006660719984562929,-0.0015173081139189305
4,2415,0.005543099201709285,0.0021604217464359873
4,2416,0.023259550329871852,0.006019591019096411
4,2417,0.010956986388747484,0.001238822001527271
4,2418,0.02396309496116552,0.005939911514076715
4,2419,0.006514386516610316,0.0011936468914864177
4,2420,0.03172899208658557,0.012213996837624806
4,2421,0.002131659877866538,-0.001323086184386149
4,2422,0.006417160294196372,0.00011249772507345002
4,2423,-0.02329120028067102,-0.010813228953081889
4,2424,-0.017939726082208184,-0.007885176266084369
4,2425,-0.0006343254500258094,-0.002121870819930107
4,2426,0.006616392596234925,0.0030269563074349
4,2427,0.02057274455295545,0.01081869548784393
4,2428,0.01172390375390216,0.00195316680917613
4,2429,0.004403282753179956,0.0008382077334792104
4,2430,0.024431665092752106,0.007067358812454563
4,2431,0.027860733212229438,0.008166155136784922
4,2432,-0.00870300779558122,-0.004322275834054908
4,2433,0.009622468455222206,0.0008149561623245176
4,2434,-0.00035051392515474437,9.180538444374814e-06
4,2435,0.004093014120566684,0.00010908218286866866
4,2436,0.007108473592060814,-0.00019320206242106515
4,2437,0.00419690406110214,-0.0015202097321008942
4,2438,0.021208450681753768,0.004522651381477915
4,2439,0.017795861210462147,0.004824465994312893
4,2440,-0.00620805694362936,-0.0020572125494631604
4,2441,0.03637995254091051,0.01015685025892121
4,2442,0.011239171959678045,0.002485933173645648
4,2443,0.019061042239024793,0.0030974723304485795
4,2444,-0.0005810648301719251,-0.0017829534096220733
4,2445,0.008465649596859645,-0.0012544452353879995
4,2446,0.026959001468391683,0.0070420664679086125
4,2447,0.03184480348203258,0.007770378416994079
4,2448,0.022869757446481016,0.00849175309430314
4,2449,0.022106038425437086,0.008896437499721526
4,2450,0.013396856504671907,0.005117599618898754
4,2451,0.006320254713809613,-0.0019402868486125594
4,2452,0.01258285552549778,0.005856920338863353
4,2453,0.0046336331795868,-0.002244237199433098
4,2454,-0.01463230912967171,-0.008214972102043914
4,2455,0.014336360118150059,0.0011692716458261956
4,2456,-0.0036696134016301523,-0.004020652071538498
4,2457,0.006954152691460873,0.00033163147050021223
4,2458,0.015152623761583219,0.0019877736111997254
4,2459,0.02029701125907428,0.005515967515717891
4,2460,-0.0012633952934182203,-0.0019068570871592148
4,2461,-0.0006693622392496137,-0.0008544187670759499
4,2462,0.02086757430328627,0.002373216690841512
4,2463,0.004735429794528382,-0.0030315302765351786
4,2464,0.04100196432410288,0.010952991032910371
4,2465,0.03002188092539403,0.009532943411676369
4,2466,-0.004429881663898916,-0.0035472874951875915
4,2467,-0.006167819500225047,-0.0023167657959886527
4,2468,0.012514791705527719,0.001054817622736667
4,2469,-0.003828928192012131,0.0003776285329738446
4,2470,0.010495120090096649,-0.00013553512465313525
4,2471,0.02337121301643157,0.0047697090891184145
4,2472,0.04507938747434763,0.014178961949972878
4,2473,-0.0044581093379737514,-0.0035090692996701403
4,2474,0.0021125148904315603,-0.0022697336208636755
4,2475,0.007490901763883146,0.00028858614233225966
4,2476,0.02709327714624614,0.005086224081116391
4,2477,0.0442442677502036,0.01530449458463509
4,2478,0.009718892104864934,0.0011577575805766707
4,2479,0.01679258394378494,0.006112204187072315
4,2480,0.007446160650664659,0.0031137064764236366
4,2481,0.02139090459727593,0.005769499525464439
4,2482,0.014721846722209844,-0.00018476716462005287
4,2483,0.025567634654187172,0.009255562402160702
4,2484,0.018302730754081523,0.004418328377663914
4,2485,0.0014470280006058302,-0.001376858664399489
4,2486,-0.004661929074371407,-0.002993039699955815
4,2487,-0.009972114810728256,-0.005979858335146804
4,2488,0.003881562426501949,0.00031960793092936904
4,2489,-0.0004560083148634793,-0.0016387631280092342
4,2490,0.026496621223624582,0.01055136369324345
4,2491,-0.0010913903079948738,-0.00048082423893879353
4,2492,-0.005407242245364209,-0.004345398287354331
4,2493,-0.011687898924040006,-0.00507919963243982
4,2494,0.02519785106592866,0.008071178105392528
4,2495,-0.0005492880700809536,-0.0015780640252876788
4,2496,0.03743538233600447,0.009017895811411531
4,2497,0.013247718804352753,0.004890620421509395
4,2498,0.011442141876903383,0.003216064323801197
4,2499,0.001023044994624907,0.0012640462599048253
4,2500,0.011734060325986588,0.00045793156000973603
4,2501,0.010130168476105938,0.003919859959921649
4,2502,0.02394318042518621,0.005638323010456787
4,2503,-0.022794573791247785,-0.010907715774549126
4,2504,0.003769904528981087,-0.000571804562233245
4,2505,0.028559427817861856,0.007035843604943293
4,2506,0.014492415957075688,0.0020544578150762174
4,2507,0.001157637883910418,-0.0009653874655274195
4,2508,0.00028135866069219935,-0.0010044968131821146
4,2509,0.009353682251793578,0.0005430747772942451
4,2510,0.007525669430011837,0.00041182461838082715
4,2511,0.009290747074140777,0.0014910990168802085
4,2512,0.011828056328598647,0.0009429029218782348
4,2513,0.0035028765919010835,-0.0004248724413776587
4,2514,0.018269884219845156,0.004657134730492919
4,2515,0.01647193958139881,0.005265874352622444
4,2516,0.01992033307973027,0.008424232122329943
4,2517,0.021836836822574444,0.005849872434036843
4,2518,0.013344410372322604,0.0035059893022639883
4,2519,0.013692292245522042,0.0016529721650032497
4,2520,0.0027068354922732065,-0.0030166952010265476
4,2521,-0.01211064076628959,-0.005893792823238242
4,2522,-0.0036131403567271005,-0.0022412313202444705
4,2523,0.01696350373102595,0.006042597580076959
4,2524,0.00608614458356688,-0.0009971550386371488
4,2525,0.0009861834812332421,-0.001234098070158597
4,2526,0.005734082943917569,0.001144340030023955
4,2527,0.04529648671358714,0.014634890004432756
4,2528,-0.01630604540838651,-0.006394394714193527
4,2529,0.030414378789507424,0.009426531774371007
4,2530,0.010744938586056406,-0.0005031402309586888
4,2531,0.004698197693172524,0.0008388097873110116
4,2532,0.021099179777619062,0.0031306518681211925
4,2533,-0.0002288786391276997,-0.0010746310395024037
4,2534,0.008066125453110843,0.0016455573485075186
4,2535,0.027920998579738336,0.010212218934306816
4,2536,-0.0058342791441838345,-0.0037329424936628085
4,2537,0.017623187844693265,0.005801592621789205
4,2538,0.005224821064956706,0.0005646358635104452
4,2539,0.007452147962900001,5.253432355299681e-05
4,2540,0.014652653060555843,0.006404452813765368
4,2541,0.016198562697586058,0.002099679961580068
4,2542,0.020335359026221286,0.006293977793991927
4,2543,0.0029863157356528084,-0.003224032556305297
4,2544,0.01453750371093253,0.00021858212370219791
4,2545,-0.002941306907671765,-0.0038075742206334744
4,2546,0.03177407150719427,0.010069818216071445
4,2547,0.01643209238074679,0.0024571662194219084
4,2548,-0.006894877735428427,-0.0017276160960330328
4,2549,-0.008936176833049201,-0.003420999270310783
4,2550,0.016089684163469675,0.003539530943953818
4,2551,-0.004103548693375984,-0.005233041762274048
4,2552,-0.013051464387971364,-0.003428159420707204
4,2553,0.030611915929365362,0.011285121434643974
4,2554,0.007522357894764038,-0.0010331335932487586
4,2555,0.016399833298834182,0.002394387383456983
4,2556,-0.012139313971944342,-0.00518606618243485
4,2557,0.0015632585667305094,0.0014960906732600055
4,2558,0.02236301461507766,0.009053415838232999
4,2559,0.006706213849791657,-0.0016343102003130222
4,2560,0.027461335777169495,0.00745264407786561
4,2561,0.02501757764916131,0.0053613826556182295
4,2562,0.0026611267128793725,-0.00046122623857480517
4,2563,0.0017679229256768205,0.0009812117598574678
4,2564,-0.002441484077204986,-0.005959617120421778
4,2565,0.012493355256943358,0.0019046177799184444
4,2566,0.014808681620845435,0.0023784225362589884
4,2567,0.014276791764849856,0.003066548442275402
4,2568,0.018464568634436233,0.006243974561612193
4,2569,0.0048830639688680465,-0.003017988358275756
4,2570,-0.012059590637691953,-0.007321866076237384
4,2571,0.016435480086345818,0.0064226281767643095
4,2572,-0.010409874589995169,-0.0052777618745394154
4,2573,-0.0007897193420062385,-0.001792297945158837
4,2574,0.007434377660397813,-0.0011639281395370614
4,2575,0.03209771899749838,0.009610773528958628
4,2576,-0.009009194523051335,-0.004118407622354549
4,2577,-0.004992398383854126,-0.0074228213441174425
4,2578,-0.0025535578041743553,0.003952145562488607
4,2579,-0.0021436512554084005,-0.0007853821272019127
4,2580,0.015562290855716188,0.004657114963533654
4,2581,-0.018776546893328434,-0.006188317810568136
4,2582,0.021645065971127742,0.00494854186762066
4,2583,0.002384594403653678,-0.002581926175907224
4,2584,0.003552890357740907,-0.001434339002743358
4,2585,0.009390223540336178,0.005010425503462101
4,2586,0.00876902627946022,-0.00011255379150270781
4,2587,0.006796728479379313,0.0012032102799296811
4,2588,-0.01505743909030448,-0.009771156323791235
4,2589,0.014251574833347512,0.007314561846557822
4,2590,0.0072744175836741785,-4.7998717061567164e-05
4,2591,-0.006528400126412063,-0.0024113597222296113
4,2592,0.023902225785694512,0.006520087587720651
4,2593,0.017917054403483245,0.006203996123039122
4,2594,0.012073523779426151,0.007475629861338593
4,2595,0.027622773829682624,0.006519309779315302
4,2596,-0.014510609141143075,-0.007362498591007982
4,2597,-0.0007769612189328711,-0.0034001722765898607
4,2598,0.017910300232304232,0.003793276897938316
4,2599,-0.0005182996659210134,-0.004155905976430919
4,2600,0.013799337466749405,0.0033011075963713167
4,2601,0.03623879031816353,0.010158612916633643
4,2602,-0.015513294798865568,-0.008466878524209222
4,2603,0.002500304488073257,-0.0010724517655696715
4,2604,0.0166349521046449,0.006808990822098956
4,2605,0.024789265369152186,0.0028490735768998705
4,2606,0.0020372962355810044,-0.0005057137598156629
4,2607,0.013062138919942415,-0.00060345650051724
4,2608,0.02315515259584949,0.003993068415478332
4,2609,0.0038525323662290346,0.0005114130579489157
4,2610,-0.0034333748544413283,-0.001048773109749883
4,2611,-0.0035231503625460284,-0.00183269459619629
4,2612,0.01319931954039007,0.002419718018913379
4,2613,0.009310203804192629,0.001238586449623009
4,2614,0.013141735247637166,0.004622688703599898
4,2615,0.005874342780338039,-0.0023891237018960846
4,2616,0.004354711184115244,0.004064700344077553
4,2617,0.02109965454590615,0.005506272847171029
4,2618,-0.005413856014711815,-0.006943080102485112
4,2619,0.0029298813407997244,-0.00037125628036501103
4,2620,0.0031253067477621625,-0.0030176236094950166
4,2621,0.015891550616738227,0.0023542374702740982
4,2622,-0.007059070490544431,-0.0037812508328008273
4,2623,0.01029750522322221,0.0034904754703474847
4,2624,-0.012625723965442344,-0.005823724479215194
4,2625,0.002122514463842029,-0.0004134354671151681
4,2626,0.004709110502336183,-0.0016020226249228602
4,2627,0.024772839731216915,0.0032077990106855743
4,2628,0.004895136319042904,-0.0002686826223359665
4,2629,-0.011735645771224951,-0.007128601729319639
4,2630,-0.006761369952950693,-0.004286988208492447
4,2631,0.02246800421906091,0.008911115525696206
4,2632,-0.006025736698979718,-0.004022854186777203
4,2633,-0.002656233177144784,0.000901655807222279
4,2634,-0.014730426065375942,-0.008479940898205522
4,2635,0.028634480402209766,0.010444796048386064
4,2636,0.024268282008415278,0.0062198531567640054
4,2637,0.03236892295914822,0.009235521054702461
4,2638,0.016588801624964324,0.0029478726651629397
4,2639,-0.014966777812246392,-0.005712849955851272
4,2640,0.010780470229995813,0.0017802475116753145
4,2641,-0.015979813425181785,-0.005290007328414362
4,2642,0.011272810067269006,7.329059930784346e-05
4,2643,0.019489978462627247,0.00480933215347824
4,2644,-0.014054221877107883,-0.00796766710045559
4,2645,-0.009010368450284915,-0.005169620360608632
4,2646,0.0035327315021912095,0.0017454896907417466
4,2647,0.007530896717931754,0.0005246541768814762
4,2648,0.021537302476239455,0.006326656099407083
4,2649,0.015394009937984825,0.003352211552417593
4,2650,0.0003446834629757773,-0.003319629356687131
4,2651,0.0005730313904262899,-0.0006646230741071174
4,2652,-0.006734982327123022,-0.0009276026551306307
4,2653,-0.009602990891478579,-0.004427935677784835
4,2654,0.013296555744939894,0.0034510591511261904
4,2655,0.014552958446785197,0.0011720261367541916
4,2656,0.009461409877278906,0.003068560081673879
4,2657,0.021316058656961442,0.0018529150261029953
4,2658,0.008529995915276282,0.0008916320258547466
4,2659,0.017481392720963048,0.006138131009205539
4,2660,-6.72967334052393e-05,-0.001476106202195557
4,2661,0.0028134317466881106,0.0005989822623756094
4,2662,0.0141563831906512,0.0013246765679211332
4,2663,0.02050584882437328,0.0074244258516314235
4,2664,-0.014426939209587613,-0.005450269703565277
4,2665,0.016256728354507907,0.002804905476510661
4,2666,-0.0013278400708161752,-0.00176555488040158
4,2667,0.012931671666427065,0.003802442829971495
4,2668,0.005075982972895436,-0.0012494513986456791
4,2669,0.011593911790568548,-0.0019133808559847973
4,2670,0.0017007213141630366,0.0009332772471217016
4,2671,0.013726992918813042,0.0037135452037640984
4,2672,0.003891116111392297,0.0009359160923662904
4,2673,0.023849325059382368,0.007710756221423113
4,2674,0.00011066085370874234,-0.004595935523895719
4,2675,-0.018074387903283563,-0.008785377209028668
4,2676,0.030664546946351505,0.007186063264255511
4,2677,0.02593371912651933,0.009131652796170224
4,2678,0.013458595495575846,0.003794078407217881
4,2679,-0.004453969457215916,-0.0035368590883455417
4,2680,-0.004456374093396023,-0.0032108181237932446
4,2681,0.003990898370942719,-0.0023269390199854747
4,2682,0.032740808069461155,0.007809478123738228
4,2683,0.012847104812670564,0.001279323191889563
4,2684,0.002770318498759139,-0.002494935989107674
4,2685,0.011567410182885022,0.004936312282563699
4,2686,-0.009039114261455903,-0.005348408056390241
4,2687,0.012141763573842732,-0.00045566194570178164
4,2688,0.014273014591837788,0.005404278846500904
4,2689,0.008121128444814659,-0.0008058963657323041
4,2690,0.014792481786100972,0.006926178001939993
4,2691,0.018137993786925575,0.004907246625578994
4,2692,-0.008330740731174293,-0.004475334990163246
4,2693,-0.013546324960687521,-0.006863862230906258
4,2694,-0.0018042918491056594,-0.002524479106323589
4,2695,0.02257987884358775,0.005949451815720644
4,2696,0.010911110317015294,-0.0005068407714922289
4,2697,-0.0013914143310080798,-0.0032034541559966983
4,2698,0.009636133455936065,0.0017310950423768928
4,2699,0.02948101906925429,0.010716002042432046
4,2700,-0.008484201363391692,-0.005777683772860919
4,2701,-0.0015449581374399274,-0.0023112114252256282
4,2702,0.002453895987734298,-0.0008607934470250542
4,2703,0.004759297184245839,0.002555811292657416
4,2704,0.007389051156323555,0.001265957056534412
4,2705,0.028978130473414982,0.011095692974802776
4,2706,0.0101495193103093,0.0026960995616531146
4,2707,0.019464079987732058,0.006979908485162611
4,2708,0.018216082027569837,0.005165538959322483
4,2709,0.0024570026960638127,0.002406256469391307
4,2710,0.008455629819758647,0.0012113209918532125
4,2711,-0.0003747976865073301,-0.004264349285519153
4,2712,0.0177465291458373,0.003931270301729143
4,2713,0.008803432734715354,0.0012244682574699003
4,2714,0.019360313016660784,0.002474986728245569
4,2715,0.023026149138458126,0.008917142847983915
4,2716,0.025209865633361948,0.005715823436424017
4,2717,0.023473543557181155,0.006106011363639815
4,2718,0.004366582609298338,0.00043276462290040956
4,2719,0.031176318294879286,0.011723789762640324
4,2720,0.013131215981165465,-0.00032379633896028573
4,2721,0.02995177970475136,0.009397963374815842
4,2722,0.01414738715166129,0.0006200205675924071
4,2723,-0.015462591234323274,-0.009668116396678087
4,2724,0.007499273396398994,-0.0002083982149098196
4,2725,0.017204585983503586,0.005491112812704845
4,2726,-0.002851171938236591,-0.0009236627181576405
4,2727,0.018009392451900256,0.005848405854609315
4,2728,0.009437977072869001,-0.00010452228175035238
4,2729,0.003334312238490583,-0.0012606599646407392
4,2730,0.013222225845041397,0.0010073603887066408
4,2731,0.0052323882746322225,0.001701490531086802
4,2732,-0.004365577232025155,-0.0039007114651430715
4,2733,0.01378264988514877,0.0018286474779191351
4,2734,0.008557458492705205,-0.0012347637865267476
4,2735,-0.00010302457950201636,-0.0021601089490897963
4,2736,0.011147989070732988,0.003689578620934513
4,2737,-0.0035425317017451917,-0.003938621972991767
4,2738,0.006782759454386985,0.002834401066655898
4,2739,-0.012553246374965937,-0.005834697065065808
4,2740,0.0008335197950999384,-0.0007380031591371532
4,2741,0.007790134674341925,-0.00041108358127515124
4,2742,0.029647542042173035,0.01140032092393524
4,2743,0.0028154876223001005,0.0027120473249566098
4,2744,0.008852992081920027,-0.00015885848723735867
4,2745,0.016283404591686514,0.004049897110346088
4,2746,0.014324341988960777,0.004768033935776247
4,2747,0.007557450856902609,0.0023146781118133525
4,2748,0.015013400062316024,0.009036521094858946
4,2749,0.0012793224957811681,-0.00457324602620896
4,2750,0.024046739223424644,0.007296799856104371
4,2751,0.017650493434943574,0.0037544419376333445
4,2752,0.002074476088483103,-0.0009666713362207895
4,2753,0.01656061253779969,0.007779858033630486
4,2754,-0.01224136435897686,-0.007002276699534825
4,2755,0.026538859678175396,0.007919237510708412
4,2756,0.02842420328498262,0.007714056525769037
4,2757,0.007568377461376927,0.0011500529589934829
4,2758,0.02891989181065037,0.005830544554056315
4,2759,0.0054236301545831115,0.002009854833583502
4,2760,0.00530383561928991,0.0036441757975401432
4,2761,0.019350099495668845,0.00797237764163762
4,2762,-0.012105462484577452,-0.007282808631662197
4,2763,0.007974254242620882,0.0026879577890538712
4,2764,0.0273884485288581,0.009226117596529141
4,2765,-0.02061880908575121,-0.011472879856382538
4,2766,-0.011404014930790412,-0.005713938987119219
4,2767,0.0072486570151210385,0.0010748623138972307
4,2768,-0.004891475442877924,-0.004577429155136703
4,2769,0.0008905208401646531,0.0011262170299630749
4,2770,0.022735323455467915,0.00635021527894814
4,2771,0.019011015709091035,0.0026787538916362894
4,2772,-0.01133802651626231,-0.004253774465813561
4,2773,-0.007561856361327512,-0.00834206586178553
4,2774,-0.008499115809230094,-0.007274884754801987
4,2775,0.03142240190192724,0.010268569640593415
4,2776,-0.011260653935193024,-0.0046484450808487315
4,2777,0.0004420069015976359,0.0006635710924171504
4,2778,0.027098210301910775,0.0025290259419256432
4,2779,0.0017056156291814838,-0.00047526905593561276
4,2780,0.018198776871794622,0.0011426112904653809
4,2781,-0.015850708161805574,-0.008935848175572537
4,2782,0.01696798232107212,0.005173913279260911
4,2783,0.03030316046666512,0.01137894642676951
4,2784,0.019814812543826013,0.005641457709747254
4,2785,-0.005829660763297731,-0.0008004423991840999
4,2786,0.0049777763106685705,-0.0002770803882778314
4,2787,0.04159958927901005,0.009426598650352004
4,2788,0.011516721779121886,0.0027100744532369625
4,2789,0.016011098572983745,0.005048057181454302
4,2790,0.0037083730062603334,-0.002325477376666911
4,2791,0.005420684646259439,-0.0023053838942915014
4,2792,0.0030177914602536457,0.00411280375684761
4,2793,0.01269563821051311,0.0024886255867596157
4,2794,0.023512458604656984,0.005493062376797937
4,2795,0.004020316073799125,-0.002362289328943681
4,2796,0.0006051917755201579,6.10695003062562e-06
4,2797,-0.008397896280178056,-0.0018941425899505946
4,2798,0.015968478982538697,0.002211222691790886
4,2799,-0.014651402965502595,-0.008991906331693117
4,2800,0.011926587866411464,0.001886802608137171
4,2801,0.005392079562943079,-0.00039339739814528527
4,2802,0.005853180907314613,-0.0020734590159813544
4,2803,0.008001255308071779,-0.00013408537943600447
4,2804,0.01758580341666446,0.004116827937626954
4,2805,0.015801741478454184,0.004728501391602747
4,2806,-0.0021391858859499194,-0.0029782329271838205
4,2807,0.004561939876027011,-0.0009431794459684273
4,2808,-0.012386404354085397,-0.002937037278626293
4,2809,-0.010107016618172272,-0.004087722962852862
4,2810,5.630296367854855e-06,-0.0044139898142541364
4,2811,0.00603026121902233,0.00041150748133478846
4,2812,0.00054528140944599,-0.0013706358954052853
4,2813,0.011614673989433832,-0.00043924333909297806
4,2814,0.001691488089264645,-0.001889425705827578
4,2815,0.002673455872801425,0.0009054601086497171
4,2816,0.0025210332265153167,-0.0010907060817872177
4,2817,0.01123010535404194,0.003019667999822073
4,2818,0.013590664750712968,0.005858173078149548
4,2819,0.003494980765307101,0.00285954812783361
4,2820,0.0018497256444892961,-0.00029835654619152387
4,2821,0.003210113218023419,0.0016628152693120826
4,2822,0.0002578112536095,-0.0024509361239914693
4,2823,0.004297042939315786,-0.001454010573116411
4,2824,0.036862766188840025,0.01104118656613633
4,2825,-0.02083067000476033,-0.01011436289949737
4,2826,0.0014415641667843782,-0.0007916357018659311
4,2827,0.002712953179275353,-0.0003705496662371484
4,2828,0.014185726799491734,0.0029758754469690614
4,2829,0.0217101507071768,0.005910182273475331
4,2830,-0.00467644342217647,-0.004188141744117485
4,2831,0.011977069439528632,0.005507017733038086
4,2832,-0.00399837440642969,-0.003182407971834561
4,2833,0.020755423426777057,0.005245751533207676
4,2834,0.007940127541594897,-0.0005175031523931405
4,2835,-0.00761869509773848,-0.004950664140873698
4,2836,0.012862092875386621,0.0028640716339901574
4,2837,0.0006138103271387193,-0.0009104130410915726
4,2838,-0.013528927093729807,-0.00863835250825217
4,2839,0.007480749270765075,0.00046614723551358046
4,2840,0.014000574907579126,0.006162284404702375
4,2841,0.0022735818514949004,-0.0008306769150625482
4,2842,0.006253952465729289,-0.0003022598152629977
4,2843,-0.002620764335433544,-0.0024345275307972643
4,2844,0.03176861368662156,0.008908141361983545
4,2845,0.002672778669349215,-0.0026979116975058013
4,2846,-0.006688544635196604,-0.003930345769230317
4,2847,0.0009350378091429317,-0.0009568163335188346
4,2848,0.031238153377582026,0.010937801373771358
4,2849,0.010716995475838674,0.0033428215578923657
4,2850,0.009075467638304505,-0.00014010962015338014
4,2851,0.01943642147819865,0.007294551946224338
4,2852,0.018637550521604387,0.005599805355249369
4,2853,0.020879805449843625,0.0054803579733148505
4,2854,0.016880543291983206,0.0030158719699133227
4,2855,-0.005950907666885688,-0.004576945528449116
4,2856,0.01646673751356169,0.007535608648071834
4,2857,0.002883653850442198,-0.0014221784882554498
4,2858,0.009558235688721842,0.001967942906362208
4,2859,0.013269561706284549,0.002527202109762006
4,2860,-0.01731211856390222,-0.007577156642064406
4,2861,0.0024149202425059932,-8.268398111693995e-05
4,2862,0.04570975832518019,0.011102968113232697
4,2863,-0.002203940044630475,0.0006001626139171623
4,2864,-0.004987208808315974,-0.0028117116147015784
4,2865,0.019259396613575508,0.004211679498623134
4,2866,0.010880023192138268,0.0032175004710584014
4,2867,-0.015728664295934308,-0.004885860367175727
4,2868,0.015749985229997317,0.005541514695544492
4,2869,0.020213627004466963,0.006790614262677051
4,2870,0.036880373987729226,0.007639363381433929
4,2871,-0.011227960616650469,-0.006529315422292618
4,2872,0.013209766999567588,0.0004884852061499956
4,2873,0.010775309736199539,0.004588099161203434
4,2874,0.014118224841067614,0.0017916367557667893
4,2875,0.03219756622695395,0.009222692388851466
4,2876,0.023479967462659346,0.00418052395591214
4,2877,0.010678450373386805,0.002883100050717373
4,2878,0.03804039614227309,0.00764381317470326
4,2879,-0.011564629194751846,-0.004737484818990571
4,2880,0.032451097566271375,0.010756159477655762
4,2881,0.01476308881640139,0.003056096499824271
4,2882,0.02072692071155271,0.0029811797217544306
4,2883,0.009196241905661713,0.006491983723837828
4,2884,0.011513419137690538,0.00044664752394671137
4,2885,0.024539253729683647,0.006542885260130897
4,2886,0.020068585830382422,0.0072522287239596426
4,2887,0.008749083375839531,-0.0004040010113430936
4,2888,-0.010247699085098802,-0.007574420831928299
4,2889,-0.017435181676239718,-0.009613618019203874
4,2890,0.026648658354350846,0.008275409229958168
4,2891,-0.011042665603010638,-0.005962866585401562
4,2892,-0.010028719364367101,-0.0012697405932651788
4,2893,0.02136586373464547,0.006586004058443626
4,2894,0.02265615423281017,0.006417229333520016
4,2895,-0.002009576671017904,-0.0024118755421278105
4,2896,0.0009930800543397685,-0.0027244862622648938
4,2897,0.00437067537403273,-0.0031052760057925827
4,2898,0.003352560645555716,-0.0009189573175621522
4,2899,0.004537617907857444,0.0019472329333684376
4,2900,0.005839869524974418,-0.0009202747900355423
4,2901,0.015104782209345217,0.004635994312422708
4,2902,0.03793996385125593,0.011052954637266422
4,2903,0.026290660198518036,0.006738634218786933
4,2904,0.00437672898002251,-0.0018074642248850877
4,2905,0.028444444081997988,0.006680243538152724
4,2906,-0.013987128389271816,-0.007559400995261388
4,2907,-0.027961830703786748,-0.01006181124628393
4,2908,-0.029839271204552376,-0.01162569898566847
4,2909,-0.016165928080936157,-0.009381589331755537
4,2910,0.011160188805759837,0.002313790023278455
4,2911,0.005308700072732025,0.0009679178318896005
4,2912,0.010302005276268516,-0.0011806471384876813
4,2913,0.005453302840890084,0.0009622112540988715
4,2914,0.0019996810618356444,0.0006051797086366891
4,2915,0.021343686246214844,0.006272188332022056
4,2916,-0.005102405505601751,-0.004067149874960742
4,2917,0.007532477797592435,-0.002044733909125271
4,2918,-0.017497851077390547,-0.007410369833981049
4,2919,0.023597251104996247,0.006509620138650537
4,2920,0.011821261177375555,0.002784139796788724
4,2921,0.015127236994541403,0.0026429589959554647
4,2922,-0.021018921230788207,-0.008516395324142655
4,2923,0.004722997168163136,-0.004326481135595007
4,2924,-0.013256727293424477,-0.005739380035899527
4,2925,0.004814711852280019,-0.0010066255065144707
4,2926,0.008821332002830995,0.0032349733558972057
4,2927,-0.007220047216624074,-0.0007527985703555343
4,2928,0.016457663518161747,0.0019361228361269016
4,2929,0.03208837469094127,0.007241738915334467
4,2930,-0.0022736656835282026,-0.0025853903812082094
4,2931,0.0196264924315501,0.0057504557545937545
4,2932,0.005259337865764224,-0.0016997275909549393
4,2933,0.0244506326437556,0.008711610554287003
4,2934,0.003283854933483354,-0.003961486266149713
4,2935,0.013409935368154238,0.0011670523305622794
4,2936,-0.00010562902126125433,-0.002210013852325467
4,2937,0.02003081753672107,0.004389920893864961
4,2938,0.011467404724357734,0.002108291093187416
4,2939,0.016034478886583187,0.0072138695866285855
4,2940,0.005655263911535908,0.00041143964806666217
4,2941,0.020724830024836435,0.005426606111846542
4,2942,0.01530061384855568,0.0031128065832338814
4,2943,0.006669305335487386,-0.0016374653169486512
4,2944,-0.010109447277213003,-0.006974822653417197
4,2945,0.007440400604939906,1.854074364096387e-05
4,2946,-0.015560643119527297,-0.00406834902492289
4,2947,0.0060532873176408495,0.0022381934854171486
4,2948,-0.014201720500786294,-0.010454101576641997
4,2949,0.004527557462394516,0.0011799827111988914
4,2950,0.02526655220863674,0.008993734208515836
4,2951,0.021068934816367683,0.003524136649672152
4,2952,0.011416272392589178,0.0020550284511622694
4,2953,-0.010327656438867466,-0.0066811210796569025
4,2954,0.030264892769408067,0.006542054457877641
4,2955,0.03250917611660584,0.00812537981297053
4,2956,0.008194525853511315,-0.0016279702059287327
4,2957,0.022929067866593645,0.004033860812630674
4,2958,0.017966675935045796,0.0008015428169324302
4,2959,0.02167162399582078,0.0030230378927509696
4,2960,0.01020068930403205,0.002549158306286764
4,2961,0.022615771380933916,0.006721147505264206
4,2962,-0.0056582662423800886,-0.001503877038374905
4,2963,0.01601725143436602,0.005322779090450132
4,2964,-0.003326246979904729,-0.0014714663357486863
4,2965,0.0019686013079582777,-0.0023634972997620815
4,2966,0.025890216707518652,0.008256029220385645
4,2967,-0.005835168650322384,-0.003691577168076971
4,2968,-0.01213253963667755,-0.006913238227392273
4,2969,0.0031845811949107964,-0.001199016002096276
4,2970,-0.0035409335928183725,-0.006704117765744051
4,2971,0.011090020269882482,0.0019087029342438235
4,2972,0.005532801591371279,-0.0012172697955064855
4,2973,0.0018734845971230005,-0.0037488585477922745
4,2974,-0.006209775126493165,-0.005815972114263184
4,2975,-0.0031503137117858287,-0.003134197677893184
4,2976,0.009567025585374792,0.0020138659765989993
4,2977,-0.002077063521524791,-0.002494467781387834
4,2978,0.014265154837080596,0.004862989849242359
4,2979,0.029825013391734535,0.006901379483529831
4,2980,-0.006601457928134683,-0.001086681082787473
4,2981,-0.006427599999744328,-0.002635234326986039
4,2982,0.0055814178499557585,0.0008352107043129722
4,2983,0.01053100225983034,0.0008824546275829826
4,2984,0.01380458220400625,0.0033960505851209776
4,2985,-0.009410611038701734,-0.006624820901092205
4,2986,0.02969639878606305,0.007088421763063229
4,2987,0.005540052513462502,-0.0007003278389090303
4,2988,0.015874747620072575,0.0062142705504974775
4,2989,0.0291719713227079,0.0127700504933576
4,2990,-0.0029190535845590327,7.436731870425659e-06
4,2991,0.016374803463903524,0.0012842482102360642
4,2992,0.01762252651559332,0.005979159987505084
4,2993,-0.0017420835320942252,-0.0012911663975622891
4,2994,0.006341894212831567,0.001401530856473591
4,2995,-0.003354742469373317,-0.002142662817569854
4,2996,0.011956427077406191,0.00333016212267091
4,2997,0.009381845066524366,0.002257324957053328
4,2998,-0.017486307814647398,-0.00685565513797205
4,2999,-0.008479278186321583,-0.0034135304687787837
4,3000,0.015565569755633347,0.003304154695072696
4,3001,0.003679252660616748,-0.003030325158851377
4,3002,0.017317366339699374,0.006949717031969226
4,3003,0.03883357620491147,0.009769634908780144
4,3004,0.00846501791655123,0.0009571911000302013
4,3005,0.0019270370083758297,0.0009527905176929696
4,3006,0.006440707983207222,-0.0007494588842904898
4,3007,0.015990642218821266,-0.001842058638815137
4,3008,-0.008680924271030602,-0.0048557899989869575
4,3009,0.004739059134440313,0.0030791338399187543
4,3010,-0.007207296617252988,-0.0029746741727593486
4,3011,0.01047082315112786,0.0040366826199634345
4,3012,0.007387672886069413,-0.0007501019223262357
4,3013,0.008685362770839724,-0.0004572546221319831
4,3014,-0.01113786582175823,-0.006272755940366658
4,3015,0.02072225985720164,0.004459242197711193
4,3016,0.03220419398682081,0.005184771812397585
4,3017,-0.013662912619066745,-0.008328196284922908
4,3018,0.005206133162887083,0.0027595016373271495
4,3019,0.026184294119292618,0.00986651651495765
4,3020,-0.022641073751868815,-0.0071210269992247385
4,3021,0.009826322784105116,0.0022582630800429466
4,3022,0.005295051755285536,-0.0023845071726320767
4,3023,0.00496021639751918,0.001360577394788831
4,3024,0.01936280454279309,0.007339093176730955
4,3025,-0.003863671563353846,-0.0034820189152902324
4,3026,0.00918249292584903,0.002094078729761202
4,3027,0.01843710945875043,0.0034692321243801807
4,3028,0.01846318800924333,0.008045180209239472
4,3029,0.0029256760363801063,0.0031876709003378976
4,3030,-0.006802280867839586,-0.0036086178181296297
4,3031,0.017156815132623293,0.005623815503423535
4,3032,0.0102657554017998,0.0035956930458643467
4,3033,0.014866132102723853,0.0036608677136689147
4,3034,0.025991696613998427,0.011689852590894844
4,3035,0.0012676051820589807,-0.003844114326170982
4,3036,0.015720974918701103,0.002792784158182605
4,3037,0.014242159198525117,0.0025758992411815565
4,3038,0.005493085889189049,-0.0004999834559600902
4,3039,0.012282853114277209,0.0023700296420418655
4,3040,0.008789899654174881,-0.0006091549929132708
4,3041,-0.020001132052895696,-0.007091624875026068
4,3042,0.025049584219410795,0.005795755052916263
4,3043,-0.014831932738423119,-0.006581598507256326
4,3044,0.014130974415016323,0.004274751930154965
4,3045,0.02236404674820544,0.007184955111007472
4,3046,-0.00206799884966488,-0.004730528197553939
4,3047,-0.007639292335282624,-0.0028198415991006
4,3048,0.040248559851437056,0.01156104469667882
4,3049,0.030816928182023036,0.005747391895220875
4,3050,0.013712783799388763,0.00022735627058295804
4,3051,-0.0012839568994670444,-0.00353952628827815
4,3052,-0.009975938192433236,-0.0029069577088424122
4,3053,0.01942548664950913,0.004197210968795904
4,3054,-0.01689078891580159,-0.010243637595034046
4,3055,-0.0012602091994961726,-0.0017608818121678683
4,3056,0.007474743310911777,0.0032341219099003577
4,3057,0.026429291843740096,0.006639847403983482
4,3058,0.0076228954093246785,-0.0015610283040437144
4,3059,0.007262212753102343,0.002243730627150497
4,3060,0.02055916132704817,0.004116623303871863
4,3061,-0.012140680617558085,-0.006616348413780533
4,3062,-0.020877175341335347,-0.010250108107303044
4,3063,0.0066017255019889635,0.0016265220065806282
4,3064,-0.002068718877246898,-0.0032196866214913387
4,3065,0.005985462433164762,-0.0014011371517425692
4,3066,0.006809225965014099,-0.0007998962451733187
4,3067,0.0006400824551186966,-0.002397080147071391
4,3068,0.02557528849403232,0.00636795607326832
4,3069,-0.0033439911907433154,-0.006161439000569173
4,3070,0.01532666928838649,0.002918013619658698
4,3071,0.021795462426111956,0.0044738896167646446
4,3072,0.0033858056333655752,9.488647434255261e-05
4,3073,0.029159993239006875,0.009422512306580984
4,3074,-0.013144293510770622,-0.0018862120144611078
4,3075,-0.017362776075197085,-0.009566042082260291
4,3076,0.028288963615968606,0.00951184466190719
4,3077,0.0013604144147345981,-0.0006021047441938304
4,3078,0.007000328513683509,-0.00022575064631582295
4,3079,0.018922745769388592,0.007087925569445576
4,3080,0.011313778838012472,0.003746361720821512
4,3081,0.031515952940329266,0.007014248477597392
4,3082,0.005467244610100069,-0.0024118834210512833
4,3083,0.007060699974985438,-0.0024486404757785812
4,3084,-0.00720092459763776,-0.00512685018550411
4,3085,0.03162793068689774,0.006978109309534314
4,3086,0.02773179001071182,0.008636067803074073
4,3087,0.007934267046781634,0.0018602318806239296
4,3088,0.006266775062246971,0.001231182254059872
4,3089,-0.002645497516945197,-0.002727894922275907
4,3090,0.014065388431193905,0.0021234277788621855
4,3091,0.005475067186523085,-0.001058834768809566
4,3092,0.018489047136485012,0.005277099391931019
4,3093,0.025223032676988128,0.007800977209156433
4,3094,0.014806515959595406,0.0075591878895310185
4,3095,-0.003792117934490706,-0.003009410554262209
4,3096,0.022030443928903593,0.003956467788806608
4,3097,0.01258589668706457,0.002091967050425004
4,3098,0.014624680650855496,0.0033596479875291855
4,3099,0.0004732701929741287,-0.0019472098573000286
4,3100,0.0012885267249272828,0.0009361720581422027
4,3101,0.017084927619238747,0.004322391606815513
4,3102,0.02172138289898164,0.005526753110280804
4,3103,-0.01230169051795385,-0.004052501675520544
4,3104,0.0036512790102836857,0.0009059547143182338
4,3105,0.036084129375473145,0.010524202997492314
4,3106,-0.004676819494328393,-0.004100490059840781
4,3107,-0.0013829982665197107,-0.0027572007844353283
4,3108,0.013876610144673666,0.0006517353316156247
4,3109,0.0090731126884491,0.00040290190406326343
4,3110,0.0313218598775121,0.007762835155977735
4,3111,0.006584334310524472,8.960756796459137e-05
4,3112,0.009595997156706771,0.0034744432423676423
4,3113,0.024054401483742643,0.004651117062303821
4,3114,0.026638045595582114,0.006891325504000508
4,3115,0.0034839083162797064,-0.0026977250449778736
4,3116,0.03721945744432794,0.010489351297015451
4,3117,-0.0012178131143752158,-0.002930332097819063
4,3118,0.013610551282143056,-0.0026261762753117977
4,3119,-0.013105377156926078,-0.005061629532621705
4,3120,0.03395551320692189,0.009251393530186655
4,3121,-0.00036609351141903197,-0.0048458826214124485
4,3122,0.004203420367908714,-0.0012296999728040887
4,3123,0.031819236879352855,0.006697029413539421
4,3124,0.02714465561601515,0.0075802816108326105
4,3125,0.021772458127168704,0.008709869772743581
4,3126,0.00885708950827892,0.004232615604947164
4,3127,0.005686497300667616,-0.0009620203842584891
4,3128,0.02135834296078831,0.003515836123780156
4,3129,0.023262832848980786,0.003602830024893259
4,3130,0.007003067339087841,0.00460411506450411
4,3131,-0.010263610715429212,-0.005221398081663731
4,3132,0.003908118060781434,-0.003020747118570124
4,3133,0.004724754652022043,4.413407143669545e-05
4,3134,-0.00954169261001014,-0.004027183724961843
4,3135,0.012613841077752024,0.0009705717521700537
4,3136,0.00044063065028190223,-0.003030085447842763
4,3137,0.02679918271209347,0.0034269832542986366
4,3138,-0.018170204870747733,-0.0083040491279928
4,3139,0.015282017868449538,0.0026977159209265523
4,3140,0.014932344692345735,0.0002511458416567082
4,3141,0.010035117877346485,0.0021717260872791844
4,3142,0.024407560515662535,0.011853382426344651
4,3143,0.0037186072718186722,0.0018043820200247525
4,3144,0.02935599940999516,0.007313471888548845
4,3145,0.031015952799184874,0.00668864232512214
4,3146,0.022408961358145334,0.005060417780417928
4,3147,-0.0024981783398915648,-0.002607906157975161
4,3148,0.021802890647331763,0.0037180413009523664
4,3149,0.015100831962632207,0.0023004400456180674
4,3150,0.004706857420415845,-0.00040605117663102387
4,3151,0.03169170687825329,0.005178132868592653
4,3152,0.005945041925944309,0.002333112976339786
4,3153,0.007370829032469281,0.00036452798874664035
4,3154,0.008292403616695171,0.0006920320801735715
4,3155,0.037631269088700126,0.012273992067907795
4,3156,0.008257112479397154,-0.00016660890165205453
4,3157,-0.012947714979362809,-0.005295144131003084
4,3158,0.004749302795214992,-0.0017108016707743563
4,3159,0.03381498796382935,0.012995281376781626
4,3160,0.028218449122285275,0.0045437134904607315
4,3161,0.013711619423483274,0.005882909967355022
4,3162,0.009435033957004138,0.0015186071944110356
4,3163,0.000639356759814774,0.0019445828718198336
4,3164,0.015365688366822387,0.001051361579497083
4,3165,-0.017148023270453085,-0.00611516074493178
4,3166,0.008878120059003425,0.004026751829560298
4,3167,-0.005775415272512553,-0.0033397739706020344
4,3168,0.01881976618632031,0.005991717924039295
4,3169,0.019437548841096625,0.004700344909573964
4,3170,-0.004344003999451369,-0.0028443592125439853
4,3171,3.067435783911947e-05,-0.002361822018993147
4,3172,-0.003934498131729659,-3.0839954474844045e-07
4,3173,0.0006497644472471726,0.0006231990204458477
4,3174,-0.00016677888190799422,0.0017818256473714857
4,3175,0.027534194777366853,0.008492970561432648
4,3176,0.012527919397461673,0.004573786133732787
4,3177,0.02472824586042957,0.0047521905872505415
4,3178,0.027134438548502195,0.012609730960477333
4,3179,-0.002405954903064963,-0.0033691420775184104
4,3180,0.006153527265612457,0.0036787554656152036
4,3181,0.0005394482236081303,0.0013953490166518465
4,3182,0.009588172050980014,0.0006704706719845769
4,3183,-0.0011414273218185525,-0.005340907362760891
4,3184,0.014383631458974077,0.004866640820426346
4,3185,0.003286563623426901,-0.00013186372418815787
4,3186,0.001576486927726559,-0.00195879116819918
4,3187,-0.006447258671935548,-0.003923193382323262
4,3188,-0.005045973678558947,-0.0022381657887965947
4,3189,0.02335128934617886,0.007150410929756046
4,3190,-0.01000883031735493,-0.0038404713781837233
4,3191,-0.007917975935416233,-0.004523159276228465
4,3192,0.01722670281190494,0.003265636446421753
4,3193,-0.010702038184707545,-0.006489719533407567
4,3194,0.009924598173920792,8.745836888097065e-05
4,3195,0.029223428341970496,0.007237763469293527
4,3196,-0.00768684228601712,-0.0030777460983451538
4,3197,0.028043684174816102,0.007331542130411964
4,3198,0.028926458243907417,0.008304548452431521
4,3199,-0.0006356830639055596,0.0009487842674009605
4,3200,-0.004928807508160577,-0.0019884371111424156
4,3201,0.02418374678078054,0.005500795095283336
4,3202,0.030078896903559214,0.01076556618841914
4,3203,-0.002066634246134157,-0.004516423065112406
4,3204,0.009858105011456956,-0.0010468028151498188
4,3205,0.006524951984292992,-0.00019258314117378997
4,3206,0.02050437726728467,0.006373715143210047
4,3207,0.01110902738616885,0.0032284320622626523
4,3208,0.02161240873804191,0.0021392426004967625
4,3209,0.015306221486889702,0.00269888348595733
4,3210,-0.0028463199070665863,-0.001890619944373619
4,3211,0.025404454671336486,0.005982921699250704
4,3212,0.01753043024195224,0.004027568581493919
4,3213,0.0280163530224337,0.01037431680631101
4,3214,0.03598548183898569,0.013155038277666283
4,3215,0.01583711596828474,0.0025954723735160446
4,3216,-0.008806547947368364,-0.00523630348110871
4,3217,0.017741540287794545,0.0039125361138974
4,3218,0.0011558164412726248,0.0003230037707737103
4,3219,0.015512621050327163,0.0014215443293445513
4,3220,-0.005156202753546489,-0.003479893874375452
4,3221,-0.004667656887909385,-0.003088960482806897
4,3222,-0.0020380720178214758,-0.0019697467843589507
4,3223,0.009091623334100815,0.002739107151789498
4,3224,0.0008696694868120899,-0.0005303258195589087
4,3225,0.008348635474041601,0.001607654696515258
4,3226,0.012050338896777505,0.003913962264400313
4,3227,0.017918236170229026,0.002152549985134317
4,3228,0.015845285813982063,0.005374257374465359
4,3229,-0.011838216511394183,-0.00831203528295933
4,3230,0.008294888102316458,0.0017961953047202397
4,3231,-0.010022705554440837,-0.007105472257493305
4,3232,0.024920816453582077,0.010145963427427428
4,3233,0.024165241782374974,0.0065953520231431225
4,3234,-0.0007061827189890451,-0.0027764268685043177
4,3235,0.007173820470940936,0.0013577068760998634
4,3236,0.010240784245238789,0.0006699092574798728
4,3237,0.009002118149625708,0.003837339773012115
4,3238,-0.01318510522792162,-0.007169495143352103
4,3239,0.023495232895734942,0.005312471302603139
4,3240,0.008358244459933911,-0.0002277671064744375
4,3241,-0.011971744092862882,-0.007750897875138631
4,3242,0.0033970761998359323,-0.00021525929129792833
4,3243,0.01795558417299528,0.005163751369192039
4,3244,0.0057572868511688,0.0005696956240835104
4,3245,-0.016143867884499504,-0.004979880938533364
4,3246,0.021472602693510676,0.00718297062921427
4,3247,0.030962799528890455,0.009872929609469398
4,3248,0.023292751064282295,0.00449668690804641
4,3249,0.008482101154516749,0.0026476580329769174
4,3250,-0.007330170014615898,-0.005285832869536171
4,3251,-0.01254817744335108,-0.007450766734500122
4,3252,0.0011235349888498267,-0.0027534418540738066
4,3253,-0.013866460835055905,-0.0044707915742018805
4,3254,0.0017294213900040198,-0.0038740374179062472
4,3255,0.017624311605437506,0.0031666750489309863
4,3256,0.01419969994070868,0.0022933078910040874
4,3257,0.00458592824312067,0.005036382005157859
4,3258,0.005390665368388148,0.0005723231951424353
4,3259,0.061278329146987234,0.020961205298224463
4,3260,0.017435954136353873,0.0012588474007632717
4,3261,0.0018174684923968113,-0.003440691023571347
4,3262,-0.007346016326762167,-0.006605226256479072
4,3263,-0.0051340624707989215,-0.002636868981176988
4,3264,0.0007564474366824901,-0.0036787121319380336
4,3265,0.029916664150546314,0.010784501918786807
4,3266,0.016865243534985603,0.0073056684018531865
4,3267,0.009052222116110474,0.0022953295816142264
4,3268,0.015892264610606766,0.002445953619905711
4,3269,0.023712537990914894,0.0027597378861142037
4,3270,-0.009003286853069952,-0.005146424544122118
4,3271,0.011554543016101758,0.0012490714646508545
4,3272,-0.0022893159613023733,-0.0013524716245458977
4,3273,0.019900061315355936,0.0002788512652829578
4,3274,-0.008917409631498056,-0.006199236912070082
4,3275,0.007600696211800387,0.002509018777405643
4,3276,-0.012646008687054679,-0.0075034998590713005
4,3277,-0.00731955144681526,-0.006250739225915236
4,3278,-0.006091043205982855,-0.001633183268710711
4,3279,0.010069551697898473,-0.0001469661977665325
4,3280,0.031039838061531863,0.010086748423693592
4,3281,0.008168160276387516,0.002526311050284914
4,3282,-0.005492792709302407,-0.005633825383220539
4,3283,0.0305410943227746,0.007662545769035486
4,3284,0.0136297856805638,0.001959450245520888
4,3285,0.016664486881125307,0.002416654841252041
4,3286,-0.00801262694788828,-0.002975905436252056
4,3287,0.0014880372527051365,-0.0019487183451513078
4,3288,0.03278307226701694,0.006882875815422389
4,3289,0.012847290800107406,0.00483225252998343
4,3290,-0.0031082527296128707,0.0016629483667454463
4,3291,0.002725295752823296,-0.0011186736887967845
4,3292,0.008084903249055414,-0.00043468347422969
4,3293,0.01514380353676731,-0.0007880126443846338
4,3294,-0.0076456792673044015,-0.003856438568014847
4,3295,0.008871653686683445,0.0010547874779327279
4,3296,0.0025472868608721944,0.00013134692701244599
4,3297,-0.01590353310834089,-0.006216302553059142
4,3298,-0.014366519129740832,-0.007648900380820651
4,3299,-0.016830094602504356,-0.0069387595978906355
4,3300,0.003938956498484835,-0.0027246608046734735
4,3301,0.012415186686912218,0.0034843393394657163
4,3302,0.02304171758538936,0.0056987325090995305
4,3303,-0.0057486680738293725,-0.002206152158740206
4,3304,0.0038843310997571092,0.00042927539056317274
4,3305,0.002826657449498197,-0.0026398201908465146
4,3306,-0.028449766092069898,-0.011752471767570608
4,3307,0.02616619018911331,0.0068349643802350195
4,3308,0.03058511769904647,0.007101445785723066
4,3309,0.01102214966974505,0.004267094300398616
4,3310,0.008207305271094482,0.000898656236647395
4,3311,-0.00455294875969738,-0.0027375435739981674
4,3312,0.034324962495001984,0.011901867304811275
4,3313,0.018547965747628316,0.0021925664882178368
4,3314,0.016589310972521424,0.002377401387632898
4,3315,0.028716079006448278,0.008416400151538918
4,3316,0.018642532865174654,0.005412368856950585
4,3317,-0.014706842783023772,-0.008326480674040277
4,3318,0.018028829222134182,0.003985545288888987
4,3319,-0.009565458814961191,-0.003779173243096374
4,3320,0.02225814798078621,0.004349439551251885
4,3321,0.009746660500349535,-0.0012439094034811886
4,3322,0.01494761241639083,-0.00011223372639583653
4,3323,0.007727773598698867,0.0020251757982178635
4,3324,-0.004735661330994569,-0.0011131767118156785
4,3325,-0.005536858393926235,-0.004160979855205688
4,3326,0.01686689184678759,0.006721963553955923
4,3327,0.024521450772535338,0.007772318376626541
4,3328,0.016611111604382424,0.003685678471793123
4,3329,-0.0008715538432926027,-0.004706794321107852
4,3330,-0.009624504972694166,-0.0077546870374903725
4,3331,0.0004936340682957445,-0.0011011981403305636
4,3332,0.014156368913404238,0.002557427771161691
4,3333,0.018710163157954426,0.012099347019491514
4,3334,0.02235297408948634,0.008664426745082797
4,3335,0.018378740506610067,0.007444549332302424
4,3336,0.016050004429731174,0.005873909543156444
4,3337,-0.005805582182226937,-0.0047786457738618286
4,3338,-0.006072302631103422,-0.0051773068745452734
4,3339,0.011306804489308556,0.0019678031655876362
4,3340,0.014183108426970355,0.00197449900296549
4,3341,0.02639342963545284,0.006370415879292876
4,3342,-0.022875563560798916,-0.009347654160830826
4,3343,0.007856546642117558,4.745413198780447e-05
4,3344,0.04008293903114011,0.009887825143548946
4,3345,0.015922142989148434,0.004826523032262074
4,3346,-0.00186038395290797,-0.0019219088323770806
4,3347,-0.004935908474045244,-0.003044684177799528
4,3348,0.013686951808735259,0.0024070044148373103
4,3349,0.011471065451005237,0.0035768466285278078
4,3350,0.02833195652435131,0.009741486494814296
4,3351,0.009251347189339745,0.0009495222374962559
4,3352,-0.007247852155458462,-0.0007582141081271407
4,3353,0.014204494679519824,0.0023061272093683437
4,3354,-0.025192964692496496,-0.012691876736588304
4,3355,0.021334370317098107,0.00453413247903487
4,3356,0.008313337661434952,0.0009696361064323282
4,3357,-0.002096507661618436,-0.0010044516055115246
4,3358,-0.008730847384424251,-0.005737662553729613
4,3359,0.0274248740649394,0.007284528857271833
4,3360,0.02042901943219731,0.002374267366831251
4,3361,0.014303968070556556,0.006868091062027499
4,3362,0.021180864860436195,0.004522106002546178
4,3363,0.0041024150009331675,0.00032239197157270884
4,3364,0.020507383853949568,0.007961527247552568
4,3365,-0.014400310088466973,-0.008744908019155128
4,3366,0.02856760822687722,0.005170076485423269
4,3367,0.022636573493366906,0.004983938288783571
4,3368,0.017535780420044268,0.004112985017521257
4,3369,-0.023871510456849567,-0.01133703703844878
4,3370,0.012920065127209246,0.004802297961339461
4,3371,0.015383230607501732,0.004281545718179851
4,3372,0.019878646829941365,0.005056076748669075
4,3373,0.007777685399053973,0.002747085647017704
4,3374,0.016344200657011268,0.005425016033043675
4,3375,0.007228597497470173,-0.00017359578966408932
4,3376,0.0033528192260149385,0.000722856093595493
4,3377,0.0015626268603325067,2.2026604673816296e-05
4,3378,0.024843382054071904,0.006281247562716815
4,3379,0.0073204181939344115,0.0028419263600842066
4,3380,0.00809746262329315,0.006299919499338285
4,3381,-0.00014874188234139646,-0.001978021942673004
4,3382,-0.004018564577865154,-0.004165673245069336
4,3383,0.02373076397948654,0.004455431865525424
4,3384,0.005397134971481495,0.002047444726725499
4,3385,-0.004857407725119335,-0.0027616496553776425
4,3386,0.028384846353851512,0.0032377092446597986
4,3387,-0.020600103041609873,-0.011349139720170962
4,3388,0.017944826589964886,0.0036962956357738455
4,3389,-0.010701728078184744,-0.0055363992991831566
4,3390,0.007031039836175398,-0.003406179041757728
4,3391,0.006982168670293392,-0.00011667887924388486
4,3392,0.0330972568973189,0.005267549378534112
4,3393,0.006554467602915966,8.64498754733499e-05
4,3394,0.0005114006158028104,0.0008889151854195474
4,3395,0.02935463446841965,0.00669980516684642
4,3396,-0.004783757739222807,-0.004360171920584661
4,3397,-0.018097433857505688,-0.006583838916233016
4,3398,-0.0005541920730082135,-0.003132854312442857
4,3399,0.008403166381451804,0.004704000247243788
4,3400,-0.003898011669942889,-0.005311845892930608
4,3401,-0.006173823191497823,-0.005682285185165315
4,3402,0.002600614942646994,0.0023014515824531932
4,3403,0.046712023547335266,0.012390090749242669
4,3404,0.02032012548075307,0.004202079775473533
4,3405,0.003647923802788911,0.00101271150124898
4,3406,0.012712271796475908,0.003493998751147571
4,3407,-0.02610435112438376,-0.009285982435472977
4,3408,0.006057898189402534,-0.00045900055611114795
4,3409,-0.01944107597628464,-0.0041814744081706675
4,3410,0.000926366749869786,-0.001805776763968804
4,3411,-0.01506130066190004,-0.007352101532447044
4,3412,0.03577038888538802,0.006523187295170519
4,3413,0.025180386845913734,0.008868543387374576
4,3414,0.032913922329367656,0.01342657936385918
4,3415,0.014922337150018035,0.0035736067797264345
4,3416,0.017491329412175412,0.009423921893869943
4,3417,0.01281089381164642,0.0004074688507909709
4,3418,-0.0009478252362083669,-0.0021425312662118425
4,3419,0.008203170988121017,0.0019290571640716574
4,3420,0.019228014499060316,0.00861054022909077
4,3421,0.015335639745925308,0.004392974153342166
4,3422,0.018852796218916595,0.008499620830954617
4,3423,0.02256847760234665,0.005263980096991098
4,3424,0.010539127590537557,0.003500804646815696
4,3425,-0.0031449190202556053,-0.0028898400023116264
4,3426,0.003607373939408502,-0.001015939769377864
4,3427,0.026092730009507122,0.003579164039560967
4,3428,0.016588754089481222,0.007125548929129615
4,3429,0.008684007182982878,0.0018903852668141466
4,3430,-0.013159243376942383,-0.003077597167842955
4,3431,0.007841035301767947,-0.0006468928433911875
4,3432,0.022569933176071613,0.0072219100546492354
4,3433,0.02765438300851652,0.006225730609863366
4,3434,0.00010663164077030749,-0.0007110667256333858
4,3435,0.004320670220536385,-0.00039997845046904645
4,3436,0.030096728351860724,0.01033930753389167
4,3437,0.01599891879760292,0.0034854126023195057
4,3438,-0.004514146637008241,-0.001693556885518701
4,3439,0.012405939629087918,0.0021910678742901486
4,3440,0.011173766541263187,-0.000717925486451186
4,3441,0.009443993939414962,0.00139409407162617
4,3442,0.030809970910936287,0.009189095329487472
4,3443,0.01156364424000094,0.003385385386393433
4,3444,-0.00035548879775551594,-0.004257095364550757
4,3445,-0.001423395339648895,-0.00040089248831685047
4,3446,-0.0058415592323139524,-0.005583870773236916
4,3447,0.016269569756427814,0.002320208643898456
4,3448,0.015744453974879665,0.005586418282888267
4,3449,0.028429639172421587,0.0082292277431188
4,3450,0.018023520403701688,0.0059467993569020045
4,3451,0.01010844525641984,0.0008682193987611044
4,3452,0.025056152504436668,0.007402842706015613
4,3453,0.0001967696876636221,-0.004135412603020524
4,3454,0.0007367793038448022,-0.0011067052197612007
4,3455,0.04081443070898127,0.011855288172114077
4,3456,0.001558800830453369,-0.001565479418685119
4,3457,0.023845668404698695,0.005553153378210708
4,3458,0.037092544676431694,0.011941171579629343
4,3459,-0.002787274101380914,-0.0014101318584136917
4,3460,0.002981036491950804,0.0011447687780717713
4,3461,0.02689107909730817,0.007983004332352743
4,3462,0.013727990372800553,0.004295654044420683
4,3463,0.03677969120990424,0.009456935052030374
4,3464,-0.0005564528466021735,-0.001134852548087077
4,3465,-0.0032695205014223803,-0.004087690477972504
4,3466,0.004092370611469726,-0.0020364065618024736
4,3467,0.027242948094910187,0.0045512689201166
4,3468,-0.0020597296258042567,-0.002119358277368408
4,3469,0.0048471041958025336,0.003971659422833889
4,3470,-0.002512003458594807,-0.002840205388793958
4,3471,0.023406954659651168,0.0051138007987265475
4,3472,0.001668917127982634,-0.0017319777244049147
4,3473,0.00520659697281669,7.829739772056368e-06
4,3474,0.03624177378320213,0.00811076144009871
4,3475,0.00939094993273001,6.614012398442153e-05
4,3476,0.02552517471158522,0.00907006934111372
4,3477,0.04140090662473968,0.011285901714863307
4,3478,0.016859729675490053,0.0018072457623223806
4,3479,-0.009951919649311908,-0.0033294924357298427
4,3480,0.025669820339001528,0.006030832408962583
4,3481,0.012020029905819195,0.0018773020062802666
4,3482,-0.019135952272377407,-0.01066140172643268
4,3483,-0.0049887434818871625,-0.003150103080834544
4,3484,-0.006394925816020872,-0.0032051620053295178
4,3485,0.0016034371035471837,-0.0006638448336393033
4,3486,0.023166034726372717,0.00579736718019228
4,3487,0.025509192794621775,0.00790047398855782
4,3488,0.0429942601136163,0.014143501334658838
4,3489,0.003540304376982541,-0.0027162707731235246
4,3490,0.00829946243515627,0.0030551089458952375
4,3491,0.01650557030863049,0.002823193611958427
4,3492,0.014364947606765998,0.0012899210587650936
4,3493,0.03184533418962498,0.009498954708426072
4,3494,0.007659065388157781,0.002521281158290928
4,3495,0.019552134639935336,0.0031477906591167552
4,3496,0.001948751995503146,-0.0030912616278477942
4,3497,-0.013567820182817878,-0.007042894540995665
4,3498,0.009267432645320596,-0.00037426513997075367
4,3499,-0.0013685639297850891,-0.000799945957997746
4,3500,0.02342905307194984,0.006843656181426981
4,3501,0.03460027075851733,0.010530949570334753
4,3502,-0.013838128822679163,-0.005548309221825298
4,3503,0.026344627306972,0.010487838234053871
4,3504,-0.0007313172792416459,-0.0023805891368694075
4,3505,-0.0036786165274226216,-0.005641306248927239
4,3506,0.022073364142874283,0.00610387474541847
4,3507,0.011403098415485447,0.0005204640343520954
4,3508,0.03855924027479742,0.01074122919411515
4,3509,0.007423048461246739,-0.00010782440326151887
4,3510,0.010100136614316172,0.0014966069007176833
4,3511,-0.000134303653328987,-9.175579572091218e-05
4,3512,0.02233883290273158,0.007659341599804995
4,3513,0.006410983624346645,-0.0004770062251670139
4,3514,-0.0015436570807596931,-0.0038998071614441635
4,3515,0.00835082541837665,0.002107845743279371
4,3516,0.010999270902175711,0.0010965659183313436
4,3517,0.0030494224923782775,-0.0011709715093016738
4,3518,2.0329752765137477e-05,-0.00033538239971983607
4,3519,0.01017136701107749,0.004332296947255839
4,3520,0.024346462297697696,0.0041104746244487525
4,3521,0.02786723936902295,0.005228543636534021
4,3522,0.02142281524082431,0.0029228528436882465
4,3523,0.03641709286282155,0.010132945252578988
4,3524,0.015474777564156638,0.002816312028348068
4,3525,0.01361061198092324,0.00442554787859156
4,3526,-0.0010698164003590989,-0.0023279136824980932
4,3527,0.023530658667676268,0.0034806206029143953
4,3528,0.018197683731317547,0.003921450104656353
4,3529,0.02690972344777534,0.005509615663418145
4,3530,0.017611440230401464,-0.0007492011342096596
4,3531,0.015735626146408326,0.002916694157431086
4,3532,0.006873061408416417,0.002169590332873629
4,3533,0.03329512247235529,0.010563189132008929
4,3534,0.007454733651736489,-0.0006907587244709489
4,3535,0.0013215317618327132,-0.0027363635804025246
4,3536,0.017309817014511987,0.004579823705410434
4,3537,0.01944146266990278,0.0054743341763283495
4,3538,0.008529098528591355,-0.0029987161103242894
4,3539,0.01817016140949691,0.0048924393157381615
4,3540,0.022947920073437607,0.006676900955438515
4,3541,0.03415269596919904,0.008844672403687132
4,3542,0.003037814159797754,-0.00010250830218091424
4,3543,0.0043235740864666534,-0.0016793872938707876
4,3544,0.018386537562263244,0.005573955450507846
4,3545,0.040300551506053606,0.013871550752676605
4,3546,-0.012933245624416593,-0.005928568980252385
4,3547,-0.002739229617941422,-0.002123565427418637
4,3548,0.0077918289113467374,-0.0010914868685142568
4,3549,-0.023543874561665085,-0.007465100250038524
4,3550,0.0341759807440376,0.006384856664085362
4,3551,-0.023824004699960353,-0.010260459518547248
4,3552,0.024994738154900553,0.005957760925789685
4,3553,0.018513924420223954,0.005074492207667719
4,3554,0.0204101873936389,0.008397974509864252
4,3555,0.0015281547028289494,-0.0002604397652601547
4,3556,0.015025887074392636,0.002978578288089731
4,3557,0.0011418503418196542,-0.0014742449597153627
4,3558,-0.004260349207900224,-0.005228227159699125
4,3559,-0.007873937849261646,-0.005742327249770196
4,3560,0.025975531724428846,0.005956155598703209
4,3561,0.0029435753436260156,0.0009519016493021332
4,3562,-0.002402593066552597,0.00042032143181422655
4,3563,0.00987584257203881,0.002110027097195028
4,3564,-0.012164223434318387,-0.004698817849532999
4,3565,0.009170402459556165,0.0013958737853635933
4,3566,0.013809337185401801,0.0022053480338169737
4,3567,0.006168503187374653,-0.0012426062274576138
4,3568,0.000922201085863957,-0.0039725807925376
4,3569,0.011186209705325242,-0.00014901828733233547
4,3570,0.0034068483708608057,-0.0007426026867328272
4,3571,0.006253491252077648,0.0008557336993966633
4,3572,0.0034040191904129275,0.0011088464112060405
4,3573,0.01387074304333362,0.002486206376141807
4,3574,-0.014977714284132934,-0.0056832940982845925
4,3575,-0.005453926129292175,-0.0012184300021788853
4,3576,-0.02883539868925452,-0.010914365815124059
4,3577,0.031613825610467425,0.00915649071282822
4,3578,0.019033133301609894,0.005593429757170407
4,3579,0.0009357755964597288,-0.0010547068255416967
4,3580,0.006568736255505308,-0.0005192070554508468
4,3581,0.019578191353595092,0.006026917396936196
4,3582,0.007648716106373544,0.0007063740754968092
4,3583,0.0014717771587421545,-0.002473305074122034
4,3584,0.016098247181977193,0.0024608373748618026
4,3585,0.013682556992763753,0.001529522154092742
4,3586,0.023488852796404894,0.005564078039182144
4,3587,0.017425190246906263,0.0018149935307003864
4,3588,-0.013676981404130999,-0.004896126812566055
4,3589,0.013005617345834938,0.0038714352399364447
4,3590,-0.005660222718877373,-0.004312453172355367
4,3591,0.01105434932422761,0.001956269513628485
4,3592,0.013572333901608141,0.0021080277656351405
4,3593,0.007617305942121576,0.0023949908030774228
4,3594,0.008299770287396702,0.0010491447068661864
4,3595,0.009533211567122743,-0.000524032321956087
4,3596,0.020566409404247508,0.002807976405876715
4,3597,0.0062532685942321324,-0.0027700302344601797
4,3598,0.00022763272627078965,-0.001103496762047794
4,3599,0.015265648049430666,0.0028145695067771184
4,3600,0.01580569173327604,0.004820783365704489
4,3601,0.011123165117023284,0.002258113658331562
4,3602,0.009413881203046384,0.001971377813172757
4,3603,0.012433923605464609,0.000858935837516064
4,3604,0.009712569172335761,0.0038545736849399815
4,3605,0.008339081492583326,0.0009476323569598665
4,3606,-0.0016245983768083615,-0.004343613354135813
4,3607,0.008435595214712323,-0.0016848215913187671
4,3608,-0.019813715142582983,-0.006606660204293195
4,3609,0.011667651180907103,0.0019883329862143686
4,3610,0.017596825214510645,0.005994612663748206
4,3611,0.022931274570149422,0.0063785740067872345
4,3612,0.00882878086949041,0.00010489515435429885
4,3613,-0.0026867813423584446,-0.004987550092822915
4,3614,0.008032706265754511,-0.0025637300869330473
4,3615,-0.005176393511354077,-0.007214894685182594
4,3616,0.028676576838358024,0.008801228030053765
4,3617,-0.007227359469157957,-0.0045243852600886595
4,3618,0.02557359371209544,0.006156170336825838
4,3619,0.015003990043870305,0.0019154861316916648
4,3620,0.011314532547178529,4.674094589097937e-05
4,3621,0.02102040433423393,0.002766724964238861
4,3622,-0.010482299049788379,-0.0070121534238397065
4,3623,0.011050186180252887,0.0014551001859307864
4,3624,-0.022891735104115324,-0.0077301442140703955
4,3625,0.013178624709919347,0.004036192956201524
4,3626,0.017794894798705527,0.0021569806278369046
4,3627,0.018754238720337033,0.003923810192616412
4,3628,0.0020592373110880713,-0.004052283437226294
4,3629,0.004651396609219005,-0.00171870183529924
4,3630,0.0028539535772138633,-0.000978941904419176
4,3631,0.015904470356353156,0.00423670596673339
4,3632,0.023702663830729172,0.004817676808397359
4,3633,0.007526923302831451,-0.0006615168589693189
4,3634,0.015582051646128707,0.0031736815696297156
4,3635,0.018846759446484736,0.005196538477436557
4,3636,0.029419118150996727,0.007069440035901319
4,3637,-0.005399915187285735,-0.005908377504100864
4,3638,0.002789482417288151,-0.000443987555978022
4,3639,0.02526075485629268,0.007914991771149413
4,3640,0.010209568053474638,-0.0007658816176562308
4,3641,0.012559592071210742,0.0023871432506359226
4,3642,0.014350003823721437,0.0017158304833125128
4,3643,0.003195097997439104,0.0019768898601894903
4,3644,0.02731999459841864,0.0039393687414578295
4,3645,-0.01026858986000475,-0.005607278774746168
4,3646,0.0017536149710550895,-0.0008020104053380007
4,3647,-0.005471893649560157,-0.00390644265291875
4,3648,-0.012177147883809396,-0.006837047417077568
4,3649,0.014064627209949032,0.0038237438295270067
4,3650,0.012186328969070225,-0.001726798568890691
4,3651,-0.012240701947724818,-0.004561672159029324
4,3652,0.013362562816930901,0.00045428998859281327
4,3653,0.015014188127882494,0.001475286456838781
4,3654,0.01872575876523363,0.008319997848163516
4,3655,0.014237323603884565,0.0032908548306615796
4,3656,0.004729402265626332,0.002183500546251495
4,3657,0.012647423561457745,0.004081110482694023
4,3658,0.012921092216456377,0.0014679415525505775
4,3659,-0.005421571518270633,-0.004823126335635739
4,3660,-0.003377431325529294,-0.0027819902605196664
4,3661,0.008056533605175461,0.002271138786646258
4,3662,-0.0038548198921593453,-0.005106400267032605
4,3663,-0.01034216981873084,-0.005764456635896991
4,3664,0.0026720083151758845,-0.0001139264568610006
4,3665,0.02849636416309032,0.006487034947840849
4,3666,-0.0027470193784945238,-0.002135854398126725
4,3667,-0.0030047855968142107,-0.0037113471905489965
4,3668,0.008851964989464781,0.002655793494292593
4,3669,-0.006450621113362581,-0.007161258249789856
4,3670,0.02055103157545828,0.0036028024366709646
4,3671,0.015490064807542999,0.005213124492806235
4,3672,0.019355846313876175,0.007653333987302213
4,3673,0.03098830406996363,0.008125379582359905
4,3674,0.014350344689448683,0.003584191050157449
4,3675,-0.0003496387832697798,-0.0016826533087922514
4,3676,0.0214946730337778,0.006271311143855065
4,3677,0.03065450343508379,0.008229588712969681
4,3678,0.007475471167021791,-0.0020251667425057575
4,3679,0.0044674929660476195,0.002042648390874225
4,3680,-0.001397707863477121,-0.0003576603629448292
4,3681,0.010230203743740384,0.0029959032192565065
4,3682,0.010310978722974295,0.0007089875834398499
4,3683,0.0028294853504777255,0.0004459086222755097
4,3684,-0.0036944275088879345,-0.00392762952721879
4,3685,0.026817405198154464,0.005920819193730618
4,3686,-0.001887037673630774,-0.005328433677020321
4,3687,-0.003960289817363516,-0.0032579948215057273
4,3688,0.016013456961349596,0.007733446150979259
4,3689,-0.0007150372424592654,-0.004069910760955148
4,3690,0.011156463474918315,0.0002770726746402785
4,3691,0.011351397745104692,0.002298265405179574
4,3692,-0.004642099920082998,-0.002141210552209348
4,3693,0.02447140703181436,0.005611787482026129
4,3694,0.009600075502989134,0.002112120251914979
4,3695,0.01888807883055047,0.002089760679602443
4,3696,0.025887706126652,0.004228096238638809
4,3697,-0.01090490497056838,-0.00208669047535554
4,3698,0.01244822381133137,0.0017939601835702422
4,3699,0.03834184105062579,0.010277085445152042
4,3700,0.04030135703730749,0.010652216798231173
4,3701,0.009461459640257547,0.00033696104599528624
4,3702,-0.005247656121395632,-0.004238395548497195
4,3703,-0.0005152909591231941,-0.0010901364807608944
4,3704,-0.011762562586114972,-0.0044392142672898495
4,3705,0.014658517934593903,0.0021719904869837384
4,3706,0.014762958455624963,0.0024448028873022562
4,3707,0.0039118127062813726,-0.00072801165294934
4,3708,0.033799569180329364,0.01442735059098006
4,3709,0.012517966826176423,0.004292250578972598
4,3710,0.03163251823978238,0.006586687086121095
4,3711,-0.021885925362097637,-0.010729008115673472
4,3712,0.014005289144776304,0.004064575108275763
4,3713,0.03100337676219066,0.009085033852258242
4,3714,6.475849113872159e-05,-0.0034878750062790316
4,3715,-0.010975488154619,-0.0021663646939853285
4,3716,0.0013764306639417697,0.0003994095445401696
4,3717,0.018160436678140154,0.006004951573489639
4,3718,-0.0032539612411390394,-0.0018715724704331327
4,3719,0.01162660191021281,-5.216356922201375e-05
4,3720,-0.006021472950644844,-0.0037131206045867256
4,3721,0.011057654623717465,0.001511836126316815
4,3722,6.014950674643778e-05,-0.0003893378870936475
4,3723,-0.0007461492865499996,-0.0007223829191399902
4,3724,0.005485440107233394,-0.0016682154585110033
4,3725,0.032790304804616144,0.008553873605830814
4,3726,-0.013406133796055441,-0.004056596011364612
4,3727,0.002931634095728164,-0.001888159734765866
4,3728,0.02107132410831987,0.006447257467664571
4,3729,0.0014109414026482114,-0.005341949608164339
4,3730,0.00633689018735125,-0.002644710712566315
4,3731,0.02901445342627811,0.004515940172670977
4,3732,-0.005291984683014122,-0.007016024074826268
4,3733,0.02063083833699078,0.005231282691657102
4,3734,0.020957527750891967,0.003209414231992053
4,3735,-0.00777116353303525,-0.004667116246306041
4,3736,0.006482408923688869,0.0013924920245233711
4,3737,0.009170343596118829,0.0004926585309191155
4,3738,-0.009396333128201336,-0.00316521753753151
4,3739,0.006364354181217773,0.0006067334610035318
4,3740,0.02053243667081029,0.0035972116228934754
4,3741,-0.01393740772504215,-0.005844355980169041
4,3742,0.0251545263744604,0.005868904895515355
4,3743,0.011526376821968049,0.0026173811509588706
4,3744,0.02742210746624897,0.00965585263057313
4,3745,0.015321923210274082,0.002915484106614855
4,3746,0.014061410223773633,0.0053320568885952165
4,3747,0.008472478361273818,-0.003227170105856329
4,3748,0.0374045459269722,0.010386209043414939
4,3749,-0.0014922576743191898,-0.0008756496131011646
4,3750,-0.003414625680947713,-0.0013702862934850222
4,3751,-0.009153015576598532,-0.005406321007542211
4,3752,0.027180677940143567,0.008463598221024769
4,3753,0.039554765891598204,0.012217568781149239
4,3754,0.01981955828423841,0.006085179779127518
4,3755,0.011364461813075006,0.0003016983998896773
4,3756,0.013302588494233821,0.0026694964307031905
4,3757,-0.005772230168149386,-0.007043261208097417
4,3758,0.01981135761341444,0.007036754783874068
4,3759,0.02298513106597814,0.007695774485956254
4,3760,0.013193827076864817,0.005365499898720906
4,3761,0.012861363792567275,0.0017112425920784845
4,3762,0.00809423051991742,-0.00208874613201075
4,3763,0.0181973865628652,0.0063071002148095716
4,3764,0.012891668950424744,0.004738806968613557
4,3765,0.013549028300055634,-0.00020152403036690413
4,3766,-0.009329095472632434,-0.005866035164138179
4,3767,-0.002266083887672489,-0.0038662945018175664
4,3768,0.022707478080083297,0.005313248509599643
4,3769,0.01112094398035688,-0.0007968558212739638
4,3770,0.032331131778031916,0.00984060746888186
4,3771,0.018894261560866807,0.003942774434035325
4,3772,-0.00011763201201583863,-0.003675802925778628
4,3773,0.029974122931658142,0.009383526923988576
4,3774,-0.01875198826075624,-0.006724947688774067
4,3775,-0.0012190578034322792,-0.0023691831928323547
4,3776,0.0061010089285617455,-0.0013267795418668608
4,3777,0.02670077255349009,0.008646192085267993
4,3778,0.039371536985501596,0.013990219725828435
4,3779,0.03037496794976338,0.009605384507109458
4,3780,-0.007046204552755126,-0.004182642966146374
4,3781,0.009641754205209165,0.0009364874758278788
4,3782,-0.022095625359132638,-0.005566783733011525
4,3783,0.01217428367733232,0.0012907553971381765
4,3784,-0.01346044045440244,-0.006942099608939616
4,3785,0.04433674701931158,0.015103360373641147
4,3786,0.006321693772782302,0.00019177723464822142
4,3787,0.021513298387363253,0.002990792858527967
4,3788,0.007528257895145102,-0.0012205587998438889
4,3789,-0.0019792132005163102,-0.003623543559190846
4,3790,0.012841076559665064,0.004327478143371645
4,3791,-0.00018525092585973304,-0.0032768922370457446
4,3792,0.03305087013471903,0.011838294605225546
4,3793,-0.007964094875228792,-0.005489146981140644
4,3794,0.008932236141344543,0.0007966416331535981
4,3795,0.02603910537482119,0.007324540896128432
4,3796,0.03607616978155932,0.009302180468385267
4,3797,0.005143744040663366,0.0011800953442346674
4,3798,0.01713042844321636,0.002238073910147763
4,3799,0.013710074523574426,0.0031769302956184352
4,3800,0.0128128410777769,-0.00019912195551073737
4,3801,0.00017588260785915289,0.0010455042762181933
4,3802,-0.010535977730031603,-0.004902312277228668
4,3803,0.006697305920970825,-0.0002719860291595351
4,3804,-0.003636013315512677,-0.003506963154519995
4,3805,0.043628329315669824,0.009648929330198813
4,3806,0.007100429437267818,0.0010990709918680475
4,3807,0.021105390106243193,0.008035266623024971
4,3808,0.013140423738727442,0.002990140601856558
4,3809,0.007823709849738042,0.002572264100489494
4,3810,0.001747132410887021,-0.002952827186945537
4,3811,0.0014769837695892455,-0.00208863483229843
4,3812,-0.002714332393858009,-0.0020950648898092872
4,3813,-0.00020083783417497033,-0.0014332110070501946
4,3814,0.015011702450012154,-0.0003248211241572505
4,3815,0.010082330233211876,0.0014452438851897122
4,3816,0.007581644000659274,-0.0007712421475793825
4,3817,0.015100318351155138,0.004462242956857851
4,3818,0.014425853889330745,0.0056345617604796365
4,3819,-0.0031724755481782846,-0.0009759067630915496
4,3820,-0.0013423238952230147,-0.0021061898498610757
4,3821,0.034493821862771126,0.010653812790221755
4,3822,0.02209687465896426,0.00606650375481108
4,3823,-0.01078375716281611,-0.0036681839175334756
4,3824,0.019345612703859406,0.00725594072975525
4,3825,0.01977460609471852,0.0034201591966483117
4,3826,0.01096080670493228,0.002371679068594787
4,3827,-0.0013627220423731536,-0.0012617955592511686
4,3828,0.03499471075362032,0.00989700258641893
4,3829,-0.024231436376627863,-0.011745862509716393
4,3830,0.010720970432951409,0.00354604900127139
4,3831,0.00979106304235136,-2.5293811064547456e-05
4,3832,-0.006320178674841055,-0.0027388933086420642
4,3833,0.04166575463609628,0.018581889375879384
4,3834,-0.01658814111296812,-0.005780119481965701
4,3835,0.00012693996376022916,-0.0023637129794388664
4,3836,-0.01484008875193377,-0.005818064105191608
4,3837,0.004689673004152055,0.0010670682289041168
4,3838,0.027226914425676336,0.010477829812935772
4,3839,0.009748631195553357,0.0038445370535741923
4,3840,0.035772881185172314,0.010044416076286302
4,3841,0.010642187069024565,0.005595555164441877
4,3842,-0.023361179455781853,-0.010359612807510906
4,3843,0.01498539750668747,0.00337071862211747
4,3844,-0.01193623755416043,-0.008254391304651068
4,3845,0.025667275410267504,0.005977222450307354
4,3846,0.0019604814344561204,-0.001020157940774632
4,3847,0.02648692743503036,0.007852144284355185
4,3848,0.045081094860738975,0.01118315651033014
4,3849,0.010665227492881827,0.003240184658260147
4,3850,0.018404646925558852,0.006355490497809596
4,3851,0.016708147506775614,0.004651480216854297
4,3852,0.015592176250007079,0.003622459968502903
4,3853,0.007720340646606854,0.0032533321228435177
4,3854,-0.01263657464386312,-0.006106686422929606
4,3855,0.03880754937240446,0.009887577287421942
4,3856,0.03355927586010513,0.009943186404382638
4,3857,0.03784172321073556,0.01337590086763457
4,3858,0.0059273030807106735,0.0014560134256610257
4,3859,0.006805058107005941,0.0002642038099101297
4,3860,0.0008224510476864862,-0.001923629243069655
4,3861,0.003903626272816489,0.0027271248006620107
4,3862,0.01725783954472959,0.004524583194843585
4,3863,0.0034718079382107647,0.00030224657293600386
4,3864,0.013235272212285931,-0.0010346928490269042
4,3865,0.026723347675189874,0.00546278406715067
4,3866,-0.000562142270538935,-0.0013886986443066769
4,3867,0.009043043284162893,0.0012991717012159616
4,3868,-0.014763863950692641,-0.003956848862170773
4,3869,0.0051138956190913045,0.0017607779218432166
4,3870,-0.011802386184094314,-0.00858909859111581
4,3871,0.008640215298608337,-0.001298392496675396
4,3872,0.021390767836679057,0.004326023925022025
4,3873,0.004779976741912827,-0.0012937246986456923
4,3874,-0.01861920446987581,-0.009057478913086503
4,3875,0.028319015383873783,0.007306474488548251
4,3876,-0.010321066317177092,-0.006360748910167762
4,3877,-0.0205172150619091,-0.00883215260566813
4,3878,0.013329111770071471,0.00033264675126239596
4,3879,0.04070503253191043,0.011563216534617941
4,3880,0.024809237813448983,0.006978962409908982
4,3881,0.005028467566298403,-0.00017958596629783684
4,3882,0.007822141542681089,-0.0009377743361159526
4,3883,-0.007745476940461301,-0.005543780915010042
4,3884,0.0012871919868091854,-0.0005372385242655958
4,3885,0.01558743472714213,0.004923119383098486
4,3886,0.009849688531882441,-0.0005673999740437237
4,3887,0.010216153465720372,0.0032567078593966244
4,3888,0.0034239712839100648,-0.0019741581689711276
4,3889,0.02262936273923953,0.005164384073553882
4,3890,0.004882039324978599,-0.0029954703153778086
4,3891,-0.02412824767838042,-0.008556808905709272
4,3892,0.008255618287071725,0.0005942903344569002
4,3893,0.01892937576961245,0.010224181391021304
4,3894,0.014670972500616834,0.00046782603765245533
4,3895,0.003989040808166763,-0.0019659579378967424
4,3896,0.0036680745581271256,-0.0013881946030687266
4,3897,0.041188719621902826,0.011733583118132673
4,3898,0.014220811407006513,0.003092516282336561
4,3899,0.010041242338080791,0.006747401493604248
4,3900,-0.002289144380177738,0.0006994263492543438
4,3901,0.010715692469225492,-0.00020728772379947566
4,3902,0.0050317800763311155,-0.0007137174675402073
4,3903,-0.00037575407988432047,0.001509619461374894
4,3904,0.0015224613422344297,0.0009327872802717681
4,3905,-0.00930057966411999,-0.006880805663262189
4,3906,0.011440790098416804,0.003957286763122394
4,3907,0.00797391020572071,0.003811582538712765
4,3908,0.003888370204988785,0.002036916857226868
4,3909,0.030264773623449624,0.009207277362437247
4,3910,0.0010824525307769849,-0.0026857632316133976
4,3911,-0.00807549187820889,-0.0053861624261560374
4,3912,-0.018350493120454375,-0.008391062166546202
4,3913,0.006920886823867523,0.00351336874160527
4,3914,0.03707483590594748,0.00796403040736345
4,3915,0.0240311734491457,0.005176338752140306
4,3916,0.03038000770889017,0.0058363058205735735
4,3917,0.012541964447627884,0.002090891194143189
4,3918,0.031561039446868853,0.008842587255401468
4,3919,0.01842605506575259,0.0017407352523560017
4,3920,0.024259741201049203,0.010131424355502542
4,3921,0.02504772382962682,0.007651544033516012
4,3922,0.02261572539399762,0.006281719250560049
4,3923,-0.02231398754409731,-0.010026903332773738
4,3924,0.018507874601382382,0.005998200122761143
4,3925,0.03521509495954804,0.008863821613071043
4,3926,0.005739904273921087,0.0019061931110366326
4,3927,0.03451039482394351,0.009704411538687877
4,3928,0.004594232248967173,0.00045440420743311685
4,3929,0.016269537675659366,0.0036158045865036506
4,3930,-0.007066847152928862,-0.004490609452371671
4,3931,0.009921592072483843,0.0014365081019066036
4,3932,0.011594417406025403,0.0014006297438277034
4,3933,0.00823510315800207,-0.0003936947966186262
4,3934,0.007953711709410595,0.0019412220184569864
4,3935,0.0313871947857584,0.00685824956127811
4,3936,-0.008162671479143098,-0.005326148532273123
4,3937,-0.023786328545433957,-0.008621490238505164
4,3938,-0.012914863712649582,-0.007455029506845761
4,3939,-0.014855814833979141,-0.005430499037000096
4,3940,0.014576071179663908,0.004450092526085405
4,3941,-0.01731718417570209,-0.007656976369833473
4,3942,0.011356382411434732,0.0010317119932024322
4,3943,0.010654203883488984,0.00018894773518842692
4,3944,0.016134534927987623,0.004243065430272006
4,3945,-0.00933653127871535,-0.005197253629895461
4,3946,0.01875061934875874,0.004847032097928345
4,3947,0.03584621472955665,0.01085343525690625
4,3948,0.04236201540374345,0.012581580811257318
4,3949,0.005813933200925856,-0.002727755339825833
4,3950,0.012303388400272137,0.00243331172340824
4,3951,0.001762449824389487,0.00019497347467361764
4,3952,0.021977595694930532,0.0059515247273879
4,3953,0.02565436754269901,0.0036609979943105337
4,3954,0.00795102993814459,0.001126262162550283
4,3955,0.008708795005655107,0.0033998102386071623
4,3956,-0.004468260300213357,-0.004435554577929577
4,3957,0.0053349034815591756,0.0025402736831449464
4,3958,0.00867408133952247,0.004759524969716702
4,3959,0.02096823748666308,0.009033430014581078
4,3960,-0.0024869347164986227,-0.004358034009834319
4,3961,0.044877456947522675,0.01247255039626434
4,3962,0.020900422378284874,0.007175109465655808
4,3963,0.015379132508501564,0.003481675464607821
4,3964,0.009718369827753238,-0.002774905679254783
4,3965,0.004516529662094254,-0.0007983351829420983
4,3966,-0.00519101362948658,-0.0016953683800469464
4,3967,0.005934318840370593,-0.00046503849843876284
4,3968,-0.00827059132636687,-0.0024394148452934407
4,3969,0.00816732754952194,0.0016317692908165572
4,3970,0.005907575404905661,-0.0003057837191912403
4,3971,0.011560827827019253,0.0035025484451352215
4,3972,0.006761104140494736,0.006039390934402242
4,3973,0.02047990512796448,0.0024614566685509072
4,3974,-0.01585607479645043,-0.005836231975575479
4,3975,0.03496002568293575,0.010619920343893445
4,3976,0.006316157946886723,0.0008915815337478366
4,3977,0.018548274316798594,0.004624509294346192
4,3978,0.0019135700962510356,0.001998056467642159
4,3979,0.005267582678918082,0.00027522450946929945
4,3980,-0.007887722202225174,-0.004506272739876634
4,3981,0.01011684154248011,0.0028362254790343525
4,3982,0.01617752754345948,0.0062418343942316065
4,3983,-0.013719477404977495,-0.008205151031757046
4,3984,0.019595385130530333,0.001589565267695702
4,3985,-0.007509688188238005,-0.0051002124580888635
4,3986,0.009800503667496532,8.48773076897616e-05
4,3987,0.01669060528472014,0.0026943613648876806
4,3988,-0.013887631378229008,-0.0054880097549704805
4,3989,0.007764829183389738,3.1948267352587525e-06
4,3990,0.0195636462413267,0.004208098534896734
4,3991,0.021389746079892122,0.006157464315013856
4,3992,0.02341140797063773,0.01039303981212423
4,3993,-0.018222619506244476,-0.00892274684664023
4,3994,0.01160792941428785,0.006218793620228483
4,3995,-0.0074250404732042535,-0.0011365852855383996
4,3996,-0.0015742033811241762,-0.0011254842479214223
4,3997,0.012041472676139931,0.0035439199791561086
4,3998,0.015240283811143533,0.0028590840524317877
4,3999,0.021552844585987895,0.005570411116835679
4,4000,0.024511167322143288,0.012221635429033253
4,4001,-0.005553902890891083,-0.006842416484534703
4,4002,0.008836925652480922,0.002891324736196534
4,4003,0.016420373437703428,0.0037404811842555335
4,4004,6.6843940912994115e-06,-0.0019228226974580844
4,4005,0.016964742736561223,0.0016935325287498841
4,4006,-0.005440442945724811,-0.003897574016792075
4,4007,0.007878335890873361,0.002652574343776426
4,4008,-0.004992535660913449,-0.0032829837836420043
4,4009,0.027169267064757696,0.006473058958323058
4,4010,0.0016988036472080097,-0.0022938704378188375
4,4011,0.015472538645653455,0.002595573278620405
4,4012,0.014566013359769784,-0.001564162734220436
4,4013,0.0009525776178836705,-0.003201320369613534
4,4014,0.008400856095767979,-0.000757554678808083
4,4015,-0.013908838233596739,-0.006447998615587054
4,4016,0.01791058092935477,0.0034479424796175066
4,4017,0.02182618993860048,0.005443739850429561
4,4018,0.013128148826793647,0.003791068091826919
4,4019,0.019172663120675143,0.005176735395574933
4,4020,0.008707452797203712,0.0005165753295462186
4,4021,0.01003255986326785,0.006002518651458251
4,4022,0.0198937374673234,0.006004366183544096
4,4023,0.01885617005224261,0.00292516107669803
4,4024,0.006884553026760195,0.004130009166288909
4,4025,0.002364157643146548,-0.00308921046091578
4,4026,0.020069113021460413,0.004946382296124458
4,4027,-0.004816817696012735,-0.005805721938072139
4,4028,0.01809681469935199,0.0027514669638262464
4,4029,-0.024631848974040322,-0.008298980238661628
4,4030,-0.00248774410692195,-0.0016616557028193053
4,4031,0.013354491796222258,0.00242446502438472
4,4032,0.00230071939780486,-0.0013863821920272314
4,4033,0.010175291474665612,0.0024395765111119845
4,4034,0.002224007923128965,-0.0022252546516945853
4,4035,0.005149245599061768,0.0004686440565369726
4,4036,0.02884345242990958,0.005985059891436867
4,4037,0.033645212460101,0.011078831960194676
4,4038,0.010890965094925882,0.0020219340316884483
4,4039,0.01912657860409335,0.005159862370340607
4,4040,0.007403734975035657,0.0018645380687176021
4,4041,0.00480537498627632,-0.0005322425884852354
4,4042,0.012983461104439369,0.004199820862480973
4,4043,0.0012082331363143124,-0.001693420312945981
4,4044,0.013968320175299904,0.0020661163693804405
4,4045,0.016929165839943076,0.004906263765213667
4,4046,0.02027306129569355,0.00565690152659085
4,4047,0.009343091597978663,0.00048272071093472457
4,4048,0.0209591934355319,0.005775162880825739
4,4049,0.02153143472482556,0.007228329645444209
4,4050,0.023810682209872168,0.007840331973673217
4,4051,0.027691495815485717,0.007947581745772175
4,4052,-0.003541170935221766,-0.0022721068133698657
4,4053,0.01297091362017644,0.0025711156511496556
4,4054,0.010078973790814391,0.0018262938120031111
4,4055,0.02539187889305763,0.005786796610877443
4,4056,0.0009079451958607601,-0.00038898154412402605
4,4057,0.0023038953890080595,-0.002249610348182568
4,4058,0.00821878527445669,-0.0002470673742465681
4,4059,0.04244215581911964,0.008389172278067148
4,4060,-0.024512501925035648,-0.011540086961275673
4,4061,-0.003193224340660816,-0.004237518934164411
4,4062,0.022312446459941408,0.0077586761411612745
4,4063,0.013572680197079448,-0.00027040894644482543
4,4064,0.007349003148255989,-1.1011771495816952e-05
4,4065,0.016690263968805796,0.0019750700352442513
4,4066,0.02868953864119172,0.005243308357460316
4,4067,0.010224325158908176,-0.00018961648384631223
4,4068,0.0011622840474529135,-0.0038407816965179468
4,4069,0.008855966780928608,-0.0003997672358561485
4,4070,0.018243657134942574,0.0012046982998724378
4,4071,0.012768603661822588,0.004154066659941331
4,4072,0.01754834082189898,0.008841716436174443
4,4073,-0.0080766125074799,-0.0023470478990184097
4,4074,-0.019320894174995735,-0.0073383153575969935
4,4075,-1.647653803002868e-05,-0.0028267465701164174
4,4076,0.04031354941257064,0.010952746655257197
4,4077,0.017854598627456853,0.006048852442075846
4,4078,0.002472842525864766,-0.002389197197824705
4,4079,0.022845568190159884,0.008966060306030822
4,4080,-0.017082411637480616,-0.004479271478184437
4,4081,-0.0034735644793795176,-0.0043868157073499
4,4082,0.025073374427947163,0.007152559709518225
4,4083,-0.00502649788158009,-0.0050553615152927195
4,4084,0.010487533766419949,0.000799602939494484
4,4085,0.007075832455307775,0.0008299179303273039
4,4086,0.0267434766696874,0.005634376212749651
4,4087,-0.0033850070672030944,-0.0013944150681343072
4,4088,0.0382336395814678,0.008810345378926715
4,4089,0.02739446758224553,0.0054344505632249
4,4090,0.005194494637767241,0.000663609930745542
4,4091,0.013594019926952161,0.0030912119118663233
4,4092,-0.00775313424662664,-0.004090510588703352
4,4093,-0.0007838482371698264,-0.0037016151018654355
4,4094,0.03152733597988807,0.007006550850416364
4,4095,0.001996584824554703,-0.0044998535794074776
2,0,0.014904881995206834,0.005990841829973023
2,1,0.020753813389480655,0.001984342790796701
2,2,0.028186320277104368,0.006663988363206403
2,3,-0.00474384616289051,-0.00018776536528938628
2,4,0.0392225815319342,0.014120706430889692
2,5,0.01575722051993488,0.003893656588714555
2,6,0.0167073381097877,0.0030059487603076793
2,7,-0.008741965201889908,-0.0031650670950055834
2,8,0.006584797299561199,-0.0005601260381240132
2,9,-0.012444475881860836,-0.004814563862937452
2,10,0.01978005917346716,0.006258415544695179
2,11,0.013748004366065094,0.0031544995727910805
2,12,0.013386153041112096,0.003938638047224375
2,13,0.01131079749878358,0.0008413998209740592
2,14,0.017328219902782896,0.005749730006328072
2,15,-0.010068225916263681,-0.006987590928709194
2,16,0.02257961194924042,0.004236818861890593
2,17,0.01703620681809222,0.004336894606792474
2,18,0.030835524575913223,0.009412750378148671
2,19,0.01319211515357238,0.002953021242818999
2,20,0.003019410245598863,-0.003802643920973114
2,21,0.015910793348883463,0.01011072155755945
2,22,0.012227208819039203,0.0008584152470651385
2,23,0.030830955167176634,0.010854166632475836
2,24,0.0038086807297003614,-0.0008689884432992314
2,25,0.018779095923637846,0.009897491417722601
2,26,0.0009928011901787206,-0.0011804919606300942
2,27,0.011648876443020002,0.001045029573804388
2,28,-0.0001530778064318737,-0.003026823844855368
2,29,0.0005741664899653378,0.001624399926203378
2,30,0.009262431623964305,0.00101517963146888
2,31,0.018506027022647305,0.0030811870396478206
2,32,-0.025988499442805128,-0.011907164726978165
2,33,-0.003613359602646771,6.444874018405035e-05
2,34,0.021870210989201645,0.007177172022583835
2,35,0.008788766534395665,0.002169372129862081
2,36,0.0012647746123847265,-0.0016540905659584622
2,37,0.029608316791576193,0.011479023796615303
2,38,0.005187288377593193,-0.0011411914748407214
2,39,-0.007995460318320628,-0.005944013749343068
2,40,-0.001682244555812491,-0.002387969798398086
2,41,0.016600232174884086,0.0020467213384388304
2,42,0.03782130330070236,0.012494646358435509
2,43,0.038738791917667464,0.012554483095637479
2,44,0.019473968039416853,0.005621677497578722
2,45,0.02802733323986799,0.007191184308054906
2,46,-0.01738518730811046,-0.007071842917395517
2,47,-0.0014347417514361215,-0.002639687871334081
2,48,0.020477744647423853,0.004657449586613016
2,49,0.003596904773457514,-0.001145926216558781
2,50,-0.0018235911877728262,-0.003782013509899926
2,51,0.015227413252105174,0.00477780249877452
2,52,0.009856788216107115,0.0007574201085981569
2,53,-0.008515881039380313,-0.007135055009126658
2,54,0.013673613114458628,0.0033200069384032383
2,55,0.026187736423378866,0.006364634523417054
2,56,0.00261540630247223,-0.0001776624463642181
2,57,-0.009434096789308595,-0.004840830066230487
2,58,-0.0034042215193093588,-0.0063391597577478935
2,59,0.0013836343206083991,-0.0030852180533685342
2,60,0.010691652742868717,0.003552518133433675
2,61,0.009263206953824906,0.00039176511880770545
2,62,0.01642908094376417,0.008222383262349968
2,63,0.008863239246534454,0.0019285379600060871
2,64,0.020270314241989072,0.005240845194886261
2,65,0.02620647656845512,0.004011536764788351
2,66,0.004607711727368096,0.002391050064671189
2,67,-0.006345314560635828,-0.004707123579448281
2,68,0.012850329306487012,0.00265984713113629
2,69,0.0027109437441320597,-0.002432856745408534
2,70,0.017510294795344716,0.005028708774080438
2,71,-0.005191087924795414,-0.0007564564065177792
2,72,0.028944096413033575,0.005848088157107704
2,73,0.020270969071092784,0.00685596938909522
2,74,-0.011692719160718446,-0.006334790219495616
2,75,-0.032825632636019175,-0.014354890423530536
2,76,-0.016766907702403456,-0.006887946815585528
2,77,0.013180004499794461,0.0032344338768007267
2,78,0.0119523421963397,-0.0011740724123218533
2,79,-0.0004085479656320449,-0.0002781883099894453
2,80,0.03929861579581039,0.009475987337742804
2,81,0.004253845876749812,-0.0010283292608083033
2,82,0.02424181728258636,0.0036922156174118933
2,83,-0.01292942320936549,-0.005910594110424821
2,84,0.014597712875104703,0.002532101758082382
2,85,-0.010850385799260377,-0.00624665245932431
2,86,0.020284681527262056,0.0012152012909488364
2,87,0.014830825498731114,0.0017844798393860475
2,88,0.014707187818141605,-0.00012101768950586524
2,89,0.028949283480985306,0.006714307734813818
2,90,0.0023172589831562673,0.0019470343896672332
2,91,0.0037515026908840924,-0.0002174870363058807
2,92,0.002787729346319379,-0.0002884334734009674
2,93,0.012857180812853695,-0.0007058146673991985
2,94,-0.020467546210347888,-0.008466065362327838
2,95,-0.0001745506568040499,0.00031462508337559936
2,96,0.0029981648853743396,0.002243082469474115
2,97,-0.0018229476851492927,-0.0025799286177806678
2,98,0.003176612184191761,-0.003972842925914926
2,99,0.04577562927456247,0.011625273667623049
2,100,-0.01906884165429706,-0.006649472946435173
2,101,0.00964793431444601,0.001892818982584757
2,102,0.012164745367863451,0.004813414060223167
2,103,0.00993538337132387,0.005717553077005751
2,104,0.02057940204079257,0.006160132362323242
2,105,0.026147114529448696,0.006451778592797728
2,106,0.019212105672327985,0.004193829865335613
2,107,0.011932988789456846,0.0007470350317942627
2,108,-0.014096058471561639,-0.004616276543182443
2,109,0.004849339321989565,-0.0005561585036047263
2,110,0.0077007706897526335,-0.0002257064914658798
2,111,-0.00581515590893441,-0.0038849092252058936
2,112,0.036122795359359555,0.009864725067274264
2,113,-0.013262668002583598,-0.006903782343479199
2,114,-0.01831660087543425,-0.006694851261211861
2,115,0.008684231868166956,0.0016003792816152295
2,116,0.0011132696260713597,0.001154849926880422
2,117,-0.005008622014591433,-0.0020871311838094944
2,118,0.021227420730727503,0.006529553308381539
2,119,-0.01097839890734744,-0.004378226475152109
2,120,0.007845053368178962,0.002844557313164045
2,121,-0.007752172258797297,-0.0009242920693596577
2,122,0.03875593591111192,0.009454748419404043
2,123,0.0038765587291892827,-0.00193879945572525
2,124,0.04730992778345186,0.013690016241606089
2,125,0.017991997407736434,0.009050230863078894
2,126,0.02618839005336821,0.005300866154659634
2,127,0.00901863573144581,-0.0006253340319940919
2,128,0.0011659117801956981,0.0008114168493030927
2,129,-0.025090972050955816,-0.013081220354975383
2,130,0.000891981403100818,-0.003364214328920293
2,131,-0.001460496627707835,-0.0018158102858955598
2,132,0.012797099034098383,0.0025130811651032504
2,133,0.02345515267349503,0.004949172188262865
2,134,0.009784780017069124,0.0027160444606897276
2,135,0.03731552320939192,0.012158433718799141
2,136,0.03799054961600978,0.007845027454165144
2,137,0.0015541710808055496,-0.000908950043831524
2,138,0.03727399220972805,0.012213438114701235
2,139,0.014402784074516279,0.00361985477888534
2,140,-0.009960377427862621,-0.007767863603347406
2,141,-0.009653173367799193,-0.005273834871798914
2,142,0.0010665934022788866,0.0005081253111356617
2,143,0.013666945971282417,0.0018551384647994356
2,144,-0.004396292889685733,-0.0016636342125837783
2,145,0.008441186777063129,-0.0015490080241239482
2,146,0.013586115532898554,0.002133870981802745
2,147,0.02764644250073452,0.006523520102559515
2,148,0.014265998338943433,0.0019851656659634303
2,149,0.012879854862429877,0.000521077291967532
2,150,-0.0008896549457151577,-0.0038386501064159653
2,151,0.01886382001955092,0.0030009931830845033
2,152,-0.0026970293890365015,-0.0046047316402244975
2,153,-0.003623475558062188,-0.0016282445735965794
2,154,-0.004677453202540001,-0.007413490915627028
2,155,0.02393123744168003,0.007008521488068829
2,156,0.0018556267054254004,-0.0023539231674658437
2,157,0.024804331103920375,0.008592349438084733
2,158,0.019048821223250467,0.0012346520121972347
2,159,0.021457510488662113,0.004087434637069995
2,160,-0.01073926478475155,-0.006337394782936748
2,161,0.011531600793186427,0.001320910886926424
2,162,-0.015227676318707997,-0.005334553929881698
2,163,0.007095489363185318,0.0023494520067869266
2,164,0.01588828656713638,0.007672193884420247
2,165,0.004719766424041822,0.003450323701408027
2,166,0.010651784107426635,0.003262989489423442
2,167,0.01409890937629688,0.005553786031322505
2,168,0.026711856451253714,0.008531723377491212
2,169,0.012596718713942636,0.0019312885916482963
2,170,0.002246058547572188,-0.0027509339068225915
2,171,0.020521646814643742,0.006151500614280375
2,172,0.008118374115736746,0.0007132631071838644
2,173,0.015597675904111444,0.001310121478173882
2,174,0.006179880121729818,-0.0030179183898229396
2,175,0.008219815603845841,0.0008302353567601123
2,176,0.025246764422818486,0.00765393294687266
2,177,0.0035266123937235144,-0.0006863753812621492
2,178,0.04529025899877937,0.016788637457066637
2,179,0.0014881477317949634,-0.0008042208363639037
2,180,0.014806549406966126,0.006802774628219686
2,181,-0.00775917892819198,-0.004224740071481467
2,182,0.012289283205110729,0.005287999034485362
2,183,0.0020749782147610027,-0.0019490780691391587
2,184,0.03842955875835181,0.010657148947979363
2,185,0.001708298575106126,0.001157754160042229
2,186,-0.0037287868299840763,-0.005032318356445916
2,187,-0.00846152908876164,-0.0033702406901092077
2,188,0.030460533649523797,0.0059097864321050134
2,189,0.013245736695018015,0.006151084499550578
2,190,0.011124518533545982,0.00033074650052380045
2,191,-0.0027006694723350185,-0.005433206762244752
2,192,0.004891787857577791,0.0010362462435297133
2,193,0.01519031849438457,0.0007104220873296632
2,194,0.013114211744492385,0.0007851398954703294
2,195,0.004558289846428812,0.0029929268298264805
2,196,-0.007108854628123137,-0.006823070252551441
2,197,0.022060767067057105,0.006401794463004617
2,198,0.03076116264821916,0.009146430519264878
2,199,0.0002558322899750325,-0.002358747817957755
2,200,0.01928353565702689,0.003534064751337261
2,201,0.013048703679110672,0.003161806713949126
2,202,-0.017897670564061618,-0.0075848187227364125
2,203,0.03031072868126788,0.00711482496795754
2,204,0.003958094536254212,0.0012710554212937235
2,205,0.00027004292336228145,-0.0006978805958046988
2,206,0.028917932142811454,0.013191185140162756
2,207,0.00013978610804210492,-0.0022276401780497454
2,208,-0.006789976492525672,-0.003126910344424796
2,209,0.011375484845838607,-0.002658359143459974
2,210,0.01222204244754266,0.0015651815740084292
2,211,0.012060722929522656,0.00024660574073411576
2,212,-0.007197648762452737,-0.0038720653828328935
2,213,0.032391906914734106,0.008313892157216878
2,214,0.004046680286199806,-0.0009827888411626975
2,215,0.020010150999244348,0.00217704869075131
2,216,0.011877707425066494,0.004884177592791814
2,217,0.0068583747493766375,0.0025475338055578655
2,218,0.013485819360335702,0.0002901417497390801
2,219,-0.007254952959719766,-0.005539828606448124
2,220,0.001991050242579022,-0.003355005431382269
2,221,0.009977728157838147,0.003932672746081848
2,222,-0.004488659361391145,-0.0007124501386425062
2,223,0.019780606380924326,0.006100795020569544
2,224,0.011949046895718579,0.004011847792306522
2,225,0.01988627107559613,0.00429370820810976
2,226,0.019040254897456855,0.0040966672115016175
2,227,0.0396042602640864,0.007845098828113616
2,228,0.018493430660849106,0.006405643840390584
2,229,0.007915298017364092,0.0022027433881886306
2,230,0.01080943632293203,0.0011858086203000795
2,231,0.00720157729239237,0.002817511175126024
2,232,0.01411213589639237,0.006234504319396198
2,233,0.016432561602089394,0.003955415066194735
2,234,-0.008030783893362045,-0.003354367511845223
2,235,0.024048492516032086,0.0069140078838026055
2,236,-0.0024798100974349675,-0.0054042717614638
2,237,0.021396785801953554,0.004462129622655519
2,238,0.0023887625409873,-0.004553251581639987
2,239,-0.003936555185373302,-0.002720055972486377
2,240,0.008785391997496636,0.0031247027012061873
2,241,0.006080101696769646,0.0012640909464599376
2,242,0.017503525001312994,0.001873960412284403
2,243,0.031083654787987726,0.012481762594573035
2,244,0.0175479161207932,0.005829215535828647
2,245,0.017619730840804728,0.0037742798887946288
2,246,0.021060135950325114,0.004928111620690481
2,247,0.017711534478187966,0.002576712589169292
2,248,0.03492348241528501,0.009851278757979877
2,249,0.030603014879342413,0.008448679999699373
2,250,-0.014719239474054784,-0.006308609805533278
2,251,-0.004884645547264135,-0.0026466678630942806
2,252,0.014393316980657895,0.0020211592980389436
2,253,-2.051105183054442e-05,-0.0018449343522671524
2,254,-0.005976760310910328,-0.0035035774690346114
2,255,0.006055125983041184,-0.000886281517136359
2,256,0.014282071730721758,0.004894684181891681
2,257,-0.009792328821241696,-0.006097010219320249
2,258,0.012450101576775745,0.00016129891740077282
2,259,-0.011968180756176892,-0.009512024332807319
2,260,-0.018093929729293596,-0.006225898527618832
2,261,0.026732933214511465,0.011164964826880223
2,262,0.01626424022377567,0.0035906192907549854
2,263,0.010611500018983908,0.0023835342488506
2,264,-0.0008012256805705302,-0.002155836657730744
2,265,0.004622406181679264,0.0022119398485932443
2,266,0.00444060895035029,-0.00012482416347486873
2,267,0.008368652236607174,0.0019843656163509886
2,268,-0.002239325141391598,-0.0008899962844294648
2,269,0.009498666272136906,-0.0015086015454219596
2,270,0.00033237629160074865,-0.004139633197320832
2,271,0.019846786636571113,0.005099825740039982
2,272,-0.009431767085224457,-0.004693559872719516
2,273,0.02844526965197387,0.005555049838009928
2,274,0.021747522824547113,0.0066414771722116475
2,275,0.007551854243845649,0.001434112129713704
2,276,0.02558654940149481,0.0064873382650057826
2,277,-0.006871388500122154,-0.0024582193180061013
2,278,0.012589275836333742,-0.0027505135011715674
2,279,0.03300244311415255,0.005616499463549682
2,280,-0.020652517367984492,-0.01159592385442324
2,281,0.028924693136167287,0.010890352199148566
2,282,-0.018405253809714132,-0.008923577521728867
2,283,-0.005051460195404998,-0.003975854389695803
2,284,0.019474076970299396,0.005793836203191819
2,285,0.013314380298920249,0.004711615101229257
2,286,0.03047776927024004,0.005621874509495268
2,287,-0.00038365224715467336,-0.0025003939444323644
2,288,0.017856480483973272,0.006925141897146175
2,289,0.008615722872492132,0.0014618488298867463
2,290,0.014680445285918421,0.003138579078012951
2,291,-0.004124246970196268,-0.0011082155666818038
2,292,0.026256631003664627,0.005079102417269658
2,293,0.015405059561487166,0.004723165589091971
2,294,0.010937492014268498,0.0020809013205626546
2,295,0.0009591552818099938,-0.0050380121939565346
2,296,0.020568982610210115,0.0035142539814321497
2,297,0.021706106782802378,0.00922184285815997
2,298,0.019044414766172,0.0049392088856748066
2,299,0.004290515160874387,0.0022951504650520617
2,300,-0.0014638573939348405,-0.004233510394370983
2,301,0.015712098040018725,0.005101624039044968
2,302,0.008674815113173275,0.0007542317607478763
2,303,0.00499367024165476,-0.00025538887082846175
2,304,-0.00486789284579278,-0.0039012223845759086
2,305,0.004291947189126304,-0.0009044131406912386
2,306,0.030589171101067143,0.007894143937104593
2,307,0.022231047854762546,0.0014447912380525512
2,308,0.007101366457915113,0.0017365279958933887
2,309,0.006094743037741762,-0.00015198733853409634
2,310,-0.0005612112379857862,0.0015189325832844895
2,311,0.00492899201182066,-0.0005677256134281165
2,312,0.026606374341532478,0.0105373423843678
2,313,0.005381605237285528,-1.646740618163879e-05
2,314,-0.0234683235386801,-0.00977088250559056
2,315,0.015233602637483187,0.003106087509262434
2,316,0.011086980055440754,0.0035936589416452084
2,317,-0.010835256248589211,-0.004189805555102239
2,318,0.0204048817734009,0.0062286922386313465
2,319,0.008082753803910913,-0.0013084477752563558
2,320,0.01486210757121829,0.002651364368194888
2,321,-0.009101991746706685,-0.00789826344525001
2,322,0.010992112725917637,0.0013273852191460782
2,323,0.021508678167740373,0.007514985034627242
2,324,0.004609087337915231,-0.001611419541119863
2,325,-0.015830902653846,-0.007945140000081813
2,326,0.013542318584124004,0.003401054763792004
2,327,-0.014718714564709683,-0.00541820912788307
2,328,-0.0004996819013282829,-0.0018085794217205667
2,329,-0.0020491890530067065,0.0006606296352404071
2,330,0.012443659337704109,0.0022496339425401193
2,331,-0.0075149635417853375,-0.00584057394991697
2,332,0.006963820493240252,0.0013629908103620033
2,333,0.006995122416432557,0.002260629925959392
2,334,0.012627907890381991,0.005778629366125357
2,335,0.008462471839222574,0.0020557255190490785
2,336,-0.01507556111593087,-0.00709853286556548
2,337,0.009828214612677242,0.0036764731606802876
2,338,0.014365301828138673,0.004644890714573593
2,339,0.020725376360673963,0.008217006483425028
2,340,0.02429332941904665,0.005088877714885007
2,341,0.024049274723269513,0.006786761395880443
2,342,0.02083480800980833,0.006567878783323059
2,343,0.015426259929803319,0.004256018114260442
2,344,0.02971896687549673,0.006979542680495564
2,345,-0.01240175409162425,-0.004463059056449804
2,346,-0.013902783398343145,-0.00782709955991736
2,347,0.021511475348839244,0.007318853906960233
2,348,0.019919203186261326,0.0022001607315700914
2,349,0.015486167929120932,0.004246553147924044
2,350,0.00046756876382257335,-0.004482632829408605
2,351,0.01652507895897807,0.008325703093368553
2,352,-0.0005449496122315722,-0.00043631508599419495
2,353,0.01184699611367896,0.00132118364872787
2,354,0.040278613567962945,0.010562014719254833
2,355,0.032290280488995945,0.011064541474219827
2,356,0.037000239039645756,0.008990250804225958
2,357,0.01669232127102136,0.002947586318473407
2,358,0.0036518484924858473,-2.383526390597804e-05
2,359,0.013008246982494507,0.003700501858528504
2,360,-0.002877320638751397,-0.004038284562890439
2,361,0.01541845756433727,0.002857539835603211
2,362,-0.001905112391061256,-0.001987374564348602
2,363,-0.0019262798368142324,-0.004969607613547864
2,364,0.031199558097085748,0.008073290664152528
2,365,0.004859194822734274,0.00036494150806290216
2,366,0.011223740994408387,0.0007218085827137335
2,367,0.004790199524977682,-0.001832166023299225
2,368,-0.007728037180989533,-0.003305290041804367
2,369,0.006053869991111657,-0.002273573920833075
2,370,0.004363407312232877,-0.003698923737521144
2,371,-0.005771320421528836,-0.0033988799454148836
2,372,0.03337947817281757,0.011614963758760585
2,373,0.019839118504753516,0.002682158431760272
2,374,0.009320666221104631,0.0027721282793380054
2,375,0.0016728559609445134,-0.004091263287543266
2,376,-0.009949613651916727,-0.008794669441654636
2,377,0.029643962851129267,0.010806317215484343
2,378,0.004731968064243842,-0.0012150013774575442
2,379,0.03418037332612692,0.00911947291246742
2,380,0.01565780366181818,0.00300906863149058
2,381,0.004728247265221948,0.0005789508110875543
2,382,0.008718463886858074,0.0014158508553616276
2,383,-0.00971624351979636,-0.006253592517553484
2,384,-0.011558224490647714,-0.007164122214080337
2,385,0.02746726517204725,0.009545194284489376
2,386,-0.001768388496892682,-0.0029860328396231657
2,387,0.03047374084535588,0.008153839931999446
2,388,0.03205677579612518,0.008073291099545783
2,389,0.03141527222980576,0.010186926701156809
2,390,0.003898438614097832,0.001149074514564769
2,391,0.012771493697028527,0.0015200080460774474
2,392,0.015210665149151306,0.003893378635985573
2,393,0.0018856194783721414,-0.002157712175325981
2,394,-0.0057961519803749134,-0.006503761033202898
2,395,0.004090876193532209,-0.00010310667818595244
2,396,0.01694480867391619,0.00013721982511300906
2,397,0.03144773430783733,0.005011589489316849
2,398,0.0069665237470100975,-9.55694140386506e-06
2,399,0.02898149624580794,0.01105350008694927
2,400,0.031381390454880226,0.00622992040296463
2,401,-0.008513693456477118,-0.004504074198365341
2,402,0.026986311246508254,0.011689189448892495
2,403,0.0021346951659321637,-0.004526191063836457
2,404,0.014215684887033772,0.00021673661397103607
2,405,0.007975562933358616,0.0030245171901561404
2,406,-0.005071077709506764,-0.00394243914649106
2,407,0.0069572132823930415,0.0007124887316486049
2,408,0.005124607968951484,0.0027058003651683686
2,409,0.011560021747618589,0.004083617778818911
2,410,-0.008897203409072208,-0.00769711123994873
2,411,0.011139547062803526,0.0011870213259040094
2,412,0.004176771455836214,0.0013123107066911586
2,413,0.02063334148034335,0.0054571967187855355
2,414,0.018565031103805016,0.007239093033695586
2,415,-0.011114188385190899,-0.005478953216529177
2,416,0.01852480579399049,0.006301207291199546
2,417,-0.031334479469879765,-0.01269780841101012
2,418,0.00586099641154719,-0.00030797413095219264
2,419,0.01131479111042306,0.0015228444879579657
2,420,0.00694894724447723,0.0005028143087588315
2,421,0.021309289812052143,0.009597859722273191
2,422,-0.00019733975714165635,-0.002430259959481434
2,423,0.01582328732158467,0.003065860540248286
2,424,0.021913195633852085,0.005034906349450798
2,425,-0.008613916859882224,-0.004295759946252559
2,426,-0.015627601170031476,-0.008544145617576222
2,427,0.008226902801940572,0.0009234004084211936
2,428,0.01443660766425562,0.0027796914341331204
2,429,0.014402278620641336,0.0023617600324026284
2,430,0.019298451614371284,0.00451307228361519
2,431,0.009061797288865431,0.0008350216376158865
2,432,-0.030890921465494502,-0.013394402462930449
2,433,0.007807713696766318,-0.0027824184569640678
2,434,-0.013483873415242004,-0.008374259463309575
2,435,-0.016082806175870015,-0.008041331935361587
2,436,0.012590113159323284,0.005984995361362284
2,437,0.009285414138901665,0.0014704691459135697
2,438,0.009754552667530798,0.003758301963868754
2,439,0.01315765286554185,0.004964254103782576
2,440,0.023636545031771317,0.004427371477858971
2,441,0.015380475881635386,0.002894218633814814
2,442,0.022580708943787928,0.00583435406012934
2,443,0.010997493097580465,0.0008401205956816151
2,444,0.005735845680680839,-0.0017567535545171518
2,445,0.02637049567807556,0.004114901925806535
2,446,0.0037189569734198836,-0.0022949652243760186
2,447,0.03205063342261582,0.007581033807700524
2,448,-0.02915168265277545,-0.010961391971542746
2,449,0.013570105270149298,-0.00034899139669515046
2,450,0.0035978271299883474,-0.0019013046328903206
2,451,0.009468555142606649,0.0011083573774730044
2,452,0.0032797397283069883,-0.0027935180760629255
2,453,0.013319604577738012,0.0037971851066030296
2,454,0.007392446564918411,0.0016897465083537296
2,455,-0.0017707768786100991,-0.00017388138297772361
2,456,0.005369295727737725,0.002671181117184511
2,457,-0.0028955043438641274,-0.004162803915217381
2,458,0.009756170088616031,0.0038313876247700026
2,459,0.02270916464273555,0.007073459735590602
2,460,0.0024477759355248803,-0.0016032099513346078
2,461,0.030764238965116937,0.009029790515764767
2,462,0.02004289767487461,0.005829691783346296
2,463,0.0006467737487072727,-0.00153764296798692
2,464,-0.005173181653209226,-0.003991163744781236
2,465,0.023881425957697953,0.006139616134010944
2,466,0.02197488125027149,0.006839963884059054
2,467,-0.007446257027183713,-0.008677484873903742
2,468,0.04039908838911996,0.012472243764929392
2,469,-0.010459120907485561,-0.006068605203485994
2,470,0.032873395261525204,0.005877432234285685
2,471,0.009228628310409848,-0.0007294398169948999
2,472,-0.010627755426184892,-0.005904090125559562
2,473,-0.0014464659978755006,0.0013450522305505231
2,474,0.007145974880524156,-0.0034034721343614667
2,475,0.006713943924498781,-0.0010661719936132246
2,476,0.004751463217712452,-0.002516524954163775
2,477,0.01506418274562223,0.004977907708630032
2,478,0.03524783395591216,0.0141880180442931
2,479,-0.004370971166408978,-0.0028490813778801268
2,480,0.030634293014098975,0.011825849335171387
2,481,0.00844643693887235,0.002101882113776847
2,482,0.00888832309634757,0.0028091610158552994
2,483,0.0010138978082490048,-0.00279194993342669
2,484,-0.004706443114271275,-0.005682397313360836
2,485,0.023069010094470984,0.007013305012652999
2,486,-0.003733303913872313,-0.003225347129865783
2,487,0.008693575692806791,0.002122927460792022
2,488,0.007560503792471402,8.207981471498384e-05
2,489,0.025562234565094665,0.005700980607678436
2,490,0.004842426378484255,-0.004070833943488725
2,491,0.0017086992336580254,-0.0006535460942296533
2,492,-0.015817095304990297,-0.00926043330736795
2,493,0.011374128444827653,0.0012071433333630528
2,494,0.014800023699209769,0.006094980325996894
2,495,0.033800972855867015,0.0070400101499732606
2,496,-0.008631734652688992,-0.0004008006007544049
2,497,0.011014693521492334,0.0031912711936455482
2,498,0.012493803942305969,0.0002233687621151692
2,499,0.008586969206269,0.001041916887436566
2,500,0.01609494806713872,-0.0005767218886440685
2,501,0.023448758906386858,0.004529224050161506
2,502,0.023340895906673292,0.006553642643101076
2,503,0.007839876271865224,-0.00040608135314593847
2,504,0.006329069303535164,-0.0009203825441579804
2,505,0.018928266635879508,0.004650377751866129
2,506,-0.005404693801379758,-0.004136996078963279
2,507,0.008116411555284446,0.005823456249086786
2,508,-0.005252496818872657,-0.005032382067267724
2,509,0.015649821504266602,0.005905806970002883
2,510,0.022445243687210903,0.0066607518763170765
2,511,0.02330171871630158,0.007737604657550149
2,512,-0.013095226215487822,-0.005266287047237089
2,513,-0.020040465953697625,-0.009389188843795712
2,514,0.03809133565775394,0.00814059801445903
2,515,0.003554881950859696,0.001173971672989828
2,516,0.0014727237608912816,-0.0009107828700514035
2,517,0.008423277665394715,0.0035315003358237502
2,518,0.006152781347858667,-0.0005957027643758837
2,519,0.010968926266779462,0.002521238310723663
2,520,-0.006102197615884536,-0.0034817423773248913
2,521,-0.002101757186824606,-0.004543778460835297
2,522,-0.006098283023141071,-0.005547461725545332
2,523,0.006163166705000703,-0.0020097919736380945
2,524,0.02402887013414151,0.005023394931821647
2,525,0.013901378001573535,0.0015990656120241798
2,526,0.006840463147722738,-0.0017846979231695543
2,527,0.02752817259546447,0.008163338677003126
2,528,0.026744282995047167,0.00981732056006065
2,529,0.010666977411255102,0.0018012354946606948
2,530,0.027336860644381115,0.006668654366674325
2,531,0.0261604559620435,0.002862908264540578
2,532,0.006578720312858844,0.0011725454871954024
2,533,0.012365648641370734,0.005685269580596455
2,534,0.010794518255214616,0.003241371380982253
2,535,0.020672046758266636,0.0042243695220207
2,536,0.001521068118699464,-0.0013067853186132532
2,537,-0.03785972956952814,-0.012142158435127937
2,538,-0.02038666384308166,-0.0065119538115237414
2,539,-0.004443417150381619,-0.002203144895792433
2,540,0.027735510251576768,0.008460599693051513
2,541,0.0020497834912844184,0.0013175008936259526
2,542,-0.010127019759505708,-0.008109233082785109
2,543,0.008922258968934466,0.00021482985526706533
2,544,-0.007469934666046581,-0.00504307689323459
2,545,0.03980273657962164,0.006774217797339388
2,546,0.004434974841861991,-0.0020105740647594584
2,547,0.008425681733651911,0.001180866086807961
2,548,0.018250701744152404,0.006431328942161473
2,549,0.0037007414411719198,0.0018822885401865626
2,550,0.020435222916243095,0.004911092501330338
2,551,0.01318881693727938,-0.00013468830197199629
2,552,-0.001687297819029694,-0.0035147710817783184
2,553,-0.01557624648984673,-0.00884811632134442
2,554,0.010749016174344204,0.001572373371901243
2,555,0.026410704629256862,0.008307239837768184
2,556,-0.026714101862719237,-0.012371497955198497
2,557,0.00865723500909936,0.001670681309197399
2,558,0.010023918154028323,0.0041962731462423415
2,559,0.01595495967001279,0.004761992264264063
2,560,0.01811086875363636,0.001954277772606766
2,561,-0.005258916117247168,-0.0021951872688935887
2,562,-0.0224210776293813,-0.010900121957599164
2,563,0.015246420839392908,0.004200966118664992
2,564,0.019572109387107114,0.003833017653985483
2,565,0.005375665333092175,5.753368950516784e-05
2,566,-0.00707285265341359,-0.0030109895755977565
2,567,0.000523605129410836,-0.0019001236954186668
2,568,0.0010965156931397866,-0.0025741782777124345
2,569,0.019348363564433074,0.006911475780477563
2,570,0.02471457868953957,0.00402893235495625
2,571,0.013146225045452976,0.0019057212010518978
2,572,0.019099120446236576,0.0038242586677099803
2,573,0.00945027179015326,0.005273037118195822
2,574,-0.0015766407288551197,0.0005047576236417889
2,575,0.011812341763431173,0.006421022223247247
2,576,0.03264784973747988,0.0053327788895280205
2,577,-0.0018594182414911882,-0.005282538813294931
2,578,0.014996683327132488,0.0022847906914944312
2,579,0.020701924719545673,0.007462734688640225
2,580,0.03827323476372595,0.0105610680141882
2,581,-0.0036573183692351365,-0.001781826597377341
2,582,-0.003031127931724175,-0.003753159411421243
2,583,0.010673465140451739,0.0030540758728361053
2,584,-0.002214077843610846,-0.0038479628374241933
2,585,0.02424391369713492,0.007291331745044178
2,586,-0.012071885202881303,-0.0072586339882643415
2,587,0.010092919959205216,0.0018397924957740917
2,588,-0.004612069607565315,-0.004706052140427241
2,589,0.017935703517887366,0.005443444378205116
2,590,0.028397189531449294,0.0106583156160182
2,591,0.01073136924784155,-0.0005088200835878905
2,592,0.012999892514391148,0.0016026184264693686
2,593,0.033483569430962895,0.011630709778783131
2,594,0.016416764468436394,0.002686335793345939
2,595,0.010862391261241496,0.0011504661494129967
2,596,0.009335716844722166,0.0010199747025804247
2,597,0.0035693470909738774,0.001884737410166247
2,598,-0.01712470688267028,-0.007177583622414194
2,599,0.016606594271599787,0.00523553440489638
2,600,-0.005155537935208619,-0.0035715295540164078
2,601,0.019043307586717195,0.006674477617672349
2,602,0.013895933248610255,0.0017775491898248512
2,603,0.007505422331807242,0.0023850615844229557
2,604,0.013328816148101793,0.004688945811015026
2,605,0.019306322175414174,0.0028202241983186324
2,606,0.009379061861732783,0.0015379744539011095
2,607,0.012203871707970977,0.002751321156647851
2,608,0.026782884586604546,0.007010851704752841
2,609,-0.0021294250195732964,-0.004178088449204762
2,610,0.006747057109689523,0.0033001191165623043
2,611,0.02240217567084672,0.0059546531992597995
2,612,0.01550647296077685,0.005100296145839056
2,613,-0.020770107357113807,-0.01038032203943605
2,614,0.016361425560335933,0.0008398489513554634
2,615,-0.0014223440042555094,-0.001444424609026765
2,616,0.01302188442682315,0.0023785203670141997
2,617,0.005379936349680901,0.0013915055334479207
2,618,0.023390942835542463,0.006975616708929614
2,619,-0.012226349883634252,-0.006771070810670765
2,620,-0.0057624857583960685,-0.0020342631699952984
2,621,0.014595557263790512,0.0016615062352200805
2,622,0.02607512198523379,0.004292537262769016
2,623,0.01165468868546884,0.004363781733984909
2,624,0.024978712336720582,0.0036168824780509544
2,625,-0.0022439464257541257,-0.004671748752535952
2,626,0.0127311996659945,0.0011475807462945655
2,627,-0.0043146052398299745,-0.001940742806237253
2,628,0.007049999933607178,0.0020264539315752255
2,629,0.02633563519864078,0.008028001317487066
2,630,0.012160791782944083,0.0016340143299853416
2,631,0.01146495117360752,0.0022946306145435642
2,632,0.015594012017390165,0.006424431355715634
2,633,-0.004359493840265814,-0.0042232971737775245
2,634,0.01832676777928725,0.005486152590990811
2,635,-0.008699183850688833,-0.004098084642666379
2,636,-0.01867294536809385,-0.010653744771238195
2,637,0.010669619102330155,0.0026154508813314627
2,638,0.025552439489704818,0.006069025631715099
2,639,-0.025235636478253783,-0.008126171375374353
2,640,0.004513232627420635,-0.0014288807258075178
2,641,0.012608438479711541,0.003720035494596187
2,642,0.00768595131752117,0.00021930382693795806
2,643,0.013574710948297503,0.004357051031055232
2,644,0.020383258505502128,0.0028644348976113957
2,645,0.026401360993985643,0.008503582052121735
2,646,0.01735276724862637,0.004715703416928894
2,647,0.020661405710502023,0.0016948256298621057
2,648,0.022398571271624382,0.007831134693509498
2,649,0.009720859531576892,0.0019655418527154975
2,650,0.009926295112189992,0.0017266684130755464
2,651,-0.009473065977734237,-0.004934990229609368
2,652,-0.0011445733924437941,-0.0021652578736956873
2,653,0.006572556058533264,-0.0026734898423099425
2,654,0.00629743397368026,-0.0005422901664263029
2,655,-0.012739017025657447,-0.00597782866018318
2,656,0.05782660598772158,0.01770740896459597
2,657,0.010044948266405833,0.00456513946225052
2,658,0.008244088990511881,-6.478091659838725e-05
2,659,0.01680945450418745,0.007084243762870964
2,660,0.02276961772662609,0.01067823162759556
2,661,0.009079479610236415,0.0005717491351844988
2,662,-0.00503270143561316,-0.0008176974108698069
2,663,0.00021663231574277133,-0.0018571828211737028
2,664,0.018114085556788246,0.0037673839655143083
2,665,0.013668525093535385,0.0002243062686627049
2,666,-0.0452461742633074,-0.013945974984883485
2,667,0.01213810394367343,0.0019251561319310047
2,668,0.04828192604722233,0.014712887423488362
2,669,0.009265220167201438,0.00015604387419555503
2,670,0.01752399289258023,0.005103119398678609
2,671,0.021856344898824036,0.008368100172663867
2,672,0.020625558118229206,0.0051755332652345595
2,673,0.05829090980085511,0.013396971464141559
2,674,0.026594308953463416,0.006566573041687086
2,675,0.014922666641690889,0.0026727578966343635
2,676,-0.023951853238978235,-0.009765091667898797
2,677,0.015909094702636378,0.001217899728538426
2,678,0.010033382799848395,0.0023931180777561675
2,679,-0.0030805584505877092,0.00029993628614590314
2,680,0.03668591252382851,0.010783377062892409
2,681,0.025600609936147364,0.00390108222060858
2,682,0.001314867136941195,-0.0006268422271687667
2,683,0.001916414796195886,-0.0005990549669356415
2,684,0.02596480141268922,0.00639546621960803
2,685,0.022620894512719446,0.00634939625328886
2,686,0.0039421930422382295,-0.001098033810606193
2,687,0.002443886728595308,-0.001717314270404634
2,688,-0.009099002320925314,-0.0049630450736834
2,689,-0.0020431368921159975,-0.0023113284817546874
2,690,0.03944837493817549,0.010862599654792015
2,691,-0.0012924640775485042,-0.00188307512590459
2,692,-0.021929008240957646,-0.00756696404222723
2,693,0.001209508338239678,-0.0004283437072036703
2,694,0.009678516177992393,0.0029046870773885448
2,695,-0.005760924183593666,-0.0055470524843238885
2,696,-0.008324930116580465,-0.004212488217845344
2,697,0.012614284297328441,0.0008192579308968057
2,698,0.0250978309305829,0.008373341807058465
2,699,0.005135578743878924,0.0017622391382797202
2,700,0.011050838922230074,0.0023825635990233343
2,701,0.011746860067364518,0.003203497332387902
2,702,0.03553286587196312,0.011607937318060538
2,703,0.004629466668654439,0.0006722517989296752
2,704,-0.017350210097561835,-0.004687344474309896
2,705,0.017910673690825944,0.005113357057123688
2,706,0.009482474089530174,0.0004681682559473628
2,707,0.03504958362862427,0.01319334510024682
2,708,0.01596081864159359,0.004313299480980399
2,709,0.01869881891649174,0.0036394991428374654
2,710,-0.010785519264970211,-0.006045061367860701
2,711,0.016673929083096596,0.004088107263767336
2,712,0.028399985594241277,0.009844006520673996
2,713,0.0011016807181283969,-0.0026004778506328167
2,714,0.004238995381717327,0.0017434411895032391
2,715,0.008032141380879237,0.0014043800788984188
2,716,0.01775881797088731,0.004619902904372793
2,717,0.008962620859844162,0.0006322690050999197
2,718,0.044228196115826054,0.01007256777702676
2,719,0.012885526903572066,0.005091045221207895
2,720,-0.00601354110438912,-0.000998541133672473
2,721,0.012695111404442091,0.001984573176434074
2,722,0.03970212707132527,0.007357842688044998
2,723,0.008964671367086525,0.0038780827219668354
2,724,-0.000301528632655455,-0.0021525817676933613
2,725,0.014425441485772914,0.0030811717117060515
2,726,0.018024831638683864,0.003679194226134337
2,727,-0.004180622798729597,-0.004512070235300645
2,728,-0.0029817356689330406,-0.0023345660087040966
2,729,-0.0005368426143960226,-0.0007308898931715899
2,730,0.028134810886405355,0.008376816007649255
2,731,0.03508488536771458,0.010020341471559587
2,732,0.016228679985612286,0.005186371901569044
2,733,0.012907611447898289,0.0019076336669510354
2,734,0.006352339639259683,-0.0013542735380068225
2,735,0.003471834362033342,0.003168841448532817
2,736,-0.004781120299303028,-0.0015851043497488405
2,737,0.017590448895791505,0.000959816909753107
2,738,-0.0003199994328763884,0.0009806000993869764
2,739,0.0025739140002980147,0.000949402419610436
2,740,0.01408852592142632,0.004816735756851359
2,741,0.015702008848899312,0.004286022128133932
2,742,-0.01759590632452438,-0.007906245882698257
2,743,0.020032237849035694,0.008441798093809788
2,744,0.008739354376295472,0.006098996455460949
2,745,0.014638221954700348,0.002708377244447738
2,746,0.012162403797661597,0.0016815061118855713
2,747,0.015264702140251196,0.0032894490481887154
2,748,-0.02342305164267195,-0.009763880046272619
2,749,0.018450793904281067,0.0064246511665614105
2,750,0.016277743578801917,0.007014137182783511
2,751,0.009987350531933137,0.0014310569036482597
2,752,0.010270463162649315,-0.001127494047024698
2,753,0.00927157570776853,0.0027882921893562515
2,754,0.010762627370293444,-0.0008052369841089406
2,755,0.012174612960072127,0.0026607256355311096
2,756,0.016830700220041975,0.006424144415618063
2,757,-0.017545768753305036,-0.006080471864213502
2,758,0.02630248306161437,0.007055439044791633
2,759,0.0154421125614947,0.0010122462592617727
2,760,-0.006587117785165716,-0.0033129829811477493
2,761,0.02696656757963741,0.01174691878663146
2,762,0.030839130231443745,0.010059428076047042
2,763,-0.018262659867662644,-0.005352287620616267
2,764,-0.0025943989773097435,-0.0035653741278069413
2,765,0.024601613614772408,0.004102216823494426
2,766,0.031168519596280083,0.0098193992180455
2,767,0.003175930742332265,0.0006974776982096548
2,768,0.0211998076043563,0.005186183942540134
2,769,0.0430613805487455,0.013508470751729418
2,770,0.0005795432721107512,-0.000471482021140471
2,771,0.028117936454119256,0.014533321029683938
2,772,0.015479466076433641,0.001205936705122794
2,773,-0.006688100086434125,-0.0033798751487964986
2,774,-0.005648431844899935,-0.004788424486003599
2,775,0.027260450297440637,0.0076367167609128865
2,776,0.022391828800679425,0.009173472683441944
2,777,-0.001089071820694446,-0.001646171402019641
2,778,0.01322750649985853,0.006383197193473656
2,779,0.00031517599775523775,-0.000979666758319508
2,780,0.04834703443716836,0.013858416477238095
2,781,0.010118966159742995,0.0028738529931355175
2,782,0.007420389576960747,0.004214260876091633
2,783,-0.008719157793681726,-0.004056961662441657
2,784,0.0172681891712562,0.004894423571370296
2,785,0.02625318456743092,0.008125284252924648
2,786,0.024858511684967683,0.011014714677565283
2,787,0.035857652477143,0.00703455705116484
2,788,0.014107861512537378,0.0034524041775528085
2,789,-0.02311954440359028,-0.009144830140277593
2,790,-0.008748671689733397,-0.00750171755030278
2,791,0.013628012478863834,0.0012079184013329993
2,792,0.008956750943547474,0.0030083390985578776
2,793,0.008770327281007219,0.0022704672966161175
2,794,0.016293103519197855,0.0037775699504213403
2,795,-0.0007401072654908853,0.0004083396903340427
2,796,-0.0014552459154839876,-0.003154787587818484
2,797,0.029556441113313726,0.011367284135981919
2,798,-0.007734234291798721,-0.004506648317134865
2,799,-0.004674404163189716,-0.004797779520703094
2,800,0.010917844694077949,0.004817070967522881
2,801,-0.009175861706157848,-0.005025763208308841
2,802,-0.0021409645584170444,-0.003755082708069609
2,803,-0.004341958093915221,-0.003761762525649763
2,804,0.024109744885996542,0.00673934892493352
2,805,0.009338232870098832,-0.0002973165916910527
2,806,0.013157746399665157,0.0028536825988414805
2,807,0.02229663351074804,0.004574099234521176
2,808,0.007818524828272498,0.0007805254803018825
2,809,0.022801728958833124,0.006883202573003618
2,810,0.011343220312788428,0.00044796344341784244
2,811,0.028879377394023045,0.004032066669834532
2,812,-0.013056838887874055,-0.0063590944216786625
2,813,0.021647177364887832,0.0047633872927946045
2,814,-0.013009754692977774,-0.004353587341150292
2,815,0.007330011023235148,0.0023699417430832373
2,816,-0.003136921398941782,-0.007118307455042999
2,817,3.4576150857850193e-06,-0.0018240134516164597
2,818,0.028327517438804958,0.008414109015391856
2,819,0.011005900122924028,0.0022672525627080967
2,820,0.008103635106170343,0.0045031224185455914
2,821,0.03551599217313068,0.014822572481879362
2,822,0.023669578173082597,0.009675318159340415
2,823,0.00200344114044837,0.0006593606076418929
2,824,0.021571045343705752,0.007105504498615355
2,825,-0.0016297855692119696,-0.0017917675888093722
2,826,-0.002752357604163862,-0.002075843435944512
2,827,0.011951579727649538,-0.00027768317863861907
2,828,0.004136236605913578,-0.0037251196042701403
2,829,0.04400011313047631,0.011113934219320328
2,830,0.018889292944750072,0.004395955250683379
2,831,0.02497852088987539,0.006539386847201146
2,832,0.001534968474831727,-0.0013633903180172635
2,833,0.013500913680504288,0.0010525610706197137
2,834,0.008014765759290117,0.001250662662003186
2,835,-8.452972491418653e-05,-0.002195511910445901
2,836,0.03472378296570027,0.00908822976154092
2,837,0.027369379127098244,0.011603317649257164
2,838,-0.01956784168700713,-0.01115327961639592
2,839,-0.0014065636281160798,-0.0034589838410046935
2,840,0.005872897549462067,-0.002744337616055808
2,841,0.019221387844157146,0.0033777149095513305
2,842,0.01186280510804006,0.004083790479405898
2,843,0.008483560987744415,0.0030343308769185976
2,844,0.010168103248903026,0.0024619320472788505
2,845,0.0024381174948300524,-0.0010019408634781503
2,846,0.011042479269970153,0.0007689392480116128
2,847,0.007644339776698231,0.0035033644934593195
2,848,-0.0011956882160207728,-0.0047608097621493544
2,849,0.024370643213117722,0.007332800422071334
2,850,0.02307075176479067,0.010108195671797406
2,851,0.01897487178941641,0.0017597359330089456
2,852,0.00370861721384515,-0.0016284671408363682
2,853,0.019592138650675783,0.003395641489852902
2,854,0.0038530542939154318,0.0016834470370645977
2,855,0.01243998330378886,0.0052844639063064375
2,856,0.00451924825888171,0.0005340752251579102
2,857,0.01496805997348792,0.004352478607185906
2,858,0.018009940976999782,0.007364017856287857
2,859,0.016908984892411535,0.0032517989724763254
2,860,0.028231294348031722,0.006194701804764228
2,861,-0.0054224699255260205,-0.002655059754668009
2,862,0.002135419686021972,-0.001397528150333729
2,863,0.0054838919125427855,-0.0003722813953029052
2,864,-6.420990867487293e-05,-0.0030059513250588837
2,865,-0.010244042222411938,-0.00677855205967616
2,866,0.04774202402840152,0.012090651377926304
2,867,0.018437068910166433,0.006095674463881465
2,868,0.04105444247914039,0.012077519629919587
2,869,0.009073525538726151,0.000810394945489054
2,870,0.004372133396702211,-0.0017929084917017266
2,871,0.011923232682507178,0.0010011251369152793
2,872,0.02006031001193475,0.0035990725786013925
2,873,-0.008209173953862328,-0.002859938861738819
2,874,0.01775407992969341,0.00635151342553348
2,875,0.012747601852114985,0.003858644174060434
2,876,0.007122478914461117,0.0013458526363068467
2,877,0.011180990681114163,0.0015703095781250743
2,878,0.01765064537789849,0.006870526430742819
2,879,-0.0059272284549012535,-0.005454907640706701
2,880,0.002511041522964124,-0.0003784201059803448
2,881,0.016838746849571675,0.005233772459756987
2,882,0.019768040656804594,0.003305284395261972
2,883,0.022857743193671513,0.005689914393316762
2,884,0.03390688976602852,0.010641365063756176
2,885,0.01474296505788817,0.0035334460972870755
2,886,-0.011987717686767622,-0.0049212797388042216
2,887,0.00451515974384499,-0.002630193582380186
2,888,0.00964046920524088,-9.595010511537021e-05
2,889,0.020073932903549033,0.006026401269145994
2,890,0.017734026500061766,0.004116344763142371
2,891,0.0063916127098238825,0.0001836824524393519
2,892,-0.013129787278066326,-0.008088885960197583
2,893,-0.015731797677405186,-0.00778592626854569
2,894,0.010438321665218228,0.0012137892432737794
2,895,0.006991109097858631,-0.001774819940863658
2,896,-0.008052337928632363,-0.0060605748624089515
2,897,0.053735098654509615,0.015583804350337252
2,898,0.022080220544396668,0.006205047770609557
2,899,-0.002083799462345189,-0.003263514147824191
2,900,0.0060858052770640225,0.004098853602309215
2,901,0.0058944946660285545,-0.0028144067150866507
2,902,0.009601092862911473,0.0023135407372521528
2,903,0.01119273563451592,-0.0009689868358418711
2,904,0.01983453301114697,0.00557700713711485
2,905,0.011421045980413347,0.0020674860353447804
2,906,0.003957438412352829,0.0015706626548461077
2,907,0.03373842051664599,0.011540034336053285
2,908,0.005251992948182277,0.0009830678881577453
2,909,-0.017788543928645206,-0.008902511207884012
2,910,0.011182355091629799,0.003158820258787273
2,911,0.03182498013350723,0.010871800592257268
2,912,-0.0018608820880425703,-0.0021807783722548367
2,913,0.00962039353227901,-0.0009351132774887766
2,914,0.006751762802723301,-0.0008068678468686512
2,915,0.010483670308892383,-0.00012706151528623646
2,916,0.01732621179937146,0.002620820968619862
2,917,-0.00723101360192517,-0.004030231318767302
2,918,0.008307315178408025,-0.00010745510400652485
2,919,0.011132918385083406,0.003941883588690469
2,920,0.0007797308899440228,-0.003827602757893166
2,921,0.01801031209110405,0.003916854017995614
2,922,0.01713865235033664,0.0028525073740526064
2,923,0.01641514194456369,0.00466265795322622
2,924,0.010027609760236415,0.0005151365528332642
2,925,-0.0027753407676686563,-0.0025701562888130066
2,926,-0.005488831243936015,-0.005878618681345829
2,927,0.01937243236825606,0.003965239453896971
2,928,0.009617438000405439,0.00010401184785958113
2,929,-0.014376277613146807,-0.006709919458023274
2,930,0.014067542452865643,0.007198593243202852
2,931,0.034192107869497945,0.011661469798648353
2,932,0.020038003472874252,0.005627554495918749
2,933,0.012742378672221765,0.0010776742236226035
2,934,0.009059471064509822,0.0013578196618615804
2,935,0.009909315635208358,0.00335967408526134
2,936,0.046104383516754006,0.015512658714087052
2,937,0.008194583129614925,0.0019005106398634897
2,938,-0.016707603530105433,-0.009277508836962135
2,939,0.005860252864108031,0.0009128073540229585
2,940,0.004089770125243343,0.0010743347928158266
2,941,0.013693894799379993,0.001571018219488463
2,942,0.012051159401103935,-0.0006626263677186289
2,943,0.017588189485341334,0.0006365296321172713
2,944,0.018943591656888862,0.003587515990001294
2,945,0.011442008929752825,0.0006738902040953642
2,946,0.0017686046336157497,-0.0017971761795420693
2,947,0.0320599344682428,0.009666636065082342
2,948,0.022888944757152464,0.006942592386897758
2,949,0.02871975189673607,0.007704068861223908
2,950,0.0031709638264210485,-0.0009953079475419292
2,951,0.038890700276063374,0.010767939038662709
2,952,0.012190747729862512,0.004450159017746438
2,953,-0.011039590945737254,-0.004897961134208506
2,954,0.010588977069129958,0.0017703228337052816
2,955,0.010033316871306926,0.004460852038970768
2,956,0.03558096582881933,0.008661436758798971
2,957,0.012261678657934113,0.0035516771522067264
2,958,0.027059599512743098,0.005151271804438648
2,959,0.007569767514889226,-0.0006495998518908108
2,960,0.007604012531998341,0.0008032684111743264
2,961,-0.001454489687728616,-0.0045612378936969985
2,962,-0.0025116220939268305,-0.0008704200900886951
2,963,0.0029358563935762945,-0.00445259524638209
2,964,-0.001997036642530364,-0.00096405670014062
2,965,0.02407557319081185,0.0056894951581090095
2,966,0.021306450843894823,0.004128717691138253
2,967,0.00482654261568445,0.0017701149376273975
2,968,0.0002868648550522192,-0.0014303046256518293
2,969,-0.016174540998300044,-0.009848562015952739
2,970,0.01678104612628228,0.006309189483235471
2,971,0.025094564057367163,0.006774078024666312
2,972,0.014778523316769439,0.008318077451767662
2,973,0.02937476686502152,0.00724345543556615
2,974,-0.007308073898589284,-0.0012852123043024244
2,975,0.009390750199071778,0.0017026830772038624
2,976,0.01160091685629992,6.128473105203727e-05
2,977,-0.00016755620531189524,-0.002263574443978067
2,978,-0.013469824552602924,-0.005480640052721441
2,979,0.028989371411788718,0.006666067509239495
2,980,-0.006394077262898468,-0.0007464153652865489
2,981,-0.007726379705733198,-0.001433919326644041
2,982,0.0032656593870760884,0.002094151400846498
2,983,0.00022553729208760345,-0.004210516075449555
2,984,0.041504871831293824,0.01393743553138674
2,985,0.008657273004196062,0.0017364786852700968
2,986,0.037901164131165115,0.011461273416147638
2,987,-0.01417843575473632,-0.004355076762087998
2,988,-0.009770449235931285,-0.005423704501256146
2,989,0.014150647662897663,0.004371751609838658
2,990,0.00038273652536243823,-0.002423618137707718
2,991,-0.010987910710136673,-0.004353161033110646
2,992,0.01239083073656751,0.0038711149479630814
2,993,0.010026980865108767,-0.0023759689056308472
2,994,0.012815537678560042,0.0031433356328613845
2,995,0.02517719752173205,0.006614892062089502
2,996,0.022098160599040663,0.008363731019195663
2,997,-0.010980003283612209,-0.005293865448511521
2,998,-0.011079679573887865,-0.0015246572541725348
2,999,0.015349054797344809,0.004510608904516443
2,1000,0.028869125703526406,0.007049122910064879
2,1001,0.031012604196908045,0.0028034417179727796
2,1002,0.03967539090933239,0.012681842512791922
2,1003,0.00734866750721954,0.0006158353986911723
2,1004,0.021942847071722057,0.004102370185680614
2,1005,0.014027620253776999,0.0011261090800539196
2,1006,0.012858757471236182,0.0024661015161489626
2,1007,0.008724464066617556,0.0024841917221486757
2,1008,0.002805522635840357,-0.0011572615835136707
2,1009,0.037701518544602276,0.01358722762963624
2,1010,0.00625255307429116,0.0009371081974012221
2,1011,-0.002213376229676727,-0.004394730690884729
2,1012,0.004011276948956482,0.002387396371459036
2,1013,-0.02293454015451722,-0.011953330706728427
2,1014,0.03111344172730967,0.009872797764069163
2,1015,0.01656038985089086,0.0029949862406526604
2,1016,-0.013520195221159893,-0.006868075869373705
2,1017,0.019366397767221342,0.0070187217933365695
2,1018,0.02419055071426259,0.004366542832249435
2,1019,-0.005998907468422127,-0.0035977904529967976
2,1020,0.026024741174787133,0.005038729901316727
2,1021,0.04639248436271672,0.011079803537957018
2,1022,0.002733120218430038,-0.0019370908918102795
2,1023,0.0016031797223048517,-3.0396079677685045e-05
2,1024,0.02210239598513254,0.0038081959833197983
2,1025,-0.001728230397080738,-0.0012529377026638873
2,1026,0.010924385079992561,0.002082053895608588
2,1027,0.007494379823891437,0.0012263444238023843
2,1028,0.021045748130751673,0.0056501849799030415
2,1029,-0.0005164140051319471,-0.00028919917648313374
2,1030,0.023976206407300388,0.002759872952163572
2,1031,0.006247708528901642,-0.001703956753732337
2,1032,0.0023486363730045837,-0.001705334086816062
2,1033,0.013199082502663695,-0.0015198133352521007
2,1034,0.015422815949171243,0.00559981658966899
2,1035,0.00547515943748449,-0.0017745093990780012
2,1036,0.010771008802483358,-0.0003048507326308382
2,1037,0.013254981358040057,0.0018800758328008746
2,1038,0.01825987768957894,0.004836900822572625
2,1039,0.024687177527568053,0.0062831859559970915
2,1040,-0.01900635597092876,-0.009286080518351298
2,1041,0.00508097108945952,-0.0013696861339656582
2,1042,0.00673332543745084,0.0007889558089844046
2,1043,-0.024892278991210753,-0.011186631571484288
2,1044,0.0046297719350065865,-0.0010820017520677759
2,1045,0.001434673992131972,-0.00013789467320439867
2,1046,-0.004420852205155753,-0.0002912539309570391
2,1047,0.02578310258661223,0.008226166116826234
2,1048,0.01943673821202322,0.006527913550935913
2,1049,0.01952579418879938,0.006491216982481899
2,1050,0.016515212754085008,0.0027162858720358248
2,1051,0.016933522515282864,0.0029483864529162695
2,1052,0.014925630833411764,0.003931564051854629
2,1053,0.008699820194241812,0.00022073381026325463
2,1054,0.005605308587447429,0.002730795752821285
2,1055,0.005164117712266612,0.0026259529529099757
2,1056,0.028042784258469865,0.004517246826967549
2,1057,0.009066400579010172,-0.001442642076166053
2,1058,0.006990748707126102,-0.00286375323825158
2,1059,0.014847101516810344,0.0017949784350164359
2,1060,0.019528875868822557,0.004942651915771675
2,1061,0.02353098848877868,0.0035471231083823575
2,1062,0.009526338649142069,0.0014601167353450691
2,1063,0.004704950701998221,-0.0009975648726815352
2,1064,-0.004013361138551824,-0.002767100336582847
2,1065,-0.0013506231987512496,-0.0002608530107413791
2,1066,-0.011040838726769057,-0.0044951831425902086
2,1067,0.014404159958416988,0.00015426095997371906
2,1068,0.014426506899796923,0.001843853425643379
2,1069,0.032667501434139753,0.01087245236281538
2,1070,0.01988472840485974,0.006684586120242221
2,1071,0.01610094368393402,0.004087092654400697
2,1072,0.004731417972501871,0.0015671237759278436
2,1073,0.0003435910246564026,-0.0041410853828139855
2,1074,0.009348930867816973,0.0005509773296297772
2,1075,0.004329890513140358,8.196068974207335e-05
2,1076,0.03242720218596284,0.009829656637666991
2,1077,0.007692074805502541,0.00013211871213581768
2,1078,-0.0038614049012046744,-0.0025402750456205224
2,1079,-0.0009074221496079851,-0.001026937830018193
2,1080,0.005240440068906409,-0.0013699449441599452
2,1081,0.005839014501109555,0.0029917078892760904
2,1082,0.008036426368492203,0.0011459437915412604
2,1083,-0.014035133809838691,-0.0030160612280270096
2,1084,0.015560000190222172,0.0059648542737023354
2,1085,0.0021297671192123165,-0.0008104027611095161
2,1086,0.045100937993386346,0.012342576561306754
2,1087,0.0193414207644161,0.005894209930689763
2,1088,0.012797596888253854,0.001420236805598233
2,1089,-0.008631787126178335,-0.00926485709460075
2,1090,0.036336748407307023,0.006344250542797601
2,1091,0.0040949668801948365,-0.000584309608793844
2,1092,0.004413368724428482,0.0004890367197774554
2,1093,0.03260218589041564,0.009170961311084708
2,1094,9.926634408498702e-06,-0.004875221504542736
2,1095,0.019217652117318115,0.0012942411214351894
2,1096,0.015336467189820407,0.0011338552673035758
2,1097,0.010286886712770844,0.0024131287757881074
2,1098,0.021445412017540064,0.009463883692306269
2,1099,0.021840292103057417,0.008238894866687354
2,1100,-0.018321017164547163,-0.007257044806111042
2,1101,-0.007962275659510135,-0.004158931671594633
2,1102,0.02684870210492044,0.004181959744127787
2,1103,-0.005020150015527017,-0.0027483009940371286
2,1104,0.014925937687850159,0.0046691508862809275
2,1105,0.00796219065228821,0.004171765973605188
2,1106,0.00814411670943132,0.0020311667338564986
2,1107,0.03277320297754419,0.009194667271683452
2,1108,0.0027653803664600173,-0.0014791615509371107
2,1109,0.0018594063205577608,-0.0018552566792620945
2,1110,0.003059278668724473,-0.0020174728094238445
2,1111,0.01074462070446934,0.00347785559788698
2,1112,0.04099036207980451,0.010040824305209887
2,1113,0.010596610067842759,0.003389622780115618
2,1114,0.009697437081657078,0.0035957531536162032
2,1115,0.0006553554486410918,-0.0013337820282126873
2,1116,0.006066568792321609,-0.0036740877642451293
2,1117,-0.003951292084055891,-0.0026926344557473532
2,1118,0.02459590858880316,0.006233355907178558
2,1119,0.01500460071237807,0.002567220983283558
2,1120,-0.0015341444733162589,-0.0027121051790725513
2,1121,-0.00515027576685446,-0.0024947076372293588
2,1122,0.029402431817871128,0.008849430696094857
2,1123,0.03814213852103311,0.00901443509501314
2,1124,-0.021677158004648523,-0.008369034473289589
2,1125,0.017003504598181368,0.004351154549810406
2,1126,0.028898697721341744,0.008905279151025377
2,1127,0.01651832580142251,0.002553469750386637
2,1128,0.010795975628986808,-0.0003448312881607165
2,1129,-0.014207278402584246,-0.007376460285568458
2,1130,-0.01764280928621643,-0.0088003123116811
2,1131,0.024101880505064226,0.006339240784657075
2,1132,-0.0023844077120805103,-0.006073466000232681
2,1133,0.005224324267644339,-0.0016206423799881371
2,1134,0.010721529175268094,0.0008963634216538429
2,1135,-0.006499613917478582,-0.004839643543102192
2,1136,-1.833655989111484e-05,-0.0001356736765736451
2,1137,0.03732449421554751,0.011928345868166436
2,1138,0.006360110475481868,-0.0025753981147315272
2,1139,-0.003417610644337622,-0.0017418559308522274
2,1140,0.004032320482999564,-0.001325554438606297
2,1141,0.009575946643220505,0.0033081192920137253
2,1142,-0.010811482406877307,-0.0042789963571295804
2,1143,0.009107377315297741,-0.0003366272750302166
2,1144,-0.011336865869641288,-0.008021713236537342
2,1145,0.018753547851637357,0.004326098152529607
2,1146,0.014292546905278728,0.001368394403596876
2,1147,0.04225832295051727,0.012895463940399398
2,1148,-0.005250908240600513,0.000276697556895246
2,1149,0.020264546642433125,0.00468800844227535
2,1150,-0.011128661804654242,-0.004990407333118074
2,1151,0.003374735231958168,-0.0034875339406182527
2,1152,0.01166265198163602,0.001202059187746355
2,1153,0.014245593301033158,0.000982106179558253
2,1154,0.010833588888102924,0.002434185984565158
2,1155,-0.003061748676893508,-0.002779890510420036
2,1156,0.01939080880279002,0.005435785075164059
2,1157,0.01664583421142429,0.004207991526506732
2,1158,-0.0066691009526936304,-0.00399956457335768
2,1159,0.03667389002515474,0.009246508473850033
2,1160,0.028824733496281046,0.008612778393582416
2,1161,0.014731064680146875,0.005066402136893844
2,1162,0.027567016991152944,0.00558432075803651
2,1163,0.04057274476919613,0.01287715659660691
2,1164,0.01669440264454225,0.005836612373563159
2,1165,0.004231739535077414,-0.0007594098631570089
2,1166,0.029297135199249865,0.004813210651790411
2,1167,0.011616944200301061,-0.0009853005738322375
2,1168,0.01607966226008776,0.005297715521353412
2,1169,0.01977238032281279,0.005100484741680438
2,1170,0.014384607427789074,0.0020658090559570776
2,1171,-0.01675864514321444,-0.006051176569007397
2,1172,-0.0017830915100555456,-0.003195475442120133
2,1173,0.010156103802484022,0.0033585218770628778
2,1174,-0.010604782585367616,-0.004177968681512386
2,1175,0.01420086163794985,0.0021341673605823033
2,1176,0.014766288748677657,0.0023634120710347164
2,1177,0.01634935017816159,0.0013031194122629002
2,1178,0.014172986358054064,0.004192010591027391
2,1179,0.008520370701397863,0.0008388010921759656
2,1180,0.0066941685618742645,0.0021587157360449874
2,1181,-0.006906772865370797,-0.005414741151646
2,1182,0.018463076742653718,0.0033635431889767623
2,1183,0.0002511106365343669,-0.0030770139553993815
2,1184,0.0119539495743312,-0.000656439158890949
2,1185,0.0032319485218076037,-0.004253856665507656
2,1186,0.002387352664265052,-0.0009060918502045579
2,1187,0.009650257586196816,0.0012219674594959576
2,1188,0.007885143799223126,0.0009250699246751869
2,1189,-0.0011658317204355133,-0.0021089328943494448
2,1190,0.006440373070079962,-0.002561336063904786
2,1191,-0.007294460786491781,-0.003745277452335346
2,1192,0.015816697948923434,0.004158582794604715
2,1193,0.031087885743896107,0.009284952665290358
2,1194,0.04548059354420803,0.009450272298368608
2,1195,0.036013815014791874,0.01016400938907801
2,1196,0.02151162732381869,0.00905193165064428
2,1197,0.02582237819255853,0.007905000355120644
2,1198,0.02677618499927334,0.009936725808289274
2,1199,-0.001076193269619982,-0.00041785880835335394
2,1200,-0.0019052316056795294,-0.0033081062642263855
2,1201,0.014223598467533351,0.003290064152918622
2,1202,-0.005276202464253161,-0.0037485857401159998
2,1203,-0.014032135919204774,-0.006620076727568896
2,1204,0.012141740208623335,0.004916465358878738
2,1205,-0.0157082174254486,-0.006040083043267715
2,1206,0.015510559163276106,0.003147766237525726
2,1207,0.029520831383608323,0.00793221291208944
2,1208,0.027974432683732307,0.008854582590459119
2,1209,-0.027331886950640757,-0.010748199063716882
2,1210,-0.005718691621814464,-0.00016264155202176905
2,1211,0.014966348175715622,0.006257720419760164
2,1212,0.013901880547604247,0.003495243943028938
2,1213,-0.0037389233926782054,-0.004887978410467344
2,1214,0.01351534485400079,0.00273229413837993
2,1215,-0.003978615535744949,-0.0019675974042221807
2,1216,0.015425750297410877,0.007207081953937642
2,1217,-0.0022942378690692855,-0.0055862209700019575
2,1218,0.007599764388971277,2.6530596741824447e-05
2,1219,-0.0011837151212441297,-0.003541057229560953
2,1220,-0.015215271793946095,-0.008833225003674844
2,1221,0.008948755564451537,-0.0007416613827251344
2,1222,0.007898197660312826,0.0012148870168478864
2,1223,-0.002184194104492924,-0.003760140882265856
2,1224,0.0047094030079899455,0.0021897461820487543
2,1225,0.017124669067967353,0.0026631734154323036
2,1226,0.03210906576422798,0.00820067718375648
2,1227,0.013080202836081498,0.003247884466151034
2,1228,0.003349939095289523,0.0022184851479674964
2,1229,0.02728546986281516,0.0079711196761808
2,1230,0.012457484420347447,0.0015657123651928876
2,1231,-0.00921379036584426,-0.005291930588207414
2,1232,0.026287146090097902,0.010683933432768968
2,1233,-0.005485748975793191,-0.0019751918375459057
2,1234,-0.0070647315970934635,-0.0007952964937429443
2,1235,0.0036699729537751427,-0.0044649677426260035
2,1236,-0.008661641676518964,-0.0037152124641919053
2,1237,-0.0013752276672160497,3.859121903320901e-05
2,1238,0.012995332088277821,0.003211523434783141
2,1239,0.010478301845292318,0.0019258305622292026
2,1240,0.004671981013069424,-0.0017089464693596467
2,1241,0.017262337700016284,0.004964774093324039
2,1242,0.001882587728586916,-0.00244285805454211
2,1243,-9.404617660998835e-05,-0.0019137722493437486
2,1244,0.022034273521499205,0.006001407347811244
2,1245,-0.005634275472134998,-0.004043498738862218
2,1246,0.002571597485181511,-0.0032689946918291854
2,1247,-0.004410444328042873,-0.0027311990296490533
2,1248,-0.011837790059538451,-0.00859796644938048
2,1249,0.017679047492933107,0.005787688181546558
2,1250,0.008884232740960262,-0.00015502407544014239
2,1251,0.0416532003037404,0.01425753676341187
2,1252,0.005518052560586768,0.001909288603244655
2,1253,-0.0546193447913878,-0.023448399499290073
2,1254,0.013502768053539446,0.003089967373809962
2,1255,0.02441017327632172,0.008045920144859197
2,1256,0.007822617894337563,0.0011719722617345733
2,1257,0.024918651301994364,0.006328692240492224
2,1258,0.002205194147144083,-0.00392470801938059
2,1259,0.010652842863165325,0.0036570607824535474
2,1260,0.020182347041853625,0.004555609339238967
2,1261,0.014517074970624093,0.0029807327989589405
2,1262,0.008086788514419649,0.0004489906116739632
2,1263,-0.001868314591646449,-0.0007170305096791898
2,1264,0.014522947195533153,0.0027884789282792317
2,1265,0.026059446291397767,0.007463945962106821
2,1266,0.02422150637569037,0.006163763229082149
2,1267,0.02179750373155426,0.009358930126651555
2,1268,-0.001554731111243704,-0.0020728994947241492
2,1269,-0.01603996634646853,-0.006765225127972073
2,1270,0.01019990109608385,0.001187347633921042
2,1271,-0.015898321913048963,-0.007462342361650051
2,1272,0.0024239012226211685,-0.0035447506206960923
2,1273,0.024676627355441457,0.006581975581023287
2,1274,0.031288762596591614,0.005359843643859914
2,1275,0.01915245975738704,0.003450481860618669
2,1276,-0.005127998549463782,-0.004111178638220285
2,1277,0.00694431206830616,0.0015901418324705196
2,1278,0.03703294205390604,0.011968834379936934
2,1279,0.01587434423030716,0.002665810746328775
2,1280,0.0024131777004494075,-0.0020615832121889154
2,1281,0.025028650321346796,0.007881222489361298
2,1282,0.006336112325473754,0.0005895625233315567
2,1283,0.019692890665601398,0.0056161365209697126
2,1284,0.012296577761796174,0.001250486613302536
2,1285,-0.0019205065470542894,-0.0016685748829946118
2,1286,-0.012664487821148233,-0.006205333579411228
2,1287,-0.0028776922307400805,-0.0022830149044809514
2,1288,-0.000990999653349723,0.002223802077748733
2,1289,-0.011312022352239241,-0.005068487462237441
2,1290,0.0004522945198601593,-0.0010235134003723006
2,1291,0.02118949218412158,0.004818463496543358
2,1292,0.025130693638461557,0.008111060353871566
2,1293,0.0036954446146640614,-0.0012129931670273827
2,1294,0.018132495974621632,0.003724236901122748
2,1295,-0.004884248376696336,-0.005387443470930564
2,1296,-0.019481889724149586,-0.01073079357551537
2,1297,0.009395569135078058,0.00016848698036762416
2,1298,0.005369991615944547,0.00013971184503167204
2,1299,0.014570957975565586,0.007303916053292638
2,1300,0.011550456149103968,0.0010366109397038307
2,1301,0.01650912168961397,0.005588645283124766
2,1302,0.017722580089204444,0.003899146861326204
2,1303,0.020846406955958952,0.004613787365214036
2,1304,-0.003415718668694638,-0.004556064869404955
2,1305,-0.006692551876594381,-0.004047878232176191
2,1306,-0.00818237171042143,-0.0025625507075693467
2,1307,0.0166627268979192,0.004036998156410836
2,1308,0.013682130180814437,0.0005238122693857473
2,1309,0.022492256543087962,0.005541467019546364
2,1310,0.0033897208895225686,-0.0021858815245906684
2,1311,0.0004748031712717534,-0.0024159406712714383
2,1312,0.017589816751278617,0.0047469402557957455
2,1313,0.02033206641263334,0.0047369174881046585
2,1314,0.016281598084880524,0.001673110865894185
2,1315,0.017088518876838377,0.002549598821094079
2,1316,0.00439788188373124,-0.0017869664187586379
2,1317,0.023800862051219014,0.007307001377736232
2,1318,-0.00036705253570044877,0.0026704755751224014
2,1319,0.017460987436353163,0.0025735592132287892
2,1320,0.007351676133803992,0.004499589599694033
2,1321,-0.0005046319466582699,-0.0038788665878966852
2,1322,-0.000700433983665882,-0.0018964944730321001
2,1323,0.02733015358137673,0.0052322128799541946
2,1324,0.007628141567517667,0.0017112761891492519
2,1325,-0.006120458785849779,-0.00422522704433886
2,1326,0.02211162379697394,0.002275646478648594
2,1327,0.0008029499595629022,-0.0032587667271404886
2,1328,0.009015276354197667,0.0004371520082642848
2,1329,-0.009695141592446417,-0.004081215890325894
2,1330,-0.025879753577207117,-0.01032404605410809
2,1331,-0.007844651242636643,-0.004787579778459082
2,1332,0.008993693028443824,0.0021183367774036486
2,1333,-0.0015148623366291688,-0.0007760149287537914
2,1334,-0.00978732780340109,-0.004139894498718469
2,1335,0.009970629706596092,-8.986669435464478e-06
2,1336,0.009777870975999503,0.000892486331968975
2,1337,0.005520894109934186,0.004483925395708765
2,1338,-0.011912118376656622,-0.007861507801081078
2,1339,0.017741667584963216,0.0035533167649537973
2,1340,0.011773960094012489,0.0040092140540729385
2,1341,0.026537168153894376,0.011581649156159304
2,1342,0.010766353484299735,0.0006658087408132202
2,1343,-0.0170429460689957,-0.007761100450003448
2,1344,0.003477104184664091,-0.0029250164511495608
2,1345,0.020164789037426026,0.004319774699214027
2,1346,-0.010823532326489088,-0.006014126739300049
2,1347,0.008151181575948314,-0.0007057879193355259
2,1348,0.01826685457516028,0.005205241880793257
2,1349,0.015887328988861693,0.002832503618669638
2,1350,-0.0012945771914698256,0.00010553990547115238
2,1351,0.002324956922208022,-0.0007617668245284982
2,1352,0.009901130673804588,0.0008319470972502289
2,1353,0.013276728154000841,0.0028247719919713694
2,1354,-0.002102640772029165,-0.00488644635529543
2,1355,0.007517351092859373,-0.0018838788182679947
2,1356,0.010154837860334769,0.0016872909585863916
2,1357,-0.004122845431205474,-0.0011576720470968074
2,1358,0.020468918436438742,0.003501660156214
2,1359,-0.0037105661666138492,-0.006441798874617523
2,1360,-0.013113483060303688,-0.007254285106323875
2,1361,0.0005830900863721143,-0.0010533018293866622
2,1362,-0.006423474466393616,-0.0028253333896860982
2,1363,0.018751760221670896,0.004129235175394088
2,1364,0.01637575850171745,0.004309282862733008
2,1365,-0.015740030202767236,-0.008072978856867282
2,1366,-0.012439337400447767,-0.006582382381199521
2,1367,0.02171543530104689,0.004938860521112453
2,1368,-0.007117923459391529,-0.004862102448652558
2,1369,0.011993489693539227,0.001451038721252563
2,1370,0.03433707081921361,0.010461244641619655
2,1371,0.007309045444501093,0.0014148216949306748
2,1372,-0.004232040240004494,0.001662352598497741
2,1373,0.004042265720989718,-0.0036351736643883263
2,1374,0.0328892327987374,0.007249928583760637
2,1375,0.006477580690092159,0.001549241289785802
2,1376,-0.00043124023006543003,-0.0023585977491248403
2,1377,0.020985461444079142,0.006625075324614654
2,1378,0.008044707989011005,0.00016112338630634398
2,1379,0.01071252714564015,0.003391614306697133
2,1380,-0.0021811361088886557,-0.005894099269102234
2,1381,0.003389158606199923,0.0021887298480052692
2,1382,0.011671729784651691,0.0022840431865098275
2,1383,-0.02871525537985645,-0.012255261610272825
2,1384,0.0074596941446014526,-0.0018177876461966931
2,1385,0.011212435421483773,0.002842730478498367
2,1386,-0.0017314653662037142,-0.000728846491667028
2,1387,0.025858584092929383,0.004741555304848935
2,1388,-0.002115391754766238,-0.003919979823803175
2,1389,0.0022936102244004637,-0.0028049095350459975
2,1390,-0.005592221881954817,-0.0031672071036391333
2,1391,0.03137725642624896,0.011057685000456521
2,1392,-0.005569689580513238,-0.0030503335246181936
2,1393,-0.011254888154033504,-0.005917604470552956
2,1394,-0.0022321796153920133,-0.003606929413599572
2,1395,0.007311193297634131,0.0008717433501455306
2,1396,0.01830873920851656,0.004354529800230025
2,1397,0.0003189728435851732,-0.0012350913050751112
2,1398,0.011707658185721267,0.0060833315431124855
2,1399,0.029511051126483494,0.010096842078371332
2,1400,0.019464942293549864,0.005709745023236983
2,1401,0.01052045089838977,0.00467801194441398
2,1402,-0.004923981849486895,-0.005344274068071589
2,1403,0.005443409151940693,-0.0023486242957572296
2,1404,0.007069826214187082,0.0020742510116489167
2,1405,0.004588876244809315,-0.0016603515806345244
2,1406,0.016511640142250986,0.005497464509004764
2,1407,0.01601237243849121,0.0031311738034453017
2,1408,-0.01577377843564524,-0.011842388291059122
2,1409,0.016275574103191012,0.005164384545447569
2,1410,0.01850608655464426,0.007075596776870068
2,1411,0.019227855003852247,0.0038033397983332808
2,1412,0.0033220817057728687,0.0004006936541866831
2,1413,0.015636888503606144,0.004627833648657401
2,1414,0.03144957084541956,0.005435132560873979
2,1415,-0.008366988593904934,-0.002367993688145412
2,1416,0.024134495188257207,0.0061948893746827886
2,1417,-0.0009746470474898313,-0.0018503892778484873
2,1418,0.009881684298273552,0.0029482424406839874
2,1419,0.0027927415498902514,-0.0008783446561918522
2,1420,0.029692698392108186,0.008807408337001995
2,1421,0.005767460278922633,0.0050800989594633065
2,1422,0.009268051974259272,-0.0002749058370991382
2,1423,0.029114898206009487,0.010700848106425747
2,1424,-0.0022262233232656606,-0.0002837801275876404
2,1425,0.020265467999699742,0.005514662125557656
2,1426,0.01966553421829659,0.005377597272169244
2,1427,0.0006224908404753614,0.0004727983179750709
2,1428,0.008327470271731864,0.0014146969614501654
2,1429,0.013965331534933465,0.0032735386491955162
2,1430,-0.003607644357162885,-0.002986322975870218
2,1431,-0.0008847926510135981,0.0008848865641711187
2,1432,0.023776151519137433,0.00706991980288446
2,1433,0.00957065997747015,0.0003493498003279978
2,1434,-0.01327076959171087,-0.004680650350450226
2,1435,0.003524246973591708,-0.0015127125253078537
2,1436,-0.003954881545041519,-0.0021568354660656355
2,1437,0.017940435703147482,0.003241157025512651
2,1438,-0.007330577274169165,-0.00463364050295035
2,1439,0.019126318792925832,0.007318506995281534
2,1440,0.004426088177204401,0.0016727514556416133
2,1441,0.02272413304646552,0.004195325385442929
2,1442,0.00035792906820286723,-2.9094900074346933e-05
2,1443,-0.006449323950414062,-0.005889108613639143
2,1444,0.009346508080723442,0.003067800913685554
2,1445,0.012009145856574957,0.0016749154840646806
2,1446,-0.006986641840551745,-0.0023572866366861817
2,1447,-0.0045335233236578395,-0.0022443302148711765
2,1448,0.01113399800613046,-0.0004726916937414928
2,1449,-0.004180946384696535,-0.0011051041683858424
2,1450,0.028001946286010625,0.0072623769517514486
2,1451,0.028325093665220454,0.0076422888829313276
2,1452,-0.013390078139650274,-0.0071805628705668405
2,1453,-0.016454308757663186,-0.007566407918775007
2,1454,0.013922959100201741,0.004188999105481645
2,1455,0.00440077537423925,-0.0019624458200688615
2,1456,-0.0006361416708962164,-0.002307982088770497
2,1457,0.011893625716803668,0.004620106677817785
2,1458,0.011564871623579286,0.0032569798397657107
2,1459,0.012563944796290834,0.0034942764045737145
2,1460,0.014388123170363662,0.0039996591158178935
2,1461,0.004308330726945036,-0.0016183056886019855
2,1462,-0.006842595214647433,-0.0016600105277701795
2,1463,0.019485115008979547,0.005874070184943707
2,1464,0.00579990097884224,0.00047426079123216556
2,1465,0.004278898695841162,-0.002559700013288879
2,1466,0.0007128440905174152,-0.0021035521071776347
2,1467,-0.0028677396193969823,-0.004241475593649561
2,1468,-0.00592887860088533,-0.006186315178352022
2,1469,0.015474910440386678,0.006527666098016114
2,1470,0.0014985025862865884,0.00018896632215398865
2,1471,0.014144316782808414,0.002026405226662028
2,1472,0.002590545487415132,-0.0013397419456713635
2,1473,0.024140411280798663,0.010918679403700123
2,1474,0.014614995369849317,0.0033491433029598987
2,1475,0.038888769642793634,0.013293176355887231
2,1476,0.016736125766548884,0.002926938950500704
2,1477,0.001071544200364591,-0.0011275240974874875
2,1478,0.016126482267688598,0.00470241536465927
2,1479,-0.00205793638362692,-0.002448448904940297
2,1480,0.006909724310836575,-0.0007329715800794514
2,1481,-0.010685731947294191,-0.0056802850798406785
2,1482,0.027007680028341093,0.00677984634235011
2,1483,-0.0028190808066161804,-0.0016957082928198797
2,1484,0.0210146137731272,0.004452979029290879
2,1485,0.010322930647968326,-0.0011478901680367958
2,1486,0.03239926227615425,0.010586579901546392
2,1487,0.02096841906856432,0.006814328356335394
2,1488,0.01993685264294097,0.003271664725017875
2,1489,0.006486342815514909,0.00103062207605646
2,1490,0.03783910692931299,0.010207872722594774
2,1491,0.01139537399538682,0.0005668962849517907
2,1492,0.0018093177011187333,0.0007042171926274427
2,1493,0.011418889951533692,0.0020722623395306103
2,1494,-0.00038221756933246276,-0.006307244263840888
2,1495,0.0026961331839600896,0.0011879955153885917
2,1496,-0.0021085468309225463,-0.0012015698758179275
2,1497,-0.010906751287946676,-0.003912160732503776
2,1498,0.010264119654977625,-0.0021187038631024263
2,1499,0.015586678265626378,0.005734864041962877
2,1500,0.03276531048103548,0.010146583484496421
2,1501,0.018697397152223304,0.004760979657449068
2,1502,0.004494533481168064,-0.0002470888663474213
2,1503,-0.018904957937305247,-0.009597047374494294
2,1504,-0.018542766918270427,-0.004360266935129019
2,1505,-0.0009212843450574352,-0.002538075902248353
2,1506,-0.008423910440919263,-0.005841851919948048
2,1507,0.0249462889735604,0.007212327569530462
2,1508,0.013437085467424848,0.002829711360849039
2,1509,0.0019694008169625463,0.0004986617628307196
2,1510,0.0016823974030992107,-0.0008145717878003387
2,1511,-0.004707415913530686,-0.0036559118099123264
2,1512,0.012710977853855401,0.0007822212019175281
2,1513,0.014555296578704661,0.00237072044852483
2,1514,0.0043627948161049064,7.208275453283155e-05
2,1515,0.014301162771847575,0.002740016478889055
2,1516,-0.0010856888426472144,-0.0028531099302630822
2,1517,0.017603788384652326,0.0023304074283330652
2,1518,0.01658717015786632,0.001625613083160488
2,1519,0.0146542558949384,0.004102516857127539
2,1520,0.02501058399961852,0.008636826074371511
2,1521,0.02980348953557514,0.008695605135756977
2,1522,-0.0015008356903572352,-0.0029546812566263324
2,1523,-0.003181375106391427,-0.00486072421277077
2,1524,-0.004450474302383494,-0.004644570996937172
2,1525,0.007988585906999803,0.0013373688498507295
2,1526,0.025525120870389214,0.0071610696762245156
2,1527,0.020611366357709784,0.004339146072803763
2,1528,0.060471718037017695,0.01723195229368812
2,1529,0.022558713276755186,0.0036215091463413117
2,1530,-0.00695512698660678,-0.00831585613511713
2,1531,0.01613822805178643,0.006686885695333058
2,1532,0.0030457309465419355,0.0013515611070926946
2,1533,0.0035669351548594393,-0.0005846172174678215
2,1534,0.013419800901302063,0.0034218342871043597
2,1535,-0.0036820940182031815,-0.005281394641607486
2,1536,-0.012885526777690948,-0.0093704482921434
2,1537,0.006217858335950247,-0.0009796814658413143
2,1538,0.004747361482377363,-0.0024809676191619666
2,1539,-0.012508877254413934,-0.005775962385073995
2,1540,0.014510281725125964,0.00353004307851689
2,1541,0.01994457076610914,0.006396743613859825
2,1542,-0.006064028848306794,-0.003553813581865526
2,1543,0.014812590201264918,0.001864714560815574
2,1544,0.017853537508952324,0.0030576648552654204
2,1545,0.01460041069335613,0.005522329515915368
2,1546,0.008311858516913313,0.0061185839247520305
2,1547,0.02153897110818033,0.006294390625322293
2,1548,0.013743251107792506,0.0020670633900896334
2,1549,0.016427976606648007,0.006102781290592282
2,1550,-0.004448432729004788,-0.0007784446732125701
2,1551,-0.004265056370174774,-0.0008351671295691653
2,1552,-0.0009370098700031612,-0.0012325556768819884
2,1553,0.027667956338652596,0.008176752929164722
2,1554,0.007851398054559717,0.0036940495455100994
2,1555,0.018380186542534805,-0.0017561779685610667
2,1556,0.0065166068302411236,0.0020638776751178605
2,1557,0.010021384533029093,0.0030401030137974347
2,1558,-0.0010045479044036069,-0.004489500118676115
2,1559,0.004032480675317777,-0.000441097985431639
2,1560,0.013137189693763917,-0.001866434805062695
2,1561,0.0386503690632843,0.015727691570665184
2,1562,-0.015455496528969494,-0.003821279168296256
2,1563,0.022311686258625063,0.004067676746910742
2,1564,0.032754518555737404,0.011317477504924704
2,1565,-0.0007526716444256696,-0.0012005331018816769
2,1566,0.0029445488615113783,0.0024427111410216967
2,1567,0.00594199967497702,0.0035008920099512896
2,1568,0.029116878264239445,0.011169621114869575
2,1569,0.015057829763229781,0.002753171522879515
2,1570,-0.0015386255187956673,-0.003827660135940884
2,1571,-0.001787812044027318,-0.002522722962183036
2,1572,-0.011691220028388289,-0.004030168992433057
2,1573,0.016882947102865087,0.00489103952216772
2,1574,-0.00453051104010397,-0.002142064955567948
2,1575,0.03975751831730275,0.013295797018792136
2,1576,0.01519910031218685,0.0025489177236380635
2,1577,0.03721816499634428,0.007227646180455296
2,1578,0.007027641898509388,-0.0015484367303851135
2,1579,0.0015041545026976372,-0.0015705540521895513
2,1580,-0.0074855269198980876,-0.003451500098018617
2,1581,0.02508495629406987,0.005041980014886291
2,1582,0.017627239872983397,0.004843406381849309
2,1583,-0.02510491650465132,-0.011209359908978667
2,1584,-0.0189968440359414,-0.009169236199709418
2,1585,0.008872714071871669,-0.00048822534127169695
2,1586,0.015019776704754245,0.0021165061358393127
2,1587,0.018508947700528064,0.0022852416980763627
2,1588,0.017119663991898598,0.0017346590253754484
2,1589,0.013350805074315481,0.0026710119415382125
2,1590,-0.03745233379221206,-0.016640105423477488
2,1591,0.018906026786657367,0.008366923115269117
2,1592,0.006214235978337828,-0.001562546589677739
2,1593,0.023762005018317746,0.005131561994315488
2,1594,0.03608791623217737,0.006422058196425184
2,1595,-0.019800638469081245,-0.012172796967979401
2,1596,0.01743171698370907,0.0048788141288194165
2,1597,0.0024820660634454293,-0.0014823971021416169
2,1598,0.04251768059008794,0.01246625736084896
2,1599,0.015703048115998902,0.0032762476759270335
2,1600,0.012606456397051177,0.004684772256409299
2,1601,0.011848650986313151,0.0008455721979685287
2,1602,0.005619584936347279,0.001072546914562396
2,1603,-0.0036478958784172642,-0.0006235465418698295
2,1604,0.011634385990461769,0.0015415854094626867
2,1605,-0.0014006179289653361,-0.0029404227572931586
2,1606,0.020732898133904266,0.0043525270854013285
2,1607,-0.01489042094838957,-0.006566108796031016
2,1608,0.0038429422826035294,-0.0007878099177637456
2,1609,0.011496276968097964,0.0019781460820340008
2,1610,0.026625900451747384,0.0060019980594506655
2,1611,0.01833159369763668,0.0020839506978223366
2,1612,0.010388289519283668,-0.00045135477990044886
2,1613,0.006684583331341887,0.0003963610349627428
2,1614,-0.0009094215642528933,-0.003928676139494747
2,1615,0.02951083372906059,0.007846367453283671
2,1616,0.009289331086345519,0.00408208135817266
2,1617,-0.005278050201649036,-0.0015794220730303375
2,1618,0.029983489603240012,0.005793274259257014
2,1619,-0.0012770498880528836,-0.00014143451204528528
2,1620,0.01501916856376992,0.002435371243696098
2,1621,0.0003011895986086745,-0.0014069932051419913
2,1622,0.014997034460909385,-0.00029950833333444607
2,1623,-0.01032874884457685,-0.003494655972012836
2,1624,0.02383597583308195,0.003960659513559509
2,1625,0.007743695427408543,0.003563921719038113
2,1626,0.027648180583424244,0.006970879423313201
2,1627,0.012506996304561428,0.00195496831149892
2,1628,0.020115172059896255,0.0005275101740809029
2,1629,0.013483472732700652,0.0022980555170207056
2,1630,-0.003529097401863931,-0.004792684761030062
2,1631,0.007652191251888678,0.00022761984402172307
2,1632,0.03309558399484367,0.007524684467064582
2,1633,-0.003457682741644164,-0.0030740697796641635
2,1634,0.015496404422367965,0.003221056216584915
2,1635,0.008157678680782798,0.002960957138197626
2,1636,0.01317409865484119,0.0025497829233154983
2,1637,-0.0014984795214931907,-0.00037284743872095794
2,1638,0.007272954934940193,0.0028735238847870906
2,1639,0.014782952397603976,0.00427876389109704
2,1640,-0.015951860582486262,-0.0060933058231737915
2,1641,-0.007873283120700776,0.002898699445045936
2,1642,0.025919611396028358,0.00880628410440148
2,1643,0.029370473808033856,0.00794696848707766
2,1644,0.017516161446617325,0.006964066846253673
2,1645,0.004485569368391862,0.0023452664864911568
2,1646,0.0024442420142536166,0.0006629221473224408
2,1647,0.003996486536382157,-0.0025045676535707076
2,1648,-0.006494964093798195,-0.004687120058642799
2,1649,0.009138971884170835,0.0030305811585332743
2,1650,-0.022310292140966942,-0.00833499750384559
2,1651,0.004571139816366943,-0.000623388871542083
2,1652,0.011008309428106855,0.00016554715549386005
2,1653,0.0008100632896452186,-0.002401186628291158
2,1654,0.014853379675841357,0.004821586224369399
2,1655,0.021130253567684262,0.007854259483362694
2,1656,0.029684277948879526,0.009419705797789788
2,1657,0.011022256992771075,0.002548385628464022
2,1658,0.008690414930132636,0.0011231805946014693
2,1659,0.029581370374056382,0.004899767123193154
2,1660,-0.010913671492313667,-0.005271694828797334
2,1661,0.011546975536266105,0.005099591598164595
2,1662,0.017802510356314125,0.009470628748341344
2,1663,0.0072982903835904535,-0.0011894753858196529
2,1664,0.009694542667756332,5.4755906343379634e-05
2,1665,0.011335408684110045,-0.0010937621213285846
2,1666,-0.00791811845813972,-0.0021270648724739764
2,1667,0.010961147882229653,0.003700611738529191
2,1668,-3.9318211313365615e-05,-0.0038408036742632987
2,1669,0.009329656557591312,0.00294183118254319
2,1670,0.009509351877740728,0.0021163288831140257
2,1671,-0.014195062665408672,-0.0066333906730612095
2,1672,0.013078866456486805,0.006087648771928992
2,1673,0.001770393590877746,-0.0038923900780819323
2,1674,-0.006054484159572856,-0.003197319223182539
2,1675,-0.0024803107555892165,-0.0037847915527339957
2,1676,0.0025113051249980385,-0.003771079523279446
2,1677,0.03697421457474664,0.011296820765579163
2,1678,-0.007663679350392803,-0.0026261382674371662
2,1679,0.016728922854328695,0.004748113961517274
2,1680,0.02725374436646561,0.006871193372858414
2,1681,-0.025529048038623273,-0.007437680499477628
2,1682,0.011422355400203065,0.001464544484982742
2,1683,0.014243490850383667,0.002322182580758761
2,1684,0.01906102442475603,0.005274642265685221
2,1685,0.025922015652599745,0.005525742254744051
2,1686,0.034087332212521526,0.0067365119781665145
2,1687,0.008031990089438461,-0.0013685810802405599
2,1688,-0.008982684373639409,-0.003115266218800972
2,1689,0.01765501375388458,0.006911614412210366
2,1690,0.016672862797312605,0.003292079905370661
2,1691,0.02253536946800378,0.003915977283421223
2,1692,0.015072473719623017,0.0026081007914046665
2,1693,-0.0031383632449810497,-0.0033810992860542413
2,1694,-0.021674552139844375,-0.01041876281570981
2,1695,0.01110016345649411,0.001242319159779732
2,1696,0.01657796933215668,0.0032455319474678137
2,1697,-0.018677679557750643,-0.005439198855492093
2,1698,0.020161859432326755,0.0028538722566006465
2,1699,0.03861092310118138,0.009845991884336746
2,1700,0.01927273521343519,0.0036136649002916953
2,1701,0.012516648910134825,0.003860829163049617
2,1702,-0.002517415139988969,-0.0008058063368295878
2,1703,-0.0028335217454132384,-0.00490435750300846
2,1704,0.012866653540905434,0.002522553163606442
2,1705,0.011415080361208564,0.0018702934890692203
2,1706,-0.029043763310364356,-0.011401656240628406
2,1707,0.003984903075203941,-0.00019474928949773904
2,1708,0.007202956577290595,0.0013612484578490794
2,1709,0.0031076984753717965,-0.001374407254933277
2,1710,-0.00918687343720505,-0.004546306202391887
2,1711,0.03330942034984051,0.01027505938097119
2,1712,0.001961997834848833,-0.00134055932022491
2,1713,0.029313597134006393,0.007191330457864472
2,1714,0.021147221974466054,0.002884710547008981
2,1715,0.0216866073165748,0.004309420930299949
2,1716,0.02044592402334709,0.005602460233880452
2,1717,0.012803719703481842,-0.000988776438203658
2,1718,0.007676774825954265,-0.003032540504427569
2,1719,0.004449539912551678,-0.0012440698823734978
2,1720,-0.005801542039348701,-0.003570492429767468
2,1721,0.03636625459888577,0.010728677833245399
2,1722,-0.008761232509875164,-0.005858445384056639
2,1723,0.04516004745128358,0.01641353269918115
2,1724,0.009290140003637162,0.006473048295027507
2,1725,0.024222749491033143,0.011068502345655151
2,1726,-0.010259580487787221,-0.004521860307895006
2,1727,0.02402462508867585,0.00616338260317216
2,1728,0.015143943302028602,0.0028239229022130855
2,1729,0.0022814518918443934,-0.003283047455361084
2,1730,0.039806260143702026,0.013187302098765221
2,1731,0.017989428786777686,0.00631382834638637
2,1732,0.017347407172709384,0.0035975766981160592
2,1733,0.012822145828065413,0.0021925058459716555
2,1734,0.0047502194041471124,-0.0011023091093293033
2,1735,0.0014064255474092828,-0.005170985142698988
2,1736,-0.0018283418189727724,-0.0022054909023661714
2,1737,0.010876093266670198,0.0030405634866571647
2,1738,0.028168918858120038,0.009413612157541704
2,1739,0.01911679862091831,0.005482320052337602
2,1740,0.019347619107900713,0.006733133051786537
2,1741,0.035563677360802716,0.010190878297996638
2,1742,-0.005249368522002986,-0.006019020486618975
2,1743,0.020250951433508843,0.0036148849682849245
2,1744,0.023229984390976583,0.00615454606893277
2,1745,0.00783619404275716,0.0012195096830834643
2,1746,0.020912707734968186,0.006904539718654555
2,1747,0.02693340626342634,0.005689550612980118
2,1748,0.021970622853772482,0.007199348651736849
2,1749,0.014593528473525103,0.002883404728240524
2,1750,0.007648194422421233,0.004018662362933064
2,1751,-0.00016197542837883666,-0.004815993993485321
2,1752,-0.013572569993582365,-0.0037876554642132564
2,1753,0.004691530212694434,-0.0036669887045234152
2,1754,0.030567077165694612,0.006387886670748356
2,1755,0.005237486753013613,0.0012711141782807292
2,1756,0.016622567959201803,0.003652393550042332
2,1757,-0.026865717954886074,-0.00989044319721967
2,1758,-0.009402998780899922,-0.007757174464959763
2,1759,0.011589089787928688,0.0023447139597197546
2,1760,0.008695202030809193,-0.00039360698048034645
2,1761,0.011751488565842853,0.0022963149461489663
2,1762,0.008281611517660648,-0.0001782413778402411
2,1763,9.881359626015551e-05,0.0007364772367501643
2,1764,0.00124052420902931,-0.0025754017547315266
2,1765,0.023371662968659633,0.0070636272765197995
2,1766,-0.004184503118616509,-0.0013559042605650567
2,1767,0.030037169373301822,0.012220867942873467
2,1768,0.004933119207089237,0.00035321311631110876
2,1769,0.02699761606773765,0.00976660845784805
2,1770,0.019539957814546385,0.008119247665039915
2,1771,-0.007700426318114476,-0.003338599431287738
2,1772,0.01673535862610857,0.003702401381479024
2,1773,0.011876673400111885,0.004334071090245541
2,1774,-0.009686991491630027,-0.00346603508353752
2,1775,0.01878304068036817,0.004234326383932283
2,1776,0.009646053625321827,0.003922807070674283
2,1777,0.01070461872978814,0.000967021347752702
2,1778,0.013722504528484305,0.004438925863554796
2,1779,-0.00408707236134471,-0.002743049000304753
2,1780,0.024528348393845333,0.004240044281779282
2,1781,-0.000651785430466489,-0.004154823289355561
2,1782,0.006850758185896915,0.0001312293040067765
2,1783,0.0022531436514362014,0.0011898021938160825
2,1784,0.023825373942915718,0.010820411939712733
2,1785,0.020144576500585494,0.003528565256721207
2,1786,0.004973868554599998,-0.0007422517705285381
2,1787,0.029492344334968845,0.0045587754741305804
2,1788,0.0261282859998617,0.007031363691822031
2,1789,-0.015503886659142785,-0.0031027186197975197
2,1790,0.024297686077948563,0.008578378831618784
2,1791,0.029727297307245455,0.00835216974955289
2,1792,-0.010265474023051925,-0.005038666885737415
2,1793,0.014020359674340377,0.0025160517816904164
2,1794,-0.02137660236141072,-0.010279302852169598
2,1795,0.018301410543725593,0.002492332136548401
2,1796,0.016442998634311135,0.0007698697368963988
2,1797,0.008607578859514608,-0.0009086610175043694
2,1798,0.03634417695206036,0.013018420611603
2,1799,-0.00033538338056467143,-0.004115841684611006
2,1800,-0.0030665226414075893,-0.0013923420659681244
2,1801,-0.01894927889258107,-0.008586740389159192
2,1802,-0.003838307726071323,-0.0009811091946318497
2,1803,0.024070044067585127,0.006084072783287194
2,1804,0.03217642471151793,0.01089220641989647
2,1805,-0.013721641892478672,-0.008648115614296528
2,1806,0.03992597186345817,0.010168191192955083
2,1807,0.016706507855114117,0.0030904500869832975
2,1808,0.0014901625550311297,-0.002250787690597263
2,1809,-0.0023989907214323307,-0.004846229488538604
2,1810,0.010667464679620119,0.006660077664693562
2,1811,0.02174239342884714,0.006228224192452395
2,1812,-0.011298855552092025,-0.005015054622587233
2,1813,0.01254770722086524,0.00020303056909127715
2,1814,0.04099364982609651,0.009840259348714221
2,1815,0.013612235772541562,0.0012547709525011074
2,1816,0.0036415835625955833,0.0018418519675719308
2,1817,-0.004468555312681905,-0.005032793614266854
2,1818,0.019242557833855218,0.007241187177401579
2,1819,-0.012162794766841947,-0.006420884936089739
2,1820,0.012998452290305051,0.0039006423455685848
2,1821,0.030133198069077202,0.006071517010616601
2,1822,0.03686642819150172,0.00962084791934266
2,1823,0.007372320822793191,-0.000245426250330359
2,1824,0.006405297338441539,-0.002021405555926248
2,1825,0.026790695230668893,0.006543758346552724
2,1826,0.012725584791541131,0.0012216756707928815
2,1827,0.01838272457622806,0.006251420180966738
2,1828,0.010757831119082507,-0.000500739182822178
2,1829,0.040593289221316615,0.01273539498639766
2,1830,0.018811336136817233,0.00014264934683219484
2,1831,0.00023998274999559698,0.00030275519446341313
2,1832,-0.010271881027021491,-0.005626511783687365
2,1833,0.021784589307779406,0.0067224822226766776
2,1834,0.003274538030282495,0.002377061234843139
2,1835,-0.00878771290225011,-0.003144876956352944
2,1836,0.013057977749452353,-0.0011960410001578172
2,1837,0.00926908919344719,-0.00038733899704223906
2,1838,0.010638806544195344,0.004368417035923396
2,1839,0.007337869964677163,0.0025330714365880418
2,1840,0.010418692868013354,0.0003711077778517344
2,1841,0.017424885748712624,0.0036448518030237076
2,1842,-0.0014089851275347048,0.0005182448544088756
2,1843,-0.020488514039974835,-0.008135949929282715
2,1844,0.019962239360011153,0.006776050361235944
2,1845,-0.003423367823090555,-0.005306894348626803
2,1846,0.020710447961216204,0.004168827476118856
2,1847,-0.008683383401428414,-0.004183375184082656
2,1848,-0.008615308489618632,-0.007466970878398474
2,1849,-0.020324034541776118,-0.007606273143591557
2,1850,0.012466689018655441,0.0031727869790641712
2,1851,0.016974190109383627,0.00538136824700427
2,1852,0.012067690721130895,0.0022684005671396246
2,1853,-0.004487493416624996,-0.004975853029752323
2,1854,0.027613853075492432,0.005054432918183563
2,1855,0.0035056471396044415,0.0007594494393251774
2,1856,-0.01794155847249247,-0.004517198601317947
2,1857,0.004434593787774357,-0.0020582376123361823
2,1858,-0.014399067650925227,-0.00572939825619741
2,1859,0.010135680178885666,-0.0014515011194282865
2,1860,0.024952475481420936,0.0038652657241525683
2,1861,0.0016414386864111298,-0.0007101021603277631
2,1862,0.033046764486918845,0.008012704234174191
2,1863,0.016487788265713496,0.003158826451170592
2,1864,0.011271182247520993,0.0008291065380232266
2,1865,-0.011221285384595622,-0.00705502767396056
2,1866,-0.0033269306161052684,-0.0009850199569119646
2,1867,0.018456659699993903,0.0066503224608914415
2,1868,0.01934960562075408,0.001735981019197083
2,1869,0.0007486062200286209,-0.0024545718414740957
2,1870,-0.002227891557394947,-0.0018303015159636354
2,1871,0.026335652073954767,0.008390436323141674
2,1872,0.016565893597428927,0.0022230708305762473
2,1873,-0.000239959748857466,-0.004578464393922335
2,1874,0.005829252874715619,0.0017077528324652951
2,1875,0.013067646614589333,0.003085366011546432
2,1876,0.01827203309173716,0.003711493523959842
2,1877,0.01878063977072193,0.004947694214723189
2,1878,0.0070564441554157075,-0.0004833688751840182
2,1879,0.007807095149143391,-0.0009103290877874231
2,1880,0.020460841414073436,0.006031547238206098
2,1881,-0.009811927513487343,-0.008957825210203267
2,1882,0.008244866704851233,0.0020325303700443062
2,1883,0.01822893374344394,0.006057836700479539
2,1884,0.0296349481269277,0.009194139645246555
2,1885,0.0036881148534319277,9.853198244867239e-05
2,1886,-0.006352012304324636,-0.0034890760500046903
2,1887,0.006945149836108682,0.005956773389601839
2,1888,-0.009473853469352754,-0.005841292318134798
2,1889,0.015658396242746907,0.0006215789372286634
2,1890,0.015019083674239356,0.0049023786545967915
2,1891,0.024588008721235535,0.008599824710432784
2,1892,0.01443513509571992,0.002304667887671504
2,1893,-0.004940351121171731,-0.0058387376118660675
2,1894,0.013404994395480836,-0.00037128095486019155
2,1895,0.021709649016786535,0.006549979350215193
2,1896,-0.003486193481613596,-0.0037371535352017935
2,1897,0.016546512239042688,0.0012464515583104055
2,1898,0.017436251920218363,0.0010996640712409315
2,1899,0.004320709598541648,0.003549733541971726
2,1900,0.04097715074961554,0.011153894518755038
2,1901,0.02785094428093753,0.007740266211935242
2,1902,0.0020758557061209756,0.0006778821477523857
2,1903,-0.002427672009169732,-0.0018985037705193902
2,1904,0.004721051818781645,-0.0010430888665235382
2,1905,-0.008842802953856704,-0.004046057898127972
2,1906,0.02487749589289744,0.003516149319835594
2,1907,0.0072218599675306335,0.0015014811818457221
2,1908,-0.002843305922045586,-0.002554528764162144
2,1909,0.006884125099235138,-0.0007945053286847348
2,1910,0.03338740567184482,0.008374199084603158
2,1911,0.010190325650811459,-0.002151563122393599
2,1912,-0.014217004948722703,-0.0046521427021769925
2,1913,0.037062995434996096,0.007842837168031006
2,1914,-0.0011981779782120764,-0.0019321740856979588
2,1915,-0.004996122243086803,-0.004126103516128054
2,1916,-0.0017469262671804312,0.00101538146523813
2,1917,0.008283823500728442,0.0016211264269694698
2,1918,0.03926150082481085,0.014669718692241209
2,1919,-0.002821929976929222,-0.005331405719159456
2,1920,0.021293202898504657,0.0077409540340933145
2,1921,-0.005219719753069954,-0.0033625069748344926
2,1922,0.008567923308342868,0.0020081993034833916
2,1923,-0.013154832747953303,-0.008518778388747424
2,1924,-0.0040830457205350106,-0.004188937335101038
2,1925,0.01946559037050193,0.0017917583565373039
2,1926,0.008872210327364224,0.0010728617207296572
2,1927,0.006850204237520466,0.001805219486551867
2,1928,0.030185292465629673,0.0079853283382353
2,1929,0.007479346080544275,-0.0019913735209310516
2,1930,0.012105935785721786,0.00401795553377558
2,1931,0.012879971945174002,-0.0017133997476987245
2,1932,0.007406063398338447,-0.0011704921703940547
2,1933,0.013686505506368683,0.004404825854411439
2,1934,0.01033947442960146,0.0012443839171963763
2,1935,0.003562858557010856,0.001213617552955725
2,1936,0.023473091062117916,0.007753018653832314
2,1937,0.01461114581157468,0.0027975436147658723
2,1938,0.019955931661298193,0.005393896833027878
2,1939,0.009680502394468871,0.00243236984265824
2,1940,0.004919495939766383,-0.0004429937497176595
2,1941,0.02003503142696919,0.006545230133999188
2,1942,0.01877767684679387,0.0034878685188439265
2,1943,-0.018237958337567434,-0.008452302364946197
2,1944,0.04385492743102076,0.014467268888804416
2,1945,0.002402576123328655,-0.0022122320761853945
2,1946,0.0001637978410253158,-0.0017361155406394118
2,1947,0.01787440590755949,0.00412178958091948
2,1948,0.01364962504597336,0.0015749749853130126
2,1949,0.0051289968327281575,-0.0013644670759987638
2,1950,0.028788587282959403,0.008209300235275902
2,1951,0.01686189030056004,0.0034401099142946
2,1952,-0.021175675195657308,-0.007780073011757027
2,1953,0.03317255554995687,0.010009400163669536
2,1954,0.042830662549410245,0.014978188324617805
2,1955,0.005753548406682964,0.00042968218814906634
2,1956,0.013225730934999905,0.000734662364092933
2,1957,-0.005422739407946842,-0.003125430045967928
2,1958,0.013962033030619426,0.003024119226378088
2,1959,-0.0002878027439901643,-0.0034834643144918535
2,1960,0.009571512338998361,6.524128277872008e-05
2,1961,0.013559130944960892,0.005753488831098871
2,1962,0.0028756313191390256,1.5120932292376385e-05
2,1963,0.03505129947212418,0.008765271463679721
2,1964,0.0153606389927457,0.004816075034119981
2,1965,0.01295109932745721,0.0007346629545898183
2,1966,-0.010170449554849784,-0.006484668818051421
2,1967,0.020807372902914845,0.0054672439732847715
2,1968,0.020285815718818986,0.00277415471059371
2,1969,0.012238782201459412,0.004333559447831686
2,1970,0.022240113493747903,0.005347549938247183
2,1971,-0.00014113935168492137,-0.003171912548275419
2,1972,-0.009664087850666412,-0.0066155278157721915
2,1973,0.01873227096699766,0.004593632751177334
2,1974,0.012576178612426337,0.0027920769423076127
2,1975,-0.006395363010745709,-0.003195645788031014
2,1976,0.026353759477204676,0.00647391746507901
2,1977,0.012929061828775205,0.004545706894341798
2,1978,0.005354295032258081,0.001197201421713576
2,1979,-0.004412379436454504,-0.002413558955078861
2,1980,-0.005636112945745894,-0.005319139992120564
2,1981,0.011046522188074037,0.004197847876031078
2,1982,0.005743996264163253,0.003524303653704562
2,1983,-0.008992555174706311,-0.003378655877687605
2,1984,-0.011320423521380718,-0.005136523575648908
2,1985,0.007813275941495416,0.004578700142232907
2,1986,0.021588030650982113,0.005140249815940244
2,1987,-0.005783163193977587,-0.001356229674077747
2,1988,-0.0008184068156584872,-0.004152266102285438
2,1989,-0.0031061386566383366,-0.005908491391449624
2,1990,0.02101334381472509,0.006367000284390238
2,1991,0.018748397135913475,0.005224285257295667
2,1992,0.02127386534284455,0.005451962761335527
2,1993,-0.004971071147652962,-0.0027768215499766684
2,1994,0.04904017637215613,0.01262852984996399
2,1995,0.029334388041431757,0.009910357606572554
2,1996,0.0010389421084437242,3.8488044104878395e-05
2,1997,0.014482441241244103,0.004486445629559839
2,1998,0.014851465224350843,0.002631500544825244
2,1999,0.01763587826655525,0.0009772497798462433
2,2000,0.004013256197422854,0.0014555847824178334
2,2001,-0.014791132487723263,-0.005232912443247113
2,2002,0.024221160873850928,0.004546372762663308
2,2003,0.006377282646150254,-0.0003085948328032915
2,2004,0.013934836149865315,0.0016175825447024685
2,2005,-0.00918617125930622,-0.0064542256971867615
2,2006,0.028247940489992768,0.007343879295272582
2,2007,0.04422183566527997,0.013514527051090576
2,2008,-0.00011239646640704797,-0.0022624280261636684
2,2009,0.01951506750495808,0.007339835046852675
2,2010,0.00806927626976755,0.0017777820218746042
2,2011,-0.0016827315585644805,-0.004089024642501991
2,2012,-0.012367923897070844,-0.008417357314719445
2,2013,-0.006633988427343583,-0.0012768353742824356
2,2014,0.01201367943012166,-0.0004467439376831144
2,2015,-0.012702133594022481,-0.005416003184820446
2,2016,0.0012608305378464376,0.001241595917911615
2,2017,0.019551450454097685,0.006965419972663452
2,2018,0.028883081684092902,0.008985947157342215
2,2019,-0.016842443466803986,-0.006538075967034434
2,2020,-0.00993110261974216,-0.003203522487899175
2,2021,0.01801153276703872,0.004104132180737082
2,2022,-0.0012323426135390663,-0.005367775775808016
2,2023,-0.025913485420551646,-0.009661379521062765
2,2024,0.02465849623788061,0.007025260557180041
2,2025,0.02319906310421407,0.004847382895852347
2,2026,0.007012344201331983,-0.0005663012191608849
2,2027,0.02123876848166136,0.005195406154018275
2,2028,0.023088858222079883,0.0070333903634583065
2,2029,0.0064849056392629395,0.0005081738017240947
2,2030,0.02642021042427721,0.006543689167077997
2,2031,0.013532328421488696,0.000864710796934546
2,2032,0.016943092408919065,0.007194301406636733
2,2033,0.017333705791225687,0.001388304568846592
2,2034,0.013222807912616624,0.0010336782106840916
2,2035,0.01797518714286064,0.003154429707386223
2,2036,-0.04254765594497333,-0.015678004106246306
2,2037,-0.025108782332213614,-0.011587273451738303
2,2038,0.008058964036075552,0.001836766810480275
2,2039,0.019177123911567177,0.0017749205824517844
2,2040,0.004491014973506861,0.0013930864843214761
2,2041,0.022960816550238718,0.00647713772934755
2,2042,0.05063527042755952,0.015112206089929353
2,2043,0.017560435326048875,0.0020444079994285263
2,2044,0.015548006521830485,0.0010567847055617274
2,2045,0.01306884459092063,0.00215221882702781
2,2046,0.00742450099559233,0.0006326246304963298
2,2047,-0.012266429142451957,-0.005650677776503911
2,2048,0.03542655509311472,0.006770518709425376
2,2049,0.022055489479922776,0.007576642231602975
2,2050,-0.006708055313016003,-0.005478337539082403
2,2051,0.01246293163189337,0.0024766068678374648
2,2052,0.0042424590278783755,0.0006998540736347766
2,2053,0.012653335774981685,0.0005463167320539545
2,2054,0.004781606193396511,0.0025763753766528483
2,2055,-0.0016539942907705678,-0.004173759083102653
2,2056,0.019848224738315885,0.006837463820298747
2,2057,-0.001871292947877822,-0.0005068782396630577
2,2058,0.006054977980556827,0.0031955939384793806
2,2059,0.030817560151464224,0.011565995097417093
2,2060,-0.01751480603666318,-0.008966542563621192
2,2061,-0.008978328943475626,-0.007440325692223143
2,2062,0.016237665099348375,0.003527660519103998
2,2063,0.003158722996933803,-0.0022160853344716787
2,2064,-0.0015488955183810447,-0.00020644490725278285
2,2065,-0.0027546262596952805,-0.0021402937856202916
2,2066,-0.008692799980634268,-0.0017362627922593717
2,2067,0.0022291850200578905,-0.001970089159265549
2,2068,0.021851150362939987,0.007152619446930851
2,2069,0.025024323489153285,0.008967844613809091
2,2070,0.009282264082205375,0.0004993824065729429
2,2071,-0.011699337214940398,-0.00754193923014161
2,2072,0.0009550771546333917,2.957902559285882e-05
2,2073,0.003189510020599702,-4.996976410182041e-05
2,2074,0.02096634398674887,0.0060620703192706136
2,2075,0.012947951291370646,-8.777329778569869e-05
2,2076,0.02289570033426375,0.004279754925490861
2,2077,0.019692846868687212,0.00581619980729127
2,2078,0.007205394020043766,0.0012712152108742473
2,2079,0.007877514392173171,0.004024693857706413
2,2080,0.02858678330752646,0.0102903732245863
2,2081,-0.015566434792510712,-0.0062595323301961135
2,2082,0.00716667104507565,-0.0008186652057708525
2,2083,-0.0018030167019094194,-0.0020603022941935722
2,2084,-0.0007152846588149225,2.9608959543582064e-05
2,2085,-0.0023984992498240635,-0.004505206217548243
2,2086,-0.0161981851760093,-0.005364588476326701
2,2087,0.0016042631900742147,-0.0017851001474719803
2,2088,0.024699385290067346,0.0076709026227766396
2,2089,-0.0023657252752080746,-0.001779866069855486
2,2090,0.01304782213499347,0.0016982935885298475
2,2091,0.002369962496167147,-0.0020861940186064354
2,2092,0.01907573445802327,0.0031948994070895346
2,2093,0.015380921630686004,0.003594879081430025
2,2094,0.02801571123276114,0.008057480760579026
2,2095,0.02543934992633369,0.009024224171011582
2,2096,-0.0007088946748575322,-0.002885175732684053
2,2097,0.007080435035373699,0.00029739367208477826
2,2098,0.0018413982510912597,-0.0033461127301342994
2,2099,0.02895758460226643,0.004953623642404394
2,2100,-0.023234547466835613,-0.009068551579105659
2,2101,0.03100669769242017,0.006395133725228651
2,2102,0.013761544088352376,0.0003834990945452505
2,2103,0.015148923480671409,0.0017754582524180144
2,2104,-0.018067703069622066,-0.010511718763207108
2,2105,0.009441228701999939,-4.104044699240823e-05
2,2106,0.016623567063960624,0.005652638223581461
2,2107,0.009793777047669911,0.004744962141912647
2,2108,0.028260589425422193,0.004850250583051902
2,2109,0.019999039133563577,0.005251160049732888
2,2110,-0.005428877346992389,-0.0009651713620650907
2,2111,0.014716536650777089,0.0023590205136959884
2,2112,0.017816116696784113,0.0026272602348948516
2,2113,0.015478343437405078,0.004762180672606873
2,2114,0.019231835652736264,0.005052582102535667
2,2115,0.04332756469202685,0.011137846476178747
2,2116,-0.01441121226150291,-0.0024710513426425447
2,2117,0.02275185649789274,0.00331030259523799
2,2118,0.023834841298178748,0.0050220343474097415
2,2119,-0.009848817693227544,-0.006304621686499293
2,2120,0.0056930673485785085,0.001413704753242507
2,2121,0.01509804938388913,0.0058965981412890806
2,2122,-0.015248580886301343,-0.0068986831392669565
2,2123,-0.004129551265144127,-0.0036572447995114133
2,2124,0.004589260732318576,-0.001641876117952528
2,2125,-0.022442976029043916,-0.00901461693935531
2,2126,0.03764797818339785,0.010171695281957207
2,2127,-0.00014015970969356617,-0.00038088849225211045
2,2128,0.019214420858917013,0.003686156728721837
2,2129,0.031555638343871394,0.010681360917745198
2,2130,0.006385222619888003,-0.003009505645347454
2,2131,-0.015965514628407968,-0.011527812377597577
2,2132,0.014131919591309997,0.0013481635968365005
2,2133,0.015075867869461003,0.004496629352208091
2,2134,0.02050974526268156,0.005151492571345232
2,2135,0.0009581798528027286,-0.002429735438492226
2,2136,0.016508557964638446,0.004152616142810825
2,2137,0.021500426048364534,0.005084600291617813
2,2138,0.018335266995963394,0.003643802344866399
2,2139,0.015444677613475068,0.005922367706686675
2,2140,0.007164783977103319,-0.0007618179313001403
2,2141,0.012260494779597534,0.0009475200867120067
2,2142,0.013697295666688807,-0.00010492993738569302
2,2143,0.01010654263685645,0.0028556146935363545
2,2144,0.0067792605385184855,0.001807307691074505
2,2145,0.003565022285218148,0.00014335128645159454
2,2146,0.003257969236232026,-0.0014326238707018798
2,2147,-0.013699911315223101,-0.0064181526134318954
2,2148,-0.0076281800835175245,-0.0048204981736386125
2,2149,0.017841615326176882,0.006345012380619633
2,2150,0.011827708635682424,0.0020180691345860423
2,2151,-0.017801601265026928,-0.008263458555557235
2,2152,0.006573280453945271,0.0026316045524481533
2,2153,0.006453723407455961,-0.00030180324298991433
2,2154,0.005055313720818749,0.0009083542766316046
2,2155,-0.0036678477525670396,-0.003521953147448102
2,2156,-0.001971764620536275,-0.0021101922415198656
2,2157,-0.00029881881713045484,-0.0013329712502865838
2,2158,0.002007469023547646,-0.0004283896197165138
2,2159,0.011220423080451174,-0.0019447751710591785
2,2160,-0.010718247476622682,-0.004277018777341457
2,2161,0.0036343822386512227,-0.0020104324497566654
2,2162,-0.01526720523125829,-0.00497039660726543
2,2163,0.005787298933928399,-0.0010176709218571185
2,2164,-0.005698810120446056,-0.003803421681089267
2,2165,-0.013049041905525855,-0.004690715713517909
2,2166,0.0217358354689927,0.005127112917271409
2,2167,0.01577531881455421,0.008627790670804311
2,2168,0.01474353295911642,0.0021807953623532916
2,2169,0.02997989344817211,0.014742413603246482
2,2170,0.012188457696932511,0.0006969434741080308
2,2171,-0.014054278895796569,-0.009465849725879964
2,2172,0.00996808832718392,0.0015118131682357297
2,2173,-0.014570140156239189,-0.00791233756576501
2,2174,-0.01682033773356364,-0.005091064955721993
2,2175,0.009681028071793642,0.00017758062277705488
2,2176,0.0034238639845660082,0.0006466212175954333
2,2177,-0.01097763200929041,-0.004786423742446694
2,2178,0.008515604575934579,-0.0005805794279140088
2,2179,-0.0042302179789108375,2.5442380939220748e-05
2,2180,0.014584545765863542,0.005688447168054727
2,2181,0.019453558558308347,0.005716561508575287
2,2182,-0.017143917929698004,-0.008335006308148579
2,2183,0.013998412501143658,0.00194505786167649
2,2184,0.023160922119474944,0.00503249055216346
2,2185,0.021065999241315962,0.0033038411612718774
2,2186,0.0022989974612345736,0.0008227843671619913
2,2187,0.016134622505017317,0.005234176357241667
2,2188,-0.019753365993779456,-0.009593404244596516
2,2189,0.02255147093624184,0.005160147456481677
2,2190,-0.004440539881547927,-0.0031135752927426708
2,2191,0.006324165905585042,-0.0018528213555963663
2,2192,0.0063976792043801,0.00296570338709392
2,2193,0.0036989821534643215,-0.0010822065609324889
2,2194,0.0042763261372151164,0.003924102597855477
2,2195,-0.008155314719445843,-0.002994274074053571
2,2196,0.0029980245846820447,-0.001061592654218296
2,2197,0.02180038520667841,0.0072844321483124495
2,2198,0.0019856006247459344,-0.0017145446609342714
2,2199,-0.00857014137454492,-0.005090310655947006
2,2200,0.03613775286996137,0.010515984266087295
2,2201,0.010317232377751668,0.004372457301263655
2,2202,0.016773167097484498,0.004401384940284787
2,2203,0.03605355842831436,0.012578912537841307
2,2204,0.012137877744320931,0.004135062292336187
2,2205,0.027440063618818504,0.004899032969673957
2,2206,0.015601855745682593,0.00509036595108848
2,2207,0.02110954308351672,0.006323390961855813
2,2208,0.016623586704557634,0.0033233309909536223
2,2209,0.00787341558520389,0.00032546215115089664
2,2210,0.012079520573226277,0.0049855887270915155
2,2211,0.016762831599594904,0.004875100201818805
2,2212,-0.0009547444101939203,-0.0020073441288993707
2,2213,-0.003625666020264787,-0.0035703842401843488
2,2214,0.023969164053401822,0.008712286913391216
2,2215,-0.011072093265661446,-0.004179227574687003
2,2216,0.004701417955319026,0.003977196989878261
2,2217,0.008319957067622237,0.0027812220827125563
2,2218,0.0064325987868467695,-0.0008323676197491887
2,2219,0.023835621287501982,0.008602733282911819
2,2220,0.03544629442738049,0.008959285191051242
2,2221,0.00015747700162184548,-0.0009217676329533541
2,2222,0.0036177188105146166,0.00024772885781629533
2,2223,0.008772766226938932,0.0037291388070063705
2,2224,0.006064856042671405,-0.0005312965232451987
2,2225,0.005080196289646832,0.0006348814637663473
2,2226,0.021595611237008382,0.005654455869797905
2,2227,0.0003845489091670062,-0.0020176742572715124
2,2228,0.027185204570325687,0.0031734453569517936
2,2229,0.019864489022556362,0.005118389461243636
2,2230,0.005830520901559469,0.001019814930105562
2,2231,0.0182664483009889,0.005751774060761134
2,2232,-0.005666351805519308,-0.0015276879892974925
2,2233,0.01142359378615849,0.00479006393638279
2,2234,0.0012061166316128945,-0.002643193562110196
2,2235,0.009748688900188528,-0.0018509879423593111
2,2236,0.01949318960367695,0.0045631080376869375
2,2237,-0.006112687713502424,-0.003844671086933918
2,2238,0.013672650358761996,0.004128898859402306
2,2239,0.011628110079235936,0.005125353622575749
2,2240,0.018950801077194643,0.006655158813950793
2,2241,0.03412157539783876,0.012691464942321715
2,2242,0.02453657176715228,0.007877506503762398
2,2243,0.008556228001789744,0.0006198215062542198
2,2244,0.037819190168049285,0.009551160763930033
2,2245,0.01594786298614306,0.007666941311877769
2,2246,0.017775351804300888,0.004639897552017667
2,2247,-0.014669985431918102,-0.009653964738199721
2,2248,-0.0016660356342369845,-0.001284410250388993
2,2249,-0.019747213714027254,-0.0053290049963871195
2,2250,0.021909423515813348,0.003927694574085142
2,2251,0.0021912803826196503,-0.0009224746535117394
2,2252,0.036055420097080425,0.009178508616913385
2,2253,-0.006788568662053355,-0.005692550661880736
2,2254,0.026765327686522962,0.006095806880613462
2,2255,0.002709318057521005,0.0013309360927642824
2,2256,0.011535719439436818,0.0009187050517318095
2,2257,-0.024093347174560308,-0.012980503271321178
2,2258,0.017695187995318593,0.0055799482958524185
2,2259,0.00610710625270946,-0.0014419659468722778
2,2260,0.027166835271057718,0.004702110898656183
2,2261,0.016983218312883436,0.004632007740736489
2,2262,0.029242564996234954,0.006420146481446614
2,2263,0.020682620914839942,0.0028000013262101937
2,2264,0.0362814518940034,0.011045215177393214
2,2265,0.007064605487235264,-0.0014304265613663083
2,2266,0.011705387205179003,0.0015761479244400264
2,2267,0.0183515513803905,0.0023644519159445004
2,2268,0.015335920006385938,0.005644576900149243
2,2269,0.010966673986029726,0.0035658891526927
2,2270,0.02117734402605424,0.005416627197929236
2,2271,3.596818540572563e-05,-0.0013097326100982721
2,2272,0.018647743401591328,0.003198414898216287
2,2273,0.016435203185572945,0.004684302242232369
2,2274,-0.013254511276369257,-0.007360460046450613
2,2275,0.04541931959462714,0.01482035682756975
2,2276,0.005350685407388391,0.0016307653795090064
2,2277,0.016594806198858433,0.004400872438992677
2,2278,0.02237723051110987,0.008333028305882745
2,2279,0.03192797421045953,0.010472939791387
2,2280,-0.02331538033796782,-0.009162048937246104
2,2281,0.009506071818382372,0.002288748627500641
2,2282,-0.013901119656875302,-0.0031417626013092
2,2283,0.0004380075025614593,-0.0020756097909055016
2,2284,0.009908862485480006,0.001474711991682617
2,2285,0.02496239650696826,0.007171154773091808
2,2286,0.018546692227146735,0.0002162738677707551
2,2287,0.014440033179122817,0.0012836048271993026
2,2288,0.024422778453850696,0.004755176377275474
2,2289,0.020174013514144728,0.0057925733933886355
2,2290,0.004293733280730489,0.0009702023258569065
2,2291,0.04169978171486619,0.013525535291469784
2,2292,0.023263900762637558,0.0025960063010865395
2,2293,-0.0020620060543933235,-0.0015699076708393064
2,2294,-0.006883115081039548,-0.005606988077136037
2,2295,-0.00995669057447783,-0.005157706935450115
2,2296,0.0008856760695583308,-0.0024331890913309737
2,2297,0.028309212551563708,0.006421683077600258
2,2298,0.008347682601709441,0.002131528740484766
2,2299,0.03359629798075618,0.012241328466420074
2,2300,0.008681952487413366,-0.001345119195565587
2,2301,0.003038242798720022,0.0018817653848688272
2,2302,0.0318647872041134,0.009266236543756877
2,2303,0.02919622150033734,0.008382692050199468
2,2304,0.021937663548990367,0.004031622266429643
2,2305,0.011516229301786073,0.004777048358075709
2,2306,-0.0185227055670827,-0.00796029230571069
2,2307,0.019818899665549037,0.0032162835012887387
2,2308,0.016274554373960394,0.0002797266445444048
2,2309,-0.0023736070343941167,-0.001844164985860384
2,2310,-0.01740226888927917,-0.006481327186964492
2,2311,0.013608363074672671,0.0031392045006507384
2,2312,-0.007396970251959685,-0.0057763696125919875
2,2313,0.01665428498874553,0.0019917954815212224
2,2314,-0.004871531281073334,-0.0032246723594433536
2,2315,0.007611716235223544,7.277303015042774e-05
2,2316,0.015301710519602134,0.002664013574533461
2,2317,0.032422010045819294,0.010746595305597646
2,2318,-0.006445909274827885,-0.002870418975054435
2,2319,0.006386252045672847,0.003545333655683399
2,2320,0.006740066137721992,-0.0005643555577946483
2,2321,0.008153370491824671,0.003604933893282975
2,2322,-0.0019258175315955948,-0.0003143559663047874
2,2323,0.004963409060763783,-0.0006810309762528319
2,2324,0.009171514323065833,0.00013482634903215715
2,2325,0.007217389069188454,-0.0007851546550662433
2,2326,0.017468524311443585,0.0002855745814490297
2,2327,-0.0019382831068734,-0.0019653521027354153
2,2328,0.0020847165362830127,-0.003308535038615684
2,2329,0.016108726476226562,0.005998757272422028
2,2330,0.00011238086896795523,-0.0035314129310309314
2,2331,-0.002461343441794354,-0.0012264594143699048
2,2332,0.02493922599118782,0.006402314558935897
2,2333,0.016773013372375318,0.008149857363674235
2,2334,0.04552572216004818,0.015274854775793637
2,2335,0.021763340368253403,0.0014185179844972162
2,2336,-0.025469924477755413,-0.014181274214633001
2,2337,0.0018924636788738643,-0.0008994919455424542
2,2338,0.018265106622117416,0.004310067441677507
2,2339,0.01802159671080495,0.005572678295445228
2,2340,-0.01319413685736124,-0.008866838554478272
2,2341,0.007826794230143153,-0.0008807605502909991
2,2342,-0.009159893276166304,-0.006072315667372247
2,2343,0.001991880025216191,0.0007804602108602563
2,2344,0.0008079817386174759,-0.0013082027109939643
2,2345,0.04457688796002375,0.013582903579363348
2,2346,0.007252100951370763,-0.0014892616759223563
2,2347,0.03272243636516851,0.009496420192243876
2,2348,0.02135214755934658,0.00577613916221905
2,2349,0.02402169386324639,0.005936752295717929
2,2350,0.0031081058112956603,-0.000844371490391625
2,2351,0.013568866086389207,0.005111056809008024
2,2352,-0.0012788193413151828,-0.00405366188413258
2,2353,0.01699463863402651,0.005917521623599643
2,2354,0.020293159489160183,0.0034729481642547643
2,2355,0.004899978461868545,-0.0014668314678030177
2,2356,0.0007657266517275727,0.003131888982871268
2,2357,0.01197999109094336,0.004826450227293121
2,2358,0.04202507473856821,0.012436588511238845
2,2359,0.034081807337591134,0.009660526442942711
2,2360,-0.012209185528951621,-0.004189843207414537
2,2361,-0.01226828261963935,-0.0035579347951234133
2,2362,0.025829299708955342,0.006582062389724065
2,2363,0.00817638324146053,0.002073863093337731
2,2364,0.0037869079436974786,1.5704110880909144e-06
2,2365,0.019980839330671164,0.004034583856073578
2,2366,-0.025120322870497532,-0.011555253929632935
2,2367,0.02198742498059429,0.004142478724728248
2,2368,0.012010035863707517,0.004295302163537881
2,2369,0.013932957040607211,0.003784395399758973
2,2370,-0.008096384306648134,-0.003177474297638245
2,2371,-0.012778470174276075,-0.008281232396041562
2,2372,0.0031434735960952018,0.000221681651316346
2,2373,0.007200522075393431,0.002022967282378512
2,2374,0.0090359570975459,0.0009138763892686101
2,2375,0.019117191246505346,0.0019985847681154687
2,2376,-0.017763872964702023,-0.007943912935623078
2,2377,0.012759897339651369,-0.00036125092080402333
2,2378,-0.006302171484840987,-0.004617655908013433
2,2379,0.015322799265587217,0.004543277462312439
2,2380,-0.005855638018341267,-0.00018880428896127818
2,2381,0.026923243976092037,0.010190414833332407
2,2382,0.006433157912376214,-0.0019189182118741594
2,2383,0.006720127106857754,-0.0010491330313964987
2,2384,0.02943952485577422,0.0070856454269016215
2,2385,-0.0027127642554970266,-0.006005401117230019
2,2386,0.028116493257547573,0.008952751397469098
2,2387,0.018024234886945722,0.0012686487113734548
2,2388,0.040349384235534275,0.013295278741384225
2,2389,0.012135615080792138,0.0023697738829019203
2,2390,0.02874382675664933,0.008645309354862681
2,2391,-0.0035219325928904713,-0.0050116261301224345
2,2392,-0.003740879937408757,-0.003183628573240897
2,2393,0.008255059624915394,0.0019650477469006274
2,2394,0.015780205955591205,0.005139592530480263
2,2395,-0.0028374522151091625,-0.0017812908348234697
2,2396,0.006841291252776202,0.00021937577738607726
2,2397,0.030358608515477965,0.008575267449551022
2,2398,0.016784886787712484,0.005873137395161143
2,2399,0.026009682628447706,0.005991846703125724
2,2400,-0.006091950588128189,-0.0014103105250513682
2,2401,0.0024149052408388026,-0.0019250188603926895
2,2402,-0.0004005035384552866,-0.000670312197334385
2,2403,0.027272427963695306,0.004567186850532135
2,2404,0.03120862092060759,0.008129206471880188
2,2405,0.037238999413873104,0.00873877459619504
2,2406,-0.004672404298450754,0.0007932322766729844
2,2407,-0.002886249363793846,-0.0022772844320818105
2,2408,0.006862929195827004,0.0014780347068284563
2,2409,-0.009138329880106077,-0.003951195642237046
2,2410,-0.003100179191147297,-0.0020700109757455197
2,2411,0.03214393681800666,0.011025683858021735
2,2412,0.01319543018172375,0.0030690187135648237
2,2413,-0.025167472873998266,-0.0075997201219654515
2,2414,0.006060859702493434,-0.000510110337720336
2,2415,-0.020814375086835448,-0.006489498508391375
2,2416,-0.015856848153279493,-0.007088965742789071
2,2417,-0.027795898747741216,-0.008774858026376928
2,2418,0.020825735378496805,0.0026014609080994367
2,2419,-0.007635167956636683,-0.004307657121599499
2,2420,0.011414172333326816,0.0036462201757146828
2,2421,0.009250992348844096,0.002106890628661254
2,2422,-0.010282680096005345,-0.009427596792789044
2,2423,-0.0019236345791000143,-0.0014559530238883323
2,2424,0.05389767811073007,0.01865731420725151
2,2425,-0.004630035023663695,-0.002232632300001365
2,2426,-0.004939926293721398,-0.003633980019092689
2,2427,-0.01563730502774508,-0.011074754556906227
2,2428,0.028013745895253395,0.005960271022975196
2,2429,-0.0015299663287646394,7.861953626020673e-05
2,2430,0.01307369705331462,0.003100729582933809
2,2431,0.009951665523706247,0.0022140571665676713
2,2432,0.004175528858021957,0.0031332316469262385
2,2433,0.03328538483401225,0.009945232222313206
2,2434,0.014189110877377783,0.0022758099250209454
2,2435,0.01239066871335792,0.002650823214154124
2,2436,-0.02161894932422908,-0.011312340442090812
2,2437,-0.010207158507199013,-0.00953961615400265
2,2438,0.013080906078900341,0.003998521379657092
2,2439,0.009100358818305983,0.003110574510212166
2,2440,0.009781836627827181,0.001978002980298757
2,2441,0.020269481416677143,0.003062039235484697
2,2442,0.00274043049733447,0.0008055470910353443
2,2443,-0.017642426724913934,-0.007049472450430878
2,2444,-0.0030212923065311933,-0.0006197993735679374
2,2445,0.010010857744410904,-0.0018513018650846331
2,2446,0.020347257278387307,0.0040207993367576715
2,2447,0.03757631966754085,0.008021264647834989
2,2448,-0.005659250988683535,-0.0019307275766840878
2,2449,0.0005340501618998967,-0.001275436100806769
2,2450,-0.0028421927395833727,-0.003241143770580822
2,2451,0.019621124412492832,0.004613804079944325
2,2452,0.016012697192805216,0.0021229576421696833
2,2453,0.025511185004600593,0.0074968691932301235
2,2454,-0.000673621968523674,-0.0014088542546837896
2,2455,-0.0028156172039306556,-0.004230191365911704
2,2456,0.0069329856109776634,0.0036867326893428192
2,2457,0.007754057074217312,0.0026517897728573973
2,2458,0.006177971484154474,0.002487175393219809
2,2459,0.006021364542405408,0.0037466435441809577
2,2460,0.06447411983956854,0.01701220754590111
2,2461,0.020009582010782723,0.005405956754014031
2,2462,-0.021634953334101092,-0.009412831392449953
2,2463,0.007205546075257412,-2.784217395781668e-05
2,2464,0.004626819027473306,0.0020942199039786576
2,2465,0.01087686410755686,0.0004408703499463767
2,2466,0.020180488775731097,0.005925548491462831
2,2467,0.009679978013612742,0.0016408873865257688
2,2468,0.011572410324363543,0.00013787219318078486
2,2469,0.015847504930301577,0.0009300534329698621
2,2470,-0.001110844966956666,-0.005231912230117113
2,2471,0.0329593322884354,0.007808074650230069
2,2472,-0.010357557087449707,-0.002997316341174151
2,2473,0.009897429175664602,-0.0006094329994181871
2,2474,-0.012674920071975971,-0.004613581433115284
2,2475,0.02568548957664983,0.01020574344552768
2,2476,0.01570357864984015,0.0075254976307209485
2,2477,0.02558540531180203,0.008544654922685309
2,2478,0.027769699918683426,0.004036257014920785
2,2479,0.012713445938784936,0.0033298919071343583
2,2480,0.01772171562736671,0.007391503488809908
2,2481,0.02151889880002719,0.0036429086559451843
2,2482,0.010173065134493163,0.0028736917219851373
2,2483,0.01858425758426896,0.0035788331907271593
2,2484,0.01056711701953437,0.002331212731270027
2,2485,0.010833017415217245,0.004507074533157195
2,2486,-0.00813846645704024,-0.007380395880492057
2,2487,0.024862641797911932,0.004905150797045756
2,2488,0.01073026101268713,0.004868214986032311
2,2489,0.0026145937536287862,0.000540738116164201
2,2490,0.02931635572170854,0.009727623091536356
2,2491,-0.0011970059776955989,-0.002631543866009134
2,2492,0.009295699630510837,0.004526156206526242
2,2493,-0.035562314895311385,-0.014704565774177787
2,2494,0.02059318587431884,0.004612334192044752
2,2495,-0.003961860093907644,-0.0014692397225748379
2,2496,0.027963212286355534,0.006894558122468166
2,2497,0.022039279008760054,0.0014887810942658592
2,2498,-0.009220943071702334,-0.008106562450736429
2,2499,-0.008155991124915872,-0.006088481353682879
2,2500,0.021490156212449527,0.006835482556280416
2,2501,0.01038551880635831,0.002410806639957918
2,2502,0.033044609298608536,0.010356512648988493
2,2503,0.013361575953274033,0.005931136384479468
2,2504,0.024315295190327834,0.008470524382735108
2,2505,0.024172782517129687,0.005769525857230292
2,2506,-0.004624626516878272,-0.001299278910054178
2,2507,0.010952484199317943,0.002021077627005748
2,2508,-0.003751807080602795,-0.0030887428070175697
2,2509,-0.008855404728795958,-0.006500932062178629
2,2510,0.0017170058404087523,-0.001607142229213246
2,2511,-0.011710960054695217,-0.004872853875138297
2,2512,0.009824126393029785,-0.0012512416138491587
2,2513,-0.00846749949736855,-0.0057495067117068225
2,2514,0.020797908715653998,0.002802675885974859
2,2515,-0.015008065342682161,-0.006058980633349167
2,2516,0.01616300536346056,0.004312294008075138
2,2517,0.0039039551349694594,-0.0033194703943246555
2,2518,0.022646897117208346,0.006621265836973176
2,2519,0.00938563997269648,0.0022025768001930754
2,2520,0.014694047441924298,0.0037337937530423004
2,2521,0.008281805869697493,8.573494164219899e-05
2,2522,0.002386116990742948,-0.0018580890401491612
2,2523,0.008633885019830262,-0.0009592368522044574
2,2524,0.0230264389616531,0.004072463244992531
2,2525,0.010316559792500641,-0.0002458943898631438
2,2526,0.02292093135805124,0.007010758645318281
2,2527,0.014191642320386028,0.0009119066212733289
2,2528,-0.007310616584684742,-0.005500233787146005
2,2529,0.015739315291165422,0.004661390218148588
2,2530,0.004935815533363756,-0.002871899105182978
2,2531,0.0016108798637629806,-0.0009782896898038267
2,2532,0.011987980627569011,0.0039818459667075295
2,2533,0.010656035076931419,0.00476867725679864
2,2534,0.004041946899277285,-0.000678393855589009
2,2535,0.007815767903472133,0.001562614699828438
2,2536,-0.0020989227418115393,-0.0017296863142305956
2,2537,-0.008026844052789382,-0.0031809724863739778
2,2538,0.013361153873699924,0.004936953964571728
2,2539,-0.011673184052431064,-0.004795380782372799
2,2540,0.022959988565984787,0.007057711999801106
2,2541,0.011831432588832994,0.0021855189121228443
2,2542,0.01640474794350919,0.0029288930081776245
2,2543,0.00999967345804572,6.236016891748633e-05
2,2544,0.005299708933832542,-0.0026054207097834024
2,2545,0.01742731716514698,0.005400702292645728
2,2546,0.01654453828300024,0.0038090585161304463
2,2547,0.01629755891611716,0.004737733399592026
2,2548,-0.0009243510081934189,-0.0024139551515248913
2,2549,0.02273773767197063,0.0068482838655675145
2,2550,0.016530340141017244,0.005096110685986356
2,2551,0.0067608160435950835,0.0021497547338334448
2,2552,0.02308464645402465,0.006019912749520388
2,2553,0.019108579820111132,0.004495984044989507
2,2554,-0.008527269184077577,-0.007165499821330104
2,2555,0.03073557913375545,0.009531266681745327
2,2556,0.005998867350654827,0.0022642745156936815
2,2557,-0.010139073477075548,-0.004467906365652126
2,2558,0.019556679851323453,0.006275188998968303
2,2559,-0.00722930330778108,-0.0027949729212831827
2,2560,0.010112358140823004,-0.0006755020068402083
2,2561,0.020013314967734043,0.006459492396606389
2,2562,-0.0024567752995796415,-0.0008415618154790467
2,2563,0.022321318386679848,0.003200563216607027
2,2564,0.002730327195448386,-0.0014997252045498156
2,2565,0.01749267300062327,0.004223773819160037
2,2566,-0.008957206484633851,-0.006431109164754131
2,2567,-0.014584894865134434,-0.006392700355029073
2,2568,0.01559659120368768,0.00936745525216259
2,2569,0.017340846057941374,0.003942999577343091
2,2570,0.03534077215368277,0.00623914237008009
2,2571,0.010805965398595435,0.004129115278729994
2,2572,0.02893160232137428,0.007547306989089204
2,2573,-0.02467777336768142,-0.011850537877735838
2,2574,0.000278200725918442,-0.005482714271491754
2,2575,0.008146011291053221,0.00253522883177594
2,2576,0.014416458800364483,0.006463872321673405
2,2577,-0.005927495582106077,-0.004193392065885028
2,2578,0.004808818865099942,0.0002158148021703244
2,2579,0.0025453894879694126,-0.001324099143014126
2,2580,0.011150849917222398,0.0027666359555967
2,2581,-0.007068789731934885,-0.001576662396213398
2,2582,0.021733217355848017,0.006770180637843683
2,2583,0.012548810236188502,0.0005797637468239944
2,2584,0.021436437534749966,0.004158514687997244
2,2585,0.0361673767672882,0.011430104794646713
2,2586,-0.0026475675483787473,-0.0048040912172753695
2,2587,0.009321860319493669,-0.00010265052656035203
2,2588,0.008364552272361898,0.001992669017779398
2,2589,0.005186614289085744,0.00043458180030612174
2,2590,0.011869955322288479,8.251863218399288e-05
2,2591,0.0007707421533297438,-0.003141845778802195
2,2592,0.01655690655221254,0.008262216100098422
2,2593,0.015249448004200371,0.004496105939163475
2,2594,0.0061959516284930665,-0.001912049213744391
2,2595,-0.0037004856290215496,-0.001699962260887835
2,2596,-0.0047276764048381735,-0.006543891096226272
2,2597,0.003740868970503264,0.000206880462463544
2,2598,0.021966170941551278,0.004967879458595506
2,2599,-0.012459352281361545,-0.0064752461758496044
2,2600,0.011183803337295593,0.0025487719892691107
2,2601,-0.022194383792198284,-0.008834596355271783
2,2602,0.017748617855699825,0.004200419189359364
2,2603,-0.02219365532192734,-0.011303101437615306
2,2604,0.014656288347669808,0.0059949036926189555
2,2605,0.003921264432660037,-2.3266421509258396e-05
2,2606,-0.004180104330720668,-0.004196029604519494
2,2607,0.025747859263302447,0.006133353916999327
2,2608,0.003154082563340603,0.002297573926382502
2,2609,0.015294573410380383,0.005252415752890789
2,2610,0.026199215447264366,0.0072168512342711206
2,2611,-0.009102539626199765,-0.004446891114703289
2,2612,0.029533371923388778,0.0057241297771069176
2,2613,0.0067041868477839125,0.0023958634862121147
2,2614,0.011426113511501313,0.0030563903060629493
2,2615,0.02491847978857827,0.00736594591395163
2,2616,0.010757643927266823,-0.0016818698279795472
2,2617,0.01262355743072318,0.0027694300727031606
2,2618,0.011148074347324106,0.005119804424798363
2,2619,0.0037919055396008123,3.7836679569314356e-05
2,2620,0.0375112210144696,0.011411370400325598
2,2621,-0.010505720074764552,-0.004912684077172599
2,2622,0.013473387356090988,0.004027230528706656
2,2623,-0.002683287258648475,-0.0013432093252229082
2,2624,0.03230695173674188,0.009018834474043405
2,2625,0.017100141348699385,0.0049587684292966465
2,2626,-0.0037210339921571484,-0.0026375274354853953
2,2627,0.023618664139962112,0.006090005529876824
2,2628,0.009918791365995832,0.005127367854772723
2,2629,0.004798776006319117,-0.00019207377363232884
2,2630,0.023522092142038677,0.0035629904248436492
2,2631,-0.0030248878071533454,-0.00354349087591105
2,2632,0.009974125384651672,8.329089070977433e-05
2,2633,0.00539932778892232,-0.0006033564034806436
2,2634,0.007766176661923369,0.0005098121088824937
2,2635,-0.01201131657803335,-0.002683000278209351
2,2636,0.006582963572025395,-0.0008692556366742127
2,2637,-0.004563369955200079,-0.002797041490904069
2,2638,0.01926317573641285,0.0036495515532856512
2,2639,-0.004051482122174983,-0.0032290957385646547
2,2640,-0.004182436064701295,-0.0040510459885265155
2,2641,0.008136241599821306,0.00042279424216271283
2,2642,0.015892803284659904,0.005924102512829922
2,2643,0.022724471877840192,0.007320627850009882
2,2644,0.02186560993507426,0.002532166570114576
2,2645,0.014434181608054908,0.004752164422129789
2,2646,-0.0057788959153482,-0.004926956727315851
2,2647,0.015071549412991672,0.005806527371154007
2,2648,0.02955121201315472,0.007963199888741203
2,2649,-0.0032030433019112656,-0.0017646299060460242
2,2650,0.009877233601668256,0.0005477444035013153
2,2651,-0.006816953899995336,-0.001748716810211463
2,2652,0.0008303484076051108,-0.0030522025119960523
2,2653,0.027108878875030194,0.005440781525169057
2,2654,0.03965473706471624,0.011223665182888002
2,2655,0.01441297369228737,0.0026569023150219548
2,2656,0.020276083624867783,0.004360607204545553
2,2657,-0.0006671205291459558,0.0018899693600504426
2,2658,0.003550687608052872,-0.004479552829765349
2,2659,0.028246843749009633,0.009243511595823282
2,2660,-0.025075524399912567,-0.006497801039350352
2,2661,-0.006682877769754376,-0.004066894343467773
2,2662,0.011272824958605642,0.004339041402521726
2,2663,0.025733225704998756,0.004709169975510322
2,2664,0.021554735755637388,0.004440745298293922
2,2665,-0.0014882027397395223,-0.00299255007832258
2,2666,0.026599653547131872,0.005301299428690536
2,2667,0.0030163728074280934,0.0002309014047865024
2,2668,0.035930777756565016,0.010102074466679782
2,2669,-0.006376147355867181,-0.005868557782302355
2,2670,0.00351949492557976,0.0007927150656327935
2,2671,0.022717544134746335,0.00582370602608151
2,2672,0.010634309216697203,0.0003500059887661333
2,2673,0.00741766605244223,-0.001180852643680276
2,2674,0.009139437015650793,-0.0010328846760593695
2,2675,0.017168153445247736,0.004725919534307873
2,2676,0.001391692091594892,0.001859826751941471
2,2677,0.016290009109491445,0.0050925983020818875
2,2678,0.017059282767026437,0.0007790688867040128
2,2679,0.027442990207855112,0.008388779902541794
2,2680,0.01864934466011386,0.0021538526514527697
2,2681,0.01916614433528198,0.0024701046191002106
2,2682,0.010956351772077069,0.00030513393071714877
2,2683,0.017086592006008018,0.007257550307356219
2,2684,0.0016656822280973766,0.00029114474978570744
2,2685,0.01827082508556872,0.003837372679513382
2,2686,-0.004856374076110153,-0.0015727436669872275
2,2687,0.033737153053028573,0.008884319993840456
2,2688,0.0047957390010109615,5.7472891995177457e-05
2,2689,0.007436708763518217,0.0019249162938121459
2,2690,0.012640791384714169,0.0054390517215883154
2,2691,-0.014105420679271114,-0.006185357595093968
2,2692,-0.002347317329122154,-0.0035455544598538133
2,2693,-0.00039401272053666626,-0.0057241198763808825
2,2694,0.02907827855811684,0.005702121847574846
2,2695,0.030549068976483552,0.006619808702937446
2,2696,-0.018589720259046046,-0.006775106909954326
2,2697,0.021978323822369437,0.004398016791057338
2,2698,0.0009809383580700265,-0.0015605123676513655
2,2699,0.017037574983718964,0.001820152792106675
2,2700,0.005413885622412574,0.002478208069638794
2,2701,0.0236926227497936,0.003986378211894596
2,2702,0.019137359075626144,0.004015830658378318
2,2703,0.018121251771198464,0.0072765502216059555
2,2704,0.0409826490666312,0.009455415858302004
2,2705,0.002113645303401886,-0.0009470397924897481
2,2706,-0.005737113313824967,-0.0015793765705514075
2,2707,0.013669021356008148,0.0003449208898060028
2,2708,0.008740365044083038,0.0002530114018873723
2,2709,0.024417581879029506,0.007693500610661211
2,2710,0.010892035388424278,0.0021239075578124386
2,2711,0.0007460284508825069,0.0009067927164152631
2,2712,0.01584902850566378,0.004104537525680772
2,2713,-0.0003668106719512404,-0.0013302237241144424
2,2714,0.011989277139608897,0.000862557867061444
2,2715,0.0013628195657331623,-0.002564205151134904
2,2716,0.03029368812805313,0.009156667341216082
2,2717,-0.009157768498897084,-0.004565063439265111
2,2718,0.007087681204779642,-0.0015003573162720306
2,2719,0.025131709124948724,0.009275945388347175
2,2720,0.002220997131617424,-0.00020573034855832283
2,2721,-0.00028987838357805114,-0.002968075334875299
2,2722,0.0128077379596584,0.005800034865644665
2,2723,0.040402890317032765,0.011969820446056198
2,2724,0.0030162832517512702,-0.0012697605342997242
2,2725,-0.012284228409612328,-0.00600687362868766
2,2726,-0.007702156800790456,-0.00380208095987837
2,2727,-0.025346930346735682,-0.010237795963954868
2,2728,0.010276532433002939,0.0036366847557851773
2,2729,0.040315882073742586,0.010143190166812671
2,2730,0.0017765500385027657,-0.0005595378658987403
2,2731,0.022929946127243004,0.0053509378295987
2,2732,0.020513957388808037,0.003337503855795865
2,2733,0.016281336314432415,0.0012370134423003965
2,2734,0.020866086481395308,0.006517842196561815
2,2735,0.010194057942313038,0.0013414610325466897
2,2736,-0.0020088441277854386,-0.0055000341382803715
2,2737,0.0011038650900480642,-0.0028638342339939215
2,2738,0.015844390818452847,0.006196446284740335
2,2739,0.01088241880450747,0.0004688614706416959
2,2740,-0.002021028477843898,-0.0022760978783801637
2,2741,0.008159053603029468,7.661200162358908e-05
2,2742,0.008576288554834811,-0.0010035418582285658
2,2743,-0.0031383107244045937,-0.0031705966582668012
2,2744,0.01643161786784131,0.0046090213529692255
2,2745,0.00703419620706064,-0.00031260634777942906
2,2746,0.028247492606620034,0.007068351920773447
2,2747,-6.436734898827115e-05,0.0021887670110178723
2,2748,-0.02048953142692905,-0.009795572461882274
2,2749,0.011248839930575284,0.0006469693166685751
2,2750,0.02532923155136847,0.006885635467574624
2,2751,0.018656340368572416,0.0010053102440670807
2,2752,0.021079402031698415,0.006256224436170895
2,2753,-0.006940507092395177,-0.002064329009864523
2,2754,0.018819293841938197,0.00402409861753053
2,2755,-0.0012012618938384606,-0.006096791588879805
2,2756,0.012994144053146885,0.00611764687665849
2,2757,0.03606241224003889,0.006232662476361357
2,2758,-0.013405900368025215,-0.007262527957470507
2,2759,0.011641016970171347,0.0007705532875498164
2,2760,0.0032527521354680285,-0.004184226701417271
2,2761,0.0346252279519805,0.00905115701431084
2,2762,-0.003433772162492451,-0.00610030371029246
2,2763,0.0082337876750926,-0.0006868308378990369
2,2764,0.002832919811343112,-0.006838219317076929
2,2765,-0.004202896708877477,-0.008316858486470074
2,2766,-0.008465744131128756,-0.005418661595004009
2,2767,0.01782588779422906,0.005729845579513068
2,2768,0.011625656486526324,-0.0005108377347244047
2,2769,-0.011552408735882667,-0.008757571102188185
2,2770,0.007418475199600572,0.0004050777189205525
2,2771,-0.0011604033455265823,-0.006863688305964604
2,2772,0.01799718261124018,0.005633218432203064
2,2773,0.014323153128918676,0.004010145691323603
2,2774,-0.0034468060594393182,-0.0027212932544139327
2,2775,-0.005943142603753395,-0.0010148415754301372
2,2776,0.003944287060568677,0.0017589369260661214
2,2777,0.023107807428217143,0.002763596608927187
2,2778,0.012585390369629128,0.0027815862257505796
2,2779,-0.0024202388563037886,-0.001313174793560981
2,2780,0.01716604024231469,0.004796176675273679
2,2781,0.01960499573368175,0.007685909332159399
2,2782,0.02948169087957829,0.005856382769042909
2,2783,0.0013003468133741638,-0.003684059798833489
2,2784,0.006011735881646681,0.0020650471345641493
2,2785,0.01692377353559697,0.004500264492513752
2,2786,-0.014906818384641906,-0.005847850422440394
2,2787,0.009495886889250313,0.00020978545661587837
2,2788,0.024561643895447644,0.008516968087398635
2,2789,0.0016929769125583318,-0.002586657598446836
2,2790,-0.0009549699012181655,-0.0027677085826806904
2,2791,-0.0034515857390049324,-0.006863683777729031
2,2792,0.008466410534081984,-0.0005373815124624251
2,2793,0.008055816425055469,-0.00023351113560753827
2,2794,0.03104871887881679,0.008889952920323447
2,2795,0.010569892899322992,0.0017901790184968293
2,2796,0.019050002044947258,0.002991194910170195
2,2797,-0.004702171206637274,-0.0029029578624569902
2,2798,0.01724639919340589,0.00301393113029805
2,2799,0.011130566268907391,0.0037478355599129933
2,2800,-0.00231174494097125,-0.0036049475470518104
2,2801,0.025682067129663845,0.00470393139673984
2,2802,0.006209805326897245,-6.155162384530372e-05
2,2803,-0.003435815939207113,-0.0009918429505292143
2,2804,0.009576321898077606,0.0021979498203807536
2,2805,0.012462792490266971,0.00032520796041760216
2,2806,0.016443172060234868,0.006807537209397054
2,2807,-0.0125940800344213,-0.010101452700691013
2,2808,0.009030270706599479,0.001202898393675503
2,2809,-0.0038028390567848135,-0.0038155121701491735
2,2810,0.02320019430905946,0.007046622985830312
2,2811,0.01855909518507464,0.007542257620087177
2,2812,0.03089140001007545,0.006339372245745614
2,2813,0.020532695930683114,0.002783896457348117
2,2814,0.019133610642558908,0.006390465088150034
2,2815,0.02613896273824139,0.005871429007492722
2,2816,0.006336246062294673,-0.0014839662874233108
2,2817,0.011007590758562745,0.003795969018825697
2,2818,0.021807501482512755,0.00827095143296172
2,2819,-0.01136204433930429,-0.005589883959109625
2,2820,-0.015734307488017976,-0.004184586264867226
2,2821,0.0020876001600481516,0.00016179576974541254
2,2822,0.019383973338814295,0.002248676468858799
2,2823,0.03192897225684098,0.013374557302820046
2,2824,-0.0054625340715172685,-0.003921942204198572
2,2825,0.022539591567610515,0.007717717143569001
2,2826,0.010653132287389639,0.00044196156662367413
2,2827,0.03213208933832106,0.007895522661350433
2,2828,0.02161352209037156,0.006623152462382184
2,2829,0.016253351151028397,0.0047065824390656085
2,2830,0.033273523173610466,0.010709515288212026
2,2831,0.008809186388559634,0.0015712782686318615
2,2832,0.006064453532642101,0.0031723725575873423
2,2833,-0.0008339384796577954,-0.0052424070190047415
2,2834,-0.0079720458177813,-0.003164840655762389
2,2835,0.010992082875532916,0.0014533825476600835
2,2836,-0.008045317404968647,-0.0066005288226459674
2,2837,0.012080634024505505,0.003153865395626286
2,2838,-0.011871802996769192,-0.0043672540065947205
2,2839,0.014143905893756921,0.003793300696628202
2,2840,-0.0006860960142729421,-0.003535368318074569
2,2841,0.0031142465196128868,-0.0038636809428970985
2,2842,0.016392804320114883,0.004608464701821036
2,2843,0.007210179778042947,0.0003036452962062958
2,2844,-0.01372986194537249,-0.008338775042897288
2,2845,0.014293850137633202,0.001021066522655417
2,2846,0.022967154378671008,0.007655212660991379
2,2847,-0.004463451228569774,-0.001465247054892912
2,2848,-0.03489531630797677,-0.01847979489639754
2,2849,0.0027673739125437012,-0.005024696348410762
2,2850,0.03025075374920755,0.009114681177267325
2,2851,-0.008380636009871205,-0.004129056144390533
2,2852,0.01761379436197217,0.003515765931271932
2,2853,0.010215795443574224,-0.0011848708957273265
2,2854,-0.009570757456667816,-0.005393215644676488
2,2855,-0.005225991851728266,-0.005158859353325121
2,2856,0.03126752515674021,0.006611106537247885
2,2857,0.031547288273701096,0.006453557220369836
2,2858,0.00976143472872525,0.0014011865319283393
2,2859,0.00747829135455756,0.0004611812851122144
2,2860,-0.009306274242753314,-0.005713997630924959
2,2861,0.001015985815667851,0.00038517773113915204
2,2862,0.03671291598698492,0.009513521833428799
2,2863,0.03201798279822116,0.01093489099056964
2,2864,0.0003289279105461373,-0.005812424760801219
2,2865,0.02385747231347664,0.006452305031472216
2,2866,0.004355705724792044,-6.942276561030166e-05
2,2867,0.018544605960930362,0.003020218127554033
2,2868,0.010263673156612,0.0027541267199602
2,2869,-0.016678255353656503,-0.003983769261748927
2,2870,0.011419816357130316,0.000701499807358706
2,2871,0.0013972196044957027,0.00016395755249247771
2,2872,0.012412775618553112,0.0029067577245431367
2,2873,-0.009626786078320558,-0.0069152667355515725
2,2874,0.021873173796276804,0.005097811642895691
2,2875,-0.0008953513704218563,-0.002913229947449557
2,2876,0.002245043736777073,9.344836785376462e-05
2,2877,0.017490073402191355,0.006248166444371555
2,2878,0.0130891425340344,0.004922127356612307
2,2879,0.01158647125206993,0.0033222021484490463
2,2880,0.03018888368623044,0.006240633916030832
2,2881,0.009008933403999397,0.0006325381125949058
2,2882,0.025739724905223374,0.00425827156998267
2,2883,0.029418822857960214,0.003014265173260982
2,2884,0.0034853411847481507,0.001358193847911087
2,2885,-0.0032361720379161653,-0.003647462881575682
2,2886,-0.001716798777194234,-0.005525006955664507
2,2887,0.008767582959809584,6.144294613667084e-05
2,2888,0.02635380918192848,0.009026486372742762
2,2889,0.0025837503268709974,-0.0006912462741010941
2,2890,0.002364470287077776,0.0007306981558001979
2,2891,0.016479655818580675,0.001766842423023916
2,2892,0.023717946456901937,0.005230159251709594
2,2893,-0.015155610756718067,-0.007338307314554237
2,2894,0.028102972839642103,0.007380581770865352
2,2895,0.0075187401245169205,0.001259310346098709
2,2896,0.010103670426440666,-0.0005119788941711302
2,2897,0.028602313487228862,0.007956685354695304
2,2898,0.0015945819009770459,-0.0021923011422251503
2,2899,-0.00160928686082786,-0.0001439494878721106
2,2900,-0.0020886065583083867,-0.0053863758387636546
2,2901,0.02501980328108228,0.005731665650228271
2,2902,0.029352912645630194,0.012982268476071855
2,2903,0.003046189605653413,-0.0010836344611724685
2,2904,-0.019045702145322786,-0.007988302693309718
2,2905,0.031237550016366543,0.010837573205628772
2,2906,0.0012178404421992405,-0.002325010410867474
2,2907,-0.010602579616711958,-0.00287283155902797
2,2908,0.022603013070993626,0.0022652724115535725
2,2909,0.02889893414986329,0.003986627757318672
2,2910,0.013786638900090017,0.0010376845915174378
2,2911,0.024282415538921517,0.0073420849887601315
2,2912,-0.023912962525546103,-0.009368122773172623
2,2913,0.030207084769963564,0.011851126640709198
2,2914,0.00789539677400236,0.0004416368575379045
2,2915,0.03625458491494639,0.007581319037352453
2,2916,0.028153141576464605,0.012217545747825643
2,2917,-0.008486529631160753,-0.0022907814249294523
2,2918,-0.01494849439093248,-0.006966218064675278
2,2919,0.011551184833944746,0.0005003389918659888
2,2920,0.004639045128427585,9.46601087191445e-05
2,2921,0.009426503989006822,0.002057908438768811
2,2922,0.012378876410659488,0.002567751480778716
2,2923,-0.012672663197241415,-0.004717573835497434
2,2924,0.03348050045242078,0.010476548762598112
2,2925,0.0017759666644354532,0.0004099018219682833
2,2926,0.022951648727325403,0.00470154896748562
2,2927,0.014838231360330894,0.0030258309769164446
2,2928,0.010882401284585189,0.0037221073930296914
2,2929,0.023849175638908947,0.008284963649623603
2,2930,0.008373496091598123,4.902685505844536e-05
2,2931,0.018604939561668952,0.0065100228995884765
2,2932,0.04138325646395959,0.010487252006795919
2,2933,0.051719682247733,0.014356826137455304
2,2934,-1.1141903596209396e-05,1.2189748767553854e-05
2,2935,0.012361104687353113,0.001999167950142864
2,2936,0.05689579224306184,0.017467143887978695
2,2937,0.01775770630924779,0.004071454351222734
2,2938,-0.013418307410151294,-0.005045743135331101
2,2939,0.03126933464898798,0.009756061833154478
2,2940,-0.008798681988979824,-0.00696583755226822
2,2941,-0.0020157608718530005,0.0006244887593459108
2,2942,-0.012019482164752834,-0.005663615846655987
2,2943,0.012582096447279824,0.002103836655826746
2,2944,0.03727733782791214,0.009009723482170232
2,2945,-0.022442006592040785,-0.014620367334301516
2,2946,-0.016543618668406902,-0.003896506453016019
2,2947,-0.0036328709632303486,-0.006581439374656358
2,2948,0.009916117788495339,-0.00014121860939514044
2,2949,0.010618538556422029,0.0034779302846646033
2,2950,-0.004152512436933776,-0.003523546469864533
2,2951,0.02617955640580754,0.0066286693185479105
2,2952,0.005562684978051117,-0.002583613716678804
2,2953,-0.0022297304371114756,-0.005974114058492821
2,2954,0.009272770637804451,0.0009646009864522741
2,2955,0.016414246774812305,0.004088668646439621
2,2956,0.013390386845255163,0.0031636370842260133
2,2957,0.014245876351447207,0.00382202152885082
2,2958,-0.0013443482475793609,-0.0030265710527800243
2,2959,-0.0019761621952916458,-0.0032993011485753163
2,2960,0.04403567485536549,0.00997649348073195
2,2961,-0.014507982965682346,-0.004422353654486388
2,2962,-0.01392856290904782,-0.008290649140184476
2,2963,-0.01495300793280971,-0.004392393553684529
2,2964,0.021474763306573937,0.005762852645665229
2,2965,-0.008617369644016474,-0.00391833121686493
2,2966,0.031643035101608506,0.009837017189476063
2,2967,-0.0065552523917893355,-0.005718269033819024
2,2968,0.021779836915315955,0.005590338361101045
2,2969,0.01745175257007567,0.005547023966892838
2,2970,0.014621298124240754,0.005112811033887417
2,2971,0.005689912078402651,0.000555131160357507
2,2972,0.005436472265751697,-0.001557204493569866
2,2973,0.03019796191436702,0.009828045089775797
2,2974,0.0050828596540406015,-0.00010349018374546202
2,2975,0.005061620990171656,-0.0008570664331019835
2,2976,0.010136963621442974,0.0015529200284569386
2,2977,-0.018106713035297838,-0.01009750630356641
2,2978,0.03499540236720287,0.009544362730781773
2,2979,0.014910091552244077,0.007751792947985122
2,2980,0.00811029419147653,-0.0023204350126654425
2,2981,0.014971758400453838,-3.5091797117875856e-06
2,2982,-0.029346209999280226,-0.011610776645473853
2,2983,-0.01780786679005974,-0.009537594946094179
2,2984,0.010567380641230657,0.0012347171135935052
2,2985,-0.017064047274861018,-0.006273678130480178
2,2986,0.003909127809324175,0.0004338020538591011
2,2987,0.01585061476456429,0.005004146186138312
2,2988,0.019632327769775946,0.0060918879210672145
2,2989,-0.005612104483596218,-0.0031288964540842233
2,2990,0.03109517106234445,0.010951261650191696
2,2991,0.041514677335484224,0.008595375663250877
2,2992,0.016977750449246626,0.0066393048935361795
2,2993,-0.010965970143828474,-0.0038580655790935287
2,2994,0.011162545139997931,0.001510041287009125
2,2995,0.018718205350008718,0.005164497577155689
2,2996,0.04612311078935275,0.0101491565122288
2,2997,0.013362007206259642,-0.002029252084664194
2,2998,-0.011954236585535495,-0.006270517397948296
2,2999,-0.019393190118058002,-0.008354141710285156
2,3000,-0.008236855236594686,-0.0032457303592915137
2,3001,0.01899664656034759,0.002373533984452965
2,3002,-0.019329222581866493,-0.01039549426998031
2,3003,0.004761386837516717,0.0026939029228018004
2,3004,0.007489596783106616,0.0014693740907659463
2,3005,-0.011665580975278119,-0.0060364330711731124
2,3006,0.014066604253811137,0.0023275072753580466
2,3007,-0.006582700789183685,-0.0047867996311013235
2,3008,0.003634118596488922,-0.002226882268747899
2,3009,-0.006725033346399056,-0.0008799731459414551
2,3010,0.0033893611727614753,-0.0016708726440589098
2,3011,0.015227865666726534,0.004072390798495758
2,3012,-0.0005898360706332683,0.0004926153749664451
2,3013,0.005026422838390108,9.667829349850962e-05
2,3014,0.008774457126187013,-9.007856835173788e-05
2,3015,0.007647209083518203,0.000385901376290803
2,3016,0.021497882229220538,0.00632544241390655
2,3017,-0.01123126280560972,-0.005990161493698576
2,3018,0.012688022981167793,-0.0011250307873906385
2,3019,0.02377118676025766,0.006312750717260797
2,3020,0.012323954211836415,-0.0004070359555452612
2,3021,0.015396501254963479,0.004069029277482658
2,3022,-0.0008598752243025811,-0.004882987760635438
2,3023,0.0022028835082907486,-0.00096771029725095
2,3024,0.006119203795143095,-0.0011011375765424638
2,3025,0.024123350569593978,0.004678670765651705
2,3026,-0.0029090559941924725,-0.0008826688545213933
2,3027,-0.006589586766374606,-0.0026476765040202906
2,3028,0.01149333602145457,0.0027817559833010807
2,3029,0.009230224441473436,-0.0003803436188433427
2,3030,0.012550768638988033,0.005028245991279264
2,3031,-0.0035810085232684387,-0.002198945433502215
2,3032,-0.012100119963718452,-0.003594886126251266
2,3033,0.015563766787051351,0.004518032393995302
2,3034,-0.007904582409963402,-0.0010807428441900215
2,3035,0.002692358842806211,-0.00018305135375341506
2,3036,0.014057672705863758,0.002446442023864575
2,3037,-0.013307779872884864,-0.008302521101385976
2,3038,0.012134570135092,0.0053668338449587875
2,3039,0.026987055858285796,0.006045106465609338
2,3040,0.014075004496705401,0.0010864468423028729
2,3041,0.012430362064170298,0.0023404778277419146
2,3042,-0.023721163058556448,-0.010488235205641428
2,3043,-0.005171163929942552,-0.003896214142587271
2,3044,0.010730177087792425,0.0017726835932405864
2,3045,0.011498478535367994,0.004125140810978288
2,3046,0.018992299776836488,0.0058505754883563235
2,3047,0.020837502059523654,0.005994332445413499
2,3048,0.023984506135703684,0.0039227788964922945
2,3049,0.0009609203622616068,-0.0012884393178452978
2,3050,-0.03161828897513089,-0.012124190957385242
2,3051,-0.00395742467180841,-0.0030510292486495335
2,3052,0.01155641521499362,0.004498398313359914
2,3053,0.022816085516030673,0.005919667771938833
2,3054,0.0010144410772092306,-0.0011021108258716912
2,3055,0.03323459563896498,0.011054034257723338
2,3056,0.016135403134842616,0.004640718406981073
2,3057,0.0016899537885398642,-0.001388267832353189
2,3058,0.045184783372311396,0.014681318355334675
2,3059,0.02723773312676336,0.011211885590449496
2,3060,0.008978954928043627,0.0010513353601322244
2,3061,0.01855106213611091,-2.038488282938854e-05
2,3062,0.029612675821451082,0.006743510179101398
2,3063,-0.01600494582018163,-0.008609007160622052
2,3064,0.022652543449820862,0.0037160641075598515
2,3065,0.015486159499663237,0.004827575909212403
2,3066,0.025882612120687223,0.006979794820974327
2,3067,0.008211103107876884,0.0017411243577043524
2,3068,0.0028334527523367226,-0.0022958350850688335
2,3069,0.00687064152705804,0.000856289368451599
2,3070,-0.0012343824550509275,-0.0013388761465178655
2,3071,0.021058176942091455,0.0072681392750213285
2,3072,-0.016733114335110422,-0.011725402738719574
2,3073,-0.025654949392832676,-0.006267387660611974
2,3074,0.021913957944352223,0.009528120121303345
2,3075,0.007563793234765946,0.0020878131370687335
2,3076,-0.008808053230439334,-0.007303656500257615
2,3077,0.018832189528846476,0.005051600708681235
2,3078,-0.002395097470137022,-0.001301054347221432
2,3079,0.017313540720201283,0.0036511612624388927
2,3080,0.0278782597620404,0.004808047665517229
2,3081,0.009123723128189803,0.00022160775006544882
2,3082,0.020330538535411082,0.004880809633900108
2,3083,0.005147047692561196,0.0057379352167918115
2,3084,0.00870938656509445,0.0002487902154799074
2,3085,0.008297316142198917,-0.00036812608268354803
2,3086,0.0064172957498504326,0.00037723273363419015
2,3087,-0.001259035402186568,-0.00015232490741541604
2,3088,0.008450351964090287,-0.0022794326333624836
2,3089,0.007266336248019496,0.00046472935080916485
2,3090,0.03971024854342245,0.009655448272219992
2,3091,0.0014396622411534884,0.0006358272752411706
2,3092,-0.003997994221394303,-0.00601154884958387
2,3093,-0.014735366213481023,-0.005821626504428335
2,3094,0.027028481313085766,0.00996696185067436
2,3095,0.002529931897186342,-0.0007491875211206801
2,3096,0.01800594006777544,0.004446688943135308
2,3097,9.9286373865968e-05,-0.0021535381049265618
2,3098,0.002847611660446529,0.0006731454239421097
2,3099,0.017293476135197897,0.0033324737627127496
2,3100,-0.002815412603651472,-0.00020434892387547103
2,3101,-0.033845953442871175,-0.01446006263133409
2,3102,0.008372433260526531,0.002034002661783509
2,3103,0.03171916684094127,0.008817663400216365
2,3104,0.03231005449680457,0.008735548390742863
2,3105,-0.022730890865046524,-0.0055169614114717325
2,3106,0.011294297036892708,0.0037272367221569866
2,3107,0.05366151088505117,0.017898519167933884
2,3108,0.024042745141591715,0.004858491423676794
2,3109,0.0022902441970440515,0.0022512638963029193
2,3110,0.03492588845342283,0.007004341333627653
2,3111,-0.02995905707094854,-0.014484362829858426
2,3112,-0.011688581869372935,-0.005873089148835191
2,3113,0.02678647325542759,0.005765724417495819
2,3114,0.02088798021230933,0.0024599201281151548
2,3115,0.03991891534973175,0.011949488912770298
2,3116,0.008415294555876415,0.0027487058300764986
2,3117,0.006804850126363848,0.003363296361184516
2,3118,0.02763755279037998,0.007807759201304514
2,3119,0.021166499361464565,0.003448185447952863
2,3120,0.021986891817257753,0.00669709215927881
2,3121,0.007347955706309877,0.0009282929375883167
2,3122,0.03102565746172584,0.009845031093229402
2,3123,0.009345192858719938,0.0038942847716593575
2,3124,0.020269038240112548,0.007273466047593328
2,3125,-0.017313249917271102,-0.007502486279972844
2,3126,0.003164003456424198,-0.0028401042662460703
2,3127,-0.010347940053035803,-0.0009424236806117947
2,3128,-0.001374921145917687,-0.004608340131622338
2,3129,0.025490762269211268,0.008314428541968323
2,3130,-0.0056621206821673795,-5.55855292311066e-05
2,3131,0.00413428830620958,9.953879329612483e-05
2,3132,0.00812855741913852,0.0020609779771669843
2,3133,0.013193473352093062,0.0035104156860229748
2,3134,-0.021885174652378086,-0.008906236174905012
2,3135,0.013741082467681985,0.0013629871409852898
2,3136,-0.00528063385436061,-0.0006258091894128498
2,3137,-0.0070359321436420045,3.1621213443569786e-05
2,3138,0.02109983697340217,0.003576416521000163
2,3139,0.02665418018626599,0.002677479888826573
2,3140,0.01162929178890326,0.0019547432840660785
2,3141,0.004580020809470076,-0.0006788085816196006
2,3142,0.010607672749010448,0.0015644917885865698
2,3143,0.006562422930849613,-0.0005657050769055336
2,3144,0.009905692144229702,0.0009728360284845703
2,3145,0.001690425203736171,-0.00180717348135114
2,3146,0.009123130140649686,-0.0009450719890550062
2,3147,0.01295201189012968,0.002021514378068211
2,3148,-0.017959520672440873,-0.010444030664897814
2,3149,-0.0008289333048347968,-0.004512513504574561
2,3150,0.014390214461960378,0.0020177695538020654
2,3151,0.008257722583489648,0.002715246699827261
2,3152,0.016055785566306154,-0.0013920707028545042
2,3153,0.02373423996199229,0.003075542554298762
2,3154,0.014221839128984953,-0.002440054001588077
2,3155,0.016690276015711526,-0.0008137230105696419
2,3156,0.019781534079876432,0.008197063199675204
2,3157,0.02359503472358213,0.008074410696222018
2,3158,0.008867897382227473,0.0010847358640440096
2,3159,0.017738267140192828,0.004801653579664294
2,3160,0.018677578829327846,0.0014191008109112164
2,3161,-0.001983963876253123,-0.003533906653739338
2,3162,-0.002055141694866742,-0.00305214131490594
2,3163,0.020982518289914587,0.0028786792509278964
2,3164,0.03481526645194892,0.010781987412263052
2,3165,0.00712564921560626,-0.0003956632741785978
2,3166,-0.02939404221953106,-0.009274720232202743
2,3167,0.019654998806786842,0.003498608593141912
2,3168,0.006853253518368551,0.003109964609820799
2,3169,0.04280489668300026,0.012765052371872502
2,3170,-0.0006608224849732302,-0.001251078680464302
2,3171,0.016075416480157607,0.00842063635410937
2,3172,-0.0030499884937025944,-0.0008744916289347205
2,3173,0.02049003569660963,0.005618856035345927
2,3174,0.008570603857861738,0.0008987896656255903
2,3175,-0.0031324617528394796,-0.0038435958755535598
2,3176,-0.0082929145261769,-0.0007643902535218361
2,3177,0.019130589861205336,0.00702313552189106
2,3178,0.021578331247685198,0.003711778158513099
2,3179,0.03062128186003243,0.0069451174512094
2,3180,0.027838448643205452,0.00788620555870132
2,3181,0.03347278004633244,0.009289824944910145
2,3182,0.01756191690951256,0.0016971194834878394
2,3183,-0.009127414306476674,-0.002511526632259609
2,3184,0.002276928898572028,-0.002457206823651358
2,3185,0.01705399662238885,0.004711985180756016
2,3186,0.03451736823078372,0.006957853066158894
2,3187,0.0019195185584487211,-0.002606417662787391
2,3188,0.024475992209785,0.002553310475701905
2,3189,0.021164762510711487,0.005195448332136989
2,3190,0.012009329496882997,0.0016092744607159573
2,3191,-0.003732901744369672,-0.0026937230757506274
2,3192,0.018140406339475213,0.003991111111139983
2,3193,0.023561300879510583,0.007754415666061582
2,3194,0.009149477880772906,0.004037398973398862
2,3195,0.03937792333934054,0.00893040937595395
2,3196,-0.0052175493665644656,-0.0005484527456622424
2,3197,0.014301577739266099,0.005253497426398418
2,3198,0.02844188764835566,0.011755232161768098
2,3199,0.001781608586237668,-0.0010171579819007084
2,3200,0.013084439876446337,0.0021434379837282
2,3201,0.007158596014769571,0.0017106371080157841
2,3202,0.016827911137178787,0.002684950573140379
2,3203,0.021110901290290737,0.004936195671875174
2,3204,0.014284228149458098,0.001977081713698663
2,3205,-0.006453960683271648,-0.0035340039282232157
2,3206,0.0025998731261620083,-0.00041055103647418543
2,3207,0.002133383003649004,0.0003298822162391796
2,3208,-0.0022326524009790723,-0.0018090401021426223
2,3209,0.030481459167447728,0.00732426545383555
2,3210,0.0034089973187160392,-0.0030081401427579373
2,3211,0.0034231610310993814,0.0025408865112932443
2,3212,0.01560623553875521,0.0011844239169498164
2,3213,0.0037122703935208562,-0.00030917948934177134
2,3214,0.016065842327914734,0.004877965766473129
2,3215,0.01302764425218901,0.003921916748869713
2,3216,-0.009621590992802053,-0.0021538949871374325
2,3217,0.02921231098749979,0.005103818022745441
2,3218,0.025604702463120257,0.005549018526567687
2,3219,0.019779592100418672,0.004683646969086002
2,3220,0.01520834368753602,0.0037847385233442323
2,3221,0.04079740740619712,0.014017645601475337
2,3222,0.009146039341711454,0.0009551406217738886
2,3223,0.0179654471211125,0.002463747500612945
2,3224,-0.011654426737448447,-0.0049451431203295666
2,3225,0.028109067397019225,0.005203449702275116
2,3226,0.02934791555387533,0.012984920906087776
2,3227,0.022027898806918886,0.007157567389997311
2,3228,0.011187375659332194,0.0008017493266457078
2,3229,0.0076685692220962755,0.0015705077732811109
2,3230,0.001328384115393628,-0.0009019722643404788
2,3231,0.0006915745265645879,0.001990075595808963
2,3232,0.006999873488302943,-0.0011509433907816783
2,3233,0.03641666544800887,0.011734353841062308
2,3234,0.0053471134100606076,0.00033276780356124704
2,3235,-0.002426778869791374,-0.002757849885749517
2,3236,0.009247946703084571,0.000840924631797301
2,3237,0.02210323006318403,0.00655438506729415
2,3238,0.01562495326718748,0.0002983466439845572
2,3239,0.013809842689727167,0.0036449508825429555
2,3240,0.005708063814707953,-0.001266037267070329
2,3241,0.0018347096039862043,-0.0006179093315651443
2,3242,0.03600720044800255,0.010193598583050995
2,3243,-0.016962525430711396,-0.007198786660289959
2,3244,-0.011854731205197422,-0.0018666246183263934
2,3245,0.006698339012623817,-0.001070503620951711
2,3246,0.017060138775282604,0.0042009140058985395
2,3247,-0.008109232124557192,-0.004134533864078236
2,3248,-0.0024603004761185486,-0.004955067629111141
2,3249,0.006404770880713935,0.003104084893649692
2,3250,0.01621283362267209,0.005671867817113788
2,3251,0.023278975235307246,0.0069056320200769185
2,3252,0.01421798620089844,0.0027010772677649136
2,3253,0.0034974813732160854,-0.0014876316681358638
2,3254,0.02731420330141338,0.009159611329850706
2,3255,0.005155357922340325,-0.0005242696426821195
2,3256,0.045855539677892306,0.013559865202268505
2,3257,0.017872342848259965,0.004555239262804346
2,3258,-0.000986570920585788,-0.005792450619022293
2,3259,0.00039860828841695563,-0.0028525808853638677
2,3260,-0.015096806542260047,-0.008899757486599548
2,3261,-0.007348536119209285,-0.004224809643071494
2,3262,0.0025606867299315227,-0.00321030344485923
2,3263,0.01830435930607049,0.004861794962922742
2,3264,-0.015210769877135046,-0.006097299504490112
2,3265,-0.01549920424344007,-0.007306984205287483
2,3266,0.02753313001445996,0.0059296884297434195
2,3267,0.008406637810038949,0.0005744530056997945
2,3268,0.004424623017591927,-0.0013514093683030647
2,3269,0.0068573418889451235,-0.0006197203160461117
2,3270,0.008638364009665096,0.001596197770649919
2,3271,0.008567020961325443,0.0014288346179998888
2,3272,-0.0005056359235057068,-0.001499055215459443
2,3273,0.015378527217889437,0.0022370614090921667
2,3274,0.00274617702222195,0.0009073482485595047
2,3275,-0.004251289989316442,-0.00478879896426032
2,3276,-0.0012160680816139485,-0.0017308408407696078
2,3277,0.00040500991182187876,-0.0034156858795670077
2,3278,-0.013102025449169436,-0.006836762406450811
2,3279,0.027533261282737993,0.009898321242545416
2,3280,0.0033309990812700804,-0.000478090776882858
2,3281,0.019018307447365747,0.008430338026514293
2,3282,0.010596319532973736,-0.0006643047489231386
2,3283,0.01897134188383761,0.004600850741040268
2,3284,0.0022233659246182285,-1.630329904279763e-05
2,3285,0.00454441865460941,-0.0004959675801017023
2,3286,0.01600385764035232,0.001716622214813904
2,3287,0.01905301048504824,0.0037630589988365145
2,3288,0.010661803917081703,0.005015287962415442
2,3289,-0.0062736474842915065,-0.004165520479194578
2,3290,-0.0012703750708033003,-0.002018197182321642
2,3291,-0.0006319093222409768,0.0001356733759305962
2,3292,0.011447033912499844,-0.00041223199703722957
2,3293,-0.025874510941368698,-0.007889418767144708
2,3294,-0.0034306756344877607,-0.0036815287980773016
2,3295,0.00788752784736054,0.0030025471491774026
2,3296,0.007244611649153087,0.00012766629780311498
2,3297,0.02161077838529463,0.0027652386994449513
2,3298,-0.012251862001623887,-0.004307615586888736
2,3299,0.03372106682289376,0.007105726430188886
2,3300,0.0037335012754399306,0.0016298694918171982
2,3301,0.006482037818284534,-0.0020452773348680385
2,3302,-0.004036910387764172,-0.0018613495983612715
2,3303,0.015252218054355266,0.004329562076395689
2,3304,-0.004949780928707418,-0.0027108188281103297
2,3305,0.012175874968467105,0.0004981660439107928
2,3306,0.006364277986126204,-0.0009216273751580125
2,3307,0.007616483333765232,0.0003222696487417802
2,3308,0.0037986443187681177,0.0027474445982692704
2,3309,-0.004758746893072266,-0.003197303758433467
2,3310,-0.0064382617279862015,-0.004399258331263041
2,3311,0.013938107695163869,0.005494566587315741
2,3312,0.010578259486369038,0.0026545019570631202
2,3313,0.025573069875351413,0.00618572899241791
2,3314,0.011330259552021316,0.0019066158250210798
2,3315,-0.01819503057676832,-0.007239527675019713
2,3316,0.02919768934357082,0.007280074060521589
2,3317,0.021880920423978736,0.005236425591639884
2,3318,-0.007794878141231132,-0.005242636348301862
2,3319,0.005287975014854988,-0.0007552589425696587
2,3320,0.006410149485443204,0.0006821496026469132
2,3321,0.0012942494423474474,-0.0022412529736836277
2,3322,0.006890261469084148,0.004186643636165068
2,3323,0.026590659054838844,0.008045995409705197
2,3324,-0.00815206215563072,-0.005523567473656892
2,3325,0.017356769640969768,0.00527550195743939
2,3326,-0.00314352573146731,-0.0007157738038172093
2,3327,-0.005828710827078432,-0.0036141130853282583
2,3328,0.027803932068467044,0.003638735907313234
2,3329,0.009035828185397922,0.0014292273793720443
2,3330,-0.010927688347238389,-0.004082356070153211
2,3331,0.03808202592314128,0.01069352308145289
2,3332,-0.01960326847025891,-0.007330817596708822
2,3333,0.023520367086017728,0.006721721064386208
2,3334,0.007550178686668278,0.001648725658606281
2,3335,0.014361301899749757,0.0024431916954773918
2,3336,0.00035449177961272466,-0.0009639133677078744
2,3337,0.0017977271565864752,0.00034202970520114313
2,3338,0.0050063775097774045,9.320169738036848e-05
2,3339,0.02036286268930707,0.004489410361926267
2,3340,0.0254379554651162,0.005958847215358542
2,3341,0.0038108023407824004,-0.0007030290036154531
2,3342,0.028735307025298404,0.007624966385959918
2,3343,0.01574558091160583,0.004644415267727981
2,3344,-0.015837369532180064,-0.007499749722160903
2,3345,-0.0015048367704107864,-0.0048351065366332956
2,3346,-0.004706556513580868,-0.0036979165191813267
2,3347,0.014588565211637027,0.0008740566529009492
2,3348,0.011494182424034714,0.0032708428198417066
2,3349,-0.004379760184428862,-0.005580684095507436
2,3350,-0.007136357924433092,-0.003000731209609213
2,3351,0.010619567038248887,0.0028283149724977323
2,3352,-0.007281744416963614,-0.004636135738778513
2,3353,-0.01373223918110751,-0.003921980727141976
2,3354,0.037826183537778134,0.009806291164436879
2,3355,4.492617946669025e-05,-0.001348708673616892
2,3356,0.016630072275092115,0.006303441885130822
2,3357,0.02969790538638372,0.005405768583220474
2,3358,0.012970976688204924,0.005476700147841385
2,3359,-0.006536470605662427,-0.004682603419068243
2,3360,0.025498642461829764,0.006928169892026106
2,3361,0.03110683475315724,0.010217578423362272
2,3362,0.0102756825569896,-0.0005798635296026935
2,3363,-0.0064572150840725125,-0.00429730277208351
2,3364,0.03313248293383893,0.0093257914565676
2,3365,0.025082824685403085,0.006874458604683057
2,3366,-0.011167708424778093,-0.004738561286115899
2,3367,0.018322679850152505,0.006589677030910323
2,3368,0.008313975936246406,0.0003918369851148348
2,3369,0.009052157324320137,0.00023026240014112343
2,3370,0.013385354890743953,0.0006603475255757935
2,3371,0.025361715802126608,0.002807499035649764
2,3372,0.0162465406019472,0.001918786040937283
2,3373,-0.006081204735252847,-0.005524890841604909
2,3374,0.012589149970733031,0.0004036159662668097
2,3375,0.023035097470869077,0.006740846889248534
2,3376,0.022027899548929024,0.005982203090927551
2,3377,0.008955317093587848,-0.0025736779435271686
2,3378,-0.0037715184426685986,-0.005367958362473709
2,3379,0.01045784607740343,0.0028342974415261728
2,3380,0.018922499026785715,0.005835749358528528
2,3381,-0.0015997761206041732,-0.0009433682472920634
2,3382,0.040000828126087185,0.009987752281302234
2,3383,0.03099487991452319,0.008764811791982158
2,3384,0.005696487611520765,0.0006914506102008243
2,3385,0.017258769008569878,0.0023699570194265687
2,3386,-0.014208654095327778,-0.006276845175345358
2,3387,0.017487616240253308,0.002632465875860999
2,3388,0.020921773822946414,0.008298062376991175
2,3389,0.01651150072024304,0.005387958368334676
2,3390,0.010603738533655255,0.0019444824673302747
2,3391,0.014750109404835699,0.003656076487688308
2,3392,0.001798565750191563,0.0018898546902996374
2,3393,0.018314901155847482,0.006457529225275051
2,3394,0.0027731176580829326,-0.001663785539654085
2,3395,0.0033088488375451293,-0.0005180096403010368
2,3396,-0.01989856913985181,-0.00884943180632487
2,3397,0.031112667268934996,0.0066950145988808945
2,3398,0.0199268282224197,0.006466449491333855
2,3399,-0.0031429185031937278,0.0008536378886687143
2,3400,-0.002558394531703824,-0.0033388082096612827
2,3401,-0.0008325174951257403,-0.002269903698765658
2,3402,0.027712911993178005,0.008908530782485569
2,3403,-0.0011868172157652524,0.0006648867984295323
2,3404,0.008474887647201274,0.00015376493431519246
2,3405,-0.011327633812429886,-0.007016137987702087
2,3406,0.01603865988755558,0.005302853433738517
2,3407,-0.0015398730718176226,-0.00023509109146737953
2,3408,0.007741803282394498,0.0013129805175768903
2,3409,0.03903075028828621,0.00886141675677218
2,3410,0.010817951311300065,0.0022074214418314063
2,3411,0.03523328956202136,0.005474147998308653
2,3412,0.008466023851963078,0.0018481685092773708
2,3413,0.0013612124397760607,-0.0030096466397188317
2,3414,0.010978548666333566,0.0007209032737510753
2,3415,-0.0065134531179995,-0.003503378420409721
2,3416,-0.019614480013761915,-0.0063682141487480595
2,3417,0.006762939037765109,0.0024878197526432993
2,3418,0.010671327075204193,0.002679943823043421
2,3419,0.01892348064970914,0.00021441810280971375
2,3420,-0.0035045181508164434,-0.002249052789822153
2,3421,-0.024070574555857906,-0.009223848041497429
2,3422,-0.012958504482179459,-0.0034066996276918386
2,3423,-0.0039872637706873685,-0.001410673902194655
2,3424,0.018419348180001113,0.0025436265145774013
2,3425,0.030770398081417315,0.006261580908750721
2,3426,0.03442876423486299,0.009735213491125301
2,3427,0.011249817843893943,0.0003109777657527101
2,3428,0.0008412433193269784,-0.0004903545659661946
2,3429,0.019071460819778004,0.0020804478179985123
2,3430,-0.013760788039838816,-0.00659149592510667
2,3431,-0.004121313673018995,-0.000840762371784187
2,3432,-0.00594364393069942,-0.00266582770344887
2,3433,0.023550344586055937,0.006770625938673622
2,3434,0.01963629899626882,-0.00036850902393344533
2,3435,-0.002638981314873986,-0.003989937639144059
2,3436,0.012490939856556615,0.0009273841461809746
2,3437,0.0033063554252717588,-0.0024535636210072393
2,3438,0.006106754344169675,-0.0018219192066701382
2,3439,-0.0013030663393045461,-0.000770313935321209
2,3440,0.018911663874288904,0.006278165851278319
2,3441,0.01338460366826818,0.005391007312079693
2,3442,-0.013005690491206671,-0.007431716382304373
2,3443,0.003042284236440953,-0.0005608731108747057
2,3444,0.004635838426100523,-0.0007734471277417958
2,3445,0.02184274286946316,0.0027969877664818605
2,3446,0.020531451108185664,0.008181366173703096
2,3447,0.00707798226682662,0.0009394677121293576
2,3448,0.01509924963522776,0.005604001007746918
2,3449,0.01996235103509414,0.0041185983766685854
2,3450,0.002251934519392745,-0.0007731513769955072
2,3451,-0.021032929455874594,-0.009777542209073216
2,3452,0.0071900231971805005,0.0008512213815709118
2,3453,0.00433705353616886,0.0015880871916724303
2,3454,0.0203961700857501,0.006361081740017457
2,3455,-0.008886683881779756,-0.004056623353986818
2,3456,0.007998790484770263,0.0007116596477664798
2,3457,0.002610895462798342,0.0003978252763935638
2,3458,0.020426243414919984,0.003356371821326189
2,3459,0.013610782221904977,0.004797080871766301
2,3460,0.004673097894892571,-0.0037966442485240625
2,3461,-0.02037621583859561,-0.008277741762932965
2,3462,-0.0052385637209710996,-0.0016954205758634693
2,3463,0.0021373966933730163,0.003908681614184029
2,3464,0.022787289050079627,0.0036551928429560746
2,3465,0.026190168184401428,0.0035873997721460444
2,3466,0.02671587894506182,0.007782089109175473
2,3467,0.004596555991133184,-0.0005589235676659724
2,3468,0.00466569632003715,-0.0005947856242665389
2,3469,-0.001152988537083582,-0.0024902369198462468
2,3470,-0.014478554529099092,-0.007844616650506777
2,3471,0.009093799540477131,0.0006665557985975167
2,3472,-0.001800333005225959,-0.0039932265659140855
2,3473,0.004348892051700474,-0.00163626156580439
2,3474,0.017421496608924454,0.005525484856950527
2,3475,0.023059949511311392,0.0022531518268441584
2,3476,0.005365317151294063,0.0006848808448568083
2,3477,0.019719260427180477,0.00459638525495978
2,3478,0.0038896470827004246,4.9528014611102e-05
2,3479,0.016914726499695155,0.005234670873163255
2,3480,0.05030182357176268,0.014435935844680331
2,3481,0.015957914002428325,0.004563301131277154
2,3482,-0.007223592496517989,-0.003368269108566343
2,3483,0.007937291849624207,0.0006521663241774382
2,3484,-0.0019848762932232335,-0.0037615675229141017
2,3485,0.028134344011688326,0.004050529503923829
2,3486,0.001315079604793129,-0.0006681146436468378
2,3487,0.03099306701417305,0.010772752426361599
2,3488,0.023056664798767723,0.004848169605363598
2,3489,0.014364410328261494,0.0010988794546010427
2,3490,-0.010651982406650346,-0.005517556129220011
2,3491,-0.009924175466896532,-0.00325166287122757
2,3492,0.005992496536423214,0.0037166037489276614
2,3493,0.02015840678509152,0.0032221140304188162
2,3494,0.02102056542147041,0.0073314969839281775
2,3495,0.0009569180992096396,0.001040929649635484
2,3496,-0.01206444657878262,-0.0019280004684478092
2,3497,0.001266794969344291,-0.0032860028501316943
2,3498,0.015422889660816315,0.0030461243205610494
2,3499,0.01396535614586937,-0.00018188487912112954
2,3500,0.030996110503860044,0.009713954963863092
2,3501,0.014215900653307323,0.00226734486169443
2,3502,0.00507668235418649,0.0019300790661584437
2,3503,0.010956247916443326,0.0035890555821329094
2,3504,0.008474431930754728,0.0033155406901988708
2,3505,0.004352014588784685,-0.001191952900404911
2,3506,0.0026266824114732305,0.0008779634665650607
2,3507,0.013009013777591307,-5.6804289214269457e-05
2,3508,-0.004704132484576285,0.00019841106706510695
2,3509,0.021406316379537063,0.00721953620730728
2,3510,0.01158465533341919,0.000926876475943957
2,3511,0.0026327587783575314,0.0037919657879843596
2,3512,0.01808853879565153,0.0027802243581608556
2,3513,0.020605235999418964,0.004806439707686523
2,3514,0.025647363574491763,0.007187881015487955
2,3515,0.013208141621857416,0.00390752191446591
2,3516,0.01289986727494216,0.004133571576655862
2,3517,-0.018983335015762656,-0.006130307248972294
2,3518,-0.009121671131483421,-0.0075664276038616435
2,3519,-0.002835674053103593,-0.0026733532652010953
2,3520,0.003736402224488458,-0.0010618000673827406
2,3521,0.026001796195469263,0.01065409793857108
2,3522,0.00504209876651203,0.0007843553083718709
2,3523,0.005965007117657502,0.001977407318367997
2,3524,0.016510753679364443,0.002185634114222923
2,3525,0.01914418152650262,0.0048020700907609685
2,3526,-0.006070964481758099,-0.005089404329088143
2,3527,0.025851059196800776,0.0068238337203128125
2,3528,0.0178516005814648,0.005150208224948501
2,3529,-0.022511673417714057,-0.009652193872470446
2,3530,0.008385859673082516,8.705865262565551e-05
2,3531,0.03255581820779824,0.008279625021750425
2,3532,0.00023859941196392086,-0.0042492975860706095
2,3533,0.001956574255421814,0.00047652664904166304
2,3534,0.02831860280266656,0.009322800381533474
2,3535,0.010426690734767624,0.0025805096327736086
2,3536,-0.009680080732551536,-0.005003448883783562
2,3537,0.004863637488376174,-0.0004587697820448435
2,3538,0.00704581495950775,-0.002411424972012021
2,3539,-0.004757411295306627,-0.004977631660521032
2,3540,0.0289759263691183,0.00956897307162916
2,3541,0.011091128359889405,0.001944518321406874
2,3542,-0.005088536281555095,-0.0021748741256873674
2,3543,0.0076531219252876145,0.0027943859355759877
2,3544,0.017049432363127927,0.005333696910834481
2,3545,-0.0032840724435140942,-0.004047082791076452
2,3546,-0.0030291768699050856,-0.0010305797011712324
2,3547,0.02873085192874502,0.008546580827438309
2,3548,-0.0035060098229157902,-0.005884780603595847
2,3549,0.0509578488815291,0.014381869772089306
2,3550,0.01375228533065417,0.00045812417965161554
2,3551,0.014054473222346443,0.0019360517645650717
2,3552,0.005318610733348275,-0.0020604947483465566
2,3553,0.006942682499218349,-0.002134820330617505
2,3554,-0.0026268098237635833,-0.0014787081584019804
2,3555,0.0183833664751108,0.0038796609202216797
2,3556,0.009826054969549561,0.003425434991831498
2,3557,-0.0041653907599821585,-0.004162895406691141
2,3558,-0.021381074584628842,-0.00805526583746695
2,3559,0.029490675267749997,0.008953895492074563
2,3560,0.009844127109777022,-0.0015269774145107743
2,3561,-0.003928233635018273,-0.0011624453333717783
2,3562,0.009591365551829215,-0.0017564812685554403
2,3563,0.011033884646617097,0.002769634076590815
2,3564,0.025672137376486694,0.00660589976982501
2,3565,0.026836585233191042,0.009761637822108092
2,3566,0.022400855332626587,0.0057986142087111895
2,3567,0.03406024530132249,0.009476004400178708
2,3568,0.030157372211480238,0.005848733418281906
2,3569,0.0008649368774687886,-0.0023926304154891632
2,3570,0.009446043219671794,0.0010364647837475683
2,3571,-0.022948566541732343,-0.012091892536444099
2,3572,-0.008454680234617746,-0.001424792043242182
2,3573,-0.007487971819714605,-0.00377293449972166
2,3574,0.020046518706869052,0.0057711962556965726
2,3575,0.02312265846967905,0.005585796287015886
2,3576,-0.018138299280169086,-0.008951171009371628
2,3577,0.01337078838808313,0.006744428650818827
2,3578,6.430447532637127e-05,-0.0022964185306387844
2,3579,0.0018373957565329035,-0.0008925788222566428
2,3580,-0.015317992191857158,-0.00782524551320848
2,3581,0.007013034723088845,0.0015566156963644393
2,3582,0.00887717094266417,0.00177864605237169
2,3583,-0.009204630469003657,-0.002697660895058741
2,3584,-0.021792813085085395,-0.01055536249377264
2,3585,0.0033489768685817383,-9.005503160030517e-05
2,3586,0.027868419168045132,0.008209756278668127
2,3587,0.01795518383691243,0.0012441401332769213
2,3588,0.015606718484690576,0.0036907031746140954
2,3589,-0.02248874265601157,-0.00837816555551089
2,3590,0.022317474105805157,0.008621770647877242
2,3591,0.00868594087269093,0.00032035781435832433
2,3592,0.004209197250780222,0.001801397986773821
2,3593,0.025006464969986108,0.0067728874958973865
2,3594,-0.011058619637372919,-0.003171000102370828
2,3595,0.00992417578023835,0.002061312369781456
2,3596,0.04246871960248083,0.008845285189480093
2,3597,0.006955714113620326,-0.0007461657477690954
2,3598,-0.0031002158020072366,-0.0046949057534658
2,3599,0.0009568745606741575,-0.0013586943328081451
2,3600,0.02398960559615856,0.007104388078139637
2,3601,0.01861226071756186,0.004744960615864946
2,3602,0.004857317365678481,0.0033653710632223074
2,3603,-0.02283422175341064,-0.007567399262527107
2,3604,0.02954139144236005,0.00884148316768762
2,3605,0.03630754275153398,0.009529121816566441
2,3606,0.014216742805430312,0.0028714514636646576
2,3607,0.016274001995820984,0.0031680716889467522
2,3608,0.034449344864916485,0.006490051803975335
2,3609,0.012582600941163842,0.005024086981359184
2,3610,0.02084016698792603,0.0071949092473222115
2,3611,0.022045994928921564,0.0070153079530800916
2,3612,0.01163386248077856,0.004346913418088193
2,3613,0.0055496318676789185,-0.00271632108586197
2,3614,0.011859903736808963,0.002114056553953927
2,3615,0.013030939602068152,0.003133346625789887
2,3616,0.009283382637211983,0.0011442012881963573
2,3617,0.021608946501248106,0.0033237074978961887
2,3618,0.02413360300241507,0.00460960492883433
2,3619,0.011319710475486551,0.0014593163216767367
2,3620,0.025950495138182726,0.005809514291384566
2,3621,0.020405947573590957,0.0056894508110949885
2,3622,0.01368223455938642,0.00317210572821805
2,3623,0.02378237596376116,0.009136870355557608
2,3624,0.001885519127433959,-0.002579931696619712
2,3625,-0.016087338258464198,-0.011583580646415553
2,3626,0.02842424775211651,0.006525857912568633
2,3627,0.01347512335103005,0.003015219901716807
2,3628,0.026588128854502013,0.0072034113802643615
2,3629,0.01384974140124517,0.006564992281784196
2,3630,0.024197011738171785,0.008853522429562773
2,3631,0.01412557800895748,0.0029964511986211965
2,3632,-0.008054416774650469,-0.005483437502764262
2,3633,-0.004516553346290595,-0.0034927608879048253
2,3634,0.013413516631963114,0.0018365621660455995
2,3635,0.019154619468834386,0.007922956487908316
2,3636,0.04006518687557922,0.012704453854489199
2,3637,0.012151145330869785,0.002536284058648763
2,3638,0.030490426690162144,0.007696639855048981
2,3639,0.013443446383832172,0.006187461686735884
2,3640,0.04333218418677681,0.013562382755711167
2,3641,0.00799886430535926,0.000792347114434153
2,3642,0.021336515282980407,0.0073048035748801326
2,3643,0.003336465373306888,-0.0029565953912546634
2,3644,-0.016901111798890582,-0.00616418878754651
2,3645,-0.021161539252811647,-0.0075620545534737914
2,3646,0.01099802707608099,0.003122015890110249
2,3647,0.009774084348627053,-0.000554271402616107
2,3648,-0.0017476509323851202,-0.0013808954380039793
2,3649,0.013790317803866107,0.003974557008871606
2,3650,-0.014343822997862757,-0.007828832995231084
2,3651,-0.0034899726132449492,-0.003843142200973054
2,3652,-0.004315022743244572,-0.003561360643425593
2,3653,0.0109013963403952,0.0036959022091543423
2,3654,0.01617030187840435,0.005083050064467688
2,3655,0.006195167327685907,-0.00021247378517738803
2,3656,-0.005606309757235538,-0.002729289116199449
2,3657,0.008887152332105649,0.0025180103067956204
2,3658,-0.006831966735251197,-0.0036721831752524396
2,3659,0.0032445719369197964,-0.0021553763422713953
2,3660,3.0055872310688674e-05,-0.0055457976375284535
2,3661,-0.004382190145620291,-0.0010364593360762768
2,3662,-0.002692017641094642,-0.005382204319597784
2,3663,-0.032549533275604704,-0.01472797904528394
2,3664,0.012385656624587755,0.0013223775836845595
2,3665,0.005581549885462752,0.00025749476922188566
2,3666,0.011986911022220053,0.000914511781910323
2,3667,0.018531388455693423,0.0035775811861527567
2,3668,0.03956136650425683,0.012841901623875837
2,3669,0.00638484335123377,0.000627851309928751
2,3670,0.030230962125193876,0.009997210625727311
2,3671,0.03397625762668868,0.016435526463004013
2,3672,-0.019174016194208846,-0.007282637988308523
2,3673,0.007622818042878384,-0.001538096810133943
2,3674,0.026379661065966595,0.0063492172949061254
2,3675,0.022481425601977804,0.006218650593745645
2,3676,0.007480413672802698,-0.0022155163396017307
2,3677,-0.0006234919461534712,-0.002749238280355935
2,3678,-0.0013008398413722438,-0.00287982510725964
2,3679,0.008812106403743563,0.002229567109339187
2,3680,0.021998580543944046,0.006371992409277189
2,3681,-0.006797424795965875,-0.005438934558507364
2,3682,0.007471605931339682,0.000356333697885416
2,3683,0.015779933942818403,0.001701703499027485
2,3684,0.023245296260691693,0.004773228130486081
2,3685,0.0051329647119206364,0.0004949534843658147
2,3686,0.03767333432870489,0.010994895265894566
2,3687,0.037603051819605576,0.007484358939754595
2,3688,0.029562762119879064,0.00731443350218567
2,3689,0.004431849101662685,-0.0014753122328437927
2,3690,0.018227577129780775,0.005306953882726356
2,3691,0.021895496392975642,0.002867371280362539
2,3692,0.014566807208025695,0.0031161987674141935
2,3693,0.014491866953514393,0.0007308405097258261
2,3694,0.014330505711166253,0.0015992134704000936
2,3695,0.022564562709193565,0.007013009900467892
2,3696,0.03061274954235522,0.009600510698683933
2,3697,0.021064507781487017,0.0034679473507839287
2,3698,0.03043576314373997,0.011282011650416991
2,3699,-0.003829877290358413,-0.0011123902547186116
2,3700,-0.0014673746613003307,-0.002645375257888683
2,3701,0.011873963232132129,0.0005396672339122295
2,3702,0.0060415025729691355,-0.000138053719954676
2,3703,0.02067188369791161,0.00523763624312141
2,3704,-0.0005620722728215727,-0.003361055867409705
2,3705,0.008369663388975516,0.002491723660649194
2,3706,0.01680833917897306,0.003520084650503054
2,3707,-0.006635156852053634,-0.006352407655960208
2,3708,0.027380001008733952,0.007631074812250505
2,3709,0.00839849780987307,-0.0010814555631713351
2,3710,0.006956784478589703,-0.0024260295430113764
2,3711,0.02974565482655314,0.004699658617970965
2,3712,-0.014138115366625952,-0.006107146168300472
2,3713,0.009497257244752927,0.0025313567366107843
2,3714,0.007018876828560892,-0.0022260653459163357
2,3715,0.006268865505500791,-0.001272317030430039
2,3716,-0.013005385570770028,-0.0053743259737287765
2,3717,0.0002456906191008665,1.204407362526163e-06
2,3718,0.016277195677091207,0.005126060371578622
2,3719,0.0017008053972498126,0.0016514531466417218
2,3720,0.0030922533774094033,-5.475521727316597e-06
2,3721,-0.0011539926021962973,0.0002137538284745514
2,3722,-0.0001856610776519595,0.001997828165688256
2,3723,0.03551849729030717,0.011133346411222182
2,3724,0.006738381681778191,0.0016356707560645526
2,3725,0.010170208505536836,-0.0027206419651931066
2,3726,0.03042358356655901,0.009105994187686555
2,3727,0.002674086665030984,0.0029598062070997112
2,3728,0.0038195471955960064,0.0013701833383522376
2,3729,0.025121977878480844,0.005858863413436547
2,3730,-0.002014139494303127,0.001966260828845454
2,3731,0.008671588925077635,0.0005477212732482954
2,3732,-0.011513112892090576,-0.0030036752405931304
2,3733,0.03756247489764654,0.009677274066432989
2,3734,0.005289954171853442,-0.0005485505521843047
2,3735,0.007394451950442125,0.003236134755447479
2,3736,0.019334851001930012,0.005569197846145893
2,3737,0.009201170699452005,0.0013102883256184055
2,3738,-0.0026199713598467054,-0.0021297720245351806
2,3739,-0.015832993454790216,-0.006051051230808258
2,3740,0.0057497406367389035,0.0005883565975502593
2,3741,-0.01585586525026157,-0.007356909301271402
2,3742,-0.0004600657646523221,-0.0023309233178469653
2,3743,0.005982107783848028,-0.0013021308588970339
2,3744,-0.012889320783707331,-0.005634858911990529
2,3745,-0.013502255581445263,-0.009903278935717064
2,3746,0.0354952679048284,0.008097645928283393
2,3747,0.003812652384176657,1.7803553695574852e-05
2,3748,-0.0002806584091903151,-0.0048313120748293
2,3749,-0.006951060667351298,-0.005977953851099782
2,3750,0.014220982645335013,0.004055016238371342
2,3751,0.03163585932224064,0.007014268046655611
2,3752,0.005302226931340855,0.0018238095883765062
2,3753,0.008253291266443643,0.002348197179465692
2,3754,0.01872388925331642,0.004495452904111972
2,3755,0.029515074024847737,0.008915889750415
2,3756,0.046820988816212265,0.01496663833316377
2,3757,0.024058108419626117,0.006318203088032673
2,3758,0.014424842294179308,0.0060055499815827446
2,3759,-0.0024832615167775947,-0.0021558337315408997
2,3760,0.03615979554906862,0.0075544935513005215
2,3761,0.028807056614518375,0.00784825821864459
2,3762,-0.008972533075042059,-0.004232055601512344
2,3763,-0.023899911445890994,-0.009732829099298387
2,3764,0.013980628627363484,0.004806957670277707
2,3765,0.0017709038867261095,-0.0018135042574197024
2,3766,0.006777635644932904,3.945579279154173e-05
2,3767,-0.018401494840844728,-0.010048198713282499
2,3768,0.01944628701479083,0.002339405719666237
2,3769,0.01969115885156844,0.006133327082691404
2,3770,-0.0033938664011594274,-0.0029468802160110275
2,3771,-0.00810756700220469,-0.0021128765653126804
2,3772,0.022690191690754168,0.007378637583194612
2,3773,0.0070811756206615156,-0.0006380030502452792
2,3774,0.02493724470963385,0.004079144299001705
2,3775,0.009997193958248416,0.0032333270228190993
2,3776,0.012272532089347917,0.005717084108406789
2,3777,0.017011697192853625,0.0046104367572703305
2,3778,0.00395851496788665,-0.001850107653503191
2,3779,-0.02083704712917018,-0.009965838835829256
2,3780,0.02994010042037888,0.007308014060207862
2,3781,0.016013712510780438,0.002035479104262999
2,3782,0.014731050963711396,0.0036357099318162734
2,3783,-0.010437727857783873,-0.0055311889881460375
2,3784,-0.00844657038021821,-0.0032045475178484294
2,3785,-0.01926363712341578,-0.008790276196815352
2,3786,0.03486627345843483,0.01195096599266125
2,3787,0.03382466245143858,0.009150637067634044
2,3788,0.009282791166792394,0.0048481610344757765
2,3789,0.006770765437156256,0.0032022993296154404
2,3790,0.024400583698427885,0.00462805380814532
2,3791,-4.707877591423063e-05,-0.004276747246119906
2,3792,0.0053467546140621765,0.0012066939381617158
2,3793,0.0406147324368179,0.01464242501638906
2,3794,0.02597029513291989,0.004724158896905787
2,3795,0.004400900011805988,0.0023005026532916407
2,3796,0.018324463331266878,0.005725949208134067
2,3797,0.005437932183162451,0.0007288558998197916
2,3798,-0.009371555328580737,-0.0026204754065479374
2,3799,0.0005386441078840971,-0.0011739245065091584
2,3800,0.0020305291121020916,0.0017091883951657516
2,3801,0.01606235181352997,-0.00046542296032075765
2,3802,0.018701896799343146,0.0057353600757330475
2,3803,0.009761219007759291,0.0014829402363470497
2,3804,0.02004636428707604,0.003342438227219247
2,3805,-0.006047392334560342,-0.00290178577305645
2,3806,-9.062824320876259e-05,-0.0001945627426268764
2,3807,0.01193712594191355,-0.0002366993373555339
2,3808,0.007589838306325717,-0.0011113687236762233
2,3809,0.012903059108653112,0.00021237217652069965
2,3810,0.0013542379445110307,-0.0039058509574501302
2,3811,0.019844679963149328,0.003870474472373209
2,3812,0.016226739776632585,0.003748096499422277
2,3813,0.02992804993249692,0.010441883681973763
2,3814,-0.005393745796525354,-0.0044660347855524805
2,3815,-0.02683541900283716,-0.011859905273903081
2,3816,0.011633234066158347,0.003916215130882907
2,3817,0.02346995870608691,0.010266371717604089
2,3818,0.021962159770068462,0.0073306095768665
2,3819,-0.014702428609558463,-0.005243909289487439
2,3820,0.03389030515396718,0.009294953702026569
2,3821,-0.009543491932877618,-0.0023458765926796074
2,3822,0.007264000523040423,-0.0002683471011308335
2,3823,0.023807707596309687,0.005827945337747627
2,3824,0.011855675905920597,0.0016137380944061088
2,3825,0.010990893579333921,0.0015708727914183307
2,3826,0.010455980352118205,0.000260985397783859
2,3827,0.01562331875404795,0.005496200969233414
2,3828,-0.02512415311867558,-0.010210292300891755
2,3829,0.019835481409593344,0.0066539796156699915
2,3830,0.004777789401432575,0.00038671104770212695
2,3831,-0.02058495324596167,-0.010131083380121152
2,3832,0.0056033138514407985,0.0014611855740309777
2,3833,0.014501529203465648,0.00336164713080496
2,3834,-0.014489974868038097,-0.006961719138681406
2,3835,0.027115413446171716,0.009524924734391055
2,3836,0.004706956722147239,0.0002594491816338239
2,3837,0.0036706421239771562,0.003558030782792143
2,3838,0.00023541155142168895,-0.001225382808306108
2,3839,0.014707108116109723,0.0005188732316269854
2,3840,-0.013736690382338995,-0.008882224825255027
2,3841,0.025483460980333893,0.009913892099859819
2,3842,0.011608456794786778,0.002051195499292081
2,3843,0.04639399673693706,0.012476571978177097
2,3844,-0.018501217342010913,-0.006381605160178026
2,3845,0.019716636292098907,0.006009161111533881
2,3846,0.0114703026220283,-0.00023654853473727995
2,3847,0.031109868382594965,0.007122801184523836
2,3848,0.0020657220459019544,-0.0017835731237693644
2,3849,-0.015032699136665294,-0.005652000199947845
2,3850,0.007691369396670928,-0.000778245712160493
2,3851,-0.0003225019478438371,-0.003024548180155342
2,3852,0.005071835583339388,0.002872097484904011
2,3853,0.01834080308977799,0.008451493763960653
2,3854,0.0022475447009436536,-0.002965363054234894
2,3855,0.029276697589547408,0.006433940357439794
2,3856,0.027612550261013887,0.010366242420036387
2,3857,0.034527070803047455,0.00684017350000032
2,3858,0.04073873145112241,0.012109384137956435
2,3859,0.027049303507468897,0.006726914433870309
2,3860,-0.015636360752573967,-0.009438626822365152
2,3861,0.011300897768529099,0.004779105899524392
2,3862,-0.02014427809522485,-0.006647087906154268
2,3863,-0.000760805469334432,-0.0002482473125728144
2,3864,0.006184088986107485,-0.0013155855213049321
2,3865,0.031726470486052344,0.009981606311813959
2,3866,0.006729415424072304,-3.115025253630846e-05
2,3867,-0.0009102439040807219,-0.0019138754504505083
2,3868,0.026132972290120293,0.006467560320925545
2,3869,0.022689121792875654,0.002332180309501671
2,3870,0.009683955748626894,-0.0004441647597761835
2,3871,0.02549178190289316,0.005904688758628802
2,3872,-0.01567251041135246,-0.00856274213869947
2,3873,-0.012678362019043205,-0.007151087128673756
2,3874,0.02240367821919792,0.005872006461938123
2,3875,0.03156654184752901,0.009002458566990518
2,3876,-0.022546438590900206,-0.012152542229084226
2,3877,0.01652802233686216,0.0037796568940952394
2,3878,-0.0015051297263843268,0.0012028292929692915
2,3879,6.370746804371449e-06,-0.0026303376022126677
2,3880,0.008303582959812187,0.0034673357109620386
2,3881,0.023518764803606235,0.00944702768367407
2,3882,0.005875492906739318,-0.001855333294536608
2,3883,0.03167186612902825,0.009203531277159659
2,3884,0.015401219053570366,0.0017653301920507597
2,3885,0.01799273170141179,0.0036048910260416825
2,3886,-0.008516387784193342,-0.008006250154678611
2,3887,0.04007378282357739,0.007089679490624294
2,3888,0.028217317385550382,0.009535048486807814
2,3889,0.02020659240532161,0.00811493523568582
2,3890,-0.017009239723388105,-0.008637644921487631
2,3891,0.0022390058493222107,0.00048474444494384485
2,3892,0.005680928143336489,-0.002645880291827166
2,3893,0.004410850314750829,-0.0010630126847884617
2,3894,0.0008837158552953446,-0.0013361137558591232
2,3895,0.031415283697544295,0.007816673259724703
2,3896,0.012746771799673226,0.0025910014887246965
2,3897,0.007365508820845006,0.0019742703071527388
2,3898,0.010868712506110977,0.0003390787098221406
2,3899,0.01945433981201751,0.004513313509465424
2,3900,-0.013023413201733568,-0.0038818229847162886
2,3901,0.027578028849936452,0.00395576484931606
2,3902,-0.012797057496418603,-0.005059551648007246
2,3903,0.015527777856763798,0.006240733137008091
2,3904,0.007778471791648941,0.0025935948234440545
2,3905,0.005699541549063404,0.0017353335382373366
2,3906,-0.016723264348230578,-0.00788510925340002
2,3907,0.024162362350250016,0.007249333252108499
2,3908,-0.008015000928954179,-0.006154274662911122
2,3909,0.014690940772859675,0.003059050150574639
2,3910,-0.0012984487943874016,-0.002006749071462798
2,3911,0.0273314098086062,0.003349750800205475
2,3912,0.018171184046876586,0.003023746481002322
2,3913,0.03517778095113361,0.011022044535032575
2,3914,0.029998336721640054,0.00672276945019281
2,3915,0.020899111153340314,0.007150059295050368
2,3916,0.02431004638127611,0.0055708136840757864
2,3917,0.020158497136452003,0.006406162388463776
2,3918,0.02776604554383845,0.0064718081867110415
2,3919,0.006530125979176386,-0.00232214438185475
2,3920,0.020080822742110115,0.00737251159830463
2,3921,-0.00918149564937042,-0.004532692066516948
2,3922,0.009775620782438333,0.0010110956893688659
2,3923,0.016473887047047577,0.003281884104176323
2,3924,-0.011708423485199128,-0.0068621573396817105
2,3925,0.0017966441890259737,0.0007432836146809706
2,3926,0.027393403637424985,0.006275780622277707
2,3927,0.03768463626745096,0.012899909770035693
2,3928,0.0006809500310473458,-0.0015251835022233068
2,3929,-0.004627473394246046,-0.0033448508268654675
2,3930,0.031668368986781756,0.008224402253873381
2,3931,0.028986461549835852,0.006131565135665983
2,3932,0.005154941662198639,0.0005176670232079219
2,3933,0.014006899643870764,0.005873985168788812
2,3934,0.031655601796500676,0.008449157041214832
2,3935,0.012013812154682798,0.003334883973463601
2,3936,0.033600738732184186,0.009858677303428614
2,3937,0.0014532312883716466,0.002090714037097504
2,3938,0.014238037976281221,0.005136402877361175
2,3939,0.021217203522303687,0.004986414201055177
2,3940,-0.0308461736557959,-0.012382391663307268
2,3941,0.007908026523663972,0.0004647182624068905
2,3942,0.020478327769420428,0.006090579297122733
2,3943,-0.012660913841579396,-0.006924761072116803
2,3944,0.015063080984192857,0.002804909864365133
2,3945,0.01741800886759438,0.0019276824050809733
2,3946,-0.006823228444443722,-0.003399855421566466
2,3947,0.0007810667261211898,0.002658018043408474
2,3948,0.02807316495625626,0.008320683613915823
2,3949,-0.0005607130012507138,-0.004972832339968484
2,3950,0.017809629738401448,0.002580724462475084
2,3951,0.0017478113062237672,-0.0025164912308182283
2,3952,-0.003991094526919505,-0.0010217414488804997
2,3953,0.012981532985658191,0.002787121243275975
2,3954,0.020639459042953,0.0036337932590854065
2,3955,0.010305455947556826,0.0020762583306298183
2,3956,0.03339741427223012,0.009014397981936732
2,3957,0.002510560065631725,0.0012572540206487084
2,3958,0.00805410765969416,0.00040587199215433447
2,3959,0.00015466763622244982,-0.0006861855094950829
2,3960,0.00508405411372676,0.0010607947066321268
2,3961,0.001893260584482552,-0.0007732378928109892
2,3962,0.020961078757206205,0.003299226941886788
2,3963,-0.024268572222722412,-0.006948867100647159
2,3964,-0.010040475538830963,-0.007138156998003239
2,3965,0.03218218422324051,0.006104777915329662
2,3966,-0.005823378328405399,-0.0026720964862288464
2,3967,0.0036222856337505675,-0.0002134126213793469
2,3968,0.008082696885572754,-0.0007638035313267059
2,3969,0.024652899077965747,0.005979462524098036
2,3970,0.01884268411999347,0.007038799210209747
2,3971,-0.019009297358913706,-0.012209537789898604
2,3972,0.04761048983448475,0.013686747829434007
2,3973,-0.014905223598326661,-0.005224821665800638
2,3974,-0.00980309260079809,-0.00848244885968746
2,3975,0.010386377790770262,0.004182844011633694
2,3976,0.0009401813179705814,-0.003077765958449402
2,3977,0.018722197360112353,0.007113723950870935
2,3978,-0.00642184816029112,-0.0034609283802949416
2,3979,0.02112142224855606,0.0012427317400244197
2,3980,0.027371522270372022,0.0069067708973656146
2,3981,-0.014773148924922043,-0.008289008238039314
2,3982,-0.011501514081005944,-0.003006352058803234
2,3983,0.04493862934280784,0.01427378165502254
2,3984,0.019721028423001923,0.005076527360514771
2,3985,0.014391214306973462,0.003858989889781776
2,3986,0.023579097275700785,0.006657359153060088
2,3987,0.007924609295947831,0.001004540858873068
2,3988,-0.007592672021739228,-0.007669756295120387
2,3989,0.012183638155237306,0.0008402993630681078
2,3990,0.010811277325859419,0.00029725303119480453
2,3991,0.017211181354463586,0.007710736698743243
2,3992,0.005808004712856191,0.003200028398579406
2,3993,0.03190586757868204,0.011764531370113072
2,3994,-0.0005748648052976713,-0.00160210928345888
2,3995,-0.007040103678023063,-0.0036913171927129523
2,3996,0.0011864326700294465,-9.414572125394853e-05
2,3997,0.03174051378404929,0.006676666925820011
2,3998,0.026408953610700704,0.00788324281517169
2,3999,0.004661424110451826,-0.0015381897697977487
2,4000,0.001302809332737164,0.000998974327286561
2,4001,0.00452890166036109,-0.0015877687944261358
2,4002,0.023074898365026977,0.006428242837585515
2,4003,0.0094435667115915,0.001632655872673567
2,4004,0.017090214851640587,0.00543589626151602
2,4005,0.0009364363770214516,-0.0028776895490307554
2,4006,0.01916708899882024,0.004435169022153064
2,4007,-0.01390479515625408,-0.004479000543069811
2,4008,0.021131414270016996,0.006116605235888321
2,4009,0.02213945554989696,0.005620716128719737
2,4010,0.032671708866590446,0.007124386774396763
2,4011,0.0137422695802804,0.001204085657817435
2,4012,0.004731993172917895,0.002234839746264787
2,4013,0.02450959698280003,0.007940115134819075
2,4014,0.006513166500359702,0.0006064177076211343
2,4015,-0.011777241426068128,-0.005193388803445449
2,4016,0.01932505947429626,0.00408364019475585
2,4017,0.009868599689838541,0.0005343189051024749
2,4018,0.008260078528227337,-8.058330901355579e-05
2,4019,-0.002949400366396249,-0.0011199838851074146
2,4020,0.0192354291963501,0.0030766643153187197
2,4021,0.006947160627896146,0.00047220523345341487
2,4022,-0.013172686384568102,-0.006816409067322376
2,4023,0.025740757054845423,0.00772341889674096
2,4024,0.020960203988866586,0.0037299244691959147
2,4025,0.006147760125546095,0.0029611342251842686
2,4026,0.015314468462901484,0.0025617987747555016
2,4027,-0.0057441808990272005,-0.0028633067734107538
2,4028,0.022341787584690777,0.006630663702082973
2,4029,0.01921035004829429,0.003026186667824688
2,4030,0.016957802730077496,0.001198369263981467
2,4031,0.006018721303255538,0.0005058703021754245
2,4032,0.008012835176206063,0.0035711470994474587
2,4033,0.012580105060389948,0.0041403532508056335
2,4034,0.013710318541167802,-0.0009555016252651255
2,4035,0.02795875938870411,0.005712153992747845
2,4036,0.04461858288889759,0.014940963133843438
2,4037,-0.015757843021562187,-0.006649883427675891
2,4038,-0.0030812312470465874,-0.0030911178883383434
2,4039,-0.023478368032524892,-0.010073510218242215
2,4040,-0.027039075082539672,-0.0104486190985972
2,4041,-0.008942699225751543,-0.0044965421962190125
2,4042,0.04407659002052433,0.016703007780388815
2,4043,0.023430313047019372,0.006884304180272422
2,4044,-0.0007236444058470806,-0.0030009030035968907
2,4045,0.012106130302165924,0.001657426132694905
2,4046,-0.021106436439703502,-0.009955766882287524
2,4047,0.027561939457799937,0.0081321697232088
2,4048,0.05683774717189547,0.015508394641522106
2,4049,0.009708802983719388,0.005518238286074573
2,4050,0.025846411124004525,0.009477017536896889
2,4051,0.011507585279134133,0.0041728623480141985
2,4052,0.020313363828210484,0.0033140517290682243
2,4053,0.02336048457936724,0.005381485121151869
2,4054,0.029949683392424493,0.010892756286295179
2,4055,0.01749264109938799,0.00573859559447883
2,4056,0.022544702601475963,0.004802174034977667
2,4057,0.010423779131996866,-0.0010168435410474303
2,4058,0.021587363447329436,0.006419596443236201
2,4059,0.0014470177387641019,-0.0013119794027693706
2,4060,0.021100245501283383,0.004206529872331159
2,4061,-0.008576967949496457,-0.004657056924505084
2,4062,0.04041240690186625,0.011033928879338326
2,4063,0.017248649868692352,0.006234042374437041
2,4064,0.013109087970850112,0.0005955290730543896
2,4065,0.009590269640997365,-0.0005069198633881572
2,4066,0.030435094187626514,0.009646409851449652
2,4067,0.03045152456883832,0.010472111610113832
2,4068,-0.0032355453527395358,-0.004742856264687816
2,4069,0.013355901043738795,0.0039848359377716806
2,4070,0.014157557431881391,0.0008230993627511621
2,4071,-0.014456714209756265,-0.009701651376492112
2,4072,-0.005768074976953768,-0.004855691994582874
2,4073,-0.004533956216435928,-0.001839402195028937
2,4074,-0.004563034583743132,-0.0016008512601077716
2,4075,0.00929871716584007,-0.00020316440368501958
2,4076,0.02511540609912281,0.007640512200086267
2,4077,0.027923001987792583,0.008831841754594802
2,4078,0.047467735113913674,0.014050907283973646
2,4079,0.008722948894086398,-0.0013275815671808864
2,4080,0.008381953138406983,-0.0023076567665181653
2,4081,0.01666608083489652,0.004448745196728806
2,4082,0.016619238399187844,0.0013155327495773979
2,4083,-0.011330637522429026,-0.0027453861477927098
2,4084,0.004335904367062136,0.002105092574399648
2,4085,0.016909375480154854,0.0043437400782617855
2,4086,0.003076771508151063,-0.0005064522051755998
2,4087,0.013342842744538496,0.004707903818052523
2,4088,0.027631624713221968,0.007582225939942742
2,4089,0.010762301862914797,0.002779093846029772
2,4090,0.02471329653520521,0.007872065260186726
2,4091,-0.01304203920432079,-0.0027508336698611833
2,4092,0.021433565120854585,0.007855804968567503
2,4093,0.0049375524481845975,0.003611439199267922
2,4094,-0.018471911093728338,-0.007218296924573254
2,4095,0.0025669610839455202,-0.003611829686932949
8,0,0.025344338886854795,0.005486309876675065
8,1,0.0274355969978325,0.007200095252005604
8,2,0.007860482347500444,-0.0014498563780439922
8,3,0.029209517461103347,0.007227541207324434
8,4,0.007619019784280028,0.0018620750646765665
8,5,-0.017167765153919285,-0.01041039074377331
8,6,0.020756390348022166,0.002126774805909131
8,7,-0.004155718775335083,-0.002319479907352817
8,8,0.016425315347488617,0.003527184908716251
8,9,0.02439413762410908,0.007448433232338174
8,10,0.01754629553006756,0.005890725101743601
8,11,0.012366273692438335,0.0030658505072340735
8,12,-0.018363443992183107,-0.0059035156052381745
8,13,0.01206399934386995,0.0034817537641578483
8,14,0.0032696379603956546,-0.0007737460539571508
8,15,0.014014055544382616,0.004096443289246756
8,16,0.021924660570752933,0.0028702064540024486
8,17,0.035356144821444266,0.013129862305494261
8,18,0.018267778363247535,0.0032789540078613376
8,19,0.035801112061890523,0.01290707346123884
8,20,0.006875258402558879,-0.00045370711930562915
8,21,0.008627700850358749,0.0017132080442367908
8,22,0.0194566669352059,0.003994971102538648
8,23,0.0002496362838722032,-0.0036080245764209787
8,24,0.011512248337484049,0.004690072973686184
8,25,0.013535463574605956,0.00017326219731078076
8,26,0.009297409419562662,0.0018437496900244642
8,27,0.01769608065695666,0.002563674433836484
8,28,-0.00858207505908666,-0.005339828079858158
8,29,0.013759635852187011,0.003347119411879347
8,30,0.02110297562597334,0.00544408812419654
8,31,0.0008353642718262862,-0.0024919214386874026
8,32,0.007724979637734066,0.00010005304643078665
8,33,-0.0011479396106458479,-0.00017254391546323388
8,34,-0.010221884756075427,-0.004834064611965227
8,35,0.010290135084874594,0.0025750180323084594
8,36,0.04210570483276292,0.012982275913960723
8,37,0.023407973068741445,0.004317097442406096
8,38,-0.0022578296524250825,-0.001725883427778986
8,39,0.016166524810873658,0.0036077848524357055
8,40,0.013075890744815653,0.006323791901913261
8,41,0.011480567956756192,0.0006629743820654118
8,42,0.01081548187652185,0.0010808117095676847
8,43,-0.009595390340444125,-0.004717061513265753
8,44,0.017666969127978112,0.0026314578466816174
8,45,0.0011891492257835,-0.0012583466070844385
8,46,0.0034941659548505225,0.003376839519559154
8,47,0.02744219860138246,0.0050644078540066015
8,48,-0.0074380914828066445,-0.004633408478113753
8,49,-0.003965724135160804,-0.0055496355980201705
8,50,-0.010449341024718922,-0.0038733778550730626
8,51,0.018424350654421696,0.0062961488619389504
8,52,0.013795127300331871,0.0025373140655608655
8,53,0.03640367245389299,0.009041055948026304
8,54,0.010193595863507396,0.0024599920832339703
8,55,0.005923881402879319,-0.001251307250793012
8,56,0.018548251962982855,0.004651428163823349
8,57,-0.001878989686990934,-0.004001708891982456
8,58,-0.0037154326617683878,-0.0027765602352732214
8,59,0.012987714958457268,0.0018860760841329254
8,60,0.0004651712849950978,-0.004190303898015711
8,61,0.02553099861488354,0.005243275334825282
8,62,0.002482683948579531,-5.5119464682274056e-05
8,63,0.001192556479709547,-0.00100764493713553
8,64,0.03333632070368537,0.006530330123796282
8,65,0.008464769861896475,-0.0018759341429954405
8,66,0.007978842082981209,-0.00013648936232852938
8,67,0.014428202220386691,0.0012523129725138444
8,68,0.024945541386163967,0.009522980283179784
8,69,0.014273762951786072,0.002570650969668727
8,70,0.01853729934280945,0.0021533958948094013
8,71,0.0032179742063147567,0.001414630972164916
8,72,0.026833999278542454,0.005638981481470495
8,73,0.017423278311646213,0.0011896106173388678
8,74,0.0053096957504906745,-0.0026441464456297575
8,75,0.013408004963964451,0.0036171649407109197
8,76,0.029209063552855716,0.008340456771230872
8,77,0.000865896764975282,0.005612335000473086
8,78,0.0106365938067466,0.0037541300679456266
8,79,0.0043356540431705535,0.0005361826010591152
8,80,0.0006056084235161084,2.3073608022078023e-05
8,81,0.0038626445712332588,-0.0014061813929725933
8,82,0.024090057055617824,0.010944218258352009
8,83,0.0006254474871277445,-0.0010576027415691864
8,84,0.03297884084555716,0.009126455201632574
8,85,0.013026930537760953,0.003560120906726439
8,86,0.005544976659500357,0.002122360023622275
8,87,0.01825846966583111,0.008335525257984677
8,88,0.01141416880690299,0.002592368821370063
8,89,0.03364430902840381,0.009630731052125783
8,90,0.01363874022717215,0.002825169040231981
8,91,0.01874998559791142,0.007915911247479332
8,92,-0.006553395800950817,-0.002200015686441369
8,93,0.018645721731967012,0.004785956807650918
8,94,0.00962998464626068,-0.00043942369368693204
8,95,0.0175755429891516,0.0032227262081001534
8,96,-0.0057706636038072565,-0.001844379553622326
8,97,0.03180786247879787,0.009005932837806943
8,98,-0.0019845291928506227,-0.004662925865244423
8,99,0.018372449903843478,0.00418814282403922
8,100,-0.002364579947042149,-0.004675434372881228
8,101,-8.882802564277772e-05,-0.0026428178691473843
8,102,0.03646002347439259,0.008988457348407882
8,103,0.019611167186140532,0.0030222658670030792
8,104,0.0026059601694792727,-0.0012214333469162996
8,105,0.015601874642452475,0.004880547109931728
8,106,0.007319518805374699,0.0017280577179002263
8,107,0.02158343846103931,0.0072056719417486455
8,108,0.015217477044173583,5.308241651475493e-05
8,109,0.00176761439159013,0.004848083743683359
8,110,0.01852469950738266,0.003382797996211757
8,111,0.0024734765723533596,-0.003208917510101941
8,112,-0.009584402706048054,-0.00656354212737956
8,113,0.000759613209965586,0.0007587236522144283
8,114,0.009624460898749923,0.0012248716869498154
8,115,0.01024445566015233,0.002524971252749722
8,116,-0.0001636144720306887,-0.0035582624702490914
8,117,-0.011046097752373928,-0.006920669075577793
8,118,-0.01921120198486862,-0.009597349303754112
8,119,0.015607815866239995,0.0032083421735402736
8,120,-0.0064592223906846675,-0.0029204592820223758
8,121,0.021449498140592285,0.009042953627789493
8,122,0.001541803560972682,0.0009334301198310303
8,123,0.017017713902954628,0.003811931051731835
8,124,0.014908358717539403,0.004295292652969457
8,125,0.00852325758374398,0.0020862921094700576
8,126,0.005555948773144692,0.0017508108415012007
8,127,0.009230899713193299,0.0050769132114992935
8,128,0.0011698286970701938,-0.003560885003705256
8,129,0.01079170980498258,0.0008206224925877883
8,130,-0.006051302223400627,-0.005982378084275605
8,131,0.012763982656759989,0.0031178573756194894
8,132,0.01237410225181206,0.003870552431527363
8,133,0.0053759691420302265,0.0001992314206189315
8,134,0.016500670576312604,0.003128929206464064
8,135,0.02133977054026964,0.009929946325946192
8,136,0.0191483824585513,0.004121734695473958
8,137,-0.0027546710500380603,0.0014550755984992362
8,138,0.005080751524156563,0.0013581051040499259
8,139,0.03093345425247051,0.009108904651771834
8,140,0.015107505473602414,0.003473369579840685
8,141,0.01719895379489725,0.004011608006936047
8,142,-0.004125425716472217,-0.006375361836891376
8,143,0.014958869447411793,0.0004411711807879211
8,144,0.006095610699326961,-0.001162557502744269
8,145,0.004293682878749064,0.0028956038089086164
8,146,-0.0016417223446063306,-0.0013551223934423723
8,147,0.013960889166415821,0.0022820309023986445
8,148,0.01918185783848433,0.003417605233393646
8,149,0.010388924644675274,0.002416658783962973
8,150,0.007365602509716884,0.0013697305702431843
8,151,0.028410897235791387,0.010453356679766686
8,152,0.029738595674697946,0.008095393882647621
8,153,0.002316466157312745,0.0016536987414823982
8,154,0.009495170816633394,0.005791444107522276
8,155,0.016213447595147017,0.005331259031997364
8,156,0.029067574922298695,0.008201036477596858
8,157,0.010182042361817955,7.672565547521756e-05
8,158,0.0316218077464214,0.013171301667666077
8,159,0.03492281009443751,0.011496350485773662
8,160,0.008835704702516428,-0.001434856179268086
8,161,-0.014504969124883508,-0.006484206816820422
8,162,0.03141021872882151,0.007276619550476867
8,163,0.019032017200215655,0.006326891319745353
8,164,0.006429352583914423,0.005389387390701056
8,165,0.02917592318546287,0.01051036032564601
8,166,0.012933270972284437,-0.0006854526961698105
8,167,-0.009566965812562509,-0.008205056844246989
8,168,0.005065457599888818,-0.001292738900975917
8,169,0.00721673137855358,0.000948465902942552
8,170,-0.0051655279983135564,-0.00041314511663580227
8,171,0.012218708626883502,0.0037562456823898066
8,172,-0.00575465878468422,-0.0039008548202333574
8,173,0.0033791530120517574,-0.0018938427766449313
8,174,0.025757310163172124,0.007121577748687044
8,175,0.014327267831405319,0.0017680811127482672
8,176,0.01611595628209234,0.0023239207880028207
8,177,0.013403734116917221,0.0027009627003185513
8,178,-0.0026907881747180204,-0.0017980773838373067
8,179,-0.0055809655025363305,-0.0033607518476004537
8,180,0.011145088137535623,0.0017680535794839143
8,181,0.007748182428204822,-0.0008095029369305416
8,182,-0.012307986598506977,-0.006913893971260064
8,183,0.00013175631710080266,-0.0018911136635963311
8,184,-0.00810432886378522,-0.002743880341116163
8,185,0.008116879743346144,0.0034418029960331057
8,186,0.016128379083235733,0.005977350104739882
8,187,0.012579524567466633,0.00919476646122351
8,188,0.02070680659859761,0.007559182543351525
8,189,0.007692289715658181,0.002810365816766648
8,190,0.006126234852609309,-0.0012382787150280496
8,191,0.00022848070091366354,-0.0025196210627134517
8,192,-0.00842917574985602,-0.007421499499488942
8,193,0.006044103455557704,-0.0006369200356891509
8,194,0.016379110572936544,0.0014911839702197163
8,195,0.03325034569869467,0.006496196291480318
8,196,0.018651774456197173,0.004678770687861739
8,197,0.007633632837702647,0.0026569456921788004
8,198,-0.004623377530916405,-0.0017258275651773499
8,199,0.03177635611132632,0.01009620523421187
8,200,0.0013566264200491744,-0.0008674697026008959
8,201,0.046586203000346625,0.014631246342128456
8,202,0.01764373750968667,0.003579190051897245
8,203,0.012598996923977148,0.0013540105653475096
8,204,-0.0060279723739052726,-0.005737192487836196
8,205,-0.0031612706149209465,-0.0008952911830188406
8,206,0.012635329151572979,0.00019956046419763033
8,207,0.00438713131812959,-0.0015946570344972742
8,208,0.003927009642447565,-0.0009419251527821822
8,209,-0.010303802475099946,-0.007216889584299559
8,210,-0.008836428464423568,-0.0073733853355642184
8,211,0.016601992437964536,0.006071372954876391
8,212,0.01651318834353458,0.0032092924519597416
8,213,0.020969655447238156,0.006107532661295627
8,214,0.012329008231749188,0.00012886902202218357
8,215,0.028834720272239812,0.007014135537628257
8,216,0.00906929556915172,-0.00025036102033837047
8,217,0.006514419780489101,0.0016527895197311533
8,218,0.01793060449968675,0.004812053126915714
8,219,0.012609337514740802,0.0008279129018646026
8,220,0.007349113852838421,0.005638559056286027
8,221,0.025582201366091836,0.0052303191051307285
8,222,-0.006190381700666355,-0.0014314092052429438
8,223,0.011806643209808175,0.003652380062212345
8,224,0.015253502289171172,0.0021155033902367465
8,225,0.04782292459051459,0.016389153443615755
8,226,-0.002397940933504245,-0.0028327004721857255
8,227,0.013178242548042637,0.002098435034576666
8,228,0.0004199473908596438,-0.0002975157355834298
8,229,-0.005100916488278545,-0.005208443367736928
8,230,0.019898799140441226,0.006400406523026363
8,231,0.008912259060636056,0.0004523859055665387
8,232,0.004807374103842169,0.0012510046106468482
8,233,-0.00036007272868655615,-0.003348540637048333
8,234,0.01079865627177054,0.001884358486915143
8,235,-0.0025710099111611374,-0.004573210878701198
8,236,0.007618249313739674,0.0008435514498609702
8,237,0.014498580230127532,0.003026288632203918
8,238,0.011772777253884249,-0.0007494899836650667
8,239,-0.006432774331787145,-0.0004074570151594425
8,240,0.02388307554008519,0.005447995143407208
8,241,-0.00280682279792875,-0.0008455594517640055
8,242,0.0012566325551724568,-0.0041887246955947645
8,243,-0.003291159196044334,-0.0023528393725508203
8,244,0.01568692155236341,0.004112194046300871
8,245,0.009463575029661603,0.0002489438553842783
8,246,0.010810729657641864,0.00042911733145295337
8,247,0.017932426968113674,0.00687359014604167
8,248,0.02450774547915639,0.00703323592840974
8,249,0.012238546572072951,0.004387903677088506
8,250,0.00482219373240683,-0.002674002130027846
8,251,0.033794476904913384,0.009775902898738325
8,252,0.010072663513531753,0.0014985809332026005
8,253,0.030785325597025487,0.00830003261532734
8,254,-0.0013937610000905238,-0.004242370910768346
8,255,0.002028958071426313,-0.0003347748275189592
8,256,0.027132698341325173,0.005538957514824068
8,257,0.03033235082900834,0.009448173019009886
8,258,0.022653876788071802,0.007072064892721738
8,259,-0.0006756645240411633,0.0015420937671065237
8,260,0.000712493074881575,0.001248980956393849
8,261,0.012452156554784684,0.0006863960956574312
8,262,0.02091999324196762,0.006072369833161929
8,263,0.01804694067629945,0.0018385280184545615
8,264,0.006125893210636517,-0.0003076733572672632
8,265,0.007335636723998691,-0.0007602161574149233
8,266,0.017962227681381695,0.003334907607393288
8,267,0.020993018349470694,0.0037932804839885606
8,268,0.01027188051054393,0.0022410304812939116
8,269,0.0031452987496160966,-3.731625610395769e-05
8,270,0.004144807534681219,-0.0008514029981465378
8,271,-0.00012420383281886224,-0.00015624373000894254
8,272,0.011612462052128448,-3.6113966891001005e-05
8,273,-0.0013690310026213265,0.002034930311416559
8,274,-0.008472157232710569,-0.0029582293021227016
8,275,0.018172785504367923,0.0025611560509491435
8,276,-0.008048401900848897,-0.0028654265285333468
8,277,0.018764138944582297,0.00329595148157341
8,278,0.016998705781951808,0.0033665123468037
8,279,0.01490233141242376,0.005985416296640165
8,280,0.025058200947109803,0.006502590290519219
8,281,-0.0009336165124433489,-0.003381016870199623
8,282,0.008684807852639777,0.002337526887192949
8,283,-0.0062375354483944585,-0.00709155547481157
8,284,0.0034250970334396727,-0.0008319905866527479
8,285,0.01613794488281156,0.005544402507843083
8,286,0.02809117583221328,0.006918150528369756
8,287,0.01041543978336622,0.00220781191725288
8,288,0.008704451262862888,0.002944657951497822
8,289,0.012252593133356006,0.002395011116021503
8,290,0.010285584694601996,0.0014717075935354342
8,291,0.014917298705839292,0.0049648463219343145
8,292,-0.0003599969619528518,-0.006856791498729171
8,293,0.023126904436952134,0.00583871573198987
8,294,0.008404995474017218,-0.0004809392806640056
8,295,-0.0028048757652989983,-0.0034674329858629762
8,296,0.006928028060674069,-0.0012412142981306194
8,297,0.017266395064080425,0.005953260593899157
8,298,-0.006128444586050693,-0.007484842211340039
8,299,0.02696188016700178,0.008846998230283057
8,300,0.005012743746606038,0.001901694403957787
8,301,-0.017781092534408353,-0.008130704485615543
8,302,0.023824203738620955,0.006056811394576415
8,303,0.0018043191016699758,-0.002608996738446401
8,304,0.008375966692965827,0.0003140350038091393
8,305,0.03391750413857963,0.011070057966786862
8,306,0.015479553975085089,0.0009109675681615163
8,307,0.0004690047143797103,-0.0015445925264826875
8,308,0.001081691052111066,0.001367907671619246
8,309,0.010061065275088406,0.0026447713661220977
8,310,0.016837490649995207,0.004720137056269545
8,311,0.013162862746045135,0.0011206055843507692
8,312,0.0006319600300192284,-0.0031646396883805625
8,313,0.008845856463494223,-0.00012446067420184126
8,314,0.02755842465152738,0.009743647447099456
8,315,-0.004486538550486255,-0.003958286783865731
8,316,0.02044640600022226,0.004631657860697706
8,317,0.003043700850980652,0.00014059724414974402
8,318,-0.00016631573349644508,-0.004546340589855973
8,319,0.001110105554370093,-0.0013967523084580731
8,320,-0.0059574580094789,-0.0031346713278771077
8,321,-0.00100565174323932,-0.0026839736853564054
8,322,0.024929480413204464,0.006264301982729388
8,323,0.00367550438917363,-6.973388526214198e-05
8,324,0.01029155676261176,-0.0010221977582068323
8,325,0.015089749274669264,0.002102472439287946
8,326,0.00297825596676853,0.0014179925009339045
8,327,0.011624829316342143,0.0035362611601697353
8,328,0.01586562316411883,0.0064385913209143815
8,329,-0.006567630210157604,-0.0036233945686054347
8,330,0.004896041871973785,-0.00013074860878214766
8,331,0.007720454038214494,-0.0008692110630619182
8,332,-0.00348289778304375,-0.0017372738630605058
8,333,0.004757409840548505,-0.0010736277038841937
8,334,0.005276681323467081,0.000485163028951893
8,335,0.029547493020794208,0.01177896369069497
8,336,0.03629213484070481,0.009562515301255733
8,337,-0.011850331416763676,-0.005365256299289238
8,338,-0.004391243707618028,-0.005062743532353266
8,339,0.009021485630556755,0.0018500460015814786
8,340,0.0056846725481528495,0.00045804023344188713
8,341,0.003856207334884754,0.0029250083207942455
8,342,0.013191184189365142,0.0012827143985863264
8,343,0.02401001702956275,0.007457180653034556
8,344,0.017853196227885084,0.006135715741236273
8,345,-0.020507535334249906,-0.006894612219990247
8,346,0.021908914838420966,0.004441002539418061
8,347,0.006669203814469029,-0.00044897710710163364
8,348,-0.008750286267718815,-0.0063569659583615915
8,349,-0.014598902349483573,-0.007945045159009036
8,350,-0.0033550214399533174,-0.0036992493871091233
8,351,0.012756779983818576,0.0054900939311400615
8,352,0.01961701051378255,0.004201852938637158
8,353,0.011676739053783868,0.0007155053890540705
8,354,-0.0041849080738380826,-0.005694981366192305
8,355,0.004791891164889468,0.0029791341265346764
8,356,-0.009165165357619747,-0.0047415667806868095
8,357,0.03332255160931113,0.01061334745331042
8,358,0.010340714323496524,-0.000988030402683294
8,359,0.002106173539795059,-0.0006044115992982801
8,360,0.0025446339391394426,-0.0022197850773835195
8,361,0.011936663101922085,-0.00036963192791134584
8,362,-0.00010514632527803527,-0.0037579723985365944
8,363,0.010615229547522548,0.0017391337589378665
8,364,0.00991815966102706,0.0019301382282644495
8,365,-0.006543199084012265,-0.006404190051589076
8,366,0.02201221459314019,0.008461646714661146
8,367,0.0028010974665813528,-0.0015587708346971932
8,368,-0.004532353643177884,-0.0024246928817953845
8,369,0.003847264619856511,-0.002219868337384229
8,370,-0.0055619509404138765,-0.005453698415815184
8,371,0.021887020246874035,0.004739624278258309
8,372,0.010954686977213711,0.002677723465161266
8,373,0.0007344291568177083,-0.0005192886270674935
8,374,0.017318955137748178,0.003221518508139899
8,375,0.009791396290614169,0.0003881995863145129
8,376,0.011631314639825792,0.0026392393158665814
8,377,0.018500153772924695,0.005760773555751512
8,378,0.01591002988584886,0.0026054052617003843
8,379,0.015921554206662265,0.003961917933297241
8,380,0.013242896600004994,0.003543923323606718
8,381,-0.007353658845888697,-0.006076601448952718
8,382,0.0020650965178221244,1.351129890370166e-05
8,383,0.017481255841411004,0.000526967785220258
8,384,0.01647564547580577,0.006135622912555747
8,385,0.00865605994555409,-0.0015752413290152365
8,386,0.02092402815078588,0.006285838781850087
8,387,0.006300220271228666,0.0011747762913711097
8,388,0.00753607005330454,-0.0018157182040972413
8,389,0.0065685219474829835,0.0033716682792162226
8,390,-0.0026695972478255853,-0.0020961065370494365
8,391,-0.01052389307224024,-0.0052692203428368065
8,392,0.020585687314183455,0.003873866931158003
8,393,-0.008886965397308013,-0.005389747543933858
8,394,0.007524257975922163,0.005326757616586232
8,395,0.013539133850068427,0.006296394996046699
8,396,0.001654585167693413,-0.0015295832378684365
8,397,0.02190490959381606,0.00604139757347704
8,398,0.005390705612118185,-0.0009363767989324937
8,399,0.004323469524190055,-0.0015005518839964495
8,400,-0.013766464389918224,-0.009976751942738922
8,401,0.021513622440682927,0.003980163840679276
8,402,0.011614301055548767,0.003603495830081429
8,403,0.0014742058484995132,-0.0009619626549696435
8,404,0.016261254193468456,0.004295063853123139
8,405,-0.004251225319743875,-0.0035538844334831636
8,406,0.01108899706033638,0.001278327617081794
8,407,0.022959520087227937,0.005025734948850085
8,408,0.0479431771533209,0.013571868006248062
8,409,0.02290367382212291,0.004073521930163683
8,410,-0.009448933367922746,-0.004428041133241691
8,411,-0.008479302638365474,-0.0029024796046723676
8,412,0.01362627723608188,0.0037531140895449393
8,413,-0.01552409376185506,-0.005159685911820136
8,414,0.0070593637749798745,0.0009354824119148733
8,415,0.0018501244514730615,-0.001736497976238514
8,416,0.009669811789885886,2.089828689780273e-05
8,417,0.013320469875196137,0.0016105257672816959
8,418,0.008573897348718138,0.002380167700337943
8,419,0.02259752485971988,0.005528169143188798
8,420,-0.0011053679636174592,-0.003261815863271141
8,421,0.01794413039305153,0.003779488282234615
8,422,0.012493927031471622,0.006920829069741283
8,423,0.016396996715881535,0.007050800421104308
8,424,0.010663164756938879,0.0019470251478707788
8,425,-0.006410865609986428,-0.004760325993063453
8,426,0.009774610117078749,0.0003355098347762298
8,427,0.004879211600135298,0.00033092704660750357
8,428,0.004881401261042743,-0.000561533653381194
8,429,0.02153246372366403,0.004318344249532831
8,430,0.018741867236314415,0.007637130153344509
8,431,0.032891867009801706,0.00930215004862597
8,432,0.010009978824382182,0.0021182015550503816
8,433,0.002806175194873627,-0.0005339991917658276
8,434,0.016813305044853753,0.0043265714752752085
8,435,0.019996830091506778,0.005883474035695349
8,436,0.006573692818753962,-0.001038483613047065
8,437,0.024129240812808386,0.007211059531268767
8,438,0.02142363344334419,0.005426697226821349
8,439,0.009837442275281442,-5.308976170799208e-06
8,440,-0.009279940722174744,-0.004628908602979244
8,441,0.006774441123735604,-0.0021063679424476313
8,442,0.031873129310316294,0.009154466081448431
8,443,0.01856945554825114,0.004330894508241602
8,444,0.022657555115208852,0.0025652445754877798
8,445,0.005077140240061319,-0.0016620247170178366
8,446,0.011745757585230315,0.0012350562717156754
8,447,0.0013787321511471776,-0.0019978131856469477
8,448,0.006771056980718081,-0.0024546992533791877
8,449,-0.01314854619844987,-0.005678206746509651
8,450,0.0021946514568977225,0.0002729306998469756
8,451,0.022920014415459065,0.00685340133155807
8,452,0.01348779932094269,0.002988788731076143
8,453,0.012430003760531038,0.005018571403890774
8,454,0.01719976861020753,0.0018485236813758838
8,455,0.022195440528045618,0.007552256542749642
8,456,0.006613361466061507,0.0034961133674265635
8,457,0.01748790121125004,0.0038247505743794555
8,458,-0.0179807054200388,-0.009636564395574216
8,459,0.01052749372317725,-0.00034828791246473996
8,460,0.006421330481696341,0.00492067214922218
8,461,0.0022658513117899794,-0.0018880833493019394
8,462,0.005528053466705274,-0.0027842638060827487
8,463,0.01471928813067329,0.0033917813160104214
8,464,0.00638936577555792,-0.0012197101464172327
8,465,0.009845079267499852,0.0015208443047079264
8,466,-0.00022513676158910007,7.01194688455862e-05
8,467,0.008703562613539523,0.0037726405942881984
8,468,-0.002163030927935164,-0.0025833866905150497
8,469,0.004731624035014389,-0.001824732322922763
8,470,0.015166944022301745,-0.000440527021677322
8,471,0.0008880226554754918,0.0006115603296076962
8,472,-0.004452272405279756,-0.0015423350242676985
8,473,-0.008898489509149234,-0.005222410651751456
8,474,0.013933855653955926,0.002484046819342878
8,475,-0.0002224720936968384,-0.000439762568973515
8,476,0.005113137138763834,-0.0037108890219041775
8,477,-0.001053245107482023,0.002857928970482506
8,478,0.00811898955549512,0.0016301787371485348
8,479,0.03204334644692656,0.007981400570096477
8,480,0.006842004913226205,-0.0016937609177632986
8,481,0.020306589333659673,0.0068095262932028975
8,482,0.026751919655354287,0.0075471656286719875
8,483,0.020136949326064125,0.005035280244464238
8,484,-0.012046664019685141,-0.007113825676476855
8,485,0.0037806413908976167,0.0003854045283930741
8,486,-0.0048850801762331,-0.0007852913402237025
8,487,0.010164854465007409,0.0008602146008516608
8,488,-0.010221514559328817,-0.0033434700601700064
8,489,0.025106213596432368,0.004636027571188871
8,490,0.044449690195080244,0.014697827396435988
8,491,0.039047734571425775,0.013437538847539022
8,492,0.01518619814150554,0.005070558385242621
8,493,0.025268589114264602,0.006382387779677482
8,494,-0.0035303079794562777,-0.0039965758625805274
8,495,0.011989186633538476,-3.755965993359321e-05
8,496,0.017983593652972713,0.006467230164833685
8,497,-0.006637422547367242,-0.006007354316590288
8,498,0.012120471231489995,0.0019524188348982354
8,499,0.020818950064307524,0.005081356457373182
8,500,0.011190921589575216,-0.00014126253528944077
8,501,0.019582102980251818,0.005674154057448372
8,502,-0.006461350459159228,-0.0058282266986463965
8,503,0.009426360512384331,0.0020046178430650013
8,504,0.03080607599352702,0.008935173034071004
8,505,0.022043195930533447,0.0045938346430665
8,506,0.031006349374127946,0.010563730871387242
8,507,0.010817679615205973,0.0023681149460708186
8,508,0.018436092659017536,0.0030951486151204926
8,509,0.010484836499813304,-0.0006017620761035078
8,510,-0.007989887069575279,-0.004368366598418103
8,511,-0.004875804229508019,-0.0021808741010689962
8,512,0.020545401439483666,0.00360853600136066
8,513,-0.016449398111383896,-0.006670140114720311
8,514,0.011675275351687223,0.005223265267797112
8,515,0.012165014061047204,0.0018161815458566201
8,516,-0.0036598165496377105,-0.0030157279331961685
8,517,-0.0002718012078726271,-0.0019535779263784776
8,518,0.00457566443823469,-0.00031996734947811013
8,519,-0.0003398405236800969,-0.0017678879577128718
8,520,0.019154351899840914,0.003178034374925532
8,521,0.031617379461497515,0.008318738676272605
8,522,0.005363480995270294,-0.0002932886623276447
8,523,0.016956511229459556,0.002856390768848122
8,524,-0.012565805366999973,-0.005166614254927574
8,525,0.02086231420475231,0.004780942229552509
8,526,0.007440121788712805,-0.0014086307330655704
8,527,0.015857348441892054,0.002259379154228119
8,528,-0.0011579975140391151,-0.0007480414148113767
8,529,0.0166252973480623,0.003761827781943354
8,530,0.004026262136559463,-0.0003993756240532184
8,531,0.030603098920137427,0.00956566164523507
8,532,0.009381056608101436,0.0011309423450777303
8,533,0.00748785444465846,-0.0006013195522441396
8,534,0.007599812063932343,0.0006073576841994912
8,535,0.006211611369823825,-0.0008533768354926077
8,536,0.006684231172530052,0.0012062554405195425
8,537,0.009371353627406967,-0.0010623943640505902
8,538,0.033093183470254764,0.007584452473865128
8,539,0.00699129718433362,-0.0003908760360798712
8,540,0.028277053854409734,0.00705081184682483
8,541,0.022446735309119767,0.0030537322957671625
8,542,0.006535779844343722,-5.131834727543736e-05
8,543,0.02675945181824859,0.005309616615358216
8,544,-0.0004920879425734226,-0.003909273924065584
8,545,-0.007048164971586659,-0.003084171487194762
8,546,0.0057405008618923005,0.0035586495487588184
8,547,0.030693548641755417,0.007611618270162599
8,548,0.007870530037252332,0.0015264797625690702
8,549,-0.004228231410570687,-0.0064366160553108115
8,550,0.021093411402642922,0.004089802309938538
8,551,-0.0016365273443534319,-0.004964872099876464
8,552,0.027279131602784067,0.004174734729474139
8,553,0.0012113359479176576,0.0006248899288862752
8,554,0.00788756646839794,0.001855524369780254
8,555,0.003741143160993483,-0.004362251605279151
8,556,0.0033051491402946854,-0.0013794083035271383
8,557,0.005443735994419152,-0.0006347086694606956
8,558,0.010547225670294466,0.005682182261157161
8,559,-0.011155684872329538,-0.0061104309607060555
8,560,0.015330433127436255,0.005499570022232072
8,561,0.0012753469729291926,-0.004843313834840195
8,562,0.0236966245714766,0.004657258081822132
8,563,0.004029038584267725,0.0003867826126443154
8,564,-0.0016957060895552052,-0.002337821164469936
8,565,0.018270623266217256,0.006454118961539387
8,566,-0.0010486767525495113,-0.0032966832114269
8,567,0.007004497365047167,-0.0019179249328518523
8,568,-0.0037802024835414598,-0.0019423325939059198
8,569,0.015089133179863825,0.0046259026653015095
8,570,0.02586986619613613,0.007935972526217446
8,571,0.006622552136326382,-0.00022104637253203698
8,572,0.020420312290039343,0.007513341027699275
8,573,0.016691089383859995,0.0034910506613405464
8,574,0.019434394121093795,0.001985909461994189
8,575,0.006763412961587904,-0.0017019792919082779
8,576,0.004541246851850485,-0.0026359161921740985
8,577,0.017931848290092027,0.00463021554327092
8,578,-0.0013406495785398605,-0.0017608805310194058
8,579,0.025436706721981416,0.0054851329420123746
8,580,0.014649649834011293,0.0007967012206326333
8,581,0.0059290799869915175,-0.002234206990287136
8,582,-0.005389992075682239,-0.00551491933514406
8,583,0.00877460840493168,0.001737022562398949
8,584,0.028656083565809648,0.007963080646533973
8,585,0.03741068655332303,0.012617871043299478
8,586,0.025300330384047488,0.007519240790410037
8,587,0.0030366797694376907,0.0012280309372284385
8,588,0.024870370568887232,0.009029034951558443
8,589,0.00746241267388762,0.001165550688733649
8,590,0.008370139503702276,0.0002754576572488337
8,591,-0.001766311529559408,-0.00017302413072682927
8,592,0.01831645088787508,0.001980655051955972
8,593,0.006095777360378735,0.0001319594900380671
8,594,0.015679574318508915,0.005383057365485756
8,595,0.030952116039560527,0.013605074088506683
8,596,0.0046522414770480405,-0.001936760325674333
8,597,0.02839877045929049,0.007571209986676399
8,598,0.0056187563953615,-0.000942116852903151
8,599,-0.009864619833250788,-0.002970071814669365
8,600,0.010486629603183362,0.0008048046174613787
8,601,0.0041478136294171054,0.0004838719141104434
8,602,0.01662628416406283,0.000562386776169967
8,603,0.01909328093004595,0.004644829991244065
8,604,-0.014312102980146572,-0.008904824831896379
8,605,0.007051914415598171,0.003917467455535159
8,606,0.017429342296924524,0.005345930175800808
8,607,-0.0035020137682340623,-0.0009886763706716437
8,608,-0.00047788441532421695,0.0019089753835270307
8,609,0.009903526930186545,0.0041671958234590105
8,610,0.03460149000131878,0.009290418160943652
8,611,0.0035286295901178462,-0.0008486058641104906
8,612,0.010384527817774896,0.0015926395923294117
8,613,0.034485832132763294,0.010539405680394942
8,614,0.02059500606239286,0.005197364561012225
8,615,-0.016134771841916657,-0.0070778555966932956
8,616,0.007282157765936613,0.0004258872799290152
8,617,0.026127807138365322,0.006334987745129989
8,618,-0.010011348567409376,-0.00317616122447703
8,619,0.01622187805018091,0.007424778943343541
8,620,0.016023830330262993,0.0035995039023613467
8,621,-0.008004513027209954,-0.003562620148718388
8,622,0.011235555308408257,0.005659603734790537
8,623,0.010380230203126983,0.0010137726869489628
8,624,0.007923177102059559,0.002302276663769151
8,625,0.021370257592822205,0.004708563229492838
8,626,-0.00248003953302897,-0.0007011924082724689
8,627,0.003975178292552741,-0.0013441095852147708
8,628,0.003915756389667693,-0.002062592655549921
8,629,0.015739320025628663,0.0033262157055420826
8,630,-0.005242496148502006,-0.002433477984575124
8,631,0.001432122767005914,-0.004975672925015837
8,632,0.020409573122127406,0.004229147957401697
8,633,0.006859136426329153,-0.001975408715202494
8,634,0.002949208725028872,-0.0012124713582570533
8,635,0.024773042111213023,0.007536479558588867
8,636,-0.004352684370023134,-0.0012710121757286965
8,637,0.03285787825618684,0.009099183390987883
8,638,0.005545603355624083,0.002082672738305309
8,639,0.012269303496128035,0.0037374325528901748
8,640,0.025387156012622068,0.006167548273696109
8,641,-0.0127644300909974,-0.004354016020241441
8,642,0.014477140364417189,0.00469902507454333
8,643,0.0068007915465206955,0.002970727360237738
8,644,0.01798494665298912,0.003269223061456366
8,645,0.007088496761311036,0.0015433590759149464
8,646,0.02338133962914861,0.005322407698425332
8,647,-0.007310594039993704,-0.0022136940925519084
8,648,0.017483246571583167,0.0048201230203176425
8,649,0.004229509149346217,-0.0013898877045472545
8,650,0.025318702399651033,0.009138023487638824
8,651,0.0033935051911429337,0.0028804030786978487
8,652,-0.004722459267280687,0.0008544469409157945
8,653,0.0013310853312083078,-0.0029219672230703124
8,654,0.02495097810778283,0.007973488536125074
8,655,0.001686683767408377,-0.0018768499545782499
8,656,0.02061877143486036,0.0039148060514968865
8,657,0.0011705196533010175,-0.0014377936659858927
8,658,-0.0003114881740251701,-0.0030612651813003984
8,659,-0.004738220699077535,-0.0061137046791507
8,660,0.01446429990241352,0.004279989003939578
8,661,0.02169502747321724,0.008037170424291501
8,662,0.018749585346613393,0.0038520442171284916
8,663,-0.015968621171012543,-0.006797159989847605
8,664,0.01466695884456664,0.007943164597389585
8,665,0.001697330080065126,-0.002285446230878963
8,666,-0.00458905612860208,-0.0055118086193117356
8,667,0.014993467140978779,0.0013937119058138
8,668,0.0024776258304245098,-0.001506057990555557
8,669,-0.00636707661722801,-0.004587323448569207
8,670,0.007063764342702083,0.0006381928300689727
8,671,0.00920956428827236,0.002911650610731888
8,672,0.008339445570850302,0.00020760084594610608
8,673,0.03057445705762656,0.007889852214417174
8,674,-0.0006559511109888729,0.001702546242084769
8,675,0.0015022013563850763,-0.002043124861477054
8,676,-0.0030112125409945288,-0.005713860198738847
8,677,0.036682118979087845,0.010052440211035855
8,678,0.00626472666213371,-0.0019787972998711895
8,679,0.0061340328168123185,-0.0008169924915811727
8,680,0.012600073928334283,0.003037576802409117
8,681,-0.0033714784326341865,-0.006889468453524927
8,682,-0.025511646252580164,-0.008774982243909683
8,683,0.02050550358937925,0.004366667413606921
8,684,-0.00010171655474521321,0.00016038405120971435
8,685,0.007760376527828762,0.0022533939120433404
8,686,-0.011220243678169001,-0.001460131173987604
8,687,0.022128835239286236,0.0048975586304465845
8,688,-0.0186822119053628,-0.0049804824299729015
8,689,0.008175352986493268,-0.001305303228795131
8,690,0.003066251594778232,-0.002068209544594626
8,691,0.026063871845973235,0.007171917914640092
8,692,0.010515129737778827,0.001848993654049672
8,693,0.0057206212159709915,-0.0033235337163037577
8,694,0.015446664166559118,0.008872921973859119
8,695,0.004827558601742107,-0.00036228616121872676
8,696,0.010954771760502573,0.003777805447015979
8,697,0.021604359171477447,0.005553301169976162
8,698,0.0012752200573827445,-0.002403353799869062
8,699,0.00277767278941443,-0.002529091796879288
8,700,0.018496866616223108,0.003222715685985406
8,701,0.016036041863941822,0.0017951469466322045
8,702,0.01194197810507326,5.46383915645005e-05
8,703,0.019343557653588254,0.004050664458054986
8,704,0.016820595475782286,0.0029148481184778775
8,705,0.021204983822119404,0.006715397718259089
8,706,-8.696838914240879e-05,-0.0018811592831644306
8,707,0.0037032355078918597,0.0012680685108953122
8,708,0.0029402437957668183,6.50571087273215e-05
8,709,-0.002148609049428568,0.001747686641225097
8,710,-0.007158484192861485,-0.004199747257950422
8,711,0.012335061453420918,0.0009290069057737644
8,712,-0.012873876978823825,-0.005938549550227226
8,713,-0.013070250405127657,-0.005974328020554589
8,714,0.01867962967832728,0.004007953131816036
8,715,0.008309081013860525,0.0019393348965283292
8,716,0.008220987113042193,6.617375976607756e-05
8,717,-0.004987784125279188,-0.0063761554690051955
8,718,-0.015707390149509767,-0.0043415101465305314
8,719,0.02703062151963814,0.007982475455121355
8,720,0.013920017425438995,0.007537323209257999
8,721,0.017816533933788074,0.005020058896256891
8,722,0.030459465967392834,0.007702038241863302
8,723,0.020734976417199305,0.003996758844690298
8,724,-0.008349685174354301,-0.005972822571094258
8,725,0.007375861894049614,-0.0019175801219332143
8,726,-0.00555107430662972,-0.005504839238978473
8,727,0.021700213731525426,0.005165063028321346
8,728,0.029635071261763804,0.006952865650502501
8,729,0.02644619883911193,0.007445353421892248
8,730,-0.012948863503486533,-0.005950918783765271
8,731,0.02042963563198095,0.006692460590871634
8,732,-0.01951033664110592,-0.009126063843823131
8,733,0.0027063191302018424,0.0001929846152477186
8,734,0.016411581083924313,0.007811739673509198
8,735,-0.01283922671524166,-0.004542676108351582
8,736,0.011576876117771261,0.0016140087949470137
8,737,0.00791676274056884,0.0014316545228163526
8,738,0.033289290964874346,0.0077501075618184295
8,739,0.0014350336473405389,0.004569858842447186
8,740,0.0011262165462668243,0.0005297660957282319
8,741,0.02651507626538197,0.007386526784179988
8,742,-0.007824143737911399,-0.006495553847812498
8,743,-0.008315656932139065,-0.007000645331693759
8,744,-0.0027339476883365657,-0.00359505730717659
8,745,0.03132822318136943,0.01142840489864077
8,746,0.01733467061402327,0.005344286583076459
8,747,0.028141431558303988,0.00946368694957563
8,748,0.016828241043959576,0.003538998738412074
8,749,0.015055982424610896,0.004078171491359957
8,750,0.012570050430474645,0.002762303261065873
8,751,0.0006635348715935461,4.031894483032304e-05
8,752,-0.0017077976705722562,-0.0001632542622035134
8,753,0.00404167040702816,-0.0020755257734999663
8,754,0.019303874378530976,0.005684480748485858
8,755,0.004145688434676037,-0.0021138657078719116
8,756,0.014732096295890876,0.001103088710716531
8,757,0.007460586927537977,-0.00011225411430650358
8,758,0.0011212727557448705,-0.0032419685648611488
8,759,0.003353546932060177,-0.0005052700894253296
8,760,0.021074752865657412,0.009510730364164213
8,761,0.01385927917124465,0.0015952826755765996
8,762,-0.0021974830821058604,-0.0036499379345473148
8,763,0.008032035974619786,0.0016764840781749771
8,764,0.007895077911685828,-0.0010759611185385941
8,765,0.008157974557412136,0.0024501486498535855
8,766,0.008106759788795055,-0.001255124929779119
8,767,0.004360893334875352,-0.001171993531241499
8,768,0.007773526250397461,-6.00171475292519e-05
8,769,0.015742529458276908,0.004493042944453168
8,770,0.0121437934064437,0.0023533869573353857
8,771,-0.019675508353180313,-0.007409424208728769
8,772,0.026028596535061052,0.00584569954151746
8,773,0.008737442908303483,0.0036122717652805583
8,774,0.0029094387389110464,-0.001248805447258182
8,775,0.007847243238003933,0.0011059199176702435
8,776,0.03250273607232388,0.007903800848728021
8,777,0.023739426929087423,0.0070026805014260255
8,778,0.002864532497212442,-0.0011491434162813183
8,779,0.019837330939157828,0.005810998731704236
8,780,0.009570425682834232,0.000812756479623589
8,781,0.019122731618736507,0.0037894278632676203
8,782,0.023323351497068573,0.006062894299723693
8,783,0.019921740808637102,0.006186481023908937
8,784,0.018731113533547207,0.004839214921868012
8,785,-0.0018354621490309,-0.00455639050764402
8,786,0.001986512479525373,-0.004006883942574992
8,787,0.004519485008506739,-0.0012310817865846613
8,788,0.025227489981016052,0.005352138908856773
8,789,0.0026412167673543455,0.0016514950546291656
8,790,0.0019296974950275903,0.0023260300054045537
8,791,0.017661503865118656,0.0023958308943733404
8,792,0.013078092453456178,-1.1146520553637731e-05
8,793,0.0025465166478913213,0.0004870342916334816
8,794,0.013959943108257995,0.0009424299416736562
8,795,0.01374368610477525,0.003207329918128787
8,796,0.0015142718026644254,-0.0014409215522351092
8,797,-0.004810827888850851,-0.004585682874572986
8,798,-0.007986757453958958,-0.0038303531848770667
8,799,-0.0012833772685354804,-0.0032092654781132137
8,800,0.020785610996753096,0.005955064759945995
8,801,0.010601836147285477,0.0026406983523166237
8,802,-0.004017717093109266,-0.000810361407303077
8,803,-0.004132567425088443,-0.0019049022836084997
8,804,-0.012592207429314136,-0.006902497393155823
8,805,0.01781025095154696,0.00471852207046516
8,806,0.01960906350342352,0.004343832743018627
8,807,0.004093358484935659,0.0004010469081566238
8,808,-0.000490282331784923,-0.0036862926272601625
8,809,-0.005370719878809467,-0.004091809298551878
8,810,0.023838488105064184,0.006464143891583157
8,811,0.030073182813122223,0.007974602490269255
8,812,0.006050957023174243,-0.0013060706844688446
8,813,0.003980628792656527,0.0013309765114754943
8,814,0.03136986183178002,0.006883712610651553
8,815,0.013528244980067,0.003967306400809437
8,816,0.01665694768496851,0.005308680520974049
8,817,0.006101959004138526,0.0007800701281334102
8,818,0.017353856394412604,0.0031859311420463633
8,819,0.011571153904169153,0.0017418323868117413
8,820,0.003732619266623556,0.0016677294828378432
8,821,0.012451136774767162,0.004763043646858682
8,822,0.007247876142867549,-0.0011740669304354733
8,823,0.01259374324286859,0.0034245567490542193
8,824,-0.010082385415336053,-0.007212612161200188
8,825,0.020777880310203917,0.005630925523948196
8,826,0.008054558786727901,-0.0015744670850164387
8,827,-0.004761695600137487,-0.0025091781285584893
8,828,0.03185868433307034,0.012426614631126237
8,829,-0.013050981896453743,-0.006389977484266529
8,830,-0.000908428644597027,-0.0019482532181500744
8,831,0.015035431118953592,0.0016841722429286011
8,832,0.005438887225201755,0.0021323432583788336
8,833,0.009981321101094029,0.0010520169634224965
8,834,0.017091919534796707,0.005929523792095128
8,835,0.004908199262831679,-0.004051357658393049
8,836,0.013418251300471232,0.00289287497431457
8,837,0.006195846753118795,-0.001181454054796881
8,838,0.01980789300793644,0.006185666775306987
8,839,0.02436642250664311,0.005453792629606156
8,840,0.01357669385179593,0.0033856312927939636
8,841,-0.0034934776633136024,-0.004456425551572493
8,842,0.016212414965737956,0.004681969143793559
8,843,0.011638271009721472,0.006413329978540836
8,844,0.01719860802764608,0.003702884282330577
8,845,0.0021956335805002935,-0.0022771591425813195
8,846,0.010485339271460621,0.0037308761242475547
8,847,0.03482337952967536,0.01042784535967546
8,848,3.0433686494786244e-05,-0.0040888729913516495
8,849,-0.012442912987242141,-0.004251182253429682
8,850,0.005323331917316635,-0.0010711162406374561
8,851,0.0015189367472085834,0.00196739571719344
8,852,0.015455831032199045,0.0030467841301122156
8,853,-0.02276662946380356,-0.00897485795881576
8,854,-0.0011849570976996862,-0.0020836551759602687
8,855,0.008352444140280446,-0.0008905401169485197
8,856,0.020123850569261907,0.0019840085319141067
8,857,0.025965090478812052,0.005274493315820768
8,858,0.013689196806411561,0.0029786452302358567
8,859,0.019880384635943747,0.005618766178160663
8,860,0.0032668640210973495,-0.0019790691374886563
8,861,0.025506448872868143,0.005363414056222211
8,862,-0.00046365130174735457,-0.0038110579072269685
8,863,-0.004616950368797782,-0.005805458376277571
8,864,-0.002469499350080892,-0.0043302426065031895
8,865,0.0017808603203501106,-0.0018937801224689068
8,866,0.004763045965681311,0.0004456844383876598
8,867,-0.0025436494751402243,-0.0021967840997374533
8,868,0.009396456651164814,0.004046011308202629
8,869,-0.0027494843646059513,-0.004757951092184116
8,870,-0.006023283722010658,-0.0018879335686037562
8,871,0.017964673162105607,0.00149980208495376
8,872,0.015995542442772764,0.0033446830389939233
8,873,0.026052365372821577,0.008561265557105716
8,874,0.004811229053236213,-0.003065840692329043
8,875,0.025739792740048537,0.006273620664743235
8,876,0.0077961103232276644,0.0025673604054066664
8,877,0.020034852127923723,0.004668244804893925
8,878,0.009924233750375343,0.0003048871444323182
8,879,0.013811942999348448,0.002578389281177009
8,880,-0.0007129369328404806,0.0020290626067005378
8,881,0.023576451673296004,0.007901871609135452
8,882,0.02197218506220163,0.003754907661521819
8,883,0.0021032577036898307,0.0025922549259486524
8,884,0.024796322910497506,0.008608169784578294
8,885,-0.0016707347213242073,-0.002677450035331924
8,886,0.021894275358908602,0.006507400225298442
8,887,0.003219636820012405,0.00035531404019897037
8,888,-0.008624846178141892,-0.0031952578732631046
8,889,0.030921122946696886,0.008668049183516073
8,890,0.004535779392231159,0.001877242474658582
8,891,0.01579092056172389,0.0034930824127990695
8,892,0.008429140588486803,0.0027616046978631743
8,893,-0.001999510512927513,-0.0012073617359137628
8,894,0.027804744322026405,0.00890346491173391
8,895,0.012087452660018263,0.0021765738401563852
8,896,0.04610440357057344,0.01603374114974942
8,897,0.018551332481998105,0.005333288045959887
8,898,0.02091774398322987,0.004981995012439615
8,899,0.0206603341142373,0.0057971440698821085
8,900,0.02687488494399729,0.005623786469061667
8,901,0.007854831060052466,9.267262313280051e-05
8,902,0.009856155139073713,0.004512168177473323
8,903,-0.0016662201925467482,-0.0031418049467074965
8,904,0.011227669592416405,-0.0005029802264373009
8,905,-0.008712627974782047,-0.004204255087413144
8,906,-0.002029680548353282,-0.002824236305454863
8,907,-0.022939273745310504,-0.010564345475639506
8,908,0.0023055051311640564,0.0010048576274759482
8,909,0.022335552931228315,0.005619664591765415
8,910,-0.016346099230329588,-0.004463523302466217
8,911,0.0315525308993424,0.0099445955424753
8,912,-0.001310789005706456,-0.0009041793892983523
8,913,-0.00937846364400405,-0.005902374148051078
8,914,0.0032965088654192064,0.0007707762792012406
8,915,0.005165550547578833,0.0010130746182076425
8,916,-0.009332459411187499,-0.004841387065298085
8,917,0.03396459909130565,0.008063174580637383
8,918,0.008729986300216111,0.0016569577013705707
8,919,0.008388035322024718,0.0003874339295111725
8,920,0.009650190395727147,-0.0005640974064721401
8,921,0.015794380090207498,0.006116442470970873
8,922,-0.011815446673079301,-0.0027950375124863006
8,923,-0.008050837860197713,-0.0030001985020073098
8,924,0.003560439244544728,-0.001985204218062017
8,925,-0.004572864944909721,-0.00043169771461847977
8,926,0.009073434616658134,-0.001022339202749489
8,927,-0.01329463405983122,-0.005353736827661462
8,928,0.009694981545676764,0.00038607376922615154
8,929,0.02263985757969892,0.006155140048808617
8,930,-0.0036770622603473483,0.0015362677881919217
8,931,0.019497872526232665,0.003760208013407693
8,932,-0.022097666667968714,-0.0038370000529675432
8,933,0.016771018472913818,0.001600829541188307
8,934,0.009274517043628742,-0.0013743807634624089
8,935,0.0030685555357656182,-0.0014645332326388575
8,936,-0.009002723460901136,-0.0064100559643226925
8,937,0.004735345412641754,-0.0016232247423761338
8,938,0.012656490308085747,0.0007180932868458636
8,939,0.0028053810339362002,-8.785751461585276e-06
8,940,0.004709272784796015,-3.351220612083645e-05
8,941,0.008867778168050573,-0.0004232836018477157
8,942,-0.007837916486190854,-0.0025032543444489536
8,943,0.0018109926509469391,-0.002777548522548408
8,944,0.017800724938259474,0.004098739232685146
8,945,0.017370001748716758,0.005560201603803272
8,946,0.0352172802324388,0.010274155209429927
8,947,0.005651585370181052,-0.0005042106667303477
8,948,0.014227767739062503,0.0091503242846047
8,949,0.016582916613120443,0.006604930264998
8,950,0.013639370865156859,0.005831030780182965
8,951,0.03432590293155205,0.010838201532199441
8,952,0.001846627203977473,0.0013926734416513963
8,953,-0.026052202669250107,-0.012042214913681194
8,954,0.002082278201983036,8.544215289877109e-05
8,955,0.021038516525021717,0.006453327999155714
8,956,0.015332295094829494,0.003269240799077328
8,957,-0.0068919692201975385,-0.007943432455218077
8,958,0.0034539299927761223,-0.003276964740872679
8,959,-0.00586982798188061,-0.0029879883706428064
8,960,0.01716467218005314,0.004148740185969032
8,961,-0.01006543216949598,-0.004514673798809662
8,962,0.024093450711426902,0.007046687088482386
8,963,0.007364752443473441,0.0003860840685531081
8,964,-0.00781433917786313,-0.0068346178227816174
8,965,-0.0005235945863280296,9.270594936491363e-05
8,966,0.03250247802142532,0.0076580023013578715
8,967,0.005747032563458971,-0.0017051887772415652
8,968,0.03580360937974155,0.009018772891102379
8,969,-0.006964029438373711,-0.006828875516596419
8,970,-0.006447776926687232,-0.0032711675555925014
8,971,0.01770983236080932,0.004681561316674872
8,972,0.002172597350472857,-0.0014849978316371405
8,973,-0.0027956061350822244,-4.2851779808398105e-05
8,974,0.0075222367148230175,0.0019867164981754197
8,975,0.019406821832575416,0.00348737035001842
8,976,0.002730745846074137,-0.00014585431317789137
8,977,0.024157403248714415,0.0060605526251850065
8,978,0.016827405022491748,0.0020355243434547867
8,979,-0.0035140534964480073,-0.002841715503458697
8,980,0.015104209085382025,0.004724835845482006
8,981,0.023043242415648896,0.006941730369298941
8,982,-0.0012534672635040815,-0.0033242851623808767
8,983,0.014364377971510486,0.0005250936080819666
8,984,0.013158788046683757,0.003647054458437608
8,985,-0.01569394961032146,-0.006534110502476529
8,986,0.0077523755317495556,0.004992923238054858
8,987,-0.008789161145259435,-0.005154462731241422
8,988,0.029590211376492814,0.00900871559017339
8,989,0.01637924862887512,0.0018014459815366528
8,990,0.015884097827300686,0.002094386273681311
8,991,0.014219822754688636,0.0005819940670661916
8,992,0.004680171991187026,0.001877266073823247
8,993,0.004694305448875381,0.00021449734100581814
8,994,0.0024664588843560774,-0.001902480167906724
8,995,0.028039151538935703,0.007290193237557634
8,996,0.02180197736661572,0.0035395981234934456
8,997,0.008251237606337246,0.0035762403648759164
8,998,0.0029217648952735635,0.001087468187434818
8,999,0.022701630734522606,0.004207359525007631
8,1000,0.007539066017145445,0.001562587252410947
8,1001,0.008119033843247183,0.0019440859611174683
8,1002,0.012171714714323432,-0.0001993493478275242
8,1003,0.02158175597384813,0.004840265040949887
8,1004,-0.0039457226628176415,-0.00538623514555523
8,1005,-0.0036766511479373637,-0.004567839035391753
8,1006,0.0036174345387590995,-0.0020336093337483792
8,1007,0.0038469475560060718,-0.0012505896757339676
8,1008,0.0055688094964248085,-0.003497600190682701
8,1009,0.0169927445622826,0.002005528096850522
8,1010,0.01640157779556656,0.002815817511429443
8,1011,0.0015067037730329366,-0.00011266072924235552
8,1012,0.007480720145609024,0.00036211740079823755
8,1013,0.015609199827343415,0.006523793313122337
8,1014,0.007202672901740997,-0.00048109333932975037
8,1015,0.013153262444898138,0.0007599860006781038
8,1016,0.02081258041333459,0.0027612975710350892
8,1017,0.006085315596118441,0.0021743722268366536
8,1018,0.0032386812229130138,-0.00025883209918501206
8,1019,0.0232247993968829,0.005382683635170755
8,1020,0.020127167203906875,0.0026442486306575853
8,1021,0.013310348800335218,0.007595527563564979
8,1022,0.007478884847975754,0.0025585897460308838
8,1023,-0.011144749561969645,-0.004151775091446373
8,1024,0.006449383446464132,-0.0008005889950877597
8,1025,0.021981252622740276,0.005282908194591323
8,1026,-0.015506961951143554,-0.006222077540751438
8,1027,-0.010304405590439776,-0.007416717392892386
8,1028,0.020522630401288794,0.0031783256840393756
8,1029,0.008222767384248285,0.0014553913698502658
8,1030,0.01042860663846284,0.0004438191232448578
8,1031,0.014282904238352406,0.004474355527904742
8,1032,0.009551071391591144,0.0028267315950870064
8,1033,0.015882034022322494,0.003214144275753387
8,1034,0.007552406314266691,0.000907169276761766
8,1035,0.019487103020533258,0.0037880161956949897
8,1036,0.007102236850245549,0.0019160349801679581
8,1037,0.017450142612823072,0.0007937836090009936
8,1038,0.01151535711586267,0.0006726358012786376
8,1039,0.012751788779806835,-1.8732872350862827e-05
8,1040,0.031464844302511744,0.0066263894088185605
8,1041,0.006623773799753261,-0.0022724746238133413
8,1042,0.01698402449435593,0.003954855839612123
8,1043,0.014279025227059408,0.003349842387877012
8,1044,0.015931038220895737,0.009084671479779568
8,1045,0.004432654383963178,-0.0019519957980136183
8,1046,-0.0028554807262917833,-0.0028739187511459445
8,1047,0.0014787350317091096,0.00039637047213980864
8,1048,-0.0012648427841878277,-0.0029671182065801396
8,1049,-0.004934974322199259,-0.0016154726476225773
8,1050,0.004628373296573969,0.0017445447016711862
8,1051,0.013203399314905847,0.0010546158622291388
8,1052,0.02334153610872234,0.004997949584313477
8,1053,0.01902895394635558,0.004627871191136229
8,1054,0.005219644979923641,0.00026096978017416957
8,1055,0.0012934812921354668,-0.0021611128054243025
8,1056,0.005536567250768509,-0.0014364113254446511
8,1057,0.009760778440364309,0.0024373778982609935
8,1058,0.0035946515747441944,0.0024337069201671945
8,1059,0.013702803823780814,0.0029127578230377167
8,1060,0.016028382577993872,0.003051335140049459
8,1061,0.023155392184555063,0.00815367945965682
8,1062,-0.0008615575287862487,-0.0013863708950785248
8,1063,0.019598230546935283,0.004912979848686725
8,1064,0.02655164681198144,0.00563271081251181
8,1065,0.026328023238008,0.0056803647725977855
8,1066,0.011031224406296615,0.0014685167037866665
8,1067,0.017913970437963674,0.0055188751505487075
8,1068,0.004801673988568038,0.00469220201926743
8,1069,-0.001189353293082057,0.0008157288543445934
8,1070,-0.0045759732218033245,-0.005625055022562251
8,1071,-0.001201186678456492,-0.003509013817145108
8,1072,-0.0009554868476959585,-0.0018451434102782975
8,1073,0.020546346750964395,0.0024844436564574633
8,1074,0.008722281746840229,0.0007941668405122497
8,1075,0.002419332077232406,-0.0031221915012840783
8,1076,0.014040042149938233,0.0043899953688045015
8,1077,0.016088988613063744,0.003688548326552405
8,1078,0.006935720454098961,0.0009915959262512186
8,1079,0.008880207312933862,0.004041098124297194
8,1080,0.019967924462591952,0.0077319159027010335
8,1081,0.006204510416466985,-0.0025202641569412884
8,1082,0.016611060510023524,0.006277446197178325
8,1083,0.00406839543300361,-0.0001893837673449518
8,1084,-0.015338010289423892,-0.0038379018236556805
8,1085,-0.009705871962059963,-0.004124509677070283
8,1086,-0.0012726464569374262,-0.0029789008284226916
8,1087,0.005173244872705661,-0.0017491852062814085
8,1088,-0.0029233977208643147,-0.0021430263509020155
8,1089,0.02570258343701634,0.007071030970210761
8,1090,0.019787121205754175,0.0035282940676893125
8,1091,0.01904438409755632,0.004947573243926426
8,1092,0.022880457915419365,0.004942835010649494
8,1093,0.0034926841939326835,0.0025063755532898405
8,1094,-0.010144481742879545,-0.0015617352892913353
8,1095,-0.012453704152676118,-0.006099784321928015
8,1096,0.0006528823936882154,-0.0011095255155463976
8,1097,0.010498039839591076,0.004102036386853908
8,1098,0.01892891549074404,0.0028372946414202253
8,1099,0.016988677553407147,0.0030197516905238276
8,1100,-0.01818061167960006,-0.011476381398052156
8,1101,0.03418006449337875,0.013037686404395444
8,1102,0.011786270208219637,0.0003075209580584952
8,1103,0.01772214433525964,0.00430688779578456
8,1104,0.008006819938827472,-0.0015187764999322893
8,1105,0.012012458650808723,0.0037672518482090495
8,1106,0.024405198934679583,0.004058268418607309
8,1107,0.009033000837425463,0.0022116323063552964
8,1108,0.0074404943709459334,0.001132507891685081
8,1109,0.013528302256327063,0.002537602887017771
8,1110,0.006506598592878076,0.0008585713897538806
8,1111,0.010834137124668929,0.0016728712458206239
8,1112,-0.021875319401820678,-0.008809296510267631
8,1113,0.01952167314489214,0.007323350103056547
8,1114,0.01906315100452425,0.0016909580539605166
8,1115,0.01319172791079971,0.0007608986293363848
8,1116,0.028405984912400914,0.009414135123084975
8,1117,0.014015844894284937,0.0033590428146819196
8,1118,-0.0032554904784427834,-0.0046734050279699365
8,1119,0.006316195750132768,0.000809399492083531
8,1120,0.010185145641628592,-0.0012360773084370297
8,1121,0.035775144004823727,0.01057289659545797
8,1122,-0.003480442628653309,-0.006512710586762145
8,1123,0.011817765015543645,0.0009419276505595693
8,1124,0.0005393075233162532,0.0017818418742233302
8,1125,-0.0059041564186683325,-0.0031769564190038606
8,1126,0.014497718076987963,0.00026025782099953806
8,1127,0.0032438825096512444,-0.000271011895518661
8,1128,0.023094257385207612,0.008013441575993685
8,1129,0.03866429331589565,0.01000521556321427
8,1130,0.017384628523914085,0.003072660347715657
8,1131,0.005148508495264816,-0.0015370272437693752
8,1132,0.006903113878424964,0.0010360769509351617
8,1133,-0.0029520846834550827,-0.0005526051720422066
8,1134,0.024356429347175815,0.005066216323134256
8,1135,0.013109779407274848,0.000725532498760207
8,1136,0.030568574191828932,0.0068071592891046
8,1137,0.004913640614660846,0.0027329786011227484
8,1138,0.0159893145790001,0.005482377719174685
8,1139,0.006635191534979489,0.0011944626976763202
8,1140,-0.004795627125471837,-0.005668727670557753
8,1141,0.011716422047830983,0.002762453466141472
8,1142,-0.0069119881221388286,-0.00443219055979342
8,1143,0.00034437140824395253,-0.0025286204352708646
8,1144,0.004875933731506602,-0.0033229782968332224
8,1145,0.015582470746661003,0.0029490922447280962
8,1146,0.0022866955335426723,-0.003011335623630076
8,1147,0.00739127025971197,0.0011500810909601791
8,1148,0.007132110120806526,0.0020297563699762343
8,1149,0.022175918970726176,0.005619446947872972
8,1150,-0.011633620658913685,-0.004306857281062054
8,1151,-0.006953417593975737,-0.005542675577607455
8,1152,0.00699745311160679,0.0032746029422828075
8,1153,0.012044831094563382,0.005175525336459153
8,1154,0.010345167513268347,0.0013445692596755084
8,1155,0.01710144061345225,0.003414593422293199
8,1156,0.024845884090592768,0.005030246549468839
8,1157,-0.0006342281172714726,-0.005526173601991212
8,1158,0.0030471249645122873,-0.0017051568236543856
8,1159,0.04143684971360194,0.013563127181931825
8,1160,0.001932857726792797,-0.003766262624528227
8,1161,0.011023980098452523,-0.00011021468102698157
8,1162,0.01991368195895875,0.0030421525406027017
8,1163,0.028154163892371534,0.010440193878748467
8,1164,0.011872870185053896,0.0009911097904833706
8,1165,0.007980679571341515,-0.0004043135774954878
8,1166,0.008503754412361179,-0.0014409327003014254
8,1167,0.019846821937015785,0.00305311093670939
8,1168,0.010440375929134653,-0.00012049410669515683
8,1169,0.013050320807671678,0.0004620849637910302
8,1170,0.01772758274739556,0.005949428448940393
8,1171,0.029116347576968106,0.008052800385351415
8,1172,0.02028849953337537,0.005089468030710385
8,1173,0.006373876594118197,0.002768468534273882
8,1174,0.029178996255037545,0.010005776931652529
8,1175,0.01501294322080624,0.0022096041207860847
8,1176,0.0062231349898925785,-0.002166825666898651
8,1177,0.01636753249011859,0.0037316083323123183
8,1178,0.005279654791597792,-0.002010303721573383
8,1179,-0.019387691246698414,-0.00979688102214083
8,1180,0.017685669503934253,0.0033115614395374305
8,1181,0.019442090761799844,0.008276283837385328
8,1182,0.0010496337482350305,-0.0007341111097298349
8,1183,0.013196293429264405,0.004183728136838528
8,1184,0.0057501483221929625,0.001196190179202246
8,1185,0.010421598220891483,0.0012330749008789374
8,1186,-0.00923858414410031,-0.003069107279505578
8,1187,0.004969904147606738,-0.0005285184376542728
8,1188,0.015312062172863038,0.004161347823196489
8,1189,0.005804009338836012,-0.0008821598042099296
8,1190,0.022703553773589295,0.005740111585429073
8,1191,0.018498616555967577,0.008349086353389629
8,1192,0.005207920218932326,0.0001233002798451745
8,1193,0.005553127397397619,0.0017773332133284698
8,1194,0.010487097274082181,0.0063669949788318966
8,1195,-0.008269237732021328,-0.004755489015770402
8,1196,0.015065828418146392,0.0010666546355414842
8,1197,0.017348271045276437,0.007932481015471091
8,1198,0.016925471971034483,0.0004886948106062286
8,1199,0.029578359962457623,0.009236247999091457
8,1200,0.019660346635401497,0.005822081256626384
8,1201,0.01716697463184165,0.0012786391689979335
8,1202,0.013329709111420077,0.004312787882997475
8,1203,0.02391813642443123,0.009440870412748284
8,1204,0.007969846748433495,0.0028945341512844566
8,1205,0.015906256473231132,0.0036865330259553595
8,1206,0.009779597625215979,0.004603037779744695
8,1207,-0.010416886305029084,-0.0049300054011916054
8,1208,0.020480854826691288,0.0063434707654637336
8,1209,0.025612743270748098,0.006544806197983368
8,1210,0.0220996004416621,0.008902113908358548
8,1211,0.009916066776956535,0.004028919398293209
8,1212,0.013285811279523775,0.004304602544347423
8,1213,0.009269217299717983,0.0010135688373174878
8,1214,0.010204221641377109,0.0011508154336538632
8,1215,0.02832585122959286,0.00868722040022229
8,1216,0.00659279504842416,-0.0005412823515983647
8,1217,0.02058455969084279,0.005121946838494064
8,1218,0.022665985655445878,0.004398357607209213
8,1219,-0.015031442374850634,-0.00658152049890298
8,1220,-0.0010884365421287973,-0.005075936462550353
8,1221,-0.0031849597512058877,-0.005859024614227641
8,1222,0.008104384476990228,0.005119516524236748
8,1223,0.02350483623435382,0.007603236999667209
8,1224,-0.013853530952971545,-0.0024182737709224373
8,1225,0.027129707901339485,0.00643909211786166
8,1226,0.03852216654863083,0.011757297687512639
8,1227,0.006951470051685359,-0.0003629161262162501
8,1228,-0.0016995223427603947,-0.0027564128967027526
8,1229,0.02557026868251821,0.009295350252135712
8,1230,0.006789021047648269,0.0013205155759914832
8,1231,-0.012035269023984878,-0.004702319447784236
8,1232,0.021124170811568654,0.006443402914017652
8,1233,0.01494963034405838,0.00045629653021044735
8,1234,0.02303475351215903,0.004205883802816722
8,1235,0.01644745368978122,0.003990494853983742
8,1236,0.00518574982510773,-0.0020876466398817586
8,1237,0.002492833191285017,-0.0025117383532966323
8,1238,0.0023689222083428103,-0.000376371462571544
8,1239,0.01320549557940966,0.001972297392372469
8,1240,0.004963397634315605,0.001926777027460825
8,1241,-0.00020819755734415195,-0.0010907886809608358
8,1242,0.00013478705004260603,-0.0015754193076452762
8,1243,0.009789344828249873,0.0019421649669257948
8,1244,0.010684320494119543,0.002343921734950081
8,1245,0.007755489002440637,0.004370781685748481
8,1246,0.01390360765594307,0.0047828306589016555
8,1247,0.01920615778457701,0.0029560652977636665
8,1248,0.020297167789852775,0.003980415831581389
8,1249,0.021216839907687197,0.006012191673132971
8,1250,0.02595546513963959,0.005161466671205483
8,1251,0.014012965820917277,0.0024420465854724134
8,1252,0.0268800577589946,0.010353561828573587
8,1253,-0.026514066759392604,-0.012391491360893772
8,1254,-0.00034444671261256253,0.0006928351129268507
8,1255,0.007475734495876234,0.0013854911530635382
8,1256,0.011239296586907354,0.0041364311504078245
8,1257,-0.01454536501029093,-0.0034872405107752263
8,1258,0.015378649812466574,0.0049157527459900725
8,1259,0.018257976151663816,0.0070041843930131525
8,1260,0.0068867053750678855,0.0021402016946505784
8,1261,0.04823199665855558,0.014067527133405868
8,1262,0.01351863568918206,0.0007917759232101944
8,1263,0.012253882570793628,0.00017464356566962728
8,1264,0.021971038532780415,0.003035454604060808
8,1265,-0.016012126630871305,-0.002917016219706767
8,1266,0.004413001296046579,-0.0013345407044925602
8,1267,0.021161540060870707,0.0034384473916339313
8,1268,0.019852712115129182,0.007211859420278092
8,1269,0.028835830464585935,0.009214237902396139
8,1270,0.0037047463446724708,-0.000319307759328811
8,1271,0.00887120828681753,0.0002347048807445037
8,1272,0.012511937545034149,0.004631207525154134
8,1273,-0.0016662524728409862,0.0011065688965841154
8,1274,0.0034242279223917708,0.0024834236918628723
8,1275,0.013351925244569648,3.9974948375942354e-05
8,1276,-0.007201123755805495,-0.0023121804385855325
8,1277,0.004193433271569187,0.0004220114403414552
8,1278,-0.010971733082097647,-0.0017089125760297815
8,1279,0.008134777906283459,0.0002594576208574526
8,1280,0.024212709166181078,0.005508862703442504
8,1281,0.008567677251307708,0.004228831489936827
8,1282,0.02164291378516632,0.0036628263542782405
8,1283,-0.009671080464838203,-0.004989041367010264
8,1284,0.003033993736165341,-0.00027966784539313743
8,1285,0.02632668931345861,0.006569434000562592
8,1286,0.005778795830018916,-0.0033881649272309495
8,1287,-0.0034495955527306024,0.0023252688151995868
8,1288,0.006137223958863199,0.004157843211010534
8,1289,0.025951261709238532,0.006360725597638563
8,1290,0.02266911200268407,0.005545668821534872
8,1291,0.02016991150953025,0.004370857483653009
8,1292,0.022039525169481048,0.006312043061016796
8,1293,0.01167519372211067,0.00035260369855837835
8,1294,0.001714803622041061,0.0029390104488975096
8,1295,0.004049197120278517,0.0008268847438530824
8,1296,0.010200721697330247,0.0040886039977904905
8,1297,0.0040011174486259,-0.00288668369022723
8,1298,-0.0060818143018402035,-0.0033465128132103765
8,1299,0.004963377174364806,0.002002099191901617
8,1300,-0.002102035228449907,-0.00021145113850647705
8,1301,-0.008830972930305709,-0.005633871679686959
8,1302,0.02674607205384212,0.005823661502877697
8,1303,0.018385357862909568,0.009724269984128125
8,1304,-0.00490800284793114,-0.00021440956544090678
8,1305,0.0009448991690872214,-0.0037230008630706074
8,1306,-0.004342637937073032,-0.004715728729522561
8,1307,0.02210818661079138,0.008161870037803628
8,1308,0.002293482393319399,-0.001335813110069825
8,1309,0.022735130766353546,0.006337345534381447
8,1310,0.003426248154707928,-0.0027380487733651452
8,1311,0.01910353092917414,0.005140816163458392
8,1312,0.011958914875880003,0.0022372027453823606
8,1313,0.004599782548406663,0.0019579573792213793
8,1314,-0.000529693830202738,-0.0036030825231703517
8,1315,0.007948015428188605,0.0017087181361514258
8,1316,-0.004130762301700926,-0.0066812140432376665
8,1317,0.014238175395619149,0.0006445702928574605
8,1318,0.008224422742592628,0.0012696055559691364
8,1319,0.008365356559701456,-0.0007439962266017972
8,1320,0.016180492783608905,0.001915236289983008
8,1321,0.015056614713008154,0.0017363066246208446
8,1322,0.008532967237619897,0.000646553888832501
8,1323,0.007987820455529938,-0.0010838396134826634
8,1324,-0.005807644634148878,-0.001525637070616328
8,1325,0.0026802889087218433,-0.003032783962899791
8,1326,0.04181312411671309,0.01293249495987706
8,1327,-0.020021915505149965,-0.009264312892268829
8,1328,0.00040798228573775945,-0.001818521723912234
8,1329,-0.0025084266365843605,-0.0015285208558597047
8,1330,0.0014189245433238232,-0.00014937108573054766
8,1331,-0.007861741273219192,-0.006926484898796499
8,1332,0.006280461150341746,-8.263321045530556e-05
8,1333,0.009206240631960391,0.00030355027247396665
8,1334,0.013933330218416206,0.0015001491751166988
8,1335,0.03187349716173646,0.010974074791622566
8,1336,0.0035787451587655523,-0.0018911718680064656
8,1337,0.013668408345047877,0.003918333020067114
8,1338,0.018622164206767496,0.008671886078570352
8,1339,0.010862763965796895,-0.0003569192858800493
8,1340,-0.0036404149205168574,-0.004640291864602631
8,1341,0.0319559865834904,0.008077797339971568
8,1342,0.018407634919255178,0.004405286243298832
8,1343,0.008272558501594147,0.0011339520046827424
8,1344,0.001384515587089505,-0.003048200205503672
8,1345,0.0023386086338423747,0.0003652567970407584
8,1346,0.017936481042901596,0.005178785802136265
8,1347,0.006828624057183105,-0.0007772404592224178
8,1348,0.01874681016578962,0.0033951254115909043
8,1349,0.01683224244443214,0.00488051982421232
8,1350,0.009735068069182746,0.0014445520828879038
8,1351,0.009796069104482987,0.0021663155351388207
8,1352,0.009928146162523627,0.00016839271624827552
8,1353,0.028636017386501147,0.005872262751240072
8,1354,-0.0008693389454632072,-0.0007562371330583165
8,1355,-0.010828009988606465,-0.002567737598555336
8,1356,-0.002098399173247818,-0.0007143637977683573
8,1357,0.016317396111581138,0.005675663750769187
8,1358,0.00100874405509123,-0.002824778659023652
8,1359,0.006885876215284003,-0.0014168677796283253
8,1360,-0.0022389300512164244,-0.004896655529619069
8,1361,0.0040321693294530685,-0.00041840240278601945
8,1362,0.005944020072596987,-0.0007410397507363149
8,1363,0.029556588434775422,0.00639845570835891
8,1364,0.0034086380243255453,-0.0014907705416975095
8,1365,0.012423118152261364,-0.0006376672232084594
8,1366,0.03088101038931957,0.006872861955981151
8,1367,0.02303625814813565,0.005456689207420786
8,1368,0.0356044523433502,0.008929312334671646
8,1369,0.010165593687083984,0.0015557054174070045
8,1370,0.005142648392980756,-3.330953159740073e-06
8,1371,0.004182403628836293,0.0029396218624681567
8,1372,0.007250685409535738,-0.0012157401057771562
8,1373,0.012803160597736753,-0.00018420153104795154
8,1374,0.019243218352335004,0.0026358515812772163
8,1375,0.013269411609187117,0.003873892083285056
8,1376,0.019428565202425876,0.007692217455001819
8,1377,0.0013867664335491861,-0.0006176106747365828
8,1378,-0.0058348312495543906,-0.005426605053074969
8,1379,0.0037831206970552565,-0.00135022681989267
8,1380,0.01071947789793613,0.00203245901027099
8,1381,0.009018034423947247,0.0020361914344024985
8,1382,-0.0006314518851874226,-0.0009194997665919086
8,1383,-0.0019944614243825004,-0.00040805525524067375
8,1384,0.02206414871615768,0.004499855507529026
8,1385,-0.000665283293263676,-0.000682861905121654
8,1386,0.008439207427669031,8.824103758469302e-05
8,1387,0.012565753862735823,0.004811043198176425
8,1388,0.04156833011163156,0.011248232117849748
8,1389,0.016933030180602545,0.002963753954620933
8,1390,-0.010590067615225709,-0.0030749393237459095
8,1391,0.00537032124602913,-0.00031212487649862964
8,1392,0.014125812383266769,0.0009915395382338473
8,1393,0.007451283316332094,0.002431546497086872
8,1394,0.010744601717669408,0.002421358283351148
8,1395,0.01202074938846195,0.0039133242179877695
8,1396,0.03664471678201632,0.009922259475953097
8,1397,0.024734754824804257,0.00863612538206486
8,1398,0.02465237733548208,0.006551029621568754
8,1399,0.04601397497687509,0.01300565113454964
8,1400,-0.005632014853788342,-0.0031902815209446313
8,1401,-0.0013592428460717494,-0.002177177030571436
8,1402,-0.01454022174670627,-0.008493418844875608
8,1403,0.007045431880495147,0.0022999102021571687
8,1404,0.010029556778885724,0.002282374632518851
8,1405,0.010961873257234044,0.0014037001512338088
8,1406,0.016445032372208852,0.002021168463364797
8,1407,0.026347307081765133,0.009325436218018698
8,1408,0.015815890484348567,0.004182021697186034
8,1409,0.007401698681984906,-0.0006028240799496364
8,1410,0.0035348758780182057,0.0003580236974167147
8,1411,0.012479439537390414,0.0024597025855191247
8,1412,0.036750084329711635,0.009411766238211843
8,1413,-0.0012467358958213209,-0.0037447265550697322
8,1414,-0.0009246270257526373,-0.0013606480099391718
8,1415,0.036184375934797834,0.011329506872657321
8,1416,0.019228135016147122,0.004257768874239452
8,1417,0.011518288219163859,0.0012672117707655504
8,1418,0.011167375238780856,0.0005043689064966381
8,1419,0.010979993324039757,0.004896239514530856
8,1420,0.014565191470392088,0.0017343037715606675
8,1421,0.01450996850415966,0.004560293309421392
8,1422,0.01093254881406201,0.0021086632070699885
8,1423,0.013077333590846597,0.001691075761549456
8,1424,0.0021952506020827896,-0.0002800543651593591
8,1425,0.016890547184401552,0.004311425599362883
8,1426,-0.015127672090000401,-0.007229814977138165
8,1427,0.0012645471716469865,-0.0037977623043997685
8,1428,0.02376776774278575,0.004368871976595297
8,1429,0.019177792810110755,0.0015517084392716127
8,1430,0.0037093288705782154,-0.002261137993297465
8,1431,-0.002677148967609508,-0.004828384331496088
8,1432,0.008685957675259856,0.0017576923834967892
8,1433,-0.003980771039376921,-0.0019990186328586986
8,1434,0.02155108670364593,0.0047440195183676296
8,1435,0.019711370023892522,0.0022328938997353584
8,1436,0.015949460566631355,0.0022795692087946534
8,1437,0.008996418472587208,-0.0003213053523762535
8,1438,0.006509065192432493,0.0004864448770134044
8,1439,0.008583219243487893,-0.002536886720794436
8,1440,-0.007492726477082624,-0.008322641977712065
8,1441,0.03572152895189959,0.007683741628282188
8,1442,0.0229599642506555,0.009749776909690198
8,1443,0.008403243891256507,0.0005293064346036859
8,1444,0.01926905243480009,0.005312853987306731
8,1445,0.00668412807647387,0.001740644638685404
8,1446,0.009310964731783234,0.0014560551689734883
8,1447,0.006948061844633446,0.0014860266680365069
8,1448,0.0021269198388044943,-0.001475864055348873
8,1449,0.030331500223103422,0.01081481930978213
8,1450,-0.0014516785146430624,-0.00268574840385229
8,1451,0.0020655859548202975,-0.001793253439449807
8,1452,0.025420733789115482,0.004610339136746797
8,1453,-0.011829735655255993,-0.005070658149261631
8,1454,0.015486196240449276,0.005306595075265939
8,1455,0.006221529603543329,-0.0008564729903454392
8,1456,0.027093608597833236,0.006946815576466351
8,1457,0.020454098360993767,0.0051867910522051235
8,1458,0.002606379459504436,-0.0007428256876728528
8,1459,0.03085326589226042,0.009819644428918974
8,1460,0.006757356805807462,0.002349165002612671
8,1461,0.015899072950517512,0.0015677559890016413
8,1462,0.028533152138554185,0.010487918401412385
8,1463,-0.004582478377617002,-0.004749081494701721
8,1464,-0.013014441581497317,-0.005230280832671116
8,1465,-0.004731390764852887,-0.002380944115410493
8,1466,-0.008252746384733906,-0.0064489242578944315
8,1467,0.007425011794734582,0.002849608157061521
8,1468,-0.0012039686292337286,-0.004004045114121548
8,1469,0.019051038989784306,0.009664691470178626
8,1470,-0.003161604020591597,0.00032196753058194946
8,1471,0.020052452636761243,0.003798073695915583
8,1472,0.019564813131646427,0.0042653435803712
8,1473,0.026642875418045754,0.007061257154803248
8,1474,-0.0205014972030634,-0.00970084822626244
8,1475,0.000541570931291001,-0.0010852044975644332
8,1476,0.016302884883283984,0.003336151991892888
8,1477,0.01352574182807497,0.0033557588927025962
8,1478,0.008448031065451,-0.0014209028523084336
8,1479,0.019989866641726934,0.0030021018556062452
8,1480,0.017085447489196774,0.004943170800012246
8,1481,0.013208295577175276,0.0016214400426580382
8,1482,0.003793832111278137,0.0021667848630626623
8,1483,0.017359796045787093,0.004741278602494984
8,1484,0.040012386817263386,0.01644489050718076
8,1485,0.03003684089422147,0.004881272491622412
8,1486,0.0011262116003537622,-0.0006484230818652783
8,1487,-0.0033779583878238827,-0.003857070443731421
8,1488,0.010170082315617857,0.002448742298854069
8,1489,-0.0031624733038384777,-0.006327264453509927
8,1490,0.013757373322345504,0.0052270547852297615
8,1491,0.01597339034461797,0.003890676077757782
8,1492,0.014013484480043631,0.0019706940924188016
8,1493,0.0077444246892189265,-0.0013296118094646482
8,1494,0.009847161194446378,-0.00021516977457897133
8,1495,-0.004505721631489769,-3.411723627012839e-05
8,1496,0.004901613803113351,-0.00012559262075282753
8,1497,0.02431110632014324,0.006748159751110826
8,1498,0.007608073958803905,0.0005399723797933752
8,1499,0.024151758659239072,0.006664271188989695
8,1500,0.005671615194775576,0.0037485099113846398
8,1501,0.009077476318404894,0.0007179029428106489
8,1502,0.04310402620935442,0.012224538117834114
8,1503,0.013112247197163977,0.003311180615199033
8,1504,0.008269840119801085,0.0035050402394037816
8,1505,0.033810077374152564,0.008962490091549803
8,1506,0.0007379620775415701,-0.0023805207699893237
8,1507,-0.0011882750633547894,-0.0016365356308690434
8,1508,0.020552371832618516,0.007305596513588055
8,1509,0.011410841133216333,0.0003162166637662944
8,1510,0.007022414482302636,0.0008767841063967662
8,1511,-0.004162571645163534,-0.0016642162453091639
8,1512,0.0015633461438462508,0.000251755356997452
8,1513,0.0058080993048707005,0.003437463763338794
8,1514,-0.0034931611324358507,-0.00268752883708784
8,1515,-0.011125902303686564,-0.007086600267784388
8,1516,-0.004006380131069049,-0.005846392914717298
8,1517,0.007994410751848414,0.006347849139273663
8,1518,0.013320484677357079,0.0018781154671750745
8,1519,-0.0021332949230469258,0.0019126211371859956
8,1520,0.013751880716729697,0.0007226174233721886
8,1521,-0.001218347667717843,-0.001692096322246808
8,1522,0.037114227730266375,0.01054302411982422
8,1523,0.015850538692106765,0.00429099156722224
8,1524,0.013123820295486272,0.002085412725071981
8,1525,0.0022768572270307694,-0.0024382048792712012
8,1526,0.020635626997629525,0.002590309915850756
8,1527,0.020026406125322357,0.005788815343783499
8,1528,-0.0046046979578834935,-0.0022607515371445373
8,1529,0.005359729616184073,-0.001678454820299711
8,1530,-0.003441683160066073,-0.0014386520616677006
8,1531,0.016894282338788046,0.005911349606979595
8,1532,-0.005351337210134644,-0.002945967773433721
8,1533,0.011192501877080862,0.001131528989486079
8,1534,-0.0010838681502911842,0.001195765108472331
8,1535,-0.008617497386954194,0.0013920707841469113
8,1536,0.028539962985862973,0.007396753115903801
8,1537,0.02116957256239088,0.006617618101297924
8,1538,0.014772654693752007,0.0017192472972876551
8,1539,0.006102823754721861,-0.0002869399353790199
8,1540,0.017503528808048355,0.004325669931308297
8,1541,0.01558611194751152,0.0012297616990978753
8,1542,0.00883974485899487,0.0009929729062591042
8,1543,0.005246018878342619,-0.0009486400478996976
8,1544,0.003175541147087434,-0.0018213562888864153
8,1545,0.027834915569277266,0.007738750970594703
8,1546,0.011164934036430811,0.0029174444546385884
8,1547,0.005882761238878519,-0.0015897630830528158
8,1548,-0.011318206397609717,-0.006402538380770378
8,1549,0.024669575976444025,0.005929148852776358
8,1550,0.005088044811448933,0.005797837963022936
8,1551,-0.011252160551568887,-0.005269634854895437
8,1552,0.008415968135406609,-0.00034547858257493087
8,1553,0.015174343064510348,0.002259468751625523
8,1554,0.0264996174006066,0.0061897254897110045
8,1555,0.007946471953892453,0.0021087464276718045
8,1556,0.012056479330292875,0.005613169135990628
8,1557,-0.003730110363656638,-0.005117023317406031
8,1558,-0.004271457191795198,0.00014127786847903585
8,1559,0.02579153674708848,0.004855308676467701
8,1560,0.005065768308576978,0.004601044499450322
8,1561,-0.0012114118558343,-0.0027428632533757404
8,1562,0.0056913477166030835,-0.0008603319785814459
8,1563,0.009057001939665058,0.007336850222992014
8,1564,0.039828140751513474,0.010928166640734175
8,1565,-0.001900473205103156,-0.002286867308375085
8,1566,0.011745886565003562,0.0008366657533455483
8,1567,-0.005095506714321353,-0.004553652218144432
8,1568,0.0117918016677922,0.004567506380405714
8,1569,-0.006467567752643862,-0.0043931447656234465
8,1570,0.029670877038934226,0.006899814056558001
8,1571,0.02285067395653044,0.00518229532545657
8,1572,-0.006923396960801292,-0.004751682341916761
8,1573,0.023165096298318078,0.005048941314731446
8,1574,-0.006739683186441399,-0.004448167653101271
8,1575,-0.015973538188307112,-0.010019165441504581
8,1576,0.0043479970385555825,0.00010463553036866866
8,1577,0.012987238948392689,0.0038956476742296304
8,1578,-0.01691448788145673,-0.009142939088760443
8,1579,0.01753175704597191,0.002374101151606932
8,1580,0.027588689227544663,0.0094646880894291
8,1581,0.011243802257971239,0.0033664024272485145
8,1582,0.011394222486195678,0.00020746365054124754
8,1583,-0.004252049451630724,-0.0012393193497492495
8,1584,0.0045632659246449304,0.0014369421132309373
8,1585,-0.005855821377654264,-0.006542657510940295
8,1586,0.025395421344482704,0.008787901723020025
8,1587,0.00148490757140101,-0.0012030641145531497
8,1588,0.014645311674069964,0.008237498233442145
8,1589,0.011087464365617167,0.0037209374598531665
8,1590,0.0406597931267136,0.011354607353385253
8,1591,0.010380361781142102,0.004996968921874505
8,1592,0.012790471030204616,0.002068074604035264
8,1593,-0.005677855372563786,-9.825883003401734e-05
8,1594,0.010370911052885097,0.0018254372517966487
8,1595,0.002246603368398896,0.0016814522592017698
8,1596,0.0011946834050729814,0.0001920760277530849
8,1597,-0.0021326440581779173,-0.00197877677980993
8,1598,0.011742269754931322,0.0012216795572024361
8,1599,0.018097661007008107,0.0033423108987250772
8,1600,0.024629160656068076,0.006036212592135793
8,1601,-0.023373535418058873,-0.011482854172365884
8,1602,0.01059039941441986,0.0004425988252527518
8,1603,0.011454949865320908,0.00040007249451798284
8,1604,-0.0031664840370968102,-0.004996884676908319
8,1605,0.0023120496754831577,3.287020317115402e-05
8,1606,0.01673228250188003,0.005336178832094974
8,1607,-0.008512226428575636,-0.0038078884234273138
8,1608,0.011281343293264568,0.0001408259662129609
8,1609,0.012630668645504455,-0.00012497668530379698
8,1610,0.014491660956249897,0.0028194270461294286
8,1611,0.03431199805157747,0.008052869700145706
8,1612,0.0031876832879796273,-0.004286474392557892
8,1613,-0.0029944679437813346,-0.0028846285330671687
8,1614,-0.012890905754830798,-0.008286348203410406
8,1615,0.014300695908280167,0.002038768659302041
8,1616,0.008707780245322948,0.001126466775866843
8,1617,0.021807319889105926,0.005543690971585705
8,1618,0.007016003780638937,0.0027275864967345577
8,1619,-0.0009145672276820473,-0.00340859921555635
8,1620,0.004599512032880328,-0.001133656872578856
8,1621,0.012909593637993823,0.0017246731185653662
8,1622,0.011236044085057021,0.005172062061089877
8,1623,0.004997132710667754,-0.0015358292834280142
8,1624,0.0096836785468013,0.0007287180618434882
8,1625,0.001686564762041322,-0.0024244316065058767
8,1626,-0.00045682016797229605,-0.0012460912296960638
8,1627,-0.012393738883459966,-0.005243619273995351
8,1628,0.013018193153733839,-0.0002497576149166961
8,1629,0.007678922925993232,0.00024914117799717866
8,1630,-0.0027451372791332572,-0.0050948757127346036
8,1631,0.011339971369854433,0.0001643716236852723
8,1632,0.019659575514021383,0.0030589963931753144
8,1633,0.003950274256850114,-0.0005521146499509184
8,1634,0.0011544780834466764,-0.002872238159037462
8,1635,0.008468279973701226,0.0012918687926252144
8,1636,0.006070357451237501,0.0009155756041711302
8,1637,0.021124440229699296,0.0049392084203002925
8,1638,0.005275890956584627,0.0007333349578953497
8,1639,0.01565856069508073,0.0049090861131754916
8,1640,0.01808999605947817,0.0011108334971909018
8,1641,0.002832617467062299,0.0017289889799728553
8,1642,0.010365313117165069,7.32600518049512e-05
8,1643,0.0133907944293301,0.0014630685479861665
8,1644,0.01593085480694158,0.004077898852084567
8,1645,-0.0006934775040013525,-0.0030145513691567883
8,1646,0.014478673961444756,0.0013150868430882364
8,1647,0.016042513469511764,0.005469548049835682
8,1648,0.0027326380923360714,-3.196569024167013e-05
8,1649,0.01800348344748166,0.007233663993545948
8,1650,0.016860814025931915,0.0024527844776967653
8,1651,-0.007276437087127509,-0.00432615857664828
8,1652,-0.002224060015693578,-0.004634865211541946
8,1653,0.02409714655790278,0.011015682300472894
8,1654,0.015917290456608488,0.009451830744911438
8,1655,-0.009246563151863209,-0.0042519976219383485
8,1656,-0.0012261163937785442,-0.0018992898106563543
8,1657,-0.0037380457633448745,-0.0023457306429109045
8,1658,0.003438957399375025,0.0012583304255400422
8,1659,-0.007916172608473805,-0.006152880946034515
8,1660,0.017294183531137586,0.004705424593332697
8,1661,-0.0007842105465393682,0.000648865657882504
8,1662,0.008281067676446163,-0.0017347457569013933
8,1663,0.031000245467097103,0.009600329126747936
8,1664,0.01288311108571724,0.0010005539762169644
8,1665,0.0009012881841001777,0.0009303646246792615
8,1666,0.011007392263391574,0.0026843457788261345
8,1667,-0.0064127842457759815,-0.0037427801262548354
8,1668,0.013690204432329127,0.003747579433648638
8,1669,0.030745678475177934,0.007097760983499357
8,1670,0.004997349475607757,-0.002475117851611869
8,1671,0.00525734106086683,0.0038577131370190875
8,1672,0.02384771039188873,0.007812234757738454
8,1673,0.011477692031528998,8.106194558359774e-05
8,1674,0.018848629465397726,0.0011219540905741579
8,1675,-0.01373086264541101,-0.003771487749707349
8,1676,0.006743268366343042,0.0005760398516696136
8,1677,0.0051641869930868015,-0.0028589700049550166
8,1678,0.01857625787749405,0.003782184111886078
8,1679,0.014596494771100369,0.002932995778287644
8,1680,0.005581473640448768,-0.002723241763785785
8,1681,0.006176082372912505,0.003779292655280288
8,1682,0.024771308175625097,0.004372737300716332
8,1683,0.007934856108727571,-0.0010740356894475354
8,1684,0.034231821225239184,0.008331549356743486
8,1685,-0.008840249330997972,-0.006469281088084611
8,1686,0.002198130051839999,-0.0020474256881750246
8,1687,0.00931025799302567,0.003935123022421429
8,1688,-0.007780680086499451,-0.004692828171969977
8,1689,0.009510190266637302,-0.00044489215581812615
8,1690,-0.0030417970906520845,-0.003225162295614121
8,1691,0.022539370913314385,0.003926160485887673
8,1692,0.00027180467922729843,-0.0016529530354219791
8,1693,-0.011442631298733736,-0.004432166234591214
8,1694,0.0025907077741696943,-0.00357314803786651
8,1695,0.001216227246978,-0.002801693069348116
8,1696,0.027491434563582648,0.007625988764315419
8,1697,0.015989678418555392,0.005474239117913201
8,1698,0.003282922155072752,-0.0032348735266679134
8,1699,0.007309620918940866,0.0010641342778239622
8,1700,0.02070971504284406,0.007755989970024489
8,1701,0.000568998366256463,0.001827052070375452
8,1702,0.018903848909266524,0.005382917444897485
8,1703,-0.006053362632783716,-0.0030849471940412377
8,1704,0.012687814321260447,0.0016052866668167436
8,1705,0.026681738148919422,0.004557785981461059
8,1706,-0.004278465824970997,-0.0045472740301249846
8,1707,0.012348851059506078,0.0009502680010426452
8,1708,-0.0017823767045469453,-0.00329102821998239
8,1709,0.0185592055276313,0.0011558735058900046
8,1710,-0.0024699472638120366,-0.002932159967689431
8,1711,0.006545492365050566,-5.118544735917554e-05
8,1712,0.01114613246539523,0.0006919008181569499
8,1713,0.006744536852084265,-0.00026100362820007035
8,1714,0.00516288886014601,-0.0010549271220461722
8,1715,0.009552429038145535,0.0033974944620473245
8,1716,0.018705785242213058,0.0028968679506849613
8,1717,0.0015098118151835942,-0.003862475743985587
8,1718,0.006199337329634737,0.001523590337061039
8,1719,-0.017046795307073603,-0.007943932220428081
8,1720,0.015370562658927275,0.0006060934402658949
8,1721,0.0014362236784798337,-0.0034406060244563854
8,1722,-0.006673560880953981,-0.0023504097320483095
8,1723,-0.01400792623263935,-0.006753595252708021
8,1724,0.008812962145790575,-0.0017860685718211098
8,1725,0.013909639657917777,0.004102933070057539
8,1726,-0.006596774064049163,-0.0032918150632055224
8,1727,-0.0061105147197126185,-0.004478434446353262
8,1728,0.013678235158549046,0.000562867512330989
8,1729,0.028459121848179603,0.00665399648680786
8,1730,-0.010740333977995406,-0.005492119534247301
8,1731,0.018995914167447364,0.0031025420046046567
8,1732,0.02910051384395659,0.00772629570618338
8,1733,0.01564513815869472,0.005715140361479668
8,1734,0.00627608343462765,0.0018449888526519051
8,1735,0.02697120329447118,0.00915190624838091
8,1736,0.0009233926441509124,-0.0014234510263692558
8,1737,0.015607577376971512,0.005789517340155728
8,1738,-0.003209651205062217,-0.004067674467842192
8,1739,0.029623109581093755,0.007728177848875447
8,1740,0.019289032767858146,0.0015203022271296788
8,1741,0.01596518346992992,0.003353863001854189
8,1742,0.022211672792780905,0.005719528683639434
8,1743,0.014977552072148223,0.0034902856052956353
8,1744,0.011025118537541163,0.00280558509323084
8,1745,0.006968160955622342,-0.0014437130554168214
8,1746,0.007771854410492193,0.0030322282800993756
8,1747,0.030649603816492673,0.008294428078679621
8,1748,-0.004192359977140417,-0.0027594544534367913
8,1749,0.003280587211976506,-5.384679136970082e-05
8,1750,0.015585553868776393,0.007633981261582329
8,1751,0.016612770337108153,0.006032253748058896
8,1752,-0.0026492718318577497,-0.0041668697619311815
8,1753,0.007981098114859114,0.0013685543920509437
8,1754,0.00822805333856302,-0.0006959105597722472
8,1755,-0.00464528367760811,-0.004496652998248231
8,1756,0.016670326987628218,0.003501229978980257
8,1757,0.0335352723910642,0.009066134671166824
8,1758,0.008605630221610913,0.0033957417951311995
8,1759,0.005430542177259819,0.00019290565018593997
8,1760,-0.014127542331735406,-0.0056902815456033925
8,1761,0.03821068913664905,0.010332019225132388
8,1762,-8.499697823455812e-05,-0.0018170993584633833
8,1763,-0.00837065082680151,-0.005817999787968763
8,1764,-0.013025874715190152,-0.0074814185131050455
8,1765,-0.002526589319748905,-0.0029422992711862737
8,1766,0.027707060223740646,0.007276490555952308
8,1767,0.021635879890547095,0.005746869967378317
8,1768,-0.010297305645906129,-0.005475764895979125
8,1769,0.022227253235264567,0.00626241158647171
8,1770,0.01204612681108196,0.005691328831679181
8,1771,0.003453080487038765,-0.0010168368766487396
8,1772,0.0061344348016124355,-0.0002746014390284703
8,1773,0.014137438260668597,0.004754225417471479
8,1774,0.010461731871043175,0.0002670059698832259
8,1775,0.021290733436289483,0.003457102323984257
8,1776,-0.0059737903120981465,-0.004258503384864001
8,1777,0.010693510169370571,0.00043841092791543484
8,1778,0.018881781983021036,0.0048397913790146655
8,1779,0.016879044536635905,0.00559288074914656
8,1780,-0.004789861068061165,-0.004866935950116452
8,1781,0.01733629722490022,0.005879326015350454
8,1782,-0.0029748905072093943,-0.0046658162999509345
8,1783,0.010458393598695952,0.00059824587233988
8,1784,0.013394342458319962,0.002694634371748297
8,1785,0.015164653849593824,0.003492230319236794
8,1786,-0.001618652981671855,-0.0023185923645340336
8,1787,0.0035499568384450776,1.2721539333785859e-05
8,1788,0.03070161554065491,0.01058491964870693
8,1789,0.013205751449454066,0.002145978762839841
8,1790,0.0050104874685795815,0.0013044998667664368
8,1791,0.010487651896671621,0.0029312285306004205
8,1792,0.005912778417309843,0.0009446109583359239
8,1793,0.02465826154442967,0.004937777430270059
8,1794,0.016334736498127833,0.0033288931636487216
8,1795,0.026150201637524132,0.0045308256628719375
8,1796,0.023664194201565625,0.00624472777385399
8,1797,-0.0008671986832885586,0.0006162449587029067
8,1798,0.005207666865207888,0.0005001470314544712
8,1799,0.01607399731752794,0.0050733001130219306
8,1800,-0.0174574208687804,-0.008614512365779585
8,1801,0.013221897448381505,0.0021174642365803286
8,1802,0.011706741670588109,0.0035990552181436593
8,1803,-0.008295325484859098,-0.00570836039707547
8,1804,0.022404495663477995,0.004735467654169984
8,1805,0.018291790177471203,0.004344609242245955
8,1806,0.0002396170091715962,-0.0017120389483873842
8,1807,0.017109807670358444,0.0036159797881002323
8,1808,0.031754820585033657,0.00830718964552565
8,1809,-0.007678289906314088,-0.00576426179683099
8,1810,-0.003025620871164959,-0.003237503006342314
8,1811,4.002818814675263e-05,0.0004664915259263848
8,1812,-0.008605676010588576,-0.0048765158726202275
8,1813,-0.0038795305590275243,-0.006414079220084077
8,1814,0.03193503070042264,0.007894913217462428
8,1815,0.011266054316856417,-0.0005699332909165167
8,1816,0.01442776829727087,0.007054207198705706
8,1817,0.006703475148592171,-0.002325277735838672
8,1818,-0.006231731037024662,-0.006144030644580284
8,1819,0.004965830624951552,0.0007048216103633551
8,1820,0.008724195956598567,0.0008505405388839947
8,1821,0.007047057173676359,0.005805898165308228
8,1822,0.005217930460251466,0.0012892769282791287
8,1823,0.03960102779969577,0.0174983089114915
8,1824,0.0291676292846456,0.008336660306955297
8,1825,0.01225699278263212,0.002419805811162598
8,1826,0.029604600301116116,0.008795413052704074
8,1827,0.0019504365721437398,0.00036706936936209617
8,1828,0.007060671414580541,-0.001177751031909609
8,1829,0.01720854062343468,0.004356396074460181
8,1830,0.02987547191521602,0.008409419552213488
8,1831,-0.0018245285818716797,-0.0027692664410091604
8,1832,0.024400889785874184,0.004815659537474893
8,1833,0.03226009908677069,0.008161658368792757
8,1834,0.014316611721806507,0.00024696336762680633
8,1835,0.015193273124003294,0.007530603580780982
8,1836,-0.005998375497810732,-0.004707056827887897
8,1837,0.00494377975681766,-0.001751378686532956
8,1838,0.015720071394705697,0.0033393579250521766
8,1839,0.008849157661788318,4.54888345339721e-05
8,1840,-0.004519003176079225,-0.0033697431508387657
8,1841,0.014777042189991804,0.0022822908685274004
8,1842,0.009614021001926132,5.2583580242848094e-05
8,1843,0.013907112667101196,0.002174400791207452
8,1844,-0.010705012778196544,-0.007948758945453263
8,1845,0.04244134928759251,0.015692246717554897
8,1846,0.0138702227980968,0.004171160117879808
8,1847,0.017676037146243634,0.0037687188566935684
8,1848,0.01413514285922366,0.002574840030013486
8,1849,0.02004545647242857,0.005160389026251813
8,1850,0.032905200168700396,0.01023173236938924
8,1851,0.012381342423043434,0.008905053640129286
8,1852,0.0038290477036817968,0.0022863566637269517
8,1853,0.007822470705711805,0.004047569256763796
8,1854,0.009446478251475472,-0.0018302448534756783
8,1855,0.011807192301837159,0.0012506671773318222
8,1856,0.016944756753068002,0.005069837783326814
8,1857,0.006568734955251551,0.0012136950169779012
8,1858,0.01463094463817399,0.0011813267596517013
8,1859,0.01016436592843489,0.0041571523581121796
8,1860,-0.009785221564185445,-0.008195961143643153
8,1861,-0.0009682513271189016,0.0006094815497009633
8,1862,0.025237812772124682,0.0092817419531861
8,1863,0.023031967231547355,0.0032877087722188855
8,1864,0.01619388491239673,0.00322705261225603
8,1865,0.03260592926144881,0.008483447022177595
8,1866,0.008953664606144336,0.0049867773331104676
8,1867,0.0016105484316259924,-0.0012194750847771322
8,1868,-0.003642497452220283,-0.0026867713331512884
8,1869,-0.01213848902253239,-0.006900496071672683
8,1870,0.005598697257115758,-0.0016786507449738153
8,1871,0.007686408222058995,0.0035785065773906175
8,1872,0.02177264748495423,0.0034523477855770853
8,1873,0.006897092482844836,-0.0010250073142469222
8,1874,-0.004669749548989724,-0.0005363076936073943
8,1875,0.019987257085466736,0.006677351600468132
8,1876,0.010862672327420142,0.0044423830196559785
8,1877,0.005648913004479083,-0.0017757113094526824
8,1878,0.025238839444256856,0.007346807250838417
8,1879,0.02880823371394558,0.006180721663550158
8,1880,0.014452457379098569,0.00231100685809218
8,1881,0.028880888264072396,0.007728812262721996
8,1882,0.01683349255829737,0.0034574868463270775
8,1883,0.0037362937810638303,0.003402358329976872
8,1884,0.033092498471006974,0.010547390448110244
8,1885,0.02229783412927158,0.0077873664758881835
8,1886,-0.0005748094241404609,-0.0019258650409374788
8,1887,-0.0007620942520247801,-0.0007663854036961928
8,1888,0.02805710045857593,0.007044000392192718
8,1889,0.0007140934584473989,-0.0036862734399417626
8,1890,-0.005504448497321899,-0.0041522331877784195
8,1891,0.014187901642927983,0.0002077486807165411
8,1892,0.02174276553668267,0.006667389918704011
8,1893,0.019675494171738007,0.005885747677758086
8,1894,-0.010994403894368867,-0.007547584386187084
8,1895,0.0027675787830044626,-0.002702236479977854
8,1896,0.021825932509768248,0.0036716766981213073
8,1897,0.0264064530884623,0.0075175000811179195
8,1898,0.002893571856015133,0.0004259363372383332
8,1899,0.02155164785403242,0.005351215010548108
8,1900,0.023973443929224254,0.005199920445604498
8,1901,0.014518555018121155,0.002775055575590184
8,1902,-0.0022638112796719936,-0.0029291750138028165
8,1903,0.0036927677184487298,-0.0007323249403316769
8,1904,-0.0005898137738976049,-0.0015327094486198376
8,1905,0.014268081041322399,0.0016805547611735711
8,1906,-0.012743992016383654,-0.008254644320697323
8,1907,-0.007893875419982443,-0.004345125015008397
8,1908,0.011558489614608966,0.0012966151768683046
8,1909,-0.002575994496380431,-0.0015620604889795633
8,1910,0.02535536807534233,0.006339034659477995
8,1911,0.016330400763468422,0.0032244165340149693
8,1912,0.001395982495887734,-0.0015961451734955202
8,1913,0.016131794674246587,0.005506382896453687
8,1914,0.0006038324125512836,0.0009054843207649
8,1915,-0.0011909064779445954,-0.0037977791760022985
8,1916,-0.004290838203806968,0.0006277518198156087
8,1917,0.001860478952254315,-0.0034766565049486817
8,1918,0.0031859974748908804,-0.0019206345527879103
8,1919,-0.00956710782491322,-0.005933064595104952
8,1920,0.01675765088744702,0.006956665277107843
8,1921,0.0019460713480934976,0.0005473259797179944
8,1922,0.006542496529083995,0.0005953720197509773
8,1923,0.015664342437207407,0.004160962473911165
8,1924,0.01506156897639482,0.00511534905646286
8,1925,0.018642694740267925,0.0018773208989904951
8,1926,0.026137011238394955,0.004555121795000465
8,1927,0.02884741134267107,0.010519844001191141
8,1928,0.019147551886793426,0.0046353507070229115
8,1929,0.018486421455777113,0.003855367011947274
8,1930,0.01797207095302066,0.005270953603906195
8,1931,0.019162043475085464,0.005788189920037028
8,1932,0.004518738461315826,0.0021867527908087502
8,1933,0.00445290792518887,0.0031608564114151945
8,1934,0.021056159863325347,0.005816148450955256
8,1935,0.027742348650826337,0.0055321414290856775
8,1936,-0.00665521661465124,-0.005036960091291137
8,1937,0.008278403805593259,0.0010372937481386464
8,1938,0.01943762537956373,0.00675765937756082
8,1939,0.011907730329362081,0.00020371198504473017
8,1940,-0.00045261443130975966,-0.0017961733327269507
8,1941,0.01710804139041841,0.003443578642758943
8,1942,0.011126657860207586,-0.00040060853986817626
8,1943,0.011560697006478061,0.0026747257956403598
8,1944,0.017471429007365022,0.0027544567146302206
8,1945,0.011264816684752382,4.1206052566291494e-05
8,1946,0.003638898936435379,-0.00030391782946198815
8,1947,-0.00856363769725008,-0.0020988932498650905
8,1948,-0.009614069851782004,-0.006154142693796118
8,1949,-0.0030172665140497466,-0.0016686354790148592
8,1950,-0.009130271918591795,-0.005815395578940787
8,1951,-0.0011602555262241606,9.418967082842193e-05
8,1952,0.0011134693912889589,0.00021195174452199006
8,1953,-0.00838018325172808,-0.0031433350509321363
8,1954,0.004819857614305815,0.0015546271331838529
8,1955,0.022657724405568874,0.006566980117796776
8,1956,0.026655240552166892,0.006439748666135699
8,1957,0.025786630606948267,0.008501388685647253
8,1958,0.04448247017112995,0.011750037491253489
8,1959,-0.006449878517663881,-0.006288209375646225
8,1960,0.006814122441703296,0.0037911374514306437
8,1961,0.010453418660622117,0.002452287168795375
8,1962,0.0039676320342791355,-0.0006782937512568082
8,1963,0.010721610757402042,0.0017925093820376108
8,1964,0.002302944226533156,-0.0038914983636916763
8,1965,0.02377207771470151,0.007436958193505379
8,1966,0.020104145043194858,0.004098616316822949
8,1967,0.013082633047438076,0.0029798464908087387
8,1968,0.011854692090140026,0.0006792162093983905
8,1969,-0.0010826320852465503,-0.00103756307680512
8,1970,0.030529595538283043,0.005969009288960677
8,1971,0.041608227471843715,0.011992249753322876
8,1972,0.012728618586537614,0.0047948728456589625
8,1973,0.012695662836975083,0.0002580893031523008
8,1974,0.0035806470016569356,0.0010421260515647468
8,1975,0.009677711337678575,-8.6316106799167e-05
8,1976,0.0008838908053616597,-0.002302692086723483
8,1977,0.012580488347591215,-0.0005654619639788869
8,1978,0.030190055547627333,0.009446053336528086
8,1979,0.010759746274250503,-0.0012112326666615005
8,1980,0.022938147254425532,0.010463891049671064
8,1981,-0.002564262291221341,-0.006309636990019734
8,1982,0.024506804167749422,0.004527283390215602
8,1983,-0.012620771177501003,-0.0018479148283441224
8,1984,0.004772649861795017,-0.001701550642912434
8,1985,0.010868986299902707,0.0011549642840212458
8,1986,0.015505205978379401,0.0045493518407199495
8,1987,0.007580147882158509,0.0007590012190235862
8,1988,-0.008645927665973285,-0.003930231244865818
8,1989,-0.008434229156700973,-0.0032149007036233533
8,1990,-0.0003221109354682387,-0.0014601282973232695
8,1991,-0.011741390035569114,-0.0010660564752479479
8,1992,-0.0015314554368979051,-0.001164934072790269
8,1993,0.018376479179774037,0.0038764272074649745
8,1994,0.01577357674806502,0.004121164932355839
8,1995,-0.002059259873810422,-0.004210228055824984
8,1996,0.043917331441566086,0.011760625400937563
8,1997,0.014913938326977662,0.0012145093080339051
8,1998,0.019597069887146962,0.003434855078169303
8,1999,0.0038534976295124487,0.0018068847603677155
8,2000,0.010783691557948165,-0.0004734077298179926
8,2001,0.0053942122871726925,-0.00010032718150289662
8,2002,-0.0003265451043055245,-0.0004508432697142738
8,2003,-0.003592880566431601,-0.004888550571504064
8,2004,0.017903905137938946,0.0041104015314716216
8,2005,-0.0039989819391228025,-0.0032757315191007837
8,2006,0.008604398243589112,0.002877079856022632
8,2007,0.014332485233462837,0.0029978997428840954
8,2008,0.024596578485006793,0.009194596736482237
8,2009,0.014608709920902747,0.004068346020100461
8,2010,0.025724944780638935,0.008698202312487245
8,2011,-0.009378770368853298,-0.005083307058175736
8,2012,0.023250742032377272,0.007126548262967216
8,2013,0.0116199972566585,0.00026828804378124294
8,2014,0.02246122778159497,0.005914962625546671
8,2015,0.02097585557316387,0.0055440574958820115
8,2016,0.005588231420612431,-0.00044893420609346305
8,2017,0.008211424801691836,0.00012647954474852784
8,2018,-0.00555490907953665,-0.005037720008246989
8,2019,0.003506163628386628,-0.0007528763754354917
8,2020,0.013422364033475359,0.0036272195492856743
8,2021,0.01743356574498163,0.0038406892807400176
8,2022,0.004347352751164492,-0.0017560294356679764
8,2023,0.021695098204210034,0.008551305269522668
8,2024,0.010091508083809783,0.004359562377516618
8,2025,0.008008061997430739,0.0020718060688625587
8,2026,0.02909592363268249,0.009325502400662317
8,2027,-0.008636973346903904,-0.0006910309852029226
8,2028,0.010529291870495297,0.004436866763619168
8,2029,-0.008334777584096016,-0.004533096923205976
8,2030,0.007278776622383,0.0009339137008420218
8,2031,-0.003020678484039884,-0.0016670585302802153
8,2032,0.01164928849198191,-0.0010870496730024711
8,2033,0.016268115038280177,0.0021293982115878542
8,2034,0.016382391017926944,0.0011056041970743727
8,2035,-0.007212133914929023,-0.0035606786160232726
8,2036,0.012152674963925993,0.0032848552788869298
8,2037,-0.00014498100744161438,-0.004709289170355095
8,2038,0.008358999229313357,-0.000956814288506413
8,2039,0.031480316908117166,0.009305091575152245
8,2040,-0.0022166233936449565,-0.004632324307272854
8,2041,0.02955480892375203,0.007909425925925518
8,2042,0.003294286843083066,-0.0022047073883739703
8,2043,0.0050653194503203075,0.00013750508056799087
8,2044,0.023726493513085475,0.009457294905418074
8,2045,0.011827560838141519,7.25266321179568e-05
8,2046,0.015090498365916452,0.0018818782851468163
8,2047,0.02397544866247669,0.005053225948323139
8,2048,0.012591848351228584,0.002053032202350721
8,2049,0.004473957033592519,3.344369887118429e-05
8,2050,0.008452857170503859,-0.0017039365516874798
8,2051,0.0193825131030217,0.0045900634489478695
8,2052,0.01625608224787201,0.005508403368874648
8,2053,-0.038089150951554004,-0.012410581271863445
8,2054,0.005858744938907909,-0.0033618550749423075
8,2055,0.009357760270043508,0.0006690316086184695
8,2056,-0.012716490613399368,-0.008851512710755322
8,2057,-0.0002862732488214833,-0.00442079990686635
8,2058,0.00704666660766164,0.002838303029402115
8,2059,0.01066893863277426,0.002647690635811519
8,2060,0.00014113439734351408,-0.00174447508196799
8,2061,0.017441975303135376,0.0068727028867984
8,2062,0.031514092889714095,0.006707357272586263
8,2063,0.02455096934058819,0.006582089685510365
8,2064,0.014138739922605965,0.0065961503272806395
8,2065,0.007952169941973274,0.007770866049294502
8,2066,0.013967652919235862,-2.3656654572952802e-05
8,2067,-0.010280192947618682,-0.008098768250434811
8,2068,0.015668543046750326,0.0028315335483936814
8,2069,-0.006860372678295519,-0.003211408841083657
8,2070,0.03899328375273288,0.013023116574228813
8,2071,0.01084348203453335,-0.0009307560254852739
8,2072,0.021496545909179272,0.0033542003127414563
8,2073,-0.006775138501390081,-0.0047921465408488515
8,2074,0.015180927804630859,0.003993851776522073
8,2075,0.02156930936969671,0.004616041082749489
8,2076,0.011195530533792526,-0.001193482820945387
8,2077,0.04052757201772303,0.011653506475942
8,2078,0.014844655969154512,0.004168854030219565
8,2079,-0.013181258834681447,-0.0005355778063904934
8,2080,0.011511252605640185,0.0011445340207563112
8,2081,0.00964534057325373,-0.0009017497305387344
8,2082,0.009697665463585532,0.0018845256724195512
8,2083,0.009851953146912684,0.0014133531230029954
8,2084,-0.012691675494579112,-0.007309986213901093
8,2085,0.013347035539988861,0.00016144735660895106
8,2086,0.006683994403568618,0.0036484303458293034
8,2087,0.010140579868224517,0.0028718196537513637
8,2088,0.02354815491130155,0.0069085910311473195
8,2089,0.020169803893642698,0.007563003504018861
8,2090,0.029680947975414474,0.005504776611875286
8,2091,0.0098929084166398,0.0008380250811492504
8,2092,0.015175057903743964,0.00024976187322258
8,2093,-0.004998213924140854,-0.003148832748527554
8,2094,0.007513944080864408,0.0005480003339857672
8,2095,0.008247970982120148,-0.0010961040284594682
8,2096,0.005779066356577456,-0.0023867874566110493
8,2097,0.004853980911532661,0.0020716223694313726
8,2098,-0.005798651713033695,-0.0019980032593177846
8,2099,0.026514209376005585,0.007452681808267025
8,2100,0.0038116298909774858,0.0009604841179815052
8,2101,0.01631979160204485,0.0013964053431066608
8,2102,0.0006948908918174334,0.001128863577902803
8,2103,0.023504841071604766,0.007458773478508191
8,2104,-0.012817631188665794,-0.007910774831900148
8,2105,0.033059056956833616,0.008559584132547104
8,2106,0.012382765998760701,0.00026399038459426325
8,2107,0.02359276748607707,0.008119134520893528
8,2108,-0.0028562609783461916,-0.004471989080020693
8,2109,-0.008011643462561675,-0.00045238644626921656
8,2110,-0.006794585423731776,-0.004017819940682824
8,2111,0.008152627704536173,0.000881999061095976
8,2112,-0.015033535961053918,-0.003967014002287014
8,2113,-0.00557371549762692,-0.005060323992504708
8,2114,0.029395218138299633,0.007676856966481514
8,2115,0.03628150271115009,0.011610994412024784
8,2116,0.009245183694665805,0.00020939174202927208
8,2117,0.006408372230473211,-0.0004868125569122061
8,2118,0.012231515729283457,0.0010016110078649378
8,2119,0.010734401687489308,0.0005909390550754264
8,2120,-0.00608700878306572,-0.0014868314967079494
8,2121,0.005165704657828388,0.0005521294281438309
8,2122,0.025066212274603362,0.007480961405326746
8,2123,0.0011254858428963322,-0.0018868116390588251
8,2124,0.009166015264659063,0.0006508615043142258
8,2125,0.013608064344936133,0.0031024038220453802
8,2126,0.006510201992655285,-0.0014032115399958344
8,2127,-0.008745542413809128,-0.00567270029610171
8,2128,0.018268411996770515,0.007069444443445563
8,2129,-0.0038807010161140544,-0.005534769788895455
8,2130,0.017688367978905547,0.0032721187110441655
8,2131,0.02085062820173657,0.007661797812193784
8,2132,0.012061655672755743,0.0021573981818464776
8,2133,0.01195974540550866,0.003030062895393208
8,2134,0.00036641969758070315,-0.0033173352935519803
8,2135,0.022295688546068587,0.006071803569079429
8,2136,0.01028381557001851,0.002836763949814299
8,2137,0.026977909705578455,0.008138117741408695
8,2138,-0.010352915653021892,-0.007644144303537854
8,2139,0.02335391164424449,0.003962749672915658
8,2140,0.013805676183326626,0.004516767502047302
8,2141,0.01943104664817942,0.008788275326989942
8,2142,0.015339629649493473,0.0025257772283615795
8,2143,0.011796632808755732,0.001122110080895913
8,2144,0.009517858706051591,0.0010770533047182228
8,2145,0.011292421978931537,0.002347720261865331
8,2146,0.0029818901756427105,-0.0023647298293134806
8,2147,0.014136354085993098,0.0001832440031129914
8,2148,0.001987014433387137,-0.0007766772657970439
8,2149,0.013999669954250837,0.0018099997535515275
8,2150,0.004077159684073557,-0.00021084390114425026
8,2151,0.008839782145783227,0.0018113131502193712
8,2152,0.016351072742277702,0.0026691010626395634
8,2153,0.02682183504816892,0.010498591203597736
8,2154,0.017266882265759197,0.005540368624957818
8,2155,0.005444061414428977,-0.0025717618503511997
8,2156,0.006673845968902959,-0.0012538227692415033
8,2157,-0.007568551044836084,-0.0013207216733543813
8,2158,0.009468844757057397,0.0011194712465294708
8,2159,0.027443741925880786,0.006968596013977693
8,2160,-0.021399417030077895,-0.00930542403438563
8,2161,0.001904740207044399,0.00023677810974045464
8,2162,0.0015166180123367707,-0.002497380476986584
8,2163,-0.0001747899066560452,-0.0016000219595709152
8,2164,0.02005038305344295,0.009037515713716743
8,2165,0.0058985699232672615,0.0028055376815214394
8,2166,-0.0050882219315513,-0.006230172022643329
8,2167,0.013751385254376702,0.003860161912145278
8,2168,0.022338166817004852,0.0038898886128741644
8,2169,0.002631651976565433,-0.0013155321752485703
8,2170,0.006766064464542414,-0.000535945174776367
8,2171,0.01094043943988851,0.0008884088184454111
8,2172,-0.004097854866983602,-0.004036013056663246
8,2173,0.01274665863924623,0.002640672794195183
8,2174,0.016419331493974204,0.004145561501486137
8,2175,-0.008266093555452804,-0.0066538052479115815
8,2176,0.008287759614179803,-0.001718282583124025
8,2177,-0.008510251029282094,-0.000738787651814272
8,2178,-0.022967619777792304,-0.009169094347244857
8,2179,0.0355208055778235,0.010609655123308618
8,2180,0.015840308786565085,0.003963802936523212
8,2181,0.02153886377792976,0.00697606305139918
8,2182,0.015783294686811805,0.004615527266679074
8,2183,-0.012290039855295188,-0.007338268251913597
8,2184,-0.0003933927402311092,-0.002164540864428161
8,2185,0.006564245015088234,0.0006823142730532556
8,2186,0.028260356550872914,0.008508252076288147
8,2187,-0.006981117923339305,-0.0029979059900401878
8,2188,0.013639736448624817,0.005729979494095456
8,2189,0.016625710831215185,0.0009895860019116067
8,2190,0.009529215250369963,0.004256225651069509
8,2191,0.008388336504053143,0.0015685760876380478
8,2192,0.015652985075022764,0.0057542657048444915
8,2193,0.006232615803986572,0.002874395715234255
8,2194,0.00903411053980777,-5.847504450324669e-05
8,2195,0.01550722167391732,0.002162050373959929
8,2196,0.006179358898360482,0.0007858947309282103
8,2197,0.024587731452531243,0.006608898361432681
8,2198,0.01611743184922755,0.004368042595676304
8,2199,0.002013261757464934,0.0010743713391018386
8,2200,-0.008677691873443066,-0.0073306360086382895
8,2201,0.006771879083621804,0.000561769408993396
8,2202,-4.664314714352759e-06,-0.0017488317567577504
8,2203,0.01877220793137428,0.004845277290003837
8,2204,-0.001537749899219915,-0.003909306164766459
8,2205,0.019072906725874993,0.00598461690533613
8,2206,0.02065931399366853,0.0035700544283081333
8,2207,0.032239863722219986,0.008267904114493152
8,2208,0.01837066282823578,0.0024003528947970977
8,2209,0.009978947803390608,0.0007468781809231054
8,2210,0.00803712754267872,0.0010331827946407036
8,2211,0.012170654414728326,0.0033529780522647454
8,2212,0.0035763448222251477,-0.0033650268151851023
8,2213,0.007003400469433853,0.0002583796551259957
8,2214,0.03311504675017921,0.011643841644706337
8,2215,0.011936594744010093,0.0008621584845496459
8,2216,0.026218869405635805,0.006505097061678368
8,2217,-0.029896966032389824,-0.010330343223806165
8,2218,0.030850483257883584,0.00997005047574259
8,2219,0.0012252745458235356,-0.003989042329743731
8,2220,0.01225815812165243,0.00559797962864664
8,2221,-0.00018960621433567295,-0.0020576847440514027
8,2222,0.006124170668863526,-0.0012948561668568311
8,2223,0.024713803337170513,0.004834343354480745
8,2224,0.0034758300553503984,0.005066767564478947
8,2225,0.013748641928846415,0.0012814760389507109
8,2226,0.027062384767751173,0.008591007695471779
8,2227,0.0028497106051484063,-0.0017859629132272819
8,2228,0.029540282027494855,0.006069878770096715
8,2229,0.009281096615991113,0.002884208443158697
8,2230,0.005128506433342423,-0.0003172554917270113
8,2231,0.005169122728683344,0.001507985816565283
8,2232,-0.0038000748889464625,-0.00564278272143102
8,2233,0.013782066823821158,0.005897809894493969
8,2234,0.002623191090591904,-0.001215184255266572
8,2235,0.02825401773036997,0.009919598883017898
8,2236,0.04015982358089401,0.009730408503589841
8,2237,-0.0003247539834595762,6.592813327547977e-05
8,2238,-0.0001459945433935574,0.0001192263216960972
8,2239,0.01872961843121305,0.004799238235460878
8,2240,0.003075736804909948,0.0006184319583484391
8,2241,0.019700346488620256,0.007300968488608903
8,2242,0.013564039306906401,0.0020539538390348926
8,2243,0.022141272515006714,0.006124125847574806
8,2244,-0.006426133204863235,-0.0056871954924550055
8,2245,0.005574581551563746,0.0034358469290625892
8,2246,-0.004776801740827552,-0.0030229509350409864
8,2247,-0.008393013138883347,-0.006824659910365428
8,2248,0.0004079794045615756,-0.0017085058341811852
8,2249,0.003622291072872271,-0.0019495818218805581
8,2250,0.01739639091546549,0.001940276244047844
8,2251,0.014470039099381611,0.0034496699279716937
8,2252,-0.005064848570636804,-0.00443941856399971
8,2253,0.00112171701344408,-0.001134023567607187
8,2254,0.004319470437866629,-0.0006143888373350369
8,2255,0.0258778265523914,0.0048707376436461355
8,2256,0.007299713735275553,-0.0020639770180700843
8,2257,0.02225704430919329,0.005018813458864545
8,2258,0.020361819167580193,0.003773913061552024
8,2259,0.00032784402219741994,-0.0010997132984546282
8,2260,-0.002995633823777136,-0.0026227202775197444
8,2261,0.0261833371085656,0.010657243679445814
8,2262,0.016770214743340645,0.004090698222216921
8,2263,-0.012775110611414701,-0.008378761266103171
8,2264,0.0057558196173171546,0.0029901683425902453
8,2265,0.0010283563113518462,-0.0013940154373939943
8,2266,0.007347177891014683,-0.0003758407404531
8,2267,0.018102213343154858,0.003708184325329152
8,2268,-0.015293772724233597,-0.0041307942432506775
8,2269,0.008409927196928218,0.000500411099813718
8,2270,0.00786459122076782,0.0009080885337716817
8,2271,0.019784174407901454,0.00442175468460277
8,2272,0.004160103353548838,-0.0002939625557934339
8,2273,0.01440307202826342,0.0018911062899961027
8,2274,0.022931073610777918,0.0075215785961906065
8,2275,0.006452004710220254,0.0033976896848849766
8,2276,0.01789085072665701,0.0021675410632171176
8,2277,0.0031258230322930777,-0.000594116598347797
8,2278,-0.004221750104835795,-0.0024630593734626645
8,2279,-0.0058511601462447995,-0.003386297436941373
8,2280,0.02640990770164533,0.006060786853467979
8,2281,0.010519508775496563,0.0021481676411956325
8,2282,0.025945626978717752,0.007210668727001271
8,2283,-0.00870873120198298,-0.005978437394922215
8,2284,0.01773350941496341,0.005720807665479152
8,2285,0.014156625852711819,0.0011555897737443544
8,2286,0.022383847247783552,0.004304723244952124
8,2287,0.00018001068638332488,-0.0009650473353082601
8,2288,0.018389357209586125,0.007917138580324343
8,2289,0.002452225324458077,-0.0003787078419101677
8,2290,-0.00011547607510705247,-0.00392033671942245
8,2291,-0.007826085811117945,-0.0033982350786434415
8,2292,0.0321001039417803,0.010637408968660401
8,2293,-0.0004710860618492669,-0.00011872003832904818
8,2294,-0.004720614924691063,-0.0031070304688841574
8,2295,0.009513309576320217,0.0010391013265721857
8,2296,-0.0002539575628814535,-0.005595375204807516
8,2297,0.012646193001312022,0.0005607636924050921
8,2298,0.0024146317834995348,-0.0019181328663408779
8,2299,0.007613338300712022,0.0009483286944785668
8,2300,0.014479246082971974,0.002536374444137263
8,2301,0.0008624510253224427,-0.0001885298520976537
8,2302,0.0036286228313056213,-0.0010208321012549584
8,2303,0.00604512935348208,0.0006230906110879182
8,2304,-0.002169322703150136,-0.0037501888487064153
8,2305,0.0026576329432131196,-0.0039033199662337546
8,2306,0.014786694327208237,0.00244898970307916
8,2307,0.022727015222166195,0.007282381306516123
8,2308,-0.004611338502757743,-0.003494760975532537
8,2309,0.014690294974834739,0.0041993604380093615
8,2310,0.010625783496853244,0.0003542780499952683
8,2311,0.007326473554999401,0.0022298428412920466
8,2312,0.010657731789617009,-0.00020670292956377563
8,2313,-0.0011753044141759917,-0.004845382431682166
8,2314,0.006237920921539709,2.3380704594104907e-05
8,2315,0.0028238653565430365,0.0005228316113216228
8,2316,0.020943540355277367,0.006381164147670662
8,2317,-0.012321371855719994,-0.007355978706385552
8,2318,0.000156803236007758,0.00208701074175158
8,2319,0.0030857171755104395,0.0016411473212413622
8,2320,0.02063966681137329,0.0035422296047875152
8,2321,0.008010540265496982,0.0010629515799649844
8,2322,0.016859777488696118,0.0037371615733550402
8,2323,0.021506530907230724,0.006178568415682955
8,2324,-0.0070197908417522,-0.002624155585514345
8,2325,0.005345827877614672,-0.0005971569696774646
8,2326,0.011157727114834344,0.0007949534938128823
8,2327,-0.006657530807667092,-0.0005966599198542956
8,2328,-0.0008785631969604153,-0.0016725212641151344
8,2329,-0.0074759562528307864,-0.006163771067158067
8,2330,0.012656762892203011,0.0023676315493598643
8,2331,0.02816691325611991,0.010401599559371299
8,2332,0.015232912088482748,0.0043244006424285625
8,2333,-0.005453166576692989,-0.0027240718752925466
8,2334,0.007748073189207062,0.0009613497157615244
8,2335,0.016755596938784464,0.004490478518360096
8,2336,0.017383454785461647,0.004150476503982357
8,2337,0.012735865625517763,0.0012316879162709965
8,2338,0.016056000182269447,0.0021848659774485585
8,2339,0.00688820799088269,-0.0005216212846187091
8,2340,0.025580154276723645,0.007359067950410905
8,2341,0.01654300246441916,0.004313790336814125
8,2342,-0.010082415466811656,-0.00828531895431521
8,2343,0.022963139975809385,0.00802854591451567
8,2344,0.011088355475024602,0.00241224629600047
8,2345,0.005878037852215507,-0.0022472736332046182
8,2346,-0.017717431697023455,-0.007442474960863031
8,2347,0.0038469520210857506,0.0005622538846493283
8,2348,0.014501612746501842,0.001089303568838802
8,2349,0.007907323548656815,0.0018234252367038638
8,2350,0.01791214471743443,0.0036560154309009784
8,2351,0.001620778014970774,0.0026981942864274396
8,2352,-0.012116567090898377,-0.00623392264832915
8,2353,0.01842993681112194,0.003444164131333704
8,2354,0.013565002870481435,0.0016172856816502714
8,2355,0.021006600054818452,0.005572854031417813
8,2356,-0.010821766350625484,-0.008414432636971286
8,2357,0.003018158598033252,-0.0038045326848988835
8,2358,0.018569109262110844,0.005306578376016732
8,2359,0.022653629892308787,0.004514925753581335
8,2360,0.01071242924671869,0.002200918083101425
8,2361,0.008113710798829743,0.0020294191390937844
8,2362,0.0015321635327936796,-0.000632699063623474
8,2363,0.009415586500155183,0.0048978526408843285
8,2364,0.005204668896246156,-0.001212900319370858
8,2365,0.015007286809692192,0.005985913078713235
8,2366,0.012346264121284872,0.0056534211095953
8,2367,-0.005478603587057867,-0.0029840539209973218
8,2368,0.002398779325737346,-0.00253359746009183
8,2369,0.024123815771840508,0.004123289221644953
8,2370,0.004807398199370641,-0.0029651852304952543
8,2371,0.008976673159519952,0.0003695298854785605
8,2372,-0.008014625703824423,-0.00708448376594747
8,2373,-0.0034917572746061103,-0.0006787431604180662
8,2374,0.028860508620683744,0.006608062176662639
8,2375,0.009713703623314848,0.0004799130873279572
8,2376,-0.005609811017856635,-0.0016247287366069258
8,2377,-0.009923455232381818,-0.0030260463907929693
8,2378,0.01835924637067333,0.0012860371711495406
8,2379,0.015301605551782232,0.002423710929648367
8,2380,0.020021962570729707,0.005551291569946637
8,2381,0.02520414633846325,0.0054605584733826654
8,2382,0.011530878507567654,0.00439864289856041
8,2383,0.004434226952503006,0.0007225768051045529
8,2384,0.007976402833192476,0.004274266048435104
8,2385,0.021049706430134808,0.004344025222891836
8,2386,-0.0067956438833345284,-0.0014058045447715019
8,2387,0.0001801671083197302,-0.0010753721664825949
8,2388,-0.01479537345950676,-0.005955695300194604
8,2389,0.022547481786845784,0.007727494829567343
8,2390,0.04026943266754145,0.009002104279642563
8,2391,0.0016552163861489218,0.0013711503090535857
8,2392,0.03645675477714119,0.010119954777521959
8,2393,0.006225369676218172,0.0015116940264969982
8,2394,0.014587674134410866,0.00322189172817456
8,2395,0.002122301454749349,0.0010220156473839765
8,2396,0.019175878247887714,0.005321795034676595
8,2397,0.0025073436733609265,0.001283579450350074
8,2398,0.013197933791962255,0.0019300585922986389
8,2399,0.004418932698008392,-0.0014105418324634824
8,2400,0.007342576397642915,0.0011116251280581238
8,2401,0.004704355079011942,-0.0004916407354379806
8,2402,-0.02317944246503258,-0.008470747634650245
8,2403,0.01598466016981398,0.009919810788288509
8,2404,0.027277428228455535,0.005312714711508205
8,2405,0.00771080101373709,0.002165859487063893
8,2406,0.022106653596683012,0.0038215828016164746
8,2407,0.01828841050095784,0.002930959741189523
8,2408,0.010294648745525305,0.0013442733779617502
8,2409,-0.011771771083797473,-0.005548232534805438
8,2410,0.023987705610898493,0.006038633782359291
8,2411,0.01510606094709782,0.00405394437148967
8,2412,0.009483356765184414,0.0017650363224701788
8,2413,0.007851458828944264,0.0021941962150617248
8,2414,0.013167133835899968,0.005041688161897978
8,2415,-0.00019516818326090738,-0.00017428861002842302
8,2416,-0.01617833345209856,-0.007287119989991326
8,2417,-0.0008104512647212676,-0.003050485026308486
8,2418,0.012796236291556115,0.002565080573381851
8,2419,0.008090304947931231,0.0067412783753538034
8,2420,0.022558134961832482,0.005863745743692102
8,2421,0.03160167167720472,0.007787224734052302
8,2422,0.031165184911034302,0.010750470060313317
8,2423,0.018085725020566344,0.0010823939865768392
8,2424,0.003906366122897835,-0.0022211967339766992
8,2425,0.0014220268557069398,-0.003291946448536305
8,2426,-0.004940455705863235,-0.004067094696759289
8,2427,0.011024721318208556,0.00025571174233448673
8,2428,0.008952924354710855,-0.001621276863751807
8,2429,0.014152298408654227,0.0019232078894549148
8,2430,0.003843856750934891,-0.0004436848555123442
8,2431,0.013530166565475737,0.0012920388852899704
8,2432,0.007521265176422409,0.0020427790211466814
8,2433,0.01726331992380664,0.003748249689608503
8,2434,0.020175309180780074,0.0018211737399666554
8,2435,-0.0027995450648859877,-0.002459183754190765
8,2436,0.012310889805544593,0.0034175163139927747
8,2437,0.006162177672481736,-0.0025605515925732456
8,2438,0.010404079363476742,0.0006519038840240143
8,2439,0.022450836802255444,0.0070444052677395355
8,2440,0.007863118229180654,0.0013869651840782442
8,2441,0.014484095013765495,0.0029349111947866444
8,2442,0.005724510824722159,-0.001547663779014641
8,2443,0.01489686273354627,0.00482574439869378
8,2444,0.008502409293625245,-0.00028237899399420364
8,2445,0.020849845805440193,0.0022293926070499183
8,2446,0.03915135759848347,0.013305673520598875
8,2447,0.022363559550716595,0.004719815196333698
8,2448,0.028869683592750592,0.006039336989883813
8,2449,0.0290528540345793,0.010095496424453195
8,2450,0.011612837379882376,0.0012108968767332608
8,2451,0.02602980784511146,0.008569618027438065
8,2452,0.005492403156479715,-0.0015839201695972336
8,2453,0.008660449826745355,-0.00044714152982775287
8,2454,0.010926359212905128,0.001699891200644397
8,2455,0.017089860267199653,0.00163168510494605
8,2456,0.017254676909278698,0.0013386653849850037
8,2457,0.0036897150906814408,-0.002379516619329012
8,2458,0.021197029127882742,0.009426738630808252
8,2459,0.0015342062868504936,0.0006767998099368645
8,2460,0.018987101567577217,0.0034502640302204956
8,2461,-0.019623309569309442,-0.009477949923105456
8,2462,-0.0026430334894356465,-0.00271673724593135
8,2463,0.001893626716846051,-0.003090007109430805
8,2464,0.00713243119671548,-0.0016470437269825997
8,2465,0.007260232824228589,0.0007051304710514606
8,2466,-0.0068331136301609035,-0.004955925386994778
8,2467,0.022098066105948472,0.00572994607406912
8,2468,-0.003455415852698693,-0.004208649635396936
8,2469,0.01953865235115239,0.00579596907798825
8,2470,0.02553508456019677,0.006712565422122955
8,2471,0.031958206824772815,0.008777318101933515
8,2472,0.012371987648395697,0.003838564300457533
8,2473,-0.01552091866714208,-0.009648624240437827
8,2474,0.007049700176310972,0.00031574671562285
8,2475,0.006127983177324683,0.0008297804149589408
8,2476,0.03587938276159869,0.011832637312257878
8,2477,0.011174645234756147,0.004126584897431002
8,2478,0.0021427875348773748,7.189578707048572e-05
8,2479,0.028327217296903292,0.00812731133476448
8,2480,0.010597791771206616,-0.00012214600440627822
8,2481,0.01600907085330953,0.006384305438993157
8,2482,0.016554601124037244,0.0034725184847894776
8,2483,0.027990966604859384,0.008856260120724822
8,2484,-0.004934847442668218,-0.003333267953443606
8,2485,0.025032153154201923,0.007323441740830256
8,2486,0.012917809216917838,0.002957814605812325
8,2487,0.0015091614153570937,0.0020941059664592704
8,2488,0.0036981416134193494,-0.0017758500128388854
8,2489,0.0041100781906065415,-0.003672522568690015
8,2490,-0.002698195008630839,-0.002499858400235605
8,2491,0.003912860239146161,-0.0024929135248459443
8,2492,-0.0028843078767136045,-0.003279646460299888
8,2493,0.0014193047400169482,-0.001221880989197872
8,2494,0.006062596286568179,0.0039423090586190365
8,2495,-0.01246876350059606,-0.005488537296298095
8,2496,0.01749686448581514,0.004994922687246424
8,2497,0.02449679126867519,0.005008561975201935
8,2498,0.002734398178609251,-0.0016013610257863465
8,2499,0.010867605026312007,-0.0005899847709871879
8,2500,-0.0026674543701117647,-0.0021707395451146193
8,2501,0.028218941271214,0.0062067507448170505
8,2502,0.0035244147639319173,-0.003398876626205279
8,2503,0.011986317972876219,0.0028341516290671756
8,2504,0.007477715128285998,0.00024583243373710697
8,2505,0.01283087996981823,0.00025356696007864467
8,2506,0.01103001595841784,0.0011782871946523538
8,2507,0.0008139915859129393,-0.00025497819591841197
8,2508,0.0003352835139792654,-0.0018280108831248635
8,2509,0.0006017106017383718,0.007836198519782133
8,2510,0.009239831736964953,0.003510317013258436
8,2511,-0.008102708865932975,-0.002729577156562678
8,2512,0.01817562887063161,0.005650041010148695
8,2513,0.01603077028595927,0.0010190102917609582
8,2514,-0.0013489697575391453,0.00021359185742166186
8,2515,-0.0035527655993847942,-0.006582219026626929
8,2516,-0.0028049040080151333,-0.00033847407643413415
8,2517,0.025802989012908933,0.0070482376473321035
8,2518,-0.008649741155499675,-0.004325864782114917
8,2519,-0.006728853132131399,-0.005856375447139947
8,2520,0.027534528973648383,0.007586674683331105
8,2521,0.008039755369879071,0.0007012177259026018
8,2522,0.02194610327639548,0.006877735766583678
8,2523,-0.007827059285810711,-0.00544982902866516
8,2524,0.030152118094215207,0.00955352158477332
8,2525,0.022180157756107387,0.005584044086739965
8,2526,0.018574422067915222,0.004886302599488142
8,2527,0.019091851679160235,0.0017236960840498476
8,2528,0.014835796138716377,0.004922789201796587
8,2529,0.001600730426323124,-0.005209625876195981
8,2530,0.01417681128029224,0.005414664684943173
8,2531,0.014041360722215351,0.004077987158734923
8,2532,0.015189720889279276,0.00438165151784192
8,2533,0.017371891168580688,0.0037862269286859677
8,2534,0.017289554956865724,0.001422830035951629
8,2535,-0.019242319514168903,-0.007929100069066471
8,2536,0.003307587316534675,0.002133467125192917
8,2537,-0.015233475894481045,-0.007280140503920912
8,2538,0.010550360362563132,0.0032446136159493813
8,2539,0.00806164929632646,0.0059306510224416105
8,2540,0.0034355412023189904,-0.0006952736148798203
8,2541,0.02801886445857672,0.006932081464065602
8,2542,0.0026189106698369267,-0.0008165259246324116
8,2543,0.009710516067155376,0.001659146928147995
8,2544,0.0130845659853721,0.003202451325298569
8,2545,0.0014038131350963112,0.000995403969273813
8,2546,-0.013630798900945169,-0.0047408343802790446
8,2547,-0.0010862695449551972,0.0015012935915233365
8,2548,0.01186713835976211,0.0008300126214270208
8,2549,0.0159319153346134,0.006142010687118641
8,2550,-0.007568100746689176,-0.004602351251718493
8,2551,0.0021882355570620026,-0.0022245625528645573
8,2552,-0.004114751143987426,-0.007098960261937358
8,2553,-0.006784625200093581,-2.1994809439600467e-05
8,2554,0.011418618074815076,0.008967719009712959
8,2555,-0.010116512100052355,-0.00511800869995937
8,2556,0.031045519488665022,0.008193309188725491
8,2557,0.01809263875260148,0.005324833079605349
8,2558,0.00891009797886212,0.0011109574547027948
8,2559,0.015492965677737789,0.003182670994858955
8,2560,0.033993425229941684,0.011428714513550839
8,2561,0.007321311657004396,-0.001712217633717328
8,2562,0.0001430755657377654,0.002462198810316301
8,2563,0.0027716725959913632,0.0006671853716595821
8,2564,-0.002481304364239273,-0.00020152696446356676
8,2565,0.020118125997529768,0.0050103097830841836
8,2566,0.029124010391425773,0.0059908829968127525
8,2567,0.008559828176004543,0.0021365293313238675
8,2568,0.006265068524213863,-0.0003670043661338554
8,2569,0.01174347878313882,0.002676574906176111
8,2570,0.005121842678031816,-0.0019807514577335874
8,2571,0.0022764846840720708,-0.002338754787890385
8,2572,0.011065228516622543,0.0013785694173168899
8,2573,0.009421759846141613,-0.00046737204354634554
8,2574,0.003843091999036135,-0.0021582180876203168
8,2575,0.009160710698461048,0.0020931329070869586
8,2576,0.009436296853295622,-0.00016437418444012656
8,2577,0.008259249361523512,0.001006818070561039
8,2578,-0.005012028274745846,-0.0028740457527517598
8,2579,0.0372524462322353,0.01234308096390228
8,2580,0.016433934247951313,0.0036169247511594342
8,2581,-0.008201487708538888,-0.001398086781863507
8,2582,0.015585139440537667,0.005498942809644003
8,2583,0.016459895233077615,0.0007797138119425034
8,2584,0.01018548538073387,0.0008873125785851386
8,2585,0.014095107451111078,0.003069373960096123
8,2586,0.0004618176465389645,-0.003929992462767263
8,2587,-0.0017549638664795906,-0.005271648487063258
8,2588,0.003986659981193111,0.0017162752534327483
8,2589,0.01218002106959658,0.0005689308075393325
8,2590,-0.011163086586755851,-0.0022713066334131837
8,2591,0.014639376765760237,0.0011204315750349132
8,2592,0.023568655018850918,0.004754950307787936
8,2593,-0.0041484081480721744,-0.004743259720835059
8,2594,0.029346091254296314,0.00904790924221575
8,2595,-0.006018593096782923,-0.00596063520981964
8,2596,0.017643904889379496,0.0020216651012362674
8,2597,0.0189816475176174,0.007801421284696722
8,2598,0.02309279764077959,0.005213162261244872
8,2599,-0.02083124349206154,-0.008800205546432857
8,2600,0.03201585515290148,0.008352013863041984
8,2601,0.01255629416225907,0.0053260959458402875
8,2602,0.011642945126567533,0.001208513837817199
8,2603,0.01002740709937054,-0.00010615456329971949
8,2604,0.019292089891055245,0.005550819241248281
8,2605,0.02734761425036856,0.00455262734356211
8,2606,-0.01731693270335237,-0.008741442984552235
8,2607,0.011068303290541483,0.0024366098943021906
8,2608,0.00272549743342409,-0.001274427087967991
8,2609,0.017048536817128566,0.006404677218312387
8,2610,0.02092831505916344,0.007362514591350963
8,2611,0.021345463296891503,0.00646169176922844
8,2612,0.009724949385563092,0.00033898762625258295
8,2613,0.01232382782755525,0.0022173534133991812
8,2614,0.024731110769720736,0.005104617872844001
8,2615,-0.001156623155566889,-0.001962855145283036
8,2616,0.0046547724594483905,-0.0003136134344674951
8,2617,0.0032783100636800218,-0.0006571858480324104
8,2618,-0.00580804412747949,-0.006036872456253996
8,2619,0.028293552798613578,0.006819012308862776
8,2620,0.016270035266363562,0.005498149814304118
8,2621,0.020215142789482814,0.008034352537665646
8,2622,0.00897753252192457,0.003306625529950923
8,2623,-0.0016674102689803816,-0.003091480714634892
8,2624,0.019129308948516527,0.002596609898355055
8,2625,0.011996922494889565,0.006982124718355321
8,2626,0.008434586782681665,-0.0010812578416833638
8,2627,0.003512031451977454,-0.0016161967859539713
8,2628,0.0039266797382048685,0.0004208106287099942
8,2629,0.029307020235387445,0.006034202298099166
8,2630,0.008260049028494695,0.0022066702426246807
8,2631,0.01323141291716046,0.0028367102568094974
8,2632,0.013367536491026717,0.0013027539478933424
8,2633,0.0054211688006836145,7.572921122634393e-05
8,2634,0.009931097576603027,0.0005706430010613848
8,2635,0.01388445980376498,0.002623401095043906
8,2636,0.004578282711247442,0.0035104834367117154
8,2637,-0.004051738039302109,-0.004995439244419041
8,2638,-0.0006782078030585808,-0.0038475473900499036
8,2639,0.01755978675169203,0.0032827880112014257
8,2640,0.01714153765952952,0.004344530168351188
8,2641,-0.015119380728299993,-0.008085755775149169
8,2642,0.012048397747213916,8.838845429347288e-05
8,2643,0.02075410101304903,0.006190010861959067
8,2644,0.006963470073389568,-0.0006984069172399735
8,2645,0.010481098085839987,0.0039385182599079565
8,2646,-0.003353144390508897,-0.001732659973956577
8,2647,0.02234669524851771,0.005079334389006781
8,2648,0.008671218838474215,0.005637885828769104
8,2649,0.011355511778793691,0.0009297535567518396
8,2650,0.006428938758064742,-0.0005403426769933863
8,2651,0.004145297171783981,0.0033158929427790067
8,2652,0.0003684643611214114,0.0008145188866664865
8,2653,-8.216333814599961e-05,0.0012406432990379904
8,2654,0.015788112028351717,0.004514078275852946
8,2655,0.028942269809078068,0.007942719667594888
8,2656,0.009020619855340438,0.0028775640333640554
8,2657,-0.0008487703007479061,-0.0006407265157199847
8,2658,0.012838108133361973,0.0007741076327151522
8,2659,0.005253791752883738,-0.0041040186768882625
8,2660,0.02499041350226403,0.007595619765159091
8,2661,-0.0018081642669757875,-0.0056456676815043
8,2662,0.005668364801461347,0.004255864650774645
8,2663,0.00985159442685106,0.0020593337558150048
8,2664,0.027224541100371605,0.009270132016506392
8,2665,0.007901754401532055,0.0007690538540875462
8,2666,0.012691645103585364,0.0007347165437148623
8,2667,0.015272603272298388,0.005367778757137136
8,2668,-0.01291740936075913,-0.001886059952255805
8,2669,0.03018407772429588,0.008500987454232915
8,2670,-0.00342323977507681,-0.0037089771774502416
8,2671,0.020634410794623363,0.0037767499410515616
8,2672,0.03569864019017519,0.009559197241900871
8,2673,0.01875069770100856,0.005197543457614497
8,2674,0.011257966430189156,-0.0008274770968194869
8,2675,0.019986129313907388,0.0030117901543237576
8,2676,0.0036898374826739807,0.0007529887590897479
8,2677,0.004311866159329898,-0.00012374209820574874
8,2678,0.015700011452190025,0.0074600849684901965
8,2679,-0.01185150442672667,-0.00798664056024407
8,2680,4.5458115162580424e-05,0.00029334806526904117
8,2681,-0.005318616542440449,-0.006026282972535757
8,2682,0.02054280229613715,0.002894627666892204
8,2683,-0.0008386130650663313,-0.0012477537922413705
8,2684,0.018319081578578544,0.00917188074655745
8,2685,0.005517645768009043,0.0020895158646191763
8,2686,-0.002646707116688503,0.0008485353651085434
8,2687,0.008528757064921575,-0.0014814420882953332
8,2688,0.01778925533507204,0.003165655334184692
8,2689,0.018446916035558127,0.005396219273879004
8,2690,0.001470389831722968,-0.0017237389941235299
8,2691,-0.015963272547537304,-0.007889586768714818
8,2692,0.025894353320674895,0.006797957169523858
8,2693,0.004283205388612322,0.0013601854858144476
8,2694,0.007299177418086533,0.003018316987143782
8,2695,0.01430936266359187,0.0003593163902725661
8,2696,-0.0029465818133364093,-0.0007811088911871406
8,2697,0.004232114811298453,0.00040143238126563865
8,2698,0.023978787393039786,0.007310844007095408
8,2699,0.027373853435705666,0.008570693999999806
8,2700,0.025981616333502103,0.004785867266429515
8,2701,0.017696925018268493,0.002928946541586538
8,2702,0.0015522559215855871,-0.0031214627882313276
8,2703,-0.009901411579837533,-0.005545070856119651
8,2704,0.006212893318881562,0.0008966000547575945
8,2705,0.01512386138015514,0.001019723317875448
8,2706,-0.006244305323408256,-0.0020404021891792254
8,2707,-0.020023844139348282,-0.009285203530512025
8,2708,0.022035581297418824,0.003768279418436348
8,2709,-4.964928248103228e-05,-0.005667464498982113
8,2710,0.014946405724891584,0.0002527929296709003
8,2711,0.004642555765063335,-0.0014094589244445287
8,2712,-0.006700214466977821,-0.005289136062249318
8,2713,0.0009400863251299535,-0.00288131561251687
8,2714,0.013253047510046193,0.0014060299031303678
8,2715,0.03510236844120349,0.012795819500904032
8,2716,0.025326422790615755,0.006212741026340937
8,2717,0.017568020904522814,0.006666704949230617
8,2718,0.027484779663195232,0.00890057944126852
8,2719,0.03959387984863299,0.011691673624609988
8,2720,-0.0096780715485546,-0.005364604449371764
8,2721,0.010395143654736344,0.003452846536430132
8,2722,-0.0021746369143240667,-0.003235246556396075
8,2723,0.02272623143869801,0.006991260901351008
8,2724,0.008553127890420629,0.0005022602670113017
8,2725,0.02138249533001036,0.002988475617578446
8,2726,0.019240764457946643,0.002904831344434829
8,2727,0.0168451871420899,0.004221553536749421
8,2728,0.02122015603161923,0.0035558741007647907
8,2729,-0.007082847457331021,-0.001596219081811621
8,2730,0.022779543644568013,0.004159391742501761
8,2731,0.030081393637266217,0.009162626758822364
8,2732,0.013077378162293695,0.0011741320938400647
8,2733,0.007235157835271841,-0.002085641047806053
8,2734,0.0254988739021989,0.005242577592241515
8,2735,0.008859030962266755,8.446948512394421e-05
8,2736,0.012807944174875616,0.004267110107799162
8,2737,0.03751647289409902,0.013288639484500974
8,2738,0.009113646321211496,-7.269426842636944e-05
8,2739,0.0002447164085674224,-0.0026284219411846408
8,2740,0.0032545811067466184,0.0028247140859863217
8,2741,-0.0011965349354960935,-0.0006363832076102951
8,2742,0.0020724961616295054,-0.0013979114205969485
8,2743,0.01369471338428098,0.0002107783677281781
8,2744,0.012898334763181439,0.0003322502429657553
8,2745,0.006244948324480096,0.00017065619754685134
8,2746,0.004768479637924797,-0.0003855538151660102
8,2747,-0.010967098521611502,-0.0033807274140873794
8,2748,0.005152876486634048,-0.0011834035996003498
8,2749,0.013988624773746742,0.0015860743046502332
8,2750,0.01912255435464586,0.00433843174739091
8,2751,0.012680224222526536,0.005384197635734642
8,2752,0.020617775494018796,0.003420944118475961
8,2753,0.010325908220547401,-0.0008679230161637418
8,2754,0.014620589230400818,0.0025000366868641916
8,2755,-0.009893425886399632,-0.006588582678890781
8,2756,0.024468305594191168,0.0060724784190072925
8,2757,0.011110914278197676,0.003669054114891183
8,2758,0.004728958768496293,0.0002576984407352923
8,2759,0.004393062989834192,0.00401631299649868
8,2760,0.003872527027336048,0.003972641629454237
8,2761,0.0036190421556224705,0.0010949542219159884
8,2762,-0.005013424784658786,-0.001633851181357976
8,2763,0.004278311075994502,0.0029422281411233386
8,2764,-0.0018862816788086326,-0.003218700925187343
8,2765,-0.0031066621899138117,-0.0046695010676443835
8,2766,0.011660024629312172,0.0026591114657700146
8,2767,0.001068043102662736,-0.002934541418278341
8,2768,-0.000556375862853687,-0.00024328459906952453
8,2769,0.023317023226708724,0.006314629131643807
8,2770,-0.001328424167269353,-0.002673216170450542
8,2771,0.0018520214086589907,-0.003415186227089811
8,2772,-0.0007825350874236484,-0.0035013487575793925
8,2773,0.021457264563030418,0.003672206730570053
8,2774,-0.005647341353614832,-0.004991036488919053
8,2775,0.006524293456026245,-0.0016653199404027162
8,2776,0.024316353632111445,0.008594341548113432
8,2777,0.014722694078585077,0.004877565845537493
8,2778,0.011898421812332484,0.004985265277207664
8,2779,0.03240117956329915,0.010700122714509099
8,2780,0.005363431841047397,0.002244744714179231
8,2781,0.004546566205068331,-0.0006783338156861694
8,2782,0.007692602558219408,0.0021455585032020205
8,2783,0.003683820952544861,-0.002150519502497173
8,2784,0.004423490669288247,0.00046997685492011873
8,2785,-0.00025988498039258406,0.0008966510666160088
8,2786,0.008314983923611453,0.00039953969218827374
8,2787,-0.00253360376706773,-0.0027338417988870085
8,2788,0.03037913042111631,0.008104060222817941
8,2789,0.010298619846330178,-0.0009036885128608412
8,2790,0.015870956030891406,0.0025450550703575293
8,2791,0.012500199969720465,0.008487147930679314
8,2792,0.013661383415356857,0.002003802194018299
8,2793,-0.005734389231616431,-0.0038322790608396034
8,2794,0.003154037710728568,-0.0011533731764941104
8,2795,0.008360068865443129,0.005680096031696717
8,2796,0.0013129094651947533,-0.0023647292423744993
8,2797,0.012110741695327672,0.0047422340789296065
8,2798,0.007804727214013549,0.0015364560008605083
8,2799,0.010749151866199801,0.0017597411464248536
8,2800,0.0197082937988679,0.005822619915475512
8,2801,0.018398226542972747,0.0027494945811718527
8,2802,-0.006522529228576643,-0.004067015363184931
8,2803,-0.01019176298495479,-0.005049392327205835
8,2804,0.010042793423635767,0.0003330259736142668
8,2805,0.0030107215470255625,-0.0012549446891007366
8,2806,0.026953679967438655,0.006473579827944365
8,2807,0.005337639924837394,0.0012462130911047248
8,2808,0.014381346166168471,0.0028920118914279188
8,2809,0.022659870821659905,0.006460011689732936
8,2810,-0.0081455132776059,-0.0049604726793506405
8,2811,0.004308792196448676,0.0005090618734574475
8,2812,0.008756197015879316,0.0010591814104987188
8,2813,0.016987716179822705,0.005034045110742677
8,2814,0.019283307463520284,0.005612530609025277
8,2815,-0.010681281794729807,-0.003880954846814091
8,2816,0.012660671865684248,0.0016057460113540823
8,2817,-0.01812892203798455,-0.0068188642480667624
8,2818,0.0021054453165710906,0.0013404335355201435
8,2819,-0.001911376478295901,-0.004060830637553052
8,2820,0.029185605929136632,0.009458687799225214
8,2821,0.002937818184940649,0.0016341567318257214
8,2822,-0.003756739545723638,-0.004691705139215429
8,2823,0.0010125408626535084,0.0008245774599977967
8,2824,0.017672828168915654,0.002192628437598339
8,2825,-0.015368224960520068,-0.008558242760939479
8,2826,-0.0005012830491526593,-0.0011961154853314384
8,2827,0.01502946622115555,0.003519284650969492
8,2828,-0.005207087245804064,-0.004727839139216214
8,2829,0.02495275558055093,0.005688005846821966
8,2830,0.028208802496305356,0.008108667372509194
8,2831,0.009991002617722393,0.0013696437856563271
8,2832,0.002761278332896785,0.0016406548403774413
8,2833,-0.010831816121779615,-0.006688701051213601
8,2834,0.02965377260727896,0.01024286426241674
8,2835,-0.003921239734391475,-0.0033835510794547304
8,2836,0.011640702738563208,-5.301650107260899e-05
8,2837,-0.010811672218852104,-0.002511028487548747
8,2838,0.0150566997106146,0.002155874481024135
8,2839,0.011817013151199002,0.008256419007736942
8,2840,0.008607857391816588,-0.0009473612231690355
8,2841,0.005256414860905129,-0.0016095160025035647
8,2842,0.00923245554900069,0.0006971353394867316
8,2843,0.010749857482763305,0.001539167666135769
8,2844,0.005282019868506383,0.0005906389436917526
8,2845,0.02136400423743545,0.006788645844906291
8,2846,-0.0024555640411826926,0.0012525524238605572
8,2847,0.027311635356725126,0.009179996885216755
8,2848,0.0021009446842456467,-0.0026539210399117432
8,2849,0.012628488851917136,0.003952667324608938
8,2850,0.011780964367177349,0.005208021833066522
8,2851,0.03209428442214125,0.009085633251257556
8,2852,0.013885216352636098,0.006284779809321358
8,2853,0.01115779376109734,0.003458515526414797
8,2854,0.034724255602740874,0.009617069075284793
8,2855,0.01830069098744182,0.003707570091616497
8,2856,0.00109657118141371,-0.0003886569627928699
8,2857,0.00717051254535,-0.0016898442979289517
8,2858,0.01669754195047214,0.0025048069011265697
8,2859,0.013864187339235012,0.006662759591061242
8,2860,-0.006700073442567678,-0.007259182054430435
8,2861,0.004700910567327395,0.00011785755805460858
8,2862,0.0067127575793053534,0.0032971173720186776
8,2863,-0.008269973392536233,-0.0055988491093295475
8,2864,0.020394483814499445,0.0050469299122967316
8,2865,0.0063509308791594886,-0.0011709010482653843
8,2866,0.013523284744214513,0.0005533122163186127
8,2867,0.014571344219362913,0.002244930814306105
8,2868,0.009449647202226063,0.0006543445979770321
8,2869,0.015638377356253966,0.0059412376514283724
8,2870,-0.002484240799585709,-0.0010525876896359547
8,2871,-0.008913872328544053,-0.006563666358566761
8,2872,0.025114270307913085,0.008309720456329992
8,2873,0.011826311468070578,0.0006610260285838423
8,2874,0.007169033561099827,0.006067002184871918
8,2875,0.00307505920607462,0.0017937718667805256
8,2876,0.02614885922523606,0.0071196773550784315
8,2877,0.009885069915748093,0.0018882093639965855
8,2878,-0.0015429625556544354,-0.004117513995140556
8,2879,-0.02019941380546231,-0.008318771907565345
8,2880,0.03004677233389599,0.007019679664146213
8,2881,0.027523302597661198,0.010428091645445042
8,2882,0.013364452322155364,0.002795058405320306
8,2883,-0.006847526695817037,-0.0019389620511219294
8,2884,0.0277696269542505,0.0071521550390395375
8,2885,0.006453495447590664,0.001525175096446398
8,2886,0.00022441762645819703,-0.005267619567595558
8,2887,0.028839173040065606,0.009796403518534398
8,2888,-0.004841151731192581,-0.0026233662448742366
8,2889,0.001359336270438797,-0.0019945189872448052
8,2890,0.0002811144581612583,0.0023302567222586537
8,2891,0.007217352690661372,0.000901907413905328
8,2892,0.008911472775741752,-0.0014775752193443774
8,2893,-0.0028474435186469347,-0.0025508856085999215
8,2894,0.032141041826677486,0.007318998214937142
8,2895,0.001629670094833011,-0.00011889656256367259
8,2896,-0.0006278673538883006,-0.005419857592822737
8,2897,0.010792783117293741,0.0012837062795932844
8,2898,0.021071774238263556,0.0027043166668345832
8,2899,-0.004227644840560154,-0.002308060171441392
8,2900,0.011730014711498277,0.0008889842571203821
8,2901,0.01587378888623219,0.0047027233983673025
8,2902,0.014302749598729854,0.004493788773498717
8,2903,0.014447578987083343,0.003417269205763682
8,2904,0.003681072207804375,-0.0002525583509852641
8,2905,-0.010077483866898081,-0.00669340921864234
8,2906,0.0027592887192420543,0.0025128474802503234
8,2907,-0.009558354679246282,-0.007270520687740586
8,2908,0.007675775026303787,0.0023645924529518774
8,2909,0.015963004701377542,0.002840130986963801
8,2910,-0.0003731797837353463,-0.004526565442578094
8,2911,0.004869064095015279,-0.0008950850216159942
8,2912,-0.0018907963097262981,-0.003993728089333101
8,2913,0.005217311614309944,0.0006078031480174789
8,2914,0.0070810451143635935,-0.0014989565074349587
8,2915,0.026368608940498632,0.006078204454161412
8,2916,0.018354710980660705,0.0018961085494870425
8,2917,0.008552922041613046,-0.001193033581990024
8,2918,0.019213874319104197,0.0022568583334198512
8,2919,0.026820745358456025,0.004720422246001941
8,2920,0.013348999850788395,-0.0004896991719752301
8,2921,0.002118922520523706,-0.0018592567488208997
8,2922,0.008241391647169652,0.00019779511013231395
8,2923,0.02357701078021628,0.0068750391786811
8,2924,0.01638201408130484,0.0027834794700263765
8,2925,0.022532925151665165,0.004523500381897633
8,2926,0.012088135734747492,0.0037033154380951357
8,2927,0.0166594606397819,0.0012043974852311348
8,2928,0.012782440112801918,0.004766851951142492
8,2929,0.01290116020703061,0.002262547165528368
8,2930,-0.0031756677897206145,-0.0021685889753465127
8,2931,0.0026643320525849405,0.0008658038779711504
8,2932,-0.00810466561670909,-0.004882568694516288
8,2933,0.015828731376516626,0.003633563402847476
8,2934,0.00851326953014286,0.0005355711693461
8,2935,-0.0029774207689347828,-0.0017618617174326176
8,2936,-0.007681336228796084,-0.005157977162444186
8,2937,0.0068463754446882,-0.0004918030640977676
8,2938,0.03827668528982446,0.009001852180130084
8,2939,0.022658162013040883,0.0039791760454929055
8,2940,0.02028527018257847,0.00631315486611629
8,2941,0.019412394834056608,0.0014377897162517268
8,2942,0.011008053050509494,-0.0014414616628693404
8,2943,0.01043506770374904,0.0009520850349082651
8,2944,-0.017255732334339642,-0.005755813800423339
8,2945,-0.005496550640975391,-0.0033838492910252625
8,2946,0.00027540054005144597,-0.0003935004103667606
8,2947,0.020811589300056655,0.004169267883958514
8,2948,0.011517067515061331,0.0021983404245881923
8,2949,0.030512633163317895,0.006834553237621515
8,2950,0.027879191927688656,0.005172680842798053
8,2951,-0.028485925477589914,-0.012049703524362928
8,2952,0.0041460867695981025,0.0014861809520991928
8,2953,0.006508861486924211,0.0016303428769843765
8,2954,0.010076722293509602,0.0034364213396381976
8,2955,0.015298436286666533,0.003929090045499044
8,2956,-0.016321497533838932,-0.00724020588485489
8,2957,0.006173769394767107,0.0034640546723440466
8,2958,0.017398973801210735,0.003220916705460256
8,2959,0.01604176997899864,0.00564036435354101
8,2960,0.011171393020129922,0.0003407762765439802
8,2961,0.004728714360047974,-0.0026034744214574997
8,2962,0.019956881547186476,0.003113140360173078
8,2963,-0.0022799574239525094,0.0008301247161755773
8,2964,-0.0033227668609188228,-0.004072260381050138
8,2965,0.019052901768262312,0.004917589743737152
8,2966,0.02131354531108028,0.00820821148159101
8,2967,0.018432618078214637,0.005719793775242845
8,2968,-0.0006398865255702302,-0.0008710321537423236
8,2969,0.012249036620518714,0.004992503050682129
8,2970,0.048023202390257445,0.012479878954283818
8,2971,0.009685165917280535,0.002813325609984536
8,2972,0.023756598320731032,0.004334320553751804
8,2973,0.02255333061045917,0.0055208955230012504
8,2974,0.033970262153869946,0.010039576994043458
8,2975,-0.004364145250016169,-0.0034267749476586517
8,2976,0.0025173865631043678,-0.001045243413163031
8,2977,-0.0034051952884075042,-0.0016318498058486468
8,2978,0.005041751009964559,0.0008552361356179456
8,2979,0.010875725379838963,0.0032957440834150554
8,2980,0.0057363625299612754,-0.00038089447013727796
8,2981,0.02258350713723122,0.006665178415042042
8,2982,0.02608662045254235,0.006661496606411666
8,2983,0.019836167631419946,0.00563176111189926
8,2984,-0.0024499566971455753,-0.0017965487728231978
8,2985,-0.007085640688588098,-0.004060594489686327
8,2986,0.013513311176588607,0.004614948354576751
8,2987,0.018917707455722035,0.006754411856997174
8,2988,0.005604749759751023,0.0025064762807296206
8,2989,0.010095294231165555,0.004065975774917242
8,2990,0.014612435379701572,0.0022495739058602192
8,2991,0.009808723643879002,0.003600962931099206
8,2992,0.019212582490763817,0.004694245066069099
8,2993,-0.008959322164488456,-0.0054799321984765606
8,2994,0.025794629618465136,0.007059429673746105
8,2995,0.0003013914050925424,-0.0015265931798757006
8,2996,-0.003892729042213425,0.00020310529102367077
8,2997,0.03985739506561623,0.01470838389288907
8,2998,0.003046628974581513,-0.002866555895372486
8,2999,0.0071778595181532494,0.0019826287572326127
8,3000,0.006148023063205437,-0.0012743768410571762
8,3001,0.008584049447273152,0.0007071337352502719
8,3002,0.01881162100811726,0.0023401821502106266
8,3003,0.01634485451025997,0.0011811903021271158
8,3004,0.02694250290454877,0.007078677514989257
8,3005,0.017432230383369662,0.005431209096547432
8,3006,0.009506965123662005,-0.0007848812999956408
8,3007,0.011367710981702105,0.004105163807797101
8,3008,0.02450505680222378,0.007892036516420262
8,3009,0.0027190357672494435,-0.0020384089270418827
8,3010,0.02573294237753147,0.00411191560995415
8,3011,0.00979753731938138,0.0016064848944996673
8,3012,-0.00961257859977525,-0.00445489136771417
8,3013,-0.005490988163246384,-0.0030461571833192576
8,3014,0.01574789146269753,0.0030595130393902947
8,3015,0.010689676953170567,0.0009720262854399378
8,3016,0.01574097652736916,0.004024949466466547
8,3017,0.011956185876679893,0.0019671275007421877
8,3018,-0.0025431759942925593,-0.0004616469879214663
8,3019,0.023086836524446753,0.006198608755034662
8,3020,0.024024535087394626,0.011391021719618812
8,3021,0.01740958947377438,0.0047188784815115495
8,3022,-0.019601367902016477,-0.00958785854625407
8,3023,0.01468084816159756,0.00025407573593985846
8,3024,0.021711070326421274,0.005487183239201589
8,3025,0.015190012891226345,0.005691170766836717
8,3026,-0.0004024816223228873,-0.001593715207182524
8,3027,0.009004540070521178,0.0002652693866283857
8,3028,0.007334071744602276,0.0014831162170111697
8,3029,0.01640287552250631,0.0023378442165228903
8,3030,0.014131032194859078,0.00345632116688016
8,3031,0.027534603774755015,0.007267843425226781
8,3032,0.012070566540155809,0.0031789207525978304
8,3033,0.03440216540705105,0.010162263378431608
8,3034,0.009318031471279197,0.002951055701033131
8,3035,0.015888067823086247,0.004612945511981348
8,3036,0.0032498717936963882,0.0021934939905772417
8,3037,0.03610483941834581,0.014211209262953856
8,3038,0.01198029525478846,0.0001773992843495002
8,3039,0.0013289599573546116,0.00170302618893944
8,3040,0.004611033202285676,-2.909705733272444e-05
8,3041,0.008606868852730983,0.0016886957333143323
8,3042,0.004780987383424787,0.002419033878849737
8,3043,0.008180910407819134,0.0006962283534046842
8,3044,0.003257776711580653,0.0005053753065748926
8,3045,0.011730483199776046,9.038743004098103e-05
8,3046,0.011016814093100475,0.0025012782442459303
8,3047,-0.00191890579823582,-0.004441121040119163
8,3048,0.004635173424773579,-0.0018508069671626277
8,3049,0.013194096385024308,0.0011448992464840508
8,3050,0.0013877335796451118,-0.0007627539585411858
8,3051,0.008761010239550096,0.0008159878732321432
8,3052,0.023829183266386014,0.0061919911381212505
8,3053,-0.0014935088175440452,-0.0027531035750080397
8,3054,0.02196907752466689,0.005216937125709849
8,3055,0.005697954818817104,-0.0016655291126124626
8,3056,0.0012099851886197058,-0.002091255765163541
8,3057,-0.0021283409675665896,-0.0021174495062768264
8,3058,0.0010673050333601948,-0.0007650336537311698
8,3059,0.013756968567767836,0.0021158388287016174
8,3060,0.03137402869003784,0.006985982358706564
8,3061,0.005788973363582832,-0.0010069702086699286
8,3062,0.02400782821763207,0.0057457371305714945
8,3063,0.012005318387575984,0.0027190531893921594
8,3064,0.008260594034840222,0.0010954810016005289
8,3065,0.029826046876227686,0.009241647642207404
8,3066,0.005146819841357558,-0.0011691554267593152
8,3067,0.0002148536518128717,-0.001788222203920984
8,3068,0.007478991940913646,-0.0007787425215843212
8,3069,0.00627187199114752,-0.00013181386250035013
8,3070,0.030835317112366863,0.011025261827815939
8,3071,0.025563428755417863,0.007012661528051235
8,3072,0.01042648046885856,0.0014439789743721848
8,3073,-0.0021620159768437255,-0.002702169020193044
8,3074,-0.01104672866574278,-0.006628032062506728
8,3075,0.009406152967589109,0.002784170382968437
8,3076,0.008589254387855917,-0.00014213691061139313
8,3077,0.0024458016090219813,-0.0020770098956518065
8,3078,0.001410953976543531,-0.0006816777977774136
8,3079,0.039684552722464954,0.013604161509479275
8,3080,0.0016999364185934882,-0.002310330136298276
8,3081,-0.0015730335196083313,-0.000281960150084917
8,3082,0.003243499688205694,0.0018416685403706912
8,3083,0.0011345782916638476,-0.0031690273245996697
8,3084,0.01683865918876063,0.007500995586324778
8,3085,0.021121300561039773,0.0070090170484534255
8,3086,0.023922664374312046,0.0050355329918785425
8,3087,0.025298047759723618,0.003082363037912281
8,3088,0.0043468370392145544,0.0031984586482581108
8,3089,0.01710645711630974,0.0018067350694340773
8,3090,0.000810034462571801,-0.002281475413581797
8,3091,0.00914251683507884,0.00024674983333693726
8,3092,0.0012890463792720897,-0.001254208144598346
8,3093,0.009634186966940066,0.005529625730461309
8,3094,0.018665973058242514,0.002950113771667234
8,3095,0.02930250822559655,0.01069197404884813
8,3096,0.018691649102605054,0.00551523154011505
8,3097,0.0009180798774309939,-0.001978782686427545
8,3098,0.01475853462627392,0.0066367033217457
8,3099,0.030327390142856653,0.010092522974356583
8,3100,0.008482691913852739,0.0030727540648301014
8,3101,0.03256881182962378,0.009624331962450952
8,3102,-0.0005210966220972569,-0.0029149011745878274
8,3103,0.02429997675683081,0.00826537768754002
8,3104,0.0007184364533255288,-0.0011936052611160896
8,3105,0.011199268167058048,0.002791811594252731
8,3106,0.009781186816467918,0.00031133346121357797
8,3107,0.03616518151202349,0.009786871837984159
8,3108,0.022380334888083202,0.0072718208114845445
8,3109,0.018882424052837476,0.00247461106354754
8,3110,0.009031031192808398,0.000901093844147867
8,3111,0.014139759471945816,0.003940861559239824
8,3112,-0.012707769208587634,-0.0022205072000157887
8,3113,0.010574514378966721,0.003352498375025198
8,3114,0.0036021391882064264,-4.860974359918559e-05
8,3115,0.02395285311205504,0.006140369645734382
8,3116,0.016215679520246013,0.0034366879302492183
8,3117,0.01285195731505541,0.0023147400006948878
8,3118,-0.009743328055575132,-0.005769594448068857
8,3119,0.029018089229881514,0.010228150119945717
8,3120,0.014173556219714868,0.002042678284315148
8,3121,0.004996370100462881,0.0006334532988691032
8,3122,0.003949343387802243,-0.00016069272584898756
8,3123,0.0020467963408672793,0.0007975822676159122
8,3124,0.01361008063252193,0.0049489470980343805
8,3125,-0.0002417764080690668,-0.002011401629523323
8,3126,0.02102254341078364,0.005386027920525796
8,3127,0.0015600664094229948,-0.001087900810708297
8,3128,0.013552991982653329,0.006273254680117763
8,3129,0.008559649781813486,0.001963459776697918
8,3130,0.007415984968514631,-0.0012740995685183766
8,3131,-0.008865597591587062,-0.005147054783955412
8,3132,0.008239441533142967,0.002536314120506048
8,3133,0.013202345966366805,0.0002533170460714047
8,3134,0.026227723383536107,0.005108394853037759
8,3135,0.006257946720989418,0.0009964785175124752
8,3136,-0.01794635726185414,-0.0077614597362971206
8,3137,0.0010948246058707228,0.0021911510006188332
8,3138,0.008888432290700191,-0.0018488973633740983
8,3139,0.005467691361580492,0.00010173711910149233
8,3140,0.005037189641479059,-0.0008459773574894089
8,3141,0.009596320103697275,-0.00023993204499168797
8,3142,0.03214227536975937,0.010481338046218473
8,3143,-0.0027942713602883665,-0.001297034990931606
8,3144,0.015547061772421605,0.004668899068359787
8,3145,0.027601163841616705,0.007207675282981518
8,3146,0.011545102673411375,0.005742483514045245
8,3147,0.00931410834561763,0.000585459081874266
8,3148,0.03599986804436059,0.007736995667988148
8,3149,0.015105404671413586,0.003382829942880893
8,3150,-0.004483457971256766,0.0002829433817436406
8,3151,0.008860469998836303,0.00017590775429840956
8,3152,0.027613943919638118,0.006799182026415544
8,3153,0.012394178243828994,0.0024526500782156278
8,3154,-0.0006964000373496857,-0.002461204743707169
8,3155,0.027474720189751955,0.006869055895864894
8,3156,-0.0015413791957638934,-0.006163528093201108
8,3157,0.002802393106138907,-0.001991678981425353
8,3158,0.02627238542913243,0.007861639477717515
8,3159,0.009630151894772915,0.0004021892892963143
8,3160,0.008806249138778586,0.004292184486170736
8,3161,0.0267757806422595,0.005978564905568304
8,3162,-0.009161223764356276,-0.0077356337800606675
8,3163,0.014591343038482755,0.0035121733724458593
8,3164,0.02649385795774751,0.007047330141943913
8,3165,-0.0034876641630201552,-0.0002663238407295755
8,3166,0.0038046753724441757,-0.0008963610127076221
8,3167,0.019759017740747453,0.0037201022674677787
8,3168,-0.0233184863778954,-0.00885391131617774
8,3169,-0.0038825179662496426,-0.0011242802650346323
8,3170,0.01468119911789689,0.0011408318519362717
8,3171,0.02547608695556334,0.0066329136341516486
8,3172,0.0024635931631006216,-0.00016606806549317044
8,3173,0.018934848923243514,0.003962582758735532
8,3174,0.006761085555053893,-0.0012581924310711937
8,3175,0.0031533000819656616,-0.0010387336097886703
8,3176,0.007283279140403231,0.001653868023493237
8,3177,0.00480606716484312,0.00045090035140746737
8,3178,0.010559449348591246,0.0058520872848373965
8,3179,0.01495115762272892,0.002584023217357532
8,3180,0.0014820605451567044,0.0018914095056656287
8,3181,0.00819683843138093,0.0015128437695601394
8,3182,0.010660441988648935,-0.00018032113418761365
8,3183,0.03151398375689647,0.01011237707911041
8,3184,0.003998727775431446,-0.000907941675841451
8,3185,0.0031006829821126785,0.002422996050059177
8,3186,0.022243764906465575,0.005972369838117994
8,3187,-0.004578437965818829,-0.001950410348934423
8,3188,0.00910026677421009,0.00027589086186952956
8,3189,0.007791214780926833,0.00012870222130735576
8,3190,0.00040844669572820207,-0.0009477485577371655
8,3191,0.0240499924700854,0.007546559992911588
8,3192,-0.013571937921285492,-0.004650519263414201
8,3193,0.02016780471820542,0.0033293227874497994
8,3194,0.02061075342950173,0.006654527432487989
8,3195,0.02372760542770269,0.006247467854779609
8,3196,0.012563213875385244,0.004246327180962375
8,3197,-0.0036638300535312683,-0.0032742977121812244
8,3198,0.01765712452850523,0.003972621538341935
8,3199,0.023345684319111052,0.0071742126666426735
8,3200,-0.0062024710185979584,-0.003160704337874856
8,3201,0.024179810795711593,0.008728624677794056
8,3202,0.0108794677861207,0.004096215109451652
8,3203,0.015962580506784455,0.002547108524119049
8,3204,0.010043830511667615,0.002291001033926076
8,3205,0.006502918498661068,-0.0003212889540535274
8,3206,0.005457158152954894,0.0033592011659681854
8,3207,0.010551242125793243,0.000872340591859482
8,3208,-0.0072924672291924675,-0.004134226974045143
8,3209,0.017558806206053372,0.002534086064413319
8,3210,0.003334147419915274,-0.0018489487693146196
8,3211,0.016114853666846625,0.0008004615698303591
8,3212,0.0020061516437411115,-0.00011207163011299323
8,3213,0.014316967642909599,0.004723627354816385
8,3214,0.002551757430503717,-0.0011759083093737712
8,3215,-0.0030813371549274974,-0.004765845370744611
8,3216,0.001608503702004072,-0.00013550436376295882
8,3217,0.014406524457839317,0.004274667398680972
8,3218,-0.006713770761778834,-0.004871421617927043
8,3219,0.0014302897092892542,0.0012657465924243833
8,3220,-0.013031059166506898,-0.008443239497061904
8,3221,0.007735596300327983,-0.00010319455728264137
8,3222,0.005144698434447335,0.0012694334183371014
8,3223,0.016965771744530674,0.0036674621557807826
8,3224,-0.0010330592207068278,-0.0012476931575202104
8,3225,0.01597635944635851,0.005609913570677458
8,3226,0.010129405055311376,0.003187101532577282
8,3227,0.008275195571822717,0.00209357481410773
8,3228,0.002933274165545273,-0.0022964968255541032
8,3229,0.0027769979685110047,-0.0009709264016906712
8,3230,0.020940303248050976,0.0029200589045909374
8,3231,0.02677123306935091,0.005293753210514532
8,3232,0.012621434594083854,0.00033882470068297436
8,3233,0.01569151171949358,0.0018503030905342272
8,3234,0.005145808165096552,0.00023758105529471664
8,3235,0.01207916372496547,0.0017897807792625201
8,3236,-0.007357757461161762,-0.003117934249916255
8,3237,0.002296136670094845,-0.0010747242334203692
8,3238,0.032731459144833275,0.012799661220806393
8,3239,-0.00266149762484421,-0.0031238557019927795
8,3240,0.010058655285149666,0.0012748222336679228
8,3241,0.01686460003872808,0.004867810887423798
8,3242,0.005594186291263536,-0.0021164858287831437
8,3243,0.010831261633549716,0.00159715076281159
8,3244,0.01438601030505944,0.0019141204960965187
8,3245,0.021558159142109113,0.003367320637431712
8,3246,0.010069140687297733,0.00024146122313051317
8,3247,0.007895263156204181,0.0016602353923506922
8,3248,0.02742653815513437,0.007277895712548743
8,3249,0.014667236051107996,0.002286403906603988
8,3250,0.005522887599248815,-0.001531258445486229
8,3251,0.00939310378020201,0.0015155278973656135
8,3252,0.013973129284470032,0.0020242671609122555
8,3253,0.0042413987638507894,-0.00017312427641580266
8,3254,0.01323686920225203,0.003722547776920873
8,3255,0.007022680751116136,-0.00040170488719005565
8,3256,0.008013385209230098,-0.0004486593320475954
8,3257,0.0018819388966811444,-0.001957475831945754
8,3258,0.02294398228445495,0.0064750269800211415
8,3259,0.0006085986041720912,-0.000493451341022119
8,3260,0.00966726588794422,0.0008670244777306231
8,3261,0.0054397057123830445,-0.0009500281903793874
8,3262,0.019031006950638567,0.004309376037010063
8,3263,0.022417792017351355,0.009026383564055055
8,3264,0.01623603375210214,0.004876007925501788
8,3265,-0.0007143648534587379,-0.0008459978598971326
8,3266,0.013394009415936138,0.0013399604363227779
8,3267,0.018424965800408147,0.003072969005001548
8,3268,0.030961872380435785,0.006314399104825164
8,3269,0.014274740013349295,0.0037182652843916245
8,3270,0.01660294659822047,0.003648325988258832
8,3271,-0.004562210044088636,-0.005426315758691841
8,3272,0.0030024673601224054,0.0013787641547439453
8,3273,0.009624699405057552,0.0008007663578117268
8,3274,0.013591871140915396,0.001067130185239578
8,3275,0.010926237966138778,0.000661534441497781
8,3276,-7.77961953779773e-05,-0.0024694402398806677
8,3277,0.010281036900371146,0.0007260217235181822
8,3278,-0.013110394191055369,-0.007463875189947906
8,3279,0.019441749969900803,0.0060728871631725795
8,3280,-0.0011654781989305437,-0.0008987396726961403
8,3281,0.005097360058946077,-0.002254714521747768
8,3282,0.0397857405271348,0.009437501363986796
8,3283,0.0033589712775013,-0.0010391995788429581
8,3284,0.010770776218604143,-0.0004179973850144834
8,3285,-0.00297418321526688,-0.0032335385125351105
8,3286,0.0019340209090539088,-0.0016108974425700202
8,3287,0.019232947142950894,0.008832806151491207
8,3288,-0.0008130469940937611,-0.000603815319453352
8,3289,0.014257598997686402,0.004494185478094432
8,3290,0.021038661612916097,0.0018530749400547883
8,3291,0.008534883905084435,-0.00044486463964592114
8,3292,-0.006454957201465711,-0.006683980659568769
8,3293,0.0101051176499612,0.0044570809702199465
8,3294,0.014967953177976352,0.0007813166756737463
8,3295,0.023180208690863464,0.006886168571221194
8,3296,0.0061531850254988385,-0.0002225525361035362
8,3297,0.016697868155038903,0.0030552551006613393
8,3298,-0.011200406566255159,-0.007962463242216675
8,3299,0.016020643537582854,0.005826450002735536
8,3300,0.010197100896305085,0.0005413572974382319
8,3301,0.009850283572226186,0.0011666684083467686
8,3302,-0.014525528676444648,-0.007465793373428373
8,3303,0.0063756712862465354,-0.0006679365744463343
8,3304,-0.0032810885146033223,-0.00421596464828929
8,3305,0.025716680841273355,0.00808440879346694
8,3306,0.007919896725210356,-0.001258135241335319
8,3307,-0.014656448293609488,-0.007320441789872975
8,3308,0.0034617276642107254,-0.004628097526166126
8,3309,0.011387778195149195,0.002576501328377265
8,3310,0.018545827371921144,0.001736196562256781
8,3311,0.011669845526155938,0.004312202155065921
8,3312,0.005905978871760013,0.0016192702894326618
8,3313,-0.007404129594004753,-0.005975140426159065
8,3314,0.016159296130703073,0.0038890727102289047
8,3315,0.005047546890703102,0.001874477027681783
8,3316,0.004530919596671062,-0.001953953442561333
8,3317,-0.010243688101366971,-0.006120990097812617
8,3318,-0.00433573178021576,-0.005553732022596493
8,3319,0.0037713450950178427,0.00330340752527047
8,3320,0.001979640166484495,-0.0017982291036767583
8,3321,0.02917799669372534,0.007612126810842351
8,3322,0.0003605150330497601,-0.0018256294929374045
8,3323,0.018829977271328804,0.005565193933740572
8,3324,-0.009707931633444751,-0.005529121785757978
8,3325,0.008593409943936056,0.0009170756982475869
8,3326,-0.013472994779946328,-0.004691486344291324
8,3327,0.007296808972044122,0.0003374240893644821
8,3328,0.016737525623870736,0.002948019154329418
8,3329,0.02584353340866085,0.005367012611614341
8,3330,0.011727870257366832,-0.0002765676373561984
8,3331,-0.0004719338230709159,3.5376828342944407e-06
8,3332,0.009384009611912943,0.0031466875050725294
8,3333,0.006139361573764385,-0.00042098626838430435
8,3334,0.016192116692363163,0.004674247281329025
8,3335,-0.009598892472933605,-0.004507013007286946
8,3336,-0.0038788358807204755,-0.001183215348243642
8,3337,0.02090471739161486,0.0017659836990023367
8,3338,0.007524257060868726,-0.002064965668912266
8,3339,0.018632752626721445,0.0046066038358896135
8,3340,-0.002976069565732672,-0.004427744180296592
8,3341,0.017585326436199592,0.0031871274039304573
8,3342,0.026876064439975138,0.008937248224556077
8,3343,0.005150093203981465,-0.00030568442054809333
8,3344,0.02178956095918459,0.004952226965975553
8,3345,-0.003904525975294877,-0.005020708692684449
8,3346,0.015418218891744433,0.004412473116436532
8,3347,0.013942002381440754,0.002357565521387972
8,3348,0.005845368754904889,0.00038466249138241335
8,3349,0.025909758595962406,0.007057849190161284
8,3350,0.010062194027959883,0.0009206270223642528
8,3351,7.421645428063772e-05,-0.003992204712649556
8,3352,0.00588082748181086,-0.0018756075555174442
8,3353,-0.013943628149151479,-0.007733624807884807
8,3354,0.0034367996033332123,0.001036603835874278
8,3355,0.004859638976936757,4.6652349892472546e-05
8,3356,-0.0008794057997570998,-0.0035481700534231147
8,3357,0.009493616634753626,0.003282755881307348
8,3358,0.03441962428635057,0.008976261610909
8,3359,0.006717246503354442,-0.0025657952337251795
8,3360,0.0020111584419313325,-0.001996765140154648
8,3361,-0.0015451095380982192,-0.004641584338251588
8,3362,0.03193247690968425,0.010358037956941924
8,3363,-0.0046904390418395555,-0.002845215791043278
8,3364,-0.012431598796645632,-0.0034424569832760795
8,3365,-0.005159257517971831,-0.004953604660260986
8,3366,0.02547234152437784,0.004426569201184045
8,3367,0.01861310000585822,0.007003856063193308
8,3368,-0.01026457332546035,-0.004488838300119746
8,3369,0.014085681506376334,0.004076137572151808
8,3370,0.026874241231882638,0.007926140236849765
8,3371,0.014406749797999753,0.0029483896422790794
8,3372,0.027099098634149298,0.006378431055624366
8,3373,0.016999917026451664,0.006548226674245573
8,3374,0.00454259566646412,0.00369773434915197
8,3375,0.011779464923372169,0.0017946822886432392
8,3376,-0.004344373121497526,-0.0021748940940949607
8,3377,0.008726495702941626,0.001578158979676623
8,3378,0.01517289402436731,0.0014456058326583444
8,3379,0.013676937378753593,0.003305362729192251
8,3380,0.01953292915321832,0.00486239209288829
8,3381,0.02091754517265039,0.005400395965716301
8,3382,0.02578459801548069,0.005835603478152507
8,3383,0.031898087279791536,0.008637616514947172
8,3384,-0.005552371792568373,-0.003098611267993053
8,3385,-0.006327839019893684,-0.003963929597263962
8,3386,-0.006847960655903777,-0.004048545437586865
8,3387,0.00631590925876011,0.00040996012494637856
8,3388,0.0032663622282248467,-0.00017086323720444616
8,3389,0.009738633277903168,0.0012495794406715062
8,3390,0.012261789725519466,0.0014624760282275504
8,3391,0.012950779445936257,0.002503857783578732
8,3392,-0.0007591607617575824,-0.005114634284811794
8,3393,0.011164204942919335,0.002735728556957517
8,3394,0.006978345741502642,-0.0013122786990886082
8,3395,-0.005671745050644824,-0.006428617734865742
8,3396,0.0177512639838023,0.007593282217976194
8,3397,0.023091844862762455,0.004508637933973379
8,3398,0.0012625209633323874,-0.002271372782680084
8,3399,0.01615568639991099,0.0017677336605305715
8,3400,0.009171016209067405,0.00022895611717832205
8,3401,-0.009326056662550174,-0.0059232461624816575
8,3402,0.0020964191022238535,0.004360786648550064
8,3403,0.003739472028802284,0.0006177804752128099
8,3404,-0.001908182374452519,0.0008714541010663405
8,3405,0.005295738698084261,-0.0007981498566553957
8,3406,0.01888665803242623,0.0056550769066481404
8,3407,0.011804903870929282,0.00440917008556937
8,3408,0.01152575085024101,0.004919121363104375
8,3409,0.022970379180765964,0.006057882595418752
8,3410,0.020632407132821756,0.004229813522843453
8,3411,-0.01437514353076931,-0.0065116699030198415
8,3412,0.006149637302447817,0.0035198023888113076
8,3413,-0.012357782900086099,-0.007571024850061572
8,3414,0.008252079063028774,0.0005237651945807476
8,3415,0.01888308999891464,0.0028297217897606504
8,3416,0.01166278584909265,0.0001329356940697069
8,3417,0.00039701309973139327,-0.0038032728670221528
8,3418,0.009562827748054555,0.00014771298900548925
8,3419,-0.002804820849886971,-0.0012937319491117241
8,3420,0.010335648270647934,-0.0009180159240457606
8,3421,0.016014829135315895,0.00488818595520834
8,3422,0.014683290238739991,0.008952526235913904
8,3423,0.0038624043744495927,1.2414936913684494e-06
8,3424,-0.007143030983577927,-0.004286918910424727
8,3425,0.030587065276715102,0.009438242258599273
8,3426,0.007838908371922767,0.0033152022599900917
8,3427,-0.002434950368401552,-0.004585595971100276
8,3428,0.009963219719180202,0.0007840846863789451
8,3429,0.012421556372471047,-0.0001336152656078741
8,3430,0.012516220972867876,0.002223869545828518
8,3431,0.020568884294593713,0.0036887258169317665
8,3432,-0.008972480042368109,-0.0005644960427132294
8,3433,0.008447831228382826,0.0016027126238664076
8,3434,0.007453295537291385,-0.0005027447311764572
8,3435,0.013068359519975738,0.0027630849581623622
8,3436,0.03594169379210864,0.01095960758598833
8,3437,0.0035708355576392144,-0.0013644460146677213
8,3438,-0.012364117308947632,-0.0010839216257726829
8,3439,-0.0012710317913573977,-0.002604509555619618
8,3440,0.01645836128324089,0.003608989760438044
8,3441,0.005678941323232222,0.004711517352062004
8,3442,0.009451966631756605,0.0021416285736966328
8,3443,0.010051775625822245,0.003236768773959677
8,3444,0.01613638719053353,0.0027552029553087887
8,3445,0.011261151073158265,-0.0002387149003753637
8,3446,0.014173996931635697,0.005202843139535575
8,3447,0.024889839669526886,0.0064712828005896485
8,3448,0.01615438937504128,0.003783072299414603
8,3449,0.028915566884867946,0.006006627575069569
8,3450,0.007205649435847988,-0.0022264418737382883
8,3451,-0.007271347624295907,-0.004041073129068253
8,3452,-0.0021349722840800995,-0.002551579736880559
8,3453,-0.009284774548259158,-0.008039387695267054
8,3454,0.005703102742361973,-0.0021658258499693914
8,3455,0.017062746914083278,0.003350488431905274
8,3456,0.00490776351101212,0.0029535069190036213
8,3457,0.005415039037148076,-0.0013121333342148746
8,3458,-0.001289267762679331,-0.0007398756440896007
8,3459,0.009430606545963288,-2.2475540600766265e-06
8,3460,0.01262120316510177,0.0029785544096240747
8,3461,0.0024535113237308358,0.0010763634315137077
8,3462,0.03791838319829906,0.012722831028597375
8,3463,0.02205793593555309,0.0046720621087605295
8,3464,0.007106144544943991,-0.0006537215280205828
8,3465,0.017391848896525165,0.00475669182709032
8,3466,0.022009162220736084,0.003093729132974276
8,3467,0.012244395377262872,0.002345849741188855
8,3468,0.02002339072863421,0.006334598554406191
8,3469,0.0212762757204456,0.006383154307412044
8,3470,0.019943105742710514,0.008578225767201719
8,3471,0.03000936608456972,0.010928362489847226
8,3472,0.0032079139864975557,-0.0006131871928029604
8,3473,0.009502945936743229,0.006526364976387412
8,3474,0.01669766389029691,0.004179464614985676
8,3475,0.007067449867145221,0.0025676813920974804
8,3476,0.0177989277480911,0.0020156528042952187
8,3477,0.004504325973229817,-0.001637800782233316
8,3478,0.014417571993462474,0.0007572022872828795
8,3479,0.006602054702044479,0.003173531223154235
8,3480,0.017605950293883444,0.004013941792110241
8,3481,-0.00018233064707861175,-0.0028661421783438053
8,3482,0.01413563886404848,0.004168875151831077
8,3483,0.005034624313024586,0.00118978821555038
8,3484,0.015031137672303243,0.0033692324467971546
8,3485,0.021215496714413428,0.004830334829655603
8,3486,0.004763468996245809,-0.0018462238066885705
8,3487,0.004983122667223019,-0.002117071984311653
8,3488,0.014363877406142709,0.0011034122783845036
8,3489,0.012428806891527226,0.0027044277849174233
8,3490,0.0012807533124334163,-0.0022173419670420617
8,3491,-0.001963958605223083,-0.005609571768571011
8,3492,0.002417213632730926,0.0005452349234628078
8,3493,0.007301710142472649,-0.00045930590709937236
8,3494,0.015003680364388677,0.001574157685351173
8,3495,0.0008853796533085493,-1.7034605545915877e-05
8,3496,-0.002467677328899884,4.463820957560333e-06
8,3497,0.006560161101808483,0.0014779539231239936
8,3498,0.023599048856352528,0.006166033191938195
8,3499,0.009293682169590506,0.009269853313519691
8,3500,0.011823094362582906,-2.5930489668195645e-06
8,3501,-0.006412445417231769,-0.0062199575127902225
8,3502,0.00982935638001924,0.002125697837390224
8,3503,0.029261586335386967,0.006400106299465849
8,3504,-0.0014219436903009784,-0.004081182927786748
8,3505,0.025362000422951038,0.005344659339049714
8,3506,0.019319352154687747,0.0071389031223681055
8,3507,0.01074438074005249,0.0007913331008837912
8,3508,0.026180914649806354,0.0075985054019803745
8,3509,0.003838294708908761,0.0014128453129272909
8,3510,0.011453640344461929,0.0030900553758520122
8,3511,0.012379980719300994,0.004311900160060082
8,3512,0.0012793950024722327,-0.0001749087227250122
8,3513,0.023530881497976556,0.004443059212445962
8,3514,0.0012005445351957083,6.264706879792105e-05
8,3515,0.013384913216398035,0.0004673397480430142
8,3516,0.019319730557746752,0.0050651880841701725
8,3517,0.005145817357511635,-4.350650730880028e-05
8,3518,0.013838183853328358,0.0068671795470852896
8,3519,0.003752638848128815,-0.0026676711833185894
8,3520,0.017531321594443743,0.0033597610551710203
8,3521,0.02007588084987568,0.0027004341506783325
8,3522,0.009228134289665768,0.004431537837914906
8,3523,-0.0018307212463884372,0.0003192787854477141
8,3524,0.010247160232720005,0.0014731035563842398
8,3525,0.023072900577101426,0.011285693620396985
8,3526,-0.001448319673930991,-0.00046564305265841475
8,3527,-0.003959999997239501,-0.004849147251893669
8,3528,0.012112156219501473,0.0016521059466193927
8,3529,0.010828623828056601,0.00029578715469098083
8,3530,0.025321022136613334,0.004605125532371315
8,3531,0.01425088848510193,0.003394113146298545
8,3532,0.0016856479786345163,-0.0029045051534136446
8,3533,0.0001817359621448902,0.0015250411820819211
8,3534,-0.004793894171324446,-0.0030182742719334394
8,3535,0.012556940683796362,0.0026493451835954097
8,3536,0.0020277927417053036,0.0009363111859399596
8,3537,0.017360569393730173,0.004163362033190501
8,3538,0.008298819701062552,-0.0007525954134936512
8,3539,-0.007797938000474798,-0.0029624151459265945
8,3540,0.023445767474041836,0.00808638037811415
8,3541,0.012381710630494664,0.0009575104029607786
8,3542,0.020071306091327984,0.004740606298595019
8,3543,0.020441769419248648,0.005925875696902486
8,3544,-0.02304048316040688,-0.008437539695806861
8,3545,0.0006858287108409728,-0.004465412731656502
8,3546,-0.006680681343396628,-0.00435256364021167
8,3547,0.005637135415614553,-0.0023381690882282673
8,3548,0.010270260476373501,0.0018694073106086454
8,3549,0.012198164991829366,0.0017913245836304382
8,3550,0.0015335904148884158,-0.0017337109891664363
8,3551,0.015179007724751914,0.0014085738793972351
8,3552,-0.006292572256587566,-0.003934544018625449
8,3553,0.015217452531750796,0.0009678250153431244
8,3554,0.00043867625316677014,0.00028317587437498326
8,3555,0.018812794785996824,0.006890491529950841
8,3556,0.007624093765347676,0.003097908541411696
8,3557,0.019248188202600006,0.002316254031541204
8,3558,-0.009658636213656296,-0.0018031722706943504
8,3559,-6.787046776820973e-05,-0.001068429193737942
8,3560,0.01332278585634596,0.0060377280303564014
8,3561,0.01862094430117559,0.004772406268329177
8,3562,0.01464826786790173,0.004116562099381875
8,3563,0.027601293557600787,0.006997845752279222
8,3564,-0.001154325889669745,0.00010889975343849741
8,3565,0.010139803970457861,-0.0015183203406184138
8,3566,0.009980037493473677,0.0012985007630724945
8,3567,0.004503939514949101,-0.0006065842226591484
8,3568,0.0036239736118508633,0.002451953828281913
8,3569,0.007463412778987745,0.0007717599594843086
8,3570,0.03523419087519003,0.011437317576544422
8,3571,-0.0036005908317469715,0.00022568368751959574
8,3572,0.010141259884658367,0.0001609632758030665
8,3573,0.005877078217539858,0.0026666799984790953
8,3574,0.028967704970535364,0.00936329334824321
8,3575,0.013098507062176105,0.0019528268509179751
8,3576,0.020098974047282524,0.005093061995968364
8,3577,0.023574195924287417,0.00675624973513747
8,3578,0.017399992019782852,0.005780716609994547
8,3579,-0.01179970946799437,-0.005097648935169648
8,3580,-0.004463389785763193,0.0006056857741148974
8,3581,0.008566041377044703,-0.00017069318032197228
8,3582,0.0048500536299017575,0.0005164671081079811
8,3583,0.019735383162558306,0.0053946409458993545
8,3584,0.007500369560165265,0.0003133550551538288
8,3585,0.003879385706443504,-0.00026339718227373204
8,3586,-0.0015179289503182958,0.0035485228430891984
8,3587,0.005155444294343972,0.00017790797817597678
8,3588,-0.00567071619483954,-0.0035772087587705777
8,3589,0.008002973675303018,0.00043174607068686673
8,3590,0.02317060075708907,0.0034455140919568213
8,3591,0.0017745160730109901,-0.0031166343627334805
8,3592,0.016460161294403645,0.0014356089708348388
8,3593,-0.005635309366768538,-0.002710087113302509
8,3594,-0.0028343818384267945,-0.0019421305356900553
8,3595,0.016793349689284896,0.0021689334436723767
8,3596,0.005590341528546235,-0.002270892346892135
8,3597,0.008127483220734298,0.0016920126113788903
8,3598,0.018104002893075743,0.0019368481786858661
8,3599,0.017425871812610155,0.0024746068577787576
8,3600,0.006815166150169574,-0.0006133287600562898
8,3601,-0.008358325567184294,-0.005332506015827218
8,3602,0.0021188618018902236,-0.0009482768420664888
8,3603,0.024980782051468316,0.006965114060033737
8,3604,0.013157707916505293,-0.00028405990871870627
8,3605,0.015876184119089014,0.0025918461091991593
8,3606,0.012641679260580326,0.0036088279802738033
8,3607,0.015922773525099507,0.007560675902531184
8,3608,0.01316156818229684,0.000816299615700564
8,3609,0.013127116470146982,0.0023938154958595905
8,3610,0.023251434415794674,0.008030781427823602
8,3611,0.030869838667851257,0.009154388232642892
8,3612,0.00045557980875287,0.0011819756334222253
8,3613,0.019508871768331545,0.002117728799867853
8,3614,0.003670965133618794,0.002320047311214317
8,3615,-0.0060097241076833025,-0.007053665671219529
8,3616,-0.004855135478039653,-0.0031851022989726687
8,3617,0.018793393885081236,0.0032364468538704414
8,3618,-0.0007347431010649123,-0.0006736247493278512
8,3619,0.0014842271415839445,-0.0028165893291161284
8,3620,0.005354164712972827,-0.0013216681442607837
8,3621,0.009121537803218454,0.00018331988005456713
8,3622,0.023669587461327447,0.008847891940924729
8,3623,0.012147198695432744,0.0001690880901532882
8,3624,0.01541914778583935,0.004883314880544541
8,3625,0.009993549251792461,0.004076372636212072
8,3626,0.01955157359163709,0.00435490340732741
8,3627,0.008270139795436827,0.0005067607205642239
8,3628,0.011738395566791734,0.0008295237121705712
8,3629,-0.0155570819056915,-0.006605917587108082
8,3630,0.03292792276222168,0.008010755763582112
8,3631,-0.018712254200183572,-0.010514009898300983
8,3632,0.042638078492140304,0.011092884534206518
8,3633,0.017958807794585033,0.007707907714957085
8,3634,0.02913385061291877,0.005877776264046217
8,3635,0.013285030736715546,0.000277343329807182
8,3636,0.0010538362510030882,0.00022499415734635747
8,3637,0.037151149497474036,0.0077435331618045
8,3638,-0.008584384008329388,-0.0047435580971879245
8,3639,0.011902140299358713,0.0014418760625005275
8,3640,0.0017569204321019709,-0.0025912730725672333
8,3641,0.016501260309057613,0.0030069103925637374
8,3642,0.014435426105881045,0.0073284618853888435
8,3643,0.014630470589317107,0.0019063899972616106
8,3644,0.0002847840626481232,-0.002665882469825636
8,3645,0.012330356269994715,0.000659814226053009
8,3646,0.02490087357043229,0.005639805708173665
8,3647,0.006555145408589502,0.00014511486343877865
8,3648,0.009769986746418534,0.0021585349605416273
8,3649,0.022190650812406752,0.0059792871117682325
8,3650,-0.004378969794565193,-0.002693177883851193
8,3651,0.009838041193593675,0.002566140473050896
8,3652,0.027644655457912268,0.009859265653598692
8,3653,0.005788263808959287,0.0054849764898980335
8,3654,0.013760173948735827,0.001680653179674384
8,3655,0.005848406973138804,0.0002589107643640588
8,3656,0.04635971683640104,0.012729521801411773
8,3657,0.0005502207084249589,0.0016298295983821303
8,3658,0.02521421526603281,0.009990873401048463
8,3659,0.005892951242239985,-0.0006733777185881094
8,3660,0.00782427416059048,0.004405515805188397
8,3661,0.023663957803450666,0.0038600883533599275
8,3662,0.003093669619771866,-0.0026130102824134687
8,3663,0.017847373984497452,0.004378463833816632
8,3664,-0.010218213567641398,-0.0026282592979114945
8,3665,0.013597012182827104,0.003911958827412649
8,3666,0.001979919400767557,-0.003792300417728232
8,3667,-0.0016780150685727897,-0.0047795107966628
8,3668,0.0018623353253368262,-0.001240322010016769
8,3669,0.014190230454883566,0.0028178399110832452
8,3670,0.027577784060743075,0.00851167087890182
8,3671,0.010150723970584597,-0.00017680293531560962
8,3672,0.0008195786585890588,-0.003098162453858883
8,3673,-7.893580985838042e-05,-0.002486434328548082
8,3674,0.012125065295621696,-4.6632150783767935e-05
8,3675,-0.0037967053842219768,-0.006002867130776363
8,3676,0.007557649007087021,0.0006297358103180374
8,3677,0.015957549519194345,0.0070228041102476935
8,3678,0.014604307918219846,0.0014692894709839714
8,3679,-0.001091690848897625,-0.0038761166851276523
8,3680,0.019640440888012062,0.004637264940669463
8,3681,0.010101333766371472,0.0012082671318897288
8,3682,0.002127422137980647,-0.0018653647965672449
8,3683,0.034103099721651334,0.008519548779574549
8,3684,-0.006871188346128766,-0.0049016312092629265
8,3685,-0.0024828837779965474,-0.0042809274983304805
8,3686,-0.008022710288717755,-0.0021174468086034505
8,3687,0.009908929217598622,0.0022148231039505364
8,3688,0.009067244320610067,-0.00014997308415370023
8,3689,-0.00800325673225209,-0.0022665187940344995
8,3690,-0.008142467516773536,-0.0009992195710631442
8,3691,0.005908272942286989,-0.001964097680510819
8,3692,0.005222913901986543,0.0011074881799412522
8,3693,-0.005586604573319799,-0.0028348002971406924
8,3694,0.006391053944144844,-0.0024006098923306123
8,3695,-0.005415462188102327,-0.0026980183503530633
8,3696,0.014284973642209096,0.00210389483570996
8,3697,-0.0016573112077811602,-0.0051574181441018125
8,3698,0.008120522167261428,0.0004602361483815424
8,3699,0.02536410863627301,0.005762780641032522
8,3700,0.020220471556107285,0.004495994730037253
8,3701,0.01214245589215437,0.0009367254936313759
8,3702,0.01519171306286715,0.0031487484924052236
8,3703,-0.0024877452866297113,-0.004171455763361709
8,3704,0.004208329838428382,0.0015823624653223025
8,3705,-0.006836181995774615,-0.0059740824006379286
8,3706,0.014583947718630724,0.005373459968036123
8,3707,0.028201944331812053,0.005900371230606523
8,3708,-0.0026057511597731447,-0.0032324118524990645
8,3709,-0.009537060255268156,-0.005170962712456434
8,3710,0.009807299699070174,0.0037316629361674857
8,3711,0.003021144578060027,0.001299908744656261
8,3712,0.022962358024333135,0.00555776245091175
8,3713,-0.001531945446896588,-0.0034582265051893617
8,3714,-0.007041975246156221,-0.002971417344458236
8,3715,0.030218934893817093,0.007788708966491903
8,3716,0.00676624636754975,0.002352375888494556
8,3717,-0.004594631545077113,-0.005568195899816354
8,3718,0.022567283376396005,0.002947559202176559
8,3719,-0.009698219038892748,-0.004441834240755504
8,3720,0.01711756715973161,0.0008833138033078731
8,3721,0.0008588941083911083,-0.0011466634329795875
8,3722,0.021553389573205475,0.0060895970162056
8,3723,0.001740678196275917,0.0007842524822111014
8,3724,0.021960532416305953,0.005117138732003067
8,3725,0.015135885640605605,0.004058622272206177
8,3726,0.009013499947822988,0.0023435647387221805
8,3727,0.024594066482043736,0.004155190761778727
8,3728,0.023168575487769856,0.007344764340961028
8,3729,0.026569495757666258,0.006280321192048263
8,3730,-0.002792963225237492,-0.003384609935270357
8,3731,0.002594102309571595,-0.002628866684738187
8,3732,0.011122166842764363,0.0007911840573350328
8,3733,0.013748882488422813,0.0037347480469557717
8,3734,0.019493079667888037,0.003035521648272321
8,3735,0.028582376356855857,0.007096334180585478
8,3736,0.01106339440881074,-0.0018867921635543925
8,3737,0.011334487640979237,0.0017802874248422289
8,3738,0.03238036163232144,0.010435242894824056
8,3739,0.008046934044429925,-0.0008918960515246745
8,3740,0.02047481075194191,0.005061843614281853
8,3741,-0.02140553487547951,-0.007132273242756289
8,3742,0.013362234463559901,-0.0002948133429807168
8,3743,0.0058760653640624735,0.00016404401729584422
8,3744,-9.014347542575154e-05,-0.0025105646936010822
8,3745,0.0071011290251058005,-0.0023753638200935674
8,3746,0.00010135063895117217,-0.003248567536062697
8,3747,0.0190141587015085,0.002523755560798604
8,3748,0.0009677064859387278,0.0003895270335684199
8,3749,-0.0043671815948891956,-0.002296091524933027
8,3750,0.005500263087050493,-0.0005020598620962193
8,3751,0.0268249293802686,0.005131997165519582
8,3752,-0.0019499292569293307,-0.004115817068937922
8,3753,0.010040704326693455,0.002698215347096748
8,3754,0.018940628086506907,0.0050086479834229695
8,3755,-0.015306248164015743,-0.008627585932573333
8,3756,0.018037013184632678,0.00402177329375
8,3757,0.017943469838154483,0.0009701454038679516
8,3758,0.008096757381166206,0.0008801689115816104
8,3759,0.01623852393712778,0.0035982872997765915
8,3760,0.016041071835656274,0.005420061604738881
8,3761,0.003597463959006401,-0.000857606580221679
8,3762,0.012684160735243467,0.0027222020288931435
8,3763,0.006496908298993087,0.003659781914249979
8,3764,0.012993734482516837,0.0033352708361879526
8,3765,0.00954589645782307,0.0020798213605579974
8,3766,0.026644634264645337,0.009030497748122522
8,3767,0.01626717554356824,0.00410767371470926
8,3768,0.012326095625514087,0.0018375406777358422
8,3769,0.019746561746374822,0.004126961116823003
8,3770,-0.006489973957491369,-0.004131956138652159
8,3771,-0.00529974572147472,-0.002466887753320228
8,3772,0.005981168242653567,-0.0007246181063468506
8,3773,0.018868104002156938,0.005269241166737578
8,3774,0.00907281003233332,0.0009614831055019598
8,3775,0.012102808828889427,0.0018058371369102958
8,3776,0.03929779341416425,0.011708110673808069
8,3777,0.006229574200340549,0.00034542556323519964
8,3778,0.037742990641940664,0.013407157254176807
8,3779,0.005158704221772212,-3.083544446344657e-05
8,3780,0.0006646645989818006,-0.005352678734152842
8,3781,-0.000207148233583038,-0.002693712692924812
8,3782,-0.016399768226967933,-0.00804136885256163
8,3783,0.02018496186722125,0.002958993051525888
8,3784,0.013628419704984865,0.002956627962842338
8,3785,0.021387148891467193,0.0051827886584150835
8,3786,-0.00408525465957747,-0.004270426292653362
8,3787,0.02191880600518261,0.004792477979162237
8,3788,0.02580059641326015,0.009706441730873218
8,3789,0.006695258930382532,0.0020514702887166362
8,3790,0.012950939764099882,0.0025301003027387455
8,3791,0.00686501767595242,-0.0008501422471987782
8,3792,0.012098354586617068,0.004950444334260283
8,3793,0.008665716540446195,0.006136536825556405
8,3794,0.001366016596961096,-0.0009267994853539893
8,3795,0.013390257487826004,2.9059508260600898e-05
8,3796,0.023691118488624693,0.005178707963026308
8,3797,0.03734787593856156,0.010958237850222156
8,3798,0.016426672899165065,0.001213269343443412
8,3799,0.017910379298531134,0.002328166519266933
8,3800,0.01866263576652552,0.005526305310959236
8,3801,0.020969655548943887,0.006765620058775145
8,3802,0.024090322921614254,0.005946437343371641
8,3803,-0.0001915659711676982,-0.0013710559457348291
8,3804,0.023739917806873543,0.008552371590151197
8,3805,0.010777324049998645,-0.0006285712415922171
8,3806,0.008913588877353142,0.0007125515700170305
8,3807,0.011711421375792843,0.0024209163162940382
8,3808,0.011589733239419907,0.0014550416868265147
8,3809,0.001705950560986555,0.0013819933275694204
8,3810,0.006052379667888653,-0.0003976620485336774
8,3811,0.013159984027145298,4.029897495002278e-05
8,3812,-0.003753880963979007,-0.004797563150450958
8,3813,0.0024534256033641234,-0.0015302036091721187
8,3814,0.0009453747409482913,-0.0024459189624860237
8,3815,-0.0022739667102084095,-0.001540686333252399
8,3816,-0.009043294138648354,-0.006284946675593969
8,3817,0.028762996927699333,0.004801539633752416
8,3818,0.03172152627414703,0.012195197105549378
8,3819,0.0011425333143232279,-0.002134765783105143
8,3820,-0.001482252149062405,-0.0017016062567671204
8,3821,0.007068969316876566,0.007068158676083484
8,3822,-0.004785836211504439,-0.0038095682199073516
8,3823,-0.0014498332800020495,-0.0024610665915389203
8,3824,0.01549588531946216,0.003415743962527363
8,3825,0.007586378410216007,0.005083994733917449
8,3826,-0.00875666190188652,-0.004545526975177218
8,3827,-0.004555660372058254,-0.0003496029558374773
8,3828,0.009198570524920983,0.00404012153954659
8,3829,0.0010791625290456008,-0.0013080342188432133
8,3830,0.03387833910762599,0.006777749566750673
8,3831,0.019733531718178786,0.006281752539669239
8,3832,0.005821765799391917,-0.00231544849714967
8,3833,0.021580626430094018,0.004527893040919561
8,3834,0.006239643050223972,0.0006807961843393763
8,3835,0.021102685353486368,0.005445041093877954
8,3836,0.012041012614442535,0.0005412628602867848
8,3837,0.0011595147490088917,-0.001890112075913556
8,3838,-0.011734748162369664,-0.005249784507896926
8,3839,0.009527632306516078,0.002280770509167985
8,3840,0.027760542053112427,0.005607998500889444
8,3841,0.0001763107527804057,-0.0024986763049543725
8,3842,0.010291222910782863,0.0029616202223847064
8,3843,0.0059844584821761885,-0.0018181685433047191
8,3844,0.007658626642308588,0.00024007925812088288
8,3845,0.014943351042354136,0.007017179905276383
8,3846,-0.006908788629313149,-0.006914239983235818
8,3847,0.02916438405670123,0.00983536133383958
8,3848,0.022834906936544712,0.007839138320120967
8,3849,0.02308395701175639,0.008906927277677754
8,3850,0.018183065549098355,0.0025156562676631315
8,3851,-0.0004869732423549633,-0.00022117095929659813
8,3852,0.010450224725063257,0.0030366294289595284
8,3853,-0.005661557907125342,-0.0012260856029603754
8,3854,0.0003436177175500713,-0.00322436141070263
8,3855,0.008499151087741047,-0.00029116405906741855
8,3856,0.00850620806426378,0.002951338800111989
8,3857,0.007295591943617434,-0.0018372348590051397
8,3858,-0.0005138018256795042,-0.003403629403075224
8,3859,0.002929799084250965,-0.0007863979819863092
8,3860,0.018911858125472306,0.004229988952048627
8,3861,-0.007593768264832999,-0.0037959883810712853
8,3862,0.0012168958535118304,0.0003523038386467155
8,3863,0.00843079365307399,0.0017473797507614073
8,3864,0.01949008224643005,0.006561999799751973
8,3865,-0.00012784708842679136,-0.0009377680634053506
8,3866,-0.009272045180226715,-0.0012566431308780252
8,3867,0.006436326818875862,-0.003157174301541962
8,3868,0.010049937244917328,0.00028285700074023184
8,3869,-0.008536238620272193,-0.005036997151785299
8,3870,0.0011691716608342962,0.00034628378633112046
8,3871,0.027071092789430228,0.00870876758156114
8,3872,0.0028959750373035286,-0.0010605940387697595
8,3873,0.029720822267018922,0.007981735613367777
8,3874,0.01923047129498551,0.004722579904972633
8,3875,0.006782927482360989,0.0033151575479809514
8,3876,0.008643122931377764,-9.830018299528814e-05
8,3877,-0.003382785228585656,-0.0021536205981257175
8,3878,0.028144400278443237,0.008223935788713638
8,3879,0.02027698008122147,0.003691044755966224
8,3880,0.001324386283578458,-0.0002690135386694538
8,3881,0.012085490854321023,0.004380672852365631
8,3882,0.009538613555390109,0.003113210838677376
8,3883,0.009506512623918124,0.003005437255917287
8,3884,0.02046447487510116,0.003916275126621352
8,3885,0.0044035048107270765,0.0008281608640126925
8,3886,0.009228933400657701,-0.00026008004129692155
8,3887,-0.00620181710419787,-0.0017574909416598501
8,3888,0.010912175521792394,0.0010222247813349438
8,3889,0.003082101656861332,-0.0005073855476622801
8,3890,0.010997006503350181,0.00265917827056472
8,3891,0.002277636189626858,-0.002379455495467751
8,3892,0.006381991192405437,0.001312789162236729
8,3893,-0.004409773935651535,-0.0033573397276176207
8,3894,0.0066839206844949706,-0.0008945754997924021
8,3895,-0.008892309698599216,-0.006827207884304229
8,3896,0.013385045017919242,0.002225720627766381
8,3897,0.008438005104815996,0.00021949890975539126
8,3898,0.0013874734256796497,0.0005554347752361819
8,3899,0.004008589241740538,-0.0029640258139924406
8,3900,0.009628623997238453,-0.000547731559421262
8,3901,0.015367385227221012,0.0015247698375604052
8,3902,0.012380026138541955,0.0007502527240522493
8,3903,0.022929999014002812,0.0070437580513091295
8,3904,0.019815334178803032,0.004459287380669501
8,3905,0.022289667885650444,0.006469893129091019
8,3906,-0.0029160165811938114,-0.0025599759898690443
8,3907,0.013200391100775723,0.002563340834244355
8,3908,0.0010320111051545966,-0.00025499725976442766
8,3909,0.019126783416046404,0.006385145125931735
8,3910,0.024921334352166865,0.008651889493122466
8,3911,-0.0010515070279046564,0.0003562011206133521
8,3912,-0.0036510991494550964,-0.002058101352420685
8,3913,-0.006973971495526452,-0.001588429187779806
8,3914,0.012215144590375643,0.0019443429791304186
8,3915,0.010277314170824559,0.004594703328086296
8,3916,-0.008352118714665476,-0.006323631758564216
8,3917,-0.0074899584379910355,-0.005995580597732776
8,3918,0.0018648026923525117,-0.002503065289020249
8,3919,0.018379570361711575,0.0025255450474488206
8,3920,0.00581048629247374,0.003515772698497829
8,3921,0.013811071685756725,0.0007751757949687095
8,3922,0.0030400448320233283,0.00027978051332350185
8,3923,0.011917150969016889,0.0025553584676349375
8,3924,0.015858145898544593,0.0035506025829381556
8,3925,0.022619197463995475,0.008404198339829371
8,3926,0.015965499442172727,0.007739632475494749
8,3927,-0.0031556256571308576,-0.0028609359208092797
8,3928,-0.007023760962863054,-0.0069722208646461215
8,3929,0.004592113271906965,-0.0007523503302145622
8,3930,0.024063053418570613,0.007503276322521109
8,3931,-0.018172864272454,-0.005358144233339546
8,3932,0.003471983423195271,-0.0028115909223131053
8,3933,-0.011814106968418262,-0.0052180317004909315
8,3934,0.008132478286645881,0.0009466419971901522
8,3935,0.011381001239093764,0.0015092045616636187
8,3936,-0.005677460347817385,-0.003397640553710082
8,3937,-0.02144783545975128,-0.008787403969382565
8,3938,0.018327915288390964,0.005433516293905769
8,3939,0.0183057454382035,0.0044815735813665165
8,3940,0.019710052949690554,0.007599475997566146
8,3941,-0.0027806964078012798,-0.004825831601172124
8,3942,0.003161742325371098,0.0005936258330638702
8,3943,0.002662609816991968,-0.0008087276045848598
8,3944,0.005113061335133449,0.002197486823940252
8,3945,0.014762203730074449,0.006435293523256355
8,3946,0.010539538299295818,0.001323254210966047
8,3947,0.015436150714184008,0.004908586477614583
8,3948,0.0017925176934852232,-0.0018917841435310838
8,3949,0.006121728223019244,-0.0032926819870123256
8,3950,0.007578612608115883,0.0005794637976570542
8,3951,0.0014963243081643558,-0.0022682412507842135
8,3952,0.01734177418254893,0.003437969274483159
8,3953,-0.005242939324661139,-0.0011398441493191932
8,3954,-0.005246249804420438,-0.0052583864372884185
8,3955,0.007295190374417224,-2.532192793223476e-05
8,3956,0.008945504554648744,0.0013747513662964977
8,3957,0.0208082296212197,0.0033609850300165647
8,3958,0.026311195262969614,0.008088294403624957
8,3959,0.005193940432619129,0.0020608398407187885
8,3960,0.00766126086201018,-0.0015795875573572453
8,3961,0.0211273245479422,0.010173882626696771
8,3962,0.005883151047235007,-0.000369488870482651
8,3963,-0.00014729263408189288,0.0005753977373168289
8,3964,0.023447198290871378,0.00696945973611698
8,3965,0.0037842776825447173,0.0011206276364025668
8,3966,0.007416281396483455,0.0009518363395547357
8,3967,0.015968295501906215,0.0018832957651160832
8,3968,-0.004207229617173981,-0.005177597731176698
8,3969,0.015874031273504605,0.0028050407779674886
8,3970,-0.002030471466684745,-0.0034847470960165054
8,3971,0.010632625620710056,0.0012637852720192445
8,3972,0.006749763541033163,-0.0015046277996955371
8,3973,0.007289355417825748,0.0015095149241957028
8,3974,0.01527513962658941,0.005170906646476294
8,3975,0.012117960039368771,0.005898712437868025
8,3976,0.020159490422505807,0.00436324957727704
8,3977,0.01318914414552208,0.003126953748693701
8,3978,-0.013688417516459548,-0.0043891226493449195
8,3979,0.03303404751987585,0.009397264589890953
8,3980,-0.009681982000527847,-0.005638821814593477
8,3981,0.009868309362098504,0.0036717060759784894
8,3982,0.02107488092675967,0.004452902316775161
8,3983,0.015539220693919078,0.002151946422464265
8,3984,0.03534231633794499,0.010770177829232057
8,3985,0.018741093614027225,0.007061690330690072
8,3986,-0.002446055677766707,-0.0030279378082968
8,3987,-0.01521210859585841,-0.005136407596051767
8,3988,-0.007124402517001678,-0.004981199096714675
8,3989,-0.0184709687417972,-0.005970184996332559
8,3990,0.007003606950973895,0.0004757179459889166
8,3991,0.0018435143366334853,-0.003476761863679261
8,3992,0.011524778898808373,0.002005942198093462
8,3993,0.012635156840184035,0.004725835489143396
8,3994,0.014177286258780846,0.005248426522052765
8,3995,-0.00672045146450967,-0.005750255200390443
8,3996,-0.004641355378004901,-0.004584160909674337
8,3997,0.01732479618762159,0.0027619777643657114
8,3998,0.008672948338083273,0.0015909331904580763
8,3999,0.017233727108103294,0.0026951446917573866
8,4000,0.0064367560947491175,-5.566000648198821e-05
8,4001,0.002154471528645286,-0.0011386940706984983
8,4002,0.010478591866156288,0.001850225740522933
8,4003,0.030721624406171027,0.008092819450676896
8,4004,0.035070292404063175,0.008394645211213964
8,4005,0.006595063879290914,0.0006965380856906937
8,4006,0.01024367819103253,0.0021291547078848565
8,4007,0.018574795375988645,0.006654738242774142
8,4008,0.0155783900484555,0.003372672722608115
8,4009,-0.001077463765946811,-0.00255757899318904
8,4010,-0.005576697663684633,-0.0044742316718459265
8,4011,0.02343605085348558,0.007019260584724018
8,4012,-0.019240641375593996,-0.007494273845610426
8,4013,0.012778968813692976,0.002199445807683648
8,4014,0.0048219176047647,0.0005598357979811463
8,4015,0.022346464315456643,0.005106684268102578
8,4016,0.04235359405406664,0.013112606662889848
8,4017,-0.004489907495782447,-0.0022169530044863412
8,4018,-0.007851446155873043,-0.004326648661261532
8,4019,-0.0036786491744668034,-0.0029524560949930096
8,4020,0.009157085712603341,0.0019187163485459295
8,4021,-0.005584318166582712,-0.0033024712995814534
8,4022,0.012407696647848543,0.0014809816485809966
8,4023,0.008575168900059757,-0.0011530556311002119
8,4024,0.006100028295498459,0.00029932972660348775
8,4025,0.014694582844332227,0.005120479567847208
8,4026,0.010457017663013995,0.0007326100803956802
8,4027,0.006748892866983237,0.0009509529081259907
8,4028,0.02637934976229254,0.005767919208210853
8,4029,0.020970480001076784,0.006733514501842348
8,4030,0.02579387630979175,0.005081652467518043
8,4031,0.012275549252260553,0.002155437209065818
8,4032,0.0006031447419239101,-0.003837150903414434
8,4033,0.011498991108658329,0.002374379053477872
8,4034,0.009292158751059506,0.0007929688682205515
8,4035,-0.0006728521681941655,-0.0004540194395042032
8,4036,0.005001572260144299,0.0058051079469530285
8,4037,0.008483462481841278,2.799555036884667e-05
8,4038,0.011099983998276247,0.0020373535897376376
8,4039,0.021430589634924984,0.006492910906702781
8,4040,-0.00011351146261737386,-0.0018797640787978904
8,4041,0.0050107250723677174,0.000659431433708221
8,4042,0.008963156133691003,-0.0011620701511609118
8,4043,-0.0025013821620141954,-0.002732629509437521
8,4044,0.02370715817560366,0.007460761777300055
8,4045,0.025675147739526533,0.0032577842123039293
8,4046,0.012952307469389896,0.0015708023579644472
8,4047,0.006788484732901268,-0.002423614222696301
8,4048,0.01505752770907052,0.003706424702686589
8,4049,0.0075084585485209595,0.0006614759168786215
8,4050,0.0025130150850813686,-0.0008189505412036977
8,4051,-0.0062970879424259244,-0.003629260270809153
8,4052,-0.014358150684153591,-0.007438874111440791
8,4053,0.0023814870091095064,-0.0007533471492006564
8,4054,0.022044989542022757,0.004551797100561146
8,4055,0.017831170030306074,0.004162714948758221
8,4056,0.012944117238855898,0.005788143655288487
8,4057,-0.002544187858943947,-0.005789169254687968
8,4058,0.02406905397355348,0.0054403735850496755
8,4059,0.007039940645574792,0.0018571248649054725
8,4060,0.01986923528565059,0.0031542921698686816
8,4061,0.003343570409920963,-0.00013988206693095392
8,4062,0.014147771325944677,0.0029092318495005324
8,4063,0.023070160653861787,0.006815642372928818
8,4064,-0.0022535602562239,-0.0025065092818141676
8,4065,-0.014263922917816939,-0.007530450232011204
8,4066,0.023163232981877436,0.00423940926945646
8,4067,0.011935625988637549,0.00019482836584865543
8,4068,0.0067936442022717685,0.0004629820544225657
8,4069,0.022710229143263,0.005618280961200926
8,4070,0.038214035349275144,0.009995462491701416
8,4071,0.026636919175827497,0.006024307964089599
8,4072,0.015143427417539804,0.00414950336068825
8,4073,-0.002473492143088167,-0.004872823514561401
8,4074,0.02211742545745935,0.004863230600240017
8,4075,0.007422517928236434,-0.0007697211258321252
8,4076,0.0005601395359067451,0.00018138700684723242
8,4077,-0.003369172218618355,-0.003536850855270584
8,4078,0.003747225233888857,-0.0021929317740104685
8,4079,0.011903217373014092,0.0030890171489724996
8,4080,0.012640481092904512,0.0037276734805529984
8,4081,-0.00521134443377556,-0.004734376447133174
8,4082,0.021603071138811176,0.0030186681052868183
8,4083,0.0333991360553698,0.008105939067953944
8,4084,0.015716143269666666,0.003409732567608525
8,4085,0.007060592871097931,-0.0013316594730780219
8,4086,0.005992314232198844,3.088522031891308e-05
8,4087,0.01856428904506212,0.004746175031527984
8,4088,0.029068643578690448,0.00855001774273143
8,4089,0.028839275197829327,0.008698569337927127
8,4090,0.012456231971955415,0.003139275686040627
8,4091,0.013802365627387613,0.002621439841647443
8,4092,0.021852122716439097,0.0045552086287364265
8,4093,-0.0020329383329934034,-0.004174303466268258
8,4094,-0.010455812883931895,-0.005073574697262097
8,4095,0.01449928706896506,0.003572030413401049
