date,strategy,spy
2010-01-04,100000.0,99949.02548725638
2010-01-05,100000.0,100213.57880835485
2010-01-06,100000.0,100284.11013204204
2010-01-07,100000.0,100707.4693761146
2010-01-08,100000.0,101042.56303679234
2010-01-11,100000.0,101183.73387487161
2010-01-12,100000.0,100240.07651515745
2010-01-13,100000.0,101086.69582848976
2010-01-14,100000.0,101360.111771496
2010-01-15,100000.0,100222.44143026262
2010-01-19,100000.0,101474.75785509645
2010-01-20,100000.0,100442.89802323199
2010-01-21,100000.0,98511.44149621417
2010-01-22,100000.0,96315.46771166619
2010-01-25,100000.0,96809.39434299423
2010-01-26,100000.0,96403.67018381649
2010-01-27,100000.0,96862.24550232624
2010-01-28,100000.0,95751.00074075889
2010-01-29,100000.0,94710.37746179945
2010-02-01,100000.0,96183.23162263128
2010-02-02,100000.0,97347.30951174651
2010-02-03,100000.0,96862.24550232624
2010-02-04,100000.0,93872.53962734625
2010-02-05,100000.0,94066.56162475754
2010-02-08,100000.0,93387.45758614184
2010-02-09,100000.0,94560.38908127276
2010-02-10,100000.0,94375.22970576926
2010-02-11,100000.0,95362.9657618284
2010-02-12,100000.0,95283.58984801758
2010-02-16,100000.0,96782.86057262335
2010-02-17,100000.0,97241.48998648554
2010-02-18,100000.0,97814.72040448782
2010-02-19,100000.0,98017.59600791479
2010-02-22,100000.0,98035.25814048584
2010-02-23,100000.0,96844.60140153936
2010-02-24,100000.0,97735.37153835321
2010-02-25,100000.0,97603.06332218173
2010-02-26,100000.0,97664.80415109772
2010-03-01,100000.0,98679.06496163567
2010-03-02,100000.0,98952.44484107362
2010-03-03,100000.0,99040.62928143977
2010-03-04,100000.0,99340.49785178826
2010-03-05,100000.0,100760.3926625832
2010-03-08,100000.0,100778.02774747802
2010-03-09,100000.0,100945.62416522329
2010-03-10,100000.0,101395.36390950148
2010-03-11,100000.0,101818.71413768196
2010-03-12,100000.0,101827.53168012938
2010-03-15,100000.0,101853.95725979538
2010-03-16,100000.0,102665.3604986905
2010-03-17,100000.0,103273.85207059034
2010-03-18,100000.0,103220.95583179795
2010-03-19,100000.0,102698.49390205882
2010-03-22,100000.0,103247.51664984506
2010-03-23,100000.0,103973.72872454225
2010-03-24,100000.0,103468.91991148208
2010-03-25,100000.0,103300.68336539963
2010-03-26,100000.0,103238.6810756135
2010-03-29,100000.0,103893.99217504851
2010-03-30,100000.0,103964.81200728203
2010-03-31,100000.0,103610.62268719365
2010-04-01,100000.0,104319.10050218322
2010-04-05,100000.0,105169.236013424
2010-04-06,100000.0,105417.15501364776
2010-04-07,100000.0,104814.99259798319
2010-04-08,100000.0,105178.07158765556
2010-04-09,100000.0,105868.83317472166
2010-04-12,100000.0,106037.0426731279
2010-04-13,100000.0,106116.7611908375
2010-04-14,100000.0,107321.08602216667
2010-04-15,100000.0,107409.6761776761
2010-04-16,100000.0,105700.54253328676
2010-04-19,100000.0,106099.0179152378
2010-04-20,100000.0,107046.65128335616
2010-04-21,100000.0,106851.79982387417
2010-04-22,100000.0,107170.57471989976
2010-04-23,100000.0,107870.15384941325
2010-04-26,100000.0,107462.81584555445
2010-04-27,100000.0,104921.25390195573
2010-04-28,100000.0,105718.21368174987
2010-04-29,100000.0,107028.87194418818
2010-04-30,100000.0,105213.49502761044
2010-05-03,100000.0,106577.22984668257
2010-05-04,100000.0,104071.11839071495
2010-05-05,100000.0,103451.25777891104
2010-05-06,100000.0,100015.26524631682
2010-05-07,100000.0,98527.50781588828
2010-05-10,100000.0,102866.74847992542
2010-05-11,100000.0,102574.49833837865
2010-05-12,100000.0,104009.1251168209
2010-05-13,100000.0,102716.19209819815
2010-05-14,100000.0,100856.5471515419
2010-05-17,100000.0,100909.65977174403
2010-05-18,100000.0,99537.02626719582
2010-05-19,100000.0,98970.27827559404
2010-05-20,100000.0,95233.19101132943
2010-05-21,100000.0,96623.57680736939
2010-05-24,100000.0,95383.75640894877
2010-05-25,100000.0,95481.1731227977
2010-05-26,100000.0,94905.52644571985
2010-05-27,100000.0,98084.71030850631
2010-05-28,100000.0,96853.76154788553
2010-06-01,100000.0,95224.3103576375
2010-06-02,100000.0,97703.93312269461
2010-06-03,100000.0,98040.39719896745
2010-06-04,100000.0,94595.61417160204
2010-06-07,100000.0,93417.79606296754
2010-06-08,100000.0,94418.49697182766
2010-06-09,100000.0,93913.73323822785
2010-06-10,100000.0,96658.94615197183
2010-06-11,100000.0,97128.3405409692
2010-06-14,100000.0,96977.74809567364
2010-06-15,100000.0,99182.80088353915
2010-06-16,100000.0,99147.40449126049
2010-06-17,100000.0,99306.79644721933
2010-06-18,100000.0,99414.47324624733
2010-06-21,100000.0,99129.74235868946
2010-06-22,100000.0,97492.51946947449
2010-06-23,100000.0,97190.02727453277
2010-06-24,100000.0,95579.55453709843
2010-06-25,100000.0,95979.94128816895
2010-06-28,100000.0,95677.36795019858
2010-06-29,100000.0,92723.31992836735
2010-06-30,100000.0,91842.4402251576
2010-07-01,100000.0,91433.19085217931
2010-07-02,100000.0,90934.90954498
2010-07-06,100000.0,91531.00426527944
2010-07-07,100000.0,94413.96197811494
2010-07-08,100000.0,95348.1977306128
2010-07-09,100000.0,96059.99339388525
2010-07-12,100000.0,96122.29320810977
2010-07-13,100000.0,97572.6346864353
2010-07-14,100000.0,97563.70895328301
2010-07-15,100000.0,97590.45910506365
2010-07-16,100000.0,94903.30853626989
2010-07-19,100000.0,95463.88965769373
2010-07-20,100000.0,96522.69799096443
2010-07-21,100000.0,95268.10054543613
2010-07-22,100000.0,97394.66999280606
2010-07-23,100000.0,98239.96397000364
2010-07-26,100000.0,99263.21362493836
2010-07-27,100000.0,99254.3149394623
2010-07-28,100000.0,98613.6366328618
2010-07-29,100000.0,98133.18876018292
2010-07-30,100000.0,98115.36434155457
2010-08-02,100000.0,100330.93867546928
2010-08-03,100000.0,99850.41867565383
2010-08-04,100000.0,100517.8020545746
2010-08-05,100000.0,100411.02684475388
2010-08-06,100000.0,100001.705344639
2010-08-09,100000.0,100535.58139374257
2010-08-10,100000.0,99992.81567505501
2010-08-11,100000.0,97252.30004108108
2010-08-12,100000.0,96656.16925721335
2010-08-13,100000.0,96371.38427430303
2010-08-16,100000.0,96326.92691049099
2010-08-17,100000.0,97510.33487221076
2010-08-18,100000.0,97688.28153405586
2010-08-19,100000.0,95988.84898953709
2010-08-20,100000.0,95677.36795019858
2010-08-23,100000.0,95312.62102049269
2010-08-24,100000.0,93897.87428407143
2010-08-25,100000.0,94262.68432502182
2010-08-26,100000.0,93630.92273568152
2010-08-27,100000.0,95081.27322989912
2010-08-30,100000.0,93702.1302512742
2010-08-31,100000.0,93702.1302512742
2010-09-01,100000.0,96504.91865179646
2010-09-02,100000.0,97403.55966239005
2010-09-03,100000.0,98667.0287457182
2010-09-07,100000.0,97554.85534726731
2010-09-08,100000.0,98239.96397000364
2010-09-09,100000.0,98693.71578625431
2010-09-10,100000.0,99191.97906166948
2010-09-13,100000.0,100295.36196534918
2010-09-14,100000.0,100233.06215112464
2010-09-15,100000.0,100615.65153124303
2010-09-16,100000.0,100588.95547481482
2010-09-17,100000.0,100626.56076065137
2010-09-20,100000.0,102165.12274291134
2010-09-21,100000.0,101959.35303812892
2010-09-22,100000.0,101458.46613812051
2010-09-23,100000.0,100635.4684620195
2010-09-24,100000.0,102710.80961063056
2010-09-27,100000.0,102218.78533252992
2010-09-28,100000.0,102576.58100944752
2010-09-29,100000.0,102397.71472661097
2010-09-30,100000.0,102093.5726234199
2010-10-01,100000.0,102522.94546750515
2010-10-04,100000.0,101753.67349226723
2010-10-05,100000.0,103802.13826660863
2010-10-06,100000.0,103793.17646988806
2010-10-07,100000.0,103667.92769720973
2010-10-08,100000.0,104249.39864056675
2010-10-11,100000.0,104347.81611843577
2010-10-12,100000.0,104669.80968793143
2010-10-13,100000.0,105483.85458320392
2010-10-14,100000.0,105072.37828488361
2010-10-15,100000.0,105287.10077049452
2010-10-18,100000.0,105805.91126394409
2010-10-19,100000.0,104419.36623792723
2010-10-20,100000.0,105439.162806198
2010-10-21,100000.0,105671.70069454519
2010-10-22,100000.0,105868.5176184991
2010-10-25,100000.0,106181.64856608698
2010-10-26,100000.0,106199.51806417569
2010-10-27,100000.0,105895.35792920047
2010-10-28,100000.0,105913.24545907333
2010-10-29,100000.0,105993.73032760914
2010-11-01,100000.0,106029.54145092315
2010-11-02,100000.0,106870.3996092208
2010-11-03,100000.0,107299.77245330605
2010-11-04,100000.0,109366.1608210886
2010-11-05,100000.0,109777.65515119307
2010-11-08,100000.0,109571.91249408686
2010-11-09,100000.0,108784.7169254078
2010-11-10,100000.0,109223.06058210571
2010-11-11,100000.0,108811.5482202171
2010-11-12,100000.0,107523.42067206926
2010-11-15,100000.0,107371.34060458164
2010-11-16,100000.0,105698.58608470693
2010-11-17,100000.0,105752.22162664929
2010-11-18,100000.0,107308.71621824248
2010-11-19,100000.0,107603.88750882092
2010-11-22,100000.0,107514.45887534868
2010-11-23,100000.0,105957.9552678634
2010-11-24,100000.0,107523.42067206926
2010-11-26,100000.0,106271.06818366714
2010-11-29,100000.0,106593.13388029937
2010-11-30,100000.0,105993.73032760914
2010-12-01,100000.0,108247.98283851708
2010-12-02,100000.0,109634.50081685773
2010-12-03,100000.0,109929.77128224897
2010-12-06,100000.0,109813.43922683086
2010-12-07,100000.0,109876.0726290621
2010-12-08,100000.0,110278.58713066184
2010-12-09,100000.0,110707.96899063917
2010-12-10,100000.0,111352.02825676705
2010-12-13,100000.0,111423.56936036643
2010-12-14,100000.0,111521.98683823545
2010-12-15,100000.0,111012.10207793818
2010-12-16,100000.0,111656.16134406606
2010-12-17,100000.0,111775.77518419875
2010-12-20,100000.0,112045.57575448371
2010-12-21,100000.0,112755.94690680862
2010-12-22,100000.0,113106.67412434096
2010-12-23,100000.0,112944.79378216999
2010-12-27,100000.0,112989.76505183018
2010-12-28,100000.0,113151.61834632495
2010-12-29,100000.0,113232.52696178819
2010-12-30,100000.0,113052.7049943919
2010-12-31,100000.0,113079.6715275823
2011-01-03,100000.0,114248.67209376939
2011-01-04,100000.0,114185.73215120767
2011-01-05,100000.0,114779.2573422663
2011-01-06,100000.0,114554.41902574946
2011-01-07,100000.0,114329.60775690884
2011-01-10,100000.0,114185.73215120767
2011-01-11,100000.0,114590.38341922872
2011-01-12,100000.0,115624.51525589559
2011-01-13,100000.0,115435.69542821044
2011-01-14,100000.0,116271.97351333499
2011-01-18,100000.0,116469.84529666144
2011-01-19,100000.0,115327.74815242023
2011-01-20,100000.0,115174.88370232226
2011-01-21,100000.0,115435.69542821044
2011-01-24,100000.0,116092.16957772286
2011-01-25,100000.0,116155.08247260835
2011-01-26,100000.0,116604.73205796583
2011-01-27,100000.0,116892.50130115231
2011-01-28,100000.0,114851.18612922482
2011-01-31,100000.0,115714.46681110805
2011-02-01,100000.0,117566.90805999796
2011-02-02,100000.0,117342.09679115734
2011-02-03,100000.0,117602.87245347722
2011-02-04,100000.0,117935.59493453975
2011-02-07,100000.0,118672.95966773127
2011-02-08,100000.0,119212.47064938047
2011-02-09,100000.0,118942.74220623208
2011-02-10,100000.0,118987.69544410813
2011-02-11,100000.0,119698.07561232512
2011-02-14,100000.0,119985.85387140367
2011-02-15,100000.0,119608.17815246509
2011-02-16,100000.0,120363.54762212641
2011-02-17,100000.0,120723.25466816348
2011-02-18,100000.0,120974.9964066262
2011-02-22,100000.0,118547.06175082369
2011-02-23,100000.0,117818.68586202897
2011-02-24,100000.0,117737.75921478159
2011-02-25,100000.0,118996.70232028909
2011-02-28,100000.0,119734.07606937266
2011-03-01,100000.0,117737.75921478159
2011-03-02,100000.0,117989.54603270467
2011-03-03,100000.0,120021.80023309878
2011-03-04,100000.0,119122.60925308873
2011-03-07,100000.0,118187.3637206787
2011-03-08,100000.0,119221.50457323763
2011-03-09,100000.0,119050.62637077778
2011-03-10,100000.0,116847.52101560004
2011-03-11,100000.0,117656.82355164214
2011-03-14,100000.0,116946.43436753307
2011-03-15,100000.0,115606.51953531784
2011-03-16,100000.0,113466.38117037804
2011-03-17,100000.0,114968.0952017356
2011-03-18,100000.0,115386.23424429787
2011-03-21,100000.0,117174.46430984377
2011-03-22,100000.0,116768.05494286849
2011-03-23,100000.0,117102.256030231
2011-03-24,100000.0,118222.11096872808
2011-03-25,100000.0,118583.35071641757
2011-03-28,100000.0,118294.3733436933
2011-03-29,100000.0,119089.16029349784
2011-03-30,100000.0,119910.99491952143
2011-03-31,100000.0,119748.45641722913
2011-04-01,100000.0,120254.22091484904
2011-04-04,100000.0,120353.54899781743
2011-04-05,100000.0,120335.52622956347
2011-04-06,100000.0,120714.83382496728
2011-04-07,100000.0,120407.74352506833
2011-04-08,100000.0,119992.2912183438
2011-04-11,100000.0,119631.04245476225
2011-04-12,100000.0,118736.9274219893
2011-04-13,100000.0,118727.88448224007
2011-04-14,100000.0,118818.2147049196
2011-04-15,100000.0,119251.68977989808
2011-04-18,100000.0,117915.05673239742
2011-04-19,100000.0,118592.4297197351
2011-04-20,100000.0,120209.0603114553
2011-04-21,100000.0,120823.20484768492
2011-04-25,100000.0,120696.73892957675
2011-04-26,100000.0,121735.36969638805
2011-04-27,100000.0,122530.15664619258
2011-04-28,100000.0,122927.52307341865
2011-04-29,100000.0,123216.52749381913
2011-05-02,100000.0,123026.91426763155
2011-05-03,100000.0,122584.33314165933
2011-05-04,100000.0,121771.48736003254
2011-05-05,100000.0,120669.70928514184
2011-05-06,100000.0,121202.5214589808
2011-05-09,100000.0,121672.19534063243
2011-05-10,100000.0,122710.75398030714
2011-05-11,100000.0,121419.28153620021
2011-05-12,100000.0,121997.29939289327
2011-05-13,100000.0,121057.99670905038
2011-05-16,100000.0,120290.3475943856
2011-05-17,100000.0,120272.29777845542
2011-05-18,100000.0,121347.03719301915
2011-05-19,100000.0,121636.00554985135
2011-05-20,100000.0,120669.70928514184
2011-05-23,100000.0,119269.77565939655
2011-05-24,100000.0,119170.42052875193
2011-05-25,100000.0,119567.84105133041
2011-05-26,100000.0,120118.77516823613
2011-05-27,100000.0,120579.34299889402
2011-05-31,100000.0,121834.70679524852
2011-06-01,100000.0,119098.18520146293
2011-06-02,100000.0,118971.75534692305
2011-06-03,100000.0,117788.61786196547
2011-06-06,100000.0,116542.2609417919
2011-06-07,100000.0,116470.00758271877
2011-06-08,100000.0,115982.31994870525
2011-06-09,100000.0,116867.39204172896
2011-06-10,100000.0,115241.71851025952
2011-06-13,100000.0,115332.0667647232
2011-06-14,100000.0,116795.17474622412
2011-06-15,100000.0,114717.89518081736
2011-06-16,100000.0,114970.81800114164
2011-06-17,100000.0,115313.90875808815
2011-06-20,100000.0,115903.84562410173
2011-06-21,100000.0,117492.16631471267
2011-06-22,100000.0,116784.19338967917
2011-06-23,100000.0,116448.38747352768
2011-06-24,100000.0,115096.04874203583
2011-06-27,100000.0,116121.66957658576
2011-06-28,100000.0,117637.40332011686
2011-06-29,100000.0,118644.87516392382
2011-06-30,100000.0,119779.3719111475
2011-07-01,100000.0,121549.28168400102
2011-07-05,99930.02498750627,121449.43969518445
2011-07-06,100164.76379800728,121594.6586688045
2011-07-07,100930.06407895636,122856.23441479732
2011-07-08,100400.06402297063,121984.92057307702
2011-07-11,98526.40186588989,119779.3719111475
2011-07-12,97635.69035269596,119262.0760875662
2011-07-13,98334.63359393357,119661.44404283246
2011-07-14,97370.03255652341,118835.46210645528
2011-07-15,98182.38408460277,119525.26800896165
2011-07-18,97479.03932897038,118545.02415921519
2011-07-19,99182.43854118625,120469.1597818697
2011-07-20,98149.5971736429,120396.59086657401
2011-07-21,98680.38407321551,122066.63160293475
2011-07-22,99617.73736659877,122148.33361690042
2011-07-25,98988.61233371201,121467.60671771158
2011-07-26,98439.00150893262,121013.76474254017
2011-07-27,96551.26576378598,118535.9631876818
2011-07-28,96419.04268842132,118191.04220464447
2011-07-29,95721.34863025007,117383.26335436272
2011-08-01,94999.60069423393,116884.06242617196
2011-08-02,92146.12431433977,113898.00798748154
2011-08-03,93291.03405458554,114515.1818634477
2011-08-04,88699.39986240456,109151.07769979475
2011-08-05,88635.3930324236,108987.72776721588
2011-08-08,82770.37585106835,101890.0659075478
2011-08-09,87446.67010981629,106627.89916013292
2011-08-10,83971.23653153957,101917.33898106868
2011-08-11,87639.33840266538,106491.75017393833
2011-08-12,88468.33458728279,107208.79308639726
2011-08-15,89548.19649460737,109477.81362852082
2011-08-16,88127.92211058077,108543.01889071442
2011-08-17,87373.89580478602,108615.62386957841
2011-08-18,83030.1166472155,103932.23758922223
2011-08-19,81425.40365182313,102234.96885880099
2011-08-22,81828.75869599948,102316.67988865872
2011-08-23,85257.7186853999,105683.97132365656
2011-08-24,86136.40130645566,107172.45904134301
2011-08-25,84873.84375969987,105538.75235003652
2011-08-26,86761.35418168713,107072.60803663437
2011-08-29,89216.65438415992,110149.4705402842
2011-08-30,89856.95306039696,110439.89045574015
2011-08-31,90356.76003920111,110930.0394282896
2011-09-01,89436.81760158559,109768.26960754507
2011-09-02,86782.32266843914,106963.7140921765
2011-09-06,86651.74489431156,106183.15422006318
2011-09-07,89329.72001360125,109178.30569385526
2011-09-08,88356.37893926972,108043.79993073952
2011-09-09,86097.61416820594,105212.01642131046
2011-09-12,86978.58861175152,105892.72528871516
2011-09-13,88944.74229860517,106863.88111925201
2011-09-14,90499.97924982902,108343.31688129714
2011-09-15,91434.67528899101,110213.0145476148
2011-09-16,92025.1555885251,110865.30532320535
2011-09-19,91098.61418504729,109761.39949778542
2011-09-20,89640.20786418863,109633.69840246324
2011-09-21,86613.4180988611,106404.05259174411
2011-09-22,84198.0932878285,102964.62500427007
2011-09-23,85494.78507322195,103585.01755370629
2011-09-26,86848.61979152822,106048.28549054294
2011-09-27,87830.77961892409,107234.29002917974
2011-09-28,85820.66647945864,105044.70851211152
2011-09-29,84947.83622111799,105874.93693365509
2011-09-30,82630.07386972426,103229.16930947646
2011-10-03,80076.97563652747,100291.50316354191
2011-10-04,81498.556844269,102490.21777928011
2011-10-05,83116.72808180972,104387.84667923996
2011-10-06,84325.31789024125,106276.34248052986
2011-10-07,84177.52980724553,105564.77221455924
2011-10-10,86478.55746843782,109095.44062981219
2011-10-11,86513.18212047518,109204.93863903896
2011-10-12,87096.97528755151,110162.82307644433
2011-10-13,87584.00582520435,109943.89016923531
2011-10-14,88751.08730201975,111823.2709036394
2011-10-17,87349.7415815135,109688.41585145437
2011-10-18,88253.6856014635,111832.39498641728
2011-10-19,87546.57995522601,110509.50215843589
2011-10-20,87868.95682852279,110993.06952977204
2011-10-21,89786.86679475421,113100.54331773132
2011-10-24,90867.85589051222,114487.25964569757
2011-10-25,89429.50717889454,112261.19982930193
2011-10-26,90096.58523254568,113401.60198583343
2011-10-27,92380.5312127392,117351.8970658407
2011-10-28,92521.13023363112,117324.56088107532
2011-10-31,91707.75401853434,114496.35668079925
2011-11-01,89657.08032465076,111303.27031243619
2011-11-02,91094.13370100003,113118.78246739502
2011-11-03,92659.70135609052,115180.62682557278
2011-11-04,91960.89477908936,114478.13556291968
2011-11-07,92145.95045625855,115189.72386067445
2011-11-08,93037.52850343793,116667.70806409583
2011-11-09,90247.79113059705,112361.54670807459
2011-11-10,90959.3045755905,113419.83211960507
2011-11-11,92850.60753353294,115554.70520357422
2011-11-14,92301.66939067081,114459.85133379561
2011-11-15,92534.98104368328,115025.50840245656
2011-11-16,90844.9839774246,113200.8811806119
2011-11-17,89015.940866419,111403.5991594247
2011-11-18,88961.83557340507,111285.01313098833
2011-11-21,87582.19324586178,109168.37919668287
2011-11-22,87849.45170335681,108739.62844915065
2011-11-23,86149.78804547599,106340.21105997509
2011-11-25,85687.90312044712,106139.5082865377
2011-11-28,88242.98963494197,109214.02665824855
2011-11-29,88381.19187796148,109524.20940912855
2011-11-30,90950.37696999293,114031.12763393961
2011-12-01,91445.7273100312,114012.84340481553
2011-12-02,91047.75774426755,113912.48751015081
2011-12-05,91368.04469518166,115153.20048188667
2011-12-06,91602.8467038477,115189.72386067445
2011-12-07,91786.311938087,115618.51968766702
2011-12-08,90306.54034616808,113082.25908860724
2011-12-09,91581.9253349481,114998.14517001495
2011-12-12,90710.7682786977,113319.46720904826
2011-12-13,89627.31164602676,112261.19982930193
2011-12-14,88818.535099724,111066.06219199517
2011-12-15,89167.31786133506,111467.44970708579
2011-12-16,89387.05334660992,111632.72904056829
2011-12-19,88754.06329539354,110439.18721615845
2011-12-20,90805.71938836419,113781.0898990787
2011-12-21,91029.95855012082,114001.4292854511
2011-12-22,91261.47478123187,115011.37148368607
2011-12-23,92164.10738142753,116039.6339746134
2011-12-27,92480.3566229707,116131.44280359292
2011-12-28,91643.75636645236,114607.45050292293
2011-12-29,92372.74005151785,115791.73300617379
2011-12-30,91865.81845751732,115222.50564425193
2012-01-03,92392.35888540198,117058.72730330248
2012-01-04,92837.56322404684,117242.3449612615
2012-01-05,93134.1681696406,117554.48416072135
2012-01-06,92474.71278882,117251.56821885219
2012-01-09,92715.3133994673,117536.14583624483
2012-01-10,93347.09033077989,118555.24818082598
2012-01-11,93306.49229684212,118619.50444363036
2012-01-12,93708.57343542168,118904.11812459129
2012-01-13,93532.42894690002,118288.97282434156
2012-01-17,93901.47072323211,118748.05303280741
2012-01-18,94672.01186583392,120060.93822058775
2012-01-19,95235.47470179432,120694.40381352983
2012-01-20,94595.20800893006,121144.2878120812
2012-01-23,94394.61971233552,120832.19369208171
2012-01-24,94455.9447166852,120694.40381352983
2012-01-25,95081.32846511877,121704.3820753331
2012-01-26,94452.54861569131,121080.11269230548
2012-01-27,94555.70035235991,121024.980512279
2012-01-30,94441.7492046937,120611.80922624894
2012-01-31,94295.24845454372,120565.89128792108
2012-02-01,95106.28698981355,121621.74240859183
2012-02-02,95366.16014144493,121814.56529235741
2012-02-03,96681.47457660205,123522.19328277055
2012-02-06,96317.73430823654,123439.54460013722
2012-02-07,96740.14404299702,123751.74691084158
2012-02-08,97255.07951201637,124118.98222675962
2012-02-09,97413.93192358897,124275.10141389594
2012-02-10,96894.29535224797,123356.96804464048
2012-02-13,97243.99322275826,124275.10141389594
2012-02-14,97480.21253593016,124118.98222675962
2012-02-15,96909.2547338389,123540.59471849157
2012-02-16,97384.85106500324,124908.59405451425
2012-02-17,97915.36015232865,125239.11665791097
2012-02-21,97633.45631012031,125294.21277436917
2012-02-22,97421.82936167213,124890.19261879323
2012-02-23,97777.42526990663,125441.06362445443
2012-02-24,98192.90834558915,125716.49011139295
2012-02-27,98481.90891006573,125927.64230374296
2012-02-28,99095.93715846758,126294.88663555308
2012-02-29,98349.8832844502,125799.13879402628
2012-03-01,99128.77133098472,126450.96074322904
2012-03-02,98989.15103388934,126065.37808694241
2012-03-05,98713.87159096815,125551.2288096946
2012-03-06,97414.05435003174,123715.01616653612
2012-03-07,98325.56433900945,124578.01735576509
2012-03-08,99324.10066945507,125817.46810261073
2012-03-09,99686.90438823201,126304.1008772517
2012-03-12,99663.18303184587,126313.27003948994
2012-03-13,100896.53609954011,128590.15243950117
2012-03-14,100531.64720793457,128452.44370397794
2012-03-15,100999.40302910384,129196.14660929679
2012-03-16,100896.50324697336,129375.0219080254
2012-03-19,101210.93679762234,129882.1928848087
2012-03-20,100970.74396777694,129504.16554607927
2012-03-21,101148.32308509866,129292.0306214933
2012-03-22,101164.82930321794,128360.65290678258
2012-03-23,101246.20673619262,128775.6093394431
2012-03-26,102484.54261145566,130583.0071915362
2012-03-27,102314.4730420615,130177.30106414262
2012-03-28,101572.97179547412,129531.78122349891
2012-03-29,101572.12705098746,129310.45910489054
2012-03-30,101961.42833363885,129845.2728067697
2012-04-02,103032.5450945409,130795.10605255388
2012-04-03,102787.53121822585,130260.24727121435
2012-04-04,101617.92977097185,128969.2887329556
2012-04-05,102444.98196913474,128904.71691392866
2012-04-09,101335.4042036516,127456.99906019638
2012-04-10,99091.36361158777,125317.60901429864
2012-04-11,100365.19102613076,126332.00506321767
2012-04-12,102056.33676637294,127982.607536269
2012-04-13,101077.46887889193,126461.07657413496
2012-04-16,100685.12483578282,126378.13036706322
2012-04-17,101983.72615399693,128250.00987926255
2012-04-18,101421.1308872079,127816.6249632048
2012-04-19,100621.06312743507,126995.98043493484
2012-04-20,100574.81398830513,127207.99815292386
2012-04-23,99592.98281007884,126138.33468559725
2012-04-24,99386.41726031875,126617.85392139261
2012-04-25,101179.99168732236,128351.4296491919
2012-04-26,102525.93650486859,129245.94138121605
2012-04-27,103589.49558410066,129457.99516277335
2012-04-30,102931.74776536098,128978.49395876213
2012-05-01,103383.85261833675,129780.73705131107
2012-05-02,103476.42592681105,129393.4684232068
2012-05-03,102714.52905291882,128406.7511629519
2012-05-04,100238.89209044687,126332.00506321767
2012-05-07,100128.67992301458,126424.20157555632
2012-05-08,98723.45392050424,125917.0396146651
2012-05-09,97960.61965228089,125170.11803587619
2012-05-10,97886.31593847666,125428.2790894949
2012-05-11,97547.41922869542,125050.25175076546
2012-05-14,96018.14907788375,123667.02457303146
2012-05-15,95835.98958669307,122957.0050404974
2012-05-16,95282.78377486538,122486.70906229274
2012-05-17,93065.20909661043,120670.08795260891
2012-05-18,92438.78315856369,119637.35357921336
2012-05-21,94149.81718504008,121693.6892273345
2012-05-22,94474.47455577496,121905.73399299973
2012-05-23,94921.45433432073,121970.32384381081
2012-05-24,95317.4559228488,122210.0473981402
2012-05-25,95053.66928403788,121813.54649655316
2012-05-29,96091.09010926097,123288.9701866258
2012-05-30,94836.0680781319,121500.02786560614
2012-05-31,94686.36886669078,121232.61650672051
2012-06-01,91703.54303022382,118180.35837253796
2012-06-04,92134.00359030502,118125.00079520965
2012-06-05,93419.13153918355,119019.46744777344
2012-06-06,95486.3992077885,121693.6892273345
2012-06-07,95370.68965480315,121767.40316092347
2012-06-08,96434.07715177383,122735.65587421281
2012-06-11,95336.34215838833,121177.2589293922
2012-06-12,96532.10591196308,122569.69133293275
2012-06-13,95291.32605900092,121785.89475556521
2012-06-14,96037.09557611623,123076.86230971606
2012-06-15,97681.81086120117,124335.62509738209
2012-06-18,98447.75923057256,124576.61989249378
2012-06-19,99471.82094332458,125781.62993162048
2012-06-20,99198.97453011891,125577.69045292889
2012-06-21,97016.46437433195,122759.84551264471
2012-06-22,98064.48881277537,123705.32408255762
2012-06-25,96683.30629415486,121721.69258811328
2012-06-26,97471.12968199265,122333.4659447277
2012-06-27,97646.92127784669,123436.52427629277
2012-06-28,96652.18783826631,123084.29140478422
2012-06-29,98262.93884739031,126152.381445447
2012-07-02,98601.34060638973,126532.34720097213
2012-07-03,99049.11136499948,127366.53359913576
2012-07-05,98971.73226321986,126791.9237496463
2012-07-06,97752.05687561244,125586.96780587203
2012-07-09,97227.2704159672,125429.3790283278
2012-07-10,96066.0652445286,124335.62509738209
2012-07-11,95694.0420956751,124354.11669202385
2012-07-12,95601.62294349393,123751.64773602877
2012-07-13,96797.23918515799,125827.95358509164
2012-07-16,96350.22403491603,125531.28565642909
2012-07-17,97096.92675743163,126393.3401769904
2012-07-18,98456.7971665579,127329.5323780681
2012-07-19,99498.06782966078,127663.2015277983
2012-07-20,98874.19887049688,126495.26483687582
2012-07-23,97845.33211911604,125216.18924436929
2012-07-24,97151.44144243655,124140.95395574156
2012-07-25,97203.92880848708,124168.79503046302
2012-07-26,98814.32660508838,126217.20570945198
2012-07-27,100640.21380013676,128543.77469067759
2012-07-30,100248.49622774006,128543.77469067759
2012-07-31,99187.89784114799,127644.67386958827
2012-08-01,98190.55496921293,127533.41776140725
2012-08-02,97769.41131691105,126652.88967798834
2012-08-03,99928.73930809276,129164.80736845099
2012-08-06,99905.64966562223,129415.03443704544
2012-08-07,100751.84013539142,130063.92622132447
2012-08-08,99948.8670403712,130221.51499886869
2012-08-09,99745.282971879,130332.65390045274
2012-08-10,99589.89095835268,130545.87974797953
2012-08-13,99873.82362421295,130481.02843629834
2012-08-14,99939.7990934017,130499.57412629253
2012-08-15,100279.76764302743,130647.8945667857
2012-08-16,100887.90908863979,131611.8917790166
2012-08-17,101060.40508411375,131787.90903995806
2012-08-20,100663.27036487141,131797.26753592983
2012-08-21,100044.01888770821,131398.64789970563
2012-08-22,100515.45206813578,131454.31201736443
2012-08-23,99904.84922270817,130379.01361749218
2012-08-24,100780.31271459648,131166.94848932122
2012-08-27,100508.36635192124,131194.7264527982
2012-08-28,100791.01295516708,131064.96973408337
2012-08-29,101159.65435767072,131166.94848932122
2012-08-30,100365.67931651899,130221.51499886869
2012-08-31,101157.21999295759,130842.48456539758
2012-09-04,101201.1669802557,130722.01421551795
2012-09-05,100859.80802140744,130610.7761391211
2012-09-06,102845.31099714649,133261.76396481
2012-09-07,103710.50809239353,133780.7908396693
2012-09-10,103130.11103718185,133020.76015380624
2012-09-11,103064.02742128936,133391.5206835248
2012-09-12,103123.0710544603,133836.46397322018
2012-09-13,104768.72018189047,135875.67844229465
2012-09-14,105406.69972207728,136478.14739828973
2012-09-17,105190.0082123444,136014.67645038432
2012-09-18,104972.71319965871,135903.4293580954
2012-09-19,105030.42087237374,135977.5670386118
2012-09-20,104978.10889848851,135986.88947101528
2012-09-21,105002.41004328003,135930.053287387
2012-09-24,104649.1398417134,135725.0138698625
2012-09-25,103816.5072552395,134280.62288030516
2012-09-26,103313.61997919528,133525.82141184446
2012-09-27,104406.7024747269,134783.81784868427
2012-09-28,104165.30283581931,134159.44929084386
2012-10-01,104137.52630920876,134513.59353147188
2012-10-02,104101.16557523487,134653.35789038776
2012-10-03,104713.06776432821,135203.13797310813
2012-10-04,105752.00714306328,136172.319323281
2012-10-05,105645.21582397401,136181.5696285479
2012-10-08,105318.22826817603,135715.64635799863
2012-10-09,103881.14603191055,134373.82015666392
2012-10-10,103340.85915514884,133516.53504300924
2012-10-11,103479.84955372452,133591.0604068848
2012-10-12,103405.59612984936,133153.0864017619
2012-10-15,104021.42552861646,134262.01407906646
2012-10-16,105164.6095350096,135622.49416110024
2012-10-17,106029.89148056095,136237.51323886096
2012-10-18,105850.61502490279,135883.40506180123
2012-10-19,104087.2503210954,133619.0186882032
2012-10-22,104222.9665959287,133637.65453711813
2012-10-23,102824.12884962128,131783.2207760801
2012-10-24,102130.82385117795,131410.51281367373
2012-10-25,102140.43679376143,131792.5341925915
2012-10-26,102663.45359140389,131717.99079693182
2012-10-31,102587.91561653033,131717.99079693182
2012-11-01,104191.84684344017,133097.19688680125
2012-11-02,103394.50556827059,131913.69876616076
2012-11-05,104235.57813130954,132183.9411151573
2012-11-06,105198.81450125972,133218.33441269427
2012-11-07,102937.44965465777,130199.1285388514
2012-11-08,101612.49178169534,128633.53691215652
2012-11-09,101732.7346998307,128745.39708510641
2012-11-12,102260.24351212976,128847.88974619245
2012-11-13,101867.43157208583,128400.56626098981
2012-11-14,100060.56503511233,126667.3421529814
2012-11-15,99842.27156571735,126453.07046197412
2012-11-16,100438.63206153737,127077.3849244621
2012-11-19,102248.30853423869,129649.31239256273
2012-11-20,102618.75587355345,129705.21092341542
2012-11-21,102528.38574405598,129947.49499109354
2012-11-23,103759.32058508911,131717.99079693182
2012-11-26,103769.58897733156,131438.4260155318
2012-11-27,103043.57135020444,130767.55348637875
2012-11-28,104189.12902727378,131820.48345801784
2012-11-29,104748.76863843386,132435.57466291514
2012-11-30,105024.7461155337,132463.53294423356
2012-12-03,104524.32384798856,131811.20610507473
2012-12-04,104811.27447779963,131624.8566318176
2012-12-05,104962.85225670895,131857.7822035239
2012-12-06,105415.49179711567,132305.10568872653
2012-12-07,105422.66249954971,132705.81701191168
2012-12-10,105287.40793584828,132761.69751098024
2012-12-11,105727.17448122267,133665.57675486826
2012-12-12,105145.67967651885,133730.8427975848
2012-12-13,104433.54715255796,132910.77528640753
2012-12-14,104571.06295875531,132416.8757027557
2012-12-17,105869.26901412821,133973.135881155
2012-12-18,107159.41694069254,135464.1119850536
2012-12-19,106846.49244350534,134457.66795294295
2012-12-20,107264.57878575071,135231.11428621068
2012-12-21,106231.11332276677,134003.63664403802
2012-12-24,106142.63534874475,133590.717802986
2012-12-26,105364.62718764559,133027.63026356586
2012-12-27,105317.12711812182,132849.25985479334
2012-12-28,104261.96671455361,131413.43396270537
2012-12-31,106078.95944051928,133647.03106487406
2013-01-02,108986.76662836675,137072.3938607142
2013-01-03,108275.12813015688,136762.66190443785
2013-01-04,108667.4282798971,137363.3276820183
2013-01-07,108822.40797007314,136987.905936098
2013-01-08,108708.05698080407,136593.758182342
2013-01-09,109666.61581584546,136940.98723375
2013-01-10,110492.5946792945,138029.61112210617
2013-01-11,111076.2115571018,138020.26164202645
2013-01-14,111375.62664977505,137926.38817376224
2013-01-15,111239.21057479065,138020.26164202645
2013-01-16,110979.9530192225,138001.5085865146
2013-01-17,111944.92575101985,138893.00901058636
2013-01-18,112188.58354731965,139202.72293507858
2013-01-22,113104.59519307778,139953.52134745888
2013-01-23,113377.41783977726,140178.71128376655
2013-01-24,116439.22671142247,140216.2173947903
2013-01-25,119399.31044596089,141004.5760135468
2013-01-28,118409.95090452215,140835.67229145093
2013-01-29,118152.32653284505,141389.3292077627
2013-01-30,118332.63755904531,140835.67229145093
2013-01-31,117997.94469084479,140488.42520825876
2013-02-01,119053.02183254292,141933.6817234551
2013-02-04,118574.72747446869,140338.2294622144
2013-02-05,119849.90226018388,141755.41950538746
2013-02-06,120333.858125276,141858.53426302652
2013-02-07,120167.31378661464,141670.8774854188
2013-02-08,121211.38741770608,142459.23610417527
2013-02-11,120614.8258742559,142431.04340966296
2013-02-12,120542.07256413013,142665.6369214028
2013-02-13,121510.97917463497,142787.66702061106
2013-02-14,121851.92206131182,142919.0195522228
2013-02-15,121809.74330860452,142750.1699254794
2013-02-19,122900.87295807169,143819.89650405053
2013-02-20,119963.84391636777,142027.54617582727
2013-02-21,118748.58924291279,141164.04911253427
2013-02-22,119402.33622855677,142543.59780630248
2013-02-25,117079.3126551513,139831.51829592683
2013-02-26,118120.50115641458,140788.68146196636
2013-02-27,120190.60782601411,142562.42298895094
2013-02-28,120606.85488377637,142280.86569540275
2013-03-01,121480.22384734766,142750.1699254794
2013-03-04,122183.303061371,143510.28175437113
2013-03-05,123512.01679489446,144795.96599576718
2013-03-06,123382.7240261921,144993.06241237535
2013-03-07,122963.67285049836,145255.8125550592
2013-03-08,123513.54208438586,145875.23138815156
2013-03-11,123443.12887600539,146428.8973203554
2013-03-12,123829.6422318528,146100.47541981167
2013-03-13,124078.04667549761,146306.90328471543
2013-03-14,124361.16835849549,147085.78620090318
2013-03-15,123168.69589054579,146891.68306046323
2013-03-18,122357.49525124684,146080.97404525775
2013-03-19,121515.40933706598,145741.56177227703
2013-03-20,122871.85325802791,146759.70843229844
2013-03-21,121590.10291826636,145506.01257597745
2013-03-22,122363.28768760295,146674.84184021517
2013-03-25,121752.66677673794,146062.12181493308
2013-03-26,123438.38220056768,147230.94206327872
2013-03-27,123275.38584066564,147230.94206327872
2013-03-28,123992.02630535827,147683.41362285503
2013-04-01,123407.03616292804,147099.02153046636
2013-04-02,123373.34490042919,147824.918048941
2013-04-03,121496.54071009753,146326.05303947852
2013-04-04,121847.3296556552,146919.93886622007
2013-04-05,120948.11457699758,146260.08375718025
2013-04-08,121578.60534509289,147249.8483889558
2013-04-09,122481.6378166217,147758.87663950617
2013-04-10,124709.11808510509,149568.78090959557
2013-04-11,124554.58838017742,150058.92988214505
2013-04-12,123909.57305110991,149691.30688286785
2013-04-15,119926.21878059178,146222.3522488547
2013-04-16,122119.35368880762,148381.0002402204
2013-04-17,119568.50120068037,146212.95768931461
2013-04-18,118634.74376036396,145298.5478834853
2013-04-19,120078.80055260353,146561.7645218354
2013-04-22,121016.505939419,147212.1349124144
2013-04-23,122935.45634997293,148729.79805684913
2013-04-24,123922.70462433786,148824.0231449042
2013-04-25,124641.35799564947,149427.33057886205
2013-04-26,123688.45536345079,149163.4083702087
2013-04-29,124771.14936453485,150162.6396886609
2013-04-30,125188.59048459897,150520.8050171535
2013-05-01,123966.50544137356,149201.11283085804
2013-05-02,125860.25883114815,150586.81036302005
2013-05-03,127600.99368758126,152113.82298753448
2013-05-06,128543.42828079162,152500.40640784122
2013-05-07,129453.20492973892,153273.28473990833
2013-05-08,130036.98395889185,153970.7721824609
2013-05-09,129237.80991229882,153537.3061233745
2013-05-10,130358.16519036135,154036.84063957195
2013-05-13,130087.65907766738,154159.4387399808
2013-05-14,132053.60415314278,155752.4567103618
2013-05-15,132764.25919022516,156591.4215313241
2013-05-16,132085.1374717723,155856.1575009856
2013-05-17,134120.21995246052,157364.39002231194
2013-05-20,133837.2378418753,157354.94136741944
2013-05-21,133709.20969212317,157581.18616309966
2013-05-22,132057.5798976801,156412.32985118573
2013-05-23,132107.8343854462,155959.87632339358
2013-05-24,131627.7160392339,155827.84759987635
2013-05-28,133307.60589879635,156761.10062013826
2013-05-29,132872.21616778753,155743.0621508217
2013-05-30,133759.16213407685,156318.09574723858
2013-05-31,131741.0774528571,154074.58116378958
2013-06-03,132193.0200650234,154922.95857607614
2013-06-04,131557.36282803025,154178.2819544134
2013-06-05,129208.54650068375,152019.6069153715
2013-06-06,130645.65596019563,153395.91890388547
2013-06-07,132807.3851037234,155347.0841709749
2013-06-10,132708.71792118778,155347.0841709749
2013-06-11,130940.65047432543,153744.6536092697
2013-06-12,129704.47585909562,152472.1145385161
2013-06-13,131836.02394822155,154790.9659161272
2013-06-14,130984.5301363384,153820.00843521595
2013-06-17,132187.7581407985,155007.78008869907
2013-06-18,134032.30953961922,156233.22013926323
2013-06-19,132537.54157510042,154074.58116378958
2013-06-20,128689.71911011654,150256.84674493186
2013-06-21,128738.18788497521,150739.23303440644
2013-06-24,126560.96010701518,148834.4815797089
2013-06-25,128695.33431468686,150265.384794725
2013-06-26,130179.63947013277,151753.13320926146
2013-06-27,131345.7022968871,152643.93940964362
2013-06-28,130896.33974515488,152018.54304010686
2013-07-01,131815.20315799632,152909.24104978415
2013-07-02,131768.9040258656,152767.15059071343
2013-07-03,132136.33615094662,152833.4534610184
2013-07-05,134429.02840088803,154482.3519304679
2013-07-08,134972.10622864266,155363.6553806051
2013-07-09,136601.82631056028,156481.87844263698
2013-07-10,137078.32227926052,156538.67856269696
2013-07-11,138923.69786350973,158670.84687904423
2013-07-12,139365.22286133966,158737.13171756503
2013-07-15,139061.93647203664,159343.64880910088
2013-07-16,138162.80395047512,158746.7065949466
2013-07-17,138590.81663006247,159154.11672594197
2013-07-18,139045.2346986077,160026.0256165391
2013-07-19,138894.33134330215,160310.26063003295
2013-07-22,139149.06212835602,160622.98586247754
2013-07-23,138507.5631622943,160281.8425382188
2013-07-24,137586.60515262492,159694.3850425253
2013-07-25,137277.40238753762,160082.80770481494
2013-07-26,136559.24377020999,160253.35231926807
2013-07-29,136714.26731624,159760.63381747782
2013-07-30,136912.3880962778,159760.63381747782
2013-07-31,137272.80603663134,159874.34224830268
2013-08-01,140452.43846357169,161722.2394875878
2013-08-02,139992.96665165064,161997.04387797328
2013-08-05,139615.7267061407,161760.10623429445
2013-08-06,138727.8190830055,160840.95406923475
2013-08-07,137449.2628175603,160319.67322135717
2013-08-08,138437.92075499357,160907.34709846042
2013-08-09,137973.6057392442,160442.95652956358
2013-08-12,137766.97805039075,160253.35231926807
2013-08-13,138449.28638729925,160727.2456384099
2013-08-14,137382.0326624322,159902.77837190096
2013-08-15,135362.34235655787,157666.4404385421
2013-08-16,135120.48970932278,157145.1956542328
2013-08-19,134086.53187798345,156140.7170865941
2013-08-20,134985.6644316685,156908.25801055398
2013-08-21,134802.56779739843,155941.71831675852
2013-08-22,136282.06088522213,157363.14582920587
2013-08-23,136294.950417009,157893.82123662354
2013-08-26,135538.9682560908,157306.3096455776
2013-08-27,132665.15021135847,154776.0355988543
2013-08-28,133336.10208985748,155325.75257033014
2013-08-29,133599.67125801585,155572.12083711734
2013-08-30,133229.12421853462,155079.25808105394
2013-09-03,134647.66975266024,155780.60432541373
2013-09-04,136651.3994412417,157069.37200189877
2013-09-05,137083.1128361894,157268.33470816605
2013-09-06,136788.84647996488,157344.1944240684
2013-09-09,137777.18676712544,158850.85818017405
2013-09-10,139061.78632635393,160026.0256165391
2013-09-11,139727.39374530068,160528.210805006
2013-09-12,139023.51944098284,160101.81320530485
2013-09-13,139139.61486664286,160461.90793470104
2013-09-16,140221.5549833976,161390.54481822156
2013-09-17,140908.24413274686,162110.73427701398
2013-09-18,141374.8099340939,163987.04960811324
2013-09-19,141266.2720129181,163712.24521772776
2013-09-20,140937.19081143904,162567.6596872744
2013-09-23,140136.6062257073,161815.37365270202
2013-09-24,140640.3091100792,161434.45221261715
2013-09-25,140863.94938586064,160967.91586140695
2013-09-26,141170.9053068426,161586.94701114012
2013-09-27,140810.1915436139,160844.1456950286
2013-09-30,140461.0537214445,159987.0949945678
2013-10-01,141923.52995146014,161253.5212904959
2013-10-02,141922.02431517048,161101.18877803025
2013-10-03,140744.41972075656,159615.62220937546
2013-10-04,142259.55540928908,160824.9959402655
2013-10-07,140801.33331616782,159434.74538260663
2013-10-08,138461.0248020413,157577.85028303266
2013-10-09,138296.19424891702,157692.11769916603
2013-10-10,141720.93669719278,161091.68602778527
2013-10-11,142710.00328229382,162129.63158679902
2013-10-14,143494.22442130366,162777.15295548295
2013-10-15,142621.84381386975,161596.3415706802
2013-10-16,144805.1491478301,163853.19967439727
2013-10-17,145337.15129539103,164948.32402093807
2013-10-18,147152.1071995244,166062.43583618465
2013-10-21,147587.5851165049,166071.9385864296
2013-10-22,148021.76241348512,167033.68182564224
2013-10-23,146589.90701450722,166233.75581735608
2013-10-24,147357.68750131823,166786.10542931725
2013-10-25,147682.5896278026,167547.93027770286
2013-10-28,148003.03056396052,167814.49414273363
2013-10-29,148546.14121521197,168709.60993952668
2013-10-30,147699.98541809473,167871.65489847652
2013-10-31,147227.32384354595,167395.57973345305
2013-11-01,147871.16838253487,167795.47061045957
2013-11-04,148516.3670790227,168385.88531875302
2013-11-05,147802.63368782093,167852.61333441833
2013-11-06,148564.93871853934,168709.60993952668
2013-11-07,146202.0841907448,166576.52200218796
2013-11-08,149618.09769206503,168823.94948279666
2013-11-11,149362.7160304744,168852.5298606681
2013-11-12,149340.28770753823,168509.6735169155
2013-11-13,150786.15534565,169861.91307359454
2013-11-14,152099.87212940204,170709.40692845793
2013-11-15,153367.80454234377,171452.1000538646
2013-11-18,152601.26846703675,170852.16456354206
2013-11-19,151952.6928186277,170480.8180008387
2013-11-20,152089.37291449055,169947.47388936745
2013-11-21,153834.24046060003,171318.86320080957
2013-11-22,154804.2595767615,172175.82374234963
2013-11-25,154530.39229725007,172004.48572939407
2013-11-26,154991.56735282444,172052.017512403
2013-11-27,155417.06104636713,172471.07617595672
2013-11-29,155042.91567432668,172356.7546644709
2013-12-02,154808.21099933024,171909.16971839816
2013-12-03,153805.69080410514,171166.42249763905
2013-12-04,154499.51787009084,171147.3629017967
2013-12-05,153759.33432654536,170395.14899436093
2013-12-06,155888.21545392214,172299.59390872798
2013-12-09,156021.1621740564,172737.58594563504
2013-12-10,155707.34244090426,172118.7351137433
2013-12-11,154347.89735324145,170185.65572615236
2013-12-12,154553.27076997582,169623.82139573037
2013-12-13,154764.1773050958,169604.7978634563
2013-12-16,156088.6023912503,170661.73089117583
2013-12-17,156063.20721356574,170118.9561565962
2013-12-18,157981.67362575815,173023.31759721303
2013-12-19,157787.3773910574,172823.399206386
2013-12-20,158479.96969894294,173828.58101360642
2013-12-23,159222.34788449525,174757.30805604765
2013-12-24,159422.74506051934,175140.35724666176
2013-12-26,160237.6792982041,176030.71265244027
2013-12-27,159849.7196212732,176021.15580684287
2013-12-30,159747.55983077892,175992.43117469826
2013-12-31,160432.5731089394,176825.3733797558
2014-01-02,158797.89561441413,175130.76433749608
2014-01-03,158618.02780599313,175102.03970535146
2014-01-06,158035.44991959093,174594.57120412975
2014-01-07,159989.54549470765,175666.88534372582
2014-01-08,160264.07618808956,175705.23894860444
2014-01-09,160805.2828979129,175820.0833818305
2014-01-10,161219.25802678458,176298.7911873393
2014-01-13,158450.0197888986,173953.1085149189
2014-01-14,161379.22724500232,175848.80801397513
2014-01-15,162338.17652771375,176796.61268404286
2014-01-16,161751.8002267431,176566.88775402246
2014-01-17,161230.51008425036,175820.0833818305
2014-01-21,161546.85102913686,176337.05463329717
2014-01-22,162125.6139446774,176451.91709830737
2014-01-23,160128.00656798127,175006.21880439945
2014-01-24,155700.84849847615,171272.34119771284
2014-01-27,154181.35024625153,170429.84214705788
2014-01-28,155594.21446885055,171444.70702236472
2014-01-29,154150.32425131722,169797.90023987615
2014-01-30,156988.8206903609,171597.8329333328
2014-01-31,155735.0445978593,170592.54293540752
2014-02-03,151171.47595749496,166753.37774109223
2014-02-04,152284.8360720803,167921.3144320147
2014-02-05,152154.46452374998,167710.68516140492
2014-02-06,153873.17726330334,169922.39167762033
2014-02-07,155072.23758391407,172028.64832014975
2014-02-10,154766.98720223253,172344.67336909307
2014-02-11,156220.81792633474,174230.7438954153
2014-02-12,156793.07942859357,174316.95385541747
2014-02-13,157593.70764051715,175216.90217036166
2014-02-14,157835.75295611323,176183.8926587608
2014-02-18,158244.45026114138,176394.53996115472
2014-02-19,157460.32650364138,175226.49507952735
2014-02-20,158414.93341918857,176260.473646029
2014-02-21,159193.4138932708,176059.4012210166
2014-02-24,159879.18389195923,177035.98461858142
2014-02-25,159878.64205432296,176968.99654047893
2014-02-26,160023.15109460152,176978.53535429217
2014-02-27,160292.62248473885,177907.26239673342
2014-02-28,160788.67187897215,178357.24557009758
2014-03-03,160151.18772792246,177102.99072846805
2014-03-04,162902.64099354323,179592.2604980433
2014-03-05,162987.89228260564,179755.05144531364
2014-03-06,163922.37428983927,180166.7170773675
2014-03-07,164056.97230388963,180243.33412820398
2014-03-10,163595.2398701694,180147.58535438858
2014-03-11,162440.64335085798,179257.19388504178
2014-03-12,162369.39151652026,179305.08630373364
2014-03-13,160093.0453284694,177294.50630788304
2014-03-14,159522.23260490948,176796.61268404286
2014-03-17,160954.06588110712,178395.58114319204
2014-03-18,161747.73210124573,179668.82345352732
2014-03-19,160832.04108072046,178711.47996964635
2014-03-20,162150.57416194392,179755.05144531364
2014-03-21,161394.69890405607,179057.94267022813
2014-03-24,160386.21106540773,178317.413358919
2014-03-25,160021.9060472782,179163.62695710803
2014-03-26,158478.80880142286,177875.03959846447
2014-03-27,157375.33663330585,177499.9965200112
2014-03-28,158584.5783052092,178375.1511317546
2014-03-31,160555.58198430695,179836.80755463176
2014-04-01,161966.07354048706,181029.19534485624
2014-04-02,163057.01384196462,181635.04526037868
2014-04-03,162014.94079665636,181394.64551414383
2014-04-04,158840.279516847,179250.1975527931
2014-04-07,156794.68170474144,177269.24377829445
2014-04-08,158224.51369804377,178000.03592616474
2014-04-09,160005.2906541846,179913.73114579872
2014-04-10,156093.49367939046,176134.46753841653
2014-04-11,154158.45089688775,174547.76069248666
2014-04-14,155953.46697901798,175922.86455146287
2014-04-15,156886.63435288623,177134.58241429192
2014-04-16,158991.65389457738,178990.55789287444
2014-04-17,159020.92772647113,179240.5866118433
2014-04-21,159622.20802529535,179865.6584092654
2014-04-22,159579.32417996944,180683.05721638905
2014-04-23,159521.01506875904,180259.90533783418
2014-04-24,159743.91296800223,180625.3735389059
2014-04-25,156751.28833995672,179144.4231069925
2014-04-28,156971.9828012908,179711.73909979488
2014-04-29,157944.49186214077,180548.37782060236
2014-04-30,158906.01348416682,181086.96918126012
2014-05-01,158619.40030068686,181106.17303137566
2014-05-02,158649.54025463632,180846.51533967283
2014-05-05,159341.3262417584,181192.70756349244
2014-05-06,158820.13365128194,179615.62969029654
2014-05-07,158731.4595704475,180673.44627543923
2014-05-08,158199.81713985399,180481.06517038523
2014-05-09,158094.86614529224,180750.31577125375
2014-05-12,160558.53139499508,182510.14577676964
2014-05-13,160608.52384385333,182673.69405897413
2014-05-14,159953.89337165921,181808.20448353302
2014-05-15,158284.61390076554,180211.83260130088
2014-05-16,158779.3175064648,180836.92243050714
2014-05-19,159865.9810528397,181500.47405529686
2014-05-20,158816.63080395205,180356.06884268497
2014-05-21,160066.0977151535,181875.48107018185
2014-05-22,160267.11067105434,182317.8187670681
2014-05-23,161613.71532844577,183048.68304207496
2014-05-27,162785.34764346192,184173.81227743477
2014-05-28,162678.17653677758,184039.18697700053
2014-05-29,163464.00471617878,184991.13895742185
2014-05-30,163415.72633596975,185289.25844470816
2014-06-02,163586.39546792503,185500.84339987766
2014-06-03,162881.5864543607,185404.69792681103
2014-06-04,163058.20228605103,185779.7770688326
2014-06-05,164349.42650148625,186991.4047727409
2014-06-06,165249.3142612237,187885.78126638397
2014-06-09,165346.0735581709,188078.0902443014
2014-06-10,164596.8786621848,188097.31212620105
2014-06-11,164802.59079253717,187443.37144236115
2014-06-12,163803.04697520268,186116.34031991824
2014-06-13,164407.09669770434,186683.67434450478
2014-06-16,164133.84590707422,186837.5936539753
2014-06-17,164564.90324952846,187356.8549420285
2014-06-18,166032.29150595295,188732.01289635713
2014-06-19,166114.80875244795,188943.48966082177
2014-06-20,166209.45723676696,189327.1339003127
2014-06-23,165865.31338820024,189269.16171428323
2014-06-24,164074.7310980693,188128.97593916146
2014-06-25,164878.47795913438,188979.35487948824
2014-06-26,164293.35841630274,188844.06240304056
2014-06-27,164597.26404070028,189211.20756003787
2014-06-30,165001.7609964784,189114.5752287993
2014-07-01,166530.0660602241,190380.2982851457
2014-07-02,166787.36172455893,190573.59901119114
2014-07-03,167615.8557588422,191510.85508753345
2014-07-07,166964.94521768612,190844.14790051818
2014-07-08,166282.31796841673,189617.01286224427
2014-07-09,167750.066762044,190467.31967543444
2014-07-10,166676.15230547288,189713.57306634626
2014-07-11,166829.8613305882,189974.5651100759
2014-07-14,167649.4777899821,190931.11519545448
2014-07-15,167411.48321771223,190573.59901119114
2014-07-16,167686.83915812772,191279.0024069838
2014-07-17,165645.2602342358,189104.91019249705
2014-07-18,168082.71760664802,191037.43059477946
2014-07-21,167759.85752767083,190679.896378732
2014-07-22,168475.55736052134,191510.85508753345
2014-07-23,167638.68282429557,191935.9904623444
2014-07-24,167684.95105064005,191945.65549864667
2014-07-25,166003.7331046097,191047.04153572928
2014-07-28,166494.18917809427,191124.4159214999
2014-07-29,165214.26586587555,190303.06815364826
2014-07-30,164685.72960155492,190332.04523077092
2014-07-31,162056.48384193672,186573.31982553107
2014-08-01,162284.34806288173,186003.2269379702
2014-08-04,163612.98208591007,187346.34241187136
2014-08-05,161936.45137002258,185529.83850878448
2014-08-06,161839.39974989038,185587.75659946154
2014-08-07,160959.6797291845,184582.86330078746
2014-08-08,163011.92708944317,186718.277338281
2014-08-11,163704.57847874085,187259.33905336677
2014-08-12,163539.69089552824,186998.4912639103
2014-08-13,164603.17657223425,188264.25038382498
2014-08-14,165620.88103800794,189153.2353740084
2014-08-15,165727.9936040265,189114.5752287993
2014-08-18,167038.06294209807,190699.22645133652
2014-08-19,167967.64344483727,191694.45471370834
2014-08-20,168547.05647504152,192206.59344702386
2014-08-21,168801.391632973,192766.94917114588
2014-08-22,168478.44811871924,192467.4412364803
2014-08-25,168930.14736696173,193443.3394262476
2014-08-26,168623.21342565477,193568.98489817712
2014-08-27,168883.92133474012,193491.6105124065
2014-08-28,168984.37458831575,193385.4033037864
2014-08-29,170143.6677677786,193936.1480869586
2014-09-02,170504.89016719526,193839.5878828566
2014-09-03,170898.3921553889,193733.3085470999
2014-09-04,171078.259856566,193453.0585579023
2014-09-05,172265.54057935468,194322.64134834456
2014-09-08,172011.17284419088,193820.2037148996
2014-09-09,171080.4910082947,192593.10474019402
2014-09-10,171225.90300212573,193317.76608145464
2014-09-11,171673.4502160523,193539.97175748617
2014-09-12,169998.8997313758,192409.487082235
2014-09-15,169570.60211557912,192264.5476012692
2014-09-16,171726.62583019436,193713.97847449535
2014-09-17,172277.37035149775,193974.84429573597
2014-09-18,173491.22071957448,195008.7146715327
2014-09-19,173120.68033492393,194833.03099859794
2014-09-22,171114.10856718532,193328.33270696423
2014-09-23,169837.8082237685,192221.61392321752
2014-09-24,171336.16336908226,193726.3302466354
2014-09-25,168643.59566134072,190600.41227421627
2014-09-26,169756.16182441026,192114.88379285714
2014-09-29,169622.69710834973,191765.33765718638
2014-09-30,168463.72632353712,191260.60998715486
2014-10-01,165918.9849757827,188668.649206868
2014-10-02,165855.813287704,188697.77053826384
2014-10-03,167326.4830783293,190775.1763261596
2014-10-06,167093.72967154754,190551.9248066476
2014-10-07,165051.32702800355,187610.52608139484
2014-10-08,168184.19436761047,190891.69771531125
2014-10-09,164423.01560819766,187105.6721888743
2014-10-10,160406.9161851263,184970.02373818686
2014-10-13,157485.40039661844,181931.559918876
2014-10-14,158389.93202186187,182212.96394225894
2014-10-15,158178.64155945615,180980.18495554733
2014-10-16,158594.891641072,180824.85916691343
2014-10-17,159459.32275012985,182960.56171295332
2014-10-20,162246.3389368904,184737.01702345186
2014-10-21,165957.96974414546,188396.85612443488
2014-10-22,164165.22954781976,187057.11259416904
2014-10-23,167173.35637436024,189231.69166682777
2014-10-24,168233.38930631327,190687.8123319721
2014-10-27,168068.99391694143,190425.75641297785
2014-10-28,170175.70319431621,192609.9103630181
2014-10-29,170574.72450423005,192318.67901727557
2014-10-30,171898.31675113167,193551.56619469207
2014-10-31,175160.98280370206,195764.91360326475
2014-11-03,175801.57820077066,195871.67979719338
2014-11-04,174276.670417946,195192.18807521855
2014-11-05,175213.47602752526,196425.07525263503
2014-11-06,175391.0832129067,197211.31513675436
2014-11-07,174375.41905160304,197395.7983203524
2014-11-10,175363.68751936982,198017.15557024043
2014-11-11,176427.4390594816,198211.23166300415
2014-11-12,176427.3515824786,197997.69927514685
2014-11-13,176133.05820786016,198220.9327628747
2014-11-14,176196.25261166072,198269.5464529324
2014-11-17,175802.35358554692,198395.66075124973
2014-11-18,176990.51127722693,199541.219998047
2014-11-19,176757.5061557513,199220.8673209086
2014-11-20,177368.27549070457,199570.35936122696
2014-11-21,178048.04206217223,200638.25571370727
2014-11-24,179211.9330131543,201201.17195117802
2014-11-25,180049.99831948013,201055.6374213354
2014-11-26,180765.6910939529,201570.04815945335
2014-11-28,180808.3519408023,201142.92928838634
2014-12-01,178728.9869212979,199745.12341317028
2014-12-02,180203.7817731681,201036.2712851626
2014-12-03,181629.56317553483,201812.82810119548
2014-12-04,183090.73462327235,201589.50445454693
2014-12-05,182805.11267995884,201919.57626334
2014-12-08,181227.29609898003,200570.2217921243
2014-12-09,182736.8473638558,200434.29820323153
2014-12-10,179764.32863053447,197221.03426840907
2014-12-11,180817.18563441804,198220.9327628747
2014-12-12,177994.32777499827,195017.4420550594
2014-12-15,177485.55405972488,193677.75262014597
2014-12-16,175364.98684863173,192124.54882915944
2014-12-17,178960.7519918396,195891.1180605028
2014-12-18,182450.53395721465,200735.2667124129
2014-12-19,183534.0873076088,201589.32413670546
2014-12-22,185423.54331556798,202516.64469998333
2014-12-23,186020.7974435794,202789.97048406882
2014-12-24,186020.34990988526,202809.57103343558
2014-12-26,186552.4252655029,203463.5297490596
2014-12-29,186768.30854562318,203736.85553314514
2014-12-30,185911.32367591248,202643.60649215552
2014-12-31,184024.30082460458,200632.71995597443
2015-01-02,183646.72786882415,200525.37674495313
2015-01-05,180332.62968530465,196903.98140776943
2015-01-06,178255.2758389062,195049.35831299785
2015-01-07,180219.38366870015,197479.84446625703
2015-01-08,183466.63512721224,200984.14139719642
2015-01-09,182114.49876039993,199373.57850084134
2015-01-12,180096.14002961866,197811.7915806013
2015-01-13,179815.61776107125,197255.34875363897
2015-01-14,179367.44410481857,196064.52972863519
2015-01-15,179002.49446030194,194268.41977341747
2015-01-16,181360.50651162965,196816.09449184168
2015-01-20,181904.52680004283,197235.83836319298
2015-01-21,183476.6967295324,198231.48135660012
2015-01-22,185911.31374593198,201179.38955592964
2015-01-23,185179.3062792925,200076.40335150115
2015-01-26,184857.9385264474,200544.88713539913
2015-01-27,182226.11003919627,197899.57030582416
2015-01-28,179997.8443294007,195361.66881440708
2015-01-29,181682.54958084886,197167.57002841608
2015-01-30,179518.77591633698,194688.1456129846
2015-02-02,180665.92254897227,197099.22956650265
2015-02-03,182940.03102713684,199949.51368646554
2015-02-04,183232.76766562907,199188.13963268357
2015-02-05,185541.01488640253,201198.93600994392
2015-02-06,184307.1079735034,200642.52924654988
2015-02-09,183220.4393278546,199744.51033250932
2015-02-10,186176.3375658502,201872.47724315056
2015-02-11,186664.5109104016,201989.5756493949
2015-02-12,188601.21130215077,203931.99550117346
2015-02-13,188506.0698608901,204771.5553710126
2015-02-17,188519.42184099718,205093.62106764482
2015-02-18,189018.68939263246,205113.16752165914
2015-02-19,190216.41148930875,204966.76746617752
2015-02-20,191653.12661532257,206196.6072720733
2015-02-23,191967.9059443327,206167.4498771092
2015-02-24,192804.87245308064,206753.12222617224
2015-02-25,192933.37781640503,206577.2942989643
2015-02-26,194255.29009051266,206333.34229125266
2015-02-27,193387.78699035262,205630.53547237703
2015-03-02,195378.69289131742,206928.75180375457
2015-03-03,194203.2905908317,206079.56296118145
2015-03-04,193825.35007043468,205210.79160102573
2015-03-05,194781.73566943526,205435.26928185966
2015-03-06,192037.15085896858,202545.9463492206
2015-03-09,193142.4269634438,203385.3980283549
2015-03-10,189659.8746221625,200086.12248315586
2015-03-11,189147.95718733742,199617.5665721213
2015-03-12,191814.8336464505,202155.5221588908
2015-03-13,190831.96911587738,200915.87306241956
2015-03-16,194206.95212801645,203600.1926411024
2015-03-17,193226.41194540824,202994.97383802503
2015-03-18,194860.53612603858,205435.26928185966
2015-03-19,195086.84053909837,204498.24761871123
2015-03-20,196413.83913512455,206303.28330708123
2015-03-23,195792.9350678861,205901.31877489795
2015-03-24,194976.8957597086,204744.30934516795
2015-03-25,189660.29943320501,201744.09094003082
2015-03-26,188968.90235293692,201263.67011502816
2015-03-27,189851.12589059962,201724.5264542324
2015-03-30,191830.56939846254,204185.45025913007
2015-03-31,190165.97901081704,202400.9888364707
2015-04-01,189534.4738938851,201685.21716479404
2015-04-02,189631.14342856008,202410.76206347783
2015-04-06,189763.04502157096,203773.64037280303
2015-04-07,188429.9314995201,203234.41789970017
2015-04-08,189355.19724850176,203920.70760429805
2015-04-09,189067.96681096725,204822.8017015556
2015-04-10,189676.89380285772,205940.50184184726
2015-04-13,188407.80148459578,205009.0339682158
2015-04-14,188276.2162959798,205401.2793687444
2015-04-15,188306.2300262119,206322.88385644797
2015-04-16,188520.70040550656,206264.11827191606
2015-04-17,185620.19192878838,203891.3338279242
2015-04-20,186407.1282841649,205754.25154340293
2015-04-21,186756.15973740007,205509.14550150593
2015-04-22,187487.76998005877,206518.97950903603
2015-04-23,187942.9667632748,207038.63749634047
2015-04-24,187768.76420111288,207519.0943849114
2015-04-27,187026.18032974273,206656.32760887634
2015-04-28,186709.48136056465,207313.20747353206
2015-04-29,184929.5447600507,206460.1598291517
2015-04-30,183733.29536068632,204391.3191387253
2015-05-01,186950.6986480559,206607.2270606467
2015-05-04,187651.07520766975,207195.47795484262
2015-05-05,185577.19989555975,204822.8017015556
2015-05-06,184903.29334855772,203979.5272841824
2015-05-07,186254.66037329452,204793.33776626101
2015-05-08,188368.9938974615,207489.63044961682
2015-05-11,187676.89819356133,206499.3789596693
2015-05-12,186954.98825440448,205881.70019374706
2015-05-13,186755.26831987736,205920.93735604882
2015-05-14,189284.8148116923,208068.18024394216
2015-05-15,189665.86276817453,208293.6496729041
2015-05-18,190662.2848737077,208940.79237412097
2015-05-19,190793.81342694306,208872.14537187704
2015-05-20,190404.8154599654,208725.1142039503
2015-05-21,190415.13847780917,209332.94761572883
2015-05-22,190382.20045202217,208832.94427314357
2015-05-26,188836.208781748,206587.60847949583
2015-05-27,190707.24420039385,208548.65516429726
2015-05-28,190968.983869515,208313.28628583913
2015-05-29,190081.2969471605,207019.05497875786
2015-06-01,189943.62470129406,207440.6561238762
2015-06-02,189646.4205974342,207234.76921249682
2015-06-03,189466.15507191565,207783.7468808227
2015-06-04,187586.10622663074,206028.74939345793
2015-06-05,187351.22330882077,205675.83131415184
2015-06-08,185946.86373506562,204410.9918152286
2015-06-09,186153.69677486282,204381.54591171813
2015-06-10,188534.99215386694,206832.7505849611
2015-06-11,189216.0736388439,207499.43974019223
2015-06-12,188090.62760373604,205911.07397012095
2015-06-15,187380.40733127904,205028.6525493667
2015-06-16,188604.10754856368,206146.4608803632
2015-06-17,189231.67694618413,206479.74234673427
2015-06-18,191271.85940328462,208626.9672028435
2015-06-19,190118.44074971,207700.83673731925
2015-06-22,190476.39997282863,208764.98247869717
2015-06-23,190141.04240565505,208912.73491798976
2015-06-24,188527.4986080752,207395.46847280624
2015-06-25,187988.7593701994,206764.8609176513
2015-06-26,188288.05287412036,206725.49753286052
2015-06-29,184541.13327274745,202390.36811560867
2015-06-30,185675.10159991565,202813.98882055134
2015-07-01,188475.53014949564,204439.73447915737
2015-07-02,189064.94438577836,204252.492432585
2015-07-06,188413.45508098614,203671.23787063773
2015-07-07,188722.01980930445,204952.0715620985
2015-07-08,184863.875738299,201513.55457972383
2015-07-09,185934.95514759846,201878.04906445168
2015-07-10,189413.47278416314,204419.97164373333
2015-07-13,191739.12876502986,206676.288793926
2015-07-14,192349.49611676,207572.82910166658
2015-07-15,192185.72679738037,207503.87555909218
2015-07-16,194154.88832934017,209168.93050713654
2015-07-17,198216.69928956032,209346.29113599687
2015-07-20,197726.4732726234,209454.60806336207
2015-07-21,196962.4961312637,208626.9672028435
2015-07-22,197446.28571618494,208252.69949110848
2015-07-23,195517.85798951166,207080.1827270129
2015-07-24,193911.19897961745,204932.3628220269
2015-07-27,191632.39556444137,203740.22747678045
2015-07-28,193273.1296401803,206242.750607703
2015-07-29,194935.49633626628,207661.54547966504
2015-07-30,195034.60040511977,207710.73618681543
2015-07-31,194638.85150529692,207395.46847280624
2015-08-03,194957.18765932217,206695.97950221345
2015-08-04,195302.7273362062,206291.94131485338
2015-08-05,197580.51137544418,206971.84776786357
2015-08-06,196922.62991559305,205277.18463025143
2015-08-07,196072.97689790858,204883.09998773993
2015-08-10,199121.325942146,207464.4400471648
2015-08-11,198110.3134192382,205592.47037604474
2015-08-12,198292.87089119945,205838.73045212709
2015-08-13,198302.2941462235,205582.64305368517
2015-08-14,198515.6316097598,206331.43092213318
2015-08-17,200283.25100963234,207484.14878723642
2015-08-18,199888.41767317324,206883.1674534334
2015-08-19,199097.80141714428,205247.59447246778
2015-08-20,195066.3262647184,200961.78198485533
2015-08-21,186880.2611560299,194912.3347852722
2015-08-24,179827.48941357012,186705.22232655928
2015-08-25,178531.0381732976,184508.08549193386
2015-08-26,185808.04048935344,191592.0341797589
2015-08-27,190359.44508676362,196331.11162545008
2015-08-28,190375.5821507778,196340.95697959382
2015-08-31,188553.39457458176,194754.68289648346
2015-09-01,182537.50039514652,188941.75860954376
2015-09-02,186498.62138237865,192528.028031211
2015-09-03,187178.43752728216,192666.0072434964
2015-09-04,184761.50218493232,189749.60057107
2015-09-08,190234.6156163976,194518.2140791924
2015-09-09,188186.9450081797,191917.1472479118
2015-09-10,189524.7870775698,192961.4940902974
2015-09-11,190744.7393744866,193838.4158168871
2015-09-14,189648.21952442356,193119.20007443856
2015-09-15,192353.28025630614,195533.0248591468
2015-09-16,193128.04720205104,197227.7060285431
2015-09-17,192465.08650192618,196784.34051996053
2015-09-18,189264.464760811,193568.57016714176
2015-09-21,190341.739677086,194568.82929729033
2015-09-22,187624.35939946887,192043.3336733657
2015-09-23,187778.87372095656,191736.34254827956
2015-09-24,187025.9323314599,191043.11060678546
2015-09-25,189002.67960319982,190993.63139108874
2015-09-28,183481.13467672459,186200.20614798143
2015-09-29,183625.93759585934,186309.15418779175
2015-09-30,187778.6216670586,189785.37563081575
2015-10-01,187968.4094287246,190280.47432811328
2015-10-02,189393.1008178752,193122.91462197265
2015-10-05,191521.51828031443,196559.46613987538
2015-10-06,189878.83729912975,195886.08719272606
2015-10-07,190780.9049721328,197490.39305998245
2015-10-08,192883.08645340867,199273.1594949321
2015-10-09,192414.56174811863,199391.8987935337
2015-10-12,194261.51024758088,199580.11455644996
2015-10-13,193059.11274862295,198322.34351691196
2015-10-14,191920.51769591027,197371.54557067598
2015-10-15,195186.62447717536,200402.18359566745
2015-10-16,196538.76619771807,201313.2755532139
2015-10-19,197475.05416492338,201412.28807995975
2015-10-20,197167.91602213692,201154.83026592273
2015-10-21,195486.71282152698,199906.95867588092
2015-10-22,199229.2342843841,203284.13152859078
2015-10-23,199205.79074274667,205512.48138157296
2015-10-26,199995.79637944372,205007.37504407438
2015-10-27,199098.30902497433,204611.2167463861
2015-10-28,200232.91894705928,206938.6332214666
2015-10-29,200499.14539704617,206819.7496685918
2015-10-30,199777.29299124118,205928.43857825358
2015-11-02,202450.82053684487,208364.76702957606
2015-11-03,202009.5301307635,208968.83179846805
2015-11-04,201758.1354587801,208335.0145857351
2015-11-05,201997.59047645418,208127.10811453138
2015-11-06,201525.0570933245,208018.10597936864
2015-11-09,199204.31861735307,206076.98441604857
2015-11-10,200508.70760615863,206552.39240505864
2015-11-11,200386.04539201537,205740.27691068975
2015-11-12,197946.84368264812,202868.12023655773
2015-11-13,195095.26004379778,200590.32723144713
2015-11-16,197671.61168077367,203640.63793294193
2015-11-17,197398.15032571356,203492.0740633628
2015-11-18,199879.16751404566,206720.73714184595
2015-11-19,200360.299713881,206542.45689199417
2015-11-20,202316.322921361,207295.17568938603
2015-11-23,202340.97416662495,207057.48071077306
2015-11-24,201207.21950861716,207334.75545558656
2015-11-25,201416.90282531423,207305.07513888218
2015-11-27,202078.1704120207,207542.69799035857
2015-11-30,201083.65947569077,206681.12131207713
2015-12-01,203310.9255644011,208651.977287454
2015-12-02,200819.4337257095,206522.67602478596
2015-12-03,197306.8915728408,203630.77454701404
2015-12-04,202340.87443631512,207602.16681447218
2015-12-07,201632.2285842942,206344.3236477976
2015-12-08,201757.72539324674,204957.82370124108
2015-12-09,198883.7796602785,203363.32712456014
2015-12-10,198189.56339166153,203888.23236105105
2015-12-11,194819.15671746543,199936.6570243694
2015-12-14,196087.54404232593,200946.81560401415
2015-12-15,197625.5822477681,203056.335999474
2015-12-16,200566.8385069719,206027.4511049994
2015-12-17,198865.52282597258,202888.0092944708
2015-12-18,196491.62354283952,199273.59225775162
2015-12-21,198004.55598875746,200917.31560515123
2015-12-22,199599.89052340316,202740.5633955087
2015-12-23,200960.29997197498,205251.1287021604
2015-12-24,200676.21918169982,204912.40163697724
2015-12-28,201259.2891925405,204444.18832984145
2015-12-29,203261.59524723876,206625.96208437442
2015-12-30,202261.71632041925,205161.43860781807
2015-12-31,200319.29975237246,203109.1510952377
2016-01-04,197109.96504034044,200269.74014111486
2016-01-05,197611.08631497875,200608.50326986634
2016-01-06,195225.00744246718,198077.97677816497
2016-01-07,191619.06317121797,193325.77219361547
2016-01-08,189352.37124311164,191203.77380352656
2016-01-11,190669.11518231992,191393.0354099233
2016-01-12,192155.69648987247,192937.2954359734
2016-01-13,187595.30298288207,188125.2974551957
2016-01-14,189471.10303153668,191213.7273483752
2016-01-15,185638.49185387467,187109.02610072546
2016-01-19,186581.84938045262,187358.153230487
2016-01-20,185099.37165155905,184957.1490443066
2016-01-21,185796.13160895766,185993.2373295533
2016-01-22,189295.60824524384,189809.0152998312
2016-01-25,187631.1436532395,186939.72567937837
2016-01-26,189935.25338446823,189490.15926077694
2016-01-27,188059.19810166548,187427.88213977971
2016-01-28,189988.7483607656,188404.24915593475
2016-01-29,196149.39956901653,192996.96260971265
2016-02-01,197240.9210179319,192927.34189112482
2016-02-02,194907.3505166945,189450.29098603007
2016-02-03,195244.2172448873,190586.02291046776
2016-02-04,195364.34032797968,190884.91776447234
2016-02-05,191932.1947285331,187248.51998287914
2016-02-08,189993.9384658023,184728.019163163
2016-02-09,191459.99070087948,184737.95467622744
2016-02-10,191466.44375533913,184578.5717361607
2016-02-11,188527.4235478834,182177.60361354856
2016-02-12,191284.38152411082,185933.51606046164
2016-02-16,193938.52025931436,189071.73170966833
2016-02-17,196604.19936596736,192160.12553927954
2016-02-18,197867.26961365918,191373.1824155785
2016-02-19,198889.18752792026,191283.47428945202
2016-02-22,200858.35809632702,194053.06617536143
2016-02-23,199438.5752694656,191602.2582013697
2016-02-24,200702.97617585497,192478.96354654964
2016-02-25,202404.94372931588,194810.18472808492
2016-02-26,201082.10152129072,194361.95063778292
2016-02-29,200298.22023678053,192837.63376499832
2016-03-01,203868.07759885103,197370.62594968453
2016-03-02,204386.74461412994,198257.35696684968
2016-03-03,205103.9166552239,199034.47276819113
2016-03-04,205591.34108568917,199682.0121686592
2016-03-07,204878.17385848303,199841.4131405101
2016-03-08,204392.94122569417,197659.51316348807
2016-03-09,204723.91035328733,198635.91624321142
2016-03-10,204909.31490906887,198795.3352468465
2016-03-11,207811.66165416114,202003.2617735617
2016-03-14,207940.6774402052,201744.2712578723
2016-03-15,208207.1172408765,201415.49773753772
2016-03-16,209527.13975229027,202581.12636008952
2016-03-17,211166.5510646021,203866.28767974535
2016-03-18,211524.63453954135,204667.4218175693
2016-03-21,211656.00208383595,204957.80566945695
2016-03-22,211278.1970271812,204847.667531893
2016-03-23,210729.53151836997,203495.8427062493
2016-03-24,210325.73809059747,203405.68378551916
2016-03-28,210534.53896721324,203525.82956328415
2016-03-29,212688.91645213775,205408.4920824028
2016-03-30,212940.7916200189,206309.75671758965
2016-03-31,212730.6232673764,205809.086198991
2016-04-01,214308.7756057807,207210.9852892082
2016-04-04,212036.09342015168,206540.0406329186
2016-04-05,210175.15014728703,204477.16846304454
2016-04-06,210802.39204171524,206710.35083417784
2016-04-07,208103.53494332585,204236.8228121621
2016-04-08,207491.96558542497,204787.58562711842
2016-04-11,207285.09829369126,204306.96645249016
2016-04-12,208058.30807324033,206209.6081884426
2016-04-13,209821.16289139315,208292.54973407122
2016-04-14,209179.78328109128,208302.55737427226
2016-04-15,209853.35691345108,208072.25542715917
2016-04-18,210565.28337552448,209534.27248571924
2016-04-19,210026.27735066426,210195.17343823952
2016-04-20,208532.2316266428,210395.45246474945
2016-04-21,206162.00588566437,209263.93997780196
2016-04-22,207310.7475036478,209263.93997780196
2016-04-25,207452.25632082886,208903.3583902338
2016-04-26,209116.58755562475,209213.79358609187
2016-04-27,211500.3212908299,209644.46471863563
2016-04-28,208409.4333509595,207741.78691911488
2016-04-29,207201.4028572219,206620.1919134477
2016-05-02,209648.25854212456,208262.49074989976
2016-05-03,208547.23448170186,206449.9899028933
2016-05-04,208245.97270884336,205298.29984948642
2016-05-05,207592.78482581672,205258.2151933298
2016-05-06,208623.04814489093,206009.36522550095
2016-05-09,209026.7410661092,206179.54920427117
2016-05-10,210172.37080989493,208743.10992452805
2016-05-11,206877.14328398905,206790.41195578623
2016-05-12,207480.9875580014,206850.4577969925
2016-05-13,206902.47946523264,205047.9285266188
2016-05-16,208196.21381621336,207070.82423104113
2016-05-17,205199.39936724937,205138.08744734895
2016-05-18,204779.03593464082,205198.15132033938
2016-05-19,204462.44299335583,204487.12200789314
2016-05-20,206385.83300292885,205778.955087683
2016-05-23,205566.76958856522,205498.68706670124
2016-05-24,208892.29276599904,208162.252061832
2016-05-25,209266.19534263515,209574.32107830758
2016-05-26,210110.277615552,209634.4210148663
2016-05-27,211090.44617622113,210535.75777718972
2016-05-31,212079.72212910885,210135.14562881738
2016-06-01,213596.80618560547,210565.74463422457
2016-06-02,214598.07672601132,211206.63030634276
2016-06-03,215279.28036247144,210575.7522744256
2016-06-06,215788.74807436753,211647.27301551928
2016-06-07,216634.5199762525,211977.66939642697
2016-06-08,217467.88084075737,212668.66539668696
2016-06-09,218007.9939864186,212378.26351301518
2016-06-10,216334.6396591566,210365.44757593048
2016-06-13,215381.90729691644,208743.10992452805
2016-06-14,215395.0021918076,208332.50816773882
2016-06-15,215199.24041926034,208042.17841120358
2016-06-16,215913.5377275989,208663.08486648797
2016-06-17,215294.7547108104,207885.96906514652
2016-06-20,216063.59190122108,209224.7388790685
2016-06-21,216326.65116244514,209818.68781705457
2016-06-22,216456.08397674497,209476.42652217878
2016-06-23,219127.43022599525,212204.23876422184
2016-06-24,213222.31319492188,204584.20513373535
2016-06-27,211205.63167272607,200920.1646270463
2016-06-28,214196.012178112,204543.9581915214
2016-06-29,216852.78687186126,208026.88745824774
2016-06-30,220675.88059461268,210865.48698208402
2016-07-01,221110.6318382451,211308.40169606294
2016-07-05,221203.01083646496,209788.48457860996
2016-07-06,221558.8764034955,211046.67034918332
2016-07-07,220936.52158990563,210915.83172341975
2016-07-08,224138.7587744234,214056.48166348613
2016-07-11,225448.09636444465,214811.41837032794
2016-07-12,224875.45793706342,216371.74471605217
2016-07-13,225076.21509802944,216341.5054140393
2016-07-14,225345.4417214897,217549.41857041352
2016-07-15,225195.1328516492,217257.53808044174
2016-07-18,225456.70273780677,217841.31709216945
2016-07-19,225055.4373144108,217619.86875107206
2016-07-20,225195.2881511795,218525.82165013687
2016-07-21,224547.39199446907,217700.43476263652
2016-07-22,226268.90337155224,218676.83784235988
2016-07-25,226362.15984470455,218082.9249679421
2016-07-26,226474.58900636004,218183.65051418182
2016-07-27,226139.0672238667,217952.06831039436
2016-07-28,226178.35689288337,218203.75595350465
2016-07-29,226638.85545481162,218556.1150475022
2016-08-01,227614.16566120222,218374.84152148216
2016-08-02,224746.70049937718,216975.64719888684
2016-08-03,224879.21267248783,217609.80701551857
2016-08-04,225279.14882072664,217841.31709216945
2016-08-05,226583.10127667323,219623.03768363863
2016-08-08,226138.79543082693,219492.19905787503
2016-08-09,226060.6831255165,219623.03768363863
2016-08-10,225510.34968083282,219079.54167769314
2016-08-11,225988.4869894323,220096.137604278
2016-08-12,226626.7390469231,219904.98266054594
2016-08-15,226465.00953335981,220539.03428647277
2016-08-16,224646.30793022588,219401.60737432537
2016-08-17,225517.51487537782,219814.33688164386
2016-08-18,227081.71821710252,220307.57830517433
2016-08-19,226256.8865094605,219985.44048140553
2016-08-22,226675.20511754538,219975.34268228375
2016-08-23,226604.17729615467,220418.3114916151
2016-08-24,225783.9344027524,219290.89221966875
2016-08-25,225865.68769238147,219139.91209101406
2016-08-26,224385.52542001443,218727.18258369557
2016-08-29,226123.321129978,219804.22105073792
2016-08-30,225142.3950957022,219441.89038010762
2016-08-31,225069.88253947243,218817.77426724523
2016-09-01,226185.31602515385,218827.85403458285
2016-09-02,226970.64551147277,219814.33688164386
2016-09-06,227549.12082342472,220478.7540320726
2016-09-07,227481.30650338883,220458.52237026076
2016-09-08,226791.3565300302,219955.23724296092
2016-09-09,220801.31324341372,214690.67754368615
2016-09-12,224022.6643049742,217770.9029750792
2016-09-13,220982.2310414718,214640.33280235043
2016-09-14,221245.68023566718,214559.8569497067
2016-09-15,223781.3779564301,216703.89018002205
2016-09-16,223907.7497446945,215866.18758394994
2016-09-19,225868.6568998885,215906.65090757364
2016-09-20,225203.7770634828,215916.76673847958
2016-09-21,228324.84736283848,218344.87269623147
2016-09-22,229440.74468641376,219720.7338901418
2016-09-23,228199.5717781319,218516.87788520043
2016-09-26,225837.00183264166,216746.39109525425
2016-09-27,226299.8632867828,218091.9769235834
2016-09-28,226630.79242029667,219174.4429576537
2016-09-29,224078.28905007162,217191.48765511482
2016-09-30,224383.81781370164,218830.46864328405
2016-10-03,222701.43133352813,218304.40937260777
2016-10-04,221495.80342922793,217191.48765511482
2016-10-05,222929.4233764529,218152.68994080307
2016-10-06,224300.11332486515,218304.40937260777
2016-10-07,223705.07821228256,217555.71166308047
2016-10-10,223991.95946088753,218688.86504238527
2016-10-11,220550.3434902384,215926.8465058172
2016-10-12,220904.3577124761,216210.17993010377
2016-10-13,220010.78102427258,215501.98160776845
2016-10-14,220526.58850427382,215613.27377951774
2016-10-17,219418.46340917266,214864.61213355875
2016-10-18,220539.7348778763,216210.17993010377
2016-10-19,220396.46180576636,216786.8363870938
2016-10-20,219985.70780197807,216382.14905550444
2016-10-21,219604.64500861536,216483.37949170024
2016-10-24,220952.03939231703,217403.9922312758
2016-10-25,220908.02499466113,216675.54421534447
2016-10-26,220036.04661828204,216240.52742282153
2016-10-27,218830.59516227568,215663.83490226322
2016-10-28,218878.05578627638,215026.4654280535
2016-10-31,220012.06608721198,215036.59929074356
2016-11-01,217226.06873209612,213478.5269180376
2016-11-02,216075.01988305338,212193.74426584886
2016-11-03,216577.83379720378,211222.53433995956
2016-11-04,216086.06732459218,210989.88826090746
2016-11-07,221718.75856356142,215643.6212722355
2016-11-08,223460.87511260537,216614.86726169309
2016-11-09,227925.19997362496,218911.467417668
2016-11-10,228320.96584659303,219457.70425480368
2016-11-11,231327.45197453527,218951.84058237096
2016-11-14,231110.33815991145,219123.88183490824
2016-11-15,232667.9877940598,220833.61954406646
2016-11-16,232619.66086854698,220418.8524451395
2016-11-17,234261.12409721036,221551.95172909184
2016-11-18,234203.7982191954,221056.20388756506
2016-11-21,235598.8137990353,222725.49630488374
2016-11-22,236510.91322048893,223160.51309740669
2016-11-23,237223.67636933742,223281.9211000619
2016-11-25,238443.149098244,224111.54545683658
2016-11-28,237079.22881658672,223059.39085191576
2016-11-29,237933.75236017,223494.38961265457
2016-11-30,237900.59246625484,222958.21451107238
2016-12-01,235255.33149645268,222138.70598520365
2016-12-02,236100.1865250926,222250.05225230538
2016-12-05,239094.9315359681,223585.45012259204
2016-12-06,240357.1052034678,224293.6304131432
2016-12-07,244476.40381167544,227227.61807511194
2016-12-08,245048.9859815564,227784.00680672182
2016-12-09,244448.6392511642,229159.94012776876
2016-12-12,243449.08946986357,228896.87442886236
2016-12-13,245016.6064379038,230424.5812770664
2016-12-14,243517.50425155074,228522.55262177493
2016-12-15,244871.80588157848,229463.3970231623
2016-12-16,243145.30037678563,229014.6580429042
2016-12-19,244560.53774438033,229513.3090016785
2016-12-20,246320.75850487757,230398.66960324856
2016-12-21,245979.4207178981,229757.54951793648
2016-12-22,245837.48771184176,229360.63388531408
2016-12-23,245991.62520947694,229696.5299603863
2016-12-27,247995.60607500965,230266.37040296913
2016-12-28,244150.7937946078,228363.33196776547
2016-12-29,244537.28630146224,228312.4462729054
2016-12-30,242346.17075658508,227478.0074297637
2017-01-03,242303.70521620306,229218.2008223446
2017-01-04,244595.05234308084,230581.81843481978
2017-01-05,243349.95328217885,230398.66960324856
2017-01-06,244915.04684780678,231222.956551916
2017-01-09,243762.20425755958,230459.7612879353
2017-01-10,244728.849191006,230459.7612879353
2017-01-11,246046.16310968332,231111.01523593746
2017-01-12,244421.12593175774,230530.98683531213
2017-01-13,245623.71045908012,231060.1115092932
2017-01-17,243010.15785442587,230246.01251866829
2017-01-18,246176.45882876235,230754.9055308375
2017-01-19,248055.2055510322,229900.01864447427
2017-01-20,249087.36997936358,230744.71757279502
2017-01-23,248543.14431472216,230144.22309716392
2017-01-24,251410.64077762447,231619.89021632256
2017-01-25,253725.9505829023,233624.64594589398
2017-01-26,255532.9646830104,233380.38739785185
2017-01-27,256151.77090707363,233014.05367114113
2017-01-30,255019.85237146265,231568.91436254172
2017-01-31,253718.48271101696,231548.64663716158
2017-02-01,255341.3766461857,231640.17597348682
2017-02-02,255437.4544393087,231792.85108985126
2017-02-03,257162.52778463863,233390.5933876785
2017-02-06,257224.35706344203,232973.33790253938
2017-02-07,257948.72647216648,232983.54389236603
2017-02-08,257684.42771769557,233288.80396617416
2017-02-09,258642.15032631098,234672.83355830266
2017-02-10,259383.92246883106,235598.9279602586
2017-02-13,260636.5838769719,236881.20419445104
2017-02-14,261354.00382750382,237827.58435357126
2017-02-15,262969.7609919177,239069.16285094613
2017-02-16,262304.7221379488,238865.62007150575
2017-02-17,261718.4903439652,239242.15978804315
2017-02-21,263402.61710025487,240666.8330216368
2017-02-22,263443.4483931837,240453.17441129047
2017-02-23,260850.80552060524,240615.98339034498
2017-02-24,261893.43401322325,240921.29755950556
2017-02-27,262649.2181679977,241297.83727604293
2017-02-28,262384.88064576057,240646.49316912008
2017-03-01,267480.67206739116,244014.9927336557
2017-03-02,263868.39225295297,242478.32408873105
2017-03-03,264743.317696336,242630.98117331136
2017-03-06,264469.7947329668,241908.41151901166
2017-03-07,263285.12593610835,241185.8959600644
2017-03-08,262553.56947406055,240738.07660079774
2017-03-09,262463.60659106367,241043.39076995832
2017-03-10,263709.86388269434,241888.07166649494
2017-03-13,265250.87395821203,242010.200940516
2017-03-14,264495.1231396568,241084.0885067759
2017-03-15,266209.5719359316,243170.2757735508
2017-03-16,266721.0800230537,242692.0367944298
2017-03-17,266290.2210605321,242265.74738543353
2017-03-20,265907.4495181963,242000.08510961005
2017-03-21,259754.3515892118,238892.92019270285
2017-03-22,260817.22043489723,239455.024999887
2017-03-23,260532.62280788814,239199.5687138902
2017-03-24,260837.8617254455,239025.7783782908
2017-03-27,259787.0758859403,238780.4739867682
2017-03-28,262211.1718864218,240518.07080243205
2017-03-29,261677.5505865487,240742.89108716475
2017-03-30,263636.3950931266,241509.45829478075
2017-03-31,262902.6925868545,240947.29939224414
2017-04-03,261137.49300801972,240528.22269690625
2017-04-04,260661.2671743029,240681.5649892841
2017-04-05,259039.33392436587,239966.0818261538
2017-04-06,260994.3697335602,240640.7049664092
2017-04-07,260761.5322028761,240395.34647953417
2017-04-10,259981.42709534307,240538.48278208534
2017-04-11,259330.8356972547,240252.24624055126
2017-04-12,254763.36723244004,239199.5687138902
2017-04-13,252608.79010553716,237645.95019186832
2017-04-17,256291.54065856745,239751.46753124773
2017-04-18,255033.66335100596,239035.96633633328
2017-04-19,256666.10740506102,238596.49569312626
2017-04-20,260554.0798548802,240538.48278208534
2017-04-21,260459.98383873494,239771.91557446934
2017-04-24,263872.5855821127,242408.86565620056
2017-04-25,265544.55493224587,243819.3478756713
2017-04-26,265474.0208676105,243666.0596786459
2017-04-27,265447.9205733972,243870.46798372528
2017-04-28,263531.62016718276,243339.05327315762
2017-05-01,265178.6404916357,243952.24212482752
2017-05-02,265234.34247897356,244044.16816040396
2017-05-03,265710.0372358924,243747.83381974814
2017-05-04,266327.0925826759,244034.01626592976
2017-05-05,266721.6317618811,244994.76775701437
2017-05-08,266125.74770804046,244953.9257659236
2017-05-09,266035.8770179231,244729.03335405432
2017-05-10,267577.2011814094,245168.5220290455
2017-05-11,267335.39480312454,244667.7974150944
2017-05-12,266390.25361170573,244258.87261423076
2017-05-15,268960.2211769671,245608.04676760497
2017-05-16,270334.775168664,245383.22648287227
2017-05-17,262571.01857695746,241029.10959691467
2017-05-18,265353.28851292585,242000.08510961005
2017-05-19,267217.17972540174,243574.09757950113
2017-05-22,269776.2750308431,244810.82552694072
2017-05-23,270349.0376126267,245352.5183544716
2017-05-24,270444.9106501297,245924.8652150507
2017-05-25,272413.81226512796,247100.28509639378
2017-05-26,272751.1543816401,247049.20105190808
2017-05-30,273209.7288542403,246834.5326616496
2017-05-31,273349.05042728834,246773.26065912138
2017-06-01,276517.2669689628,248735.6236641655
2017-06-02,277556.39250463113,249563.498937878
2017-06-05,277408.26689784724,249379.6108031568
2017-06-06,274765.3653336635,248582.31743535594
2017-06-07,276039.1965648106,249042.29021713702
2017-06-08,279376.22210805863,249164.88831754588
2017-06-09,279033.73913402646,248786.7437722195
2017-06-12,279028.35907821637,248735.6236641655
2017-06-13,280216.6175968204,249951.90356838348
2017-06-14,279065.8927150622,249635.0670891536
2017-06-15,278736.2026072511,249154.66429593507
2017-06-16,278402.0723222087,249209.21044297682
2017-06-19,281465.42078771826,251283.82130432996
2017-06-20,278156.77632417047,249589.17619850195
2017-06-21,276801.7521174753,249527.52552850667
2017-06-22,274964.13043625414,249414.5203372635
2017-06-23,274339.8889051459,249712.42344314005
2017-06-26,273694.2033073827,249876.72906027868
2017-06-27,271920.18971518823,247863.6787100001
2017-06-28,276315.6007127609,250082.12911348612
2017-06-29,273214.6991967009,247884.25297571073
2017-06-30,273814.32050456764,248346.33547623685
2017-07-03,273799.4548635757,248767.50385853567
2017-07-05,275019.1823326441,249342.6636774416
2017-07-06,273114.07534916024,247062.50850860786
2017-07-07,275986.2424789685,248664.7226889033
2017-07-10,276703.86189198965,248931.73734853772
2017-07-11,276817.12661385816,248746.9115610409
2017-07-12,279109.34337288846,250616.2666234598
2017-07-13,279135.1723453142,251037.2727197013
2017-07-14,280447.94785718154,252208.16662322372
2017-07-17,281200.618849286,252177.35030411815
2017-07-18,282090.659267233,252310.89369750366
2017-07-19,282548.20251492894,253676.89150548613
2017-07-20,283149.9311505276,253789.87866494514
2017-07-21,283263.9269290284,253563.88631424296
2017-07-24,281191.0709026064,253502.3258031684
2017-07-25,282767.0924764517,254118.52596279068
2017-07-26,282754.3916181249,254128.8040797539
2017-07-27,281649.3266949507,253892.55164387263
2017-07-28,282073.3054792661,253594.70263334853
2017-07-31,281148.9987605936,253450.91718656808
2017-08-01,282452.9418227715,254015.87101564734
2017-08-02,281673.3473347949,254139.1002285013
2017-08-03,281320.87979778997,253646.11124994885
2017-08-04,281711.741931264,254108.30194117987
2017-08-07,283107.064013645,254580.6805904534
2017-08-08,282394.5578211922,253954.18428208376
2017-08-09,282093.8168099863,253943.96026047296
2017-08-10,277453.9575652465,250359.45795365205
2017-08-11,277457.3216421668,250729.18165578225
2017-08-14,281301.44295407983,253214.7008142551
2017-08-15,281397.84864099475,253183.86646336538
2017-08-16,282003.14785715623,253625.5730478065
2017-08-17,278304.1218330032,249671.32900707127
2017-08-18,277998.1753862603,249281.0490710146
2017-08-21,278176.3006674455,249476.18903904295
2017-08-22,281395.46161331685,252084.88331501733
2017-08-23,280065.68307215907,251181.09423005002
2017-08-24,279148.07502481685,250595.7464531016
2017-08-25,280205.7371739029,251181.09423005002
2017-08-28,280697.8682046746,251191.3903787974
2017-08-29,280645.3799220896,251478.99733592657
2017-08-30,281916.9773720707,252670.3392826706
2017-08-31,284071.09766678035,254190.47278153335
2017-09-01,283587.42259270715,254549.9183667003
2017-09-05,280702.43072634656,252721.74789927094
2017-09-06,281200.6419213438,253584.388452817
2017-09-07,280035.1089387706,253553.6081972797
2017-09-08,280641.99533501215,253255.7952503239
2017-09-11,285070.2494346142,255956.97454718326
2017-09-12,286049.7935487871,256819.74132321833
2017-09-13,287814.7572006539,256942.91644071986
2017-09-14,287120.60049699096,256860.83575928715
2017-09-15,287860.50865057076,257206.5771885031
2017-09-18,287975.75695882854,257753.6074241412
2017-09-19,286820.3217633887,258011.67831883917
2017-09-20,287052.30816077784,258104.59610254367
2017-09-21,285783.05849078984,257413.023085191
2017-09-22,287029.43437899335,257464.63005141693
2017-09-25,285160.6543396322,256938.28227219434
2017-09-26,284558.4887322833,257093.10317087214
2017-09-27,287036.7600508338,258094.28192201213
2017-09-28,287318.01554451644,258403.9417511519
2017-09-29,289364.2540339649,259312.22075037158
2017-10-02,290082.0966009133,260437.29589037894
2017-10-03,290512.1613339767,260994.6583383327
2017-10-04,291400.75497046934,261304.31816747246
2017-10-05,292418.34269388166,262852.581249603
2017-10-06,292519.8644878278,262553.25363277894
2017-10-09,293416.46625353285,262119.75151012422
2017-10-10,294960.4806109368,262811.27043212444
2017-10-11,295962.11870293494,263224.1802572844
2017-10-12,295603.0593927512,262831.9709203241
2017-10-13,296525.94935593696,263151.92689821124
2017-10-16,297251.91793478635,263502.86148126126
2017-10-17,297231.3925669567,263688.6068897495
2017-10-18,297611.524757694,263946.65975266334
2017-10-19,297424.5294768875,264018.9491753048
2017-10-20,298810.4359382667,265381.3947218105
2017-10-23,299044.9000999722,264349.2373655076
2017-10-24,299144.6427274481,264813.6820297569
2017-10-25,296557.0862394123,263502.86148126126
2017-10-26,297991.03889834334,263843.4638519956
2017-10-27,299501.6959424453,266000.6783165217
2017-10-30,297902.2705698816,265009.7957141291
2017-10-31,298711.5071106143,265422.70553928905
2017-11-01,297172.56681886007,265773.5860269866
2017-11-02,297977.8625544971,265876.83602300676
2017-11-03,297592.2333754795,266764.4866611634
2017-11-06,297470.0692746102,267177.3964863233
2017-11-07,295962.16197694314,266991.6330460509
2017-11-08,296726.2029651311,267445.7454979845
2017-11-09,295529.9043061545,266475.4551930867
2017-11-10,296473.3626714694,266392.90568526613
2017-11-13,298441.4022721871,266640.6804312167
2017-11-14,298692.7400785811,266021.37880472135
2017-11-15,297670.53420240263,264689.8577680261
2017-11-16,301805.4343081115,266939.9539526884
2017-11-17,300825.8516444808,266155.51724698365
2017-11-20,302971.4403843347,266609.68379426975
2017-11-21,304531.1199070277,268354.00646542
2017-11-22,303638.1148702127,268116.6360589217
2017-11-24,304605.0235603169,268735.9196536329
2017-11-27,304392.37948140485,268601.7812113706
2017-11-28,307814.47623329505,271326.70836795034
2017-11-29,304603.7968250838,271161.5913205251
2017-11-30,306406.9313613067,273535.52979870234
2017-12-01,305440.68501818296,272967.8351384329
2017-12-04,302274.67532259284,272637.5649800142
2017-12-05,301822.2255029124,271656.96049458487
2017-12-06,301987.54098060494,271708.5854925949
2017-12-07,304057.5289445781,272565.34768450935
2017-12-08,304526.64382550196,274051.58142917755
2017-12-11,303972.85571508674,274877.4191112816
2017-12-12,303612.87616508227,275362.47410480975
2017-12-13,302067.9055139061,275331.44140429446
2017-12-14,300917.1872723771,274206.43839142367
2017-12-15,303139.9907276442,276489.8933767561
2017-12-18,305955.17438436043,278243.15981284284
2017-12-19,306275.7774956646,277174.6143161333
2017-12-20,306937.50457559014,277029.368294837
2017-12-21,305853.06759355427,277599.9300087857
2017-12-22,305201.93279362615,277527.33404581377
2017-12-26,304873.2644222968,277195.3328361171
2017-12-27,305501.7507057435,277330.2286133135
2017-12-28,306124.88682349276,277900.8263908305
2017-12-29,303747.5374831098,276853.035477673
2018-01-02,305792.0696242824,278834.44004677533
2018-01-03,309621.4303083546,280598.16491766676
2018-01-04,310864.34942520957,281780.83357623656
2018-01-05,313793.91633529705,283658.69964077236
2018-01-08,315877.0296448041,284177.3658799488
2018-01-09,315251.4787882664,284820.5055250852
2018-01-10,313915.05031285324,284384.7674611964
2018-01-11,316768.0607643463,286459.7750218007
2018-01-12,317585.8721104456,288327.1285561794
2018-01-16,315935.30865208275,287341.56533010985
2018-01-17,319416.56278045056,290080.4671194027
2018-01-18,320026.4054862813,289592.8516125258
2018-01-19,323063.9789882651,290910.34392115544
2018-01-22,324347.93478205916,293275.80746078404
2018-01-23,326426.3858915623,293898.2826812891
2018-01-24,326405.2231520514,293784.14148764475
2018-01-25,324856.46746573225,293908.59686182067
2018-01-26,329302.4184330186,297311.44697515445
2018-01-29,326442.0149486248,295340.33855479956
2018-01-30,323914.69811695087,292310.8906275617
2018-01-31,323550.1962232912,292456.2989349153
2018-02-01,320051.39577698126,292124.1174073771
2018-02-02,314015.41576103965,285764.66777475545
2018-02-05,303338.6973348689,273813.34549704025
2018-02-06,309527.91663772555,279207.9864871445
2018-02-07,309843.9635294684,277693.28055530967
2018-02-08,296992.81373095786,267277.41879298136
2018-02-09,300634.71048245573,271292.28569201555
2018-02-12,304055.488106814,275276.0297316137
2018-02-13,306693.53628946,275960.8227981275
2018-02-14,312213.71628321544,279685.1435592167
2018-02-15,317294.3952660376,283254.0303409672
2018-02-16,316409.29645597603,283336.9765480389
2018-02-20,315188.5987386995,281563.0456873208
2018-02-21,312775.5614625712,280162.42685377796
2018-02-22,312683.34645724355,280525.56895469484
2018-02-23,317321.2620017473,284996.9825965224
2018-02-26,319579.8633220465,288306.4460997639
2018-02-27,314542.14524409827,284706.41842679324
2018-02-28,313641.90461309615,281822.3066797724
2018-03-01,310054.47371473396,277724.47554188233
2018-03-02,311381.0105411706,279156.09101237217
2018-03-05,313988.47413584584,282382.5361814054
2018-03-06,317108.2243799352,283098.39801200276
2018-03-07,315471.51365777495,282994.6250942424
2018-03-08,316166.8145907969,284364.1391001333
2018-03-09,322794.9539628886,289312.69178224896
2018-03-12,322781.5243399536,288949.62180846866
2018-03-13,321611.67933767097,287082.1781151692
2018-03-14,320410.36928170524,285609.0534775752
2018-03-15,321275.2349120555,285297.86094678304
2018-03-16,321951.36880149925,285607.12407667155
2018-03-19,317858.21077737527,281742.73241633596
2018-03-20,319207.2332527332,282222.0352707216
2018-03-21,320269.52971079474,281680.2883478383
2018-03-22,312753.52356393926,274639.1290837918
2018-03-23,307045.5436878031,268785.25461505644
2018-03-26,314832.3085449586,276138.9407619219
2018-03-27,307485.6426730286,271441.33641976665
2018-03-28,305390.33188773086,270639.37281987193
2018-03-29,311764.3091204628,274097.45428804506
2018-04-02,303432.518726183,268181.17181438033
2018-04-03,307530.05741645786,271618.40854008065
2018-04-04,309730.0914659275,274524.51906375965
2018-04-05,311491.92943973525,276691.0559606892
2018-04-06,303861.47100434,270524.7988634081
2018-04-09,304777.98029839614,271858.03291959723
2018-04-10,310772.6390567555,276180.63024686754
2018-04-11,308183.5522636129,274732.78617064626
2018-04-12,311017.7100082722,276993.14244048763
2018-04-13,309546.6041524954,276180.63024686754
2018-04-16,312833.030776228,278451.3367608088
2018-04-17,317023.32329362,281430.42191492673
2018-04-18,318144.01959560666,281638.6529582451
2018-04-19,316088.1084069445,280076.25295734406
2018-04-20,314531.41513461387,277701.3948581754
2018-04-23,313997.17259422434,277659.79553215054
2018-04-24,309167.7832531152,273920.4362630835
2018-04-25,309407.67745222116,274597.47566241445
2018-04-26,313004.64637170103,277388.940102493
2018-04-27,314687.5471144785,277649.3370973458
2018-04-30,312653.31697366893,275514.139441262
2018-05-01,314799.2868580811,276003.612221906
2018-05-02,312063.8896228257,274149.5300806588
2018-05-03,312764.64482631965,273545.3931846302
2018-05-04,316718.0708630646,277086.83559091046
2018-05-07,317255.0564807839,278024.3080486625
2018-05-08,316696.27801412577,278024.3080486625
2018-05-09,319838.63241812465,280711.548776377
2018-05-10,321967.6947879302,283336.43559451454
2018-05-11,322236.88817760797,284201.0596443166
2018-05-14,323313.7991637728,284336.3881843326
2018-05-15,322060.1895110979,282378.1905214262
2018-05-16,323468.51872099197,283565.6195710105
2018-05-17,324111.1226249886,283326.0673186305
2018-05-18,323101.0276359887,282617.67064666963
2018-05-21,326457.36569353484,284742.6442811426
2018-05-22,323495.0032056056,283951.0489571319
2018-05-23,324425.1244862882,284732.2038781221
2018-05-24,325743.8710199768,284148.89369278215
2018-05-25,325670.01600702456,283471.8182298829
2018-05-29,323564.78405275533,280211.6536244966
2018-05-30,328435.67407067085,283951.0489571319
2018-05-31,325846.0520969033,282211.468645212
2018-06-01,329991.60701845685,284982.12440638605
2018-06-04,332557.8083727701,286336.329427537
2018-06-05,334520.2101875647,286544.5604708554
2018-06-06,335778.40730465134,288940.3174078493
2018-06-07,334221.39279060095,288909.1043894925
2018-06-08,335212.98761333124,289763.1257502168
2018-06-11,334468.9276139878,290148.5010409857
2018-06-12,335480.47716156446,290523.49002408655
2018-06-13,333652.1828093107,289596.4940329233
2018-06-14,333044.285541024,290325.6633202204
2018-06-15,333055.0536986999,289955.23637850856
2018-06-18,332543.59960291954,289358.8351178786
2018-06-19,330794.32528904045,288249.8262975454
2018-06-20,331513.8605725354,288741.49895585515
2018-06-21,328525.698040742,286931.4323997084
2018-06-22,327160.85767448804,287454.6426484896
2018-06-25,321466.56841606635,283541.5291073914
2018-06-26,322192.482148238,284169.3597677879
2018-06-27,318329.82474337664,281815.22018860304
2018-06-28,318905.3117708195,283426.48632453976
2018-06-29,319339.143442137,283834.4193772754
2018-07-02,320548.3168940557,284441.3872634149
2018-07-03,318380.92573962786,283436.8726322079
2018-07-05,319867.2806324304,285749.1424086057
2018-07-06,322068.47727936663,288166.14078732365
2018-07-09,324891.9716307624,290760.89649415313
2018-07-10,324836.43659977516,291807.04651495337
2018-07-11,322892.28430558805,289672.6783209403
2018-07-12,323791.714216934,292298.8994911046
2018-07-13,324415.14995800506,292529.111279297
2018-07-16,323909.9924260785,292267.5241866905
2018-07-17,325579.56179253396,293449.8322095774
2018-07-18,328378.3499857261,294067.02411732764
2018-07-19,328748.03938757634,292957.9792334261
2018-07-20,328952.81027204805,292623.2912878917
2018-07-23,330141.4569063588,293167.31021557737
2018-07-24,329305.3273286482,294642.47244477994
2018-07-25,332193.84534360905,297153.578704956
2018-07-26,334904.39242600754,296452.5930962791
2018-07-27,331554.1617030963,294443.83431062725
2018-07-30,330039.71492740023,292905.7050911868
2018-07-31,331436.6011719161,294349.49201597524
2018-08-01,330328.47570326604,293857.8373894496
2018-08-02,332032.95440311474,295458.6270587975
2018-08-03,332464.5656178773,296724.6025601219
2018-08-06,333966.7560862651,297812.78466976655
2018-08-07,335962.098018549,298796.27424065926
2018-08-08,337144.5829797646,298670.8271183554
2018-08-09,335867.9769081923,298262.7317795624
2018-08-10,335008.47402487614,296264.2691426579
2018-08-13,333975.7581516988,295155.24229054054
2018-08-14,337723.8311900393,297038.62608102505
2018-08-15,334260.80803036445,294820.3920589488
2018-08-16,335529.7979056006,297205.9430061161
2018-08-17,336142.43355304835,298252.2372811894
2018-08-20,338226.684087076,298890.4181856857
2018-08-21,340497.54792681994,299591.49395328335
2018-08-22,341445.1969979123,299413.64646625106
2018-08-23,343931.2599881162,299016.1357847518
2018-08-24,346281.08718664566,300815.6176836048
2018-08-27,346745.94568165595,303190.7462595357
2018-08-28,346614.2486469944,303337.16434680147
2018-08-29,348201.81587909954,304969.50963840494
2018-08-30,347190.04219571967,303734.6930600848
2018-08-31,347951.7084921011,303745.07936775294
2018-09-04,351136.09100535454,303222.0855003815
2018-09-05,348053.11900014186,302405.9308863639
2018-09-06,348258.35714757553,301495.6683908882
2018-09-07,346562.8739393811,300909.7976921995
2018-09-10,345870.41093010566,301432.86368670757
2018-09-11,347182.22896861355,302426.8297241891
2018-09-12,345579.39824531926,302500.1108949586
2018-09-13,346879.82175158703,304289.2786132801
2018-09-14,347413.22645929875,304341.6068508719
2018-09-17,344522.7502730196,302730.322683151
2018-09-18,346024.9793983136,304372.9460917177
2018-09-19,344388.2817759368,304697.3378885047
2018-09-20,345048.01349423075,307166.57434589375
2018-09-21,346053.4127573568,306885.78340317175
2018-09-24,346097.4980361309,305866.41058182844
2018-09-25,346152.1202718186,305582.7345536431
2018-09-26,345428.5969845447,304668.1624617565
2018-09-27,344568.5519428519,305519.5872455637
2018-09-28,345974.41817206563,305551.106804251
2018-10-01,347703.3435404432,306612.674000496
2018-10-02,345396.66681219166,306433.8347653357
2018-10-03,346764.43118296046,306602.1434385547
2018-10-04,343035.4751868894,304205.791452684
2018-10-05,341501.65626175073,302503.1582664793
2018-10-08,340700.5901719735,302503.1582664793
2018-10-09,340598.938844984,302061.72215880034
2018-10-10,328154.0601775109,292497.57368882553
2018-10-11,322001.8710543231,286054.7811498809
2018-10-12,326602.994796775,290027.652023639
2018-10-15,324794.1027795888,288398.5524531818
2018-10-16,332788.94993385824,294704.6460365154
2018-10-17,330509.9562764795,294757.1365601645
2018-10-18,326412.60434685665,290500.4454039479
2018-10-19,321325.63967884844,290342.90170586406
2018-10-22,322281.0631264297,289039.72663384635
2018-10-23,319555.15448370104,287568.2428886096
2018-10-24,310996.15324545547,278855.28478924814
2018-10-25,316402.2247802295,283858.13117342745
2018-10-26,313149.10930413724,278865.83338297356
2018-10-29,314299.62560010515,277320.8520855576
2018-10-30,321868.23038932745,281430.3137242219
2018-10-31,324108.11886242306,284436.1760777967
2018-11-01,326332.2307732023,287463.207745959
2018-11-02,327602.704971874,285760.48440083355
2018-11-05,326839.0148474631,287336.98525693675
2018-11-06,329167.80414589844,289155.3103702224
2018-11-07,337135.4733887726,295345.7480900434
2018-11-08,335959.0788941012,294809.7352745185
2018-11-09,334174.1680181483,291929.96918747685
2018-11-12,328478.26023467595,286475.22826081386
2018-11-13,327781.3306301257,285939.12528636825
2018-11-14,324844.7742624657,283984.3356306655
2018-11-15,327966.64744526864,286948.1478636118
2018-11-16,327214.7348090323,287694.4293140635
2018-11-19,320050.5169015576,282828.15566300624
2018-11-20,311644.6131330599,277594.0516471541
2018-11-21,312653.0635419425,278539.9629798865
2018-11-23,311853.1474453339,276679.67790489306
2018-11-26,316390.9356225112,281146.52950533165
2018-11-27,316921.60831786715,282092.4769016324
2018-11-28,325222.37244865287,288587.7058688737
2018-11-29,325152.4756455133,287957.1163455029
2018-11-30,327526.39660735364,289712.3302142774
2018-12-03,328508.1211690754,293548.61032312934
2018-12-04,318399.9636176848,284036.80812253046
2018-12-06,317189.73358636594,283605.9566721452
2018-12-07,306931.8797888877,277016.0788699214
2018-12-10,308303.3439996939,277541.561123505
2018-12-11,307925.5978892206,277604.6002408795
2018-12-12,310663.6952583893,279002.460211448
2018-12-13,310184.33439076977,278907.93759895454
2018-12-14,303973.7232176299,273757.8977607912
2018-12-17,298048.1089979441,268387.2029800329
2018-12-18,296906.31015248277,268092.9242627697
2018-12-19,292227.0135074423,264078.05736373545
2018-12-20,286747.063998343,259779.37018224274
2018-12-21,283104.23328635766,254456.62191552873
2018-12-24,276876.92547371093,247733.1105609987
2018-12-26,290219.9699261611,260249.8013988285
2018-12-27,293514.40990668506,262247.86733648175
2018-12-28,293118.4617442743,261909.55500233395
2018-12-31,295999.78307952726,264203.59464496013
2019-01-02,294422.9150778379,264478.3990353456
2019-01-03,287479.28595799865,258167.238520667
2019-01-04,293950.05279068823,266814.7412435784
2019-01-07,295003.83626624494,268918.4554045432
2019-01-08,297482.539864571,271445.0689990849
2019-01-09,299440.65974117233,272713.6410773263
2019-01-10,301593.5092245996,273675.65479330113
2019-01-11,301835.9182561214,273781.4112073176
2019-01-14,300884.9095782724,272111.1270418709
2019-01-15,303638.6570533729,275229.6880463584
2019-01-16,304019.6519153834,275895.7100255762
2019-01-17,306418.3516798395,277988.8575610314
2019-01-18,311249.3400763923,281688.8714770918
2019-01-22,307430.6972642712,277883.0831152308
2019-01-23,309657.93591304036,278464.6261857244
2019-01-24,311037.8968423341,278612.52287929016
2019-01-25,312570.3144274472,280970.1065292469
2019-01-28,310484.0469773916,278834.5121739119
2019-01-29,310100.12117433775,278464.6261857244
2019-01-30,312318.49399458844,282872.8384241201
2019-01-31,314022.0832259312,285357.2396119759
2019-02-01,315105.11152694403,285494.5877118162
2019-02-04,316944.09329417715,287503.220274979
2019-02-05,319242.9169362587,288708.35653659474
2019-02-06,318451.0312888022,288327.81376397697
2019-02-07,318801.40859429794,285579.22890659765
2019-02-08,319519.75843534514,285928.0898344709
2019-02-11,320852.9406824041,286086.67937603523
2019-02-12,325451.8144978699,289765.6141364289
2019-02-13,326172.33468823263,290706.3864106797
2019-02-14,325605.76250305923,290061.5337460494
2019-02-15,331080.6828215191,293222.52353863255
2019-02-19,331465.54110987403,293729.88384914934
2019-02-20,332195.0499375838,294321.8492908794
2019-02-21,331893.1758495303,293275.30257082795
2019-02-22,333900.4106715922,295093.59162054525
2019-02-25,333681.8630606229,295495.26764418226
2019-02-26,333320.17806513223,295283.9351339908
2019-02-27,332758.2482510082,295157.0995643076
2019-02-28,332069.368495593,294607.4006246159
2019-03-01,332702.51192253106,296446.7507982158
2019-03-04,331403.460457753,295368.3779791466
2019-03-05,330888.1744461464,294966.6658919414
2019-03-06,328767.07996956276,293180.18490945763
2019-03-07,327508.27906596917,290727.62785240373
2019-03-08,326103.0016021133,290146.17494083085
2019-03-11,329282.14365351404,294353.62129454466
2019-03-12,330806.306764003,295463.621863006
2019-03-13,332506.5780828666,297419.3491714843
2019-03-14,332404.4530151529,297229.023689823
2019-03-15,333670.7841892046,298697.5321906756
2019-03-18,334709.98768977006,299780.5572100544
2019-03-19,333138.8577922821,299854.83012895193
2019-03-20,331643.43146812066,298952.37539601146
2019-03-21,336999.83877173596,302329.0253269811
2019-03-22,330652.6774953421,296510.27677376225
2019-03-25,331623.68482385064,296287.1334449551
2019-03-26,334445.8061758923,298495.7745578657
2019-03-27,334137.9928043557,296934.8711950488
2019-03-28,334870.79914807854,298060.4331932281
2019-03-29,336802.0609454841,299939.8139276322
2019-04-01,340367.8428581192,303496.7817000621
2019-04-02,340254.1346565419,303645.5078556986
2019-04-03,340906.8098726721,304123.2780084318
2019-04-04,340245.53831155325,304930.3085396715
2019-04-05,341193.1244233321,306406.28219916055
2019-04-08,342576.7592463614,306639.82986741996
2019-04-09,340167.9019758353,305068.3598790935
2019-04-10,341977.9042822803,306108.9020150242
2019-04-11,343498.4078955013,306023.90018455987
2019-04-12,347168.30947066366,308094.5260216167
2019-04-15,347817.31790395617,307892.7503570226
2019-04-16,348151.28423191403,308094.5260216167
2019-04-17,348180.79884670605,307340.6892536078
2019-04-18,348660.3042537875,307945.83592954854
2019-04-22,346703.0182083466,308211.2998557464
2019-04-23,348902.064942327,310982.5686975814
2019-04-24,350959.6794216237,310292.49231831287
2019-04-25,351195.0872921346,310101.35540636495
2019-04-26,352969.704931938,311545.3767443473
2019-04-29,352262.05758398696,312033.7495861583
2019-04-30,352909.5461017118,312193.07843087264
2019-05-01,349649.18045085383,309846.45810567663
2019-05-02,350570.0393222653,309177.51497742726
2019-05-03,349847.7871414944,312203.7171835188
2019-05-06,347222.8696993263,310918.95256311423
2019-05-07,340933.2146515532,305726.700318265
2019-05-08,340531.2693938847,305301.8714837845
2019-05-09,341253.0141118147,304378.2113726883
2019-05-10,344023.52730119,305907.16241399845
2019-05-13,335433.6152395496,298219.61778366927
2019-05-14,339075.9916500348,300916.70386552747
2019-05-15,338416.179102279,302679.2927340177
2019-05-16,340361.01213464164,305482.47783379117
2019-05-17,339121.372239596,303507.49257984484
2019-05-20,335609.85727042734,301500.6992586649
2019-05-21,339666.8700049951,304218.9185915423
2019-05-22,338659.09482485935,303284.47547352675
2019-05-23,334483.5118712856,299578.9077679494
2019-05-24,331164.48600320367,300258.3814581401
2019-05-28,327463.3285139038,297465.7810156603
2019-05-29,325487.95170416735,295469.60841534246
2019-05-30,326704.33011039847,296276.6750101504
2019-05-31,324170.53716538544,292284.1855552414
2019-06-03,324569.8791532635,291540.9334445262
2019-06-04,332460.5209016535,297869.35037663265
2019-06-05,337066.77315657673,300449.50033830386
2019-06-06,337334.709077195,302403.352341231
2019-06-07,339312.44722492044,305429.28407056036
2019-06-10,341325.42403303,306831.03890650446
2019-06-11,340195.23297535954,306756.6397651179
2019-06-12,339766.59993731754,306215.1452872126
2019-06-13,340675.4396604611,307478.63240232493
2019-06-14,338659.4515424,307138.80539830885
2019-06-17,336750.5284296384,307255.72348671174
2019-06-18,340271.2745534369,310472.9544140463
2019-06-19,342954.8133971488,311173.7777366659
2019-06-20,345667.23930314265,314146.8583066632
2019-06-21,345899.43431305763,313690.2214049492
2019-06-24,344678.62596405775,313306.0722755022
2019-06-25,341546.5557512532,310233.2038120407
2019-06-26,339341.2760604944,309923.74233252654
2019-06-27,342381.41211429937,311022.74351265875
2019-06-28,344358.20355594374,312623.1364827555
2019-07-01,347722.7454518341,315461.3032437722
2019-07-02,347911.2276933664,316282.9395201702
2019-07-03,350369.6569059259,318811.5726745362
2019-07-05,349548.8665930882,318448.91743179125
2019-07-08,346129.8419139812,316699.04097112396
2019-07-09,346891.0650538821,317093.86491678545
2019-07-10,347622.99545806204,318608.9675478714
2019-07-11,348801.83126552496,319355.77192006336
2019-07-12,353243.04504142585,320785.51208500203
2019-07-15,353814.82517038216,320892.26024714654
2019-07-16,352612.2046494082,319857.1997735962
2019-07-17,351214.61490222136,317680.6913000338
2019-07-18,355074.20526699175,318843.5971231796
2019-07-19,352851.89186543797,317072.62347506144
2019-07-22,355769.4364353139,317851.41623232845
2019-07-23,356769.2395251786,320123.99805182085
2019-07-24,359896.5166675475,321628.38980312407
2019-07-25,356658.3749972517,320091.97360317747
2019-07-26,358168.79723727127,322236.7100730745
2019-07-29,356475.15662849887,321649.70337198465
2019-07-30,355849.0857413005,320860.1997349349
2019-07-31,352251.34272786294,317349.8801880908
2019-08-01,348955.9817769491,314586.47320414346
2019-08-02,344673.1254938107,312217.7459115844
2019-08-05,333019.4117745705,302828.3434617688
2019-08-06,341506.22325752577,307074.97288243193
2019-08-07,342862.1842182389,307256.40869450924
2019-08-08,350426.4339020492,313284.7947702099
2019-08-09,349058.80995513423,311150.7691800956
2019-08-12,344362.70755808393,307362.9765388123
2019-08-13,350850.79977319186,312143.0221980833
2019-08-14,340782.9567706511,302913.74199148436
2019-08-15,342286.42343508947,303713.9565083169
2019-08-16,347660.979707566,308195.25156785647
2019-08-19,352058.3694997685,311908.32049563853
2019-08-20,350306.3989846407,309518.2796342189
2019-08-21,352612.96201553365,312036.41829021194
2019-08-22,353142.96276957134,311940.3449442819
2019-08-23,343632.87772677385,303927.344641901
2019-08-26,347281.15564048226,307288.3249524477
2019-08-27,347123.9585045945,306082.6838008759
2019-08-28,348915.3019296902,308237.87870557763
2019-08-29,353667.83795988053,312175.01058315835
2019-08-30,353243.66866460105,312036.41829021194
2019-09-03,350897.47482918255,310211.8541796118
2019-09-04,355126.2575363891,313732.8485426704
2019-09-05,360592.81224879785,317766.01770261285
2019-09-06,361779.8720102764,318011.3581577037
2019-09-09,359960.7201465785,318171.48040092044
2019-09-10,358921.0724727546,318096.7566874193
2019-09-11,360367.526471734,320358.69975426554
2019-09-12,362571.9052583897,321468.4118141805
2019-09-13,361418.76939104823,321254.9515534598
2019-09-16,360832.3576953475,320262.7706626087
2019-09-17,364512.4029615999,321073.6960592239
2019-09-18,364583.869965446,321265.6263696742
2019-09-19,363327.31119231036,321244.2767372453
2019-09-20,359857.50526507373,319726.5775292423
2019-09-23,361104.449769486,319651.4210529217
2019-09-24,358838.0341299503,317143.27200534556
2019-09-25,361834.96777780587,319019.118510057
2019-09-26,362296.79312585766,318354.4308828661
2019-09-27,357909.3069463559,316639.5000198738
2019-09-30,359555.788906923,318107.9363935898
2019-10-01,354234.4705182933,314324.146808387
2019-10-02,349417.601099013,308771.6555798684
2019-10-03,351958.18964446126,311301.2985141466
2019-10-04,358275.6031212151,315513.9199899103
2019-10-07,356176.0040952656,314152.70060472656
2019-10-08,350141.89712690056,309275.4636289085
2019-10-09,353865.7509667355,312212.5527577504
2019-10-10,354959.25903689663,314324.146808387
2019-10-11,358283.0688910001,317582.7426485526
2019-10-14,357120.8465596769,317228.95904360746
2019-10-15,360179.2991797173,320369.66307902633
2019-10-16,358119.84628774284,319855.1802137718
2019-10-17,359515.60068899626,320798.45890601893
2019-10-18,358823.92693138897,319394.1435567261
2019-10-21,359765.70379340154,321559.43626054964
2019-10-22,357062.9167837765,320509.04877047514
2019-10-23,356728.6614507813,321441.5444558029
2019-10-24,363736.025649008,321966.77426440845
2019-10-25,363578.95087958284,323285.25832116615
2019-10-28,364855.1990709025,325107.5504269639
2019-10-29,363581.6670764105,325011.00825464603
2019-10-30,365663.7814505834,326007.8052822386
2019-10-31,363369.84524620796,325139.61093917553
2019-11-01,364869.5010239458,328151.7122900649
2019-11-04,364039.348868027,329470.0520925494
2019-11-05,364958.7798360865,329105.66579852643
2019-11-06,365448.85563388414,329180.7140841422
2019-11-07,364017.8139320679,330338.2824991807
2019-11-08,364662.40621443186,331152.99457046663
2019-11-11,365811.16192750324,330520.61990046536
2019-11-12,366237.49504206993,331217.2237855948
2019-11-13,367945.1818974968,331324.47683769534
2019-11-14,369152.7206860282,331806.86312716996
2019-11-15,371958.6228942864,334207.90337691864
2019-11-18,372129.33984926215,334454.3978661949
2019-11-19,372170.24437948986,334357.9638845819
2019-11-20,370706.42066539905,333114.6002405766
2019-11-21,366580.3755290079,332578.5513614834
2019-11-22,366616.90764522756,333318.14302001696
2019-11-25,368866.30903306836,335901.5567346186
2019-11-26,369240.5001819831,336662.57015271764
2019-11-27,369567.63796231255,338163.2473564868
2019-11-29,368250.5343770903,336909.0285784256
2019-12-02,365086.4341612459,334047.1680530409
2019-12-03,362290.96051763505,331806.86312716996
2019-12-04,366074.2951599296,333854.19189911016
2019-12-05,366713.9661379328,334454.3978661949
2019-12-06,370257.32098733855,337509.3427362152
2019-12-09,368376.998401596,336448.20830278966
2019-12-10,367484.18978102715,336072.9668747108
2019-12-11,369736.43850514566,337026.9925103089
2019-12-12,373649.17598188977,339931.7686819611
2019-12-13,373226.80689087627,340135.52784281125
2019-12-16,374581.62864257063,342472.2667502952
2019-12-17,376096.65608682623,342547.27897234267
2019-12-18,374877.89903051703,342568.73679547646
2019-12-19,377446.6279694994,343972.87182692776
2019-12-20,380428.02683345584,345480.9781257651
2019-12-23,378858.6222788235,346008.80451128766
2019-12-24,379788.8802455436,346019.58751820703
2019-12-26,380596.0917855064,347861.46214158734
2019-12-27,380647.50993510615,347775.3062769376
2019-12-30,379183.87358634215,345857.950605122
2019-12-31,380181.0245954269,346698.1956827587
2020-01-02,382260.89677335473,349940.3825993514
2020-01-03,380746.9356934793,347290.61191909236
2020-01-06,379272.2787502946,348615.515291006
2020-01-07,379389.9593853013,347635.2353776913
2020-01-08,381454.52061625617,349488.0011986958
2020-01-09,382838.14417345147,351857.8825254402
2020-01-10,380687.44365590805,350845.25359136745
2020-01-13,383635.186705974,353258.08662794763
2020-01-14,384875.54402989073,352719.5854262106
2020-01-15,384986.24004970683,353516.62634903344
2020-01-16,388948.23443254136,356457.2497075679
2020-01-17,389382.68354871415,357566.7814496414
2020-01-21,386517.00755719194,356866.6072712511
2020-01-22,388508.7185781099,356909.73929892835
2020-01-23,388564.03524248727,357319.09686261154
2020-01-24,386054.6861097177,354141.39160612505
2020-01-27,376895.19077682367,348464.7695755452
2020-01-28,382513.6509798266,352116.31405582104
2020-01-29,380757.5269034283,351825.5335046822
2020-01-30,382120.39716971153,352967.3060768088
2020-01-31,372648.55476954766,346558.1247835123
2020-02-03,376254.4212640667,349132.55866960925
2020-02-04,385488.03036286886,354453.66604396596
2020-02-05,392936.4304165022,358547.02529938787
2020-02-06,395367.0287239927,359753.4237858938
2020-02-07,390241.8556729808,357836.03205050994
2020-02-10,392654.79354620277,360507.4408717442
2020-02-11,395508.68491864647,361132.20612883585
2020-02-12,400764.4076436282,363458.95542790287
2020-02-13,402102.5778994813,363071.1999416267
2020-02-14,403429.28785731737,363652.7971074727
2020-02-18,401288.04562342906,362715.68528540357
2020-02-19,404407.632190547,364449.8740938638
2020-02-20,401409.3409076591,362952.69505621894
2020-02-21,394753.1351970763,359214.8504570202
2020-02-24,379520.72384355357,347301.43098957994
2020-02-25,368813.77713827504,336777.43261772784
2020-02-26,369461.38466329826,335538.68511046394
2020-02-27,356136.9736319997,320468.9460825344
2020-02-28,356000.99973520805,319122.6209510552
2020-03-02,371610.27100788354,332942.61308339174
2020-03-03,360666.07629192027,323409.67763177375
2020-03-04,377578.63941453234,337003.62331805564
2020-03-05,366253.9733977447,325800.9446545153
2020-03-06,358971.7413941039,320415.1753022109
2020-03-09,330496.531047651,295392.5766334706
2020-03-10,345300.4033877058,310677.5791005354
2020-03-11,326932.86811214517,295532.5393420121
2020-03-12,291554.4044573726,267256.7904319183
2020-03-13,321496.8605681623,290103.6559938145
2020-03-16,280874.6930355036,258359.42127609535
2020-03-17,301965.7453451612,272308.7553961114
2020-03-18,278400.3078313008,258520.9499984755
2020-03-19,281943.3060288269,259070.32436605258
2020-03-20,271441.4195003153,247905.9091484701
2020-03-23,266441.468072968,241567.3403218895
2020-03-24,294099.061058192,263454.19369585114
2020-03-25,301283.38637237746,267398.141587839
2020-03-26,322513.7099726886,283011.4487488506
2020-03-27,306830.29500123876,274581.76997842325
2020-03-30,320953.2027384355,283499.0462239434
2020-03-31,316098.88755816227,279273.3336728897
2020-04-01,298342.0815655452,266704.7473602876
2020-04-02,304573.1729151759,272858.99528932746
2020-04-03,299263.2515937562,268915.08346090786
2020-04-06,321868.9356278215,286977.08887716616
2020-04-07,319951.9718744367,287269.67260671966
2020-04-08,330100.76321628614,296912.81832303817
2020-04-09,331052.76625870075,301431.060508293
2020-04-13,329025.8857996917,298678.9233894369
2020-04-14,342247.94615413586,307487.79254867113
2020-04-15,336413.2356233349,300954.33619904023
2020-04-16,344119.5661649179,302406.14726777363
2020-04-17,349727.1633235397,310575.77164724696
2020-04-20,344558.71317355975,305104.09887527087
2020-04-21,330716.3337080199,295840.1615795433
2020-04-22,340533.8360721659,302406.14726777363
2020-04-23,337989.5065661939,302384.4730632301
2020-04-24,344664.01330816414,306599.33048022795
2020-04-27,350452.7136507342,311020.00268146856
2020-04-28,347328.3374890216,309589.8658172787
2020-04-29,352941.5872639092,317694.3954559848
2020-04-30,348523.22122493753,314736.4615846701
2020-05-01,338703.63294561626,306404.26263933623
2020-05-04,340299.51145880006,307249.34023512405
2020-05-05,346854.1037591492,310088.3003946432
2020-05-06,344439.5009053278,307986.19106246735
2020-05-07,351753.83202814945,311702.57783853234
2020-05-08,359693.3802358901,316860.1369306846
2020-05-11,364874.4581161613,316925.0513536103
2020-05-12,360459.8607540525,310608.3370494147
2020-05-13,354993.46937736607,305114.9540093268
2020-05-14,360374.8307729406,308766.3902988978
2020-05-15,366019.521372968,310185.6359654635
2020-05-18,371875.4795330827,319633.8580951634
2020-05-19,370584.9572519071,316350.88328283245
2020-05-20,374836.24505536916,321725.0762297151
2020-05-21,371839.01159804274,319503.8128679023
2020-05-22,373995.3012841686,320110.6184679845
2020-05-26,373272.4471861805,324054.6024235406
2020-05-27,376629.7298894878,328876.1933134841
2020-05-28,376685.4065133769,328269.4237769702
2020-05-29,384391.4193761214,329732.16210689605
2020-06-01,385558.9709719597,331064.85520956083
2020-06-02,387034.36824330856,333806.08309900854
2020-06-03,389539.1506732409,338248.4295047927
2020-06-04,387075.0444359951,337360.0034999178
2020-06-05,393151.44834248064,346006.3161250755
2020-06-08,393827.8666824732,350188.7884577471
2020-06-09,393471.43480088847,347577.3894141508
2020-06-10,393482.9885295123,345637.99890210875
2020-06-11,374143.09181359626,325712.4085943583
2020-06-12,375560.5006334344,329612.8998865542
2020-06-15,380746.7889257532,332690.20416891563
2020-06-16,386237.2420781706,339093.65135485365
2020-06-17,387591.5439321538,337685.1165680707
2020-06-18,386797.00041279104,337815.05360462697
2020-06-19,387609.99630325194,335884.53473038477
2020-06-22,391306.96523181984,338039.18868156214
2020-06-23,390292.48809423775,339595.4759076376
2020-06-24,382808.08744310157,330932.8264860436
2020-06-25,386661.5678219291,334480.6160803432
2020-06-26,380290.67112100055,326536.2086848538
2020-06-29,383223.5719420047,331335.548353161
2020-06-30,389991.1257129484,335579.7975783169
2020-07-01,392812.89079391485,337930.42095959326
2020-07-02,393619.27018447686,339791.4453377367
2020-07-06,400999.687904171,345036.7831551118
2020-07-07,398122.9728621238,341478.2105538929
2020-07-08,401769.69646907493,344090.1144874453
2020-07-09,402601.18828365626,342131.2135849572
2020-07-10,404205.27865561534,345624.5471911358
2020-07-13,397432.4736629302,342631.775912851
2020-07-14,405171.5951612766,347071.92244096927
2020-07-15,405997.7138197522,350260.62708578486
2020-07-16,406174.1101234397,349106.9895996902
2020-07-17,410101.9834991579,350119.1857709434
2020-07-20,416209.502306589,352948.69727557007
2020-07-21,416120.7549399805,353699.46864027414
2020-07-22,420143.44798202446,355712.78946731496
2020-07-23,417188.7576994557,351468.57630572736
2020-07-24,413862.59701997734,349205.0825054446
2020-07-27,418819.6927041595,351751.5310625469
2020-07-28,412915.1554916654,349520.6387280001
2020-07-29,420738.6415500841,353819.23575057206
2020-07-30,421923.6410144646,352556.8305425086
2020-07-31,423846.26910764485,355342.74119307013
2020-08-03,426687.58642175363,357813.203811781
2020-08-04,428896.4677780489,359195.2318758693
2020-08-05,428489.62529873924,361426.1963375527
2020-08-06,429194.6379442004,363842.2750952792
2020-08-07,428194.7986889552,364103.51958398684
2020-08-10,425456.03608060355,365191.77382076805
2020-08-11,421089.2706836545,362177.1480200982
2020-08-12,428709.25654060306,367226.8409794889
2020-08-13,428732.938400729,366562.9106872321
2020-08-14,427718.71527670865,366573.76582128805
2020-08-17,433771.9604332024,367738.2584414386
2020-08-18,433286.267199525,368532.73885091266
2020-08-19,432047.40565419313,366998.2340200856
2020-08-20,431405.5849570841,368140.98030855606
2020-08-21,432255.05420659884,369446.8060528432
2020-08-24,432985.2436128367,373190.56507724186
2020-08-25,433991.1511664673,374496.42688509735
2020-08-26,436956.2859203527,378250.8967892787
2020-08-27,434550.4007536691,379078.08685519366
2020-08-28,437713.80536788405,381526.622824383
2020-08-31,439827.399233498,380144.52263315814
2020-09-01,443291.7337911888,383724.9497567621
2020-09-02,453197.34901737,389275.13291691
2020-09-03,432568.13033193804,375878.4910127539
2020-09-04,426779.47311111324,372809.58954180457
2020-09-08,411942.22898550006,362623.36255057587
2020-09-09,421088.5465759143,369784.252861352
2020-09-10,412225.3439158077,363363.42303549725
2020-09-11,411463.8651855162,363548.32095013064
2020-09-14,418496.1974949036,368336.84154795023
2020-09-15,422977.7966992991,370197.6856082522
2020-09-16,418774.1775910231,368728.60009030683
2020-09-17,415431.7291640387,365485.51158450684
2020-09-18,412049.9058020897,361277.7947540309
2020-09-21,409229.1825741786,357256.9593344443
2020-09-22,415813.1814717845,360895.34061229357
2020-09-23,408376.945446648,352525.88800091395
2020-09-24,410510.50879834767,353465.5242727636
2020-09-25,417524.0618294446,359180.08517718664
2020-09-28,424633.12535502884,365145.72064405907
2020-09-29,423357.5873059656,363157.10336129833
2020-09-30,424427.78690520517,365910.4846732605
2020-10-01,428325.72545770096,368259.7376389418
2020-10-02,420393.01886920864,364763.3025658901
2020-10-05,429462.9765225411,371231.77236545866
2020-10-06,424853.4429880263,365954.19371803047
2020-10-07,433432.9540120301,372324.2821032983
2020-10-08,438238.1655437073,375623.99041131686
2020-10-09,442345.51249829057,378978.4071524344
2020-10-12,449653.46487140906,385075.24188075337
2020-10-13,448518.33466880606,382562.1881878895
2020-10-14,445956.69330290565,380158.4431705189
2020-10-15,445954.6192822174,379688.64306637825
2020-10-16,444944.0921817209,379459.17058133584
2020-10-19,438036.4848437137,373690.08156165516
2020-10-20,440629.733634222,375186.93602718535
2020-10-21,437706.2270961319,374476.88043108303
2020-10-22,435898.09381178283,376530.95309029386
2020-10-23,438365.6762401569,377809.22626840585
2020-10-26,429483.4779316586,370827.3555106315
2020-10-27,427543.7763550334,369549.0102053829
2020-10-28,413877.9165270259,356918.17817390873
2020-10-29,418933.8606776396,360545.74038127036
2020-10-30,412482.67883668497,356787.0510395988
2020-11-02,419676.48572267155,360786.2122546418
2020-11-03,433550.2090433426,367156.1924492048
2020-11-04,441412.6275748105,375361.80826983356
2020-11-05,451296.1515950177,382682.38806100696
2020-11-06,454150.47432903893,382595.0781621719
2020-11-09,452238.31672209606,387402.60426048137
2020-11-10,449748.8876705376,386834.4588056083
2020-11-11,459015.4983495406,389708.03999068786
2020-11-12,453691.4715935978,385927.460063063
2020-11-13,459674.86231391196,391270.3858962364
2020-11-16,467114.9742419626,396154.5831407349
2020-11-17,465151.33657946694,394023.9114624717
2020-11-18,462024.7757714627,389281.87680418056
2020-11-19,464395.0142286023,390920.8217287815
2020-11-20,461023.4341432545,388243.89518159855
2020-11-23,465086.99424656824,390571.25756132655
2020-11-24,470484.3862369892,396864.7469275421
2020-11-25,469153.8107580628,396252.78423719417
2020-11-27,473076.1497734335,397356.437617636
2020-11-30,470222.91299436864,395597.2567563494
2020-12-01,475660.7815914614,399923.98336218914
2020-12-02,474888.29179940623,400765.4546011478
2020-12-03,475441.5953435384,400656.14592565456
2020-12-04,481285.0882778408,404108.8719539363
2020-12-07,483616.3222873942,403278.40010330675
2020-12-08,485930.5360158257,404458.5082485278
2020-12-09,480869.8730622239,400831.0181683027
2020-12-10,476192.7746497858,400699.85497042455
2020-12-11,477260.6746478209,400230.0548662839
2020-12-14,476941.2219118887,398438.2004121246
2020-12-15,483030.31380013266,403824.79922649974
2020-12-16,484095.32970231987,404458.5082485278
2020-12-17,485070.25173952535,406720.198870396
2020-12-18,484620.32575177186,405096.29245377285
2020-12-21,483219.8905800439,403647.7992333223
2020-12-22,483013.76792097796,402967.46001749265
2020-12-23,480362.8686006715,403329.64643384976
2020-12-24,483623.53067811317,404898.736226669
2020-12-28,486199.588172523,408377.1395155747
2020-12-29,483447.8304133324,407598.0582497613
2020-12-30,485864.64306009345,408179.6554156073
2020-12-31,487024.8702925283,410253.52697381045
2021-01-04,477768.5198074504,404668.2900252827
2021-01-05,485347.8526442778,407455.39077359793
2021-01-06,499783.05745431466,409891.4126845899
2021-01-07,508878.20108865655,415981.3232077968
2021-01-08,512084.81116595113,418351.52910665574
2021-01-11,512436.54277324624,415531.5023204899
2021-01-12,517812.67211015505,415619.2449821445
2021-01-13,516340.1074342582,416738.51388765685
2021-01-14,520963.242965801,415279.12946958205
2021-01-15,516065.51853979746,412250.6191951198
2021-01-19,521224.02516845305,415487.5768943102
2021-01-20,523860.08846059925,421237.299777818
2021-01-21,521296.8618967533,421621.37678012846
2021-01-22,518271.74074984185,420128.99419706647
2021-01-25,520546.08781899407,421786.0069693817
2021-01-26,519691.81022382947,421127.5944030736
2021-01-27,510042.76615088736,410835.0880760882
2021-01-28,517355.2609021148,414368.3801159344
2021-01-29,507184.33387390285,406072.78569241695
2021-02-01,517713.98527978087,412832.1802973976
2021-02-02,520853.43272675725,418669.6819061283
2021-02-03,519913.558147575,418998.8701574982
2021-02-04,525757.3564783012,423761.1364776012
2021-02-05,527907.9863813123,425429.07651110896
2021-02-08,535908.1490729253,428501.4400846143
2021-02-09,538284.4028846555,428216.21332299244
2021-02-10,539849.6007525194,428029.58435708104
2021-02-11,546192.7505087543,428720.85083410324
2021-02-12,553208.4451417397,430838.756009191
2021-02-16,554383.9115729986,430465.53414093645
2021-02-17,553334.3646623862,430564.2040637835
2021-02-18,549506.95005133,428731.7780952957
2021-02-19,556860.41331423,427974.69560614054
2021-02-22,559667.8491288711,424682.8491560097
2021-02-23,555300.4258992984,425198.5581825861
2021-02-24,562963.4475454277,429883.9009115221
2021-02-25,544731.1106152035,419525.614635972
2021-02-26,549909.5142071447,417363.85616184113
2021-03-01,574136.1615368206,427480.9853562222
2021-03-02,567858.6823782871,424145.17741634336
2021-03-03,564957.4223881632,418527.0504935332
2021-03-04,555348.9426890246,413347.8532604057
2021-03-05,570397.3777669221,420952.07301619614
2021-03-08,571477.5016626007,418856.346935608
2021-03-09,574472.1997016273,424836.51602050214
2021-03-10,580776.4320483183,427480.9853562222
2021-03-11,587614.886590089,431815.2492478351
2021-03-12,595626.9676217991,432396.77428654453
2021-03-15,604449.9219593597,434975.35548299504
2021-03-16,604195.6471355895,434426.8646728411
2021-03-17,603452.0237808053,435908.10361330083
2021-03-18,597887.928440334,429565.85630275443
2021-03-19,598092.1647183369,428770.9070668926
2021-03-22,596584.5943375137,432194.6379862675
2021-03-23,584581.3181313876,428792.90584355075
2021-03-24,569343.432912382,426613.1877124104
2021-03-25,568848.4602397783,429013.07392797375
2021-03-26,558369.0243015077,435926.64028740296
2021-03-29,553381.938431416,435706.43613941164
2021-03-30,556061.4187193478,434550.5627120829
2021-03-31,559586.0493614486,436311.9434510353
2021-04-01,568996.2420074363,441023.7207755294
2021-04-05,571910.9907927632,447353.7064728565
2021-04-06,572610.6642663948,447089.54083511716
2021-04-07,573802.8198828441,447607.05304010824
2021-04-08,571606.2896917382,449731.7021024666
2021-04-09,575796.0694192458,453001.2973309613
2021-04-12,575881.3001670953,453166.3963466023
2021-04-13,572521.4388656917,454509.51182050345
2021-04-14,570483.1002217468,452957.2997776449
2021-04-15,574487.8078007032,457823.06853874616
2021-04-16,576654.3873731015,459353.3899956514
2021-04-19,572117.153950203,457096.6040190709
2021-04-20,562936.6832118675,453749.9048815678
2021-04-21,576414.0511717092,458043.30875030573
2021-04-22,570502.6310165215,453860.00695556344
2021-04-23,578862.4844610589,458780.9529761515
2021-04-26,582517.7566723615,459738.6931592837
2021-04-27,583963.8200140379,459639.62653718545
2021-04-28,579709.4530707574,459507.56175009994
2021-04-29,584967.4182218731,462435.85136827856
2021-04-30,578168.9019063757,459397.3875489677
2021-05-03,577931.914042048,460388.30621492857
2021-05-04,580139.6779277452,457548.0117033826
2021-05-05,583392.8322873926,457691.0398152289
2021-05-06,588090.9552165793,461345.9742709242
2021-05-07,593600.603603622,464703.6727967564
2021-05-10,588376.9778320956,460101.9975462579
2021-05-11,580824.5756993614,455995.6914698192
2021-05-12,566298.857581577,446308.0793737965
2021-05-13,576267.222020789,451669.18124538916
2021-05-14,586743.1466522202,458604.7463814765
2021-05-17,581887.0714991955,457437.87356581865
2021-05-18,574714.4566292836,453496.666505021
2021-05-19,573332.7033262136,452307.79491270497
2021-05-20,576179.3637862952,457173.67186451104
2021-05-21,577305.4487067865,456799.40415277606
2021-05-24,581208.7194055186,461456.14847205643
2021-05-25,577363.4553611007,460432.3037682449
2021-05-26,582274.9942966361,461345.9742709242
2021-05-27,587802.4505098102,461588.1411320054
2021-05-28,589973.5687253536,462413.924718757
2021-06-01,588670.5415111291,462006.55065132986
2021-06-02,591604.362730463,462733.12336171
2021-06-03,590416.6248242399,461015.70411250554
2021-06-04,595474.6773967897,465232.1122629399
2021-06-07,593272.6286606161,464780.6685150599
2021-06-08,591078.3745909203,464879.7351371582
2021-06-09,587520.4298230093,464186.2687824702
2021-06-10,584171.9809468648,466344.02420052065
2021-06-11,588757.4791682456,467114.702654922
2021-06-14,587437.473059143,468160.51007182343
2021-06-15,585625.0366690165,467301.8004472212
2021-06-16,583984.2198041803,464692.56521772244
2021-06-17,573803.3368371195,464538.5016539787
2021-06-18,561388.467931395,458271.73539186764
2021-06-21,573790.1541755021,464832.31154485414
2021-06-22,575630.9148380612,467317.41597229167
2021-06-23,576274.4979917607,466754.139099138
2021-06-24,582289.2895320407,469515.2740782829
2021-06-25,587178.984918266,471183.14198465407
2021-06-28,587870.8108234,472132.9842463303
2021-06-29,586650.8615773801,472387.0520849479
2021-06-30,587476.0582354625,472784.58079823124
2021-07-01,591039.0035439897,475402.218839142
2021-07-02,591611.3244017112,479035.9839802499
2021-07-06,584445.625220095,478163.3898818552
2021-07-07,585321.3927367136,479853.22050131625
2021-07-08,575881.2035631692,475943.53299920587
2021-07-09,588514.9679232009,481024.06030948623
2021-07-12,593720.1813607363,482747.06941177597
2021-07-13,587395.0397141315,481101.34453633614
2021-07-14,586634.198651114,481819.2980538944
2021-07-15,585887.7010135208,480173.53711488633
2021-07-16,578760.673663529,476407.2744238734
2021-07-19,567869.1380418543,469371.7410764805
2021-07-20,581188.781119271,476098.0653893373
2021-07-21,590837.5887843935,479952.6838226658
2021-07-22,586051.8554296496,480957.81153453374
2021-07-23,591422.3685850998,485905.94948561396
2021-07-26,590663.4080491198,487098.7159433056
2021-07-27,586440.8307642456,484878.75086995127
2021-07-28,586828.4572057949,484679.8242272523
2021-07-29,592018.171221767,486690.00752385164
2021-07-30,593519.1587619678,484326.4733851267
2021-08-02,596509.8209256732,483310.274157793
2021-08-03,604483.6251838998,487242.21288153966
2021-08-04,602968.98908981,484845.5723871226
2021-08-05,606149.0191246592,487915.9885279402
2021-08-06,611737.9854768157,488722.29778781405
2021-08-09,610321.2098146763,488324.6969473941
2021-08-10,611391.0689375856,488932.18775527383
2021-08-11,616025.6523301799,490147.02511676017
2021-08-12,614284.1362712618,491616.00244400057
2021-08-13,613838.8140275943,492510.73957332654
2021-08-16,614221.7181694,493670.36361175776
2021-08-17,605045.2452509057,490434.16324750154
2021-08-18,596979.6017914666,485066.38961577485
2021-08-19,599703.3166250505,485817.4494890253
2021-08-20,605314.4140330466,489683.13943781937
2021-08-23,611198.4668772195,493990.6080981912
2021-08-24,612184.1270934208,494774.81039070204
2021-08-25,618033.0664000075,495813.11658539873
2021-08-26,613228.286633282,492886.1973828152
2021-08-27,621900.6874179667,497293.02117383166
2021-08-30,619045.4478583422,499480.024145767
2021-08-31,618125.8282350308,498739.92759727733
2021-09-01,613811.632941103,499005.06695136055
2021-09-02,616906.3850646402,500540.25698998524
2021-09-03,616789.6547471732,500418.6867012727
2021-09-07,609516.9977849373,498629.3927604622
2021-09-08,609325.1024052443,498022.0101432873
2021-09-09,609873.0392788819,495890.4008122486
2021-09-10,608177.9673597877,491980.46086516016
2021-09-13,609437.9664724325,493239.62035207736
2021-09-14,607755.5357548792,490577.8405035771
2021-09-15,614386.4195342228,494675.4191964891
2021-09-16,613430.7749543948,493891.2890311149
2021-09-17,609694.3553516392,489080.3008302493
2021-09-20,596320.4514817146,480925.246132366
2021-09-21,598122.755507965,480470.91729902267
2021-09-22,607218.2833915115,485157.88288853184
2021-09-23,616094.1026705457,491052.50918943714
2021-09-24,617016.9345793279,491861.41502622806
2021-09-27,616883.8483218666,490454.2506550402
2021-09-28,602263.3769632062,480570.6691289185
2021-09-29,603468.0409049457,481379.46677500446
2021-09-30,594723.0727803861,475495.9480531331
2021-10-01,598813.9038861233,481146.78463238414
2021-10-04,589612.6831021431,474941.8673898939
2021-10-05,596395.8935182107,479883.73028009135
2021-10-06,597929.2006298518,481878.1537973471
2021-10-07,604005.7545713651,486044.28933358233
2021-10-08,602563.726379635,485157.88288853184
2021-10-11,599231.9631389711,481645.4355911584
2021-10-12,597372.2257312842,480459.91791069356
2021-10-13,599643.2149693012,482188.3004846588
2021-10-14,608051.2501396491,490299.1051842478
2021-10-15,612003.8920451364,494033.0909816393
2021-10-18,618179.0646892212,495495.64899372373
2021-10-19,622817.317015653,499318.38723268197
2021-10-20,625022.9655625488,501279.52407640417
2021-10-21,627138.649040689,502587.00874483277
2021-10-22,631034.800555759,502066.2508186954
2021-10-25,631920.3421105588,504758.72076381225
2021-10-26,633245.1559321919,505213.01353358733
2021-10-27,625465.9314437028,502974.87242181384
2021-10-28,634745.9740298595,507827.98287044454
2021-10-29,637854.3641967609,508858.39114368526
2021-11-01,638046.6588939343,509733.7621368384
2021-11-02,641095.2406927192,511794.722937593
2021-11-03,645394.9581284429,514919.41474869015
2021-11-04,646263.3398550572,517345.87981408474
2021-11-05,648889.6815206807,519140.8717986854
2021-11-08,652996.256396514,519584.0930529948
2021-11-09,651448.2856181668,517866.5656130855
2021-11-10,645389.0924721789,513700.4300768503
2021-11-11,650070.1367176174,513866.71919024497
2021-11-12,655085.3018196999,517744.7428793949
2021-11-15,656233.7557116504,517922.1395718236
2021-11-16,659411.5413174696,519971.88460283936
2021-11-17,653025.0866892802,518708.75812340993
2021-11-18,656161.1608469752,520470.46343447705
2021-11-19,654880.1830868586,519539.7348639956
2021-11-22,651658.9105598006,518077.1768519111
2021-11-23,652992.2994942161,518764.07963716995
2021-11-24,654103.5281365642,520149.1009774265
2021-11-26,641335.8691213115,508548.10020210035
2021-11-29,650511.594725816,514786.26805455587
2021-11-30,634192.5567596052,504769.8283428462
2021-12-01,623546.9277617557,499163.2778254578
2021-12-02,636828.8280186935,506808.5739855329
2021-12-03,629501.4235214237,502398.7208547799
2021-12-06,633914.5670989973,508348.74079658184
2021-12-07,653658.903209743,518863.7593399292
2021-12-08,654761.9351141633,520237.78129185666
2021-12-09,645506.3331200485,516725.4421851882
2021-12-10,650115.9574918099,521589.5520221479
2021-12-13,643790.5865740739,516969.1237161376
2021-12-14,639828.2797446562,513412.318229765
2021-12-15,653108.0287745284,521434.4786784921
2021-12-16,648774.6955018974,516836.2655305497
2021-12-17,641516.7619620871,511335.4533953936
2021-12-20,631643.6932235656,505898.3655854096
2021-12-21,643627.0718496828,514882.5577818957
2021-12-22,650896.624724536,520030.6682191554
2021-12-23,654431.4115870331,523266.47188416036
2021-12-27,666987.2268459351,530671.7289336835
2021-12-28,665075.6033782131,530238.0645249715
2021-12-29,667222.6049186453,530916.2759902719
2021-12-30,665914.7475277412,529448.6690786267
2021-12-31,667415.0276866013,528114.2809882521
2022-01-03,657751.1669053338,531171.9666894627
2022-01-04,650179.9288163076,530994.1372342145
2022-01-05,637492.8036027292,520797.92063456896
2022-01-06,640627.3678381406,520308.7904578237
2022-01-07,631035.3952214528,518251.65239530813
2022-01-10,633154.5506963724,517606.65547640465
2022-01-11,636265.2906808447,522321.2818227938
2022-01-12,636582.3447676732,523733.3508392694
2022-01-13,626530.0452447744,516517.13901473326
2022-01-14,623902.7572847938,516728.3993977881
2022-01-18,611827.556952589,507577.30500724644
2022-01-19,606668.7397240248,502306.79481920344
2022-01-20,598284.7954067237,496747.2711948679
2022-01-21,589474.1548362842,486995.8626465366
2022-01-24,595700.6224623743,489063.96403381304
2022-01-25,582299.2814640403,483092.9190316968
2022-01-26,578449.7981891206,481880.93069210555
2022-01-27,574196.3067088061,479501.5285833321
2022-01-28,588675.7145543089,491410.1155326212
2022-01-31,600002.412115712,500260.90858999494
2022-02-01,605852.6440927408,503641.0747188731
2022-02-02,619575.2907338387,508533.5305205104
2022-02-03,608188.2479510307,496580.40506438055
2022-02-04,607790.2618190038,498915.4850477231
2022-02-07,605104.6061217439,497314.22655198735
2022-02-08,608743.9667568904,501406.1072011093
2022-02-09,617625.8120348634,508744.754839997
2022-02-10,608248.8445818532,499604.94834633067
2022-02-11,596403.7061303806,489753.28307814745
2022-02-14,592837.5669686622,488152.0967095483
2022-02-15,602369.4239927176,496024.52122272673
2022-02-16,603087.4880264003,496580.40506438055
2022-02-17,590640.5391288156,485972.8113412275
2022-02-18,587880.9863226735,482826.12075347215
2022-02-22,577946.8280686009,477644.7236426789
2022-02-23,566033.4097056116,469171.76859030104
2022-02-24,578555.1535468476,476232.4743083618
2022-02-25,589266.4157635083,486739.95556593616
2022-02-28,587625.9292621645,485494.7166163796
2022-03-01,581291.3166833872,478100.4950187539
2022-03-02,594478.3679688859,486895.64199025295
2022-03-03,595192.2165368818,484471.7013746388
2022-03-04,594288.2029225534,480535.54321340204
2022-03-07,575635.110429283,466369.7735882812
2022-03-08,567528.1164947433,462833.8489079497
2022-03-09,583371.1227719322,475242.88999442774
2022-03-10,580670.5763174723,473096.85523607215
2022-03-11,573234.4759040511,467081.3077906835
2022-03-14,569299.8646509531,463667.85498827184
2022-03-15,584271.0902509463,473864.0715879174
2022-03-16,598417.9729717708,484371.66103619663
2022-03-17,604598.1902532198,490431.5666705845
2022-03-18,614882.0076498755,495803.1991041184
2022-03-21,612063.7623524321,495658.18749601603
2022-03-22,616102.4323717543,501458.11086658644
2022-03-23,606129.7256349577,495000.09950182255
2022-03-24,616033.9808573646,502461.94028999587
2022-03-25,618235.7558676689,504915.7054765876
2022-03-28,618857.0141199989,508507.0959249523
2022-03-29,627133.3563659567,514797.84445997764
2022-03-30,620733.1662195034,511619.1654871472
2022-03-31,611654.1107493403,503744.64928700787
2022-04-01,609048.7693194662,505172.3338285539
2022-04-04,611570.3804754458,509499.88989646436
2022-04-05,607705.321623416,503064.23794404155
2022-04-06,610883.352521032,498033.9111208237
2022-04-07,620350.7772731454,500543.4666475632
2022-04-08,629016.2825468238,499205.0755011083
2022-04-11,619207.5090580931,490672.47130677546
2022-04-12,619838.7976230361,488854.3986384679
2022-04-13,625341.3896364906,494453.5561243564
2022-04-14,621527.5192701159,488296.74768196774
2022-04-18,620643.3705488895,488497.4775030814
2022-04-19,619304.2316103367,496383.2455365279
2022-04-20,626697.6100577937,496015.10863140255
2022-04-21,612546.0687824524,488597.9145407747
2022-04-22,592312.7297426413,475191.2109010652
2022-04-25,591011.309118476,477946.17901003215
2022-04-26,583282.4239027814,464104.40448244725
2022-04-27,589984.7114919019,465409.32863752707
2022-04-28,591652.0159122661,477165.4388200774
2022-04-29,574163.2488244422,459531.47189587756
2022-05-02,572645.5876529126,462297.5475838785
2022-05-03,583844.6484788617,464416.78711099306
2022-05-04,598732.8051784897,478559.5842431118
2022-05-05,580705.96311709,461550.31044886704
2022-05-06,580891.2212492821,458795.34233990003
2022-05-09,551878.6766199594,444105.9297031785
2022-05-10,555458.7787388994,445132.0824753608
2022-05-11,551891.8179334395,438060.629813949
2022-05-12,556848.3842081218,437603.34376800567
2022-05-13,571431.9184068302,448065.4570566686
2022-05-16,576724.3330476922,446247.3483247927
2022-05-17,585471.0377825247,455426.93293428514
2022-05-18,559433.1599927786,437067.8719060052
2022-05-19,559772.8752261372,434390.9453588222
2022-05-20,558999.5010182251,434580.60366447014
2022-05-23,571461.8424315904,442711.7482165758
2022-05-24,574340.4027602351,439332.231231927
2022-05-25,582955.7173290051,443213.53670579154
2022-05-26,591529.2155855905,452069.6311077042
2022-05-27,603236.2782757204,463167.54510535614
2022-05-31,598357.4273442818,460568.6601199572
2022-06-01,593327.4166035296,456843.4377696606
2022-06-02,599752.4414660502,465543.30479373207
2022-06-03,595999.2362507788,457902.9854060813
2022-06-06,598290.9599339954,459297.16689268406
2022-06-07,603665.5678048284,463702.94484022004
2022-06-08,597476.5926616793,458661.40224726335
2022-06-09,584426.5430296082,447753.11049169104
2022-06-10,572699.8509066611,434770.2619701181
2022-06-13,553387.1097352118,418262.8487922256
2022-06-14,553624.6531150268,417002.4270804181
2022-06-15,555059.0626952066,422947.3981226592
2022-06-16,535602.6963425409,408949.5404715062
2022-06-17,526874.0420641046,409831.0783348373
2022-06-21,543026.9129163015,420148.071824693
2022-06-22,539048.2629260882,419386.2650080915
2022-06-23,536622.5390296608,423497.40360268136
2022-06-24,547279.9370859396,436962.025333068
2022-06-27,552697.0471750095,435292.9673289432
2022-06-28,549212.6657347977,426398.68160820927
2022-06-29,546063.9729058567,426051.38944555674
2022-06-30,543892.0381305593,422590.04422445316
2022-07-01,545986.6536657887,427059.5825607295
2022-07-05,538469.247640535,427866.0721384448
2022-07-06,541186.3457664392,429311.06719277106
2022-07-07,550749.2153227679,435741.0932285403
2022-07-08,551997.513635185,435382.6213597172
2022-07-11,548878.4521715452,430408.9504022862
2022-07-12,541927.4659514604,426600.24089139357
2022-07-13,540861.0269034811,424359.93596552254
2022-07-14,535719.6563552171,423329.3113108721
2022-07-15,543870.1377290707,431417.03532675415
2022-07-18,537956.1179243737,427854.856368706
2022-07-19,550943.7016454136,439415.213502567
2022-07-20,550711.214619386,442215.69383471855
2022-07-21,547683.190121445,446718.8434166431
2022-07-22,541221.0976438504,442574.1657035416
2022-07-25,548525.8904199699,443111.8374432079
2022-07-26,546185.6750947243,437869.3847112962
2022-07-27,556868.8392197231,449239.2540774385
2022-07-28,554967.7993728099,454873.82598738984
2022-07-29,560928.7570998947,461505.26705207024
2022-08-01,554884.3877114094,460138.60206807434
2022-08-02,552152.7054860612,457102.9872706586
2022-08-03,554145.9694576013,464260.8843052665
2022-08-04,550969.377927272,463947.2755153987
2022-08-05,553650.8534605305,463163.1092864562
2022-08-08,555969.3767902032,462625.4014832216
2022-08-09,557902.6071099204,460788.3233144241
2022-08-10,563681.166143495,470466.73920053226
2022-08-11,566150.1815658846,470466.73920053226
2022-08-12,573976.4935101655,478431.2340035604
2022-08-15,574594.611062039,480402.8292820872
2022-08-16,578494.251918915,481343.8359695319
2022-08-17,576358.0422172076,477927.137445974
2022-08-18,578415.6255556372,479316.2700330158
2022-08-19,574551.5020497452,472875.1724817809
2022-08-22,567593.9100122694,463028.736431
2022-08-23,566538.3339689064,461908.52987271204
2022-08-24,567870.684020472,463387.24436339136
2022-08-25,573813.4616328217,469929.067460866
2022-08-26,559995.6005500257,454022.4372671509
2022-08-29,558136.1446605664,451020.32552467845
2022-08-30,549379.8149844066,446069.12217029335
2022-08-31,545909.4366174594,442674.96337691793
2022-09-01,549356.1997185907,444063.9517096866
2022-09-02,546036.5461907478,439381.5301297822
2022-09-06,543286.7232793123,437723.76002253284
2022-09-07,552153.2848969883,445587.4571521846
2022-09-08,561232.855204414,448499.9869910196
2022-09-09,567693.4989461151,455467.50444861373
2022-09-12,571656.1205421354,460362.66501787293
2022-09-13,553031.7895256778,440344.896229568
2022-09-14,555854.9197950177,442025.2421305682
2022-09-15,551384.9180183364,437006.7802213184
2022-09-16,546912.3033454469,433672.9557776956
2022-09-19,549422.8803757997,437035.9556480667
2022-09-20,545342.6927789155,432019.4411715047
2022-09-21,536160.160460517,424483.4176233546
2022-09-22,533722.3999605494,420917.848689887
2022-09-23,520998.62263563595,413865.50971966994
2022-09-26,514364.08112251904,409771.1767479042
2022-09-27,517352.68302471936,408725.2250767296
2022-09-28,531459.9713815561,416767.4368694271
2022-09-29,524925.8614422771,408061.43903874594
2022-09-30,519310.3251756931,401751.5046853893
2022-10-03,537961.7417668126,412358.19681933505
2022-10-04,553184.409898177,425135.8436373262
2022-10-05,553308.3670533517,424145.9347512775
2022-10-06,552135.5200606222,419770.5583918117
2022-10-07,540952.8098705052,408061.43903874594
2022-10-10,542459.4981068535,404945.7991832901
2022-10-11,541765.3350195333,402381.3188420418
2022-10-12,540894.0582280887,401054.03527462087
2022-10-13,553212.541341196,411638.36799622554
2022-10-14,538545.4417787214,402257.58473923174
2022-10-17,548153.8726725433,412594.413191648
2022-10-18,554331.1352198367,417442.2222957398
2022-10-19,549136.9216426389,414484.07204301533
2022-10-20,545460.4159432922,411008.4817124364
2022-10-21,558071.0933838828,420996.5754594685
2022-10-24,567750.8943381365,426148.07587214775
2022-10-25,576178.7723829899,432953.0908910178
2022-10-26,574930.1907316111,429691.21326613764
2022-10-27,576121.0228050048,427396.5966064188
2022-10-28,591300.2199805039,437564.68362279655
2022-10-31,590527.0059219868,434404.1085612488
2022-11-01,593227.942343209,432503.1257494378
2022-11-02,578382.6072960708,421649.0014734402
2022-11-03,581368.6704650694,417307.34455032746
2022-11-04,587924.2361584638,423313.62365866505
2022-11-07,591840.0346507386,427362.913233634
2022-11-08,594415.7222826859,429668.67353595514
2022-11-09,584046.8172359989,420816.65431725944
2022-11-10,603401.7728732133,443942.1650395643
2022-11-11,599892.05196197,448238.9588837217
2022-11-14,602183.3170749724,444425.95780820225
2022-11-15,603154.0523385126,448216.4191535391
2022-11-16,601663.7994423879,444797.12405306415
2022-11-17,598810.13387416,443436.1210492901
2022-11-18,603099.2700789343,445449.44187633094
2022-11-21,604264.6404680274,443829.64670649305
2022-11-22,614104.417559449,449802.27850561414
2022-11-23,613262.3389770689,452636.87497337
2022-11-25,614889.0392699968,452535.6445371742
2022-11-28,608996.8075612136,445314.52806735033
2022-11-29,610024.326512295,444549.61978387577
2022-11-30,622367.2424033929,458553.1754788189
2022-12-01,622972.5817772321,458215.83686101495
2022-12-02,623706.6233110214,457687.21707698994
2022-12-05,612845.5701389342,449453.7241180714
2022-12-06,603866.909587153,442974.904074403
2022-12-07,603670.7718048705,442221.2476242355
2022-12-08,605607.1861466271,445685.6221850756
2022-12-09,598985.2550740432,442356.3417510576
2022-12-12,604550.4694342943,448733.89529496187
2022-12-13,604015.8399979349,452130.72279239097
2022-12-14,602206.2029412462,449239.9753488044
2022-12-15,592611.0348522107,438250.7569459847
2022-12-16,587113.2857618682,433076.716803123
2022-12-19,583572.8230490217,429404.4357710792
2022-12-20,585812.4109726872,429991.9834256934
2022-12-21,594770.9958769709,436421.43244437
2022-12-22,587563.5338525721,430195.45407799724
2022-12-23,592243.5490798684,432670.02794349345
2022-12-27,592591.1420989978,430963.7884004595
2022-12-28,586773.523405211,425607.87968270096
2022-12-29,593333.9564255085,433268.7913678465
2022-12-30,590643.9283084086,432127.6318763809
2023-01-03,585967.2974916461,430308.36911031965
2023-01-04,588617.3947418113,433630.54502138414
2023-01-05,583246.1317110364,428681.21697255026
2023-01-06,598101.9089191579,438511.82111685094
2023-01-09,592799.5053663724,438263.1988770455
2023-01-10,596516.6989380091,441336.6804211679
2023-01-11,600725.3571793459,446918.6355849811
2023-01-12,599279.2319234983,448545.8237863188
2023-01-13,602055.1625398146,450285.96308354725
2023-01-17,598879.8776543797,449461.11714957125
2023-01-18,593169.5580149323,442364.9970074477
2023-01-19,585727.8286090355,439144.5924861034
2023-01-20,593451.6979986236,447325.4326353155
2023-01-23,599466.909536587,452692.7013770861
2023-01-24,600088.2054375323,452206.8890486238
2023-01-25,600407.2496838132,452376.38781959645
2023-01-26,606758.0613464576,457348.147407908
2023-01-27,602994.9658547476,458398.967660802
2023-01-30,599152.3385492574,452647.5497895844
2023-01-31,605770.5360317968,459302.93706361076
2023-02-01,607669.8390326565,464184.3574133507
2023-02-02,609355.8418318445,470941.5160770973
2023-02-03,607155.7348520849,465935.82067102287
2023-02-06,605992.1923384068,463088.24131868186
2023-02-07,609587.4956119761,469144.8651683552
2023-02-08,602268.4923634146,464014.82257880975
2023-02-09,596734.164504748,459992.2200443769
2023-02-10,601203.5244859664,461065.6882181583
2023-02-13,609561.4525953467,466478.14461099886
2023-02-14,607793.3269650276,466263.4581889562
2023-02-15,610827.6709746273,467777.58710369834
2023-02-16,605920.1634209509,461336.9583788512
2023-02-17,605825.9501022511,460184.2946091004
2023-02-21,591667.2534002732,450952.59814342594
2023-02-22,589260.7166618408,450331.1146710489
2023-02-23,588410.8852679976,452726.6371948489
2023-02-24,583046.259519883,447890.5126868838
2023-02-27,584684.440791413,449415.9294985013
2023-02-28,584026.1534788619,447754.84154296905
2023-03-01,581074.7056512018,446037.31410305976
2023-03-02,583915.2575432003,449506.19660993636
2023-03-03,589969.2571769347,456715.41210222384
2023-03-06,587923.085441981,457031.76172328176
2023-03-07,580796.2926485831,450026.01688329806
2023-03-08,580239.8991710526,450760.48751513415
2023-03-09,570095.0744673788,442444.08441271214
2023-03-10,563759.4592098064,436059.8591086738
2023-03-13,558127.142851933,435438.37563629675
2023-03-14,566645.9010663602,442636.15897743567
2023-03-15,556208.527665606,439867.73915749573
2023-03-16,564979.1056857195,447585.3427719964
2023-03-17,555485.5636054435,442351.8338050211
2023-03-20,563977.4338530774,446605.3874307963
2023-03-21,571484.5108277183,452469.50395292655
2023-03-22,560886.395701843,444756.480411599
2023-03-23,561661.3882053073,445958.83977845625
2023-03-24,565147.3275262836,448885.1819639471
2023-03-27,568832.3507430621,449724.59757951304
2023-03-28,570053.1627271452,448715.10617588175
2023-03-29,577002.9875463028,455237.0943107957
2023-03-30,579188.2318839713,457902.6247703984
2023-03-31,587571.2288495969,464356.5970155136
2023-04-03,592551.9424516837,466126.09205733176
2023-04-04,580137.0779731594,463539.9735751082
2023-04-05,578364.4749786232,462326.32631137554
2023-04-06,575227.9467784349,464129.7571709565
2023-04-10,580739.1965010884,464606.12084452633
2023-04-11,584138.0675773771,464730.9007908169
2023-04-12,579229.9014771149,462836.66186627647
2023-04-13,586038.4610199564,468984.3822894555
2023-04-14,586241.9119601663,467838.75091552164
2023-04-17,583742.245976841,469517.510019517
2023-04-18,586819.9743750655,469823.79790502146
2023-04-19,582842.0605041753,469744.38592764235
2023-04-20,581310.632706667,467180.9514298745
2023-04-21,578237.2774003085,467543.8951811658
2023-04-24,580159.6868136498,468031.546751611
2023-04-25,568934.6279299023,460602.1992384688
2023-04-26,568254.3653118532,458651.2683845733
2023-04-27,570570.6498926197,467782.05898616655
2023-04-28,577298.9589693265,471774.6926953487
2023-05-01,578071.6864714009,471298.3290217789
2023-05-02,571688.0717380682,466001.27604747296
2023-05-03,566188.9381764131,462802.6539213771
2023-05-04,558153.3271376073,459524.65588147036
2023-05-05,567334.0432790222,468031.546751611
2023-05-08,568808.5843245813,468156.3988250381
2023-05-09,568148.4072185489,466103.33594573947
2023-05-10,569159.7286543321,468281.17877132865
2023-05-11,567758.2693818685,467464.519267355
2023-05-12,568011.2540227311,466851.94349634607
2023-05-15,569909.7428250554,468462.6867105426
2023-05-16,562622.3906753359,465332.1165378138
2023-05-17,570581.2975995142,470980.7893029673
2023-05-18,580672.9944947597,475517.8025755181
2023-05-19,578297.9908346692,474825.88695426664
2023-05-22,578403.2427881788,475018.75491749257
2023-05-23,570583.2675821476,469687.69399828726
2023-05-24,565264.0879706619,466284.8078213851
2023-05-25,563650.5060633346,470322.80949947867
2023-05-26,569631.3629458292,476413.8740568709
2023-05-30,568818.3518655557,476595.3819960848
2023-05-31,560968.2737471682,473952.46339380124
2023-06-01,567077.0759230795,478455.50478502095
2023-06-02,577955.1404380223,485374.5167432622
2023-06-05,575492.5977817506,484444.43731701
2023-06-06,581183.0815614297,485499.26062598446
2023-06-07,584034.152776313,483820.60971269396
2023-06-08,584954.8264443644,486747.0240253214
2023-06-09,584934.6108184003,487620.3393950819
2023-06-12,588342.341242576,492043.96880892245
2023-06-13,596773.1650541382,495288.0310310663
2023-06-14,596032.9228396206,495877.77856334636
2023-06-15,601447.9473316527,502025.571113662
2023-06-16,597651.3831966986,500315.5448959574
2023-06-20,592093.914181738,497719.7974409999
2023-06-21,593232.8406586734,495169.6703999318
2023-06-22,591196.1673701879,496957.01690805453
2023-06-23,587644.4705317696,493200.058617661
2023-06-26,589403.7716716217,491184.9706757739
2023-06-27,600150.7326768818,496569.9826931442
2023-06-28,601885.3199022666,496820.4802385008
2023-06-29,605345.5637059023,498778.58774248644
2023-06-30,613062.9839550625,504664.5227234334
2023-07-03,614610.2113596739,505245.14617293555
2023-07-05,608662.2578918805,504493.7617275705
2023-07-06,601375.4222480134,500543.2502661535
2023-07-07,601827.0339055904,499279.5107060631
2023-07-10,613143.7526664357,500543.2502661535
2023-07-11,617043.5616402669,503730.98119462514
2023-07-12,622089.6415888505,507783.87712642335
2023-07-13,625730.0049917029,511814.1972644707
2023-07-14,620924.4109630882,511495.3953207689
2023-07-17,628205.8548977135,513271.4178684479
2023-07-18,635771.3729707937,517085.3205331746
2023-07-19,632750.6521573048,518235.20740816696
2023-07-20,624534.3908170195,514796.9428707703
2023-07-21,624026.5612843551,514796.9428707703
2023-07-24,624352.2120325172,517096.68055718666
2023-07-25,631517.4735385174,518508.4610651159
2023-07-26,632354.0600822378,518588.12548747304
2023-07-27,624850.6363761157,515149.8970136447
2023-07-28,633792.9784577246,520193.35097572085
2023-07-31,637093.9960490839,521183.8368788623
2023-08-01,635811.9343786971,519692.39194857585
2023-08-02,626870.2618197047,512463.125112318
2023-08-03,626145.9790854834,510994.4362936239
2023-08-04,624500.8355119317,508683.3385831956
2023-08-07,632819.2036025587,513123.37692060904
2023-08-08,628465.2583591149,510891.97969610617
2023-08-09,628410.9975581425,507476.5433974384
2023-08-10,624576.923429858,507658.7365444499
2023-08-11,624155.593518427,507362.72677590867
2023-08-14,628368.6870678305,510163.3152987651
2023-08-15,620761.3691461986,504220.58019775816
2023-08-16,616098.8656608928,500520.4941545612
2023-08-17,610476.57216682,496706.62755340274
2023-08-18,611897.067106252,496945.65688404255
2023-08-21,614139.1141719455,500178.8279085622
2023-08-22,612102.141797702,498824.1720928076
2023-08-23,615127.893997619,504379.9090424725
2023-08-24,605367.0386308973,497389.5633461495
2023-08-25,611051.3466633232,500896.096218323
2023-08-28,615291.176690658,504072.46712278266
2023-08-29,623805.8658095432,511358.75046051026
2023-08-30,627212.4489705999,513464.9710394714
2023-08-31,626089.1950030829,512713.62265767466
2023-09-01,631137.9576874187,513669.9202980752
2023-09-05,625706.3040323417,511449.8830975843
2023-09-06,624675.0460683107,508011.7267508926
2023-09-07,621787.2001767938,506451.9413586927
2023-09-08,621479.590693961,507214.68582806975
2023-09-11,620462.3043847152,510550.49376794865
2023-09-12,620178.4262135628,507749.7609908191
2023-09-13,616019.7640819508,508341.8887186064
2023-09-14,622130.0256514862,512724.9466181183
2023-09-15,612829.2986884856,506547.43768753007
2023-09-18,614113.3408041493,506844.56542668835
2023-09-19,613555.8866064831,505793.4206016797
2023-09-20,606826.7049497556,501143.4922968065
2023-09-21,596290.2087521898,492860.44799505465
2023-09-22,598050.0984934509,491752.21454143967
2023-09-25,601645.1723032786,493820.09954730637
2023-09-26,592273.2070916531,486565.335768266
2023-09-27,597028.9649625798,486759.53808351874
2023-09-28,603942.8133187103,489581.4041116675
2023-09-29,599717.2295042112,488393.2537907173
2023-10-02,596096.8674400445,488199.0154118963
2023-10-03,588236.415360449,481663.9722652605
2023-10-04,587972.0388034143,485171.4427902096
2023-10-05,588314.0473447741,484988.5644354006
2023-10-06,593961.5922457026,490746.7983210254
2023-10-09,603771.902761953,493888.69245419785
2023-10-10,605163.2926103633,496459.2675384875
2023-10-11,606170.7101626352,498492.85609090846
2023-10-12,603461.3600573314,495453.8873816415
2023-10-13,603306.8458449652,492986.0574034159
2023-10-16,608389.3943218517,498172.9722401579
2023-10-17,612319.8000385045,498150.144001429
2023-10-18,605690.3230747302,491512.1754308877
2023-10-19,601866.3069436771,487193.59919148195
2023-10-20,594869.3684938601,481206.97472786356
2023-10-23,591912.1975979399,480372.9325839731
2023-10-24,595951.7329565816,483994.61642970314
2023-10-25,592393.0049639061,477048.3043502648
2023-10-26,593629.5177688281,471335.8351328026
2023-10-27,589693.7996820076,469199.32115647616
2023-10-30,593696.7516077004,474808.9731407377
2023-10-31,599012.0251115491,477790.92534853483
2023-11-01,605694.6330709856,482886.3469125199
2023-11-02,616614.7099076243,492140.65523551346
2023-11-03,619730.7870677367,496630.6416150114
2023-11-06,617477.9067856792,497773.09939493553
2023-11-07,612729.6555542671,499189.7845481525
2023-11-08,611118.584407129,499555.43306706566
2023-11-09,609023.8062114848,495659.5579116111
2023-11-10,617441.807205906,503394.21959391393
2023-11-13,618433.6393095441,502914.2856270832
2023-11-14,627570.3982309448,512671.2840284998
2023-11-15,627594.2649379527,513756.6531798176
2023-11-16,623763.4253084799,514385.02479373844
2023-11-17,627857.8502254569,515024.82855880784
2023-11-20,630845.1510220332,518989.26055758557
2023-11-21,629868.4198511752,517858.16280167346
2023-11-22,632438.931929188,519857.49096421694
2023-11-24,634199.0762712139,520177.4469421041
2023-11-27,632953.4488622866,519240.587565013
2023-11-28,630260.2484129767,519754.63766744797
2023-11-29,630390.5120188568,519389.09733923967
2023-11-30,635607.5593314487,521434.15410637745
2023-12-01,639646.0704863315,524518.887483807
2023-12-04,634728.98469828,521765.5061718449
2023-12-05,629884.7765178944,521662.7250022125
2023-12-06,624374.7044124204,519560.4353521952
2023-12-07,627438.036683185,523524.9034145413
2023-12-08,629655.7394441654,525775.7389023536
2023-12-11,636285.3349909523,527820.6874787865
2023-12-12,634767.2422599356,530231.4288284058
2023-12-13,646966.8706935439,537543.353363189
2023-12-14,656634.4439954879,539268.5262795762
2023-12-15,656407.396067779,538380.6412282258
2023-12-18,659468.920052767,541409.0433119831
2023-12-19,664469.6242322661,544701.2503977969
2023-12-20,652985.6355613245,537153.2537449738
2023-12-21,659072.2936160025,542246.4393677247
2023-12-22,660247.7393339481,543336.2443379425
2023-12-26,665054.3459977047,545630.4282348418
2023-12-27,664023.7247789841,546616.9832090394
2023-12-28,660856.211204784,546823.4471375115
2023-12-29,659103.180940136,545240.4007437632
2024-01-02,655974.1121741174,542189.0982941404
2024-01-03,653220.0199186387,537761.1412521048
2024-01-04,650246.7003016936,536029.0080670372
2024-01-05,651980.7518755589,536763.1901903269
2024-01-08,656612.0380338695,544425.9771810236
2024-01-09,651272.1916361245,543600.0854035672
2024-01-10,653057.8037572134,546674.360346192
2024-01-11,654449.2129319937,546433.4917735694
2024-01-12,654221.6278169773,546812.0149863629
2024-01-16,648531.0766584714,544804.5003938171
2024-01-17,645106.052366627,541776.134373628
2024-01-18,648580.2635087125,546594.0107160374
2024-01-19,659956.3318158828,553408.0055634121
2024-01-22,664661.7377185223,554578.0159095115
2024-01-23,661330.4423923921,556195.4669474103
2024-01-24,663142.2672529271,556803.4265816777
2024-01-25,668080.750106027,559831.8647290035
2024-01-26,668345.4709519411,559120.6911622841
2024-01-29,673535.5414214407,563548.5400136148
2024-01-30,680010.1342721812,563112.6757272369
2024-01-31,667982.771813865,553924.1473528082
2024-02-01,670275.836661369,561174.0064865607
2024-02-02,670527.9037539101,567081.6877991878
2024-02-05,669425.7143469959,565016.9042601943
2024-02-06,668481.7941050174,566657.2917275268
2024-02-07,675989.1837769062,571383.4223522012
2024-02-08,679170.3551080445,571635.795203109
2024-02-09,682697.1520862298,574939.5786943446
2024-02-12,688708.0413781134,574687.1337163001
2024-02-13,676865.5902221937,566771.901747559
2024-02-14,686456.945511202,571922.6087617357
2024-02-15,695750.3372694302,575868.7204678212
2024-02-16,694303.8948700521,573000.8733901001
2024-02-20,689152.9892829973,569846.3209444571
2024-02-21,692878.9398241045,570362.5348609895
2024-02-22,703369.3203408495,582166.4292715269
2024-02-23,701248.4410607974,582567.9249773223
2024-02-26,704108.6151596564,580434.2239593227
2024-02-27,705550.364628983,581512.5246512552
2024-02-28,704304.7425262082,580743.9378838149
2024-02-29,708682.4971612548,582831.6939158104
2024-03-01,716293.1398463787,588303.5109420597
2024-03-04,716632.5327581752,587672.5427512219
2024-03-05,713842.2596981459,581799.3021463137
2024-03-06,716657.6979240058,584747.4627906212
2024-03-07,723039.1349533623,590551.9301707965
2024-03-08,719790.8962375225,587007.2781069382
2024-03-11,718866.3161416387,586502.4963415543
2024-03-12,723740.8062043866,592811.81761425
2024-03-13,728511.6091699093,591882.6037136369
2024-03-14,722750.27214273,590712.4491132644
2024-03-15,724767.0003127138,586656.3435238883
2024-03-18,729259.0846163188,590142.9332427962
2024-03-19,734298.5094909071,593422.3738254346
2024-03-20,744205.0321382592,598911.1767923494
2024-03-21,753436.4630260399,600890.4536109224
2024-03-22,747600.1201427064,599751.2054885763
2024-03-25,748159.1486096955,598094.1927162611
2024-03-26,746027.7922310203,596989.5656194753
2024-03-27,757288.1186058348,602006.5128588568
2024-03-28,762479.7126111655,601891.4700760052
2024-04-01,758106.2018556086,600844.4004342136
2024-04-02,752659.598644174,597024.1145178991
2024-04-03,756982.3642449934,597679.8944437219
2024-04-04,744873.5654118536,590384.5952139213
2024-04-05,753615.3614482094,596552.2227267976
2024-04-08,756477.8108243058,596885.9549877723
2024-04-09,751922.0938843159,597576.3920027238
2024-04-10,741540.9085791823,591592.7247517053
2024-04-11,743791.4677668762,596057.5387605353
2024-04-12,734865.417974468,587830.1044810899
2024-04-15,731243.1713643355,580465.6713908734
2024-04-16,729436.2261106215,579406.9892800917
2024-04-17,724710.017374085,575977.9570161778
2024-04-18,723785.4443768635,574792.7278442594
2024-04-19,722718.5850834779,569775.7806048777
2024-04-22,729644.7713949605,575022.8855370992
2024-04-23,738563.9373475186,581846.4372300714
2024-04-24,734718.5053276696,581570.2263605226
2024-04-25,738645.3548899776,579360.9361033827
2024-04-26,743423.1685740186,584849.7751338658
2024-04-29,746831.0959448593,586920.9779880154
2024-04-30,734605.1448963733,577623.4294466396
2024-05-01,731279.6514121544,575747.8353869062
2024-05-02,737063.5946267844,581132.9916585496
2024-05-03,746269.2288591051,588336.3648527738
2024-05-06,754866.5665093748,594411.9581393687
2024-05-07,755180.0779806277,595067.9905101695
2024-05-08,759150.0287189082,595125.4037108904
2024-05-09,762982.2874879175,598554.3638476678
2024-05-10,762904.128741575,599325.5471920251
2024-05-13,759860.9580623604,599405.9689493164
2024-05-14,762899.5572132227,602156.1766672689
2024-05-15,770059.0370926604,609612.7161109033
2024-05-16,766276.0068320635,608358.2809514323
2024-05-17,768880.4774702839,609232.8224825148
2024-05-20,767466.4673273818,609934.7637757513
2024-05-21,771270.1111945304,611430.680588506
2024-05-22,765603.5037755282,609670.1293116242
2024-05-23,762263.6395847294,605216.8556446476
2024-05-24,770343.348287188,609221.2821406613
2024-05-28,768923.3779462123,609647.1207550539
2024-05-29,762036.2502747128,605378.1319220497
2024-05-30,765621.9991981365,601362.201147751
2024-05-31,771949.9646293235,606839.427709244
2024-06-03,764514.1108406262,607334.2198662111
2024-06-04,759503.3306140339,608013.2247300139
2024-06-05,769145.7472014718,615239.3540358304
2024-06-06,766486.6202376441,615227.9579482501
2024-06-07,764194.7968086769,614480.0716690094
2024-06-10,763680.8844403184,616378.6021581765
2024-06-11,759390.6717693938,617863.1228833508
2024-06-12,768364.6194799624,622937.5554505899
2024-06-13,769700.5166402103,624191.8463557877
2024-06-14,767032.7045294255,624571.6678570396
2024-06-17,776554.9578058657,629542.5979832805
2024-06-18,783556.3468647606,631141.9451098967
2024-06-20,778500.7656247109,629427.4830732922
2024-06-21,776216.0245330505,628583.595575258
2024-06-24,774949.1229398948,626540.3059229666
2024-06-25,773365.5718966742,628953.1028959785
2024-06-26,773451.652841526,629738.13465056
2024-06-27,772042.4950315859,630730.8204313673
2024-06-28,777372.9512201448,628248.8535343711
2024-07-01,773283.2784886826,629541.8767119147
2024-07-02,776544.6167768006,633778.408333456
2024-07-03,777703.1686097166,636606.8018674656
2024-07-05,772094.2138917309,640277.7124839143
2024-07-08,773257.65998981,641016.6549982186
2024-07-09,775138.0519994255,641639.9777125785
2024-07-10,783131.8863146331,647989.1852918053
2024-07-11,781796.91207147,642401.7124020434
2024-07-12,782655.8800304603,646453.8149353391
2024-07-15,788500.8984649567,648231.6045978646
2024-07-16,799211.0462577881,652075.6924692517
2024-07-17,789269.2429249873,642932.7845087122
2024-07-18,788410.0388407231,637991.931398427
2024-07-19,779099.4138091522,633755.2555226125
2024-07-22,790738.9711884761,640289.2528257677
2024-07-23,787659.8214499617,639285.026703107
2024-07-24,770983.5538741815,624797.1372860016
2024-07-25,769156.0794926456,621541.8232305506
2024-07-26,778898.0608701666,628502.8853094204
2024-07-29,777461.0804102925,628872.2483758677
2024-07-30,778984.4738069737,625685.9599901277
2024-07-31,787508.1113005374,635856.3190113079
2024-08-01,767423.1308160345,626851.9672801465
2024-08-02,743763.8754545575,615181.0031823338
2024-08-05,726873.5083923368,597264.7306455438
2024-08-06,739456.6225887837,602771.2047609217
2024-08-07,734002.2184408054,598742.327165606
2024-08-08,751416.2972601561,612583.7049939397
2024-08-09,755217.2915955613,615284.9383861516
2024-08-12,754069.8628656397,615608.2122123216
2024-08-13,758026.3670425615,625732.1934846782
2024-08-14,763492.4926692701,627706.2410858489
2024-08-15,776441.5074979055,638465.229668692
2024-08-16,778617.1766804243,639896.6648213404
2024-08-19,788329.1893416191,646015.1376906346
2024-08-20,781672.6925343887,644964.5338191503
2024-08-21,784607.56056466,647181.0007263803
2024-08-22,783460.9524336732,642101.6635138534
2024-08-23,795342.0380186592,648924.2414904818
2024-08-26,794437.4918839021,647377.2586650256
2024-08-27,797867.1635755793,648266.2256234249
2024-08-28,796839.0189262703,644502.920145012
2024-08-29,799772.6261010555,644560.5497271427
2024-08-30,806404.0539962491,650713.5714948606
2024-09-03,785918.2131713958,637322.5194437898
2024-09-04,782490.6772472286,636018.1001786661
2024-09-05,779180.4656597342,634471.1173532099
2024-09-06,765090.9492533191,623792.7669090678
2024-09-09,773746.6486307607,630776.9817987811
2024-09-10,768020.10229252,633524.4486855433
2024-09-11,771257.6936244367,640023.7528360016
2024-09-12,774129.9606033334,645414.8956599815
2024-09-13,780872.7548531058,648785.6852611037
2024-09-16,787167.3475789713,649743.8221434872
2024-09-17,793058.9504785786,650009.3221332533
2024-09-18,788332.6958088834,648081.508026633
2024-09-19,804042.8516148714,659140.6176248026
2024-09-20,800613.1489823182,658001.2252481834
2024-09-23,802537.2308449394,658011.4673015783
2024-09-24,804262.0351144904,659894.27407497
2024-09-25,799100.5739989709,658438.8205858392
2024-09-26,800909.0768146962,661049.4622945014
2024-09-27,802099.6733087336,660090.6762678886
2024-09-30,804989.9878741124,662735.8668749746
2024-10-01,800128.9770247529,656798.865881326
2024-10-02,804443.9308406862,657075.9062129457
2024-10-03,804669.8438970872,655874.7008802737
2024-10-04,810679.0370870644,661834.8546847658
2024-10-07,800850.3341826056,655851.5480694303
2024-10-08,801129.7787932988,662054.3375613913
2024-10-09,806407.8804200301,666639.8923968632
2024-10-10,805299.1631899866,665473.235962615
2024-10-11,817075.4808740702,669458.3323860242
2024-10-14,822525.5919315636,674933.3590698513
2024-10-15,823334.6980036639,669689.4277316397
2024-10-16,831303.6981378644,672600.1904556283
2024-10-17,834121.8358681998,672657.8921648957
2024-10-18,838703.2645373615,675245.2368084411
2024-10-21,828310.7625397174,674136.4263377335
2024-10-22,826465.47912256,673778.3872317299
2024-10-23,827599.6204528431,667621.8312343194
2024-10-24,828207.8411688092,669065.528000187
2024-10-25,819631.2582448506,668834.5047817081
2024-10-28,827606.7930253712,670902.173406165
2024-10-29,820465.4117033402,671988.0474474389
2024-10-30,822729.4377157281,669954.9998485424
2024-10-31,821841.7807158891,656821.9465650329
2024-11-01,812300.5995412909,659593.8645510973
2024-11-04,814552.714007664,658173.2484689364
2024-11-05,826093.4576635584,666131.756719628
2024-11-06,850221.2133152641,682695.3930004878
2024-11-07,847652.1583690117,687974.2338728063
2024-11-08,858021.180955106,690954.3107750523
2024-11-11,865819.6851267854,691612.7594049287
2024-11-12,860776.9879670908,689464.3083874976
2024-11-13,860160.8275219842,689799.1946826576
2024-11-14,859006.1809733609,685363.7364184173
2024-11-15,864557.549607387,676585.0704976277
2024-11-18,869149.6978385296,679357.3491193749
2024-11-19,871005.7045615459,681840.686431966
2024-11-20,872214.5118582809,682071.8539047182
2024-11-21,882171.1907234992,685733.3879934109
2024-11-22,887525.6571172887,687858.6861999985
2024-11-25,890099.1436938818,690191.9990684948
2024-11-26,894524.5624618023,693795.8314479202
2024-11-27,896403.8169000089,691693.5417979029
2024-11-29,896810.579000571,695990.3717056286
2024-12-02,886415.4862756134,697237.8105328509
2024-12-03,883135.6385898383,697561.3728675672
2024-12-04,880014.4786608622,701892.8238008533
2024-12-05,882749.1464454888,700737.8519627318
2024-12-06,879680.5145959731,702066.145310065
2024-12-09,865955.336401685,698450.7004616495
2024-12-10,861033.1198601477,696279.1687605114
2024-12-11,860557.9964512158,701661.872709511
2024-12-12,857407.6262813003,698046.4278610955
2024-12-13,856917.2746875365,697907.8716317174
2024-12-16,855251.1063960753,700887.8764068268
2024-12-17,847622.8103074799,698000.2664936816
2024-12-18,818273.3500717604,677197.4298872269
2024-12-19,812616.9208675084,676989.4152253183
2024-12-20,826870.0583996621,685120.7400952654
2024-12-23,828190.7162390173,689223.5480055799
2024-12-24,836392.8595314081,696884.171182179
2024-12-26,834643.398702718,696930.476803866
2024-12-27,828600.5511038492,689594.2814876222
2024-12-30,825303.361601194,681724.9223777485
2024-12-31,826408.9272518416,679244.8307863036
2025-01-02,826369.541509097,677575.8809728838
2025-01-03,835252.2094263842,686047.8623089177
2025-01-06,832753.7833800649,689999.9966309079
2025-01-07,831131.2029231689,682200.1680807013
2025-01-08,832395.2725997708,683196.748726884
2025-01-10,818745.1740216273,672766.0828697718
2025-01-13,830086.2140971478,673809.1855190513
2025-01-14,838986.3998454583,674736.4519869768
2025-01-15,850955.0753868028,687009.8940566767
2025-01-16,857339.649653109,685688.5249144556
2025-01-17,859670.3844569047,692572.8437199999
2025-01-21,868409.9530919625,698912.2420086513
2025-01-22,865483.2758931622,702841.2956469344
2025-01-23,869245.1217727412,706677.4495332973
2025-01-24,867553.7430689345,704614.3249184453
2025-01-27,859884.1113772,694647.2922952957
2025-01-28,859027.25789096,700616.0292290413
2025-01-29,861398.7554831575,697475.2530664859
2025-01-30,870023.0853675212,701218.579328065
2025-01-31,855672.2256441966,697486.7934083393
2025-02-03,855308.1278454015,692793.1199951278
2025-02-04,858244.5749369613,697440.4156595157
2025-02-05,863280.7233657895,700268.2321764326
2025-02-06,859148.2759115207,702702.1624004637
2025-02-07,854778.2144497854,696269.9364870286
2025-02-10,853635.047134995,700998.5194343468
2025-02-11,854091.1326868944,701531.61110084
2025-02-12,846205.3946577414,699271.5794031133
2025-02-13,855288.7768218714,706654.2967224539
2025-02-14,855418.1772669605,706619.3871883472
2025-02-18,861143.4240197974,708693.9078907795
2025-02-19,861666.2168619639,710362.8577041995
2025-02-20,852865.6839417503,707407.5925369384
2025-02-21,841827.3975082128,695308.1211206794
2025-02-24,842417.4587661729,692144.0478930073
2025-02-25,843375.3137777903,688701.8524266669
2025-02-26,843175.5542803783,689049.5773521389
2025-02-27,841924.0385716658,678051.1266758365
2025-02-28,857629.5361448175,688632.3218669997
2025-03-03,854799.7736453079,676567.5436034377
2025-03-04,836268.7252101506,668559.12337423
2025-03-05,837078.4967972849,675744.6451021496
2025-03-06,818897.6604027746,663749.4695253912
2025-03-07,818554.3300386063,667469.7151032634
2025-03-10,811060.7815108687,649691.2414609173
2025-03-11,810142.2353937803,644290.5057277717
2025-03-12,811909.7573269665,647709.4041289955
2025-03-13,806117.9901665191,639075.0646085107
2025-03-14,824322.2324305269,652275.7010189994
2025-03-17,833469.0466439794,657305.7032701026
2025-03-18,829384.1347811191,650201.2524437036
2025-03-19,838517.6978332663,657282.406204986
2025-03-20,836919.8748135588,655381.784028858
2025-03-21,833561.1124825735,655597.8769300639
2025-03-24,847487.8723287068,667338.66009609
2025-03-25,847297.3308752374,668942.911867994
2025-03-26,845668.100632433,660956.8510511273
2025-03-27,843903.4222851596,659201.5650552162
2025-03-28,834405.0271807915,645926.4213126361
2025-03-31,846057.4854886684,650262.2720012538
2025-04-01,845477.1914225699,652099.0616615049
2025-04-02,851848.3221120901,656225.6715268921
2025-04-03,815345.5596158771,623886.387932354
2025-04-04,767206.7152414828,587362.2157460687
2025-04-07,758612.2817951816,586316.011629916
2025-04-08,753088.5867129356,577132.6764093213
2025-04-09,793510.0130648521,637742.8042686655
2025-04-10,779546.7718874665,609797.5058348319
2025-04-11,787977.3171288059,620677.9565156826
2025-04-14,797679.4386870528,626699.3462591346
2025-04-15,801814.048307602,624944.0602632235
2025-04-16,793671.5582619559,611052.7343928053
2025-04-17,795495.8110334706,611924.7514741071
2025-04-21,781772.2637733148,597359.2893216055
2025-04-22,804896.0102454713,612901.208649183
2025-04-23,810448.9999292233,622398.4051046236
2025-04-24,812398.7324707353,635499.2175580799
2025-04-25,810112.7256720058,640090.9032001614
2025-04-28,814214.2419212809,640334.9093032255
2025-04-29,824658.7060545548,644368.7636709654
2025-04-30,828165.2549885894,644624.4543701562
2025-05-01,826588.9537276605,649192.7708199845
2025-05-02,840157.6853934104,658829.5332847154
2025-05-05,840925.3111819392,655051.6581247124
2025-05-06,839784.1545127657,649576.4150594753
2025-05-07,844402.3471705873,652308.2303575989
2025-05-08,842684.2375004695,656853.3218694471
2025-05-09,844912.3950285156,656016.4307036615
2025-05-12,846212.4344956118,677696.0447824328
2025-05-13,843809.6340715486,682171.5336074774
2025-05-14,840349.3413635198,683043.4064345062
2025-05-15,848739.5037655632,686379.575010068
2025-05-16,858773.0370089853,690727.1824219489
2025-05-19,861192.9298615603,691482.7141776675
2025-05-20,857781.5428476941,689157.768057015
2025-05-21,847082.5175379274,677544.9384312892
2025-05-22,843739.4006686541,677812.3858537431
2025-05-23,845372.3682600942,673185.7906775548
2025-05-27,857085.1495044219,687181.7730231566
2025-05-28,850859.9631156169,683206.0531275034
2025-05-29,854624.314800999,685902.9588915202
2025-05-30,860750.1055448459,685135.8146668115
2025-06-02,862743.3644637471,688995.121364018
2025-06-03,862425.1276714399,692924.1750023011
2025-06-04,856120.9550499725,692738.2312441873
2025-06-05,855885.7726272312,689390.3059453623
2025-06-06,861967.7769530732,696469.7286553667
2025-06-09,855978.4604572679,697097.3789979216
2025-06-10,854188.3949804093,701049.7297013216
2025-06-11,854824.8072313531,699050.2933480733
2025-06-12,859400.057550702,701828.5585221569
2025-06-13,848901.8135496972,693982.0637145804
2025-06-16,852415.274697841,700584.7260517637
2025-06-17,848991.8876873807,694598.1015881454
2025-06-18,853090.6964272162,694493.4451129618
2025-06-20,855608.7102358536,692862.3620462485
2025-06-23,866357.9743278159,699706.1454010326
2025-06-24,869097.4825593217,707436.0827558892
2025-06-25,862361.9587993989,707832.4213714189
2025-06-26,867794.399186015,713370.4150454841
2025-06-27,871564.3190746363,716914.5982829544
2025-06-30,879506.028595549,720342.2961948415
2025-07-01,881358.2637809189,720109.2534165382
2025-07-02,879625.2778594996,723373.6554911988
2025-07-03,887201.0643848386,729074.8007482173
2025-07-07,884103.8561939884,723641.8241850185
2025-07-08,878755.0445028588,723245.4855694888
2025-07-09,876922.6276791112,727582.4181651552
2025-07-10,883686.3752276684,729634.4352009734
2025-07-11,879417.5078118775,727069.449969769
2025-07-14,887374.9964873152,728456.8875691011
2025-07-15,875282.6741588482,725344.0246084038
2025-07-16,881480.6339293645,727769.0110674984
2025-07-17,887757.0194472813,732222.6453701579
2025-07-18,892190.9966302451,731686.380109655
2025-07-21,891288.4151091288,733073.817708987
2025-07-22,902717.4300434152,733178.6905655804
2025-07-23,903661.754621528,739416.3174645115
2025-07-24,906457.039814002,739661.0448389414
2025-07-25,912238.6566752814,742785.664522902
2025-07-28,899995.1474308344,742599.0716205589
2025-07-29,909443.5673546713,740640.4592266172
2025-07-30,904677.5588490053,739707.7110963113
2025-07-31,901491.7899866893,736932.9080247837
2025-08-01,894188.1780931955,724854.2813509976
2025-08-04,905403.6733843375,735871.8457184948
2025-08-05,905252.6350286024,732141.0695786813
2025-08-06,909519.4683550772,737748.9544480965
2025-08-07,906989.7619273538,737131.0412689804
2025-08-08,910311.0159835583,742878.8527833687
2025-08-11,909775.446408481,741409.83939256
2025-08-12,914715.4088086534,749302.9283303698
2025-08-13,917925.8818965362,751867.8414344375
2025-08-14,917387.3830257582,751937.8768840608
2025-08-15,910500.4091337273,750177.3977343156
2025-08-18,909042.2398641116,750014.0297699526
2025-08-19,915487.2287530297,745945.2658681059
2025-08-20,923006.6893859056,743963.1400276377
2025-08-21,917348.2779971034,740978.519115787
2025-08-22,927618.08819015,752357.5125647072
2025-08-25,923245.3168797626,749046.4442326766
2025-08-26,924964.0798308305,752182.6042584907
2025-08-27,928485.4636982605,753896.4892780025
2025-08-28,926371.7869355886,756566.3473658002
2025-08-29,927229.0721207507,752054.4343367807
2025-09-02,921751.5079631311,746481.4590014722
2025-09-03,923434.9891592122,750526.9979653389
2025-09-04,930802.432807578,756799.5343983767
2025-09-05,919170.0984026041,754607.6628447219
2025-09-08,920786.435826712,756461.474509207
2025-09-09,921126.7358461122,758210.2690628255
2025-09-10,918652.931103977,760402.2127436168
2025-09-11,929757.9973853439,766721.1990526149
2025-09-12,927784.5640836004,766464.6428277851
2025-09-15,922498.7881074308,770545.3077071682
2025-09-16,917895.5387700975,769484.461782289
2025-09-17,922598.6702093984,768528.4165868665
2025-09-18,925989.6171194104,772119.3382088434
2025-09-19,928292.8163181582,775943.5189905333
2025-09-22,925108.5821983995,779614.5738612552
2025-09-23,929389.7917146534,775370.6852717822
2025-09-24,928338.331689907,772903.7929463323
2025-09-25,928501.2017958262,769337.9715678866
2025-09-26,936929.6868880907,773745.5887574055
2025-09-29,937302.8780938977,775920.1497982801
2025-09-30,938210.4827769793,778842.8134998052
2025-10-01,926203.4552152711,781496.8757446909
2025-10-02,922692.2710779094,782396.9502821241
