fecha,metric,division,n_eligible,n_signal,n_return,n_pairs,ic,status
2011-07-02,pe,A,0,0,0,0,,insufficient_pairs
2011-07-02,pe,B,13,10,13,10,,insufficient_pairs
2011-07-02,pe,C,2,2,2,2,,insufficient_pairs
2011-07-02,pe,D,100,92,100,92,0.0957107408720312,estimable
2011-07-02,pe,E,33,31,33,31,-0.1028225806451613,estimable
2011-07-02,pe,F,7,7,7,7,,insufficient_pairs
2011-07-02,pe,G,19,19,19,19,,insufficient_pairs
2011-07-02,pe,H,30,30,30,30,0.19777530589543937,estimable
2011-07-02,pe,I,30,29,30,29,,insufficient_pairs
2011-07-02,pe,J,0,0,0,0,,insufficient_pairs
2011-07-02,pb,A,0,0,0,0,,insufficient_pairs
2011-07-02,pb,B,13,13,13,13,,insufficient_pairs
2011-07-02,pb,C,2,2,2,2,,insufficient_pairs
2011-07-02,pb,D,100,100,100,100,-0.318007800780078,estimable
2011-07-02,pb,E,33,33,33,33,0.042112299465240643,estimable
2011-07-02,pb,F,7,7,7,7,,insufficient_pairs
2011-07-02,pb,G,19,19,19,19,,insufficient_pairs
2011-07-02,pb,H,30,29,30,29,,insufficient_pairs
2011-07-02,pb,I,30,29,30,29,,insufficient_pairs
2011-07-02,pb,J,0,0,0,0,,insufficient_pairs
2011-07-02,ev_ebitda,A,0,0,0,0,,insufficient_pairs
2011-07-02,ev_ebitda,B,13,9,13,9,,insufficient_pairs
2011-07-02,ev_ebitda,C,2,1,2,1,,insufficient_pairs
2011-07-02,ev_ebitda,D,100,60,100,60,0.04595721033620451,estimable
2011-07-02,ev_ebitda,E,33,29,33,29,,insufficient_pairs
2011-07-02,ev_ebitda,F,7,4,7,4,,insufficient_pairs
2011-07-02,ev_ebitda,G,19,14,19,14,,insufficient_pairs
2011-07-02,ev_ebitda,H,30,12,30,12,,insufficient_pairs
2011-07-02,ev_ebitda,I,30,20,30,20,,insufficient_pairs
2011-07-02,ev_ebitda,J,0,0,0,0,,insufficient_pairs
2011-07-02,roic,A,0,0,0,0,,insufficient_pairs
2011-07-02,roic,B,13,11,13,11,,insufficient_pairs
2011-07-02,roic,C,2,2,2,2,,insufficient_pairs
2011-07-02,roic,D,100,83,100,83,0.33898660845472484,estimable
2011-07-02,roic,E,33,28,33,28,,insufficient_pairs
2011-07-02,roic,F,7,6,7,6,,insufficient_pairs
2011-07-02,roic,G,19,15,19,15,,insufficient_pairs
2011-07-02,roic,H,30,26,30,26,,insufficient_pairs
2011-07-02,roic,I,30,14,30,14,,insufficient_pairs
2011-07-02,roic,J,0,0,0,0,,insufficient_pairs
2011-07-02,operating_margin,A,0,0,0,0,,insufficient_pairs
2011-07-02,operating_margin,B,13,8,13,8,,insufficient_pairs
2011-07-02,operating_margin,C,2,1,2,1,,insufficient_pairs
2011-07-02,operating_margin,D,100,72,100,72,0.4084507042253522,estimable
2011-07-02,operating_margin,E,33,31,33,31,0.020161290322580648,estimable
2011-07-02,operating_margin,F,7,7,7,7,,insufficient_pairs
2011-07-02,operating_margin,G,19,17,19,17,,insufficient_pairs
2011-07-02,operating_margin,H,30,15,30,15,,insufficient_pairs
2011-07-02,operating_margin,I,30,26,30,26,,insufficient_pairs
2011-07-02,operating_margin,J,0,0,0,0,,insufficient_pairs
2011-07-02,revenue_cagr_3y,A,0,0,0,0,,insufficient_pairs
2011-07-02,revenue_cagr_3y,B,13,12,13,12,,insufficient_pairs
2011-07-02,revenue_cagr_3y,C,2,2,2,2,,insufficient_pairs
2011-07-02,revenue_cagr_3y,D,100,79,100,79,0.09474196689386565,estimable
2011-07-02,revenue_cagr_3y,E,33,24,33,24,,insufficient_pairs
2011-07-02,revenue_cagr_3y,F,7,4,7,4,,insufficient_pairs
2011-07-02,revenue_cagr_3y,G,19,15,19,15,,insufficient_pairs
2011-07-02,revenue_cagr_3y,H,30,20,30,20,,insufficient_pairs
2011-07-02,revenue_cagr_3y,I,30,22,30,22,,insufficient_pairs
2011-07-02,revenue_cagr_3y,J,0,0,0,0,,insufficient_pairs
2011-07-02,fcf_cagr_3y,A,0,0,0,0,,insufficient_pairs
2011-07-02,fcf_cagr_3y,B,13,3,13,3,,insufficient_pairs
2011-07-02,fcf_cagr_3y,C,2,2,2,2,,insufficient_pairs
2011-07-02,fcf_cagr_3y,D,100,61,100,61,0.10015864621893177,estimable
2011-07-02,fcf_cagr_3y,E,33,13,33,13,,insufficient_pairs
2011-07-02,fcf_cagr_3y,F,7,3,7,3,,insufficient_pairs
2011-07-02,fcf_cagr_3y,G,19,13,19,13,,insufficient_pairs
2011-07-02,fcf_cagr_3y,H,30,18,30,18,,insufficient_pairs
2011-07-02,fcf_cagr_3y,I,30,21,30,21,,insufficient_pairs
2011-07-02,fcf_cagr_3y,J,0,0,0,0,,insufficient_pairs
2011-07-02,momentum_12m,A,0,0,0,0,,insufficient_pairs
2011-07-02,momentum_12m,B,13,13,13,13,,insufficient_pairs
2011-07-02,momentum_12m,C,2,2,2,2,,insufficient_pairs
2011-07-02,momentum_12m,D,100,100,100,100,-0.26059405940594055,estimable
2011-07-02,momentum_12m,E,33,33,33,33,-0.29913101604278075,estimable
2011-07-02,momentum_12m,F,7,7,7,7,,insufficient_pairs
2011-07-02,momentum_12m,G,19,19,19,19,,insufficient_pairs
2011-07-02,momentum_12m,H,30,30,30,30,0.27519466073414905,estimable
2011-07-02,momentum_12m,I,30,30,30,30,-0.17775305895439378,estimable
2011-07-02,momentum_12m,J,0,0,0,0,,insufficient_pairs
2011-07-02,rel_strength_6m,A,0,0,0,0,,insufficient_pairs
2011-07-02,rel_strength_6m,B,13,13,13,13,,insufficient_pairs
2011-07-02,rel_strength_6m,C,2,2,2,2,,insufficient_pairs
2011-07-02,rel_strength_6m,D,100,100,100,100,0.11205520552055204,estimable
2011-07-02,rel_strength_6m,E,33,33,33,33,-0.022727272727272728,estimable
2011-07-02,rel_strength_6m,F,7,7,7,7,,insufficient_pairs
2011-07-02,rel_strength_6m,G,19,19,19,19,,insufficient_pairs
2011-07-02,rel_strength_6m,H,30,30,30,30,0.5163515016685205,estimable
2011-07-02,rel_strength_6m,I,30,30,30,30,-0.06785317018909899,estimable
2011-07-02,rel_strength_6m,J,0,0,0,0,,insufficient_pairs
2011-07-02,price_vs_sma200,A,0,0,0,0,,insufficient_pairs
2011-07-02,price_vs_sma200,B,13,13,13,13,,insufficient_pairs
2011-07-02,price_vs_sma200,C,2,2,2,2,,insufficient_pairs
2011-07-02,price_vs_sma200,D,100,100,100,100,0.06337833783378337,estimable
2011-07-02,price_vs_sma200,E,33,33,33,33,-0.08689839572192513,estimable
2011-07-02,price_vs_sma200,F,7,7,7,7,,insufficient_pairs
2011-07-02,price_vs_sma200,G,19,19,19,19,,insufficient_pairs
2011-07-02,price_vs_sma200,H,30,30,30,30,0.5203559510567297,estimable
2011-07-02,price_vs_sma200,I,30,30,30,30,-0.033592880978865404,estimable
2011-07-02,price_vs_sma200,J,0,0,0,0,,insufficient_pairs
2011-07-02,debt_to_equity,A,0,0,0,0,,insufficient_pairs
2011-07-02,debt_to_equity,B,13,12,13,12,,insufficient_pairs
2011-07-02,debt_to_equity,C,2,2,2,2,,insufficient_pairs
2011-07-02,debt_to_equity,D,100,90,100,90,-0.07381158167675021,estimable
2011-07-02,debt_to_equity,E,33,29,33,29,,insufficient_pairs
2011-07-02,debt_to_equity,F,7,6,7,6,,insufficient_pairs
2011-07-02,debt_to_equity,G,19,15,19,15,,insufficient_pairs
2011-07-02,debt_to_equity,H,30,26,30,26,,insufficient_pairs
2011-07-02,debt_to_equity,I,30,14,30,14,,insufficient_pairs
2011-07-02,debt_to_equity,J,0,0,0,0,,insufficient_pairs
2011-07-02,volatility,A,0,0,0,0,,insufficient_pairs
2011-07-02,volatility,B,13,13,13,13,,insufficient_pairs
2011-07-02,volatility,C,2,2,2,2,,insufficient_pairs
2011-07-02,volatility,D,100,100,100,100,0.6322952295229523,estimable
2011-07-02,volatility,E,33,33,33,33,0.7162433155080214,estimable
2011-07-02,volatility,F,7,7,7,7,,insufficient_pairs
2011-07-02,volatility,G,19,19,19,19,,insufficient_pairs
2011-07-02,volatility,H,30,30,30,30,0.5074527252502781,estimable
2011-07-02,volatility,I,30,30,30,30,0.40556173526140155,estimable
2011-07-02,volatility,J,0,0,0,0,,insufficient_pairs
2011-07-02,max_drawdown,A,0,0,0,0,,insufficient_pairs
2011-07-02,max_drawdown,B,13,13,13,13,,insufficient_pairs
2011-07-02,max_drawdown,C,2,2,2,2,,insufficient_pairs
2011-07-02,max_drawdown,D,100,100,100,100,0.46947494749474944,estimable
2011-07-02,max_drawdown,E,33,33,33,33,0.5932486631016043,estimable
2011-07-02,max_drawdown,F,7,7,7,7,,insufficient_pairs
2011-07-02,max_drawdown,G,19,19,19,19,,insufficient_pairs
2011-07-02,max_drawdown,H,30,30,30,30,0.7503893214682981,estimable
2011-07-02,max_drawdown,I,30,30,30,30,-0.01579532814238042,estimable
2011-07-02,max_drawdown,J,0,0,0,0,,insufficient_pairs
2011-10-02,pe,A,0,0,0,0,,insufficient_pairs
2011-10-02,pe,B,13,11,13,11,,insufficient_pairs
2011-10-02,pe,C,2,2,2,2,,insufficient_pairs
2011-10-02,pe,D,108,99,108,99,0.09271490414347555,estimable
2011-10-02,pe,E,36,34,36,34,0.2647822765469824,estimable
2011-10-02,pe,F,7,7,7,7,,insufficient_pairs
2011-10-02,pe,G,20,20,20,20,,insufficient_pairs
2011-10-02,pe,H,35,35,35,35,0.03781512605042017,estimable
2011-10-02,pe,I,33,32,33,32,0.14626099706744866,estimable
2011-10-02,pe,J,0,0,0,0,,insufficient_pairs
2011-10-02,pb,A,0,0,0,0,,insufficient_pairs
2011-10-02,pb,B,13,13,13,13,,insufficient_pairs
2011-10-02,pb,C,2,2,2,2,,insufficient_pairs
2011-10-02,pb,D,108,107,108,107,0.3121730441427144,estimable
2011-10-02,pb,E,36,36,36,36,0.18069498069498072,estimable
2011-10-02,pb,F,7,7,7,7,,insufficient_pairs
2011-10-02,pb,G,20,20,20,20,,insufficient_pairs
2011-10-02,pb,H,35,34,35,34,0.14224598930481283,estimable
2011-10-02,pb,I,33,32,33,32,0.10740469208211142,estimable
2011-10-02,pb,J,0,0,0,0,,insufficient_pairs
2011-10-02,ev_ebitda,A,0,0,0,0,,insufficient_pairs
2011-10-02,ev_ebitda,B,13,9,13,9,,insufficient_pairs
2011-10-02,ev_ebitda,C,2,1,2,1,,insufficient_pairs
2011-10-02,ev_ebitda,D,108,64,108,64,0.22770146520146517,estimable
2011-10-02,ev_ebitda,E,36,32,36,32,0.09127565982404691,estimable
2011-10-02,ev_ebitda,F,7,4,7,4,,insufficient_pairs
2011-10-02,ev_ebitda,G,20,14,20,14,,insufficient_pairs
2011-10-02,ev_ebitda,H,35,13,35,13,,insufficient_pairs
2011-10-02,ev_ebitda,I,33,21,33,21,,insufficient_pairs
2011-10-02,ev_ebitda,J,0,0,0,0,,insufficient_pairs
2011-10-02,roic,A,0,0,0,0,,insufficient_pairs
2011-10-02,roic,B,13,11,13,11,,insufficient_pairs
2011-10-02,roic,C,2,2,2,2,,insufficient_pairs
2011-10-02,roic,D,108,88,108,88,-0.33975555633827625,estimable
2011-10-02,roic,E,36,30,36,30,0.3592880978865406,estimable
2011-10-02,roic,F,7,6,7,6,,insufficient_pairs
2011-10-02,roic,G,20,17,20,17,,insufficient_pairs
2011-10-02,roic,H,35,30,35,30,-0.1911012235817575,estimable
2011-10-02,roic,I,33,16,33,16,,insufficient_pairs
2011-10-02,roic,J,0,0,0,0,,insufficient_pairs
2011-10-02,operating_margin,A,0,0,0,0,,insufficient_pairs
2011-10-02,operating_margin,B,13,9,13,9,,insufficient_pairs
2011-10-02,operating_margin,C,2,1,2,1,,insufficient_pairs
2011-10-02,operating_margin,D,108,77,108,77,-0.12666281087333717,estimable
2011-10-02,operating_margin,E,36,33,36,33,0.23897058823529416,estimable
2011-10-02,operating_margin,F,7,7,7,7,,insufficient_pairs
2011-10-02,operating_margin,G,20,17,20,17,,insufficient_pairs
2011-10-02,operating_margin,H,35,16,35,16,,insufficient_pairs
2011-10-02,operating_margin,I,33,28,33,28,,insufficient_pairs
2011-10-02,operating_margin,J,0,0,0,0,,insufficient_pairs
2011-10-02,revenue_cagr_3y,A,0,0,0,0,,insufficient_pairs
2011-10-02,revenue_cagr_3y,B,13,13,13,13,,insufficient_pairs
2011-10-02,revenue_cagr_3y,C,2,2,2,2,,insufficient_pairs
2011-10-02,revenue_cagr_3y,D,108,87,108,87,-0.14432820587592038,estimable
2011-10-02,revenue_cagr_3y,E,36,27,36,27,,insufficient_pairs
2011-10-02,revenue_cagr_3y,F,7,5,7,5,,insufficient_pairs
2011-10-02,revenue_cagr_3y,G,20,16,20,16,,insufficient_pairs
2011-10-02,revenue_cagr_3y,H,35,25,35,25,,insufficient_pairs
2011-10-02,revenue_cagr_3y,I,33,27,33,27,,insufficient_pairs
2011-10-02,revenue_cagr_3y,J,0,0,0,0,,insufficient_pairs
2011-10-02,fcf_cagr_3y,A,0,0,0,0,,insufficient_pairs
2011-10-02,fcf_cagr_3y,B,13,3,13,3,,insufficient_pairs
2011-10-02,fcf_cagr_3y,C,2,2,2,2,,insufficient_pairs
2011-10-02,fcf_cagr_3y,D,108,70,108,70,-0.1477910943924416,estimable
2011-10-02,fcf_cagr_3y,E,36,16,36,16,,insufficient_pairs
2011-10-02,fcf_cagr_3y,F,7,2,7,2,,insufficient_pairs
2011-10-02,fcf_cagr_3y,G,20,14,20,14,,insufficient_pairs
2011-10-02,fcf_cagr_3y,H,35,20,35,20,,insufficient_pairs
2011-10-02,fcf_cagr_3y,I,33,25,33,25,,insufficient_pairs
2011-10-02,fcf_cagr_3y,J,0,0,0,0,,insufficient_pairs
2011-10-02,momentum_12m,A,0,0,0,0,,insufficient_pairs
2011-10-02,momentum_12m,B,13,13,13,13,,insufficient_pairs
2011-10-02,momentum_12m,C,2,2,2,2,,insufficient_pairs
2011-10-02,momentum_12m,D,108,108,108,108,-0.2840892852039212,estimable
2011-10-02,momentum_12m,E,36,36,36,36,-0.08365508365508366,estimable
2011-10-02,momentum_12m,F,7,7,7,7,,insufficient_pairs
2011-10-02,momentum_12m,G,20,20,20,20,,insufficient_pairs
2011-10-02,momentum_12m,H,35,35,35,35,-0.26330532212885155,estimable
2011-10-02,momentum_12m,I,33,33,33,33,-0.22794117647058826,estimable
2011-10-02,momentum_12m,J,0,0,0,0,,insufficient_pairs
2011-10-02,rel_strength_6m,A,0,0,0,0,,insufficient_pairs
2011-10-02,rel_strength_6m,B,13,13,13,13,,insufficient_pairs
2011-10-02,rel_strength_6m,C,2,2,2,2,,insufficient_pairs
2011-10-02,rel_strength_6m,D,108,108,108,108,-0.4873055341202473,estimable
2011-10-02,rel_strength_6m,E,36,36,36,36,-0.3263835263835264,estimable
2011-10-02,rel_strength_6m,F,7,7,7,7,,insufficient_pairs
2011-10-02,rel_strength_6m,G,20,20,20,20,,insufficient_pairs
2011-10-02,rel_strength_6m,H,35,35,35,35,-0.3047619047619048,estimable
2011-10-02,rel_strength_6m,I,33,33,33,33,-0.26871657754010697,estimable
2011-10-02,rel_strength_6m,J,0,0,0,0,,insufficient_pairs
2011-10-02,price_vs_sma200,A,0,0,0,0,,insufficient_pairs
2011-10-02,price_vs_sma200,B,13,13,13,13,,insufficient_pairs
2011-10-02,price_vs_sma200,C,2,2,2,2,,insufficient_pairs
2011-10-02,price_vs_sma200,D,108,108,108,108,-0.4825326054855335,estimable
2011-10-02,price_vs_sma200,E,36,36,36,36,-0.3338481338481339,estimable
2011-10-02,price_vs_sma200,F,7,7,7,7,,insufficient_pairs
2011-10-02,price_vs_sma200,G,20,20,20,20,,insufficient_pairs
2011-10-02,price_vs_sma200,H,35,35,35,35,-0.3296918767507003,estimable
2011-10-02,price_vs_sma200,I,33,33,33,33,-0.1270053475935829,estimable
2011-10-02,price_vs_sma200,J,0,0,0,0,,insufficient_pairs
2011-10-02,debt_to_equity,A,0,0,0,0,,insufficient_pairs
2011-10-02,debt_to_equity,B,13,12,13,12,,insufficient_pairs
2011-10-02,debt_to_equity,C,2,2,2,2,,insufficient_pairs
2011-10-02,debt_to_equity,D,108,96,108,96,0.0992810634834509,estimable
2011-10-02,debt_to_equity,E,36,31,36,31,0.33145161290322583,estimable
2011-10-02,debt_to_equity,F,7,6,7,6,,insufficient_pairs
2011-10-02,debt_to_equity,G,20,17,20,17,,insufficient_pairs
2011-10-02,debt_to_equity,H,35,30,35,30,0.09944382647385984,estimable
2011-10-02,debt_to_equity,I,33,16,33,16,,insufficient_pairs
2011-10-02,debt_to_equity,J,0,0,0,0,,insufficient_pairs
2011-10-02,volatility,A,0,0,0,0,,insufficient_pairs
2011-10-02,volatility,B,13,13,13,13,,insufficient_pairs
2011-10-02,volatility,C,2,2,2,2,,insufficient_pairs
2011-10-02,volatility,D,108,108,108,108,-0.5306143835681689,estimable
2011-10-02,volatility,E,36,36,36,36,-0.13693693693693695,estimable
2011-10-02,volatility,F,7,7,7,7,,insufficient_pairs
2011-10-02,volatility,G,20,20,20,20,,insufficient_pairs
2011-10-02,volatility,H,35,35,35,35,-0.07507002801120448,estimable
2011-10-02,volatility,I,33,33,33,33,0.09358288770053476,estimable
2011-10-02,volatility,J,0,0,0,0,,insufficient_pairs
2011-10-02,max_drawdown,A,0,0,0,0,,insufficient_pairs
2011-10-02,max_drawdown,B,13,13,13,13,,insufficient_pairs
2011-10-02,max_drawdown,C,2,2,2,2,,insufficient_pairs
2011-10-02,max_drawdown,D,108,108,108,108,-0.45627673459277673,estimable
2011-10-02,max_drawdown,E,36,36,36,36,-0.146975546975547,estimable
2011-10-02,max_drawdown,F,7,7,7,7,,insufficient_pairs
2011-10-02,max_drawdown,G,20,20,20,20,,insufficient_pairs
2011-10-02,max_drawdown,H,35,35,35,35,-0.1946778711484594,estimable
2011-10-02,max_drawdown,I,33,33,33,33,-0.09258021390374332,estimable
2011-10-02,max_drawdown,J,0,0,0,0,,insufficient_pairs
2012-01-02,pe,A,0,0,0,0,,insufficient_pairs
2012-01-02,pe,B,15,12,15,12,,insufficient_pairs
2012-01-02,pe,C,2,2,2,2,,insufficient_pairs
2012-01-02,pe,D,108,102,108,102,0.015702484011964873,estimable
2012-01-02,pe,E,32,30,32,30,-0.014015572858731925,estimable
2012-01-02,pe,F,7,6,7,6,,insufficient_pairs
2012-01-02,pe,G,24,24,24,24,,insufficient_pairs
2012-01-02,pe,H,30,30,30,30,0.21957730812013349,estimable
2012-01-02,pe,I,34,33,34,33,-0.22326203208556153,estimable
2012-01-02,pe,J,0,0,0,0,,insufficient_pairs
2012-01-02,pb,A,0,0,0,0,,insufficient_pairs
2012-01-02,pb,B,15,15,15,15,,insufficient_pairs
2012-01-02,pb,C,2,2,2,2,,insufficient_pairs
2012-01-02,pb,D,108,107,108,107,0.18663179137522287,estimable
2012-01-02,pb,E,32,32,32,32,-0.08174486803519061,estimable
2012-01-02,pb,F,7,7,7,7,,insufficient_pairs
2012-01-02,pb,G,24,23,24,23,,insufficient_pairs
2012-01-02,pb,H,30,30,30,30,0.385539488320356,estimable
2012-01-02,pb,I,34,33,34,33,0.12466577540106953,estimable
2012-01-02,pb,J,0,0,0,0,,insufficient_pairs
2012-01-02,ev_ebitda,A,0,0,0,0,,insufficient_pairs
2012-01-02,ev_ebitda,B,15,9,15,9,,insufficient_pairs
2012-01-02,ev_ebitda,C,2,1,2,1,,insufficient_pairs
2012-01-02,ev_ebitda,D,108,63,108,63,0.07891705069124424,estimable
2012-01-02,ev_ebitda,E,32,28,32,28,,insufficient_pairs
2012-01-02,ev_ebitda,F,7,5,7,5,,insufficient_pairs
2012-01-02,ev_ebitda,G,24,18,24,18,,insufficient_pairs
2012-01-02,ev_ebitda,H,30,11,30,11,,insufficient_pairs
2012-01-02,ev_ebitda,I,34,25,34,25,,insufficient_pairs
2012-01-02,ev_ebitda,J,0,0,0,0,,insufficient_pairs
2012-01-02,roic,A,0,0,0,0,,insufficient_pairs
2012-01-02,roic,B,15,13,15,13,,insufficient_pairs
2012-01-02,roic,C,2,2,2,2,,insufficient_pairs
2012-01-02,roic,D,108,90,108,90,-0.13599209778985058,estimable
2012-01-02,roic,E,32,28,32,28,,insufficient_pairs
2012-01-02,roic,F,7,5,7,5,,insufficient_pairs
2012-01-02,roic,G,24,20,24,20,,insufficient_pairs
2012-01-02,roic,H,30,27,30,27,,insufficient_pairs
2012-01-02,roic,I,34,17,34,17,,insufficient_pairs
2012-01-02,roic,J,0,0,0,0,,insufficient_pairs
2012-01-02,operating_margin,A,0,0,0,0,,insufficient_pairs
2012-01-02,operating_margin,B,15,10,15,10,,insufficient_pairs
2012-01-02,operating_margin,C,2,1,2,1,,insufficient_pairs
2012-01-02,operating_margin,D,108,77,108,77,-0.05909879594090119,estimable
2012-01-02,operating_margin,E,32,29,32,29,,insufficient_pairs
2012-01-02,operating_margin,F,7,7,7,7,,insufficient_pairs
2012-01-02,operating_margin,G,24,19,24,19,,insufficient_pairs
2012-01-02,operating_margin,H,30,14,30,14,,insufficient_pairs
2012-01-02,operating_margin,I,34,30,34,30,-0.24093437152391545,estimable
2012-01-02,operating_margin,J,0,0,0,0,,insufficient_pairs
2012-01-02,revenue_cagr_3y,A,0,0,0,0,,insufficient_pairs
2012-01-02,revenue_cagr_3y,B,15,15,15,15,,insufficient_pairs
2012-01-02,revenue_cagr_3y,C,2,2,2,2,,insufficient_pairs
2012-01-02,revenue_cagr_3y,D,108,83,108,83,-0.05113135468704084,estimable
2012-01-02,revenue_cagr_3y,E,32,23,32,23,,insufficient_pairs
2012-01-02,revenue_cagr_3y,F,7,5,7,5,,insufficient_pairs
2012-01-02,revenue_cagr_3y,G,24,19,24,19,,insufficient_pairs
2012-01-02,revenue_cagr_3y,H,30,23,30,23,,insufficient_pairs
2012-01-02,revenue_cagr_3y,I,34,27,34,27,,insufficient_pairs
2012-01-02,revenue_cagr_3y,J,0,0,0,0,,insufficient_pairs
2012-01-02,fcf_cagr_3y,A,0,0,0,0,,insufficient_pairs
2012-01-02,fcf_cagr_3y,B,15,5,15,5,,insufficient_pairs
2012-01-02,fcf_cagr_3y,C,2,1,2,1,,insufficient_pairs
2012-01-02,fcf_cagr_3y,D,108,69,108,69,0.1790281329923274,estimable
2012-01-02,fcf_cagr_3y,E,32,13,32,13,,insufficient_pairs
2012-01-02,fcf_cagr_3y,F,7,2,7,2,,insufficient_pairs
2012-01-02,fcf_cagr_3y,G,24,16,24,16,,insufficient_pairs
2012-01-02,fcf_cagr_3y,H,30,16,30,16,,insufficient_pairs
2012-01-02,fcf_cagr_3y,I,34,26,34,26,,insufficient_pairs
2012-01-02,fcf_cagr_3y,J,0,0,0,0,,insufficient_pairs
2012-01-02,momentum_12m,A,0,0,0,0,,insufficient_pairs
2012-01-02,momentum_12m,B,15,15,15,15,,insufficient_pairs
2012-01-02,momentum_12m,C,2,2,2,2,,insufficient_pairs
2012-01-02,momentum_12m,D,108,108,108,108,-0.26044375851458074,estimable
2012-01-02,momentum_12m,E,32,32,32,32,-0.22360703812316712,estimable
2012-01-02,momentum_12m,F,7,7,7,7,,insufficient_pairs
2012-01-02,momentum_12m,G,24,24,24,24,,insufficient_pairs
2012-01-02,momentum_12m,H,30,30,30,30,-0.717908787541713,estimable
2012-01-02,momentum_12m,I,34,34,34,34,-0.4566844919786096,estimable
2012-01-02,momentum_12m,J,0,0,0,0,,insufficient_pairs
2012-01-02,rel_strength_6m,A,0,0,0,0,,insufficient_pairs
2012-01-02,rel_strength_6m,B,15,15,15,15,,insufficient_pairs
2012-01-02,rel_strength_6m,C,2,2,2,2,,insufficient_pairs
2012-01-02,rel_strength_6m,D,108,108,108,108,-0.3181380814922785,estimable
2012-01-02,rel_strength_6m,E,32,32,32,32,-0.2063782991202346,estimable
2012-01-02,rel_strength_6m,F,7,7,7,7,,insufficient_pairs
2012-01-02,rel_strength_6m,G,24,24,24,24,,insufficient_pairs
2012-01-02,rel_strength_6m,H,30,30,30,30,-0.7152391546162402,estimable
2012-01-02,rel_strength_6m,I,34,34,34,34,-0.5321619556913674,estimable
2012-01-02,rel_strength_6m,J,0,0,0,0,,insufficient_pairs
2012-01-02,price_vs_sma200,A,0,0,0,0,,insufficient_pairs
2012-01-02,price_vs_sma200,B,15,15,15,15,,insufficient_pairs
2012-01-02,price_vs_sma200,C,2,2,2,2,,insufficient_pairs
2012-01-02,price_vs_sma200,D,108,108,108,108,-0.31139310449950935,estimable
2012-01-02,price_vs_sma200,E,32,32,32,32,-0.18401759530791786,estimable
2012-01-02,price_vs_sma200,F,7,7,7,7,,insufficient_pairs
2012-01-02,price_vs_sma200,G,24,24,24,24,,insufficient_pairs
2012-01-02,price_vs_sma200,H,30,30,30,30,-0.7112347052280311,estimable
2012-01-02,price_vs_sma200,I,34,34,34,34,-0.5987776928953399,estimable
2012-01-02,price_vs_sma200,J,0,0,0,0,,insufficient_pairs
2012-01-02,debt_to_equity,A,0,0,0,0,,insufficient_pairs
2012-01-02,debt_to_equity,B,15,14,15,14,,insufficient_pairs
2012-01-02,debt_to_equity,C,2,2,2,2,,insufficient_pairs
2012-01-02,debt_to_equity,D,108,95,108,95,0.06455767077267636,estimable
2012-01-02,debt_to_equity,E,32,29,32,29,,insufficient_pairs
2012-01-02,debt_to_equity,F,7,6,7,6,,insufficient_pairs
2012-01-02,debt_to_equity,G,24,19,24,19,,insufficient_pairs
2012-01-02,debt_to_equity,H,30,27,30,27,,insufficient_pairs
2012-01-02,debt_to_equity,I,34,17,34,17,,insufficient_pairs
2012-01-02,debt_to_equity,J,0,0,0,0,,insufficient_pairs
2012-01-02,volatility,A,0,0,0,0,,insufficient_pairs
2012-01-02,volatility,B,15,15,15,15,,insufficient_pairs
2012-01-02,volatility,C,2,2,2,2,,insufficient_pairs
2012-01-02,volatility,D,108,108,108,108,-0.36000838358722265,estimable
2012-01-02,volatility,E,32,32,32,32,-0.13526392961876832,estimable
2012-01-02,volatility,F,7,7,7,7,,insufficient_pairs
2012-01-02,volatility,G,24,24,24,24,,insufficient_pairs
2012-01-02,volatility,H,30,30,30,30,-0.5942157953281423,estimable
2012-01-02,volatility,I,34,34,34,34,-0.2058059587471352,estimable
2012-01-02,volatility,J,0,0,0,0,,insufficient_pairs
2012-01-02,max_drawdown,A,0,0,0,0,,insufficient_pairs
2012-01-02,max_drawdown,B,15,15,15,15,,insufficient_pairs
2012-01-02,max_drawdown,C,2,2,2,2,,insufficient_pairs
2012-01-02,max_drawdown,D,108,108,108,108,-0.32249183076585974,estimable
2012-01-02,max_drawdown,E,32,32,32,32,-0.17118768328445746,estimable
2012-01-02,max_drawdown,F,7,7,7,7,,insufficient_pairs
2012-01-02,max_drawdown,G,24,24,24,24,,insufficient_pairs
2012-01-02,max_drawdown,H,30,30,30,30,-0.6453837597330366,estimable
2012-01-02,max_drawdown,I,34,34,34,34,-0.00015278838808250572,estimable
2012-01-02,max_drawdown,J,0,0,0,0,,insufficient_pairs
2012-04-02,pe,A,0,0,0,0,,insufficient_pairs
2012-04-02,pe,B,10,8,10,8,,insufficient_pairs
2012-04-02,pe,C,2,2,2,2,,insufficient_pairs
2012-04-02,pe,D,113,102,113,102,0.01471860492731169,estimable
2012-04-02,pe,E,41,37,41,37,-0.1289710763394974,estimable
2012-04-02,pe,F,6,5,6,5,,insufficient_pairs
2012-04-02,pe,G,23,20,23,20,,insufficient_pairs
2012-04-02,pe,H,36,36,36,36,-0.23397683397683397,estimable
2012-04-02,pe,I,35,33,35,33,-0.161096256684492,estimable
2012-04-02,pe,J,0,0,0,0,,insufficient_pairs
2012-04-02,pb,A,0,0,0,0,,insufficient_pairs
2012-04-02,pb,B,10,10,10,10,,insufficient_pairs
2012-04-02,pb,C,2,2,2,2,,insufficient_pairs
2012-04-02,pb,D,113,113,113,113,-0.24735511344733518,estimable
2012-04-02,pb,E,41,41,41,41,0.27996515679442513,estimable
2012-04-02,pb,F,6,6,6,6,,insufficient_pairs
2012-04-02,pb,G,23,22,23,22,,insufficient_pairs
2012-04-02,pb,H,36,36,36,36,-0.42574002574002573,estimable
2012-04-02,pb,I,35,31,35,31,0.025403225806451615,estimable
2012-04-02,pb,J,0,0,0,0,,insufficient_pairs
2012-04-02,ev_ebitda,A,0,0,0,0,,insufficient_pairs
2012-04-02,ev_ebitda,B,10,7,10,7,,insufficient_pairs
2012-04-02,ev_ebitda,C,2,1,2,1,,insufficient_pairs
2012-04-02,ev_ebitda,D,113,81,113,81,-0.11391147244805781,estimable
2012-04-02,ev_ebitda,E,41,34,41,34,0.08204736440030558,estimable
2012-04-02,ev_ebitda,F,6,4,6,4,,insufficient_pairs
2012-04-02,ev_ebitda,G,23,16,23,16,,insufficient_pairs
2012-04-02,ev_ebitda,H,36,11,36,11,,insufficient_pairs
2012-04-02,ev_ebitda,I,35,23,35,23,,insufficient_pairs
2012-04-02,ev_ebitda,J,0,0,0,0,,insufficient_pairs
2012-04-02,roic,A,0,0,0,0,,insufficient_pairs
2012-04-02,roic,B,10,9,10,9,,insufficient_pairs
2012-04-02,roic,C,2,2,2,2,,insufficient_pairs
2012-04-02,roic,D,113,92,113,92,0.16039640583820106,estimable
2012-04-02,roic,E,41,33,41,33,-0.19953208556149735,estimable
2012-04-02,roic,F,6,4,6,4,,insufficient_pairs
2012-04-02,roic,G,23,15,23,15,,insufficient_pairs
2012-04-02,roic,H,36,32,36,32,0.0751466275659824,estimable
2012-04-02,roic,I,35,19,35,19,,insufficient_pairs
2012-04-02,roic,J,0,0,0,0,,insufficient_pairs
2012-04-02,operating_margin,A,0,0,0,0,,insufficient_pairs
2012-04-02,operating_margin,B,10,7,10,7,,insufficient_pairs
2012-04-02,operating_margin,C,2,2,2,2,,insufficient_pairs
2012-04-02,operating_margin,D,113,86,113,86,0.12043020897212132,estimable
2012-04-02,operating_margin,E,41,39,41,39,0.0882591093117409,estimable
2012-04-02,operating_margin,F,6,6,6,6,,insufficient_pairs
2012-04-02,operating_margin,G,23,18,23,18,,insufficient_pairs
2012-04-02,operating_margin,H,36,15,36,15,,insufficient_pairs
2012-04-02,operating_margin,I,35,29,35,29,,insufficient_pairs
2012-04-02,operating_margin,J,0,0,0,0,,insufficient_pairs
2012-04-02,revenue_cagr_3y,A,0,0,0,0,,insufficient_pairs
2012-04-02,revenue_cagr_3y,B,10,10,10,10,,insufficient_pairs
2012-04-02,revenue_cagr_3y,C,2,2,2,2,,insufficient_pairs
2012-04-02,revenue_cagr_3y,D,113,95,113,95,-0.0683370660694289,estimable
2012-04-02,revenue_cagr_3y,E,41,33,41,33,-0.03977272727272728,estimable
2012-04-02,revenue_cagr_3y,F,6,4,6,4,,insufficient_pairs
2012-04-02,revenue_cagr_3y,G,23,20,23,20,,insufficient_pairs
2012-04-02,revenue_cagr_3y,H,36,32,36,32,-0.18585043988269795,estimable
2012-04-02,revenue_cagr_3y,I,35,31,35,31,-0.2266129032258065,estimable
2012-04-02,revenue_cagr_3y,J,0,0,0,0,,insufficient_pairs
2012-04-02,fcf_cagr_3y,A,0,0,0,0,,insufficient_pairs
2012-04-02,fcf_cagr_3y,B,10,3,10,3,,insufficient_pairs
2012-04-02,fcf_cagr_3y,C,2,1,2,1,,insufficient_pairs
2012-04-02,fcf_cagr_3y,D,113,79,113,79,-0.09591041869522882,estimable
2012-04-02,fcf_cagr_3y,E,41,18,41,18,,insufficient_pairs
2012-04-02,fcf_cagr_3y,F,6,2,6,2,,insufficient_pairs
2012-04-02,fcf_cagr_3y,G,23,20,23,20,,insufficient_pairs
2012-04-02,fcf_cagr_3y,H,36,19,36,19,,insufficient_pairs
2012-04-02,fcf_cagr_3y,I,35,30,35,30,-0.0002224694104560623,estimable
2012-04-02,fcf_cagr_3y,J,0,0,0,0,,insufficient_pairs
2012-04-02,momentum_12m,A,0,0,0,0,,insufficient_pairs
2012-04-02,momentum_12m,B,10,10,10,10,,insufficient_pairs
2012-04-02,momentum_12m,C,2,2,2,2,,insufficient_pairs
2012-04-02,momentum_12m,D,113,113,113,113,0.35966298489586807,estimable
2012-04-02,momentum_12m,E,41,41,41,41,0.1480836236933798,estimable
2012-04-02,momentum_12m,F,6,6,6,6,,insufficient_pairs
2012-04-02,momentum_12m,G,23,23,23,23,,insufficient_pairs
2012-04-02,momentum_12m,H,36,36,36,36,0.5405405405405406,estimable
2012-04-02,momentum_12m,I,35,35,35,35,0.33165266106442576,estimable
2012-04-02,momentum_12m,J,0,0,0,0,,insufficient_pairs
2012-04-02,rel_strength_6m,A,0,0,0,0,,insufficient_pairs
2012-04-02,rel_strength_6m,B,10,10,10,10,,insufficient_pairs
2012-04-02,rel_strength_6m,C,2,2,2,2,,insufficient_pairs
2012-04-02,rel_strength_6m,D,113,113,113,113,-0.3162968261361368,estimable
2012-04-02,rel_strength_6m,E,41,41,41,41,0.06567944250871081,estimable
2012-04-02,rel_strength_6m,F,6,6,6,6,,insufficient_pairs
2012-04-02,rel_strength_6m,G,23,23,23,23,,insufficient_pairs
2012-04-02,rel_strength_6m,H,36,36,36,36,-0.3287001287001287,estimable
2012-04-02,rel_strength_6m,I,35,35,35,35,0.1728291316526611,estimable
2012-04-02,rel_strength_6m,J,0,0,0,0,,insufficient_pairs
2012-04-02,price_vs_sma200,A,0,0,0,0,,insufficient_pairs
2012-04-02,price_vs_sma200,B,10,10,10,10,,insufficient_pairs
2012-04-02,price_vs_sma200,C,2,2,2,2,,insufficient_pairs
2012-04-02,price_vs_sma200,D,113,113,113,113,-0.013274336283185842,estimable
2012-04-02,price_vs_sma200,E,41,41,41,41,0.14320557491289201,estimable
2012-04-02,price_vs_sma200,F,6,6,6,6,,insufficient_pairs
2012-04-02,price_vs_sma200,G,23,23,23,23,,insufficient_pairs
2012-04-02,price_vs_sma200,H,36,36,36,36,-0.11660231660231662,estimable
2012-04-02,price_vs_sma200,I,35,35,35,35,0.2801120448179272,estimable
2012-04-02,price_vs_sma200,J,0,0,0,0,,insufficient_pairs
2012-04-02,debt_to_equity,A,0,0,0,0,,insufficient_pairs
2012-04-02,debt_to_equity,B,10,10,10,10,,insufficient_pairs
2012-04-02,debt_to_equity,C,2,2,2,2,,insufficient_pairs
2012-04-02,debt_to_equity,D,113,101,113,101,-0.3590331974373908,estimable
2012-04-02,debt_to_equity,E,41,35,41,35,0.288515406162465,estimable
2012-04-02,debt_to_equity,F,6,5,6,5,,insufficient_pairs
2012-04-02,debt_to_equity,G,23,17,23,17,,insufficient_pairs
2012-04-02,debt_to_equity,H,36,32,36,32,-0.016129032258064516,estimable
2012-04-02,debt_to_equity,I,35,16,35,16,,insufficient_pairs
2012-04-02,debt_to_equity,J,0,0,0,0,,insufficient_pairs
2012-04-02,volatility,A,0,0,0,0,,insufficient_pairs
2012-04-02,volatility,B,10,10,10,10,,insufficient_pairs
2012-04-02,volatility,C,2,2,2,2,,insufficient_pairs
2012-04-02,volatility,D,113,113,113,113,0.6126821478474949,estimable
2012-04-02,volatility,E,41,41,41,41,0.15540069686411154,estimable
2012-04-02,volatility,F,6,6,6,6,,insufficient_pairs
2012-04-02,volatility,G,23,23,23,23,,insufficient_pairs
2012-04-02,volatility,H,36,36,36,36,0.44633204633204643,estimable
2012-04-02,volatility,I,35,35,35,35,0.3596638655462185,estimable
2012-04-02,volatility,J,0,0,0,0,,insufficient_pairs
2012-04-02,max_drawdown,A,0,0,0,0,,insufficient_pairs
2012-04-02,max_drawdown,B,10,10,10,10,,insufficient_pairs
2012-04-02,max_drawdown,C,2,2,2,2,,insufficient_pairs
2012-04-02,max_drawdown,D,113,113,113,113,0.5610652738039791,estimable
2012-04-02,max_drawdown,E,41,41,41,41,0.1590592334494774,estimable
2012-04-02,max_drawdown,F,6,6,6,6,,insufficient_pairs
2012-04-02,max_drawdown,G,23,23,23,23,,insufficient_pairs
2012-04-02,max_drawdown,H,36,36,36,36,0.49034749034749037,estimable
2012-04-02,max_drawdown,I,35,35,35,35,0.4431372549019608,estimable
2012-04-02,max_drawdown,J,0,0,0,0,,insufficient_pairs
2012-07-02,pe,A,0,0,0,0,,insufficient_pairs
2012-07-02,pe,B,10,8,10,8,,insufficient_pairs
2012-07-02,pe,C,1,1,1,1,,insufficient_pairs
2012-07-02,pe,D,120,111,120,111,0.04269041769041769,estimable
2012-07-02,pe,E,40,36,40,36,-0.015701415701415703,estimable
2012-07-02,pe,F,6,5,6,5,,insufficient_pairs
2012-07-02,pe,G,24,20,24,20,,insufficient_pairs
2012-07-02,pe,H,40,40,40,40,0.2133208255159475,estimable
2012-07-02,pe,I,39,37,39,37,0.24964438122332858,estimable
2012-07-02,pe,J,0,0,0,0,,insufficient_pairs
2012-07-02,pb,A,0,0,0,0,,insufficient_pairs
2012-07-02,pb,B,10,10,10,10,,insufficient_pairs
2012-07-02,pb,C,1,1,1,1,,insufficient_pairs
2012-07-02,pb,D,120,120,120,120,0.20170150704910061,estimable
2012-07-02,pb,E,40,40,40,40,0.24465290806754228,estimable
2012-07-02,pb,F,6,6,6,6,,insufficient_pairs
2012-07-02,pb,G,24,23,24,23,,insufficient_pairs
2012-07-02,pb,H,40,40,40,40,0.24709193245778616,estimable
2012-07-02,pb,I,39,36,39,36,0.058944658944658945,estimable
2012-07-02,pb,J,0,0,0,0,,insufficient_pairs
2012-07-02,ev_ebitda,A,0,0,0,0,,insufficient_pairs
2012-07-02,ev_ebitda,B,10,7,10,7,,insufficient_pairs
2012-07-02,ev_ebitda,C,1,0,1,0,,insufficient_pairs
2012-07-02,ev_ebitda,D,120,86,120,86,0.01938770696730978,estimable
2012-07-02,ev_ebitda,E,40,32,40,32,0.2445014662756598,estimable
2012-07-02,ev_ebitda,F,6,6,6,6,,insufficient_pairs
2012-07-02,ev_ebitda,G,24,17,24,17,,insufficient_pairs
2012-07-02,ev_ebitda,H,40,13,40,13,,insufficient_pairs
2012-07-02,ev_ebitda,I,39,25,39,25,,insufficient_pairs
2012-07-02,ev_ebitda,J,0,0,0,0,,insufficient_pairs
2012-07-02,roic,A,0,0,0,0,,insufficient_pairs
2012-07-02,roic,B,10,9,10,9,,insufficient_pairs
2012-07-02,roic,C,1,1,1,1,,insufficient_pairs
2012-07-02,roic,D,120,99,120,99,-0.261038961038961,estimable
2012-07-02,roic,E,40,31,40,31,-0.2770161290322581,estimable
2012-07-02,roic,F,6,4,6,4,,insufficient_pairs
2012-07-02,roic,G,24,16,24,16,,insufficient_pairs
2012-07-02,roic,H,40,37,40,37,-0.08345187292555711,estimable
2012-07-02,roic,I,39,20,39,20,,insufficient_pairs
2012-07-02,roic,J,0,0,0,0,,insufficient_pairs
2012-07-02,operating_margin,A,0,0,0,0,,insufficient_pairs
2012-07-02,operating_margin,B,10,7,10,7,,insufficient_pairs
2012-07-02,operating_margin,C,1,1,1,1,,insufficient_pairs
2012-07-02,operating_margin,D,120,88,120,88,-0.034746926843013635,estimable
2012-07-02,operating_margin,E,40,38,40,38,0.13250902724586935,estimable
2012-07-02,operating_margin,F,6,6,6,6,,insufficient_pairs
2012-07-02,operating_margin,G,24,19,24,19,,insufficient_pairs
2012-07-02,operating_margin,H,40,17,40,17,,insufficient_pairs
2012-07-02,operating_margin,I,39,33,39,33,0.09157754010695188,estimable
2012-07-02,operating_margin,J,0,0,0,0,,insufficient_pairs
2012-07-02,revenue_cagr_3y,A,0,0,0,0,,insufficient_pairs
2012-07-02,revenue_cagr_3y,B,10,10,10,10,,insufficient_pairs
2012-07-02,revenue_cagr_3y,C,1,1,1,1,,insufficient_pairs
2012-07-02,revenue_cagr_3y,D,120,96,120,96,-0.04545577862181226,estimable
2012-07-02,revenue_cagr_3y,E,40,34,40,34,0.06279602750190985,estimable
2012-07-02,revenue_cagr_3y,F,6,6,6,6,,insufficient_pairs
2012-07-02,revenue_cagr_3y,G,24,21,24,21,,insufficient_pairs
2012-07-02,revenue_cagr_3y,H,40,36,40,36,0.22136422136422135,estimable
2012-07-02,revenue_cagr_3y,I,39,35,39,35,-0.05994397759103642,estimable
2012-07-02,revenue_cagr_3y,J,0,0,0,0,,insufficient_pairs
2012-07-02,fcf_cagr_3y,A,0,0,0,0,,insufficient_pairs
2012-07-02,fcf_cagr_3y,B,10,3,10,3,,insufficient_pairs
2012-07-02,fcf_cagr_3y,C,1,1,1,1,,insufficient_pairs
2012-07-02,fcf_cagr_3y,D,120,82,120,82,-0.11470271329219318,estimable
2012-07-02,fcf_cagr_3y,E,40,17,40,17,,insufficient_pairs
2012-07-02,fcf_cagr_3y,F,6,4,6,4,,insufficient_pairs
2012-07-02,fcf_cagr_3y,G,24,21,24,21,,insufficient_pairs
2012-07-02,fcf_cagr_3y,H,40,22,40,22,,insufficient_pairs
2012-07-02,fcf_cagr_3y,I,39,32,39,32,-0.17631964809384162,estimable
2012-07-02,fcf_cagr_3y,J,0,0,0,0,,insufficient_pairs
2012-07-02,momentum_12m,A,0,0,0,0,,insufficient_pairs
2012-07-02,momentum_12m,B,10,10,10,10,,insufficient_pairs
2012-07-02,momentum_12m,C,1,1,1,1,,insufficient_pairs
2012-07-02,momentum_12m,D,120,120,120,120,0.01801513994027363,estimable
2012-07-02,momentum_12m,E,40,40,40,40,0.11200750469043153,estimable
2012-07-02,momentum_12m,F,6,6,6,6,,insufficient_pairs
2012-07-02,momentum_12m,G,24,24,24,24,,insufficient_pairs
2012-07-02,momentum_12m,H,40,40,40,40,-0.33227016885553473,estimable
2012-07-02,momentum_12m,I,39,39,39,39,-0.21862348178137653,estimable
2012-07-02,momentum_12m,J,0,0,0,0,,insufficient_pairs
2012-07-02,rel_strength_6m,A,0,0,0,0,,insufficient_pairs
2012-07-02,rel_strength_6m,B,10,10,10,10,,insufficient_pairs
2012-07-02,rel_strength_6m,C,1,1,1,1,,insufficient_pairs
2012-07-02,rel_strength_6m,D,120,120,120,120,0.024258629071463294,estimable
2012-07-02,rel_strength_6m,E,40,40,40,40,0.3136960600375235,estimable
2012-07-02,rel_strength_6m,F,6,6,6,6,,insufficient_pairs
2012-07-02,rel_strength_6m,G,24,24,24,24,,insufficient_pairs
2012-07-02,rel_strength_6m,H,40,40,40,40,-0.02326454033771107,estimable
2012-07-02,rel_strength_6m,I,39,39,39,39,-0.4380566801619433,estimable
2012-07-02,rel_strength_6m,J,0,0,0,0,,insufficient_pairs
2012-07-02,price_vs_sma200,A,0,0,0,0,,insufficient_pairs
2012-07-02,price_vs_sma200,B,10,10,10,10,,insufficient_pairs
2012-07-02,price_vs_sma200,C,1,1,1,1,,insufficient_pairs
2012-07-02,price_vs_sma200,D,120,120,120,120,-0.010389610389610388,estimable
2012-07-02,price_vs_sma200,E,40,40,40,40,0.32138836772983115,estimable
2012-07-02,price_vs_sma200,F,6,6,6,6,,insufficient_pairs
2012-07-02,price_vs_sma200,G,24,24,24,24,,insufficient_pairs
2012-07-02,price_vs_sma200,H,40,40,40,40,-0.15347091932457788,estimable
2012-07-02,price_vs_sma200,I,39,39,39,39,-0.27611336032388667,estimable
2012-07-02,price_vs_sma200,J,0,0,0,0,,insufficient_pairs
2012-07-02,debt_to_equity,A,0,0,0,0,,insufficient_pairs
2012-07-02,debt_to_equity,B,10,10,10,10,,insufficient_pairs
2012-07-02,debt_to_equity,C,1,1,1,1,,insufficient_pairs
2012-07-02,debt_to_equity,D,120,106,120,106,0.10689472756127667,estimable
2012-07-02,debt_to_equity,E,40,33,40,33,-0.18282085561497327,estimable
2012-07-02,debt_to_equity,F,6,5,6,5,,insufficient_pairs
2012-07-02,debt_to_equity,G,24,18,24,18,,insufficient_pairs
2012-07-02,debt_to_equity,H,40,37,40,37,-0.26481744902797527,estimable
2012-07-02,debt_to_equity,I,39,18,39,18,,insufficient_pairs
2012-07-02,debt_to_equity,J,0,0,0,0,,insufficient_pairs
2012-07-02,volatility,A,0,0,0,0,,insufficient_pairs
2012-07-02,volatility,B,10,10,10,10,,insufficient_pairs
2012-07-02,volatility,C,1,1,1,1,,insufficient_pairs
2012-07-02,volatility,D,120,120,120,120,-0.09945135078824917,estimable
2012-07-02,volatility,E,40,40,40,40,-0.2352720450281426,estimable
2012-07-02,volatility,F,6,6,6,6,,insufficient_pairs
2012-07-02,volatility,G,24,24,24,24,,insufficient_pairs
2012-07-02,volatility,H,40,40,40,40,-0.2919324577861164,estimable
2012-07-02,volatility,I,39,39,39,39,0.20080971659919028,estimable
2012-07-02,volatility,J,0,0,0,0,,insufficient_pairs
2012-07-02,max_drawdown,A,0,0,0,0,,insufficient_pairs
2012-07-02,max_drawdown,B,10,10,10,10,,insufficient_pairs
2012-07-02,max_drawdown,C,1,1,1,1,,insufficient_pairs
2012-07-02,max_drawdown,D,120,120,120,120,-0.09677060907007429,estimable
2012-07-02,max_drawdown,E,40,40,40,40,-0.21163227016885558,estimable
2012-07-02,max_drawdown,F,6,6,6,6,,insufficient_pairs
2012-07-02,max_drawdown,G,24,24,24,24,,insufficient_pairs
2012-07-02,max_drawdown,H,40,40,40,40,-0.43133208255159483,estimable
2012-07-02,max_drawdown,I,39,39,39,39,0.14412955465587046,estimable
2012-07-02,max_drawdown,J,0,0,0,0,,insufficient_pairs
2012-10-02,pe,A,0,0,0,0,,insufficient_pairs
2012-10-02,pe,B,12,9,12,9,,insufficient_pairs
2012-10-02,pe,C,2,2,2,2,,insufficient_pairs
2012-10-02,pe,D,130,115,130,115,0.20124674504852838,estimable
2012-10-02,pe,E,43,39,43,39,0.06315789473684211,estimable
2012-10-02,pe,F,7,6,7,6,,insufficient_pairs
2012-10-02,pe,G,21,17,21,17,,insufficient_pairs
2012-10-02,pe,H,44,44,44,44,-0.06610288935870332,estimable
2012-10-02,pe,I,35,33,35,33,-0.014371657754010697,estimable
2012-10-02,pe,J,0,0,0,0,,insufficient_pairs
2012-10-02,pb,A,0,0,0,0,,insufficient_pairs
2012-10-02,pb,B,12,12,12,12,,insufficient_pairs
2012-10-02,pb,C,2,2,2,2,,insufficient_pairs
2012-10-02,pb,D,130,130,130,130,0.2241106665392126,estimable
2012-10-02,pb,E,43,43,43,43,0.02401087284808215,estimable
2012-10-02,pb,F,7,7,7,7,,insufficient_pairs
2012-10-02,pb,G,21,20,21,20,,insufficient_pairs
2012-10-02,pb,H,44,44,44,44,0.24975334742776603,estimable
2012-10-02,pb,I,35,31,35,31,0.34959677419354845,estimable
2012-10-02,pb,J,0,0,0,0,,insufficient_pairs
2012-10-02,ev_ebitda,A,0,0,0,0,,insufficient_pairs
2012-10-02,ev_ebitda,B,12,9,12,9,,insufficient_pairs
2012-10-02,ev_ebitda,C,2,1,2,1,,insufficient_pairs
2012-10-02,ev_ebitda,D,130,92,130,92,0.269577547277407,estimable
2012-10-02,ev_ebitda,E,43,34,43,34,0.03559969442322383,estimable
2012-10-02,ev_ebitda,F,7,4,7,4,,insufficient_pairs
2012-10-02,ev_ebitda,G,21,16,21,16,,insufficient_pairs
2012-10-02,ev_ebitda,H,44,15,44,15,,insufficient_pairs
2012-10-02,ev_ebitda,I,35,25,35,25,,insufficient_pairs
2012-10-02,ev_ebitda,J,0,0,0,0,,insufficient_pairs
2012-10-02,roic,A,0,0,0,0,,insufficient_pairs
2012-10-02,roic,B,12,10,12,10,,insufficient_pairs
2012-10-02,roic,C,2,2,2,2,,insufficient_pairs
2012-10-02,roic,D,130,102,130,102,-0.1825321881131574,estimable
2012-10-02,roic,E,43,31,43,31,-0.047580645161290326,estimable
2012-10-02,roic,F,7,5,7,5,,insufficient_pairs
2012-10-02,roic,G,21,15,21,15,,insufficient_pairs
2012-10-02,roic,H,44,39,44,39,-0.27004048582995954,estimable
2012-10-02,roic,I,35,19,35,19,,insufficient_pairs
2012-10-02,roic,J,0,0,0,0,,insufficient_pairs
2012-10-02,operating_margin,A,0,0,0,0,,insufficient_pairs
2012-10-02,operating_margin,B,12,9,12,9,,insufficient_pairs
2012-10-02,operating_margin,C,2,2,2,2,,insufficient_pairs
2012-10-02,operating_margin,D,130,98,130,98,-0.32424178668655834,estimable
2012-10-02,operating_margin,E,43,42,43,42,-0.08159792561380763,estimable
2012-10-02,operating_margin,F,7,7,7,7,,insufficient_pairs
2012-10-02,operating_margin,G,21,16,21,16,,insufficient_pairs
2012-10-02,operating_margin,H,44,19,44,19,,insufficient_pairs
2012-10-02,operating_margin,I,35,30,35,30,-0.20444938820912126,estimable
2012-10-02,operating_margin,J,0,0,0,0,,insufficient_pairs
2012-10-02,revenue_cagr_3y,A,0,0,0,0,,insufficient_pairs
2012-10-02,revenue_cagr_3y,B,12,11,12,11,,insufficient_pairs
2012-10-02,revenue_cagr_3y,C,2,2,2,2,,insufficient_pairs
2012-10-02,revenue_cagr_3y,D,130,109,130,109,-0.22996941896024467,estimable
2012-10-02,revenue_cagr_3y,E,43,36,43,36,0.22934362934362934,estimable
2012-10-02,revenue_cagr_3y,F,7,7,7,7,,insufficient_pairs
2012-10-02,revenue_cagr_3y,G,21,18,21,18,,insufficient_pairs
2012-10-02,revenue_cagr_3y,H,44,39,44,39,-0.16477732793522268,estimable
2012-10-02,revenue_cagr_3y,I,35,31,35,31,-0.2991935483870968,estimable
2012-10-02,revenue_cagr_3y,J,0,0,0,0,,insufficient_pairs
2012-10-02,fcf_cagr_3y,A,0,0,0,0,,insufficient_pairs
2012-10-02,fcf_cagr_3y,B,12,3,12,3,,insufficient_pairs
2012-10-02,fcf_cagr_3y,C,2,1,2,1,,insufficient_pairs
2012-10-02,fcf_cagr_3y,D,130,89,130,89,-0.010520939734422882,estimable
2012-10-02,fcf_cagr_3y,E,43,21,43,21,,insufficient_pairs
2012-10-02,fcf_cagr_3y,F,7,7,7,7,,insufficient_pairs
2012-10-02,fcf_cagr_3y,G,21,18,21,18,,insufficient_pairs
2012-10-02,fcf_cagr_3y,H,44,25,44,25,,insufficient_pairs
2012-10-02,fcf_cagr_3y,I,35,29,35,29,,insufficient_pairs
2012-10-02,fcf_cagr_3y,J,0,0,0,0,,insufficient_pairs
2012-10-02,momentum_12m,A,0,0,0,0,,insufficient_pairs
2012-10-02,momentum_12m,B,12,12,12,12,,insufficient_pairs
2012-10-02,momentum_12m,C,2,2,2,2,,insufficient_pairs
2012-10-02,momentum_12m,D,130,129,130,129,-0.11843694096601075,estimable
2012-10-02,momentum_12m,E,43,43,43,43,0.04590758079130172,estimable
2012-10-02,momentum_12m,F,7,7,7,7,,insufficient_pairs
2012-10-02,momentum_12m,G,21,21,21,21,,insufficient_pairs
2012-10-02,momentum_12m,H,44,44,44,44,0.1200845665961945,estimable
2012-10-02,momentum_12m,I,35,35,35,35,-0.12268907563025211,estimable
2012-10-02,momentum_12m,J,0,0,0,0,,insufficient_pairs
2012-10-02,rel_strength_6m,A,0,0,0,0,,insufficient_pairs
2012-10-02,rel_strength_6m,B,12,12,12,12,,insufficient_pairs
2012-10-02,rel_strength_6m,C,2,2,2,2,,insufficient_pairs
2012-10-02,rel_strength_6m,D,130,130,130,130,-0.33075147823949524,estimable
2012-10-02,rel_strength_6m,E,43,43,43,43,-0.010721836303231652,estimable
2012-10-02,rel_strength_6m,F,7,7,7,7,,insufficient_pairs
2012-10-02,rel_strength_6m,G,21,21,21,21,,insufficient_pairs
2012-10-02,rel_strength_6m,H,44,44,44,44,-0.35489781536293163,estimable
2012-10-02,rel_strength_6m,I,35,35,35,35,-0.1773109243697479,estimable
2012-10-02,rel_strength_6m,J,0,0,0,0,,insufficient_pairs
2012-10-02,price_vs_sma200,A,0,0,0,0,,insufficient_pairs
2012-10-02,price_vs_sma200,B,12,12,12,12,,insufficient_pairs
2012-10-02,price_vs_sma200,C,2,2,2,2,,insufficient_pairs
2012-10-02,price_vs_sma200,D,130,130,130,130,-0.34644471452566605,estimable
2012-10-02,price_vs_sma200,E,43,43,43,43,0.032467532467532464,estimable
2012-10-02,price_vs_sma200,F,7,7,7,7,,insufficient_pairs
2012-10-02,price_vs_sma200,G,21,21,21,21,,insufficient_pairs
2012-10-02,price_vs_sma200,H,44,44,44,44,0.015926708949964764,estimable
2012-10-02,price_vs_sma200,I,35,35,35,35,-0.17198879551820728,estimable
2012-10-02,price_vs_sma200,J,0,0,0,0,,insufficient_pairs
2012-10-02,debt_to_equity,A,0,0,0,0,,insufficient_pairs
2012-10-02,debt_to_equity,B,12,12,12,12,,insufficient_pairs
2012-10-02,debt_to_equity,C,2,2,2,2,,insufficient_pairs
2012-10-02,debt_to_equity,D,130,113,130,113,-0.032279260097145525,estimable
2012-10-02,debt_to_equity,E,43,33,43,33,-0.08155080213903744,estimable
2012-10-02,debt_to_equity,F,7,6,7,6,,insufficient_pairs
2012-10-02,debt_to_equity,G,21,17,21,17,,insufficient_pairs
2012-10-02,debt_to_equity,H,44,39,44,39,0.048987854251012146,estimable
2012-10-02,debt_to_equity,I,35,16,35,16,,insufficient_pairs
2012-10-02,debt_to_equity,J,0,0,0,0,,insufficient_pairs
2012-10-02,volatility,A,0,0,0,0,,insufficient_pairs
2012-10-02,volatility,B,12,12,12,12,,insufficient_pairs
2012-10-02,volatility,C,2,2,2,2,,insufficient_pairs
2012-10-02,volatility,D,130,130,130,130,-0.35434322467874746,estimable
2012-10-02,volatility,E,43,43,43,43,-0.2390516460283902,estimable
2012-10-02,volatility,F,7,7,7,7,,insufficient_pairs
2012-10-02,volatility,G,21,21,21,21,,insufficient_pairs
2012-10-02,volatility,H,44,44,44,44,-0.2849894291754757,estimable
2012-10-02,volatility,I,35,35,35,35,-0.2739495798319328,estimable
2012-10-02,volatility,J,0,0,0,0,,insufficient_pairs
2012-10-02,max_drawdown,A,0,0,0,0,,insufficient_pairs
2012-10-02,max_drawdown,B,12,12,12,12,,insufficient_pairs
2012-10-02,max_drawdown,C,2,2,2,2,,insufficient_pairs
2012-10-02,max_drawdown,D,130,130,130,130,-0.3306039956847697,estimable
2012-10-02,max_drawdown,E,43,43,43,43,-0.16505587435819996,estimable
2012-10-02,max_drawdown,F,7,7,7,7,,insufficient_pairs
2012-10-02,max_drawdown,G,21,21,21,21,,insufficient_pairs
2012-10-02,max_drawdown,H,44,44,44,44,-0.47850599013389705,estimable
2012-10-02,max_drawdown,I,35,35,35,35,-0.38599439775910366,estimable
2012-10-02,max_drawdown,J,0,0,0,0,,insufficient_pairs
2013-01-02,pe,A,0,0,0,0,,insufficient_pairs
2013-01-02,pe,B,14,12,14,12,,insufficient_pairs
2013-01-02,pe,C,2,2,2,2,,insufficient_pairs
2013-01-02,pe,D,128,114,128,114,-0.06887264332435553,estimable
2013-01-02,pe,E,44,40,44,40,0.2358348968105066,estimable
2013-01-02,pe,F,8,7,8,7,,insufficient_pairs
2013-01-02,pe,G,23,19,23,19,,insufficient_pairs
2013-01-02,pe,H,43,43,43,43,0.08018725460585927,estimable
2013-01-02,pe,I,34,32,34,32,-0.0975073313782991,estimable
2013-01-02,pe,J,0,0,0,0,,insufficient_pairs
2013-01-02,pb,A,0,0,0,0,,insufficient_pairs
2013-01-02,pb,B,14,14,14,14,,insufficient_pairs
2013-01-02,pb,C,2,2,2,2,,insufficient_pairs
2013-01-02,pb,D,128,128,128,128,0.03053470060428493,estimable
2013-01-02,pb,E,44,44,44,44,0.2281888653981677,estimable
2013-01-02,pb,F,8,8,8,8,,insufficient_pairs
2013-01-02,pb,G,23,22,23,22,,insufficient_pairs
2013-01-02,pb,H,43,43,43,43,0.0708245243128964,estimable
2013-01-02,pb,I,34,31,34,31,0.08306451612903226,estimable
2013-01-02,pb,J,0,0,0,0,,insufficient_pairs
2013-01-02,ev_ebitda,A,0,0,0,0,,insufficient_pairs
2013-01-02,ev_ebitda,B,14,11,14,11,,insufficient_pairs
2013-01-02,ev_ebitda,C,2,1,2,1,,insufficient_pairs
2013-01-02,ev_ebitda,D,128,89,128,89,-0.09327545114061969,estimable
2013-01-02,ev_ebitda,E,44,35,44,35,0.28767507002801124,estimable
2013-01-02,ev_ebitda,F,8,6,8,6,,insufficient_pairs
2013-01-02,ev_ebitda,G,23,17,23,17,,insufficient_pairs
2013-01-02,ev_ebitda,H,43,14,43,14,,insufficient_pairs
2013-01-02,ev_ebitda,I,34,24,34,24,,insufficient_pairs
2013-01-02,ev_ebitda,J,0,0,0,0,,insufficient_pairs
2013-01-02,roic,A,0,0,0,0,,insufficient_pairs
2013-01-02,roic,B,14,12,14,12,,insufficient_pairs
2013-01-02,roic,C,2,2,2,2,,insufficient_pairs
2013-01-02,roic,D,128,104,128,104,-0.07792595753760803,estimable
2013-01-02,roic,E,44,31,44,31,0.030645161290322586,estimable
2013-01-02,roic,F,8,5,8,5,,insufficient_pairs
2013-01-02,roic,G,23,16,23,16,,insufficient_pairs
2013-01-02,roic,H,43,38,43,38,0.27169274537695587,estimable
2013-01-02,roic,I,34,19,34,19,,insufficient_pairs
2013-01-02,roic,J,0,0,0,0,,insufficient_pairs
2013-01-02,operating_margin,A,0,0,0,0,,insufficient_pairs
2013-01-02,operating_margin,B,14,10,14,10,,insufficient_pairs
2013-01-02,operating_margin,C,2,2,2,2,,insufficient_pairs
2013-01-02,operating_margin,D,128,92,128,92,-0.1534762572630735,estimable
2013-01-02,operating_margin,E,44,42,44,42,0.06490559922210519,estimable
2013-01-02,operating_margin,F,8,8,8,8,,insufficient_pairs
2013-01-02,operating_margin,G,23,18,23,18,,insufficient_pairs
2013-01-02,operating_margin,H,43,18,43,18,,insufficient_pairs
2013-01-02,operating_margin,I,34,29,34,29,,insufficient_pairs
2013-01-02,operating_margin,J,0,0,0,0,,insufficient_pairs
2013-01-02,revenue_cagr_3y,A,0,0,0,0,,insufficient_pairs
2013-01-02,revenue_cagr_3y,B,14,12,14,12,,insufficient_pairs
2013-01-02,revenue_cagr_3y,C,2,2,2,2,,insufficient_pairs
2013-01-02,revenue_cagr_3y,D,128,107,128,107,-0.23043163071376793,estimable
2013-01-02,revenue_cagr_3y,E,44,37,44,37,-0.15244191559981032,estimable
2013-01-02,revenue_cagr_3y,F,8,7,8,7,,insufficient_pairs
2013-01-02,revenue_cagr_3y,G,23,20,23,20,,insufficient_pairs
2013-01-02,revenue_cagr_3y,H,43,38,43,38,-0.2106357369515264,estimable
2013-01-02,revenue_cagr_3y,I,34,29,34,29,,insufficient_pairs
2013-01-02,revenue_cagr_3y,J,0,0,0,0,,insufficient_pairs
2013-01-02,fcf_cagr_3y,A,0,0,0,0,,insufficient_pairs
2013-01-02,fcf_cagr_3y,B,14,3,14,3,,insufficient_pairs
2013-01-02,fcf_cagr_3y,C,2,1,2,1,,insufficient_pairs
2013-01-02,fcf_cagr_3y,D,128,89,128,89,-0.2627340823970038,estimable
2013-01-02,fcf_cagr_3y,E,44,20,44,20,,insufficient_pairs
2013-01-02,fcf_cagr_3y,F,8,8,8,8,,insufficient_pairs
2013-01-02,fcf_cagr_3y,G,23,20,23,20,,insufficient_pairs
2013-01-02,fcf_cagr_3y,H,43,24,43,24,,insufficient_pairs
2013-01-02,fcf_cagr_3y,I,34,27,34,27,,insufficient_pairs
2013-01-02,fcf_cagr_3y,J,0,0,0,0,,insufficient_pairs
2013-01-02,momentum_12m,A,0,0,0,0,,insufficient_pairs
2013-01-02,momentum_12m,B,14,14,14,14,,insufficient_pairs
2013-01-02,momentum_12m,C,2,2,2,2,,insufficient_pairs
2013-01-02,momentum_12m,D,128,128,128,128,0.023398873832631385,estimable
2013-01-02,momentum_12m,E,44,44,44,44,0.0427061310782241,estimable
2013-01-02,momentum_12m,F,8,8,8,8,,insufficient_pairs
2013-01-02,momentum_12m,G,23,23,23,23,,insufficient_pairs
2013-01-02,momentum_12m,H,43,43,43,43,-0.20069465418302626,estimable
2013-01-02,momentum_12m,I,34,34,34,34,0.13491214667685256,estimable
2013-01-02,momentum_12m,J,0,0,0,0,,insufficient_pairs
2013-01-02,rel_strength_6m,A,0,0,0,0,,insufficient_pairs
2013-01-02,rel_strength_6m,B,14,14,14,14,,insufficient_pairs
2013-01-02,rel_strength_6m,C,2,2,2,2,,insufficient_pairs
2013-01-02,rel_strength_6m,D,128,128,128,128,0.00305003662332906,estimable
2013-01-02,rel_strength_6m,E,44,44,44,44,-0.10528541226215644,estimable
2013-01-02,rel_strength_6m,F,8,8,8,8,,insufficient_pairs
2013-01-02,rel_strength_6m,G,23,23,23,23,,insufficient_pairs
2013-01-02,rel_strength_6m,H,43,43,43,43,-0.12987012987012986,estimable
2013-01-02,rel_strength_6m,I,34,34,34,34,0.1896103896103896,estimable
2013-01-02,rel_strength_6m,J,0,0,0,0,,insufficient_pairs
2013-01-02,price_vs_sma200,A,0,0,0,0,,insufficient_pairs
2013-01-02,price_vs_sma200,B,14,14,14,14,,insufficient_pairs
2013-01-02,price_vs_sma200,C,2,2,2,2,,insufficient_pairs
2013-01-02,price_vs_sma200,D,128,128,128,128,-0.02509842519685039,estimable
2013-01-02,price_vs_sma200,E,44,44,44,44,-0.06849894291754757,estimable
2013-01-02,price_vs_sma200,F,8,8,8,8,,insufficient_pairs
2013-01-02,price_vs_sma200,G,23,23,23,23,,insufficient_pairs
2013-01-02,price_vs_sma200,H,43,43,43,43,-0.12684989429175475,estimable
2013-01-02,price_vs_sma200,I,34,34,34,34,0.25347593582887695,estimable
2013-01-02,price_vs_sma200,J,0,0,0,0,,insufficient_pairs
2013-01-02,debt_to_equity,A,0,0,0,0,,insufficient_pairs
2013-01-02,debt_to_equity,B,14,13,14,13,,insufficient_pairs
2013-01-02,debt_to_equity,C,2,2,2,2,,insufficient_pairs
2013-01-02,debt_to_equity,D,128,114,128,114,-0.15279155950669288,estimable
2013-01-02,debt_to_equity,E,44,33,44,33,0.15441176470588236,estimable
2013-01-02,debt_to_equity,F,8,6,8,6,,insufficient_pairs
2013-01-02,debt_to_equity,G,23,18,23,18,,insufficient_pairs
2013-01-02,debt_to_equity,H,43,38,43,38,0.4386694386694387,estimable
2013-01-02,debt_to_equity,I,34,17,34,17,,insufficient_pairs
2013-01-02,debt_to_equity,J,0,0,0,0,,insufficient_pairs
2013-01-02,volatility,A,0,0,0,0,,insufficient_pairs
2013-01-02,volatility,B,14,14,14,14,,insufficient_pairs
2013-01-02,volatility,C,2,2,2,2,,insufficient_pairs
2013-01-02,volatility,D,128,128,128,128,0.3338159219923091,estimable
2013-01-02,volatility,E,44,44,44,44,-0.05313601127554615,estimable
2013-01-02,volatility,F,8,8,8,8,,insufficient_pairs
2013-01-02,volatility,G,23,23,23,23,,insufficient_pairs
2013-01-02,volatility,H,43,43,43,43,0.23452129266082755,estimable
2013-01-02,volatility,I,34,34,34,34,0.06982429335370512,estimable
2013-01-02,volatility,J,0,0,0,0,,insufficient_pairs
2013-01-02,max_drawdown,A,0,0,0,0,,insufficient_pairs
2013-01-02,max_drawdown,B,14,14,14,14,,insufficient_pairs
2013-01-02,max_drawdown,C,2,2,2,2,,insufficient_pairs
2013-01-02,max_drawdown,D,128,128,128,128,0.29006248855520966,estimable
2013-01-02,max_drawdown,E,44,44,44,44,0.09499647639182522,estimable
2013-01-02,max_drawdown,F,8,8,8,8,,insufficient_pairs
2013-01-02,max_drawdown,G,23,23,23,23,,insufficient_pairs
2013-01-02,max_drawdown,H,43,43,43,43,0.029900332225913623,estimable
2013-01-02,max_drawdown,I,34,34,34,34,-0.07624140565317035,estimable
2013-01-02,max_drawdown,J,0,0,0,0,,insufficient_pairs
2013-04-02,pe,A,0,0,0,0,,insufficient_pairs
2013-04-02,pe,B,13,8,13,8,,insufficient_pairs
2013-04-02,pe,C,2,2,2,2,,insufficient_pairs
2013-04-02,pe,D,126,111,126,111,0.229018954018954,estimable
2013-04-02,pe,E,39,34,39,34,0.07532467532467532,estimable
2013-04-02,pe,F,7,6,7,6,,insufficient_pairs
2013-04-02,pe,G,17,14,17,14,,insufficient_pairs
2013-04-02,pe,H,39,38,39,38,0.29642192800087536,estimable
2013-04-02,pe,I,31,28,31,28,,insufficient_pairs
2013-04-02,pe,J,0,0,0,0,,insufficient_pairs
2013-04-02,pb,A,0,0,0,0,,insufficient_pairs
2013-04-02,pb,B,13,13,13,13,,insufficient_pairs
2013-04-02,pb,C,2,2,2,2,,insufficient_pairs
2013-04-02,pb,D,126,125,126,125,0.13043932411674344,estimable
2013-04-02,pb,E,39,39,39,39,-0.2611336032388664,estimable
2013-04-02,pb,F,7,7,7,7,,insufficient_pairs
2013-04-02,pb,G,17,15,17,15,,insufficient_pairs
2013-04-02,pb,H,39,39,39,39,0.5631578947368421,estimable
2013-04-02,pb,I,31,29,31,29,,insufficient_pairs
2013-04-02,pb,J,0,0,0,0,,insufficient_pairs
2013-04-02,ev_ebitda,A,0,0,0,0,,insufficient_pairs
2013-04-02,ev_ebitda,B,13,10,13,10,,insufficient_pairs
2013-04-02,ev_ebitda,C,2,1,2,1,,insufficient_pairs
2013-04-02,ev_ebitda,D,126,89,126,89,0.3410623084780388,estimable
2013-04-02,ev_ebitda,E,39,28,39,28,,insufficient_pairs
2013-04-02,ev_ebitda,F,7,5,7,5,,insufficient_pairs
2013-04-02,ev_ebitda,G,17,13,17,13,,insufficient_pairs
2013-04-02,ev_ebitda,H,39,9,39,9,,insufficient_pairs
2013-04-02,ev_ebitda,I,31,21,31,21,,insufficient_pairs
2013-04-02,ev_ebitda,J,0,0,0,0,,insufficient_pairs
2013-04-02,roic,A,0,0,0,0,,insufficient_pairs
2013-04-02,roic,B,13,11,13,11,,insufficient_pairs
2013-04-02,roic,C,2,2,2,2,,insufficient_pairs
2013-04-02,roic,D,126,99,126,99,-0.07878787878787878,estimable
2013-04-02,roic,E,39,28,39,28,,insufficient_pairs
2013-04-02,roic,F,7,5,7,5,,insufficient_pairs
2013-04-02,roic,G,17,13,17,13,,insufficient_pairs
2013-04-02,roic,H,39,35,39,35,-0.14565826330532214,estimable
2013-04-02,roic,I,31,18,31,18,,insufficient_pairs
2013-04-02,roic,J,0,0,0,0,,insufficient_pairs
2013-04-02,operating_margin,A,0,0,0,0,,insufficient_pairs
2013-04-02,operating_margin,B,13,10,13,10,,insufficient_pairs
2013-04-02,operating_margin,C,2,2,2,2,,insufficient_pairs
2013-04-02,operating_margin,D,126,91,126,91,-0.25934065934065936,estimable
2013-04-02,operating_margin,E,39,37,39,37,-0.08274063537221432,estimable
2013-04-02,operating_margin,F,7,7,7,7,,insufficient_pairs
2013-04-02,operating_margin,G,17,14,17,14,,insufficient_pairs
2013-04-02,operating_margin,H,39,14,39,14,,insufficient_pairs
2013-04-02,operating_margin,I,31,28,31,28,,insufficient_pairs
2013-04-02,operating_margin,J,0,0,0,0,,insufficient_pairs
2013-04-02,revenue_cagr_3y,A,0,0,0,0,,insufficient_pairs
2013-04-02,revenue_cagr_3y,B,13,11,13,11,,insufficient_pairs
2013-04-02,revenue_cagr_3y,C,2,2,2,2,,insufficient_pairs
2013-04-02,revenue_cagr_3y,D,126,106,126,106,-0.06896742826913872,estimable
2013-04-02,revenue_cagr_3y,E,39,35,39,35,0.24929971988795518,estimable
2013-04-02,revenue_cagr_3y,F,7,6,7,6,,insufficient_pairs
2013-04-02,revenue_cagr_3y,G,17,16,17,16,,insufficient_pairs
2013-04-02,revenue_cagr_3y,H,39,33,39,33,-0.20421122994652408,estimable
2013-04-02,revenue_cagr_3y,I,31,29,31,29,,insufficient_pairs
2013-04-02,revenue_cagr_3y,J,0,0,0,0,,insufficient_pairs
2013-04-02,fcf_cagr_3y,A,0,0,0,0,,insufficient_pairs
2013-04-02,fcf_cagr_3y,B,13,3,13,3,,insufficient_pairs
2013-04-02,fcf_cagr_3y,C,2,1,2,1,,insufficient_pairs
2013-04-02,fcf_cagr_3y,D,126,89,126,89,0.022540006809669735,estimable
2013-04-02,fcf_cagr_3y,E,39,19,39,19,,insufficient_pairs
2013-04-02,fcf_cagr_3y,F,7,7,7,7,,insufficient_pairs
2013-04-02,fcf_cagr_3y,G,17,15,17,15,,insufficient_pairs
2013-04-02,fcf_cagr_3y,H,39,26,39,26,,insufficient_pairs
2013-04-02,fcf_cagr_3y,I,31,25,31,25,,insufficient_pairs
2013-04-02,fcf_cagr_3y,J,0,0,0,0,,insufficient_pairs
2013-04-02,momentum_12m,A,0,0,0,0,,insufficient_pairs
2013-04-02,momentum_12m,B,13,13,13,13,,insufficient_pairs
2013-04-02,momentum_12m,C,2,2,2,2,,insufficient_pairs
2013-04-02,momentum_12m,D,126,126,126,126,-0.1852478440194976,estimable
2013-04-02,momentum_12m,E,39,39,39,39,0.09615384615384617,estimable
2013-04-02,momentum_12m,F,7,7,7,7,,insufficient_pairs
2013-04-02,momentum_12m,G,17,17,17,17,,insufficient_pairs
2013-04-02,momentum_12m,H,39,39,39,39,-0.43299595141700403,estimable
2013-04-02,momentum_12m,I,31,31,31,31,-0.21653225806451612,estimable
2013-04-02,momentum_12m,J,0,0,0,0,,insufficient_pairs
2013-04-02,rel_strength_6m,A,0,0,0,0,,insufficient_pairs
2013-04-02,rel_strength_6m,B,13,13,13,13,,insufficient_pairs
2013-04-02,rel_strength_6m,C,2,2,2,2,,insufficient_pairs
2013-04-02,rel_strength_6m,D,126,126,126,126,-0.041853768278965135,estimable
2013-04-02,rel_strength_6m,E,39,39,39,39,-0.04089068825910932,estimable
2013-04-02,rel_strength_6m,F,7,7,7,7,,insufficient_pairs
2013-04-02,rel_strength_6m,G,17,17,17,17,,insufficient_pairs
2013-04-02,rel_strength_6m,H,39,39,39,39,-0.0022267206477732796,estimable
2013-04-02,rel_strength_6m,I,31,31,31,31,-0.2060483870967742,estimable
2013-04-02,rel_strength_6m,J,0,0,0,0,,insufficient_pairs
2013-04-02,price_vs_sma200,A,0,0,0,0,,insufficient_pairs
2013-04-02,price_vs_sma200,B,13,13,13,13,,insufficient_pairs
2013-04-02,price_vs_sma200,C,2,2,2,2,,insufficient_pairs
2013-04-02,price_vs_sma200,D,126,126,126,126,-0.10091038620172478,estimable
2013-04-02,price_vs_sma200,E,39,39,39,39,0.05566801619433199,estimable
2013-04-02,price_vs_sma200,F,7,7,7,7,,insufficient_pairs
2013-04-02,price_vs_sma200,G,17,17,17,17,,insufficient_pairs
2013-04-02,price_vs_sma200,H,39,39,39,39,-0.08238866396761134,estimable
2013-04-02,price_vs_sma200,I,31,31,31,31,-0.15725806451612906,estimable
2013-04-02,price_vs_sma200,J,0,0,0,0,,insufficient_pairs
2013-04-02,debt_to_equity,A,0,0,0,0,,insufficient_pairs
2013-04-02,debt_to_equity,B,13,12,13,12,,insufficient_pairs
2013-04-02,debt_to_equity,C,2,2,2,2,,insufficient_pairs
2013-04-02,debt_to_equity,D,126,109,126,109,-0.07055879899916599,estimable
2013-04-02,debt_to_equity,E,39,30,39,30,-0.04516129032258065,estimable
2013-04-02,debt_to_equity,F,7,6,7,6,,insufficient_pairs
2013-04-02,debt_to_equity,G,17,12,17,12,,insufficient_pairs
2013-04-02,debt_to_equity,H,39,35,39,35,-0.014005602240896357,estimable
2013-04-02,debt_to_equity,I,31,16,31,16,,insufficient_pairs
2013-04-02,debt_to_equity,J,0,0,0,0,,insufficient_pairs
2013-04-02,volatility,A,0,0,0,0,,insufficient_pairs
2013-04-02,volatility,B,13,13,13,13,,insufficient_pairs
2013-04-02,volatility,C,2,2,2,2,,insufficient_pairs
2013-04-02,volatility,D,126,126,126,126,-0.13532208473940757,estimable
2013-04-02,volatility,E,39,39,39,39,-0.5876518218623482,estimable
2013-04-02,volatility,F,7,7,7,7,,insufficient_pairs
2013-04-02,volatility,G,17,17,17,17,,insufficient_pairs
2013-04-02,volatility,H,39,39,39,39,-0.4204453441295547,estimable
2013-04-02,volatility,I,31,31,31,31,-0.014112903225806453,estimable
2013-04-02,volatility,J,0,0,0,0,,insufficient_pairs
2013-04-02,max_drawdown,A,0,0,0,0,,insufficient_pairs
2013-04-02,max_drawdown,B,13,13,13,13,,insufficient_pairs
2013-04-02,max_drawdown,C,2,2,2,2,,insufficient_pairs
2013-04-02,max_drawdown,D,126,126,126,126,-0.11374878140232471,estimable
2013-04-02,max_drawdown,E,39,39,39,39,-0.5706477732793522,estimable
2013-04-02,max_drawdown,F,7,7,7,7,,insufficient_pairs
2013-04-02,max_drawdown,G,17,17,17,17,,insufficient_pairs
2013-04-02,max_drawdown,H,39,39,39,39,-0.371255060728745,estimable
2013-04-02,max_drawdown,I,31,31,31,31,-0.04314516129032259,estimable
2013-04-02,max_drawdown,J,0,0,0,0,,insufficient_pairs
2013-07-02,pe,A,0,0,0,0,,insufficient_pairs
2013-07-02,pe,B,14,10,14,10,,insufficient_pairs
2013-07-02,pe,C,2,2,2,2,,insufficient_pairs
2013-07-02,pe,D,122,106,122,106,0.04615462125601431,estimable
2013-07-02,pe,E,44,38,44,38,-0.019367545683335156,estimable
2013-07-02,pe,F,8,7,8,7,,insufficient_pairs
2013-07-02,pe,G,20,17,20,17,,insufficient_pairs
2013-07-02,pe,H,44,42,44,42,0.16133214488291064,estimable
2013-07-02,pe,I,36,33,36,33,-0.18315508021390375,estimable
2013-07-02,pe,J,0,0,0,0,,insufficient_pairs
2013-07-02,pb,A,0,0,0,0,,insufficient_pairs
2013-07-02,pb,B,14,14,14,14,,insufficient_pairs
2013-07-02,pb,C,2,2,2,2,,insufficient_pairs
2013-07-02,pb,D,122,120,122,120,0.09890270157649836,estimable
2013-07-02,pb,E,44,44,44,44,-0.25130373502466524,estimable
2013-07-02,pb,F,8,8,8,8,,insufficient_pairs
2013-07-02,pb,G,20,18,20,18,,insufficient_pairs
2013-07-02,pb,H,44,44,44,44,0.257646229739253,estimable
2013-07-02,pb,I,36,34,36,34,-0.03162719633307868,estimable
2013-07-02,pb,J,0,0,0,0,,insufficient_pairs
2013-07-02,ev_ebitda,A,0,0,0,0,,insufficient_pairs
2013-07-02,ev_ebitda,B,14,9,14,9,,insufficient_pairs
2013-07-02,ev_ebitda,C,2,1,2,1,,insufficient_pairs
2013-07-02,ev_ebitda,D,122,88,122,88,0.14435912789264208,estimable
2013-07-02,ev_ebitda,E,44,33,44,33,-0.12433155080213903,estimable
2013-07-02,ev_ebitda,F,8,5,8,5,,insufficient_pairs
2013-07-02,ev_ebitda,G,20,15,20,15,,insufficient_pairs
2013-07-02,ev_ebitda,H,44,13,44,13,,insufficient_pairs
2013-07-02,ev_ebitda,I,36,23,36,23,,insufficient_pairs
2013-07-02,ev_ebitda,J,0,0,0,0,,insufficient_pairs
2013-07-02,roic,A,0,0,0,0,,insufficient_pairs
2013-07-02,roic,B,14,13,14,13,,insufficient_pairs
2013-07-02,roic,C,2,2,2,2,,insufficient_pairs
2013-07-02,roic,D,122,96,122,96,-0.16528757460661966,estimable
2013-07-02,roic,E,44,31,44,31,0.16572580645161292,estimable
2013-07-02,roic,F,8,5,8,5,,insufficient_pairs
2013-07-02,roic,G,20,15,20,15,,insufficient_pairs
2013-07-02,roic,H,44,39,44,39,0.03704453441295547,estimable
2013-07-02,roic,I,36,22,36,22,,insufficient_pairs
2013-07-02,roic,J,0,0,0,0,,insufficient_pairs
2013-07-02,operating_margin,A,0,0,0,0,,insufficient_pairs
2013-07-02,operating_margin,B,14,9,14,9,,insufficient_pairs
2013-07-02,operating_margin,C,2,2,2,2,,insufficient_pairs
2013-07-02,operating_margin,D,122,87,122,87,-0.05462200189545818,estimable
2013-07-02,operating_margin,E,44,42,44,42,0.021149015476865735,estimable
2013-07-02,operating_margin,F,8,8,8,8,,insufficient_pairs
2013-07-02,operating_margin,G,20,17,20,17,,insufficient_pairs
2013-07-02,operating_margin,H,44,17,44,17,,insufficient_pairs
2013-07-02,operating_margin,I,36,33,36,33,0.05046791443850268,estimable
2013-07-02,operating_margin,J,0,0,0,0,,insufficient_pairs
2013-07-02,revenue_cagr_3y,A,0,0,0,0,,insufficient_pairs
2013-07-02,revenue_cagr_3y,B,14,11,14,11,,insufficient_pairs
2013-07-02,revenue_cagr_3y,C,2,2,2,2,,insufficient_pairs
2013-07-02,revenue_cagr_3y,D,122,102,122,102,0.07516496938100435,estimable
2013-07-02,revenue_cagr_3y,E,44,40,44,40,0.2690431519699813,estimable
2013-07-02,revenue_cagr_3y,F,8,7,8,7,,insufficient_pairs
2013-07-02,revenue_cagr_3y,G,20,17,20,17,,insufficient_pairs
2013-07-02,revenue_cagr_3y,H,44,37,44,37,0.07183499288762446,estimable
2013-07-02,revenue_cagr_3y,I,36,34,36,34,0.28922841864018334,estimable
2013-07-02,revenue_cagr_3y,J,0,0,0,0,,insufficient_pairs
2013-07-02,fcf_cagr_3y,A,0,0,0,0,,insufficient_pairs
2013-07-02,fcf_cagr_3y,B,14,5,14,5,,insufficient_pairs
2013-07-02,fcf_cagr_3y,C,2,1,2,1,,insufficient_pairs
2013-07-02,fcf_cagr_3y,D,122,85,122,85,0.05868673050615595,estimable
2013-07-02,fcf_cagr_3y,E,44,22,44,22,,insufficient_pairs
2013-07-02,fcf_cagr_3y,F,8,8,8,8,,insufficient_pairs
2013-07-02,fcf_cagr_3y,G,20,15,20,15,,insufficient_pairs
2013-07-02,fcf_cagr_3y,H,44,29,44,29,,insufficient_pairs
2013-07-02,fcf_cagr_3y,I,36,29,36,29,,insufficient_pairs
2013-07-02,fcf_cagr_3y,J,0,0,0,0,,insufficient_pairs
2013-07-02,momentum_12m,A,0,0,0,0,,insufficient_pairs
2013-07-02,momentum_12m,B,14,14,14,14,,insufficient_pairs
2013-07-02,momentum_12m,C,2,2,2,2,,insufficient_pairs
2013-07-02,momentum_12m,D,122,122,122,122,0.011833283215639364,estimable
2013-07-02,momentum_12m,E,44,44,44,44,0.19478505990133893,estimable
2013-07-02,momentum_12m,F,8,8,8,8,,insufficient_pairs
2013-07-02,momentum_12m,G,20,20,20,20,,insufficient_pairs
2013-07-02,momentum_12m,H,44,44,44,44,0.08174770965468638,estimable
2013-07-02,momentum_12m,I,36,36,36,36,0.04041184041184042,estimable
2013-07-02,momentum_12m,J,0,0,0,0,,insufficient_pairs
2013-07-02,rel_strength_6m,A,0,0,0,0,,insufficient_pairs
2013-07-02,rel_strength_6m,B,14,14,14,14,,insufficient_pairs
2013-07-02,rel_strength_6m,C,2,2,2,2,,insufficient_pairs
2013-07-02,rel_strength_6m,D,122,122,122,122,-0.09759071577980377,estimable
2013-07-02,rel_strength_6m,E,44,44,44,44,0.20098661028893586,estimable
2013-07-02,rel_strength_6m,F,8,8,8,8,,insufficient_pairs
2013-07-02,rel_strength_6m,G,20,20,20,20,,insufficient_pairs
2013-07-02,rel_strength_6m,H,44,44,44,44,0.11684284707540521,estimable
2013-07-02,rel_strength_6m,I,36,36,36,36,-0.15830115830115832,estimable
2013-07-02,rel_strength_6m,J,0,0,0,0,,insufficient_pairs
2013-07-02,price_vs_sma200,A,0,0,0,0,,insufficient_pairs
2013-07-02,price_vs_sma200,B,14,14,14,14,,insufficient_pairs
2013-07-02,price_vs_sma200,C,2,2,2,2,,insufficient_pairs
2013-07-02,price_vs_sma200,D,122,122,122,122,-0.00776218438244537,estimable
2013-07-02,price_vs_sma200,E,44,44,44,44,0.13417899929527835,estimable
2013-07-02,price_vs_sma200,F,8,8,8,8,,insufficient_pairs
2013-07-02,price_vs_sma200,G,20,20,20,20,,insufficient_pairs
2013-07-02,price_vs_sma200,H,44,44,44,44,0.12121212121212122,estimable
2013-07-02,price_vs_sma200,I,36,36,36,36,-0.10244530244530246,estimable
2013-07-02,price_vs_sma200,J,0,0,0,0,,insufficient_pairs
2013-07-02,debt_to_equity,A,0,0,0,0,,insufficient_pairs
2013-07-02,debt_to_equity,B,14,14,14,14,,insufficient_pairs
2013-07-02,debt_to_equity,C,2,2,2,2,,insufficient_pairs
2013-07-02,debt_to_equity,D,122,107,122,107,0.05942514547698819,estimable
2013-07-02,debt_to_equity,E,44,34,44,34,-0.13063407181054237,estimable
2013-07-02,debt_to_equity,F,8,6,8,6,,insufficient_pairs
2013-07-02,debt_to_equity,G,20,14,20,14,,insufficient_pairs
2013-07-02,debt_to_equity,H,44,40,44,40,0.08311444652908069,estimable
2013-07-02,debt_to_equity,I,36,20,36,20,,insufficient_pairs
2013-07-02,debt_to_equity,J,0,0,0,0,,insufficient_pairs
2013-07-02,volatility,A,0,0,0,0,,insufficient_pairs
2013-07-02,volatility,B,14,14,14,14,,insufficient_pairs
2013-07-02,volatility,C,2,2,2,2,,insufficient_pairs
2013-07-02,volatility,D,122,122,122,122,-0.4023018891616907,estimable
2013-07-02,volatility,E,44,44,44,44,-0.3568710359408034,estimable
2013-07-02,volatility,F,8,8,8,8,,insufficient_pairs
2013-07-02,volatility,G,20,20,20,20,,insufficient_pairs
2013-07-02,volatility,H,44,44,44,44,0.11853417899929529,estimable
2013-07-02,volatility,I,36,36,36,36,-0.592020592020592,estimable
2013-07-02,volatility,J,0,0,0,0,,insufficient_pairs
2013-07-02,max_drawdown,A,0,0,0,0,,insufficient_pairs
2013-07-02,max_drawdown,B,14,14,14,14,,insufficient_pairs
2013-07-02,max_drawdown,C,2,2,2,2,,insufficient_pairs
2013-07-02,max_drawdown,D,122,122,122,122,-0.48152970216871926,estimable
2013-07-02,max_drawdown,E,44,44,44,44,-0.24031007751937983,estimable
2013-07-02,max_drawdown,F,8,8,8,8,,insufficient_pairs
2013-07-02,max_drawdown,G,20,20,20,20,,insufficient_pairs
2013-07-02,max_drawdown,H,44,44,44,44,0.01113460183227625,estimable
2013-07-02,max_drawdown,I,36,36,36,36,-0.3366795366795367,estimable
2013-07-02,max_drawdown,J,0,0,0,0,,insufficient_pairs
2013-10-02,pe,A,0,0,0,0,,insufficient_pairs
2013-10-02,pe,B,15,10,15,10,,insufficient_pairs
2013-10-02,pe,C,2,2,2,2,,insufficient_pairs
2013-10-02,pe,D,129,112,129,112,0.01798100249427683,estimable
2013-10-02,pe,E,48,43,48,43,0.01706433101781939,estimable
2013-10-02,pe,F,8,7,8,7,,insufficient_pairs
2013-10-02,pe,G,19,16,19,16,,insufficient_pairs
2013-10-02,pe,H,45,43,45,43,0.07037148897614015,estimable
2013-10-02,pe,I,33,30,33,30,0.14705228031145717,estimable
2013-10-02,pe,J,0,0,0,0,,insufficient_pairs
2013-10-02,pb,A,0,0,0,0,,insufficient_pairs
2013-10-02,pb,B,15,15,15,15,,insufficient_pairs
2013-10-02,pb,C,2,2,2,2,,insufficient_pairs
2013-10-02,pb,D,129,127,129,127,0.0540869891263592,estimable
2013-10-02,pb,E,48,47,48,47,-0.10615171137835339,estimable
2013-10-02,pb,F,8,8,8,8,,insufficient_pairs
2013-10-02,pb,G,19,17,19,17,,insufficient_pairs
2013-10-02,pb,H,45,45,45,45,0.13715415019762844,estimable
2013-10-02,pb,I,33,31,33,31,0.21612903225806454,estimable
2013-10-02,pb,J,0,0,0,0,,insufficient_pairs
2013-10-02,ev_ebitda,A,0,0,0,0,,insufficient_pairs
2013-10-02,ev_ebitda,B,15,10,15,10,,insufficient_pairs
2013-10-02,ev_ebitda,C,2,1,2,1,,insufficient_pairs
2013-10-02,ev_ebitda,D,129,88,129,88,0.16654925856785605,estimable
2013-10-02,ev_ebitda,E,48,36,48,36,-0.07335907335907337,estimable
2013-10-02,ev_ebitda,F,8,5,8,5,,insufficient_pairs
2013-10-02,ev_ebitda,G,19,14,19,14,,insufficient_pairs
2013-10-02,ev_ebitda,H,45,13,45,13,,insufficient_pairs
2013-10-02,ev_ebitda,I,33,21,33,21,,insufficient_pairs
2013-10-02,ev_ebitda,J,0,0,0,0,,insufficient_pairs
2013-10-02,roic,A,0,0,0,0,,insufficient_pairs
2013-10-02,roic,B,15,14,15,14,,insufficient_pairs
2013-10-02,roic,C,2,2,2,2,,insufficient_pairs
2013-10-02,roic,D,129,99,129,99,0.03850340136054421,estimable
2013-10-02,roic,E,48,35,48,35,0.4000000000000001,estimable
2013-10-02,roic,F,8,5,8,5,,insufficient_pairs
2013-10-02,roic,G,19,14,19,14,,insufficient_pairs
2013-10-02,roic,H,45,39,45,39,0.020850202429149797,estimable
2013-10-02,roic,I,33,18,33,18,,insufficient_pairs
2013-10-02,roic,J,0,0,0,0,,insufficient_pairs
2013-10-02,operating_margin,A,0,0,0,0,,insufficient_pairs
2013-10-02,operating_margin,B,15,10,15,10,,insufficient_pairs
2013-10-02,operating_margin,C,2,2,2,2,,insufficient_pairs
2013-10-02,operating_margin,D,129,93,129,93,-0.16754200113395598,estimable
2013-10-02,operating_margin,E,48,46,48,46,0.042984890533456666,estimable
2013-10-02,operating_margin,F,8,8,8,8,,insufficient_pairs
2013-10-02,operating_margin,G,19,17,19,17,,insufficient_pairs
2013-10-02,operating_margin,H,45,18,45,18,,insufficient_pairs
2013-10-02,operating_margin,I,33,30,33,30,0.22135706340378197,estimable
2013-10-02,operating_margin,J,0,0,0,0,,insufficient_pairs
2013-10-02,revenue_cagr_3y,A,0,0,0,0,,insufficient_pairs
2013-10-02,revenue_cagr_3y,B,15,12,15,12,,insufficient_pairs
2013-10-02,revenue_cagr_3y,C,2,2,2,2,,insufficient_pairs
2013-10-02,revenue_cagr_3y,D,129,113,129,113,-0.1755938518863531,estimable
2013-10-02,revenue_cagr_3y,E,48,44,48,44,0.2983791402396053,estimable
2013-10-02,revenue_cagr_3y,F,8,7,8,7,,insufficient_pairs
2013-10-02,revenue_cagr_3y,G,19,17,19,17,,insufficient_pairs
2013-10-02,revenue_cagr_3y,H,45,38,45,38,-0.041251778093883355,estimable
2013-10-02,revenue_cagr_3y,I,33,31,33,31,0.18467741935483872,estimable
2013-10-02,revenue_cagr_3y,J,0,0,0,0,,insufficient_pairs
2013-10-02,fcf_cagr_3y,A,0,0,0,0,,insufficient_pairs
2013-10-02,fcf_cagr_3y,B,15,5,15,5,,insufficient_pairs
2013-10-02,fcf_cagr_3y,C,2,1,2,1,,insufficient_pairs
2013-10-02,fcf_cagr_3y,D,129,92,129,92,-0.03612656628084398,estimable
2013-10-02,fcf_cagr_3y,E,48,23,48,23,,insufficient_pairs
2013-10-02,fcf_cagr_3y,F,8,8,8,8,,insufficient_pairs
2013-10-02,fcf_cagr_3y,G,19,15,19,15,,insufficient_pairs
2013-10-02,fcf_cagr_3y,H,45,30,45,30,-0.19288097886540603,estimable
2013-10-02,fcf_cagr_3y,I,33,27,33,27,,insufficient_pairs
2013-10-02,fcf_cagr_3y,J,0,0,0,0,,insufficient_pairs
2013-10-02,momentum_12m,A,0,0,0,0,,insufficient_pairs
2013-10-02,momentum_12m,B,15,15,15,15,,insufficient_pairs
2013-10-02,momentum_12m,C,2,2,2,2,,insufficient_pairs
2013-10-02,momentum_12m,D,129,129,129,129,0.10559593023255816,estimable
2013-10-02,momentum_12m,E,48,48,48,48,0.5376682587928788,estimable
2013-10-02,momentum_12m,F,8,8,8,8,,insufficient_pairs
2013-10-02,momentum_12m,G,19,19,19,19,,insufficient_pairs
2013-10-02,momentum_12m,H,45,45,45,45,0.4952569169960474,estimable
2013-10-02,momentum_12m,I,33,33,33,33,-0.006016042780748664,estimable
2013-10-02,momentum_12m,J,0,0,0,0,,insufficient_pairs
2013-10-02,rel_strength_6m,A,0,0,0,0,,insufficient_pairs
2013-10-02,rel_strength_6m,B,15,15,15,15,,insufficient_pairs
2013-10-02,rel_strength_6m,C,2,2,2,2,,insufficient_pairs
2013-10-02,rel_strength_6m,D,129,129,129,129,0.07202593917710198,estimable
2013-10-02,rel_strength_6m,E,48,48,48,48,0.5409248805905341,estimable
2013-10-02,rel_strength_6m,F,8,8,8,8,,insufficient_pairs
2013-10-02,rel_strength_6m,G,19,19,19,19,,insufficient_pairs
2013-10-02,rel_strength_6m,H,45,45,45,45,0.38840579710144923,estimable
2013-10-02,rel_strength_6m,I,33,33,33,33,-0.12065508021390375,estimable
2013-10-02,rel_strength_6m,J,0,0,0,0,,insufficient_pairs
2013-10-02,price_vs_sma200,A,0,0,0,0,,insufficient_pairs
2013-10-02,price_vs_sma200,B,15,15,15,15,,insufficient_pairs
2013-10-02,price_vs_sma200,C,2,2,2,2,,insufficient_pairs
2013-10-02,price_vs_sma200,D,129,129,129,129,0.11844812164579609,estimable
2013-10-02,price_vs_sma200,E,48,48,48,48,0.4743812418584455,estimable
2013-10-02,price_vs_sma200,F,8,8,8,8,,insufficient_pairs
2013-10-02,price_vs_sma200,G,19,19,19,19,,insufficient_pairs
2013-10-02,price_vs_sma200,H,45,45,45,45,0.2931488801054018,estimable
2013-10-02,price_vs_sma200,I,33,33,33,33,-0.09792780748663102,estimable
2013-10-02,price_vs_sma200,J,0,0,0,0,,insufficient_pairs
2013-10-02,debt_to_equity,A,0,0,0,0,,insufficient_pairs
2013-10-02,debt_to_equity,B,15,15,15,15,,insufficient_pairs
2013-10-02,debt_to_equity,C,2,2,2,2,,insufficient_pairs
2013-10-02,debt_to_equity,D,129,111,129,111,-0.1765093015093015,estimable
2013-10-02,debt_to_equity,E,48,37,48,37,0.2425320056899004,estimable
2013-10-02,debt_to_equity,F,8,6,8,6,,insufficient_pairs
2013-10-02,debt_to_equity,G,19,13,19,13,,insufficient_pairs
2013-10-02,debt_to_equity,H,45,40,45,40,0.0450281425891182,estimable
2013-10-02,debt_to_equity,I,33,16,33,16,,insufficient_pairs
2013-10-02,debt_to_equity,J,0,0,0,0,,insufficient_pairs
2013-10-02,volatility,A,0,0,0,0,,insufficient_pairs
2013-10-02,volatility,B,15,15,15,15,,insufficient_pairs
2013-10-02,volatility,C,2,2,2,2,,insufficient_pairs
2013-10-02,volatility,D,129,129,129,129,0.14713215563506263,estimable
2013-10-02,volatility,E,48,48,48,48,-0.5343030829353018,estimable
2013-10-02,volatility,F,8,8,8,8,,insufficient_pairs
2013-10-02,volatility,G,19,19,19,19,,insufficient_pairs
2013-10-02,volatility,H,45,45,45,45,-0.35401844532279314,estimable
2013-10-02,volatility,I,33,33,33,33,0.12266042780748664,estimable
2013-10-02,volatility,J,0,0,0,0,,insufficient_pairs
2013-10-02,max_drawdown,A,0,0,0,0,,insufficient_pairs
2013-10-02,max_drawdown,B,15,15,15,15,,insufficient_pairs
2013-10-02,max_drawdown,C,2,2,2,2,,insufficient_pairs
2013-10-02,max_drawdown,D,129,129,129,129,0.07128242397137748,estimable
2013-10-02,max_drawdown,E,48,48,48,48,-0.36419887103777676,estimable
2013-10-02,max_drawdown,F,8,8,8,8,,insufficient_pairs
2013-10-02,max_drawdown,G,19,19,19,19,,insufficient_pairs
2013-10-02,max_drawdown,H,45,45,45,45,-0.420026350461133,estimable
2013-10-02,max_drawdown,I,33,33,33,33,0.22493315508021391,estimable
2013-10-02,max_drawdown,J,0,0,0,0,,insufficient_pairs
2014-01-02,pe,A,0,0,0,0,,insufficient_pairs
2014-01-02,pe,B,13,8,13,8,,insufficient_pairs
2014-01-02,pe,C,2,2,2,2,,insufficient_pairs
2014-01-02,pe,D,131,116,131,116,-0.0627378618383116,estimable
2014-01-02,pe,E,46,41,46,41,0.19703832752613243,estimable
2014-01-02,pe,F,8,7,8,7,,insufficient_pairs
2014-01-02,pe,G,20,17,20,17,,insufficient_pairs
2014-01-02,pe,H,43,42,43,42,-0.05453366826027064,estimable
2014-01-02,pe,I,37,33,37,33,-0.13669786096256686,estimable
2014-01-02,pe,J,0,0,0,0,,insufficient_pairs
2014-01-02,pb,A,0,0,0,0,,insufficient_pairs
2014-01-02,pb,B,13,13,13,13,,insufficient_pairs
2014-01-02,pb,C,2,2,2,2,,insufficient_pairs
2014-01-02,pb,D,131,129,131,129,0.06915809481216459,estimable
2014-01-02,pb,E,46,45,46,45,0.40184453227931477,estimable
2014-01-02,pb,F,8,8,8,8,,insufficient_pairs
2014-01-02,pb,G,20,18,20,18,,insufficient_pairs
2014-01-02,pb,H,43,43,43,43,-0.16460283902144365,estimable
2014-01-02,pb,I,37,35,37,35,0.06862745098039216,estimable
2014-01-02,pb,J,0,0,0,0,,insufficient_pairs
2014-01-02,ev_ebitda,A,0,0,0,0,,insufficient_pairs
2014-01-02,ev_ebitda,B,13,10,13,10,,insufficient_pairs
2014-01-02,ev_ebitda,C,2,1,2,1,,insufficient_pairs
2014-01-02,ev_ebitda,D,131,88,131,88,-0.018368497058927128,estimable
2014-01-02,ev_ebitda,E,46,35,46,35,0.10952380952380952,estimable
2014-01-02,ev_ebitda,F,8,5,8,5,,insufficient_pairs
2014-01-02,ev_ebitda,G,20,15,20,15,,insufficient_pairs
2014-01-02,ev_ebitda,H,43,13,43,13,,insufficient_pairs
2014-01-02,ev_ebitda,I,37,24,37,24,,insufficient_pairs
2014-01-02,ev_ebitda,J,0,0,0,0,,insufficient_pairs
2014-01-02,roic,A,0,0,0,0,,insufficient_pairs
2014-01-02,roic,B,13,12,13,12,,insufficient_pairs
2014-01-02,roic,C,2,2,2,2,,insufficient_pairs
2014-01-02,roic,D,131,100,131,100,-0.01014101410141014,estimable
2014-01-02,roic,E,46,34,46,34,-0.2210847975553858,estimable
2014-01-02,roic,F,8,5,8,5,,insufficient_pairs
2014-01-02,roic,G,20,15,20,15,,insufficient_pairs
2014-01-02,roic,H,43,36,43,36,0.12483912483912483,estimable
2014-01-02,roic,I,37,20,37,20,,insufficient_pairs
2014-01-02,roic,J,0,0,0,0,,insufficient_pairs
2014-01-02,operating_margin,A,0,0,0,0,,insufficient_pairs
2014-01-02,operating_margin,B,13,10,13,10,,insufficient_pairs
2014-01-02,operating_margin,C,2,2,2,2,,insufficient_pairs
2014-01-02,operating_margin,D,131,92,131,92,0.06886241388345175,estimable
2014-01-02,operating_margin,E,46,44,46,44,-0.29922480620155034,estimable
2014-01-02,operating_margin,F,8,8,8,8,,insufficient_pairs
2014-01-02,operating_margin,G,20,18,20,18,,insufficient_pairs
2014-01-02,operating_margin,H,43,18,43,18,,insufficient_pairs
2014-01-02,operating_margin,I,37,34,37,34,0.028265851795263558,estimable
2014-01-02,operating_margin,J,0,0,0,0,,insufficient_pairs
2014-01-02,revenue_cagr_3y,A,0,0,0,0,,insufficient_pairs
2014-01-02,revenue_cagr_3y,B,13,11,13,11,,insufficient_pairs
2014-01-02,revenue_cagr_3y,C,2,2,2,2,,insufficient_pairs
2014-01-02,revenue_cagr_3y,D,131,110,131,110,-0.05965782296057525,estimable
2014-01-02,revenue_cagr_3y,E,46,42,46,42,-0.33052426869783647,estimable
2014-01-02,revenue_cagr_3y,F,8,7,8,7,,insufficient_pairs
2014-01-02,revenue_cagr_3y,G,20,18,20,18,,insufficient_pairs
2014-01-02,revenue_cagr_3y,H,43,38,43,38,0.11740890688259109,estimable
2014-01-02,revenue_cagr_3y,I,37,35,37,35,0.25910364145658266,estimable
2014-01-02,revenue_cagr_3y,J,0,0,0,0,,insufficient_pairs
2014-01-02,fcf_cagr_3y,A,0,0,0,0,,insufficient_pairs
2014-01-02,fcf_cagr_3y,B,13,5,13,5,,insufficient_pairs
2014-01-02,fcf_cagr_3y,C,2,1,2,1,,insufficient_pairs
2014-01-02,fcf_cagr_3y,D,131,93,131,93,0.13783533765032374,estimable
2014-01-02,fcf_cagr_3y,E,46,21,46,21,,insufficient_pairs
2014-01-02,fcf_cagr_3y,F,8,8,8,8,,insufficient_pairs
2014-01-02,fcf_cagr_3y,G,20,16,20,16,,insufficient_pairs
2014-01-02,fcf_cagr_3y,H,43,27,43,27,,insufficient_pairs
2014-01-02,fcf_cagr_3y,I,37,29,37,29,,insufficient_pairs
2014-01-02,fcf_cagr_3y,J,0,0,0,0,,insufficient_pairs
2014-01-02,momentum_12m,A,0,0,0,0,,insufficient_pairs
2014-01-02,momentum_12m,B,13,13,13,13,,insufficient_pairs
2014-01-02,momentum_12m,C,2,2,2,2,,insufficient_pairs
2014-01-02,momentum_12m,D,131,131,131,131,0.09214754710937917,estimable
2014-01-02,momentum_12m,E,46,46,46,46,-0.06173296330558124,estimable
2014-01-02,momentum_12m,F,8,8,8,8,,insufficient_pairs
2014-01-02,momentum_12m,G,20,20,20,20,,insufficient_pairs
2014-01-02,momentum_12m,H,43,43,43,43,-0.14376321353065538,estimable
2014-01-02,momentum_12m,I,37,37,37,37,0.0030820293978188716,estimable
2014-01-02,momentum_12m,J,0,0,0,0,,insufficient_pairs
2014-01-02,rel_strength_6m,A,0,0,0,0,,insufficient_pairs
2014-01-02,rel_strength_6m,B,13,13,13,13,,insufficient_pairs
2014-01-02,rel_strength_6m,C,2,2,2,2,,insufficient_pairs
2014-01-02,rel_strength_6m,D,131,131,131,131,0.22850584529973844,estimable
2014-01-02,rel_strength_6m,E,46,46,46,46,-0.1665741597286463,estimable
2014-01-02,rel_strength_6m,F,8,8,8,8,,insufficient_pairs
2014-01-02,rel_strength_6m,G,20,20,20,20,,insufficient_pairs
2014-01-02,rel_strength_6m,H,43,43,43,43,-0.10721836303231652,estimable
2014-01-02,rel_strength_6m,I,37,37,37,37,-0.16263632053105734,estimable
2014-01-02,rel_strength_6m,J,0,0,0,0,,insufficient_pairs
2014-01-02,price_vs_sma200,A,0,0,0,0,,insufficient_pairs
2014-01-02,price_vs_sma200,B,13,13,13,13,,insufficient_pairs
2014-01-02,price_vs_sma200,C,2,2,2,2,,insufficient_pairs
2014-01-02,price_vs_sma200,D,131,131,131,131,0.1425025356323066,estimable
2014-01-02,price_vs_sma200,E,46,46,46,46,-0.2140610545790934,estimable
2014-01-02,price_vs_sma200,F,8,8,8,8,,insufficient_pairs
2014-01-02,price_vs_sma200,G,20,20,20,20,,insufficient_pairs
2014-01-02,price_vs_sma200,H,43,43,43,43,-0.05874358199939595,estimable
2014-01-02,price_vs_sma200,I,37,37,37,37,-0.1906116642958748,estimable
2014-01-02,price_vs_sma200,J,0,0,0,0,,insufficient_pairs
2014-01-02,debt_to_equity,A,0,0,0,0,,insufficient_pairs
2014-01-02,debt_to_equity,B,13,13,13,13,,insufficient_pairs
2014-01-02,debt_to_equity,C,2,2,2,2,,insufficient_pairs
2014-01-02,debt_to_equity,D,131,110,131,110,0.06361607646011315,estimable
2014-01-02,debt_to_equity,E,46,36,46,36,-0.11351351351351353,estimable
2014-01-02,debt_to_equity,F,8,6,8,6,,insufficient_pairs
2014-01-02,debt_to_equity,G,20,14,20,14,,insufficient_pairs
2014-01-02,debt_to_equity,H,43,37,43,37,0.018018018018018018,estimable
2014-01-02,debt_to_equity,I,37,19,37,19,,insufficient_pairs
2014-01-02,debt_to_equity,J,0,0,0,0,,insufficient_pairs
2014-01-02,volatility,A,0,0,0,0,,insufficient_pairs
2014-01-02,volatility,B,13,13,13,13,,insufficient_pairs
2014-01-02,volatility,C,2,2,2,2,,insufficient_pairs
2014-01-02,volatility,D,131,131,131,131,-0.10837025569849996,estimable
2014-01-02,volatility,E,46,46,46,46,0.1728646315140302,estimable
2014-01-02,volatility,F,8,8,8,8,,insufficient_pairs
2014-01-02,volatility,G,20,20,20,20,,insufficient_pairs
2014-01-02,volatility,H,43,43,43,43,-0.12065841135608577,estimable
2014-01-02,volatility,I,37,37,37,37,-0.3110478899952584,estimable
2014-01-02,volatility,J,0,0,0,0,,insufficient_pairs
2014-01-02,max_drawdown,A,0,0,0,0,,insufficient_pairs
2014-01-02,max_drawdown,B,13,13,13,13,,insufficient_pairs
2014-01-02,max_drawdown,C,2,2,2,2,,insufficient_pairs
2014-01-02,max_drawdown,D,131,131,131,131,-0.176314525169487,estimable
2014-01-02,max_drawdown,E,46,46,46,46,0.21147086031452358,estimable
2014-01-02,max_drawdown,F,8,8,8,8,,insufficient_pairs
2014-01-02,max_drawdown,G,20,20,20,20,,insufficient_pairs
2014-01-02,max_drawdown,H,43,43,43,43,-0.0412262156448203,estimable
2014-01-02,max_drawdown,I,37,37,37,37,-0.30915125651967756,estimable
2014-01-02,max_drawdown,J,0,0,0,0,,insufficient_pairs
2014-04-02,pe,A,0,0,0,0,,insufficient_pairs
2014-04-02,pe,B,15,13,15,13,,insufficient_pairs
2014-04-02,pe,C,1,1,1,1,,insufficient_pairs
2014-04-02,pe,D,131,120,131,120,0.14698242933537048,estimable
2014-04-02,pe,E,38,34,38,34,-0.0004583651642475172,estimable
2014-04-02,pe,F,8,7,8,7,,insufficient_pairs
2014-04-02,pe,G,18,18,18,18,,insufficient_pairs
2014-04-02,pe,H,38,37,38,37,-0.03437648174490279,estimable
2014-04-02,pe,I,33,29,33,29,,insufficient_pairs
2014-04-02,pe,J,0,0,0,0,,insufficient_pairs
2014-04-02,pb,A,0,0,0,0,,insufficient_pairs
2014-04-02,pb,B,15,15,15,15,,insufficient_pairs
2014-04-02,pb,C,1,1,1,1,,insufficient_pairs
2014-04-02,pb,D,131,126,131,126,0.14733858267716538,estimable
2014-04-02,pb,E,38,38,38,38,-0.14782798993325308,estimable
2014-04-02,pb,F,8,8,8,8,,insufficient_pairs
2014-04-02,pb,G,18,16,18,16,,insufficient_pairs
2014-04-02,pb,H,38,38,38,38,-0.3211511106247948,estimable
2014-04-02,pb,I,33,32,33,32,-0.35850439882697943,estimable
2014-04-02,pb,J,0,0,0,0,,insufficient_pairs
2014-04-02,ev_ebitda,A,0,0,0,0,,insufficient_pairs
2014-04-02,ev_ebitda,B,15,9,15,9,,insufficient_pairs
2014-04-02,ev_ebitda,C,1,1,1,1,,insufficient_pairs
2014-04-02,ev_ebitda,D,131,88,131,88,-0.026152654010073623,estimable
2014-04-02,ev_ebitda,E,38,28,38,28,,insufficient_pairs
2014-04-02,ev_ebitda,F,8,5,8,5,,insufficient_pairs
2014-04-02,ev_ebitda,G,18,13,18,13,,insufficient_pairs
2014-04-02,ev_ebitda,H,38,13,38,13,,insufficient_pairs
2014-04-02,ev_ebitda,I,33,22,33,22,,insufficient_pairs
2014-04-02,ev_ebitda,J,0,0,0,0,,insufficient_pairs
2014-04-02,roic,A,0,0,0,0,,insufficient_pairs
2014-04-02,roic,B,15,13,15,13,,insufficient_pairs
2014-04-02,roic,C,1,1,1,1,,insufficient_pairs
2014-04-02,roic,D,131,102,131,102,0.0372686611893628,estimable
2014-04-02,roic,E,38,29,38,29,,insufficient_pairs
2014-04-02,roic,F,8,5,8,5,,insufficient_pairs
2014-04-02,roic,G,18,13,18,13,,insufficient_pairs
2014-04-02,roic,H,38,31,38,31,0.23104838709677425,estimable
2014-04-02,roic,I,33,16,33,16,,insufficient_pairs
2014-04-02,roic,J,0,0,0,0,,insufficient_pairs
2014-04-02,operating_margin,A,0,0,0,0,,insufficient_pairs
2014-04-02,operating_margin,B,15,10,15,10,,insufficient_pairs
2014-04-02,operating_margin,C,1,1,1,1,,insufficient_pairs
2014-04-02,operating_margin,D,131,94,131,94,0.09774229671639635,estimable
2014-04-02,operating_margin,E,38,38,38,38,-0.3277163803479593,estimable
2014-04-02,operating_margin,F,8,8,8,8,,insufficient_pairs
2014-04-02,operating_margin,G,18,16,18,16,,insufficient_pairs
2014-04-02,operating_margin,H,38,17,38,17,,insufficient_pairs
2014-04-02,operating_margin,I,33,31,33,31,-0.3479838709677419,estimable
2014-04-02,operating_margin,J,0,0,0,0,,insufficient_pairs
2014-04-02,revenue_cagr_3y,A,0,0,0,0,,insufficient_pairs
2014-04-02,revenue_cagr_3y,B,15,14,15,14,,insufficient_pairs
2014-04-02,revenue_cagr_3y,C,1,1,1,1,,insufficient_pairs
2014-04-02,revenue_cagr_3y,D,131,111,131,111,-0.09403299403299402,estimable
2014-04-02,revenue_cagr_3y,E,38,36,38,36,-0.12380952380952381,estimable
2014-04-02,revenue_cagr_3y,F,8,7,8,7,,insufficient_pairs
2014-04-02,revenue_cagr_3y,G,18,16,18,16,,insufficient_pairs
2014-04-02,revenue_cagr_3y,H,38,32,38,32,0.44538123167155425,estimable
2014-04-02,revenue_cagr_3y,I,33,31,33,31,-0.17540322580645162,estimable
2014-04-02,revenue_cagr_3y,J,0,0,0,0,,insufficient_pairs
2014-04-02,fcf_cagr_3y,A,0,0,0,0,,insufficient_pairs
2014-04-02,fcf_cagr_3y,B,15,7,15,7,,insufficient_pairs
2014-04-02,fcf_cagr_3y,C,1,0,1,0,,insufficient_pairs
2014-04-02,fcf_cagr_3y,D,131,94,131,94,0.00025286276776360944,estimable
2014-04-02,fcf_cagr_3y,E,38,23,38,23,,insufficient_pairs
2014-04-02,fcf_cagr_3y,F,8,8,8,8,,insufficient_pairs
2014-04-02,fcf_cagr_3y,G,18,15,18,15,,insufficient_pairs
2014-04-02,fcf_cagr_3y,H,38,23,38,23,,insufficient_pairs
2014-04-02,fcf_cagr_3y,I,33,27,33,27,,insufficient_pairs
2014-04-02,fcf_cagr_3y,J,0,0,0,0,,insufficient_pairs
2014-04-02,momentum_12m,A,0,0,0,0,,insufficient_pairs
2014-04-02,momentum_12m,B,15,15,15,15,,insufficient_pairs
2014-04-02,momentum_12m,C,1,1,1,1,,insufficient_pairs
2014-04-02,momentum_12m,D,131,131,131,131,-0.08317407783056638,estimable
2014-04-02,momentum_12m,E,38,38,38,38,0.2231097494255389,estimable
2014-04-02,momentum_12m,F,8,8,8,8,,insufficient_pairs
2014-04-02,momentum_12m,G,18,18,18,18,,insufficient_pairs
2014-04-02,momentum_12m,H,38,38,38,38,-0.20297625560783453,estimable
2014-04-02,momentum_12m,I,33,33,33,33,0.0661764705882353,estimable
2014-04-02,momentum_12m,J,0,0,0,0,,insufficient_pairs
2014-04-02,rel_strength_6m,A,0,0,0,0,,insufficient_pairs
2014-04-02,rel_strength_6m,B,15,15,15,15,,insufficient_pairs
2014-04-02,rel_strength_6m,C,1,1,1,1,,insufficient_pairs
2014-04-02,rel_strength_6m,D,131,131,131,131,-0.003517856189611915,estimable
2014-04-02,rel_strength_6m,E,38,38,38,38,-0.10340299813984023,estimable
2014-04-02,rel_strength_6m,F,8,8,8,8,,insufficient_pairs
2014-04-02,rel_strength_6m,G,18,18,18,18,,insufficient_pairs
2014-04-02,rel_strength_6m,H,38,38,38,38,-0.16927453769559034,estimable
2014-04-02,rel_strength_6m,I,33,33,33,33,-0.0053475935828877,estimable
2014-04-02,rel_strength_6m,J,0,0,0,0,,insufficient_pairs
2014-04-02,price_vs_sma200,A,0,0,0,0,,insufficient_pairs
2014-04-02,price_vs_sma200,B,15,15,15,15,,insufficient_pairs
2014-04-02,price_vs_sma200,C,1,1,1,1,,insufficient_pairs
2014-04-02,price_vs_sma200,D,131,131,131,131,-0.043426039609245716,estimable
2014-04-02,price_vs_sma200,E,38,38,38,38,0.013021118284276179,estimable
2014-04-02,price_vs_sma200,F,8,8,8,8,,insufficient_pairs
2014-04-02,price_vs_sma200,G,18,18,18,18,,insufficient_pairs
2014-04-02,price_vs_sma200,H,38,38,38,38,-0.02637050005471058,estimable
2014-04-02,price_vs_sma200,I,33,33,33,33,0.0982620320855615,estimable
2014-04-02,price_vs_sma200,J,0,0,0,0,,insufficient_pairs
2014-04-02,debt_to_equity,A,0,0,0,0,,insufficient_pairs
2014-04-02,debt_to_equity,B,15,14,15,14,,insufficient_pairs
2014-04-02,debt_to_equity,C,1,1,1,1,,insufficient_pairs
2014-04-02,debt_to_equity,D,131,110,131,110,0.179685774181187,estimable
2014-04-02,debt_to_equity,E,38,32,38,32,-0.24193548387096772,estimable
2014-04-02,debt_to_equity,F,8,6,8,6,,insufficient_pairs
2014-04-02,debt_to_equity,G,18,11,18,11,,insufficient_pairs
2014-04-02,debt_to_equity,H,38,32,38,32,0.01686217008797654,estimable
2014-04-02,debt_to_equity,I,33,16,33,16,,insufficient_pairs
2014-04-02,debt_to_equity,J,0,0,0,0,,insufficient_pairs
2014-04-02,volatility,A,0,0,0,0,,insufficient_pairs
2014-04-02,volatility,B,15,15,15,15,,insufficient_pairs
2014-04-02,volatility,C,1,1,1,1,,insufficient_pairs
2014-04-02,volatility,D,131,131,131,131,0.0862221747717931,estimable
2014-04-02,volatility,E,38,38,38,38,-0.20538352117299488,estimable
2014-04-02,volatility,F,8,8,8,8,,insufficient_pairs
2014-04-02,volatility,G,18,18,18,18,,insufficient_pairs
2014-04-02,volatility,H,38,38,38,38,0.2802275960170697,estimable
2014-04-02,volatility,I,33,33,33,33,-0.32486631016042783,estimable
2014-04-02,volatility,J,0,0,0,0,,insufficient_pairs
2014-04-02,max_drawdown,A,0,0,0,0,,insufficient_pairs
2014-04-02,max_drawdown,B,15,15,15,15,,insufficient_pairs
2014-04-02,max_drawdown,C,1,1,1,1,,insufficient_pairs
2014-04-02,max_drawdown,D,131,131,131,131,0.12480115304542785,estimable
2014-04-02,max_drawdown,E,38,38,38,38,-0.36426304847357477,estimable
2014-04-02,max_drawdown,F,8,8,8,8,,insufficient_pairs
2014-04-02,max_drawdown,G,18,18,18,18,,insufficient_pairs
2014-04-02,max_drawdown,H,38,38,38,38,0.2292373345004924,estimable
2014-04-02,max_drawdown,I,33,33,33,33,-0.41978609625668456,estimable
2014-04-02,max_drawdown,J,0,0,0,0,,insufficient_pairs
2014-07-02,pe,A,0,0,0,0,,insufficient_pairs
2014-07-02,pe,B,17,15,17,15,,insufficient_pairs
2014-07-02,pe,C,1,1,1,1,,insufficient_pairs
2014-07-02,pe,D,128,120,128,120,0.029446489339537463,estimable
2014-07-02,pe,E,39,34,39,34,-0.042933537051184106,estimable
2014-07-02,pe,F,7,6,7,6,,insufficient_pairs
2014-07-02,pe,G,19,19,19,19,,insufficient_pairs
2014-07-02,pe,H,41,40,41,40,0.1782363977485929,estimable
2014-07-02,pe,I,35,32,35,32,0.02658111824014666,estimable
2014-07-02,pe,J,0,0,0,0,,insufficient_pairs
2014-07-02,pb,A,0,0,0,0,,insufficient_pairs
2014-07-02,pb,B,17,16,17,16,,insufficient_pairs
2014-07-02,pb,C,1,1,1,1,,insufficient_pairs
2014-07-02,pb,D,128,124,128,124,0.05637136113296617,estimable
2014-07-02,pb,E,39,38,39,38,0.1160958529379582,estimable
2014-07-02,pb,F,7,7,7,7,,insufficient_pairs
2014-07-02,pb,G,19,17,19,17,,insufficient_pairs
2014-07-02,pb,H,41,41,41,41,0.2538327526132405,estimable
2014-07-02,pb,I,35,34,35,34,0.020171149144254278,estimable
2014-07-02,pb,J,0,0,0,0,,insufficient_pairs
2014-07-02,ev_ebitda,A,0,0,0,0,,insufficient_pairs
2014-07-02,ev_ebitda,B,17,11,17,11,,insufficient_pairs
2014-07-02,ev_ebitda,C,1,1,1,1,,insufficient_pairs
2014-07-02,ev_ebitda,D,128,86,128,86,0.1434124251143922,estimable
2014-07-02,ev_ebitda,E,39,30,39,30,0.08565072302558399,estimable
2014-07-02,ev_ebitda,F,7,5,7,5,,insufficient_pairs
2014-07-02,ev_ebitda,G,19,14,19,14,,insufficient_pairs
2014-07-02,ev_ebitda,H,41,14,41,14,,insufficient_pairs
2014-07-02,ev_ebitda,I,35,22,35,22,,insufficient_pairs
2014-07-02,ev_ebitda,J,0,0,0,0,,insufficient_pairs
2014-07-02,roic,A,0,0,0,0,,insufficient_pairs
2014-07-02,roic,B,17,14,17,14,,insufficient_pairs
2014-07-02,roic,C,1,1,1,1,,insufficient_pairs
2014-07-02,roic,D,128,100,128,100,0.010657065706570656,estimable
2014-07-02,roic,E,39,29,39,29,,insufficient_pairs
2014-07-02,roic,F,7,5,7,5,,insufficient_pairs
2014-07-02,roic,G,19,14,19,14,,insufficient_pairs
2014-07-02,roic,H,41,33,41,33,-0.1270053475935829,estimable
2014-07-02,roic,I,35,19,35,19,,insufficient_pairs
2014-07-02,roic,J,0,0,0,0,,insufficient_pairs
2014-07-02,operating_margin,A,0,0,0,0,,insufficient_pairs
2014-07-02,operating_margin,B,17,12,17,12,,insufficient_pairs
2014-07-02,operating_margin,C,1,1,1,1,,insufficient_pairs
2014-07-02,operating_margin,D,128,94,128,94,0.0985514575732399,estimable
2014-07-02,operating_margin,E,39,39,39,39,0.039271255060728746,estimable
2014-07-02,operating_margin,F,7,7,7,7,,insufficient_pairs
2014-07-02,operating_margin,G,19,16,19,16,,insufficient_pairs
2014-07-02,operating_margin,H,41,20,41,20,,insufficient_pairs
2014-07-02,operating_margin,I,35,31,35,31,0.07965315587820124,estimable
2014-07-02,operating_margin,J,0,0,0,0,,insufficient_pairs
2014-07-02,revenue_cagr_3y,A,0,0,0,0,,insufficient_pairs
2014-07-02,revenue_cagr_3y,B,17,16,17,16,,insufficient_pairs
2014-07-02,revenue_cagr_3y,C,1,1,1,1,,insufficient_pairs
2014-07-02,revenue_cagr_3y,D,128,110,128,110,0.055447106823253614,estimable
2014-07-02,revenue_cagr_3y,E,39,37,39,37,0.024419155998103365,estimable
2014-07-02,revenue_cagr_3y,F,7,5,7,5,,insufficient_pairs
2014-07-02,revenue_cagr_3y,G,19,16,19,16,,insufficient_pairs
2014-07-02,revenue_cagr_3y,H,41,36,41,36,-0.18944658944658946,estimable
2014-07-02,revenue_cagr_3y,I,35,32,35,32,-0.10944087992667278,estimable
2014-07-02,revenue_cagr_3y,J,0,0,0,0,,insufficient_pairs
2014-07-02,fcf_cagr_3y,A,0,0,0,0,,insufficient_pairs
2014-07-02,fcf_cagr_3y,B,17,8,17,8,,insufficient_pairs
2014-07-02,fcf_cagr_3y,C,1,0,1,0,,insufficient_pairs
2014-07-02,fcf_cagr_3y,D,128,92,128,92,-0.08552317247969421,estimable
2014-07-02,fcf_cagr_3y,E,39,22,39,22,,insufficient_pairs
2014-07-02,fcf_cagr_3y,F,7,7,7,7,,insufficient_pairs
2014-07-02,fcf_cagr_3y,G,19,14,19,14,,insufficient_pairs
2014-07-02,fcf_cagr_3y,H,41,24,41,24,,insufficient_pairs
2014-07-02,fcf_cagr_3y,I,35,28,35,28,,insufficient_pairs
2014-07-02,fcf_cagr_3y,J,0,0,0,0,,insufficient_pairs
2014-07-02,momentum_12m,A,0,0,0,0,,insufficient_pairs
2014-07-02,momentum_12m,B,17,17,17,17,,insufficient_pairs
2014-07-02,momentum_12m,C,1,1,1,1,,insufficient_pairs
2014-07-02,momentum_12m,D,128,128,128,128,-0.0656187053653177,estimable
2014-07-02,momentum_12m,E,39,39,39,39,-0.23380566801619432,estimable
2014-07-02,momentum_12m,F,7,7,7,7,,insufficient_pairs
2014-07-02,momentum_12m,G,19,19,19,19,,insufficient_pairs
2014-07-02,momentum_12m,H,41,41,41,41,-0.24564459930313592,estimable
2014-07-02,momentum_12m,I,35,35,35,35,-0.369659616192744,estimable
2014-07-02,momentum_12m,J,0,0,0,0,,insufficient_pairs
2014-07-02,rel_strength_6m,A,0,0,0,0,,insufficient_pairs
2014-07-02,rel_strength_6m,B,17,17,17,17,,insufficient_pairs
2014-07-02,rel_strength_6m,C,1,1,1,1,,insufficient_pairs
2014-07-02,rel_strength_6m,D,128,128,128,128,0.018998351950192272,estimable
2014-07-02,rel_strength_6m,E,39,39,39,39,-0.05809716599190284,estimable
2014-07-02,rel_strength_6m,F,7,7,7,7,,insufficient_pairs
2014-07-02,rel_strength_6m,G,19,19,19,19,,insufficient_pairs
2014-07-02,rel_strength_6m,H,41,41,41,41,-0.17299651567944258,estimable
2014-07-02,rel_strength_6m,I,35,35,35,35,-0.21473595741700516,estimable
2014-07-02,rel_strength_6m,J,0,0,0,0,,insufficient_pairs
2014-07-02,price_vs_sma200,A,0,0,0,0,,insufficient_pairs
2014-07-02,price_vs_sma200,B,17,17,17,17,,insufficient_pairs
2014-07-02,price_vs_sma200,C,1,1,1,1,,insufficient_pairs
2014-07-02,price_vs_sma200,D,128,128,128,128,-0.0023404596227797106,estimable
2014-07-02,price_vs_sma200,E,39,39,39,39,-0.15870445344129555,estimable
2014-07-02,price_vs_sma200,F,7,7,7,7,,insufficient_pairs
2014-07-02,price_vs_sma200,G,19,19,19,19,,insufficient_pairs
2014-07-02,price_vs_sma200,H,41,41,41,41,-0.15226480836236936,estimable
2014-07-02,price_vs_sma200,I,35,35,35,35,-0.20016809076901526,estimable
2014-07-02,price_vs_sma200,J,0,0,0,0,,insufficient_pairs
2014-07-02,debt_to_equity,A,0,0,0,0,,insufficient_pairs
2014-07-02,debt_to_equity,B,17,15,17,15,,insufficient_pairs
2014-07-02,debt_to_equity,C,1,1,1,1,,insufficient_pairs
2014-07-02,debt_to_equity,D,128,106,128,106,0.021659067435826383,estimable
2014-07-02,debt_to_equity,E,39,32,39,32,0.09017595307917887,estimable
2014-07-02,debt_to_equity,F,7,6,7,6,,insufficient_pairs
2014-07-02,debt_to_equity,G,19,12,19,12,,insufficient_pairs
2014-07-02,debt_to_equity,H,41,34,41,34,-0.173414820473644,estimable
2014-07-02,debt_to_equity,I,35,19,35,19,,insufficient_pairs
2014-07-02,debt_to_equity,J,0,0,0,0,,insufficient_pairs
2014-07-02,volatility,A,0,0,0,0,,insufficient_pairs
2014-07-02,volatility,B,17,17,17,17,,insufficient_pairs
2014-07-02,volatility,C,1,1,1,1,,insufficient_pairs
2014-07-02,volatility,D,128,128,128,128,0.13792689067936273,estimable
2014-07-02,volatility,E,39,39,39,39,0.16963562753036437,estimable
2014-07-02,volatility,F,7,7,7,7,,insufficient_pairs
2014-07-02,volatility,G,19,19,19,19,,insufficient_pairs
2014-07-02,volatility,H,41,41,41,41,0.35574912891986066,estimable
2014-07-02,volatility,I,35,35,35,35,0.3046645188401737,estimable
2014-07-02,volatility,J,0,0,0,0,,insufficient_pairs
2014-07-02,max_drawdown,A,0,0,0,0,,insufficient_pairs
2014-07-02,max_drawdown,B,17,17,17,17,,insufficient_pairs
2014-07-02,max_drawdown,C,1,1,1,1,,insufficient_pairs
2014-07-02,max_drawdown,D,128,128,128,128,0.19274743636696576,estimable
2014-07-02,max_drawdown,E,39,39,39,39,0.04311740890688259,estimable
2014-07-02,max_drawdown,F,7,7,7,7,,insufficient_pairs
2014-07-02,max_drawdown,G,19,19,19,19,,insufficient_pairs
2014-07-02,max_drawdown,H,41,41,41,41,0.1815331010452962,estimable
2014-07-02,max_drawdown,I,35,35,35,35,0.21053368819162346,estimable
2014-07-02,max_drawdown,J,0,0,0,0,,insufficient_pairs
2014-10-02,pe,A,0,0,0,0,,insufficient_pairs
2014-10-02,pe,B,18,16,18,16,,insufficient_pairs
2014-10-02,pe,C,1,1,1,1,,insufficient_pairs
2014-10-02,pe,D,134,124,134,124,0.03544295830055074,estimable
2014-10-02,pe,E,40,36,40,36,0.4051480051480052,estimable
2014-10-02,pe,F,7,6,7,6,,insufficient_pairs
2014-10-02,pe,G,19,19,19,19,,insufficient_pairs
2014-10-02,pe,H,42,41,42,41,-0.3411149825783973,estimable
2014-10-02,pe,I,37,33,37,33,-0.05782085561497327,estimable
2014-10-02,pe,J,0,0,0,0,,insufficient_pairs
2014-10-02,pb,A,0,0,0,0,,insufficient_pairs
2014-10-02,pb,B,18,17,18,17,,insufficient_pairs
2014-10-02,pb,C,1,1,1,1,,insufficient_pairs
2014-10-02,pb,D,134,130,134,130,0.033481271081129055,estimable
2014-10-02,pb,E,40,39,40,39,0.41072874493927125,estimable
2014-10-02,pb,F,7,7,7,7,,insufficient_pairs
2014-10-02,pb,G,19,17,19,17,,insufficient_pairs
2014-10-02,pb,H,42,42,42,42,-0.3208005834211166,estimable
2014-10-02,pb,I,37,36,37,36,0.04607464607464608,estimable
2014-10-02,pb,J,0,0,0,0,,insufficient_pairs
2014-10-02,ev_ebitda,A,0,0,0,0,,insufficient_pairs
2014-10-02,ev_ebitda,B,18,11,18,11,,insufficient_pairs
2014-10-02,ev_ebitda,C,1,1,1,1,,insufficient_pairs
2014-10-02,ev_ebitda,D,134,93,134,93,0.05701113067351018,estimable
2014-10-02,ev_ebitda,E,40,29,40,29,,insufficient_pairs
2014-10-02,ev_ebitda,F,7,4,7,4,,insufficient_pairs
2014-10-02,ev_ebitda,G,19,14,19,14,,insufficient_pairs
2014-10-02,ev_ebitda,H,42,15,42,15,,insufficient_pairs
2014-10-02,ev_ebitda,I,37,26,37,26,,insufficient_pairs
2014-10-02,ev_ebitda,J,0,0,0,0,,insufficient_pairs
2014-10-02,roic,A,0,0,0,0,,insufficient_pairs
2014-10-02,roic,B,18,15,18,15,,insufficient_pairs
2014-10-02,roic,C,1,1,1,1,,insufficient_pairs
2014-10-02,roic,D,134,104,134,104,-0.09162487997439454,estimable
2014-10-02,roic,E,40,29,40,29,,insufficient_pairs
2014-10-02,roic,F,7,4,7,4,,insufficient_pairs
2014-10-02,roic,G,19,14,19,14,,insufficient_pairs
2014-10-02,roic,H,42,34,42,34,0.10588235294117647,estimable
2014-10-02,roic,I,37,21,37,21,,insufficient_pairs
2014-10-02,roic,J,0,0,0,0,,insufficient_pairs
2014-10-02,operating_margin,A,0,0,0,0,,insufficient_pairs
2014-10-02,operating_margin,B,18,13,18,13,,insufficient_pairs
2014-10-02,operating_margin,C,1,1,1,1,,insufficient_pairs
2014-10-02,operating_margin,D,134,100,134,100,-0.040732073207320724,estimable
2014-10-02,operating_margin,E,40,40,40,40,-0.2185741088180113,estimable
2014-10-02,operating_margin,F,7,7,7,7,,insufficient_pairs
2014-10-02,operating_margin,G,19,17,19,17,,insufficient_pairs
2014-10-02,operating_margin,H,42,20,42,20,,insufficient_pairs
2014-10-02,operating_margin,I,37,33,37,33,-0.12633689839572193,estimable
2014-10-02,operating_margin,J,0,0,0,0,,insufficient_pairs
2014-10-02,revenue_cagr_3y,A,0,0,0,0,,insufficient_pairs
2014-10-02,revenue_cagr_3y,B,18,17,18,17,,insufficient_pairs
2014-10-02,revenue_cagr_3y,C,1,1,1,1,,insufficient_pairs
2014-10-02,revenue_cagr_3y,D,134,114,134,114,-0.22013729977116708,estimable
2014-10-02,revenue_cagr_3y,E,40,38,40,38,-0.28482328482328484,estimable
2014-10-02,revenue_cagr_3y,F,7,6,7,6,,insufficient_pairs
2014-10-02,revenue_cagr_3y,G,19,17,19,17,,insufficient_pairs
2014-10-02,revenue_cagr_3y,H,42,36,42,36,0.38404118404118404,estimable
2014-10-02,revenue_cagr_3y,I,37,34,37,34,-0.4753246753246753,estimable
2014-10-02,revenue_cagr_3y,J,0,0,0,0,,insufficient_pairs
2014-10-02,fcf_cagr_3y,A,0,0,0,0,,insufficient_pairs
2014-10-02,fcf_cagr_3y,B,18,8,18,8,,insufficient_pairs
2014-10-02,fcf_cagr_3y,C,1,0,1,0,,insufficient_pairs
2014-10-02,fcf_cagr_3y,D,134,97,134,97,0.07921312855038923,estimable
2014-10-02,fcf_cagr_3y,E,40,24,40,24,,insufficient_pairs
2014-10-02,fcf_cagr_3y,F,7,7,7,7,,insufficient_pairs
2014-10-02,fcf_cagr_3y,G,19,14,19,14,,insufficient_pairs
2014-10-02,fcf_cagr_3y,H,42,25,42,25,,insufficient_pairs
2014-10-02,fcf_cagr_3y,I,37,30,37,30,-0.0731924360400445,estimable
2014-10-02,fcf_cagr_3y,J,0,0,0,0,,insufficient_pairs
2014-10-02,momentum_12m,A,0,0,0,0,,insufficient_pairs
2014-10-02,momentum_12m,B,18,18,18,18,,insufficient_pairs
2014-10-02,momentum_12m,C,1,1,1,1,,insufficient_pairs
2014-10-02,momentum_12m,D,134,134,134,134,0.1998403970124316,estimable
2014-10-02,momentum_12m,E,40,40,40,40,-0.09118198874296438,estimable
2014-10-02,momentum_12m,F,7,7,7,7,,insufficient_pairs
2014-10-02,momentum_12m,G,19,19,19,19,,insufficient_pairs
2014-10-02,momentum_12m,H,42,42,42,42,0.21675715096021395,estimable
2014-10-02,momentum_12m,I,37,37,37,37,-0.24822190611664294,estimable
2014-10-02,momentum_12m,J,0,0,0,0,,insufficient_pairs
2014-10-02,rel_strength_6m,A,0,0,0,0,,insufficient_pairs
2014-10-02,rel_strength_6m,B,18,18,18,18,,insufficient_pairs
2014-10-02,rel_strength_6m,C,1,1,1,1,,insufficient_pairs
2014-10-02,rel_strength_6m,D,134,134,134,134,0.11678699235651319,estimable
2014-10-02,rel_strength_6m,E,40,40,40,40,-0.3037523452157599,estimable
2014-10-02,rel_strength_6m,F,7,7,7,7,,insufficient_pairs
2014-10-02,rel_strength_6m,G,19,19,19,19,,insufficient_pairs
2014-10-02,rel_strength_6m,H,42,42,42,42,0.2707236042460092,estimable
2014-10-02,rel_strength_6m,I,37,37,37,37,-0.0644855381697487,estimable
2014-10-02,rel_strength_6m,J,0,0,0,0,,insufficient_pairs
2014-10-02,price_vs_sma200,A,0,0,0,0,,insufficient_pairs
2014-10-02,price_vs_sma200,B,18,18,18,18,,insufficient_pairs
2014-10-02,price_vs_sma200,C,1,1,1,1,,insufficient_pairs
2014-10-02,price_vs_sma200,D,134,134,134,134,0.16500205738226165,estimable
2014-10-02,price_vs_sma200,E,40,40,40,40,-0.18048780487804877,estimable
2014-10-02,price_vs_sma200,F,7,7,7,7,,insufficient_pairs
2014-10-02,price_vs_sma200,G,19,19,19,19,,insufficient_pairs
2014-10-02,price_vs_sma200,H,42,42,42,42,0.19617535045782356,estimable
2014-10-02,price_vs_sma200,I,37,37,37,37,-0.08937885253674727,estimable
2014-10-02,price_vs_sma200,J,0,0,0,0,,insufficient_pairs
2014-10-02,debt_to_equity,A,0,0,0,0,,insufficient_pairs
2014-10-02,debt_to_equity,B,18,16,18,16,,insufficient_pairs
2014-10-02,debt_to_equity,C,1,1,1,1,,insufficient_pairs
2014-10-02,debt_to_equity,D,134,112,134,112,-0.11626576007106981,estimable
2014-10-02,debt_to_equity,E,40,32,40,32,0.26173020527859236,estimable
2014-10-02,debt_to_equity,F,7,5,7,5,,insufficient_pairs
2014-10-02,debt_to_equity,G,19,12,19,12,,insufficient_pairs
2014-10-02,debt_to_equity,H,42,35,42,35,-0.06330532212885154,estimable
2014-10-02,debt_to_equity,I,37,21,37,21,,insufficient_pairs
2014-10-02,debt_to_equity,J,0,0,0,0,,insufficient_pairs
2014-10-02,volatility,A,0,0,0,0,,insufficient_pairs
2014-10-02,volatility,B,18,18,18,18,,insufficient_pairs
2014-10-02,volatility,C,1,1,1,1,,insufficient_pairs
2014-10-02,volatility,D,134,134,134,134,0.10676192969987158,estimable
2014-10-02,volatility,E,40,40,40,40,0.3838649155722327,estimable
2014-10-02,volatility,F,7,7,7,7,,insufficient_pairs
2014-10-02,volatility,G,19,19,19,19,,insufficient_pairs
2014-10-02,volatility,H,42,42,42,42,0.29713961591443155,estimable
2014-10-02,volatility,I,37,37,37,37,0.2942152678994784,estimable
2014-10-02,volatility,J,0,0,0,0,,insufficient_pairs
2014-10-02,max_drawdown,A,0,0,0,0,,insufficient_pairs
2014-10-02,max_drawdown,B,18,18,18,18,,insufficient_pairs
2014-10-02,max_drawdown,C,1,1,1,1,,insufficient_pairs
2014-10-02,max_drawdown,D,134,134,134,134,0.11698649609097372,estimable
2014-10-02,max_drawdown,E,40,40,40,40,0.22138836772983117,estimable
2014-10-02,max_drawdown,F,7,7,7,7,,insufficient_pairs
2014-10-02,max_drawdown,G,19,19,19,19,,insufficient_pairs
2014-10-02,max_drawdown,H,42,42,42,42,0.26813062150555056,estimable
2014-10-02,max_drawdown,I,37,37,37,37,0.08700806069227122,estimable
2014-10-02,max_drawdown,J,0,0,0,0,,insufficient_pairs
2015-01-02,pe,A,0,0,0,0,,insufficient_pairs
2015-01-02,pe,B,16,14,16,14,,insufficient_pairs
2015-01-02,pe,C,0,0,0,0,,insufficient_pairs
2015-01-02,pe,D,125,116,125,116,-0.056994579633260295,estimable
2015-01-02,pe,E,39,35,39,35,-0.13725490196078433,estimable
2015-01-02,pe,F,7,6,7,6,,insufficient_pairs
2015-01-02,pe,G,18,18,18,18,,insufficient_pairs
2015-01-02,pe,H,44,43,44,43,0.020990637269707037,estimable
2015-01-02,pe,I,38,35,38,35,-0.2251015548396134,estimable
2015-01-02,pe,J,0,0,0,0,,insufficient_pairs
2015-01-02,pb,A,0,0,0,0,,insufficient_pairs
2015-01-02,pb,B,16,15,16,15,,insufficient_pairs
2015-01-02,pb,C,0,0,0,0,,insufficient_pairs
2015-01-02,pb,D,125,122,125,122,-0.018296813506002558,estimable
2015-01-02,pb,E,39,38,39,38,-0.20144435933909616,estimable
2015-01-02,pb,F,7,7,7,7,,insufficient_pairs
2015-01-02,pb,G,18,16,18,16,,insufficient_pairs
2015-01-02,pb,H,44,44,44,44,-0.15264270613107822,estimable
2015-01-02,pb,I,38,37,38,37,-0.2147006520450504,estimable
2015-01-02,pb,J,0,0,0,0,,insufficient_pairs
2015-01-02,ev_ebitda,A,0,0,0,0,,insufficient_pairs
2015-01-02,ev_ebitda,B,16,11,16,11,,insufficient_pairs
2015-01-02,ev_ebitda,C,0,0,0,0,,insufficient_pairs
2015-01-02,ev_ebitda,D,125,87,125,87,-0.03923962965663045,estimable
2015-01-02,ev_ebitda,E,39,29,39,29,,insufficient_pairs
2015-01-02,ev_ebitda,F,7,4,7,4,,insufficient_pairs
2015-01-02,ev_ebitda,G,18,13,18,13,,insufficient_pairs
2015-01-02,ev_ebitda,H,44,17,44,17,,insufficient_pairs
2015-01-02,ev_ebitda,I,38,25,38,25,,insufficient_pairs
2015-01-02,ev_ebitda,J,0,0,0,0,,insufficient_pairs
2015-01-02,roic,A,0,0,0,0,,insufficient_pairs
2015-01-02,roic,B,16,13,16,13,,insufficient_pairs
2015-01-02,roic,C,0,0,0,0,,insufficient_pairs
2015-01-02,roic,D,125,102,125,102,-0.007605272234819141,estimable
2015-01-02,roic,E,39,28,39,28,,insufficient_pairs
2015-01-02,roic,F,7,4,7,4,,insufficient_pairs
2015-01-02,roic,G,18,13,18,13,,insufficient_pairs
2015-01-02,roic,H,44,35,44,35,0.5025210084033613,estimable
2015-01-02,roic,I,38,22,38,22,,insufficient_pairs
2015-01-02,roic,J,0,0,0,0,,insufficient_pairs
2015-01-02,operating_margin,A,0,0,0,0,,insufficient_pairs
2015-01-02,operating_margin,B,16,12,16,12,,insufficient_pairs
2015-01-02,operating_margin,C,0,0,0,0,,insufficient_pairs
2015-01-02,operating_margin,D,125,89,125,89,-0.25178753830439227,estimable
2015-01-02,operating_margin,E,39,39,39,39,0.06072874493927126,estimable
2015-01-02,operating_margin,F,7,7,7,7,,insufficient_pairs
2015-01-02,operating_margin,G,18,15,18,15,,insufficient_pairs
2015-01-02,operating_margin,H,44,23,44,23,,insufficient_pairs
2015-01-02,operating_margin,I,38,34,38,34,-0.21118581907090467,estimable
2015-01-02,operating_margin,J,0,0,0,0,,insufficient_pairs
2015-01-02,revenue_cagr_3y,A,0,0,0,0,,insufficient_pairs
2015-01-02,revenue_cagr_3y,B,16,15,16,15,,insufficient_pairs
2015-01-02,revenue_cagr_3y,C,0,0,0,0,,insufficient_pairs
2015-01-02,revenue_cagr_3y,D,125,102,125,102,-0.13569049651966908,estimable
2015-01-02,revenue_cagr_3y,E,39,37,39,37,0.038643907064959696,estimable
2015-01-02,revenue_cagr_3y,F,7,6,7,6,,insufficient_pairs
2015-01-02,revenue_cagr_3y,G,18,15,18,15,,insufficient_pairs
2015-01-02,revenue_cagr_3y,H,44,37,44,37,0.3440018966334755,estimable
2015-01-02,revenue_cagr_3y,I,38,35,38,35,0.004622496147919876,estimable
2015-01-02,revenue_cagr_3y,J,0,0,0,0,,insufficient_pairs
2015-01-02,fcf_cagr_3y,A,0,0,0,0,,insufficient_pairs
2015-01-02,fcf_cagr_3y,B,16,6,16,6,,insufficient_pairs
2015-01-02,fcf_cagr_3y,C,0,0,0,0,,insufficient_pairs
2015-01-02,fcf_cagr_3y,D,125,90,125,90,0.09944437584887023,estimable
2015-01-02,fcf_cagr_3y,E,39,23,39,23,,insufficient_pairs
2015-01-02,fcf_cagr_3y,F,7,7,7,7,,insufficient_pairs
2015-01-02,fcf_cagr_3y,G,18,14,18,14,,insufficient_pairs
2015-01-02,fcf_cagr_3y,H,44,27,44,27,,insufficient_pairs
2015-01-02,fcf_cagr_3y,I,38,31,38,31,-0.3692276668683202,estimable
2015-01-02,fcf_cagr_3y,J,0,0,0,0,,insufficient_pairs
2015-01-02,momentum_12m,A,0,0,0,0,,insufficient_pairs
2015-01-02,momentum_12m,B,16,16,16,16,,insufficient_pairs
2015-01-02,momentum_12m,C,0,0,0,0,,insufficient_pairs
2015-01-02,momentum_12m,D,125,125,125,125,0.21300153609831027,estimable
2015-01-02,momentum_12m,E,39,39,39,39,-0.16093117408906882,estimable
2015-01-02,momentum_12m,F,7,7,7,7,,insufficient_pairs
2015-01-02,momentum_12m,G,18,18,18,18,,insufficient_pairs
2015-01-02,momentum_12m,H,44,44,44,44,0.4324171952078929,estimable
2015-01-02,momentum_12m,I,38,38,38,38,0.1247537754432042,estimable
2015-01-02,momentum_12m,J,0,0,0,0,,insufficient_pairs
2015-01-02,rel_strength_6m,A,0,0,0,0,,insufficient_pairs
2015-01-02,rel_strength_6m,B,16,16,16,16,,insufficient_pairs
2015-01-02,rel_strength_6m,C,0,0,0,0,,insufficient_pairs
2015-01-02,rel_strength_6m,D,125,125,125,125,0.23443317972350228,estimable
2015-01-02,rel_strength_6m,E,39,39,39,39,-0.21417004048582997,estimable
2015-01-02,rel_strength_6m,F,7,7,7,7,,insufficient_pairs
2015-01-02,rel_strength_6m,G,18,18,18,18,,insufficient_pairs
2015-01-02,rel_strength_6m,H,44,44,44,44,0.35377026074700496,estimable
2015-01-02,rel_strength_6m,I,38,38,38,38,0.13482162398774347,estimable
2015-01-02,rel_strength_6m,J,0,0,0,0,,insufficient_pairs
2015-01-02,price_vs_sma200,A,0,0,0,0,,insufficient_pairs
2015-01-02,price_vs_sma200,B,16,16,16,16,,insufficient_pairs
2015-01-02,price_vs_sma200,C,0,0,0,0,,insufficient_pairs
2015-01-02,price_vs_sma200,D,125,125,125,125,0.22098924731182795,estimable
2015-01-02,price_vs_sma200,E,39,39,39,39,-0.1716599190283401,estimable
2015-01-02,price_vs_sma200,F,7,7,7,7,,insufficient_pairs
2015-01-02,price_vs_sma200,G,18,18,18,18,,insufficient_pairs
2015-01-02,price_vs_sma200,H,44,44,44,44,0.3835095137420719,estimable
2015-01-02,price_vs_sma200,I,38,38,38,38,0.23440577806959945,estimable
2015-01-02,price_vs_sma200,J,0,0,0,0,,insufficient_pairs
2015-01-02,debt_to_equity,A,0,0,0,0,,insufficient_pairs
2015-01-02,debt_to_equity,B,16,14,16,14,,insufficient_pairs
2015-01-02,debt_to_equity,C,0,0,0,0,,insufficient_pairs
2015-01-02,debt_to_equity,D,125,109,125,109,-0.17130015753868966,estimable
2015-01-02,debt_to_equity,E,39,31,39,31,0.001209677419354839,estimable
2015-01-02,debt_to_equity,F,7,5,7,5,,insufficient_pairs
2015-01-02,debt_to_equity,G,18,11,18,11,,insufficient_pairs
2015-01-02,debt_to_equity,H,44,36,44,36,0.32277992277992285,estimable
2015-01-02,debt_to_equity,I,38,22,38,22,,insufficient_pairs
2015-01-02,debt_to_equity,J,0,0,0,0,,insufficient_pairs
2015-01-02,volatility,A,0,0,0,0,,insufficient_pairs
2015-01-02,volatility,B,16,16,16,16,,insufficient_pairs
2015-01-02,volatility,C,0,0,0,0,,insufficient_pairs
2015-01-02,volatility,D,125,125,125,125,0.08509984639016895,estimable
2015-01-02,volatility,E,39,39,39,39,-0.19493927125506075,estimable
2015-01-02,volatility,F,7,7,7,7,,insufficient_pairs
2015-01-02,volatility,G,18,18,18,18,,insufficient_pairs
2015-01-02,volatility,H,44,44,44,44,0.3940803382663847,estimable
2015-01-02,volatility,I,38,38,38,38,-0.05821842854016196,estimable
2015-01-02,volatility,J,0,0,0,0,,insufficient_pairs
2015-01-02,max_drawdown,A,0,0,0,0,,insufficient_pairs
2015-01-02,max_drawdown,B,16,16,16,16,,insufficient_pairs
2015-01-02,max_drawdown,C,0,0,0,0,,insufficient_pairs
2015-01-02,max_drawdown,D,125,125,125,125,0.17819354838709675,estimable
2015-01-02,max_drawdown,E,39,39,39,39,-0.23076923076923078,estimable
2015-01-02,max_drawdown,F,7,7,7,7,,insufficient_pairs
2015-01-02,max_drawdown,G,18,18,18,18,,insufficient_pairs
2015-01-02,max_drawdown,H,44,44,44,44,0.4414376321353065,estimable
2015-01-02,max_drawdown,I,38,38,38,38,-0.20070037207266359,estimable
2015-01-02,max_drawdown,J,0,0,0,0,,insufficient_pairs
2015-04-02,pe,A,0,0,0,0,,insufficient_pairs
2015-04-02,pe,B,14,13,14,13,,insufficient_pairs
2015-04-02,pe,C,0,0,0,0,,insufficient_pairs
2015-04-02,pe,D,120,110,120,110,0.01665802583233776,estimable
2015-04-02,pe,E,39,33,39,33,0.07052139037433156,estimable
2015-04-02,pe,F,7,6,7,6,,insufficient_pairs
2015-04-02,pe,G,22,21,22,21,,insufficient_pairs
2015-04-02,pe,H,44,43,44,43,0.22228933856840832,estimable
2015-04-02,pe,I,34,29,34,29,,insufficient_pairs
2015-04-02,pe,J,0,0,0,0,,insufficient_pairs
2015-04-02,pb,A,0,0,0,0,,insufficient_pairs
2015-04-02,pb,B,14,13,14,13,,insufficient_pairs
2015-04-02,pb,C,0,0,0,0,,insufficient_pairs
2015-04-02,pb,D,120,119,120,119,0.1515453639082752,estimable
2015-04-02,pb,E,39,39,39,39,-0.11538461538461539,estimable
2015-04-02,pb,F,7,7,7,7,,insufficient_pairs
2015-04-02,pb,G,22,21,22,21,,insufficient_pairs
2015-04-02,pb,H,44,44,44,44,0.4797744890768147,estimable
2015-04-02,pb,I,34,34,34,34,-0.08785332314744079,estimable
2015-04-02,pb,J,0,0,0,0,,insufficient_pairs
2015-04-02,ev_ebitda,A,0,0,0,0,,insufficient_pairs
2015-04-02,ev_ebitda,B,14,9,14,9,,insufficient_pairs
2015-04-02,ev_ebitda,C,0,0,0,0,,insufficient_pairs
2015-04-02,ev_ebitda,D,120,80,120,80,0.04472573839662448,estimable
2015-04-02,ev_ebitda,E,39,26,39,26,,insufficient_pairs
2015-04-02,ev_ebitda,F,7,4,7,4,,insufficient_pairs
2015-04-02,ev_ebitda,G,22,14,22,14,,insufficient_pairs
2015-04-02,ev_ebitda,H,44,13,44,13,,insufficient_pairs
2015-04-02,ev_ebitda,I,34,22,34,22,,insufficient_pairs
2015-04-02,ev_ebitda,J,0,0,0,0,,insufficient_pairs
2015-04-02,roic,A,0,0,0,0,,insufficient_pairs
2015-04-02,roic,B,14,12,14,12,,insufficient_pairs
2015-04-02,roic,C,0,0,0,0,,insufficient_pairs
2015-04-02,roic,D,120,96,120,96,-0.17745523602821486,estimable
2015-04-02,roic,E,39,27,39,27,,insufficient_pairs
2015-04-02,roic,F,7,4,7,4,,insufficient_pairs
2015-04-02,roic,G,22,15,22,15,,insufficient_pairs
2015-04-02,roic,H,44,37,44,37,-0.1519677572309151,estimable
2015-04-02,roic,I,34,19,34,19,,insufficient_pairs
2015-04-02,roic,J,0,0,0,0,,insufficient_pairs
2015-04-02,operating_margin,A,0,0,0,0,,insufficient_pairs
2015-04-02,operating_margin,B,14,9,14,9,,insufficient_pairs
2015-04-02,operating_margin,C,0,0,0,0,,insufficient_pairs
2015-04-02,operating_margin,D,120,89,120,89,-0.03920667347633641,estimable
2015-04-02,operating_margin,E,39,39,39,39,-0.23360323886639678,estimable
2015-04-02,operating_margin,F,7,7,7,7,,insufficient_pairs
2015-04-02,operating_margin,G,22,18,22,18,,insufficient_pairs
2015-04-02,operating_margin,H,44,19,44,19,,insufficient_pairs
2015-04-02,operating_margin,I,34,30,34,30,-0.0389321468298109,estimable
2015-04-02,operating_margin,J,0,0,0,0,,insufficient_pairs
2015-04-02,revenue_cagr_3y,A,0,0,0,0,,insufficient_pairs
2015-04-02,revenue_cagr_3y,B,14,13,14,13,,insufficient_pairs
2015-04-02,revenue_cagr_3y,C,0,0,0,0,,insufficient_pairs
2015-04-02,revenue_cagr_3y,D,120,98,120,98,0.09444115040580428,estimable
2015-04-02,revenue_cagr_3y,E,39,38,39,38,-0.037531458584090155,estimable
2015-04-02,revenue_cagr_3y,F,7,6,7,6,,insufficient_pairs
2015-04-02,revenue_cagr_3y,G,22,19,22,19,,insufficient_pairs
2015-04-02,revenue_cagr_3y,H,44,37,44,37,-0.44025604551920333,estimable
2015-04-02,revenue_cagr_3y,I,34,31,34,31,0.29637096774193555,estimable
2015-04-02,revenue_cagr_3y,J,0,0,0,0,,insufficient_pairs
2015-04-02,fcf_cagr_3y,A,0,0,0,0,,insufficient_pairs
2015-04-02,fcf_cagr_3y,B,14,4,14,4,,insufficient_pairs
2015-04-02,fcf_cagr_3y,C,0,0,0,0,,insufficient_pairs
2015-04-02,fcf_cagr_3y,D,120,85,120,85,0.06671878053547,estimable
2015-04-02,fcf_cagr_3y,E,39,20,39,20,,insufficient_pairs
2015-04-02,fcf_cagr_3y,F,7,7,7,7,,insufficient_pairs
2015-04-02,fcf_cagr_3y,G,22,17,22,17,,insufficient_pairs
2015-04-02,fcf_cagr_3y,H,44,28,44,28,,insufficient_pairs
2015-04-02,fcf_cagr_3y,I,34,26,34,26,,insufficient_pairs
2015-04-02,fcf_cagr_3y,J,0,0,0,0,,insufficient_pairs
2015-04-02,momentum_12m,A,0,0,0,0,,insufficient_pairs
2015-04-02,momentum_12m,B,14,14,14,14,,insufficient_pairs
2015-04-02,momentum_12m,C,0,0,0,0,,insufficient_pairs
2015-04-02,momentum_12m,D,120,120,120,120,0.2487047711646642,estimable
2015-04-02,momentum_12m,E,39,39,39,39,0.13744939271255063,estimable
2015-04-02,momentum_12m,F,7,7,7,7,,insufficient_pairs
2015-04-02,momentum_12m,G,22,22,22,22,,insufficient_pairs
2015-04-02,momentum_12m,H,44,44,44,44,-0.35377026074700496,estimable
2015-04-02,momentum_12m,I,34,34,34,34,0.0267379679144385,estimable
2015-04-02,momentum_12m,J,0,0,0,0,,insufficient_pairs
2015-04-02,rel_strength_6m,A,0,0,0,0,,insufficient_pairs
2015-04-02,rel_strength_6m,B,14,14,14,14,,insufficient_pairs
2015-04-02,rel_strength_6m,C,0,0,0,0,,insufficient_pairs
2015-04-02,rel_strength_6m,D,120,120,120,120,0.1418779081880686,estimable
2015-04-02,rel_strength_6m,E,39,39,39,39,0.12186234817813767,estimable
2015-04-02,rel_strength_6m,F,7,7,7,7,,insufficient_pairs
2015-04-02,rel_strength_6m,G,22,22,22,22,,insufficient_pairs
2015-04-02,rel_strength_6m,H,44,44,44,44,-0.43157152924594777,estimable
2015-04-02,rel_strength_6m,I,34,34,34,34,-0.0612681436210848,estimable
2015-04-02,rel_strength_6m,J,0,0,0,0,,insufficient_pairs
2015-04-02,price_vs_sma200,A,0,0,0,0,,insufficient_pairs
2015-04-02,price_vs_sma200,B,14,14,14,14,,insufficient_pairs
2015-04-02,price_vs_sma200,C,0,0,0,0,,insufficient_pairs
2015-04-02,price_vs_sma200,D,120,120,120,120,0.19861795958052642,estimable
2015-04-02,price_vs_sma200,E,39,39,39,39,0.25647773279352226,estimable
2015-04-02,price_vs_sma200,F,7,7,7,7,,insufficient_pairs
2015-04-02,price_vs_sma200,G,22,22,22,22,,insufficient_pairs
2015-04-02,price_vs_sma200,H,44,44,44,44,-0.32713178294573636,estimable
2015-04-02,price_vs_sma200,I,34,34,34,34,0.0016806722689075631,estimable
2015-04-02,price_vs_sma200,J,0,0,0,0,,insufficient_pairs
2015-04-02,debt_to_equity,A,0,0,0,0,,insufficient_pairs
2015-04-02,debt_to_equity,B,14,13,14,13,,insufficient_pairs
2015-04-02,debt_to_equity,C,0,0,0,0,,insufficient_pairs
2015-04-02,debt_to_equity,D,120,104,120,104,-0.09714072335431559,estimable
2015-04-02,debt_to_equity,E,39,31,39,31,-0.3395161290322581,estimable
2015-04-02,debt_to_equity,F,7,5,7,5,,insufficient_pairs
2015-04-02,debt_to_equity,G,22,15,22,15,,insufficient_pairs
2015-04-02,debt_to_equity,H,44,37,44,37,-0.029160739687055473,estimable
2015-04-02,debt_to_equity,I,34,22,34,22,,insufficient_pairs
2015-04-02,debt_to_equity,J,0,0,0,0,,insufficient_pairs
2015-04-02,volatility,A,0,0,0,0,,insufficient_pairs
2015-04-02,volatility,B,14,14,14,14,,insufficient_pairs
2015-04-02,volatility,C,0,0,0,0,,insufficient_pairs
2015-04-02,volatility,D,120,120,120,120,-0.011125772623098827,estimable
2015-04-02,volatility,E,39,39,39,39,-0.2257085020242915,estimable
2015-04-02,volatility,F,7,7,7,7,,insufficient_pairs
2015-04-02,volatility,G,22,22,22,22,,insufficient_pairs
2015-04-02,volatility,H,44,44,44,44,-0.29020436927413673,estimable
2015-04-02,volatility,I,34,34,34,34,-0.0615737203972498,estimable
2015-04-02,volatility,J,0,0,0,0,,insufficient_pairs
2015-04-02,max_drawdown,A,0,0,0,0,,insufficient_pairs
2015-04-02,max_drawdown,B,14,14,14,14,,insufficient_pairs
2015-04-02,max_drawdown,C,0,0,0,0,,insufficient_pairs
2015-04-02,max_drawdown,D,120,120,120,120,0.08306826862976595,estimable
2015-04-02,max_drawdown,E,39,39,39,39,-0.05890688259109312,estimable
2015-04-02,max_drawdown,F,7,7,7,7,,insufficient_pairs
2015-04-02,max_drawdown,G,22,22,22,22,,insufficient_pairs
2015-04-02,max_drawdown,H,44,44,44,44,-0.31867512332628617,estimable
2015-04-02,max_drawdown,I,34,34,34,34,0.09732620320855614,estimable
2015-04-02,max_drawdown,J,0,0,0,0,,insufficient_pairs
2015-07-02,pe,A,0,0,0,0,,insufficient_pairs
2015-07-02,pe,B,15,13,15,13,,insufficient_pairs
2015-07-02,pe,C,1,1,1,1,,insufficient_pairs
2015-07-02,pe,D,122,111,122,111,0.014478764478764478,estimable
2015-07-02,pe,E,41,36,41,36,0.15546975546975547,estimable
2015-07-02,pe,F,7,6,7,6,,insufficient_pairs
2015-07-02,pe,G,22,21,22,21,,insufficient_pairs
2015-07-02,pe,H,47,45,47,45,-0.0774703557312253,estimable
2015-07-02,pe,I,37,31,37,31,0.0054446460980036296,estimable
2015-07-02,pe,J,0,0,0,0,,insufficient_pairs
2015-07-02,pb,A,0,0,0,0,,insufficient_pairs
2015-07-02,pb,B,15,14,15,14,,insufficient_pairs
2015-07-02,pb,C,1,1,1,1,,insufficient_pairs
2015-07-02,pb,D,122,121,122,121,-0.2713250237095244,estimable
2015-07-02,pb,E,41,41,41,41,0.016550522648083626,estimable
2015-07-02,pb,F,7,7,7,7,,insufficient_pairs
2015-07-02,pb,G,22,21,22,21,,insufficient_pairs
2015-07-02,pb,H,47,47,47,47,-0.050878815911193344,estimable
2015-07-02,pb,I,37,35,37,35,0.23798851379745062,estimable
2015-07-02,pb,J,0,0,0,0,,insufficient_pairs
2015-07-02,ev_ebitda,A,0,0,0,0,,insufficient_pairs
2015-07-02,ev_ebitda,B,15,9,15,9,,insufficient_pairs
2015-07-02,ev_ebitda,C,1,1,1,1,,insufficient_pairs
2015-07-02,ev_ebitda,D,122,80,122,80,-0.05902484763244257,estimable
2015-07-02,ev_ebitda,E,41,28,41,28,,insufficient_pairs
2015-07-02,ev_ebitda,F,7,4,7,4,,insufficient_pairs
2015-07-02,ev_ebitda,G,22,14,22,14,,insufficient_pairs
2015-07-02,ev_ebitda,H,47,14,47,14,,insufficient_pairs
2015-07-02,ev_ebitda,I,37,24,37,24,,insufficient_pairs
2015-07-02,ev_ebitda,J,0,0,0,0,,insufficient_pairs
2015-07-02,roic,A,0,0,0,0,,insufficient_pairs
2015-07-02,roic,B,15,13,15,13,,insufficient_pairs
2015-07-02,roic,C,1,1,1,1,,insufficient_pairs
2015-07-02,roic,D,122,99,122,99,0.2416202844774273,estimable
2015-07-02,roic,E,41,28,41,28,,insufficient_pairs
2015-07-02,roic,F,7,4,7,4,,insufficient_pairs
2015-07-02,roic,G,22,15,22,15,,insufficient_pairs
2015-07-02,roic,H,47,38,47,38,-0.02111828427617901,estimable
2015-07-02,roic,I,37,22,37,22,,insufficient_pairs
2015-07-02,roic,J,0,0,0,0,,insufficient_pairs
2015-07-02,operating_margin,A,0,0,0,0,,insufficient_pairs
2015-07-02,operating_margin,B,15,11,15,11,,insufficient_pairs
2015-07-02,operating_margin,C,1,1,1,1,,insufficient_pairs
2015-07-02,operating_margin,D,122,89,122,89,-0.005294518215866532,estimable
2015-07-02,operating_margin,E,41,41,41,41,-0.19024390243902442,estimable
2015-07-02,operating_margin,F,7,7,7,7,,insufficient_pairs
2015-07-02,operating_margin,G,22,19,22,19,,insufficient_pairs
2015-07-02,operating_margin,H,47,21,47,21,,insufficient_pairs
2015-07-02,operating_margin,I,37,32,37,32,0.10100824931255731,estimable
2015-07-02,operating_margin,J,0,0,0,0,,insufficient_pairs
2015-07-02,revenue_cagr_3y,A,0,0,0,0,,insufficient_pairs
2015-07-02,revenue_cagr_3y,B,15,15,15,15,,insufficient_pairs
2015-07-02,revenue_cagr_3y,C,1,1,1,1,,insufficient_pairs
2015-07-02,revenue_cagr_3y,D,122,100,122,100,-0.11894389438943893,estimable
2015-07-02,revenue_cagr_3y,E,41,40,41,40,-0.1553470919324578,estimable
2015-07-02,revenue_cagr_3y,F,7,6,7,6,,insufficient_pairs
2015-07-02,revenue_cagr_3y,G,22,20,22,20,,insufficient_pairs
2015-07-02,revenue_cagr_3y,H,47,41,47,41,0.212020905923345,estimable
2015-07-02,revenue_cagr_3y,I,37,34,37,34,0.1460880195599022,estimable
2015-07-02,revenue_cagr_3y,J,0,0,0,0,,insufficient_pairs
2015-07-02,fcf_cagr_3y,A,0,0,0,0,,insufficient_pairs
2015-07-02,fcf_cagr_3y,B,15,6,15,6,,insufficient_pairs
2015-07-02,fcf_cagr_3y,C,1,0,1,0,,insufficient_pairs
2015-07-02,fcf_cagr_3y,D,122,86,122,86,0.13718571630737297,estimable
2015-07-02,fcf_cagr_3y,E,41,18,41,18,,insufficient_pairs
2015-07-02,fcf_cagr_3y,F,7,7,7,7,,insufficient_pairs
2015-07-02,fcf_cagr_3y,G,22,16,22,16,,insufficient_pairs
2015-07-02,fcf_cagr_3y,H,47,28,47,28,,insufficient_pairs
2015-07-02,fcf_cagr_3y,I,37,30,37,30,0.0551846906987094,estimable
2015-07-02,fcf_cagr_3y,J,0,0,0,0,,insufficient_pairs
2015-07-02,momentum_12m,A,0,0,0,0,,insufficient_pairs
2015-07-02,momentum_12m,B,15,15,15,15,,insufficient_pairs
2015-07-02,momentum_12m,C,1,1,1,1,,insufficient_pairs
2015-07-02,momentum_12m,D,122,122,122,122,0.2733154672015491,estimable
2015-07-02,momentum_12m,E,41,41,41,41,0.15731707317073176,estimable
2015-07-02,momentum_12m,F,7,7,7,7,,insufficient_pairs
2015-07-02,momentum_12m,G,22,22,22,22,,insufficient_pairs
2015-07-02,momentum_12m,H,47,47,47,47,0.3929232192414431,estimable
2015-07-02,momentum_12m,I,37,37,37,37,0.05702430349733255,estimable
2015-07-02,momentum_12m,J,0,0,0,0,,insufficient_pairs
2015-07-02,rel_strength_6m,A,0,0,0,0,,insufficient_pairs
2015-07-02,rel_strength_6m,B,15,15,15,15,,insufficient_pairs
2015-07-02,rel_strength_6m,C,1,1,1,1,,insufficient_pairs
2015-07-02,rel_strength_6m,D,122,122,122,122,0.11287716318431304,estimable
2015-07-02,rel_strength_6m,E,41,41,41,41,-0.11515679442508713,estimable
2015-07-02,rel_strength_6m,F,7,7,7,7,,insufficient_pairs
2015-07-02,rel_strength_6m,G,22,22,22,22,,insufficient_pairs
2015-07-02,rel_strength_6m,H,47,47,47,47,0.16234967622571692,estimable
2015-07-02,rel_strength_6m,I,37,37,37,37,0.11701244813278008,estimable
2015-07-02,rel_strength_6m,J,0,0,0,0,,insufficient_pairs
2015-07-02,price_vs_sma200,A,0,0,0,0,,insufficient_pairs
2015-07-02,price_vs_sma200,B,15,15,15,15,,insufficient_pairs
2015-07-02,price_vs_sma200,C,1,1,1,1,,insufficient_pairs
2015-07-02,price_vs_sma200,D,122,122,122,122,0.13470644799931267,estimable
2015-07-02,price_vs_sma200,E,41,41,41,41,0.03222996515679443,estimable
2015-07-02,price_vs_sma200,F,7,7,7,7,,insufficient_pairs
2015-07-02,price_vs_sma200,G,22,22,22,22,,insufficient_pairs
2015-07-02,price_vs_sma200,H,47,47,47,47,0.0016188714153561518,estimable
2015-07-02,price_vs_sma200,I,37,37,37,37,0.14285714285714288,estimable
2015-07-02,price_vs_sma200,J,0,0,0,0,,insufficient_pairs
2015-07-02,debt_to_equity,A,0,0,0,0,,insufficient_pairs
2015-07-02,debt_to_equity,B,15,14,15,14,,insufficient_pairs
2015-07-02,debt_to_equity,C,1,1,1,1,,insufficient_pairs
2015-07-02,debt_to_equity,D,122,108,122,108,-0.23600750712128574,estimable
2015-07-02,debt_to_equity,E,41,32,41,32,0.017961876832844573,estimable
2015-07-02,debt_to_equity,F,7,5,7,5,,insufficient_pairs
2015-07-02,debt_to_equity,G,22,15,22,15,,insufficient_pairs
2015-07-02,debt_to_equity,H,47,39,47,39,0.012348178137651822,estimable
2015-07-02,debt_to_equity,I,37,23,37,23,,insufficient_pairs
2015-07-02,debt_to_equity,J,0,0,0,0,,insufficient_pairs
2015-07-02,volatility,A,0,0,0,0,,insufficient_pairs
2015-07-02,volatility,B,15,15,15,15,,insufficient_pairs
2015-07-02,volatility,C,1,1,1,1,,insufficient_pairs
2015-07-02,volatility,D,122,122,122,122,0.3072919592493581,estimable
2015-07-02,volatility,E,41,41,41,41,0.41480836236933805,estimable
2015-07-02,volatility,F,7,7,7,7,,insufficient_pairs
2015-07-02,volatility,G,22,22,22,22,,insufficient_pairs
2015-07-02,volatility,H,47,47,47,47,0.41061517113783536,estimable
2015-07-02,volatility,I,37,37,37,37,0.31499703615886193,estimable
2015-07-02,volatility,J,0,0,0,0,,insufficient_pairs
2015-07-02,max_drawdown,A,0,0,0,0,,insufficient_pairs
2015-07-02,max_drawdown,B,15,15,15,15,,insufficient_pairs
2015-07-02,max_drawdown,C,1,1,1,1,,insufficient_pairs
2015-07-02,max_drawdown,D,122,122,122,122,0.2946689092957858,estimable
2015-07-02,max_drawdown,E,41,41,41,41,0.3668989547038328,estimable
2015-07-02,max_drawdown,F,7,7,7,7,,insufficient_pairs
2015-07-02,max_drawdown,G,22,22,22,22,,insufficient_pairs
2015-07-02,max_drawdown,H,47,47,47,47,0.4429925994449584,estimable
2015-07-02,max_drawdown,I,37,37,37,37,0.21991701244813278,estimable
2015-07-02,max_drawdown,J,0,0,0,0,,insufficient_pairs
2015-10-02,pe,A,0,0,0,0,,insufficient_pairs
2015-10-02,pe,B,14,12,14,12,,insufficient_pairs
2015-10-02,pe,C,0,0,0,0,,insufficient_pairs
2015-10-02,pe,D,121,111,121,111,-0.05833625833625833,estimable
2015-10-02,pe,E,42,37,42,37,0.1386913229018492,estimable
2015-10-02,pe,F,8,7,8,7,,insufficient_pairs
2015-10-02,pe,G,24,23,24,23,,insufficient_pairs
2015-10-02,pe,H,46,44,46,44,-0.21775898520084566,estimable
2015-10-02,pe,I,33,28,33,28,,insufficient_pairs
2015-10-02,pe,J,0,0,0,0,,insufficient_pairs
2015-10-02,pb,A,0,0,0,0,,insufficient_pairs
2015-10-02,pb,B,14,13,14,13,,insufficient_pairs
2015-10-02,pb,C,0,0,0,0,,insufficient_pairs
2015-10-02,pb,D,121,120,121,120,-0.11012570317383151,estimable
2015-10-02,pb,E,42,42,42,42,0.07592577586905438,estimable
2015-10-02,pb,F,8,8,8,8,,insufficient_pairs
2015-10-02,pb,G,24,23,24,23,,insufficient_pairs
2015-10-02,pb,H,46,46,46,46,-0.01905642923219241,estimable
2015-10-02,pb,I,33,31,33,31,-0.027419354838709678,estimable
2015-10-02,pb,J,0,0,0,0,,insufficient_pairs
2015-10-02,ev_ebitda,A,0,0,0,0,,insufficient_pairs
2015-10-02,ev_ebitda,B,14,9,14,9,,insufficient_pairs
2015-10-02,ev_ebitda,C,0,0,0,0,,insufficient_pairs
2015-10-02,ev_ebitda,D,121,81,121,81,-0.18821138211382113,estimable
2015-10-02,ev_ebitda,E,42,30,42,30,0.18487208008898778,estimable
2015-10-02,ev_ebitda,F,8,5,8,5,,insufficient_pairs
2015-10-02,ev_ebitda,G,24,16,24,16,,insufficient_pairs
2015-10-02,ev_ebitda,H,46,16,46,16,,insufficient_pairs
2015-10-02,ev_ebitda,I,33,22,33,22,,insufficient_pairs
2015-10-02,ev_ebitda,J,0,0,0,0,,insufficient_pairs
2015-10-02,roic,A,0,0,0,0,,insufficient_pairs
2015-10-02,roic,B,14,12,14,12,,insufficient_pairs
2015-10-02,roic,C,0,0,0,0,,insufficient_pairs
2015-10-02,roic,D,121,99,121,99,0.09114409400123685,estimable
2015-10-02,roic,E,42,29,42,29,,insufficient_pairs
2015-10-02,roic,F,8,5,8,5,,insufficient_pairs
2015-10-02,roic,G,24,17,24,17,,insufficient_pairs
2015-10-02,roic,H,46,38,46,38,-0.09224203961046067,estimable
2015-10-02,roic,I,33,18,33,18,,insufficient_pairs
2015-10-02,roic,J,0,0,0,0,,insufficient_pairs
2015-10-02,operating_margin,A,0,0,0,0,,insufficient_pairs
2015-10-02,operating_margin,B,14,11,14,11,,insufficient_pairs
2015-10-02,operating_margin,C,0,0,0,0,,insufficient_pairs
2015-10-02,operating_margin,D,121,88,121,88,-0.03703638476982143,estimable
2015-10-02,operating_margin,E,42,42,42,42,-0.1783485941171704,estimable
2015-10-02,operating_margin,F,8,8,8,8,,insufficient_pairs
2015-10-02,operating_margin,G,24,21,24,21,,insufficient_pairs
2015-10-02,operating_margin,H,46,22,46,22,,insufficient_pairs
2015-10-02,operating_margin,I,33,28,33,28,,insufficient_pairs
2015-10-02,operating_margin,J,0,0,0,0,,insufficient_pairs
2015-10-02,revenue_cagr_3y,A,0,0,0,0,,insufficient_pairs
2015-10-02,revenue_cagr_3y,B,14,14,14,14,,insufficient_pairs
2015-10-02,revenue_cagr_3y,C,0,0,0,0,,insufficient_pairs
2015-10-02,revenue_cagr_3y,D,121,98,121,98,-0.04411249035696752,estimable
2015-10-02,revenue_cagr_3y,E,42,41,42,41,-0.13919860627177702,estimable
2015-10-02,revenue_cagr_3y,F,8,6,8,6,,insufficient_pairs
2015-10-02,revenue_cagr_3y,G,24,22,24,22,,insufficient_pairs
2015-10-02,revenue_cagr_3y,H,46,40,46,40,0.28461538461538466,estimable
2015-10-02,revenue_cagr_3y,I,33,30,33,30,-0.08876529477196884,estimable
2015-10-02,revenue_cagr_3y,J,0,0,0,0,,insufficient_pairs
2015-10-02,fcf_cagr_3y,A,0,0,0,0,,insufficient_pairs
2015-10-02,fcf_cagr_3y,B,14,5,14,5,,insufficient_pairs
2015-10-02,fcf_cagr_3y,C,0,0,0,0,,insufficient_pairs
2015-10-02,fcf_cagr_3y,D,121,89,121,89,-0.12912836227442973,estimable
2015-10-02,fcf_cagr_3y,E,42,19,42,19,,insufficient_pairs
2015-10-02,fcf_cagr_3y,F,8,8,8,8,,insufficient_pairs
2015-10-02,fcf_cagr_3y,G,24,18,24,18,,insufficient_pairs
2015-10-02,fcf_cagr_3y,H,46,29,46,29,,insufficient_pairs
2015-10-02,fcf_cagr_3y,I,33,27,33,27,,insufficient_pairs
2015-10-02,fcf_cagr_3y,J,0,0,0,0,,insufficient_pairs
2015-10-02,momentum_12m,A,0,0,0,0,,insufficient_pairs
2015-10-02,momentum_12m,B,14,14,14,14,,insufficient_pairs
2015-10-02,momentum_12m,C,0,0,0,0,,insufficient_pairs
2015-10-02,momentum_12m,D,121,121,121,121,0.25767511177347235,estimable
2015-10-02,momentum_12m,E,42,42,42,42,0.2947086945952516,estimable
2015-10-02,momentum_12m,F,8,8,8,8,,insufficient_pairs
2015-10-02,momentum_12m,G,24,24,24,24,,insufficient_pairs
2015-10-02,momentum_12m,H,46,46,46,46,0.2890533456675917,estimable
2015-10-02,momentum_12m,I,33,33,33,33,-0.3114973262032086,estimable
2015-10-02,momentum_12m,J,0,0,0,0,,insufficient_pairs
2015-10-02,rel_strength_6m,A,0,0,0,0,,insufficient_pairs
2015-10-02,rel_strength_6m,B,14,14,14,14,,insufficient_pairs
2015-10-02,rel_strength_6m,C,0,0,0,0,,insufficient_pairs
2015-10-02,rel_strength_6m,D,121,121,121,121,0.1338030077225308,estimable
2015-10-02,rel_strength_6m,E,42,42,42,42,0.26958917429705864,estimable
2015-10-02,rel_strength_6m,F,8,8,8,8,,insufficient_pairs
2015-10-02,rel_strength_6m,G,24,24,24,24,,insufficient_pairs
2015-10-02,rel_strength_6m,H,46,46,46,46,0.17853839037927846,estimable
2015-10-02,rel_strength_6m,I,33,33,33,33,-0.2162433155080214,estimable
2015-10-02,rel_strength_6m,J,0,0,0,0,,insufficient_pairs
2015-10-02,price_vs_sma200,A,0,0,0,0,,insufficient_pairs
2015-10-02,price_vs_sma200,B,14,14,14,14,,insufficient_pairs
2015-10-02,price_vs_sma200,C,0,0,0,0,,insufficient_pairs
2015-10-02,price_vs_sma200,D,121,121,121,121,0.19061780246579052,estimable
2015-10-02,price_vs_sma200,E,42,42,42,42,0.185317235232153,estimable
2015-10-02,price_vs_sma200,F,8,8,8,8,,insufficient_pairs
2015-10-02,price_vs_sma200,G,24,24,24,24,,insufficient_pairs
2015-10-02,price_vs_sma200,H,46,46,46,46,0.2499537465309898,estimable
2015-10-02,price_vs_sma200,I,33,33,33,33,-0.24732620320855614,estimable
2015-10-02,price_vs_sma200,J,0,0,0,0,,insufficient_pairs
2015-10-02,debt_to_equity,A,0,0,0,0,,insufficient_pairs
2015-10-02,debt_to_equity,B,14,13,14,13,,insufficient_pairs
2015-10-02,debt_to_equity,C,0,0,0,0,,insufficient_pairs
2015-10-02,debt_to_equity,D,121,106,121,106,-0.061148197596795725,estimable
2015-10-02,debt_to_equity,E,42,33,42,33,-0.17245989304812834,estimable
2015-10-02,debt_to_equity,F,8,6,8,6,,insufficient_pairs
2015-10-02,debt_to_equity,G,24,17,24,17,,insufficient_pairs
2015-10-02,debt_to_equity,H,46,39,46,39,-0.041093117408906886,estimable
2015-10-02,debt_to_equity,I,33,19,33,19,,insufficient_pairs
2015-10-02,debt_to_equity,J,0,0,0,0,,insufficient_pairs
2015-10-02,volatility,A,0,0,0,0,,insufficient_pairs
2015-10-02,volatility,B,14,14,14,14,,insufficient_pairs
2015-10-02,volatility,C,0,0,0,0,,insufficient_pairs
2015-10-02,volatility,D,121,121,121,121,0.24695840671995659,estimable
2015-10-02,volatility,E,42,42,42,42,0.1298922291548497,estimable
2015-10-02,volatility,F,8,8,8,8,,insufficient_pairs
2015-10-02,volatility,G,24,24,24,24,,insufficient_pairs
2015-10-02,volatility,H,46,46,46,46,0.2527906259636139,estimable
2015-10-02,volatility,I,33,33,33,33,-0.015040106951871657,estimable
2015-10-02,volatility,J,0,0,0,0,,insufficient_pairs
2015-10-02,max_drawdown,A,0,0,0,0,,insufficient_pairs
2015-10-02,max_drawdown,B,14,14,14,14,,insufficient_pairs
2015-10-02,max_drawdown,C,0,0,0,0,,insufficient_pairs
2015-10-02,max_drawdown,D,121,121,121,121,0.21733504945129384,estimable
2015-10-02,max_drawdown,E,42,42,42,42,0.2867676849525971,estimable
2015-10-02,max_drawdown,F,8,8,8,8,,insufficient_pairs
2015-10-02,max_drawdown,G,24,24,24,24,,insufficient_pairs
2015-10-02,max_drawdown,H,46,46,46,46,0.23120567375886525,estimable
2015-10-02,max_drawdown,I,33,33,33,33,0.06149732620320855,estimable
2015-10-02,max_drawdown,J,0,0,0,0,,insufficient_pairs
2016-01-02,pe,A,0,0,0,0,,insufficient_pairs
2016-01-02,pe,B,12,11,12,11,,insufficient_pairs
2016-01-02,pe,C,0,0,0,0,,insufficient_pairs
2016-01-02,pe,D,104,99,104,99,0.0024242424242424242,estimable
2016-01-02,pe,E,34,30,34,30,0.11457174638487205,estimable
2016-01-02,pe,F,4,3,4,3,,insufficient_pairs
2016-01-02,pe,G,19,18,19,18,,insufficient_pairs
2016-01-02,pe,H,45,43,45,43,-0.026729084868619756,estimable
2016-01-02,pe,I,24,21,24,21,,insufficient_pairs
2016-01-02,pe,J,0,0,0,0,,insufficient_pairs
2016-01-02,pb,A,0,0,0,0,,insufficient_pairs
2016-01-02,pb,B,12,12,12,12,,insufficient_pairs
2016-01-02,pb,C,0,0,0,0,,insufficient_pairs
2016-01-02,pb,D,104,103,104,103,-0.00884110178798928,estimable
2016-01-02,pb,E,34,34,34,34,0.21772345301757062,estimable
2016-01-02,pb,F,4,4,4,4,,insufficient_pairs
2016-01-02,pb,G,19,18,19,18,,insufficient_pairs
2016-01-02,pb,H,45,45,45,45,-0.34571805006587614,estimable
2016-01-02,pb,I,24,23,24,23,,insufficient_pairs
2016-01-02,pb,J,0,0,0,0,,insufficient_pairs
2016-01-02,ev_ebitda,A,0,0,0,0,,insufficient_pairs
2016-01-02,ev_ebitda,B,12,7,12,7,,insufficient_pairs
2016-01-02,ev_ebitda,C,0,0,0,0,,insufficient_pairs
2016-01-02,ev_ebitda,D,104,69,104,69,-0.10661308001461456,estimable
2016-01-02,ev_ebitda,E,34,25,34,25,,insufficient_pairs
2016-01-02,ev_ebitda,F,4,2,4,2,,insufficient_pairs
2016-01-02,ev_ebitda,G,19,13,19,13,,insufficient_pairs
2016-01-02,ev_ebitda,H,45,16,45,16,,insufficient_pairs
2016-01-02,ev_ebitda,I,24,14,24,14,,insufficient_pairs
2016-01-02,ev_ebitda,J,0,0,0,0,,insufficient_pairs
2016-01-02,roic,A,0,0,0,0,,insufficient_pairs
2016-01-02,roic,B,12,12,12,12,,insufficient_pairs
2016-01-02,roic,C,0,0,0,0,,insufficient_pairs
2016-01-02,roic,D,104,87,104,87,-0.08307210031347961,estimable
2016-01-02,roic,E,34,25,34,25,,insufficient_pairs
2016-01-02,roic,F,4,1,4,1,,insufficient_pairs
2016-01-02,roic,G,19,13,19,13,,insufficient_pairs
2016-01-02,roic,H,45,37,45,37,0.23091512565196773,estimable
2016-01-02,roic,I,24,14,24,14,,insufficient_pairs
2016-01-02,roic,J,0,0,0,0,,insufficient_pairs
2016-01-02,operating_margin,A,0,0,0,0,,insufficient_pairs
2016-01-02,operating_margin,B,12,9,12,9,,insufficient_pairs
2016-01-02,operating_margin,C,0,0,0,0,,insufficient_pairs
2016-01-02,operating_margin,D,104,76,104,76,-0.1954613807245386,estimable
2016-01-02,operating_margin,E,34,34,34,34,-0.05576776165011458,estimable
2016-01-02,operating_margin,F,4,4,4,4,,insufficient_pairs
2016-01-02,operating_margin,G,19,17,19,17,,insufficient_pairs
2016-01-02,operating_margin,H,45,20,45,20,,insufficient_pairs
2016-01-02,operating_margin,I,24,18,24,18,,insufficient_pairs
2016-01-02,operating_margin,J,0,0,0,0,,insufficient_pairs
2016-01-02,revenue_cagr_3y,A,0,0,0,0,,insufficient_pairs
2016-01-02,revenue_cagr_3y,B,12,12,12,12,,insufficient_pairs
2016-01-02,revenue_cagr_3y,C,0,0,0,0,,insufficient_pairs
2016-01-02,revenue_cagr_3y,D,104,85,104,85,-0.17799491889779168,estimable
2016-01-02,revenue_cagr_3y,E,34,33,34,33,0.09324866310160429,estimable
2016-01-02,revenue_cagr_3y,F,4,4,4,4,,insufficient_pairs
2016-01-02,revenue_cagr_3y,G,19,17,19,17,,insufficient_pairs
2016-01-02,revenue_cagr_3y,H,45,40,45,40,0.07598499061913698,estimable
2016-01-02,revenue_cagr_3y,I,24,20,24,20,,insufficient_pairs
2016-01-02,revenue_cagr_3y,J,0,0,0,0,,insufficient_pairs
2016-01-02,fcf_cagr_3y,A,0,0,0,0,,insufficient_pairs
2016-01-02,fcf_cagr_3y,B,12,3,12,3,,insufficient_pairs
2016-01-02,fcf_cagr_3y,C,0,0,0,0,,insufficient_pairs
2016-01-02,fcf_cagr_3y,D,104,75,104,75,-0.16645803698435274,estimable
2016-01-02,fcf_cagr_3y,E,34,15,34,15,,insufficient_pairs
2016-01-02,fcf_cagr_3y,F,4,4,4,4,,insufficient_pairs
2016-01-02,fcf_cagr_3y,G,19,15,19,15,,insufficient_pairs
2016-01-02,fcf_cagr_3y,H,45,26,45,26,,insufficient_pairs
2016-01-02,fcf_cagr_3y,I,24,20,24,20,,insufficient_pairs
2016-01-02,fcf_cagr_3y,J,0,0,0,0,,insufficient_pairs
2016-01-02,momentum_12m,A,0,0,0,0,,insufficient_pairs
2016-01-02,momentum_12m,B,12,12,12,12,,insufficient_pairs
2016-01-02,momentum_12m,C,0,0,0,0,,insufficient_pairs
2016-01-02,momentum_12m,D,104,104,104,104,-0.1984316654219567,estimable
2016-01-02,momentum_12m,E,34,34,34,34,0.044766997708174175,estimable
2016-01-02,momentum_12m,F,4,4,4,4,,insufficient_pairs
2016-01-02,momentum_12m,G,19,19,19,19,,insufficient_pairs
2016-01-02,momentum_12m,H,45,45,45,45,0.41133069828722,estimable
2016-01-02,momentum_12m,I,24,24,24,24,,insufficient_pairs
2016-01-02,momentum_12m,J,0,0,0,0,,insufficient_pairs
2016-01-02,rel_strength_6m,A,0,0,0,0,,insufficient_pairs
2016-01-02,rel_strength_6m,B,12,12,12,12,,insufficient_pairs
2016-01-02,rel_strength_6m,C,0,0,0,0,,insufficient_pairs
2016-01-02,rel_strength_6m,D,104,104,104,104,0.0003520751093566628,estimable
2016-01-02,rel_strength_6m,E,34,34,34,34,0.20152788388082504,estimable
2016-01-02,rel_strength_6m,F,4,4,4,4,,insufficient_pairs
2016-01-02,rel_strength_6m,G,19,19,19,19,,insufficient_pairs
2016-01-02,rel_strength_6m,H,45,45,45,45,0.4188405797101449,estimable
2016-01-02,rel_strength_6m,I,24,24,24,24,,insufficient_pairs
2016-01-02,rel_strength_6m,J,0,0,0,0,,insufficient_pairs
2016-01-02,price_vs_sma200,A,0,0,0,0,,insufficient_pairs
2016-01-02,price_vs_sma200,B,12,12,12,12,,insufficient_pairs
2016-01-02,price_vs_sma200,C,0,0,0,0,,insufficient_pairs
2016-01-02,price_vs_sma200,D,104,104,104,104,-0.05490237917422384,estimable
2016-01-02,price_vs_sma200,E,34,34,34,34,0.1682200152788388,estimable
2016-01-02,price_vs_sma200,F,4,4,4,4,,insufficient_pairs
2016-01-02,price_vs_sma200,G,19,19,19,19,,insufficient_pairs
2016-01-02,price_vs_sma200,H,45,45,45,45,0.3765480895915678,estimable
2016-01-02,price_vs_sma200,I,24,24,24,24,,insufficient_pairs
2016-01-02,price_vs_sma200,J,0,0,0,0,,insufficient_pairs
2016-01-02,debt_to_equity,A,0,0,0,0,,insufficient_pairs
2016-01-02,debt_to_equity,B,12,12,12,12,,insufficient_pairs
2016-01-02,debt_to_equity,C,0,0,0,0,,insufficient_pairs
2016-01-02,debt_to_equity,D,104,90,104,90,-0.22102317158496934,estimable
2016-01-02,debt_to_equity,E,34,29,34,29,,insufficient_pairs
2016-01-02,debt_to_equity,F,4,2,4,2,,insufficient_pairs
2016-01-02,debt_to_equity,G,19,13,19,13,,insufficient_pairs
2016-01-02,debt_to_equity,H,45,38,45,38,0.25790567895831057,estimable
2016-01-02,debt_to_equity,I,24,15,24,15,,insufficient_pairs
2016-01-02,debt_to_equity,J,0,0,0,0,,insufficient_pairs
2016-01-02,volatility,A,0,0,0,0,,insufficient_pairs
2016-01-02,volatility,B,12,12,12,12,,insufficient_pairs
2016-01-02,volatility,C,0,0,0,0,,insufficient_pairs
2016-01-02,volatility,D,104,104,104,104,0.13974181158647178,estimable
2016-01-02,volatility,E,34,34,34,34,0.5181054239877769,estimable
2016-01-02,volatility,F,4,4,4,4,,insufficient_pairs
2016-01-02,volatility,G,19,19,19,19,,insufficient_pairs
2016-01-02,volatility,H,45,45,45,45,0.5309617918313569,estimable
2016-01-02,volatility,I,24,24,24,24,,insufficient_pairs
2016-01-02,volatility,J,0,0,0,0,,insufficient_pairs
2016-01-02,max_drawdown,A,0,0,0,0,,insufficient_pairs
2016-01-02,max_drawdown,B,12,12,12,12,,insufficient_pairs
2016-01-02,max_drawdown,C,0,0,0,0,,insufficient_pairs
2016-01-02,max_drawdown,D,104,104,104,104,-0.027141790248586366,estimable
2016-01-02,max_drawdown,E,34,34,34,34,0.42154316271963327,estimable
2016-01-02,max_drawdown,F,4,4,4,4,,insufficient_pairs
2016-01-02,max_drawdown,G,19,19,19,19,,insufficient_pairs
2016-01-02,max_drawdown,H,45,45,45,45,0.5150197628458497,estimable
2016-01-02,max_drawdown,I,24,24,24,24,,insufficient_pairs
2016-01-02,max_drawdown,J,0,0,0,0,,insufficient_pairs
2016-04-02,pe,A,0,0,0,0,,insufficient_pairs
2016-04-02,pe,B,14,7,14,7,,insufficient_pairs
2016-04-02,pe,C,1,1,1,1,,insufficient_pairs
2016-04-02,pe,D,127,118,127,118,-0.18591614107232207,estimable
2016-04-02,pe,E,36,30,36,30,-0.25917686318131256,estimable
2016-04-02,pe,F,7,5,7,5,,insufficient_pairs
2016-04-02,pe,G,22,21,22,21,,insufficient_pairs
2016-04-02,pe,H,53,52,53,52,-0.21523093998121742,estimable
2016-04-02,pe,I,35,30,35,30,-0.056729699666295874,estimable
2016-04-02,pe,J,0,0,0,0,,insufficient_pairs
2016-04-02,pb,A,0,0,0,0,,insufficient_pairs
2016-04-02,pb,B,14,14,14,14,,insufficient_pairs
2016-04-02,pb,C,1,1,1,1,,insufficient_pairs
2016-04-02,pb,D,127,123,127,123,0.022178368513036804,estimable
2016-04-02,pb,E,36,36,36,36,0.17863577863577867,estimable
2016-04-02,pb,F,7,7,7,7,,insufficient_pairs
2016-04-02,pb,G,22,20,22,20,,insufficient_pairs
2016-04-02,pb,H,53,52,53,52,-0.2537351660548109,estimable
2016-04-02,pb,I,35,34,35,34,-0.00015278838808250572,estimable
2016-04-02,pb,J,0,0,0,0,,insufficient_pairs
2016-04-02,ev_ebitda,A,0,0,0,0,,insufficient_pairs
2016-04-02,ev_ebitda,B,14,7,14,7,,insufficient_pairs
2016-04-02,ev_ebitda,C,1,1,1,1,,insufficient_pairs
2016-04-02,ev_ebitda,D,127,85,127,85,-0.3200179796361078,estimable
2016-04-02,ev_ebitda,E,36,25,36,25,,insufficient_pairs
2016-04-02,ev_ebitda,F,7,4,7,4,,insufficient_pairs
2016-04-02,ev_ebitda,G,22,17,22,17,,insufficient_pairs
2016-04-02,ev_ebitda,H,53,21,53,21,,insufficient_pairs
2016-04-02,ev_ebitda,I,35,21,35,21,,insufficient_pairs
2016-04-02,ev_ebitda,J,0,0,0,0,,insufficient_pairs
2016-04-02,roic,A,0,0,0,0,,insufficient_pairs
2016-04-02,roic,B,14,13,14,13,,insufficient_pairs
2016-04-02,roic,C,1,1,1,1,,insufficient_pairs
2016-04-02,roic,D,127,107,127,107,-0.05481619357840857,estimable
2016-04-02,roic,E,36,23,36,23,,insufficient_pairs
2016-04-02,roic,F,7,4,7,4,,insufficient_pairs
2016-04-02,roic,G,22,19,22,19,,insufficient_pairs
2016-04-02,roic,H,53,43,53,43,-0.051495016611295685,estimable
2016-04-02,roic,I,35,18,35,18,,insufficient_pairs
2016-04-02,roic,J,0,0,0,0,,insufficient_pairs
2016-04-02,operating_margin,A,0,0,0,0,,insufficient_pairs
2016-04-02,operating_margin,B,14,11,14,11,,insufficient_pairs
2016-04-02,operating_margin,C,1,1,1,1,,insufficient_pairs
2016-04-02,operating_margin,D,127,94,127,94,-0.05034931689942418,estimable
2016-04-02,operating_margin,E,36,36,36,36,0.015186615186615189,estimable
2016-04-02,operating_margin,F,7,6,7,6,,insufficient_pairs
2016-04-02,operating_margin,G,22,21,22,21,,insufficient_pairs
2016-04-02,operating_margin,H,53,26,53,26,,insufficient_pairs
2016-04-02,operating_margin,I,35,30,35,30,0.3161290322580645,estimable
2016-04-02,operating_margin,J,0,0,0,0,,insufficient_pairs
2016-04-02,revenue_cagr_3y,A,0,0,0,0,,insufficient_pairs
2016-04-02,revenue_cagr_3y,B,14,12,14,12,,insufficient_pairs
2016-04-02,revenue_cagr_3y,C,1,1,1,1,,insufficient_pairs
2016-04-02,revenue_cagr_3y,D,127,104,127,104,-0.2307503547461298,estimable
2016-04-02,revenue_cagr_3y,E,36,35,36,35,-0.2285714285714286,estimable
2016-04-02,revenue_cagr_3y,F,7,6,7,6,,insufficient_pairs
2016-04-02,revenue_cagr_3y,G,22,19,22,19,,insufficient_pairs
2016-04-02,revenue_cagr_3y,H,53,46,53,46,0.23650940487203206,estimable
2016-04-02,revenue_cagr_3y,I,35,31,35,31,-0.12338709677419356,estimable
2016-04-02,revenue_cagr_3y,J,0,0,0,0,,insufficient_pairs
2016-04-02,fcf_cagr_3y,A,0,0,0,0,,insufficient_pairs
2016-04-02,fcf_cagr_3y,B,14,3,14,3,,insufficient_pairs
2016-04-02,fcf_cagr_3y,C,1,0,1,0,,insufficient_pairs
2016-04-02,fcf_cagr_3y,D,127,93,127,93,-0.22139910327283038,estimable
2016-04-02,fcf_cagr_3y,E,36,19,36,19,,insufficient_pairs
2016-04-02,fcf_cagr_3y,F,7,7,7,7,,insufficient_pairs
2016-04-02,fcf_cagr_3y,G,22,17,22,17,,insufficient_pairs
2016-04-02,fcf_cagr_3y,H,53,33,53,33,0.10160427807486631,estimable
2016-04-02,fcf_cagr_3y,I,35,29,35,29,,insufficient_pairs
2016-04-02,fcf_cagr_3y,J,0,0,0,0,,insufficient_pairs
2016-04-02,momentum_12m,A,0,0,0,0,,insufficient_pairs
2016-04-02,momentum_12m,B,14,14,14,14,,insufficient_pairs
2016-04-02,momentum_12m,C,1,1,1,1,,insufficient_pairs
2016-04-02,momentum_12m,D,127,127,127,127,0.17788700955550216,estimable
2016-04-02,momentum_12m,E,36,36,36,36,0.1446589446589447,estimable
2016-04-02,momentum_12m,F,7,7,7,7,,insufficient_pairs
2016-04-02,momentum_12m,G,22,22,22,22,,insufficient_pairs
2016-04-02,momentum_12m,H,53,53,53,53,0.39348492178680855,estimable
2016-04-02,momentum_12m,I,35,35,35,35,0.4184873949579832,estimable
2016-04-02,momentum_12m,J,0,0,0,0,,insufficient_pairs
2016-04-02,rel_strength_6m,A,0,0,0,0,,insufficient_pairs
2016-04-02,rel_strength_6m,B,14,14,14,14,,insufficient_pairs
2016-04-02,rel_strength_6m,C,1,1,1,1,,insufficient_pairs
2016-04-02,rel_strength_6m,D,127,127,127,127,0.21474980519898995,estimable
2016-04-02,rel_strength_6m,E,36,36,36,36,0.1824967824967825,estimable
2016-04-02,rel_strength_6m,F,7,7,7,7,,insufficient_pairs
2016-04-02,rel_strength_6m,G,22,22,22,22,,insufficient_pairs
2016-04-02,rel_strength_6m,H,53,53,53,53,0.479519432349621,estimable
2016-04-02,rel_strength_6m,I,35,35,35,35,0.16050420168067225,estimable
2016-04-02,rel_strength_6m,J,0,0,0,0,,insufficient_pairs
2016-04-02,price_vs_sma200,A,0,0,0,0,,insufficient_pairs
2016-04-02,price_vs_sma200,B,14,14,14,14,,insufficient_pairs
2016-04-02,price_vs_sma200,C,1,1,1,1,,insufficient_pairs
2016-04-02,price_vs_sma200,D,127,127,127,127,0.17183499622115334,estimable
2016-04-02,price_vs_sma200,E,36,36,36,36,0.2833976833976834,estimable
2016-04-02,price_vs_sma200,F,7,7,7,7,,insufficient_pairs
2016-04-02,price_vs_sma200,G,22,22,22,22,,insufficient_pairs
2016-04-02,price_vs_sma200,H,53,53,53,53,0.4282373810675697,estimable
2016-04-02,price_vs_sma200,I,35,35,35,35,0.20840336134453782,estimable
2016-04-02,price_vs_sma200,J,0,0,0,0,,insufficient_pairs
2016-04-02,debt_to_equity,A,0,0,0,0,,insufficient_pairs
2016-04-02,debt_to_equity,B,14,14,14,14,,insufficient_pairs
2016-04-02,debt_to_equity,C,1,1,1,1,,insufficient_pairs
2016-04-02,debt_to_equity,D,127,108,127,108,0.023793305483177964,estimable
2016-04-02,debt_to_equity,E,36,26,36,26,,insufficient_pairs
2016-04-02,debt_to_equity,F,7,5,7,5,,insufficient_pairs
2016-04-02,debt_to_equity,G,22,18,22,18,,insufficient_pairs
2016-04-02,debt_to_equity,H,53,44,53,44,-0.07582804792107116,estimable
2016-04-02,debt_to_equity,I,35,20,35,20,,insufficient_pairs
2016-04-02,debt_to_equity,J,0,0,0,0,,insufficient_pairs
2016-04-02,volatility,A,0,0,0,0,,insufficient_pairs
2016-04-02,volatility,B,14,14,14,14,,insufficient_pairs
2016-04-02,volatility,C,1,1,1,1,,insufficient_pairs
2016-04-02,volatility,D,127,127,127,127,0.46960225441890713,estimable
2016-04-02,volatility,E,36,36,36,36,0.2671814671814672,estimable
2016-04-02,volatility,F,7,7,7,7,,insufficient_pairs
2016-04-02,volatility,G,22,22,22,22,,insufficient_pairs
2016-04-02,volatility,H,53,53,53,53,0.37284308982422193,estimable
2016-04-02,volatility,I,35,35,35,35,0.24509803921568626,estimable
2016-04-02,volatility,J,0,0,0,0,,insufficient_pairs
2016-04-02,max_drawdown,A,0,0,0,0,,insufficient_pairs
2016-04-02,max_drawdown,B,14,14,14,14,,insufficient_pairs
2016-04-02,max_drawdown,C,1,1,1,1,,insufficient_pairs
2016-04-02,max_drawdown,D,127,127,127,127,0.4046471025912928,estimable
2016-04-02,max_drawdown,E,36,36,36,36,0.15572715572715573,estimable
2016-04-02,max_drawdown,F,7,7,7,7,,insufficient_pairs
2016-04-02,max_drawdown,G,22,22,22,22,,insufficient_pairs
2016-04-02,max_drawdown,H,53,53,53,53,0.45920012901144974,estimable
2016-04-02,max_drawdown,I,35,35,35,35,0.3907563025210084,estimable
2016-04-02,max_drawdown,J,0,0,0,0,,insufficient_pairs
2016-07-02,pe,A,0,0,0,0,,insufficient_pairs
2016-07-02,pe,B,13,7,13,7,,insufficient_pairs
2016-07-02,pe,C,1,1,1,1,,insufficient_pairs
2016-07-02,pe,D,121,113,121,113,0.23085048427408789,estimable
2016-07-02,pe,E,36,29,36,29,,insufficient_pairs
2016-07-02,pe,F,8,6,8,6,,insufficient_pairs
2016-07-02,pe,G,23,22,23,22,,insufficient_pairs
2016-07-02,pe,H,51,50,51,50,0.5433373349339736,estimable
2016-07-02,pe,I,36,31,36,31,-0.054032258064516135,estimable
2016-07-02,pe,J,0,0,0,0,,insufficient_pairs
2016-07-02,pb,A,0,0,0,0,,insufficient_pairs
2016-07-02,pb,B,13,13,13,13,,insufficient_pairs
2016-07-02,pb,C,1,1,1,1,,insufficient_pairs
2016-07-02,pb,D,121,116,121,116,0.2888451499063927,estimable
2016-07-02,pb,E,36,36,36,36,-0.0725868725868726,estimable
2016-07-02,pb,F,8,8,8,8,,insufficient_pairs
2016-07-02,pb,G,23,21,23,21,,insufficient_pairs
2016-07-02,pb,H,51,50,51,50,0.6132533013205281,estimable
2016-07-02,pb,I,36,35,36,35,0.23557422969187677,estimable
2016-07-02,pb,J,0,0,0,0,,insufficient_pairs
2016-07-02,ev_ebitda,A,0,0,0,0,,insufficient_pairs
2016-07-02,ev_ebitda,B,13,7,13,7,,insufficient_pairs
2016-07-02,ev_ebitda,C,1,1,1,1,,insufficient_pairs
2016-07-02,ev_ebitda,D,121,81,121,81,0.3763479714088913,estimable
2016-07-02,ev_ebitda,E,36,25,36,25,,insufficient_pairs
2016-07-02,ev_ebitda,F,8,5,8,5,,insufficient_pairs
2016-07-02,ev_ebitda,G,23,18,23,18,,insufficient_pairs
2016-07-02,ev_ebitda,H,51,19,51,19,,insufficient_pairs
2016-07-02,ev_ebitda,I,36,22,36,22,,insufficient_pairs
2016-07-02,ev_ebitda,J,0,0,0,0,,insufficient_pairs
2016-07-02,roic,A,0,0,0,0,,insufficient_pairs
2016-07-02,roic,B,13,12,13,12,,insufficient_pairs
2016-07-02,roic,C,1,1,1,1,,insufficient_pairs
2016-07-02,roic,D,121,103,121,103,-0.16215548343519878,estimable
2016-07-02,roic,E,36,22,36,22,,insufficient_pairs
2016-07-02,roic,F,8,4,8,4,,insufficient_pairs
2016-07-02,roic,G,23,18,23,18,,insufficient_pairs
2016-07-02,roic,H,51,41,51,41,-0.07787456445993032,estimable
2016-07-02,roic,I,36,21,36,21,,insufficient_pairs
2016-07-02,roic,J,0,0,0,0,,insufficient_pairs
2016-07-02,operating_margin,A,0,0,0,0,,insufficient_pairs
2016-07-02,operating_margin,B,13,10,13,10,,insufficient_pairs
2016-07-02,operating_margin,C,1,1,1,1,,insufficient_pairs
2016-07-02,operating_margin,D,121,89,121,89,-0.045752857957592416,estimable
2016-07-02,operating_margin,E,36,36,36,36,0.09961389961389963,estimable
2016-07-02,operating_margin,F,8,7,8,7,,insufficient_pairs
2016-07-02,operating_margin,G,23,22,23,22,,insufficient_pairs
2016-07-02,operating_margin,H,51,25,51,25,,insufficient_pairs
2016-07-02,operating_margin,I,36,31,36,31,-0.011290322580645162,estimable
2016-07-02,operating_margin,J,0,0,0,0,,insufficient_pairs
2016-07-02,revenue_cagr_3y,A,0,0,0,0,,insufficient_pairs
2016-07-02,revenue_cagr_3y,B,13,11,13,11,,insufficient_pairs
2016-07-02,revenue_cagr_3y,C,1,1,1,1,,insufficient_pairs
2016-07-02,revenue_cagr_3y,D,121,101,121,101,0.10638967029510947,estimable
2016-07-02,revenue_cagr_3y,E,36,35,36,35,-0.22829131652661064,estimable
2016-07-02,revenue_cagr_3y,F,8,7,8,7,,insufficient_pairs
2016-07-02,revenue_cagr_3y,G,23,21,23,21,,insufficient_pairs
2016-07-02,revenue_cagr_3y,H,51,46,51,46,-0.4102991057662658,estimable
2016-07-02,revenue_cagr_3y,I,36,32,36,32,0.01319648093841642,estimable
2016-07-02,revenue_cagr_3y,J,0,0,0,0,,insufficient_pairs
2016-07-02,fcf_cagr_3y,A,0,0,0,0,,insufficient_pairs
2016-07-02,fcf_cagr_3y,B,13,3,13,3,,insufficient_pairs
2016-07-02,fcf_cagr_3y,C,1,0,1,0,,insufficient_pairs
2016-07-02,fcf_cagr_3y,D,121,89,121,89,0.10486891385767791,estimable
2016-07-02,fcf_cagr_3y,E,36,20,36,20,,insufficient_pairs
2016-07-02,fcf_cagr_3y,F,8,7,8,7,,insufficient_pairs
2016-07-02,fcf_cagr_3y,G,23,19,23,19,,insufficient_pairs
2016-07-02,fcf_cagr_3y,H,51,30,51,30,-0.10789766407119021,estimable
2016-07-02,fcf_cagr_3y,I,36,29,36,29,,insufficient_pairs
2016-07-02,fcf_cagr_3y,J,0,0,0,0,,insufficient_pairs
2016-07-02,momentum_12m,A,0,0,0,0,,insufficient_pairs
2016-07-02,momentum_12m,B,13,13,13,13,,insufficient_pairs
2016-07-02,momentum_12m,C,1,1,1,1,,insufficient_pairs
2016-07-02,momentum_12m,D,121,121,121,121,-0.43044787443393323,estimable
2016-07-02,momentum_12m,E,36,36,36,36,-0.5356499356499357,estimable
2016-07-02,momentum_12m,F,8,8,8,8,,insufficient_pairs
2016-07-02,momentum_12m,G,23,23,23,23,,insufficient_pairs
2016-07-02,momentum_12m,H,51,51,51,51,-0.7481447963800905,estimable
2016-07-02,momentum_12m,I,36,36,36,36,-0.0918918918918919,estimable
2016-07-02,momentum_12m,J,0,0,0,0,,insufficient_pairs
2016-07-02,rel_strength_6m,A,0,0,0,0,,insufficient_pairs
2016-07-02,rel_strength_6m,B,13,13,13,13,,insufficient_pairs
2016-07-02,rel_strength_6m,C,1,1,1,1,,insufficient_pairs
2016-07-02,rel_strength_6m,D,121,121,121,121,-0.3108363055016444,estimable
2016-07-02,rel_strength_6m,E,36,36,36,36,-0.44221364221364223,estimable
2016-07-02,rel_strength_6m,F,8,8,8,8,,insufficient_pairs
2016-07-02,rel_strength_6m,G,23,23,23,23,,insufficient_pairs
2016-07-02,rel_strength_6m,H,51,51,51,51,-0.7342986425339366,estimable
2016-07-02,rel_strength_6m,I,36,36,36,36,-0.16705276705276706,estimable
2016-07-02,rel_strength_6m,J,0,0,0,0,,insufficient_pairs
2016-07-02,price_vs_sma200,A,0,0,0,0,,insufficient_pairs
2016-07-02,price_vs_sma200,B,13,13,13,13,,insufficient_pairs
2016-07-02,price_vs_sma200,C,1,1,1,1,,insufficient_pairs
2016-07-02,price_vs_sma200,D,121,121,121,121,-0.34805361080345076,estimable
2016-07-02,price_vs_sma200,E,36,36,36,36,-0.5361647361647363,estimable
2016-07-02,price_vs_sma200,F,8,8,8,8,,insufficient_pairs
2016-07-02,price_vs_sma200,G,23,23,23,23,,insufficient_pairs
2016-07-02,price_vs_sma200,H,51,51,51,51,-0.720180995475113,estimable
2016-07-02,price_vs_sma200,I,36,36,36,36,-0.05997425997425997,estimable
2016-07-02,price_vs_sma200,J,0,0,0,0,,insufficient_pairs
2016-07-02,debt_to_equity,A,0,0,0,0,,insufficient_pairs
2016-07-02,debt_to_equity,B,13,13,13,13,,insufficient_pairs
2016-07-02,debt_to_equity,C,1,1,1,1,,insufficient_pairs
2016-07-02,debt_to_equity,D,121,102,121,102,0.08427480916030533,estimable
2016-07-02,debt_to_equity,E,36,26,36,26,,insufficient_pairs
2016-07-02,debt_to_equity,F,8,5,8,5,,insufficient_pairs
2016-07-02,debt_to_equity,G,23,17,23,17,,insufficient_pairs
2016-07-02,debt_to_equity,H,51,42,51,42,0.0026740134510979665,estimable
2016-07-02,debt_to_equity,I,36,23,36,23,,insufficient_pairs
2016-07-02,debt_to_equity,J,0,0,0,0,,insufficient_pairs
2016-07-02,volatility,A,0,0,0,0,,insufficient_pairs
2016-07-02,volatility,B,13,13,13,13,,insufficient_pairs
2016-07-02,volatility,C,1,1,1,1,,insufficient_pairs
2016-07-02,volatility,D,121,121,121,121,-0.363634208217749,estimable
2016-07-02,volatility,E,36,36,36,36,-0.3974259974259975,estimable
2016-07-02,volatility,F,8,8,8,8,,insufficient_pairs
2016-07-02,volatility,G,23,23,23,23,,insufficient_pairs
2016-07-02,volatility,H,51,51,51,51,-0.6693212669683257,estimable
2016-07-02,volatility,I,36,36,36,36,-0.28262548262548265,estimable
2016-07-02,volatility,J,0,0,0,0,,insufficient_pairs
2016-07-02,max_drawdown,A,0,0,0,0,,insufficient_pairs
2016-07-02,max_drawdown,B,13,13,13,13,,insufficient_pairs
2016-07-02,max_drawdown,C,1,1,1,1,,insufficient_pairs
2016-07-02,max_drawdown,D,121,121,121,121,-0.3859483333841396,estimable
2016-07-02,max_drawdown,E,36,36,36,36,-0.5240669240669241,estimable
2016-07-02,max_drawdown,F,8,8,8,8,,insufficient_pairs
2016-07-02,max_drawdown,G,23,23,23,23,,insufficient_pairs
2016-07-02,max_drawdown,H,51,51,51,51,-0.6867873303167421,estimable
2016-07-02,max_drawdown,I,36,36,36,36,-0.2682110682110682,estimable
2016-07-02,max_drawdown,J,0,0,0,0,,insufficient_pairs
2016-10-02,pe,A,0,0,0,0,,insufficient_pairs
2016-10-02,pe,B,14,8,14,8,,insufficient_pairs
2016-10-02,pe,C,1,1,1,1,,insufficient_pairs
2016-10-02,pe,D,122,114,122,114,0.2864647250134668,estimable
2016-10-02,pe,E,39,32,39,32,0.41202346041055715,estimable
2016-10-02,pe,F,8,6,8,6,,insufficient_pairs
2016-10-02,pe,G,23,22,23,22,,insufficient_pairs
2016-10-02,pe,H,50,49,50,49,0.4765306122448979,estimable
2016-10-02,pe,I,40,34,40,34,0.5226890756302521,estimable
2016-10-02,pe,J,0,0,0,0,,insufficient_pairs
2016-10-02,pb,A,0,0,0,0,,insufficient_pairs
2016-10-02,pb,B,14,14,14,14,,insufficient_pairs
2016-10-02,pb,C,1,1,1,1,,insufficient_pairs
2016-10-02,pb,D,122,117,122,117,0.18254568887356978,estimable
2016-10-02,pb,E,39,39,39,39,-0.1714574898785425,estimable
2016-10-02,pb,F,8,8,8,8,,insufficient_pairs
2016-10-02,pb,G,23,21,23,21,,insufficient_pairs
2016-10-02,pb,H,50,49,50,49,0.5920408163265305,estimable
2016-10-02,pb,I,40,39,40,39,0.17570850202429153,estimable
2016-10-02,pb,J,0,0,0,0,,insufficient_pairs
2016-10-02,ev_ebitda,A,0,0,0,0,,insufficient_pairs
2016-10-02,ev_ebitda,B,14,8,14,8,,insufficient_pairs
2016-10-02,ev_ebitda,C,1,1,1,1,,insufficient_pairs
2016-10-02,ev_ebitda,D,122,78,122,78,0.48665874200156806,estimable
2016-10-02,ev_ebitda,E,39,28,39,28,,insufficient_pairs
2016-10-02,ev_ebitda,F,8,5,8,5,,insufficient_pairs
2016-10-02,ev_ebitda,G,23,18,23,18,,insufficient_pairs
2016-10-02,ev_ebitda,H,50,19,50,19,,insufficient_pairs
2016-10-02,ev_ebitda,I,40,25,40,25,,insufficient_pairs
2016-10-02,ev_ebitda,J,0,0,0,0,,insufficient_pairs
2016-10-02,roic,A,0,0,0,0,,insufficient_pairs
2016-10-02,roic,B,14,13,14,13,,insufficient_pairs
2016-10-02,roic,C,1,1,1,1,,insufficient_pairs
2016-10-02,roic,D,122,105,122,105,-0.05047740490778466,estimable
2016-10-02,roic,E,39,25,39,25,,insufficient_pairs
2016-10-02,roic,F,8,4,8,4,,insufficient_pairs
2016-10-02,roic,G,23,19,23,19,,insufficient_pairs
2016-10-02,roic,H,50,40,50,40,-0.04803001876172608,estimable
2016-10-02,roic,I,40,24,40,24,,insufficient_pairs
2016-10-02,roic,J,0,0,0,0,,insufficient_pairs
2016-10-02,operating_margin,A,0,0,0,0,,insufficient_pairs
2016-10-02,operating_margin,B,14,11,14,11,,insufficient_pairs
2016-10-02,operating_margin,C,1,1,1,1,,insufficient_pairs
2016-10-02,operating_margin,D,122,86,122,86,0.01296299790554182,estimable
2016-10-02,operating_margin,E,39,39,39,39,-0.16619433198380568,estimable
2016-10-02,operating_margin,F,8,7,8,7,,insufficient_pairs
2016-10-02,operating_margin,G,23,21,23,21,,insufficient_pairs
2016-10-02,operating_margin,H,50,24,50,24,,insufficient_pairs
2016-10-02,operating_margin,I,40,34,40,34,0.015737203972498087,estimable
2016-10-02,operating_margin,J,0,0,0,0,,insufficient_pairs
2016-10-02,revenue_cagr_3y,A,0,0,0,0,,insufficient_pairs
2016-10-02,revenue_cagr_3y,B,14,12,14,12,,insufficient_pairs
2016-10-02,revenue_cagr_3y,C,1,1,1,1,,insufficient_pairs
2016-10-02,revenue_cagr_3y,D,122,101,122,101,-0.13449195680788362,estimable
2016-10-02,revenue_cagr_3y,E,39,38,39,38,0.0918043549622497,estimable
2016-10-02,revenue_cagr_3y,F,8,7,8,7,,insufficient_pairs
2016-10-02,revenue_cagr_3y,G,23,21,23,21,,insufficient_pairs
2016-10-02,revenue_cagr_3y,H,50,44,50,44,-0.48231148696264975,estimable
2016-10-02,revenue_cagr_3y,I,40,35,40,35,0.1008403361344538,estimable
2016-10-02,revenue_cagr_3y,J,0,0,0,0,,insufficient_pairs
2016-10-02,fcf_cagr_3y,A,0,0,0,0,,insufficient_pairs
2016-10-02,fcf_cagr_3y,B,14,4,14,4,,insufficient_pairs
2016-10-02,fcf_cagr_3y,C,1,0,1,0,,insufficient_pairs
2016-10-02,fcf_cagr_3y,D,122,92,122,92,-0.05176280198820945,estimable
2016-10-02,fcf_cagr_3y,E,39,21,39,21,,insufficient_pairs
2016-10-02,fcf_cagr_3y,F,8,7,8,7,,insufficient_pairs
2016-10-02,fcf_cagr_3y,G,23,19,23,19,,insufficient_pairs
2016-10-02,fcf_cagr_3y,H,50,30,50,30,-0.2342602892102336,estimable
2016-10-02,fcf_cagr_3y,I,40,31,40,31,0.059677419354838716,estimable
2016-10-02,fcf_cagr_3y,J,0,0,0,0,,insufficient_pairs
2016-10-02,momentum_12m,A,0,0,0,0,,insufficient_pairs
2016-10-02,momentum_12m,B,14,14,14,14,,insufficient_pairs
2016-10-02,momentum_12m,C,1,1,1,1,,insufficient_pairs
2016-10-02,momentum_12m,D,122,122,122,122,-0.11722661168003332,estimable
2016-10-02,momentum_12m,E,39,39,39,39,-0.1125506072874494,estimable
2016-10-02,momentum_12m,F,8,8,8,8,,insufficient_pairs
2016-10-02,momentum_12m,G,23,23,23,23,,insufficient_pairs
2016-10-02,momentum_12m,H,50,50,50,50,-0.5385354141656662,estimable
2016-10-02,momentum_12m,I,40,40,40,40,-0.450844277673546,estimable
2016-10-02,momentum_12m,J,0,0,0,0,,insufficient_pairs
2016-10-02,rel_strength_6m,A,0,0,0,0,,insufficient_pairs
2016-10-02,rel_strength_6m,B,14,14,14,14,,insufficient_pairs
2016-10-02,rel_strength_6m,C,1,1,1,1,,insufficient_pairs
2016-10-02,rel_strength_6m,D,122,122,122,122,-0.007563966571827944,estimable
2016-10-02,rel_strength_6m,E,39,39,39,39,-0.19878542510121458,estimable
2016-10-02,rel_strength_6m,F,8,8,8,8,,insufficient_pairs
2016-10-02,rel_strength_6m,G,23,23,23,23,,insufficient_pairs
2016-10-02,rel_strength_6m,H,50,50,50,50,0.2535894357743097,estimable
2016-10-02,rel_strength_6m,I,40,40,40,40,-0.42551594746716703,estimable
2016-10-02,rel_strength_6m,J,0,0,0,0,,insufficient_pairs
2016-10-02,price_vs_sma200,A,0,0,0,0,,insufficient_pairs
2016-10-02,price_vs_sma200,B,14,14,14,14,,insufficient_pairs
2016-10-02,price_vs_sma200,C,1,1,1,1,,insufficient_pairs
2016-10-02,price_vs_sma200,D,122,122,122,122,-0.03347113036524475,estimable
2016-10-02,price_vs_sma200,E,39,39,39,39,-0.03461538461538462,estimable
2016-10-02,price_vs_sma200,F,8,8,8,8,,insufficient_pairs
2016-10-02,price_vs_sma200,G,23,23,23,23,,insufficient_pairs
2016-10-02,price_vs_sma200,H,50,50,50,50,0.12902761104441776,estimable
2016-10-02,price_vs_sma200,I,40,40,40,40,-0.41744840525328336,estimable
2016-10-02,price_vs_sma200,J,0,0,0,0,,insufficient_pairs
2016-10-02,debt_to_equity,A,0,0,0,0,,insufficient_pairs
2016-10-02,debt_to_equity,B,14,14,14,14,,insufficient_pairs
2016-10-02,debt_to_equity,C,1,1,1,1,,insufficient_pairs
2016-10-02,debt_to_equity,D,122,104,122,104,-0.15430656467048617,estimable
2016-10-02,debt_to_equity,E,39,29,39,29,,insufficient_pairs
2016-10-02,debt_to_equity,F,8,5,8,5,,insufficient_pairs
2016-10-02,debt_to_equity,G,23,18,23,18,,insufficient_pairs
2016-10-02,debt_to_equity,H,50,41,50,41,0.08222996515679444,estimable
2016-10-02,debt_to_equity,I,40,26,40,26,,insufficient_pairs
2016-10-02,debt_to_equity,J,0,0,0,0,,insufficient_pairs
2016-10-02,volatility,A,0,0,0,0,,insufficient_pairs
2016-10-02,volatility,B,14,14,14,14,,insufficient_pairs
2016-10-02,volatility,C,1,1,1,1,,insufficient_pairs
2016-10-02,volatility,D,122,122,122,122,-0.14359640339833257,estimable
2016-10-02,volatility,E,39,39,39,39,-0.4064777327935223,estimable
2016-10-02,volatility,F,8,8,8,8,,insufficient_pairs
2016-10-02,volatility,G,23,23,23,23,,insufficient_pairs
2016-10-02,volatility,H,50,50,50,50,-0.5440096038415366,estimable
2016-10-02,volatility,I,40,40,40,40,-0.19906191369606008,estimable
2016-10-02,volatility,J,0,0,0,0,,insufficient_pairs
2016-10-02,max_drawdown,A,0,0,0,0,,insufficient_pairs
2016-10-02,max_drawdown,B,14,14,14,14,,insufficient_pairs
2016-10-02,max_drawdown,C,1,1,1,1,,insufficient_pairs
2016-10-02,max_drawdown,D,122,122,122,122,-0.14641843374011548,estimable
2016-10-02,max_drawdown,E,39,39,39,39,-0.46194331983805664,estimable
2016-10-02,max_drawdown,F,8,8,8,8,,insufficient_pairs
2016-10-02,max_drawdown,G,23,23,23,23,,insufficient_pairs
2016-10-02,max_drawdown,H,50,50,50,50,-0.48331332533013205,estimable
2016-10-02,max_drawdown,I,40,40,40,40,-0.2660412757973734,estimable
2016-10-02,max_drawdown,J,0,0,0,0,,insufficient_pairs
2017-01-02,pe,A,0,0,0,0,,insufficient_pairs
2017-01-02,pe,B,13,7,13,7,,insufficient_pairs
2017-01-02,pe,C,1,1,1,1,,insufficient_pairs
2017-01-02,pe,D,123,114,123,114,-0.10726884647007125,estimable
2017-01-02,pe,E,40,34,40,34,0.04201680672268907,estimable
2017-01-02,pe,F,6,6,6,6,,insufficient_pairs
2017-01-02,pe,G,22,21,22,21,,insufficient_pairs
2017-01-02,pe,H,52,51,52,51,-0.04126696832579186,estimable
2017-01-02,pe,I,38,33,38,33,-0.20086898395721925,estimable
2017-01-02,pe,J,0,0,0,0,,insufficient_pairs
2017-01-02,pb,A,0,0,0,0,,insufficient_pairs
2017-01-02,pb,B,13,13,13,13,,insufficient_pairs
2017-01-02,pb,C,1,1,1,1,,insufficient_pairs
2017-01-02,pb,D,123,118,123,118,0.06910089585380016,estimable
2017-01-02,pb,E,40,40,40,40,0.32908067542213887,estimable
2017-01-02,pb,F,6,5,6,5,,insufficient_pairs
2017-01-02,pb,G,22,20,22,20,,insufficient_pairs
2017-01-02,pb,H,52,51,52,51,-0.32271493212669683,estimable
2017-01-02,pb,I,38,36,38,36,0.09369369369369371,estimable
2017-01-02,pb,J,0,0,0,0,,insufficient_pairs
2017-01-02,ev_ebitda,A,0,0,0,0,,insufficient_pairs
2017-01-02,ev_ebitda,B,13,8,13,8,,insufficient_pairs
2017-01-02,ev_ebitda,C,1,1,1,1,,insufficient_pairs
2017-01-02,ev_ebitda,D,123,80,123,80,-0.14152767847724418,estimable
2017-01-02,ev_ebitda,E,40,29,40,29,,insufficient_pairs
2017-01-02,ev_ebitda,F,6,3,6,3,,insufficient_pairs
2017-01-02,ev_ebitda,G,22,16,22,16,,insufficient_pairs
2017-01-02,ev_ebitda,H,52,20,52,20,,insufficient_pairs
2017-01-02,ev_ebitda,I,38,22,38,22,,insufficient_pairs
2017-01-02,ev_ebitda,J,0,0,0,0,,insufficient_pairs
2017-01-02,roic,A,0,0,0,0,,insufficient_pairs
2017-01-02,roic,B,13,12,13,12,,insufficient_pairs
2017-01-02,roic,C,1,1,1,1,,insufficient_pairs
2017-01-02,roic,D,123,104,123,104,-0.014616607453402895,estimable
2017-01-02,roic,E,40,26,40,26,,insufficient_pairs
2017-01-02,roic,F,6,3,6,3,,insufficient_pairs
2017-01-02,roic,G,22,17,22,17,,insufficient_pairs
2017-01-02,roic,H,52,41,52,41,0.25313588850174223,estimable
2017-01-02,roic,I,38,23,38,23,,insufficient_pairs
2017-01-02,roic,J,0,0,0,0,,insufficient_pairs
2017-01-02,operating_margin,A,0,0,0,0,,insufficient_pairs
2017-01-02,operating_margin,B,13,10,13,10,,insufficient_pairs
2017-01-02,operating_margin,C,1,1,1,1,,insufficient_pairs
2017-01-02,operating_margin,D,123,86,123,86,-0.29767722701284977,estimable
2017-01-02,operating_margin,E,40,40,40,40,0.13039399624765483,estimable
2017-01-02,operating_margin,F,6,5,6,5,,insufficient_pairs
2017-01-02,operating_margin,G,22,21,22,21,,insufficient_pairs
2017-01-02,operating_margin,H,52,26,52,26,,insufficient_pairs
2017-01-02,operating_margin,I,38,32,38,32,0.06378299120234603,estimable
2017-01-02,operating_margin,J,0,0,0,0,,insufficient_pairs
2017-01-02,revenue_cagr_3y,A,0,0,0,0,,insufficient_pairs
2017-01-02,revenue_cagr_3y,B,13,11,13,11,,insufficient_pairs
2017-01-02,revenue_cagr_3y,C,1,1,1,1,,insufficient_pairs
2017-01-02,revenue_cagr_3y,D,123,101,123,101,0.11567985649221306,estimable
2017-01-02,revenue_cagr_3y,E,40,39,40,39,0.012955465587044534,estimable
2017-01-02,revenue_cagr_3y,F,6,5,6,5,,insufficient_pairs
2017-01-02,revenue_cagr_3y,G,22,20,22,20,,insufficient_pairs
2017-01-02,revenue_cagr_3y,H,52,46,52,46,0.3018809744064138,estimable
2017-01-02,revenue_cagr_3y,I,38,33,38,33,-0.06517379679144385,estimable
2017-01-02,revenue_cagr_3y,J,0,0,0,0,,insufficient_pairs
2017-01-02,fcf_cagr_3y,A,0,0,0,0,,insufficient_pairs
2017-01-02,fcf_cagr_3y,B,13,5,13,5,,insufficient_pairs
2017-01-02,fcf_cagr_3y,C,1,0,1,0,,insufficient_pairs
2017-01-02,fcf_cagr_3y,D,123,91,123,91,-0.09422753804378121,estimable
2017-01-02,fcf_cagr_3y,E,40,21,40,21,,insufficient_pairs
2017-01-02,fcf_cagr_3y,F,6,6,6,6,,insufficient_pairs
2017-01-02,fcf_cagr_3y,G,22,18,22,18,,insufficient_pairs
2017-01-02,fcf_cagr_3y,H,52,32,52,32,0.12683284457478003,estimable
2017-01-02,fcf_cagr_3y,I,38,31,38,31,-0.11854838709677422,estimable
2017-01-02,fcf_cagr_3y,J,0,0,0,0,,insufficient_pairs
2017-01-02,momentum_12m,A,0,0,0,0,,insufficient_pairs
2017-01-02,momentum_12m,B,13,13,13,13,,insufficient_pairs
2017-01-02,momentum_12m,C,1,1,1,1,,insufficient_pairs
2017-01-02,momentum_12m,D,123,123,123,123,0.08588233017973572,estimable
2017-01-02,momentum_12m,E,40,40,40,40,-0.24859287054409007,estimable
2017-01-02,momentum_12m,F,6,6,6,6,,insufficient_pairs
2017-01-02,momentum_12m,G,22,22,22,22,,insufficient_pairs
2017-01-02,momentum_12m,H,52,52,52,52,-0.08008196021514555,estimable
2017-01-02,momentum_12m,I,38,38,38,38,0.013677645256592626,estimable
2017-01-02,momentum_12m,J,0,0,0,0,,insufficient_pairs
2017-01-02,rel_strength_6m,A,0,0,0,0,,insufficient_pairs
2017-01-02,rel_strength_6m,B,13,13,13,13,,insufficient_pairs
2017-01-02,rel_strength_6m,C,1,1,1,1,,insufficient_pairs
2017-01-02,rel_strength_6m,D,123,123,123,123,-0.02528682260529727,estimable
2017-01-02,rel_strength_6m,E,40,40,40,40,-0.27035647279549724,estimable
2017-01-02,rel_strength_6m,F,6,6,6,6,,insufficient_pairs
2017-01-02,rel_strength_6m,G,22,22,22,22,,insufficient_pairs
2017-01-02,rel_strength_6m,H,52,52,52,52,-0.2434901391616153,estimable
2017-01-02,rel_strength_6m,I,38,38,38,38,-0.12244228033701719,estimable
2017-01-02,rel_strength_6m,J,0,0,0,0,,insufficient_pairs
2017-01-02,price_vs_sma200,A,0,0,0,0,,insufficient_pairs
2017-01-02,price_vs_sma200,B,13,13,13,13,,insufficient_pairs
2017-01-02,price_vs_sma200,C,1,1,1,1,,insufficient_pairs
2017-01-02,price_vs_sma200,D,123,123,123,123,-0.012827209936734576,estimable
2017-01-02,price_vs_sma200,E,40,40,40,40,-0.2581613508442777,estimable
2017-01-02,price_vs_sma200,F,6,6,6,6,,insufficient_pairs
2017-01-02,price_vs_sma200,G,22,22,22,22,,insufficient_pairs
2017-01-02,price_vs_sma200,H,52,52,52,52,-0.24519764364381455,estimable
2017-01-02,price_vs_sma200,I,38,38,38,38,-0.22792428055585948,estimable
2017-01-02,price_vs_sma200,J,0,0,0,0,,insufficient_pairs
2017-01-02,debt_to_equity,A,0,0,0,0,,insufficient_pairs
2017-01-02,debt_to_equity,B,13,13,13,13,,insufficient_pairs
2017-01-02,debt_to_equity,C,1,1,1,1,,insufficient_pairs
2017-01-02,debt_to_equity,D,123,104,123,104,-0.00952746748605021,estimable
2017-01-02,debt_to_equity,E,40,29,40,29,,insufficient_pairs
2017-01-02,debt_to_equity,F,6,3,6,3,,insufficient_pairs
2017-01-02,debt_to_equity,G,22,16,22,16,,insufficient_pairs
2017-01-02,debt_to_equity,H,52,42,52,42,-0.15355319666153472,estimable
2017-01-02,debt_to_equity,I,38,23,38,23,,insufficient_pairs
2017-01-02,debt_to_equity,J,0,0,0,0,,insufficient_pairs
2017-01-02,volatility,A,0,0,0,0,,insufficient_pairs
2017-01-02,volatility,B,13,13,13,13,,insufficient_pairs
2017-01-02,volatility,C,1,1,1,1,,insufficient_pairs
2017-01-02,volatility,D,123,123,123,123,0.18903528288866964,estimable
2017-01-02,volatility,E,40,40,40,40,-0.042213883677298315,estimable
2017-01-02,volatility,F,6,6,6,6,,insufficient_pairs
2017-01-02,volatility,G,22,22,22,22,,insufficient_pairs
2017-01-02,volatility,H,52,52,52,52,0.10219414325962604,estimable
2017-01-02,volatility,I,38,38,38,38,-0.02111828427617901,estimable
2017-01-02,volatility,J,0,0,0,0,,insufficient_pairs
2017-01-02,max_drawdown,A,0,0,0,0,,insufficient_pairs
2017-01-02,max_drawdown,B,13,13,13,13,,insufficient_pairs
2017-01-02,max_drawdown,C,1,1,1,1,,insufficient_pairs
2017-01-02,max_drawdown,D,123,123,123,123,0.2285423156048265,estimable
2017-01-02,max_drawdown,E,40,40,40,40,0.05178236397748594,estimable
2017-01-02,max_drawdown,F,6,6,6,6,,insufficient_pairs
2017-01-02,max_drawdown,G,22,22,22,22,,insufficient_pairs
2017-01-02,max_drawdown,H,52,52,52,52,0.09562025100315888,estimable
2017-01-02,max_drawdown,I,38,38,38,38,-0.05350694824379035,estimable
2017-01-02,max_drawdown,J,0,0,0,0,,insufficient_pairs
2017-04-02,pe,A,0,0,0,0,,insufficient_pairs
2017-04-02,pe,B,10,2,10,2,,insufficient_pairs
2017-04-02,pe,C,1,1,1,1,,insufficient_pairs
2017-04-02,pe,D,127,115,127,115,0.0037639372203678713,estimable
2017-04-02,pe,E,35,31,35,31,0.5141129032258065,estimable
2017-04-02,pe,F,8,8,8,8,,insufficient_pairs
2017-04-02,pe,G,19,19,19,19,,insufficient_pairs
2017-04-02,pe,H,48,47,48,47,0.06637372802960222,estimable
2017-04-02,pe,I,42,36,42,36,0.0344916344916345,estimable
2017-04-02,pe,J,0,0,0,0,,insufficient_pairs
2017-04-02,pb,A,0,0,0,0,,insufficient_pairs
2017-04-02,pb,B,10,10,10,10,,insufficient_pairs
2017-04-02,pb,C,1,1,1,1,,insufficient_pairs
2017-04-02,pb,D,127,120,127,120,-0.03319003534992256,estimable
2017-04-02,pb,E,35,35,35,35,0.1392156862745098,estimable
2017-04-02,pb,F,8,7,8,7,,insufficient_pairs
2017-04-02,pb,G,19,16,19,16,,insufficient_pairs
2017-04-02,pb,H,48,47,48,47,-0.006475485661424607,estimable
2017-04-02,pb,I,42,42,42,42,-0.3716878697026173,estimable
2017-04-02,pb,J,0,0,0,0,,insufficient_pairs
2017-04-02,ev_ebitda,A,0,0,0,0,,insufficient_pairs
2017-04-02,ev_ebitda,B,10,5,10,5,,insufficient_pairs
2017-04-02,ev_ebitda,C,1,1,1,1,,insufficient_pairs
2017-04-02,ev_ebitda,D,127,84,127,84,-0.07329222731828813,estimable
2017-04-02,ev_ebitda,E,35,29,35,29,,insufficient_pairs
2017-04-02,ev_ebitda,F,8,5,8,5,,insufficient_pairs
2017-04-02,ev_ebitda,G,19,15,19,15,,insufficient_pairs
2017-04-02,ev_ebitda,H,48,20,48,20,,insufficient_pairs
2017-04-02,ev_ebitda,I,42,26,42,26,,insufficient_pairs
2017-04-02,ev_ebitda,J,0,0,0,0,,insufficient_pairs
2017-04-02,roic,A,0,0,0,0,,insufficient_pairs
2017-04-02,roic,B,10,9,10,9,,insufficient_pairs
2017-04-02,roic,C,1,1,1,1,,insufficient_pairs
2017-04-02,roic,D,127,105,127,105,0.02177090784685722,estimable
2017-04-02,roic,E,35,24,35,24,,insufficient_pairs
2017-04-02,roic,F,8,4,8,4,,insufficient_pairs
2017-04-02,roic,G,19,17,19,17,,insufficient_pairs
2017-04-02,roic,H,48,39,48,39,-0.16336032388663968,estimable
2017-04-02,roic,I,42,24,42,24,,insufficient_pairs
2017-04-02,roic,J,0,0,0,0,,insufficient_pairs
2017-04-02,operating_margin,A,0,0,0,0,,insufficient_pairs
2017-04-02,operating_margin,B,10,10,10,10,,insufficient_pairs
2017-04-02,operating_margin,C,1,1,1,1,,insufficient_pairs
2017-04-02,operating_margin,D,127,93,127,93,-0.014719157285348733,estimable
2017-04-02,operating_margin,E,35,35,35,35,0.08067226890756303,estimable
2017-04-02,operating_margin,F,8,7,8,7,,insufficient_pairs
2017-04-02,operating_margin,G,19,17,19,17,,insufficient_pairs
2017-04-02,operating_margin,H,48,25,48,25,,insufficient_pairs
2017-04-02,operating_margin,I,42,36,42,36,0.1698841698841699,estimable
2017-04-02,operating_margin,J,0,0,0,0,,insufficient_pairs
2017-04-02,revenue_cagr_3y,A,0,0,0,0,,insufficient_pairs
2017-04-02,revenue_cagr_3y,B,10,10,10,10,,insufficient_pairs
2017-04-02,revenue_cagr_3y,C,1,1,1,1,,insufficient_pairs
2017-04-02,revenue_cagr_3y,D,127,106,127,106,0.22681539476932533,estimable
2017-04-02,revenue_cagr_3y,E,35,34,35,34,-0.02704354469060351,estimable
2017-04-02,revenue_cagr_3y,F,8,7,8,7,,insufficient_pairs
2017-04-02,revenue_cagr_3y,G,19,17,19,17,,insufficient_pairs
2017-04-02,revenue_cagr_3y,H,48,43,48,43,0.04364240410752039,estimable
2017-04-02,revenue_cagr_3y,I,42,38,42,38,-0.1171900645584856,estimable
2017-04-02,revenue_cagr_3y,J,0,0,0,0,,insufficient_pairs
2017-04-02,fcf_cagr_3y,A,0,0,0,0,,insufficient_pairs
2017-04-02,fcf_cagr_3y,B,10,3,10,3,,insufficient_pairs
2017-04-02,fcf_cagr_3y,C,1,0,1,0,,insufficient_pairs
2017-04-02,fcf_cagr_3y,D,127,94,127,94,0.1576285635846085,estimable
2017-04-02,fcf_cagr_3y,E,35,16,35,16,,insufficient_pairs
2017-04-02,fcf_cagr_3y,F,8,7,8,7,,insufficient_pairs
2017-04-02,fcf_cagr_3y,G,19,16,19,16,,insufficient_pairs
2017-04-02,fcf_cagr_3y,H,48,28,48,28,,insufficient_pairs
2017-04-02,fcf_cagr_3y,I,42,32,42,32,0.13966275659824043,estimable
2017-04-02,fcf_cagr_3y,J,0,0,0,0,,insufficient_pairs
2017-04-02,momentum_12m,A,0,0,0,0,,insufficient_pairs
2017-04-02,momentum_12m,B,10,10,10,10,,insufficient_pairs
2017-04-02,momentum_12m,C,1,1,1,1,,insufficient_pairs
2017-04-02,momentum_12m,D,127,127,127,127,-0.05988739622818375,estimable
2017-04-02,momentum_12m,E,35,35,35,35,-0.06022408963585435,estimable
2017-04-02,momentum_12m,F,8,8,8,8,,insufficient_pairs
2017-04-02,momentum_12m,G,19,19,19,19,,insufficient_pairs
2017-04-02,momentum_12m,H,48,48,48,48,-0.03745115067303517,estimable
2017-04-02,momentum_12m,I,42,42,42,42,0.06458147637954786,estimable
2017-04-02,momentum_12m,J,0,0,0,0,,insufficient_pairs
2017-04-02,rel_strength_6m,A,0,0,0,0,,insufficient_pairs
2017-04-02,rel_strength_6m,B,10,10,10,10,,insufficient_pairs
2017-04-02,rel_strength_6m,C,1,1,1,1,,insufficient_pairs
2017-04-02,rel_strength_6m,D,127,127,127,127,-0.05230040952152184,estimable
2017-04-02,rel_strength_6m,E,35,35,35,35,0.10672268907563026,estimable
2017-04-02,rel_strength_6m,F,8,8,8,8,,insufficient_pairs
2017-04-02,rel_strength_6m,G,19,19,19,19,,insufficient_pairs
2017-04-02,rel_strength_6m,H,48,48,48,48,0.10138949196699955,estimable
2017-04-02,rel_strength_6m,I,42,42,42,42,0.003484320557491289,estimable
2017-04-02,rel_strength_6m,J,0,0,0,0,,insufficient_pairs
2017-04-02,price_vs_sma200,A,0,0,0,0,,insufficient_pairs
2017-04-02,price_vs_sma200,B,10,10,10,10,,insufficient_pairs
2017-04-02,price_vs_sma200,C,1,1,1,1,,insufficient_pairs
2017-04-02,price_vs_sma200,D,127,127,127,127,-0.03610116763432482,estimable
2017-04-02,price_vs_sma200,E,35,35,35,35,0.05322128851540616,estimable
2017-04-02,price_vs_sma200,F,8,8,8,8,,insufficient_pairs
2017-04-02,price_vs_sma200,G,19,19,19,19,,insufficient_pairs
2017-04-02,price_vs_sma200,H,48,48,48,48,0.10247503256621797,estimable
2017-04-02,price_vs_sma200,I,42,42,42,42,0.15160845960619074,estimable
2017-04-02,price_vs_sma200,J,0,0,0,0,,insufficient_pairs
2017-04-02,debt_to_equity,A,0,0,0,0,,insufficient_pairs
2017-04-02,debt_to_equity,B,10,10,10,10,,insufficient_pairs
2017-04-02,debt_to_equity,C,1,1,1,1,,insufficient_pairs
2017-04-02,debt_to_equity,D,127,105,127,105,-0.17878062181859652,estimable
2017-04-02,debt_to_equity,E,35,27,35,27,,insufficient_pairs
2017-04-02,debt_to_equity,F,8,4,8,4,,insufficient_pairs
2017-04-02,debt_to_equity,G,19,14,19,14,,insufficient_pairs
2017-04-02,debt_to_equity,H,48,40,48,40,-0.04296435272045029,estimable
2017-04-02,debt_to_equity,I,42,27,42,27,,insufficient_pairs
2017-04-02,debt_to_equity,J,0,0,0,0,,insufficient_pairs
2017-04-02,volatility,A,0,0,0,0,,insufficient_pairs
2017-04-02,volatility,B,10,10,10,10,,insufficient_pairs
2017-04-02,volatility,C,1,1,1,1,,insufficient_pairs
2017-04-02,volatility,D,127,127,127,127,0.11952286934564435,estimable
2017-04-02,volatility,E,35,35,35,35,-0.05798319327731092,estimable
2017-04-02,volatility,F,8,8,8,8,,insufficient_pairs
2017-04-02,volatility,G,19,19,19,19,,insufficient_pairs
2017-04-02,volatility,H,48,48,48,48,-0.036691272253582284,estimable
2017-04-02,volatility,I,42,42,42,42,-0.04837533425168139,estimable
2017-04-02,volatility,J,0,0,0,0,,insufficient_pairs
2017-04-02,max_drawdown,A,0,0,0,0,,insufficient_pairs
2017-04-02,max_drawdown,B,10,10,10,10,,insufficient_pairs
2017-04-02,max_drawdown,C,1,1,1,1,,insufficient_pairs
2017-04-02,max_drawdown,D,127,127,127,127,0.11026030101882392,estimable
2017-04-02,max_drawdown,E,35,35,35,35,-0.11512605042016807,estimable
2017-04-02,max_drawdown,F,8,8,8,8,,insufficient_pairs
2017-04-02,max_drawdown,G,19,19,19,19,,insufficient_pairs
2017-04-02,max_drawdown,H,48,48,48,48,0.17846287451150672,estimable
2017-04-02,max_drawdown,I,42,42,42,42,-0.02098695405558707,estimable
2017-04-02,max_drawdown,J,0,0,0,0,,insufficient_pairs
2017-07-02,pe,A,0,0,0,0,,insufficient_pairs
2017-07-02,pe,B,10,3,10,3,,insufficient_pairs
2017-07-02,pe,C,1,1,1,1,,insufficient_pairs
2017-07-02,pe,D,126,114,126,114,0.21112339663754592,estimable
2017-07-02,pe,E,38,34,38,34,-0.20152788388082504,estimable
2017-07-02,pe,F,8,8,8,8,,insufficient_pairs
2017-07-02,pe,G,21,21,21,21,,insufficient_pairs
2017-07-02,pe,H,48,47,48,47,0.15737742830712304,estimable
2017-07-02,pe,I,40,34,40,34,-0.439572192513369,estimable
2017-07-02,pe,J,0,0,0,0,,insufficient_pairs
2017-07-02,pb,A,0,0,0,0,,insufficient_pairs
2017-07-02,pb,B,10,10,10,10,,insufficient_pairs
2017-07-02,pb,C,1,1,1,1,,insufficient_pairs
2017-07-02,pb,D,126,119,126,119,-0.0026064848774026315,estimable
2017-07-02,pb,E,38,38,38,38,-0.30145530145530147,estimable
2017-07-02,pb,F,8,7,8,7,,insufficient_pairs
2017-07-02,pb,G,21,18,21,18,,insufficient_pairs
2017-07-02,pb,H,48,47,48,47,0.21704440333024977,estimable
2017-07-02,pb,I,40,40,40,40,0.04465290806754222,estimable
2017-07-02,pb,J,0,0,0,0,,insufficient_pairs
2017-07-02,ev_ebitda,A,0,0,0,0,,insufficient_pairs
2017-07-02,ev_ebitda,B,10,6,10,6,,insufficient_pairs
2017-07-02,ev_ebitda,C,1,1,1,1,,insufficient_pairs
2017-07-02,ev_ebitda,D,126,82,126,82,0.2661950370047888,estimable
2017-07-02,ev_ebitda,E,38,31,38,31,-0.4540322580645162,estimable
2017-07-02,ev_ebitda,F,8,5,8,5,,insufficient_pairs
2017-07-02,ev_ebitda,G,21,16,21,16,,insufficient_pairs
2017-07-02,ev_ebitda,H,48,19,48,19,,insufficient_pairs
2017-07-02,ev_ebitda,I,40,26,40,26,,insufficient_pairs
2017-07-02,ev_ebitda,J,0,0,0,0,,insufficient_pairs
2017-07-02,roic,A,0,0,0,0,,insufficient_pairs
2017-07-02,roic,B,10,9,10,9,,insufficient_pairs
2017-07-02,roic,C,1,1,1,1,,insufficient_pairs
2017-07-02,roic,D,126,103,126,103,0.13060812072355055,estimable
2017-07-02,roic,E,38,26,38,26,,insufficient_pairs
2017-07-02,roic,F,8,4,8,4,,insufficient_pairs
2017-07-02,roic,G,21,18,21,18,,insufficient_pairs
2017-07-02,roic,H,48,40,48,40,-0.07786116322701689,estimable
2017-07-02,roic,I,40,21,40,21,,insufficient_pairs
2017-07-02,roic,J,0,0,0,0,,insufficient_pairs
2017-07-02,operating_margin,A,0,0,0,0,,insufficient_pairs
2017-07-02,operating_margin,B,10,10,10,10,,insufficient_pairs
2017-07-02,operating_margin,C,1,1,1,1,,insufficient_pairs
2017-07-02,operating_margin,D,126,93,126,93,0.030400692315152602,estimable
2017-07-02,operating_margin,E,38,38,38,38,-0.35988620199146515,estimable
2017-07-02,operating_margin,F,8,7,8,7,,insufficient_pairs
2017-07-02,operating_margin,G,21,19,21,19,,insufficient_pairs
2017-07-02,operating_margin,H,48,24,48,24,,insufficient_pairs
2017-07-02,operating_margin,I,40,36,40,36,-0.1003861003861004,estimable
2017-07-02,operating_margin,J,0,0,0,0,,insufficient_pairs
2017-07-02,revenue_cagr_3y,A,0,0,0,0,,insufficient_pairs
2017-07-02,revenue_cagr_3y,B,10,10,10,10,,insufficient_pairs
2017-07-02,revenue_cagr_3y,C,1,1,1,1,,insufficient_pairs
2017-07-02,revenue_cagr_3y,D,126,105,126,105,0.20564177526202845,estimable
2017-07-02,revenue_cagr_3y,E,38,37,38,37,0.04409672830725461,estimable
2017-07-02,revenue_cagr_3y,F,8,7,8,7,,insufficient_pairs
2017-07-02,revenue_cagr_3y,G,21,19,21,19,,insufficient_pairs
2017-07-02,revenue_cagr_3y,H,48,43,48,43,-0.17909996979764423,estimable
2017-07-02,revenue_cagr_3y,I,40,36,40,36,0.058944658944658945,estimable
2017-07-02,revenue_cagr_3y,J,0,0,0,0,,insufficient_pairs
2017-07-02,fcf_cagr_3y,A,0,0,0,0,,insufficient_pairs
2017-07-02,fcf_cagr_3y,B,10,3,10,3,,insufficient_pairs
2017-07-02,fcf_cagr_3y,C,1,0,1,0,,insufficient_pairs
2017-07-02,fcf_cagr_3y,D,126,93,126,93,0.06862723156002179,estimable
2017-07-02,fcf_cagr_3y,E,38,19,38,19,,insufficient_pairs
2017-07-02,fcf_cagr_3y,F,8,7,8,7,,insufficient_pairs
2017-07-02,fcf_cagr_3y,G,21,18,21,18,,insufficient_pairs
2017-07-02,fcf_cagr_3y,H,48,27,48,27,,insufficient_pairs
2017-07-02,fcf_cagr_3y,I,40,32,40,32,0.025293255131964804,estimable
2017-07-02,fcf_cagr_3y,J,0,0,0,0,,insufficient_pairs
2017-07-02,momentum_12m,A,0,0,0,0,,insufficient_pairs
2017-07-02,momentum_12m,B,10,10,10,10,,insufficient_pairs
2017-07-02,momentum_12m,C,1,1,1,1,,insufficient_pairs
2017-07-02,momentum_12m,D,126,126,126,126,0.3482315604443072,estimable
2017-07-02,momentum_12m,E,38,38,38,38,-0.08151876572929204,estimable
2017-07-02,momentum_12m,F,8,8,8,8,,insufficient_pairs
2017-07-02,momentum_12m,G,21,21,21,21,,insufficient_pairs
2017-07-02,momentum_12m,H,48,48,48,48,0.3072079895788102,estimable
2017-07-02,momentum_12m,I,40,40,40,40,0.5313320825515948,estimable
2017-07-02,momentum_12m,J,0,0,0,0,,insufficient_pairs
2017-07-02,rel_strength_6m,A,0,0,0,0,,insufficient_pairs
2017-07-02,rel_strength_6m,B,10,10,10,10,,insufficient_pairs
2017-07-02,rel_strength_6m,C,1,1,1,1,,insufficient_pairs
2017-07-02,rel_strength_6m,D,126,126,126,126,0.06624111730704049,estimable
2017-07-02,rel_strength_6m,E,38,38,38,38,-0.11522048364153627,estimable
2017-07-02,rel_strength_6m,F,8,8,8,8,,insufficient_pairs
2017-07-02,rel_strength_6m,G,21,21,21,21,,insufficient_pairs
2017-07-02,rel_strength_6m,H,48,48,48,48,0.2048415110725141,estimable
2017-07-02,rel_strength_6m,I,40,40,40,40,0.3350844277673547,estimable
2017-07-02,rel_strength_6m,J,0,0,0,0,,insufficient_pairs
2017-07-02,price_vs_sma200,A,0,0,0,0,,insufficient_pairs
2017-07-02,price_vs_sma200,B,10,10,10,10,,insufficient_pairs
2017-07-02,price_vs_sma200,C,1,1,1,1,,insufficient_pairs
2017-07-02,price_vs_sma200,D,126,126,126,126,0.11621517039472305,estimable
2017-07-02,price_vs_sma200,E,38,38,38,38,-0.19597330123645912,estimable
2017-07-02,price_vs_sma200,F,8,8,8,8,,insufficient_pairs
2017-07-02,price_vs_sma200,G,21,21,21,21,,insufficient_pairs
2017-07-02,price_vs_sma200,H,48,48,48,48,0.29222752930959617,estimable
2017-07-02,price_vs_sma200,I,40,40,40,40,0.23508442776735464,estimable
2017-07-02,price_vs_sma200,J,0,0,0,0,,insufficient_pairs
2017-07-02,debt_to_equity,A,0,0,0,0,,insufficient_pairs
2017-07-02,debt_to_equity,B,10,10,10,10,,insufficient_pairs
2017-07-02,debt_to_equity,C,1,1,1,1,,insufficient_pairs
2017-07-02,debt_to_equity,D,126,103,126,103,0.08576512064667056,estimable
2017-07-02,debt_to_equity,E,38,29,38,29,,insufficient_pairs
2017-07-02,debt_to_equity,F,8,4,8,4,,insufficient_pairs
2017-07-02,debt_to_equity,G,21,15,21,15,,insufficient_pairs
2017-07-02,debt_to_equity,H,48,41,48,41,0.00017421602787456451,estimable
2017-07-02,debt_to_equity,I,40,24,40,24,,insufficient_pairs
2017-07-02,debt_to_equity,J,0,0,0,0,,insufficient_pairs
2017-07-02,volatility,A,0,0,0,0,,insufficient_pairs
2017-07-02,volatility,B,10,10,10,10,,insufficient_pairs
2017-07-02,volatility,C,1,1,1,1,,insufficient_pairs
2017-07-02,volatility,D,126,126,126,126,-0.16770704286189947,estimable
2017-07-02,volatility,E,38,38,38,38,0.06466790677316993,estimable
2017-07-02,volatility,F,8,8,8,8,,insufficient_pairs
2017-07-02,volatility,G,21,21,21,21,,insufficient_pairs
2017-07-02,volatility,H,48,48,48,48,0.036257056013894916,estimable
2017-07-02,volatility,I,40,40,40,40,-0.2943714821763603,estimable
2017-07-02,volatility,J,0,0,0,0,,insufficient_pairs
2017-07-02,max_drawdown,A,0,0,0,0,,insufficient_pairs
2017-07-02,max_drawdown,B,10,10,10,10,,insufficient_pairs
2017-07-02,max_drawdown,C,1,1,1,1,,insufficient_pairs
2017-07-02,max_drawdown,D,126,126,126,126,-0.09875124860141646,estimable
2017-07-02,max_drawdown,E,38,38,38,38,0.14410767042345987,estimable
2017-07-02,max_drawdown,F,8,8,8,8,,insufficient_pairs
2017-07-02,max_drawdown,G,21,21,21,21,,insufficient_pairs
2017-07-02,max_drawdown,H,48,48,48,48,0.15371254884932695,estimable
2017-07-02,max_drawdown,I,40,40,40,40,-0.13733583489681053,estimable
2017-07-02,max_drawdown,J,0,0,0,0,,insufficient_pairs
2017-10-02,pe,A,0,0,0,0,,insufficient_pairs
2017-10-02,pe,B,9,2,9,2,,insufficient_pairs
2017-10-02,pe,C,1,1,1,1,,insufficient_pairs
2017-10-02,pe,D,125,113,125,113,0.07759997338478941,estimable
2017-10-02,pe,E,38,33,38,33,0.5066844919786097,estimable
2017-10-02,pe,F,7,7,7,7,,insufficient_pairs
2017-10-02,pe,G,21,21,21,21,,insufficient_pairs
2017-10-02,pe,H,49,48,49,48,0.18117672600955276,estimable
2017-10-02,pe,I,46,41,46,41,-0.09094076655052266,estimable
2017-10-02,pe,J,0,0,0,0,,insufficient_pairs
2017-10-02,pb,A,0,0,0,0,,insufficient_pairs
2017-10-02,pb,B,9,9,9,9,,insufficient_pairs
2017-10-02,pb,C,1,1,1,1,,insufficient_pairs
2017-10-02,pb,D,125,118,125,118,-0.0054159864728159845,estimable
2017-10-02,pb,E,38,38,38,38,-0.03796914323230113,estimable
2017-10-02,pb,F,7,6,7,6,,insufficient_pairs
2017-10-02,pb,G,21,18,21,18,,insufficient_pairs
2017-10-02,pb,H,49,48,49,48,0.11832392531480677,estimable
2017-10-02,pb,I,46,46,46,46,-0.07184705519580635,estimable
2017-10-02,pb,J,0,0,0,0,,insufficient_pairs
2017-10-02,ev_ebitda,A,0,0,0,0,,insufficient_pairs
2017-10-02,ev_ebitda,B,9,5,9,5,,insufficient_pairs
2017-10-02,ev_ebitda,C,1,1,1,1,,insufficient_pairs
2017-10-02,ev_ebitda,D,125,83,125,83,0.15736115192477226,estimable
2017-10-02,ev_ebitda,E,38,31,38,31,0.2919354838709678,estimable
2017-10-02,ev_ebitda,F,7,5,7,5,,insufficient_pairs
2017-10-02,ev_ebitda,G,21,16,21,16,,insufficient_pairs
2017-10-02,ev_ebitda,H,49,19,49,19,,insufficient_pairs
2017-10-02,ev_ebitda,I,46,31,46,31,-0.018548387096774192,estimable
2017-10-02,ev_ebitda,J,0,0,0,0,,insufficient_pairs
2017-10-02,roic,A,0,0,0,0,,insufficient_pairs
2017-10-02,roic,B,9,8,9,8,,insufficient_pairs
2017-10-02,roic,C,1,1,1,1,,insufficient_pairs
2017-10-02,roic,D,125,102,125,102,0.040944071563067216,estimable
2017-10-02,roic,E,38,26,38,26,,insufficient_pairs
2017-10-02,roic,F,7,4,7,4,,insufficient_pairs
2017-10-02,roic,G,21,18,21,18,,insufficient_pairs
2017-10-02,roic,H,49,40,49,40,0.20450281425891187,estimable
2017-10-02,roic,I,46,27,46,27,,insufficient_pairs
2017-10-02,roic,J,0,0,0,0,,insufficient_pairs
2017-10-02,operating_margin,A,0,0,0,0,,insufficient_pairs
2017-10-02,operating_margin,B,9,9,9,9,,insufficient_pairs
2017-10-02,operating_margin,C,1,1,1,1,,insufficient_pairs
2017-10-02,operating_margin,D,125,94,125,94,0.07833688545316621,estimable
2017-10-02,operating_margin,E,38,38,38,38,-0.09267972425867164,estimable
2017-10-02,operating_margin,F,7,6,7,6,,insufficient_pairs
2017-10-02,operating_margin,G,21,19,21,19,,insufficient_pairs
2017-10-02,operating_margin,H,49,24,49,24,,insufficient_pairs
2017-10-02,operating_margin,I,46,41,46,41,0.14947735191637634,estimable
2017-10-02,operating_margin,J,0,0,0,0,,insufficient_pairs
2017-10-02,revenue_cagr_3y,A,0,0,0,0,,insufficient_pairs
2017-10-02,revenue_cagr_3y,B,9,9,9,9,,insufficient_pairs
2017-10-02,revenue_cagr_3y,C,1,1,1,1,,insufficient_pairs
2017-10-02,revenue_cagr_3y,D,125,105,125,105,-0.26260626166286544,estimable
2017-10-02,revenue_cagr_3y,E,38,37,38,37,-0.2515410146989094,estimable
2017-10-02,revenue_cagr_3y,F,7,6,7,6,,insufficient_pairs
2017-10-02,revenue_cagr_3y,G,21,19,21,19,,insufficient_pairs
2017-10-02,revenue_cagr_3y,H,49,43,49,43,-0.1766837813349441,estimable
2017-10-02,revenue_cagr_3y,I,46,42,46,42,0.156794425087108,estimable
2017-10-02,revenue_cagr_3y,J,0,0,0,0,,insufficient_pairs
2017-10-02,fcf_cagr_3y,A,0,0,0,0,,insufficient_pairs
2017-10-02,fcf_cagr_3y,B,9,3,9,3,,insufficient_pairs
2017-10-02,fcf_cagr_3y,C,1,0,1,0,,insufficient_pairs
2017-10-02,fcf_cagr_3y,D,125,93,125,93,-0.060248873504222485,estimable
2017-10-02,fcf_cagr_3y,E,38,19,38,19,,insufficient_pairs
2017-10-02,fcf_cagr_3y,F,7,6,7,6,,insufficient_pairs
2017-10-02,fcf_cagr_3y,G,21,18,21,18,,insufficient_pairs
2017-10-02,fcf_cagr_3y,H,49,27,49,27,,insufficient_pairs
2017-10-02,fcf_cagr_3y,I,46,34,46,34,0.28158899923605807,estimable
2017-10-02,fcf_cagr_3y,J,0,0,0,0,,insufficient_pairs
2017-10-02,momentum_12m,A,0,0,0,0,,insufficient_pairs
2017-10-02,momentum_12m,B,9,9,9,9,,insufficient_pairs
2017-10-02,momentum_12m,C,1,1,1,1,,insufficient_pairs
2017-10-02,momentum_12m,D,125,125,125,125,-0.10316436251920122,estimable
2017-10-02,momentum_12m,E,38,38,38,38,0.056570740781267094,estimable
2017-10-02,momentum_12m,F,7,7,7,7,,insufficient_pairs
2017-10-02,momentum_12m,G,21,21,21,21,,insufficient_pairs
2017-10-02,momentum_12m,H,49,49,49,49,0.551938775510204,estimable
2017-10-02,momentum_12m,I,46,46,46,46,0.28633980881899473,estimable
2017-10-02,momentum_12m,J,0,0,0,0,,insufficient_pairs
2017-10-02,rel_strength_6m,A,0,0,0,0,,insufficient_pairs
2017-10-02,rel_strength_6m,B,9,9,9,9,,insufficient_pairs
2017-10-02,rel_strength_6m,C,1,1,1,1,,insufficient_pairs
2017-10-02,rel_strength_6m,D,125,125,125,125,-0.16675883256528415,estimable
2017-10-02,rel_strength_6m,E,38,38,38,38,0.1403873509136667,estimable
2017-10-02,rel_strength_6m,F,7,7,7,7,,insufficient_pairs
2017-10-02,rel_strength_6m,G,21,21,21,21,,insufficient_pairs
2017-10-02,rel_strength_6m,H,49,49,49,49,0.1797959183673469,estimable
2017-10-02,rel_strength_6m,I,46,46,46,46,0.12204748689485045,estimable
2017-10-02,rel_strength_6m,J,0,0,0,0,,insufficient_pairs
2017-10-02,price_vs_sma200,A,0,0,0,0,,insufficient_pairs
2017-10-02,price_vs_sma200,B,9,9,9,9,,insufficient_pairs
2017-10-02,price_vs_sma200,C,1,1,1,1,,insufficient_pairs
2017-10-02,price_vs_sma200,D,125,125,125,125,-0.13423041474654376,estimable
2017-10-02,price_vs_sma200,E,38,38,38,38,0.21041689462742094,estimable
2017-10-02,price_vs_sma200,F,7,7,7,7,,insufficient_pairs
2017-10-02,price_vs_sma200,G,21,21,21,21,,insufficient_pairs
2017-10-02,price_vs_sma200,H,49,49,49,49,0.21979591836734694,estimable
2017-10-02,price_vs_sma200,I,46,46,46,46,0.14745605920444033,estimable
2017-10-02,price_vs_sma200,J,0,0,0,0,,insufficient_pairs
2017-10-02,debt_to_equity,A,0,0,0,0,,insufficient_pairs
2017-10-02,debt_to_equity,B,9,9,9,9,,insufficient_pairs
2017-10-02,debt_to_equity,C,1,1,1,1,,insufficient_pairs
2017-10-02,debt_to_equity,D,125,102,125,102,0.015170963127152236,estimable
2017-10-02,debt_to_equity,E,38,30,38,30,0.42246941045606223,estimable
2017-10-02,debt_to_equity,F,7,4,7,4,,insufficient_pairs
2017-10-02,debt_to_equity,G,21,15,21,15,,insufficient_pairs
2017-10-02,debt_to_equity,H,49,41,49,41,-0.028222996515679447,estimable
2017-10-02,debt_to_equity,I,46,29,46,29,,insufficient_pairs
2017-10-02,debt_to_equity,J,0,0,0,0,,insufficient_pairs
2017-10-02,volatility,A,0,0,0,0,,insufficient_pairs
2017-10-02,volatility,B,9,9,9,9,,insufficient_pairs
2017-10-02,volatility,C,1,1,1,1,,insufficient_pairs
2017-10-02,volatility,D,125,125,125,125,0.01848847926267281,estimable
2017-10-02,volatility,E,38,38,38,38,0.019367545683335156,estimable
2017-10-02,volatility,F,7,7,7,7,,insufficient_pairs
2017-10-02,volatility,G,21,21,21,21,,insufficient_pairs
2017-10-02,volatility,H,49,49,49,49,-0.26479591836734695,estimable
2017-10-02,volatility,I,46,46,46,46,0.013506012950971322,estimable
2017-10-02,volatility,J,0,0,0,0,,insufficient_pairs
2017-10-02,max_drawdown,A,0,0,0,0,,insufficient_pairs
2017-10-02,max_drawdown,B,9,9,9,9,,insufficient_pairs
2017-10-02,max_drawdown,C,1,1,1,1,,insufficient_pairs
2017-10-02,max_drawdown,D,125,125,125,125,-0.05163133640552994,estimable
2017-10-02,max_drawdown,E,38,38,38,38,-0.15176715176715178,estimable
2017-10-02,max_drawdown,F,7,7,7,7,,insufficient_pairs
2017-10-02,max_drawdown,G,21,21,21,21,,insufficient_pairs
2017-10-02,max_drawdown,H,49,49,49,49,-0.16622448979591833,estimable
2017-10-02,max_drawdown,I,46,46,46,46,0.03570767807585569,estimable
2017-10-02,max_drawdown,J,0,0,0,0,,insufficient_pairs
2018-01-02,pe,A,0,0,0,0,,insufficient_pairs
2018-01-02,pe,B,9,2,9,2,,insufficient_pairs
2018-01-02,pe,C,1,1,1,1,,insufficient_pairs
2018-01-02,pe,D,122,113,122,113,0.02261886444068318,estimable
2018-01-02,pe,E,38,34,38,34,-0.004736440030557678,estimable
2018-01-02,pe,F,8,8,8,8,,insufficient_pairs
2018-01-02,pe,G,20,20,20,20,,insufficient_pairs
2018-01-02,pe,H,48,47,48,47,-0.29405642923219244,estimable
2018-01-02,pe,I,43,38,43,38,-0.034029981398402444,estimable
2018-01-02,pe,J,0,0,0,0,,insufficient_pairs
2018-01-02,pb,A,0,0,0,0,,insufficient_pairs
2018-01-02,pb,B,9,9,9,9,,insufficient_pairs
2018-01-02,pb,C,1,1,1,1,,insufficient_pairs
2018-01-02,pb,D,122,115,122,115,-0.015154324762584874,estimable
2018-01-02,pb,E,38,38,38,38,-0.04956778640989167,estimable
2018-01-02,pb,F,8,7,8,7,,insufficient_pairs
2018-01-02,pb,G,20,17,20,17,,insufficient_pairs
2018-01-02,pb,H,48,47,48,47,0.03919981498612396,estimable
2018-01-02,pb,I,43,43,43,43,-0.10404711567502266,estimable
2018-01-02,pb,J,0,0,0,0,,insufficient_pairs
2018-01-02,ev_ebitda,A,0,0,0,0,,insufficient_pairs
2018-01-02,ev_ebitda,B,9,5,9,5,,insufficient_pairs
2018-01-02,ev_ebitda,C,1,1,1,1,,insufficient_pairs
2018-01-02,ev_ebitda,D,122,82,122,82,-0.09880278624292553,estimable
2018-01-02,ev_ebitda,E,38,31,38,31,-0.09153225806451613,estimable
2018-01-02,ev_ebitda,F,8,6,8,6,,insufficient_pairs
2018-01-02,ev_ebitda,G,20,15,20,15,,insufficient_pairs
2018-01-02,ev_ebitda,H,48,18,48,18,,insufficient_pairs
2018-01-02,ev_ebitda,I,43,29,43,29,,insufficient_pairs
2018-01-02,ev_ebitda,J,0,0,0,0,,insufficient_pairs
2018-01-02,roic,A,0,0,0,0,,insufficient_pairs
2018-01-02,roic,B,9,8,9,8,,insufficient_pairs
2018-01-02,roic,C,1,1,1,1,,insufficient_pairs
2018-01-02,roic,D,122,100,122,100,0.12958373587600283,estimable
2018-01-02,roic,E,38,27,38,27,,insufficient_pairs
2018-01-02,roic,F,8,4,8,4,,insufficient_pairs
2018-01-02,roic,G,20,17,20,17,,insufficient_pairs
2018-01-02,roic,H,48,39,48,39,-0.27105263157894743,estimable
2018-01-02,roic,I,43,26,43,26,,insufficient_pairs
2018-01-02,roic,J,0,0,0,0,,insufficient_pairs
2018-01-02,operating_margin,A,0,0,0,0,,insufficient_pairs
2018-01-02,operating_margin,B,9,9,9,9,,insufficient_pairs
2018-01-02,operating_margin,C,1,1,1,1,,insufficient_pairs
2018-01-02,operating_margin,D,122,92,122,92,-0.05951527761723113,estimable
2018-01-02,operating_margin,E,38,37,38,37,-0.007112375533428163,estimable
2018-01-02,operating_margin,F,8,7,8,7,,insufficient_pairs
2018-01-02,operating_margin,G,20,18,20,18,,insufficient_pairs
2018-01-02,operating_margin,H,48,23,48,23,,insufficient_pairs
2018-01-02,operating_margin,I,43,38,43,38,-0.1160958529379582,estimable
2018-01-02,operating_margin,J,0,0,0,0,,insufficient_pairs
2018-01-02,revenue_cagr_3y,A,0,0,0,0,,insufficient_pairs
2018-01-02,revenue_cagr_3y,B,9,9,9,9,,insufficient_pairs
2018-01-02,revenue_cagr_3y,C,1,1,1,1,,insufficient_pairs
2018-01-02,revenue_cagr_3y,D,122,103,122,103,0.03416198525010571,estimable
2018-01-02,revenue_cagr_3y,E,38,36,38,36,-0.25045045045045045,estimable
2018-01-02,revenue_cagr_3y,F,8,7,8,7,,insufficient_pairs
2018-01-02,revenue_cagr_3y,G,20,18,20,18,,insufficient_pairs
2018-01-02,revenue_cagr_3y,H,48,42,48,42,0.264079085973584,estimable
2018-01-02,revenue_cagr_3y,I,43,39,43,39,0.11477732793522268,estimable
2018-01-02,revenue_cagr_3y,J,0,0,0,0,,insufficient_pairs
2018-01-02,fcf_cagr_3y,A,0,0,0,0,,insufficient_pairs
2018-01-02,fcf_cagr_3y,B,9,2,9,2,,insufficient_pairs
2018-01-02,fcf_cagr_3y,C,1,1,1,1,,insufficient_pairs
2018-01-02,fcf_cagr_3y,D,122,88,122,88,-0.23316470521123994,estimable
2018-01-02,fcf_cagr_3y,E,38,20,38,20,,insufficient_pairs
2018-01-02,fcf_cagr_3y,F,8,6,8,6,,insufficient_pairs
2018-01-02,fcf_cagr_3y,G,20,16,20,16,,insufficient_pairs
2018-01-02,fcf_cagr_3y,H,48,26,48,26,,insufficient_pairs
2018-01-02,fcf_cagr_3y,I,43,31,43,31,0.024193548387096777,estimable
2018-01-02,fcf_cagr_3y,J,0,0,0,0,,insufficient_pairs
2018-01-02,momentum_12m,A,0,0,0,0,,insufficient_pairs
2018-01-02,momentum_12m,B,9,9,9,9,,insufficient_pairs
2018-01-02,momentum_12m,C,1,1,1,1,,insufficient_pairs
2018-01-02,momentum_12m,D,122,122,122,122,0.2715352587403344,estimable
2018-01-02,momentum_12m,E,38,38,38,38,0.33318743845059634,estimable
2018-01-02,momentum_12m,F,8,8,8,8,,insufficient_pairs
2018-01-02,momentum_12m,G,20,20,20,20,,insufficient_pairs
2018-01-02,momentum_12m,H,48,48,48,48,0.17607468519322622,estimable
2018-01-02,momentum_12m,I,43,43,43,43,0.12201751736635458,estimable
2018-01-02,momentum_12m,J,0,0,0,0,,insufficient_pairs
2018-01-02,rel_strength_6m,A,0,0,0,0,,insufficient_pairs
2018-01-02,rel_strength_6m,B,9,9,9,9,,insufficient_pairs
2018-01-02,rel_strength_6m,C,1,1,1,1,,insufficient_pairs
2018-01-02,rel_strength_6m,D,122,122,122,122,0.2616548807084793,estimable
2018-01-02,rel_strength_6m,E,38,38,38,38,0.38855454644928333,estimable
2018-01-02,rel_strength_6m,F,8,8,8,8,,insufficient_pairs
2018-01-02,rel_strength_6m,G,20,20,20,20,,insufficient_pairs
2018-01-02,rel_strength_6m,H,48,48,48,48,0.14122883195831523,estimable
2018-01-02,rel_strength_6m,I,43,43,43,43,0.06946541830262762,estimable
2018-01-02,rel_strength_6m,J,0,0,0,0,,insufficient_pairs
2018-01-02,price_vs_sma200,A,0,0,0,0,,insufficient_pairs
2018-01-02,price_vs_sma200,B,9,9,9,9,,insufficient_pairs
2018-01-02,price_vs_sma200,C,1,1,1,1,,insufficient_pairs
2018-01-02,price_vs_sma200,D,122,122,122,122,0.19731015795386955,estimable
2018-01-02,price_vs_sma200,E,38,38,38,38,0.30495677864098913,estimable
2018-01-02,price_vs_sma200,F,8,8,8,8,,insufficient_pairs
2018-01-02,price_vs_sma200,G,20,20,20,20,,insufficient_pairs
2018-01-02,price_vs_sma200,H,48,48,48,48,0.1490447242726878,estimable
2018-01-02,price_vs_sma200,I,43,43,43,43,0.010570824524312895,estimable
2018-01-02,price_vs_sma200,J,0,0,0,0,,insufficient_pairs
2018-01-02,debt_to_equity,A,0,0,0,0,,insufficient_pairs
2018-01-02,debt_to_equity,B,9,9,9,9,,insufficient_pairs
2018-01-02,debt_to_equity,C,1,1,1,1,,insufficient_pairs
2018-01-02,debt_to_equity,D,122,99,122,99,0.07283971613974723,estimable
2018-01-02,debt_to_equity,E,38,30,38,30,-0.13370411568409346,estimable
2018-01-02,debt_to_equity,F,8,4,8,4,,insufficient_pairs
2018-01-02,debt_to_equity,G,20,14,20,14,,insufficient_pairs
2018-01-02,debt_to_equity,H,48,40,48,40,-0.021200750469043152,estimable
2018-01-02,debt_to_equity,I,43,28,43,28,,insufficient_pairs
2018-01-02,debt_to_equity,J,0,0,0,0,,insufficient_pairs
2018-01-02,volatility,A,0,0,0,0,,insufficient_pairs
2018-01-02,volatility,B,9,9,9,9,,insufficient_pairs
2018-01-02,volatility,C,1,1,1,1,,insufficient_pairs
2018-01-02,volatility,D,122,122,122,122,0.08209635846936753,estimable
2018-01-02,volatility,E,38,38,38,38,-0.09749425538899222,estimable
2018-01-02,volatility,F,8,8,8,8,,insufficient_pairs
2018-01-02,volatility,G,20,20,20,20,,insufficient_pairs
2018-01-02,volatility,H,48,48,48,48,0.026812852800694748,estimable
2018-01-02,volatility,I,43,43,43,43,-0.3521594684385382,estimable
2018-01-02,volatility,J,0,0,0,0,,insufficient_pairs
2018-01-02,max_drawdown,A,0,0,0,0,,insufficient_pairs
2018-01-02,max_drawdown,B,9,9,9,9,,insufficient_pairs
2018-01-02,max_drawdown,C,1,1,1,1,,insufficient_pairs
2018-01-02,max_drawdown,D,122,122,122,122,0.1526072301896768,estimable
2018-01-02,max_drawdown,E,38,38,38,38,0.005142794616478827,estimable
2018-01-02,max_drawdown,F,8,8,8,8,,insufficient_pairs
2018-01-02,max_drawdown,G,20,20,20,20,,insufficient_pairs
2018-01-02,max_drawdown,H,48,48,48,48,0.292987407729049,estimable
2018-01-02,max_drawdown,I,43,43,43,43,-0.26547870733917245,estimable
2018-01-02,max_drawdown,J,0,0,0,0,,insufficient_pairs
2018-04-02,pe,A,0,0,0,0,,insufficient_pairs
2018-04-02,pe,B,11,7,11,7,,insufficient_pairs
2018-04-02,pe,C,1,1,1,1,,insufficient_pairs
2018-04-02,pe,D,116,108,116,108,0.022135633749815416,estimable
2018-04-02,pe,E,33,28,33,28,,insufficient_pairs
2018-04-02,pe,F,6,6,6,6,,insufficient_pairs
2018-04-02,pe,G,20,20,20,20,,insufficient_pairs
2018-04-02,pe,H,46,45,46,45,-0.5420289855072463,estimable
2018-04-02,pe,I,40,35,40,35,-0.42212885154061625,estimable
2018-04-02,pe,J,0,0,0,0,,insufficient_pairs
2018-04-02,pb,A,0,0,0,0,,insufficient_pairs
2018-04-02,pb,B,11,11,11,11,,insufficient_pairs
2018-04-02,pb,C,1,1,1,1,,insufficient_pairs
2018-04-02,pb,D,116,109,116,109,0.1264161172093282,estimable
2018-04-02,pb,E,33,33,33,33,0.10294117647058824,estimable
2018-04-02,pb,F,6,5,6,5,,insufficient_pairs
2018-04-02,pb,G,20,17,20,17,,insufficient_pairs
2018-04-02,pb,H,46,44,46,44,-0.5589852008456659,estimable
2018-04-02,pb,I,40,40,40,40,-0.2337711069418387,estimable
2018-04-02,pb,J,0,0,0,0,,insufficient_pairs
2018-04-02,ev_ebitda,A,0,0,0,0,,insufficient_pairs
2018-04-02,ev_ebitda,B,11,8,11,8,,insufficient_pairs
2018-04-02,ev_ebitda,C,1,1,1,1,,insufficient_pairs
2018-04-02,ev_ebitda,D,116,82,116,82,-0.15152372659991292,estimable
2018-04-02,ev_ebitda,E,33,28,33,28,,insufficient_pairs
2018-04-02,ev_ebitda,F,6,4,6,4,,insufficient_pairs
2018-04-02,ev_ebitda,G,20,17,20,17,,insufficient_pairs
2018-04-02,ev_ebitda,H,46,15,46,15,,insufficient_pairs
2018-04-02,ev_ebitda,I,40,28,40,28,,insufficient_pairs
2018-04-02,ev_ebitda,J,0,0,0,0,,insufficient_pairs
2018-04-02,roic,A,0,0,0,0,,insufficient_pairs
2018-04-02,roic,B,11,10,11,10,,insufficient_pairs
2018-04-02,roic,C,1,1,1,1,,insufficient_pairs
2018-04-02,roic,D,116,96,116,96,-0.15194758510299175,estimable
2018-04-02,roic,E,33,21,33,21,,insufficient_pairs
2018-04-02,roic,F,6,3,6,3,,insufficient_pairs
2018-04-02,roic,G,20,18,20,18,,insufficient_pairs
2018-04-02,roic,H,46,41,46,41,-0.35592334494773525,estimable
2018-04-02,roic,I,40,25,40,25,,insufficient_pairs
2018-04-02,roic,J,0,0,0,0,,insufficient_pairs
2018-04-02,operating_margin,A,0,0,0,0,,insufficient_pairs
2018-04-02,operating_margin,B,11,8,11,8,,insufficient_pairs
2018-04-02,operating_margin,C,1,1,1,1,,insufficient_pairs
2018-04-02,operating_margin,D,116,87,116,87,0.043313436916207225,estimable
2018-04-02,operating_margin,E,33,33,33,33,0.24231283422459893,estimable
2018-04-02,operating_margin,F,6,5,6,5,,insufficient_pairs
2018-04-02,operating_margin,G,20,18,20,18,,insufficient_pairs
2018-04-02,operating_margin,H,46,21,46,21,,insufficient_pairs
2018-04-02,operating_margin,I,40,35,40,35,0.0927170868347339,estimable
2018-04-02,operating_margin,J,0,0,0,0,,insufficient_pairs
2018-04-02,revenue_cagr_3y,A,0,0,0,0,,insufficient_pairs
2018-04-02,revenue_cagr_3y,B,11,9,11,9,,insufficient_pairs
2018-04-02,revenue_cagr_3y,C,1,1,1,1,,insufficient_pairs
2018-04-02,revenue_cagr_3y,D,116,96,116,96,0.1740177293660429,estimable
2018-04-02,revenue_cagr_3y,E,33,33,33,33,-0.3980614973262032,estimable
2018-04-02,revenue_cagr_3y,F,6,5,6,5,,insufficient_pairs
2018-04-02,revenue_cagr_3y,G,20,18,20,18,,insufficient_pairs
2018-04-02,revenue_cagr_3y,H,46,38,46,38,0.23076923076923073,estimable
2018-04-02,revenue_cagr_3y,I,40,36,40,36,0.2102960102960103,estimable
2018-04-02,revenue_cagr_3y,J,0,0,0,0,,insufficient_pairs
2018-04-02,fcf_cagr_3y,A,0,0,0,0,,insufficient_pairs
2018-04-02,fcf_cagr_3y,B,11,2,11,2,,insufficient_pairs
2018-04-02,fcf_cagr_3y,C,1,1,1,1,,insufficient_pairs
2018-04-02,fcf_cagr_3y,D,116,86,116,86,0.14554460116043208,estimable
2018-04-02,fcf_cagr_3y,E,33,12,33,12,,insufficient_pairs
2018-04-02,fcf_cagr_3y,F,6,5,6,5,,insufficient_pairs
2018-04-02,fcf_cagr_3y,G,20,15,20,15,,insufficient_pairs
2018-04-02,fcf_cagr_3y,H,46,30,46,30,0.19288097886540603,estimable
2018-04-02,fcf_cagr_3y,I,40,32,40,32,-0.07331378299120234,estimable
2018-04-02,fcf_cagr_3y,J,0,0,0,0,,insufficient_pairs
2018-04-02,momentum_12m,A,0,0,0,0,,insufficient_pairs
2018-04-02,momentum_12m,B,11,11,11,11,,insufficient_pairs
2018-04-02,momentum_12m,C,1,1,1,1,,insufficient_pairs
2018-04-02,momentum_12m,D,116,116,116,116,-0.10519011721107607,estimable
2018-04-02,momentum_12m,E,33,33,33,33,0.03676470588235294,estimable
2018-04-02,momentum_12m,F,6,6,6,6,,insufficient_pairs
2018-04-02,momentum_12m,G,20,20,20,20,,insufficient_pairs
2018-04-02,momentum_12m,H,46,46,46,46,0.038791242676534075,estimable
2018-04-02,momentum_12m,I,40,40,40,40,0.043339587242026266,estimable
2018-04-02,momentum_12m,J,0,0,0,0,,insufficient_pairs
2018-04-02,rel_strength_6m,A,0,0,0,0,,insufficient_pairs
2018-04-02,rel_strength_6m,B,11,11,11,11,,insufficient_pairs
2018-04-02,rel_strength_6m,C,1,1,1,1,,insufficient_pairs
2018-04-02,rel_strength_6m,D,116,116,116,116,-0.06813926936250862,estimable
2018-04-02,rel_strength_6m,E,33,33,33,33,-0.0106951871657754,estimable
2018-04-02,rel_strength_6m,F,6,6,6,6,,insufficient_pairs
2018-04-02,rel_strength_6m,G,20,20,20,20,,insufficient_pairs
2018-04-02,rel_strength_6m,H,46,46,46,46,0.07604070305272895,estimable
2018-04-02,rel_strength_6m,I,40,40,40,40,-0.057035647279549725,estimable
2018-04-02,rel_strength_6m,J,0,0,0,0,,insufficient_pairs
2018-04-02,price_vs_sma200,A,0,0,0,0,,insufficient_pairs
2018-04-02,price_vs_sma200,B,11,11,11,11,,insufficient_pairs
2018-04-02,price_vs_sma200,C,1,1,1,1,,insufficient_pairs
2018-04-02,price_vs_sma200,D,116,116,116,116,-0.10223004739955949,estimable
2018-04-02,price_vs_sma200,E,33,33,33,33,0.08522727272727273,estimable
2018-04-02,price_vs_sma200,F,6,6,6,6,,insufficient_pairs
2018-04-02,price_vs_sma200,G,20,20,20,20,,insufficient_pairs
2018-04-02,price_vs_sma200,H,46,46,46,46,0.1797718162195498,estimable
2018-04-02,price_vs_sma200,I,40,40,40,40,-0.04165103189493434,estimable
2018-04-02,price_vs_sma200,J,0,0,0,0,,insufficient_pairs
2018-04-02,debt_to_equity,A,0,0,0,0,,insufficient_pairs
2018-04-02,debt_to_equity,B,11,11,11,11,,insufficient_pairs
2018-04-02,debt_to_equity,C,1,1,1,1,,insufficient_pairs
2018-04-02,debt_to_equity,D,116,93,116,93,0.04792545592523386,estimable
2018-04-02,debt_to_equity,E,33,25,33,25,,insufficient_pairs
2018-04-02,debt_to_equity,F,6,3,6,3,,insufficient_pairs
2018-04-02,debt_to_equity,G,20,15,20,15,,insufficient_pairs
2018-04-02,debt_to_equity,H,46,41,46,41,-0.4803135888501743,estimable
2018-04-02,debt_to_equity,I,40,27,40,27,,insufficient_pairs
2018-04-02,debt_to_equity,J,0,0,0,0,,insufficient_pairs
2018-04-02,volatility,A,0,0,0,0,,insufficient_pairs
2018-04-02,volatility,B,11,11,11,11,,insufficient_pairs
2018-04-02,volatility,C,1,1,1,1,,insufficient_pairs
2018-04-02,volatility,D,116,116,116,116,-0.31081117445575085,estimable
2018-04-02,volatility,E,33,33,33,33,-0.14438502673796794,estimable
2018-04-02,volatility,F,6,6,6,6,,insufficient_pairs
2018-04-02,volatility,G,20,20,20,20,,insufficient_pairs
2018-04-02,volatility,H,46,46,46,46,0.1564600678384212,estimable
2018-04-02,volatility,I,40,40,40,40,0.08386491557223266,estimable
2018-04-02,volatility,J,0,0,0,0,,insufficient_pairs
2018-04-02,max_drawdown,A,0,0,0,0,,insufficient_pairs
2018-04-02,max_drawdown,B,11,11,11,11,,insufficient_pairs
2018-04-02,max_drawdown,C,1,1,1,1,,insufficient_pairs
2018-04-02,max_drawdown,D,116,116,116,116,-0.21981017110741213,estimable
2018-04-02,max_drawdown,E,33,33,33,33,-0.10427807486631017,estimable
2018-04-02,max_drawdown,F,6,6,6,6,,insufficient_pairs
2018-04-02,max_drawdown,G,20,20,20,20,,insufficient_pairs
2018-04-02,max_drawdown,H,46,46,46,46,0.2684551341350601,estimable
2018-04-02,max_drawdown,I,40,40,40,40,0.07410881801125704,estimable
2018-04-02,max_drawdown,J,0,0,0,0,,insufficient_pairs
2018-07-02,pe,A,0,0,0,0,,insufficient_pairs
2018-07-02,pe,B,12,7,12,7,,insufficient_pairs
2018-07-02,pe,C,1,1,1,1,,insufficient_pairs
2018-07-02,pe,D,120,108,120,108,-0.25494324379683037,estimable
2018-07-02,pe,E,34,28,34,28,,insufficient_pairs
2018-07-02,pe,F,6,6,6,6,,insufficient_pairs
2018-07-02,pe,G,20,20,20,20,,insufficient_pairs
2018-07-02,pe,H,49,48,49,48,0.3062310030395137,estimable
2018-07-02,pe,I,46,40,46,40,-0.12420262664165106,estimable
2018-07-02,pe,J,0,0,0,0,,insufficient_pairs
2018-07-02,pb,A,0,0,0,0,,insufficient_pairs
2018-07-02,pb,B,12,12,12,12,,insufficient_pairs
2018-07-02,pb,C,1,1,1,1,,insufficient_pairs
2018-07-02,pb,D,120,114,120,114,-0.04566147166510061,estimable
2018-07-02,pb,E,34,34,34,34,-0.05301757066462948,estimable
2018-07-02,pb,F,6,5,6,5,,insufficient_pairs
2018-07-02,pb,G,20,17,20,17,,insufficient_pairs
2018-07-02,pb,H,49,47,49,47,0.05099444958371878,estimable
2018-07-02,pb,I,46,45,46,45,-0.1440052700922266,estimable
2018-07-02,pb,J,0,0,0,0,,insufficient_pairs
2018-07-02,ev_ebitda,A,0,0,0,0,,insufficient_pairs
2018-07-02,ev_ebitda,B,12,9,12,9,,insufficient_pairs
2018-07-02,ev_ebitda,C,1,1,1,1,,insufficient_pairs
2018-07-02,ev_ebitda,D,120,87,120,87,-0.18704150909008063,estimable
2018-07-02,ev_ebitda,E,34,28,34,28,,insufficient_pairs
2018-07-02,ev_ebitda,F,6,4,6,4,,insufficient_pairs
2018-07-02,ev_ebitda,G,20,16,20,16,,insufficient_pairs
2018-07-02,ev_ebitda,H,49,16,49,16,,insufficient_pairs
2018-07-02,ev_ebitda,I,46,31,46,31,-0.20645161290322583,estimable
2018-07-02,ev_ebitda,J,0,0,0,0,,insufficient_pairs
2018-07-02,roic,A,0,0,0,0,,insufficient_pairs
2018-07-02,roic,B,12,10,12,10,,insufficient_pairs
2018-07-02,roic,C,1,1,1,1,,insufficient_pairs
2018-07-02,roic,D,120,95,120,95,-0.1503020037934196,estimable
2018-07-02,roic,E,34,22,34,22,,insufficient_pairs
2018-07-02,roic,F,6,3,6,3,,insufficient_pairs
2018-07-02,roic,G,20,17,20,17,,insufficient_pairs
2018-07-02,roic,H,49,42,49,42,0.31366988088485537,estimable
2018-07-02,roic,I,46,29,46,29,,insufficient_pairs
2018-07-02,roic,J,0,0,0,0,,insufficient_pairs
2018-07-02,operating_margin,A,0,0,0,0,,insufficient_pairs
2018-07-02,operating_margin,B,12,9,12,9,,insufficient_pairs
2018-07-02,operating_margin,C,1,1,1,1,,insufficient_pairs
2018-07-02,operating_margin,D,120,91,120,91,-0.06562402949537742,estimable
2018-07-02,operating_margin,E,34,34,34,34,-0.0826585179526356,estimable
2018-07-02,operating_margin,F,6,5,6,5,,insufficient_pairs
2018-07-02,operating_margin,G,20,19,20,19,,insufficient_pairs
2018-07-02,operating_margin,H,49,23,49,23,,insufficient_pairs
2018-07-02,operating_margin,I,46,41,46,41,0.04668989547038328,estimable
2018-07-02,operating_margin,J,0,0,0,0,,insufficient_pairs
2018-07-02,revenue_cagr_3y,A,0,0,0,0,,insufficient_pairs
2018-07-02,revenue_cagr_3y,B,12,10,12,10,,insufficient_pairs
2018-07-02,revenue_cagr_3y,C,1,1,1,1,,insufficient_pairs
2018-07-02,revenue_cagr_3y,D,120,99,120,99,0.011026660647251992,estimable
2018-07-02,revenue_cagr_3y,E,34,34,34,34,-0.066768525592055,estimable
2018-07-02,revenue_cagr_3y,F,6,5,6,5,,insufficient_pairs
2018-07-02,revenue_cagr_3y,G,20,19,20,19,,insufficient_pairs
2018-07-02,revenue_cagr_3y,H,49,41,49,41,0.07299651567944253,estimable
2018-07-02,revenue_cagr_3y,I,46,40,46,40,0.0975609756097561,estimable
2018-07-02,revenue_cagr_3y,J,0,0,0,0,,insufficient_pairs
2018-07-02,fcf_cagr_3y,A,0,0,0,0,,insufficient_pairs
2018-07-02,fcf_cagr_3y,B,12,2,12,2,,insufficient_pairs
2018-07-02,fcf_cagr_3y,C,1,1,1,1,,insufficient_pairs
2018-07-02,fcf_cagr_3y,D,120,89,120,89,-0.043241402791964596,estimable
2018-07-02,fcf_cagr_3y,E,34,12,34,12,,insufficient_pairs
2018-07-02,fcf_cagr_3y,F,6,5,6,5,,insufficient_pairs
2018-07-02,fcf_cagr_3y,G,20,15,20,15,,insufficient_pairs
2018-07-02,fcf_cagr_3y,H,49,31,49,31,0.3241935483870968,estimable
2018-07-02,fcf_cagr_3y,I,46,35,46,35,-0.035854341736694675,estimable
2018-07-02,fcf_cagr_3y,J,0,0,0,0,,insufficient_pairs
2018-07-02,momentum_12m,A,0,0,0,0,,insufficient_pairs
2018-07-02,momentum_12m,B,12,12,12,12,,insufficient_pairs
2018-07-02,momentum_12m,C,1,1,1,1,,insufficient_pairs
2018-07-02,momentum_12m,D,120,120,120,120,-0.0424510120529622,estimable
2018-07-02,momentum_12m,E,34,34,34,34,-0.1764705882352941,estimable
2018-07-02,momentum_12m,F,6,6,6,6,,insufficient_pairs
2018-07-02,momentum_12m,G,20,20,20,20,,insufficient_pairs
2018-07-02,momentum_12m,H,49,49,49,49,0.029897959183673467,estimable
2018-07-02,momentum_12m,I,46,46,46,46,0.04557508479802652,estimable
2018-07-02,momentum_12m,J,0,0,0,0,,insufficient_pairs
2018-07-02,rel_strength_6m,A,0,0,0,0,,insufficient_pairs
2018-07-02,rel_strength_6m,B,12,12,12,12,,insufficient_pairs
2018-07-02,rel_strength_6m,C,1,1,1,1,,insufficient_pairs
2018-07-02,rel_strength_6m,D,120,120,120,120,0.04313856218682613,estimable
2018-07-02,rel_strength_6m,E,34,34,34,34,-0.1660809778456837,estimable
2018-07-02,rel_strength_6m,F,6,6,6,6,,insufficient_pairs
2018-07-02,rel_strength_6m,G,20,20,20,20,,insufficient_pairs
2018-07-02,rel_strength_6m,H,49,49,49,49,0.06265306122448978,estimable
2018-07-02,rel_strength_6m,I,46,46,46,46,-0.03805118717237126,estimable
2018-07-02,rel_strength_6m,J,0,0,0,0,,insufficient_pairs
2018-07-02,price_vs_sma200,A,0,0,0,0,,insufficient_pairs
2018-07-02,price_vs_sma200,B,12,12,12,12,,insufficient_pairs
2018-07-02,price_vs_sma200,C,1,1,1,1,,insufficient_pairs
2018-07-02,price_vs_sma200,D,120,120,120,120,0.035832473895666,estimable
2018-07-02,price_vs_sma200,E,34,34,34,34,-0.2436974789915966,estimable
2018-07-02,price_vs_sma200,F,6,6,6,6,,insufficient_pairs
2018-07-02,price_vs_sma200,G,20,20,20,20,,insufficient_pairs
2018-07-02,price_vs_sma200,H,49,49,49,49,0.048163265306122444,estimable
2018-07-02,price_vs_sma200,I,46,46,46,46,0.037187789084181314,estimable
2018-07-02,price_vs_sma200,J,0,0,0,0,,insufficient_pairs
2018-07-02,debt_to_equity,A,0,0,0,0,,insufficient_pairs
2018-07-02,debt_to_equity,B,12,12,12,12,,insufficient_pairs
2018-07-02,debt_to_equity,C,1,1,1,1,,insufficient_pairs
2018-07-02,debt_to_equity,D,120,97,120,97,-0.08423025083007332,estimable
2018-07-02,debt_to_equity,E,34,27,34,27,,insufficient_pairs
2018-07-02,debt_to_equity,F,6,3,6,3,,insufficient_pairs
2018-07-02,debt_to_equity,G,20,14,20,14,,insufficient_pairs
2018-07-02,debt_to_equity,H,49,42,49,42,-0.003970504821327283,estimable
2018-07-02,debt_to_equity,I,46,31,46,31,-0.06491935483870968,estimable
2018-07-02,debt_to_equity,J,0,0,0,0,,insufficient_pairs
2018-07-02,volatility,A,0,0,0,0,,insufficient_pairs
2018-07-02,volatility,B,12,12,12,12,,insufficient_pairs
2018-07-02,volatility,C,1,1,1,1,,insufficient_pairs
2018-07-02,volatility,D,120,120,120,120,0.12551262418440234,estimable
2018-07-02,volatility,E,34,34,34,34,-0.3894576012223071,estimable
2018-07-02,volatility,F,6,6,6,6,,insufficient_pairs
2018-07-02,volatility,G,20,20,20,20,,insufficient_pairs
2018-07-02,volatility,H,49,49,49,49,0.2530612244897959,estimable
2018-07-02,volatility,I,46,46,46,46,0.3465309898242368,estimable
2018-07-02,volatility,J,0,0,0,0,,insufficient_pairs
2018-07-02,max_drawdown,A,0,0,0,0,,insufficient_pairs
2018-07-02,max_drawdown,B,12,12,12,12,,insufficient_pairs
2018-07-02,max_drawdown,C,1,1,1,1,,insufficient_pairs
2018-07-02,max_drawdown,D,120,120,120,120,0.11765093982547341,estimable
2018-07-02,max_drawdown,E,34,34,34,34,-0.3585943468296409,estimable
2018-07-02,max_drawdown,F,6,6,6,6,,insufficient_pairs
2018-07-02,max_drawdown,G,20,20,20,20,,insufficient_pairs
2018-07-02,max_drawdown,H,49,49,49,49,0.20132653061224487,estimable
2018-07-02,max_drawdown,I,46,46,46,46,0.4767807585568918,estimable
2018-07-02,max_drawdown,J,0,0,0,0,,insufficient_pairs
2018-10-02,pe,A,0,0,0,0,,insufficient_pairs
2018-10-02,pe,B,12,7,12,7,,insufficient_pairs
2018-10-02,pe,C,1,1,1,1,,insufficient_pairs
2018-10-02,pe,D,124,112,124,112,-0.055096183414767484,estimable
2018-10-02,pe,E,33,27,33,27,,insufficient_pairs
2018-10-02,pe,F,7,7,7,7,,insufficient_pairs
2018-10-02,pe,G,19,19,19,19,,insufficient_pairs
2018-10-02,pe,H,51,50,51,50,-0.22084033613445375,estimable
2018-10-02,pe,I,45,39,45,39,-0.022064777327935225,estimable
2018-10-02,pe,J,0,0,0,0,,insufficient_pairs
2018-10-02,pb,A,0,0,0,0,,insufficient_pairs
2018-10-02,pb,B,12,12,12,12,,insufficient_pairs
2018-10-02,pb,C,1,1,1,1,,insufficient_pairs
2018-10-02,pb,D,124,118,124,118,-0.11025571730127308,estimable
2018-10-02,pb,E,33,33,33,33,0.28342245989304815,estimable
2018-10-02,pb,F,7,6,7,6,,insufficient_pairs
2018-10-02,pb,G,19,16,19,16,,insufficient_pairs
2018-10-02,pb,H,51,49,51,49,-0.18724489795918367,estimable
2018-10-02,pb,I,45,45,45,45,-0.03017127799736495,estimable
2018-10-02,pb,J,0,0,0,0,,insufficient_pairs
2018-10-02,ev_ebitda,A,0,0,0,0,,insufficient_pairs
2018-10-02,ev_ebitda,B,12,9,12,9,,insufficient_pairs
2018-10-02,ev_ebitda,C,1,1,1,1,,insufficient_pairs
2018-10-02,ev_ebitda,D,124,89,124,89,-0.054681647940074914,estimable
2018-10-02,ev_ebitda,E,33,27,33,27,,insufficient_pairs
2018-10-02,ev_ebitda,F,7,4,7,4,,insufficient_pairs
2018-10-02,ev_ebitda,G,19,15,19,15,,insufficient_pairs
2018-10-02,ev_ebitda,H,51,19,51,19,,insufficient_pairs
2018-10-02,ev_ebitda,I,45,31,45,31,0.008870967741935484,estimable
2018-10-02,ev_ebitda,J,0,0,0,0,,insufficient_pairs
2018-10-02,roic,A,0,0,0,0,,insufficient_pairs
2018-10-02,roic,B,12,10,12,10,,insufficient_pairs
2018-10-02,roic,C,1,1,1,1,,insufficient_pairs
2018-10-02,roic,D,124,100,124,100,0.07144957365480739,estimable
2018-10-02,roic,E,33,21,33,21,,insufficient_pairs
2018-10-02,roic,F,7,3,7,3,,insufficient_pairs
2018-10-02,roic,G,19,16,19,16,,insufficient_pairs
2018-10-02,roic,H,51,43,51,43,-0.21186952582301422,estimable
2018-10-02,roic,I,45,29,45,29,,insufficient_pairs
2018-10-02,roic,J,0,0,0,0,,insufficient_pairs
2018-10-02,operating_margin,A,0,0,0,0,,insufficient_pairs
2018-10-02,operating_margin,B,12,9,12,9,,insufficient_pairs
2018-10-02,operating_margin,C,1,1,1,1,,insufficient_pairs
2018-10-02,operating_margin,D,124,92,124,92,0.10320114667940755,estimable
2018-10-02,operating_margin,E,33,33,33,33,0.35294117647058826,estimable
2018-10-02,operating_margin,F,7,6,7,6,,insufficient_pairs
2018-10-02,operating_margin,G,19,17,19,17,,insufficient_pairs
2018-10-02,operating_margin,H,51,26,51,26,,insufficient_pairs
2018-10-02,operating_margin,I,45,40,45,40,0.04559099437148219,estimable
2018-10-02,operating_margin,J,0,0,0,0,,insufficient_pairs
2018-10-02,revenue_cagr_3y,A,0,0,0,0,,insufficient_pairs
2018-10-02,revenue_cagr_3y,B,12,10,12,10,,insufficient_pairs
2018-10-02,revenue_cagr_3y,C,1,1,1,1,,insufficient_pairs
2018-10-02,revenue_cagr_3y,D,124,103,124,103,0.12416599397044532,estimable
2018-10-02,revenue_cagr_3y,E,33,33,33,33,-0.09625668449197862,estimable
2018-10-02,revenue_cagr_3y,F,7,6,7,6,,insufficient_pairs
2018-10-02,revenue_cagr_3y,G,19,17,19,17,,insufficient_pairs
2018-10-02,revenue_cagr_3y,H,51,44,51,44,0.2178999295278365,estimable
2018-10-02,revenue_cagr_3y,I,45,38,45,38,-0.43210416894627424,estimable
2018-10-02,revenue_cagr_3y,J,0,0,0,0,,insufficient_pairs
2018-10-02,fcf_cagr_3y,A,0,0,0,0,,insufficient_pairs
2018-10-02,fcf_cagr_3y,B,12,2,12,2,,insufficient_pairs
2018-10-02,fcf_cagr_3y,C,1,1,1,1,,insufficient_pairs
2018-10-02,fcf_cagr_3y,D,124,92,124,92,-0.0005625553885870611,estimable
2018-10-02,fcf_cagr_3y,E,33,13,33,13,,insufficient_pairs
2018-10-02,fcf_cagr_3y,F,7,6,7,6,,insufficient_pairs
2018-10-02,fcf_cagr_3y,G,19,15,19,15,,insufficient_pairs
2018-10-02,fcf_cagr_3y,H,51,31,51,31,0.10524193548387097,estimable
2018-10-02,fcf_cagr_3y,I,45,35,45,35,-0.22577030812324933,estimable
2018-10-02,fcf_cagr_3y,J,0,0,0,0,,insufficient_pairs
2018-10-02,momentum_12m,A,0,0,0,0,,insufficient_pairs
2018-10-02,momentum_12m,B,12,12,12,12,,insufficient_pairs
2018-10-02,momentum_12m,C,1,1,1,1,,insufficient_pairs
2018-10-02,momentum_12m,D,124,124,124,124,-0.13880452810237012,estimable
2018-10-02,momentum_12m,E,33,33,33,33,-0.0250668449197861,estimable
2018-10-02,momentum_12m,F,7,7,7,7,,insufficient_pairs
2018-10-02,momentum_12m,G,19,19,19,19,,insufficient_pairs
2018-10-02,momentum_12m,H,51,51,51,51,0.0865158371040724,estimable
2018-10-02,momentum_12m,I,45,45,45,45,-0.33188405797101445,estimable
2018-10-02,momentum_12m,J,0,0,0,0,,insufficient_pairs
2018-10-02,rel_strength_6m,A,0,0,0,0,,insufficient_pairs
2018-10-02,rel_strength_6m,B,12,12,12,12,,insufficient_pairs
2018-10-02,rel_strength_6m,C,1,1,1,1,,insufficient_pairs
2018-10-02,rel_strength_6m,D,124,124,124,124,-0.029057526538242447,estimable
2018-10-02,rel_strength_6m,E,33,33,33,33,0.024064171122994655,estimable
2018-10-02,rel_strength_6m,F,7,7,7,7,,insufficient_pairs
2018-10-02,rel_strength_6m,G,19,19,19,19,,insufficient_pairs
2018-10-02,rel_strength_6m,H,51,51,51,51,0.21981900452488684,estimable
2018-10-02,rel_strength_6m,I,45,45,45,45,-0.13109354413702237,estimable
2018-10-02,rel_strength_6m,J,0,0,0,0,,insufficient_pairs
2018-10-02,price_vs_sma200,A,0,0,0,0,,insufficient_pairs
2018-10-02,price_vs_sma200,B,12,12,12,12,,insufficient_pairs
2018-10-02,price_vs_sma200,C,1,1,1,1,,insufficient_pairs
2018-10-02,price_vs_sma200,D,124,124,124,124,0.004157369496048768,estimable
2018-10-02,price_vs_sma200,E,33,33,33,33,0.2469919786096257,estimable
2018-10-02,price_vs_sma200,F,7,7,7,7,,insufficient_pairs
2018-10-02,price_vs_sma200,G,19,19,19,19,,insufficient_pairs
2018-10-02,price_vs_sma200,H,51,51,51,51,0.27855203619909497,estimable
2018-10-02,price_vs_sma200,I,45,45,45,45,-0.24281949934123848,estimable
2018-10-02,price_vs_sma200,J,0,0,0,0,,insufficient_pairs
2018-10-02,debt_to_equity,A,0,0,0,0,,insufficient_pairs
2018-10-02,debt_to_equity,B,12,12,12,12,,insufficient_pairs
2018-10-02,debt_to_equity,C,1,1,1,1,,insufficient_pairs
2018-10-02,debt_to_equity,D,124,101,124,101,-0.0789462955520999,estimable
2018-10-02,debt_to_equity,E,33,26,33,26,,insufficient_pairs
2018-10-02,debt_to_equity,F,7,3,7,3,,insufficient_pairs
2018-10-02,debt_to_equity,G,19,13,19,13,,insufficient_pairs
2018-10-02,debt_to_equity,H,51,43,51,43,-0.11854424645122319,estimable
2018-10-02,debt_to_equity,I,45,32,45,32,-0.032991202346041054,estimable
2018-10-02,debt_to_equity,J,0,0,0,0,,insufficient_pairs
2018-10-02,volatility,A,0,0,0,0,,insufficient_pairs
2018-10-02,volatility,B,12,12,12,12,,insufficient_pairs
2018-10-02,volatility,C,1,1,1,1,,insufficient_pairs
2018-10-02,volatility,D,124,124,124,124,0.4465568735070763,estimable
2018-10-02,volatility,E,33,33,33,33,0.5778743315508021,estimable
2018-10-02,volatility,F,7,7,7,7,,insufficient_pairs
2018-10-02,volatility,G,19,19,19,19,,insufficient_pairs
2018-10-02,volatility,H,51,51,51,51,0.6158371040723981,estimable
2018-10-02,volatility,I,45,45,45,45,0.14743083003952567,estimable
2018-10-02,volatility,J,0,0,0,0,,insufficient_pairs
2018-10-02,max_drawdown,A,0,0,0,0,,insufficient_pairs
2018-10-02,max_drawdown,B,12,12,12,12,,insufficient_pairs
2018-10-02,max_drawdown,C,1,1,1,1,,insufficient_pairs
2018-10-02,max_drawdown,D,124,124,124,124,0.33853450364910664,estimable
2018-10-02,max_drawdown,E,33,33,33,33,0.5180481283422461,estimable
2018-10-02,max_drawdown,F,7,7,7,7,,insufficient_pairs
2018-10-02,max_drawdown,G,19,19,19,19,,insufficient_pairs
2018-10-02,max_drawdown,H,51,51,51,51,0.40859728506787324,estimable
2018-10-02,max_drawdown,I,45,45,45,45,0.07891963109354413,estimable
2018-10-02,max_drawdown,J,0,0,0,0,,insufficient_pairs
2019-01-02,pe,A,0,0,0,0,,insufficient_pairs
2019-01-02,pe,B,13,8,13,8,,insufficient_pairs
2019-01-02,pe,C,2,2,2,2,,insufficient_pairs
2019-01-02,pe,D,126,111,126,111,0.019015444015444017,estimable
2019-01-02,pe,E,34,28,34,28,,insufficient_pairs
2019-01-02,pe,F,7,7,7,7,,insufficient_pairs
2019-01-02,pe,G,21,21,21,21,,insufficient_pairs
2019-01-02,pe,H,53,50,53,50,-0.42607442977190874,estimable
2019-01-02,pe,I,45,39,45,39,-0.28886639676113357,estimable
2019-01-02,pe,J,0,0,0,0,,insufficient_pairs
2019-01-02,pb,A,0,0,0,0,,insufficient_pairs
2019-01-02,pb,B,13,13,13,13,,insufficient_pairs
2019-01-02,pb,C,2,2,2,2,,insufficient_pairs
2019-01-02,pb,D,126,120,126,120,0.008962459068195944,estimable
2019-01-02,pb,E,34,34,34,34,-0.20672268907563024,estimable
2019-01-02,pb,F,7,6,7,6,,insufficient_pairs
2019-01-02,pb,G,21,19,21,19,,insufficient_pairs
2019-01-02,pb,H,53,51,53,51,-0.3415384615384615,estimable
2019-01-02,pb,I,45,44,45,44,-0.2930232558139535,estimable
2019-01-02,pb,J,0,0,0,0,,insufficient_pairs
2019-01-02,ev_ebitda,A,0,0,0,0,,insufficient_pairs
2019-01-02,ev_ebitda,B,13,10,13,10,,insufficient_pairs
2019-01-02,ev_ebitda,C,2,1,2,1,,insufficient_pairs
2019-01-02,ev_ebitda,D,126,87,126,87,-0.002150616023911934,estimable
2019-01-02,ev_ebitda,E,34,28,34,28,,insufficient_pairs
2019-01-02,ev_ebitda,F,7,4,7,4,,insufficient_pairs
2019-01-02,ev_ebitda,G,21,17,21,17,,insufficient_pairs
2019-01-02,ev_ebitda,H,53,21,53,21,,insufficient_pairs
2019-01-02,ev_ebitda,I,45,31,45,31,-0.38709677419354843,estimable
2019-01-02,ev_ebitda,J,0,0,0,0,,insufficient_pairs
2019-01-02,roic,A,0,0,0,0,,insufficient_pairs
2019-01-02,roic,B,13,11,13,11,,insufficient_pairs
2019-01-02,roic,C,2,2,2,2,,insufficient_pairs
2019-01-02,roic,D,126,98,126,98,0.1222712434968887,estimable
2019-01-02,roic,E,34,22,34,22,,insufficient_pairs
2019-01-02,roic,F,7,3,7,3,,insufficient_pairs
2019-01-02,roic,G,21,18,21,18,,insufficient_pairs
2019-01-02,roic,H,53,43,53,43,-0.25279371790999694,estimable
2019-01-02,roic,I,45,27,45,27,,insufficient_pairs
2019-01-02,roic,J,0,0,0,0,,insufficient_pairs
2019-01-02,operating_margin,A,0,0,0,0,,insufficient_pairs
2019-01-02,operating_margin,B,13,10,13,10,,insufficient_pairs
2019-01-02,operating_margin,C,2,2,2,2,,insufficient_pairs
2019-01-02,operating_margin,D,126,94,126,94,0.0681934761405917,estimable
2019-01-02,operating_margin,E,34,34,34,34,0.16119174942704353,estimable
2019-01-02,operating_margin,F,7,6,7,6,,insufficient_pairs
2019-01-02,operating_margin,G,21,19,21,19,,insufficient_pairs
2019-01-02,operating_margin,H,53,27,53,27,,insufficient_pairs
2019-01-02,operating_margin,I,45,40,45,40,0.19981238273921204,estimable
2019-01-02,operating_margin,J,0,0,0,0,,insufficient_pairs
2019-01-02,revenue_cagr_3y,A,0,0,0,0,,insufficient_pairs
2019-01-02,revenue_cagr_3y,B,13,11,13,11,,insufficient_pairs
2019-01-02,revenue_cagr_3y,C,2,2,2,2,,insufficient_pairs
2019-01-02,revenue_cagr_3y,D,126,104,126,104,0.1192314052672851,estimable
2019-01-02,revenue_cagr_3y,E,34,34,34,34,0.024293353705118412,estimable
2019-01-02,revenue_cagr_3y,F,7,6,7,6,,insufficient_pairs
2019-01-02,revenue_cagr_3y,G,21,19,21,19,,insufficient_pairs
2019-01-02,revenue_cagr_3y,H,53,45,53,45,0.01040843214756258,estimable
2019-01-02,revenue_cagr_3y,I,45,38,45,38,0.2894189736294999,estimable
2019-01-02,revenue_cagr_3y,J,0,0,0,0,,insufficient_pairs
2019-01-02,fcf_cagr_3y,A,0,0,0,0,,insufficient_pairs
2019-01-02,fcf_cagr_3y,B,13,3,13,3,,insufficient_pairs
2019-01-02,fcf_cagr_3y,C,2,2,2,2,,insufficient_pairs
2019-01-02,fcf_cagr_3y,D,126,97,126,97,0.15731615108977945,estimable
2019-01-02,fcf_cagr_3y,E,34,13,34,13,,insufficient_pairs
2019-01-02,fcf_cagr_3y,F,7,6,7,6,,insufficient_pairs
2019-01-02,fcf_cagr_3y,G,21,17,21,17,,insufficient_pairs
2019-01-02,fcf_cagr_3y,H,53,31,53,31,-0.15846774193548388,estimable
2019-01-02,fcf_cagr_3y,I,45,36,45,36,-0.15624195624195625,estimable
2019-01-02,fcf_cagr_3y,J,0,0,0,0,,insufficient_pairs
2019-01-02,momentum_12m,A,0,0,0,0,,insufficient_pairs
2019-01-02,momentum_12m,B,13,13,13,13,,insufficient_pairs
2019-01-02,momentum_12m,C,2,2,2,2,,insufficient_pairs
2019-01-02,momentum_12m,D,126,126,126,126,0.047574195948094325,estimable
2019-01-02,momentum_12m,E,34,34,34,34,-0.20061115355233,estimable
2019-01-02,momentum_12m,F,7,7,7,7,,insufficient_pairs
2019-01-02,momentum_12m,G,21,21,21,21,,insufficient_pairs
2019-01-02,momentum_12m,H,53,53,53,53,-0.10732139977422996,estimable
2019-01-02,momentum_12m,I,45,45,45,45,0.1562582345191041,estimable
2019-01-02,momentum_12m,J,0,0,0,0,,insufficient_pairs
2019-01-02,rel_strength_6m,A,0,0,0,0,,insufficient_pairs
2019-01-02,rel_strength_6m,B,13,13,13,13,,insufficient_pairs
2019-01-02,rel_strength_6m,C,2,2,2,2,,insufficient_pairs
2019-01-02,rel_strength_6m,D,126,126,126,126,-0.04846208762530971,estimable
2019-01-02,rel_strength_6m,E,34,34,34,34,-0.39067990832696714,estimable
2019-01-02,rel_strength_6m,F,7,7,7,7,,insufficient_pairs
2019-01-02,rel_strength_6m,G,21,21,21,21,,insufficient_pairs
2019-01-02,rel_strength_6m,H,53,53,53,53,-0.11336881148201902,estimable
2019-01-02,rel_strength_6m,I,45,45,45,45,0.04347826086956521,estimable
2019-01-02,rel_strength_6m,J,0,0,0,0,,insufficient_pairs
2019-01-02,price_vs_sma200,A,0,0,0,0,,insufficient_pairs
2019-01-02,price_vs_sma200,B,13,13,13,13,,insufficient_pairs
2019-01-02,price_vs_sma200,C,2,2,2,2,,insufficient_pairs
2019-01-02,price_vs_sma200,D,126,126,126,126,-0.05463533448919231,estimable
2019-01-02,price_vs_sma200,E,34,34,34,34,-0.44415584415584414,estimable
2019-01-02,price_vs_sma200,F,7,7,7,7,,insufficient_pairs
2019-01-02,price_vs_sma200,G,21,21,21,21,,insufficient_pairs
2019-01-02,price_vs_sma200,H,53,53,53,53,-0.08063215610385423,estimable
2019-01-02,price_vs_sma200,I,45,45,45,45,0.06389986824769434,estimable
2019-01-02,price_vs_sma200,J,0,0,0,0,,insufficient_pairs
2019-01-02,debt_to_equity,A,0,0,0,0,,insufficient_pairs
2019-01-02,debt_to_equity,B,13,13,13,13,,insufficient_pairs
2019-01-02,debt_to_equity,C,2,2,2,2,,insufficient_pairs
2019-01-02,debt_to_equity,D,126,101,126,101,0.03520696101899254,estimable
2019-01-02,debt_to_equity,E,34,27,34,27,,insufficient_pairs
2019-01-02,debt_to_equity,F,7,3,7,3,,insufficient_pairs
2019-01-02,debt_to_equity,G,21,16,21,16,,insufficient_pairs
2019-01-02,debt_to_equity,H,53,45,53,45,-0.12595520421607376,estimable
2019-01-02,debt_to_equity,I,45,30,45,30,-0.15239154616240266,estimable
2019-01-02,debt_to_equity,J,0,0,0,0,,insufficient_pairs
2019-01-02,volatility,A,0,0,0,0,,insufficient_pairs
2019-01-02,volatility,B,13,13,13,13,,insufficient_pairs
2019-01-02,volatility,C,2,2,2,2,,insufficient_pairs
2019-01-02,volatility,D,126,126,126,126,-0.05077780510777685,estimable
2019-01-02,volatility,E,34,34,34,34,-0.33139801375095496,estimable
2019-01-02,volatility,F,7,7,7,7,,insufficient_pairs
2019-01-02,volatility,G,21,21,21,21,,insufficient_pairs
2019-01-02,volatility,H,53,53,53,53,-0.0032252862441541686,estimable
2019-01-02,volatility,I,45,45,45,45,0.07496706192358364,estimable
2019-01-02,volatility,J,0,0,0,0,,insufficient_pairs
2019-01-02,max_drawdown,A,0,0,0,0,,insufficient_pairs
2019-01-02,max_drawdown,B,13,13,13,13,,insufficient_pairs
2019-01-02,max_drawdown,C,2,2,2,2,,insufficient_pairs
2019-01-02,max_drawdown,D,126,126,126,126,0.08722935801832175,estimable
2019-01-02,max_drawdown,E,34,34,34,34,-0.22566844919786092,estimable
2019-01-02,max_drawdown,F,7,7,7,7,,insufficient_pairs
2019-01-02,max_drawdown,G,21,21,21,21,,insufficient_pairs
2019-01-02,max_drawdown,H,53,53,53,53,-0.06676342525399129,estimable
2019-01-02,max_drawdown,I,45,45,45,45,0.25836627140974966,estimable
2019-01-02,max_drawdown,J,0,0,0,0,,insufficient_pairs
2019-04-02,pe,A,0,0,0,0,,insufficient_pairs
2019-04-02,pe,B,10,9,10,9,,insufficient_pairs
2019-04-02,pe,C,3,3,3,3,,insufficient_pairs
2019-04-02,pe,D,127,109,127,109,-0.24700213140580116,estimable
2019-04-02,pe,E,33,29,33,29,,insufficient_pairs
2019-04-02,pe,F,7,7,7,7,,insufficient_pairs
2019-04-02,pe,G,22,21,22,21,,insufficient_pairs
2019-04-02,pe,H,47,44,47,44,0.08682170542635659,estimable
2019-04-02,pe,I,45,41,45,41,-0.17125435540069692,estimable
2019-04-02,pe,J,0,0,0,0,,insufficient_pairs
2019-04-02,pb,A,0,0,0,0,,insufficient_pairs
2019-04-02,pb,B,10,10,10,10,,insufficient_pairs
2019-04-02,pb,C,3,3,3,3,,insufficient_pairs
2019-04-02,pb,D,127,121,127,121,-0.04661647004630147,estimable
2019-04-02,pb,E,33,32,33,32,0.2752932551319648,estimable
2019-04-02,pb,F,7,6,7,6,,insufficient_pairs
2019-04-02,pb,G,22,19,22,19,,insufficient_pairs
2019-04-02,pb,H,47,44,47,44,0.10147991543340382,estimable
2019-04-02,pb,I,45,44,45,44,-0.11952078928823114,estimable
2019-04-02,pb,J,0,0,0,0,,insufficient_pairs
2019-04-02,ev_ebitda,A,0,0,0,0,,insufficient_pairs
2019-04-02,ev_ebitda,B,10,7,10,7,,insufficient_pairs
2019-04-02,ev_ebitda,C,3,1,3,1,,insufficient_pairs
2019-04-02,ev_ebitda,D,127,88,127,88,-0.15198478391039416,estimable
2019-04-02,ev_ebitda,E,33,27,33,27,,insufficient_pairs
2019-04-02,ev_ebitda,F,7,4,7,4,,insufficient_pairs
2019-04-02,ev_ebitda,G,22,18,22,18,,insufficient_pairs
2019-04-02,ev_ebitda,H,47,22,47,22,,insufficient_pairs
2019-04-02,ev_ebitda,I,45,32,45,32,-0.1440615835777126,estimable
2019-04-02,ev_ebitda,J,0,0,0,0,,insufficient_pairs
2019-04-02,roic,A,0,0,0,0,,insufficient_pairs
2019-04-02,roic,B,10,10,10,10,,insufficient_pairs
2019-04-02,roic,C,3,3,3,3,,insufficient_pairs
2019-04-02,roic,D,127,99,127,99,-0.07378524295140972,estimable
2019-04-02,roic,E,33,24,33,24,,insufficient_pairs
2019-04-02,roic,F,7,3,7,3,,insufficient_pairs
2019-04-02,roic,G,22,19,22,19,,insufficient_pairs
2019-04-02,roic,H,47,38,47,38,-0.04256483203851625,estimable
2019-04-02,roic,I,45,27,45,27,,insufficient_pairs
2019-04-02,roic,J,0,0,0,0,,insufficient_pairs
2019-04-02,operating_margin,A,0,0,0,0,,insufficient_pairs
2019-04-02,operating_margin,B,10,9,10,9,,insufficient_pairs
2019-04-02,operating_margin,C,3,2,3,2,,insufficient_pairs
2019-04-02,operating_margin,D,127,104,127,104,-0.162573348981116,estimable
2019-04-02,operating_margin,E,33,33,33,33,0.16377005347593585,estimable
2019-04-02,operating_margin,F,7,7,7,7,,insufficient_pairs
2019-04-02,operating_margin,G,22,21,22,21,,insufficient_pairs
2019-04-02,operating_margin,H,47,28,47,28,,insufficient_pairs
2019-04-02,operating_margin,I,45,44,45,44,0.17815362931642,estimable
2019-04-02,operating_margin,J,0,0,0,0,,insufficient_pairs
2019-04-02,revenue_cagr_3y,A,0,0,0,0,,insufficient_pairs
2019-04-02,revenue_cagr_3y,B,10,9,10,9,,insufficient_pairs
2019-04-02,revenue_cagr_3y,C,3,3,3,3,,insufficient_pairs
2019-04-02,revenue_cagr_3y,D,127,102,127,102,0.024698897370653096,estimable
2019-04-02,revenue_cagr_3y,E,33,22,33,22,,insufficient_pairs
2019-04-02,revenue_cagr_3y,F,7,6,7,6,,insufficient_pairs
2019-04-02,revenue_cagr_3y,G,22,19,22,19,,insufficient_pairs
2019-04-02,revenue_cagr_3y,H,47,35,47,35,0.11652661064425772,estimable
2019-04-02,revenue_cagr_3y,I,45,36,45,36,0.06332046332046333,estimable
2019-04-02,revenue_cagr_3y,J,0,0,0,0,,insufficient_pairs
2019-04-02,fcf_cagr_3y,A,0,0,0,0,,insufficient_pairs
2019-04-02,fcf_cagr_3y,B,10,3,10,3,,insufficient_pairs
2019-04-02,fcf_cagr_3y,C,3,2,3,2,,insufficient_pairs
2019-04-02,fcf_cagr_3y,D,127,92,127,92,0.07213809578854082,estimable
2019-04-02,fcf_cagr_3y,E,33,14,33,14,,insufficient_pairs
2019-04-02,fcf_cagr_3y,F,7,6,7,6,,insufficient_pairs
2019-04-02,fcf_cagr_3y,G,22,18,22,18,,insufficient_pairs
2019-04-02,fcf_cagr_3y,H,47,30,47,30,0.05361512791991101,estimable
2019-04-02,fcf_cagr_3y,I,45,36,45,36,0.16422136422136424,estimable
2019-04-02,fcf_cagr_3y,J,0,0,0,0,,insufficient_pairs
2019-04-02,momentum_12m,A,0,0,0,0,,insufficient_pairs
2019-04-02,momentum_12m,B,10,10,10,10,,insufficient_pairs
2019-04-02,momentum_12m,C,3,3,3,3,,insufficient_pairs
2019-04-02,momentum_12m,D,127,127,127,127,0.16290296594653975,estimable
2019-04-02,momentum_12m,E,33,33,33,33,0.2025401069518717,estimable
2019-04-02,momentum_12m,F,7,7,7,7,,insufficient_pairs
2019-04-02,momentum_12m,G,22,22,22,22,,insufficient_pairs
2019-04-02,momentum_12m,H,47,47,47,47,0.07574005550416281,estimable
2019-04-02,momentum_12m,I,45,45,45,45,0.17812911725955202,estimable
2019-04-02,momentum_12m,J,0,0,0,0,,insufficient_pairs
2019-04-02,rel_strength_6m,A,0,0,0,0,,insufficient_pairs
2019-04-02,rel_strength_6m,B,10,10,10,10,,insufficient_pairs
2019-04-02,rel_strength_6m,C,3,3,3,3,,insufficient_pairs
2019-04-02,rel_strength_6m,D,127,127,127,127,0.182242402050531,estimable
2019-04-02,rel_strength_6m,E,33,33,33,33,0.4776069518716578,estimable
2019-04-02,rel_strength_6m,F,7,7,7,7,,insufficient_pairs
2019-04-02,rel_strength_6m,G,22,22,22,22,,insufficient_pairs
2019-04-02,rel_strength_6m,H,47,47,47,47,0.2088344125809436,estimable
2019-04-02,rel_strength_6m,I,45,45,45,45,0.15217391304347824,estimable
2019-04-02,rel_strength_6m,J,0,0,0,0,,insufficient_pairs
2019-04-02,price_vs_sma200,A,0,0,0,0,,insufficient_pairs
2019-04-02,price_vs_sma200,B,10,10,10,10,,insufficient_pairs
2019-04-02,price_vs_sma200,C,3,3,3,3,,insufficient_pairs
2019-04-02,price_vs_sma200,D,127,127,127,127,0.1795532771878433,estimable
2019-04-02,price_vs_sma200,E,33,33,33,33,0.4251336898395722,estimable
2019-04-02,price_vs_sma200,F,7,7,7,7,,insufficient_pairs
2019-04-02,price_vs_sma200,G,22,22,22,22,,insufficient_pairs
2019-04-02,price_vs_sma200,H,47,47,47,47,0.24375578168362627,estimable
2019-04-02,price_vs_sma200,I,45,45,45,45,0.213965744400527,estimable
2019-04-02,price_vs_sma200,J,0,0,0,0,,insufficient_pairs
2019-04-02,debt_to_equity,A,0,0,0,0,,insufficient_pairs
2019-04-02,debt_to_equity,B,10,10,10,10,,insufficient_pairs
2019-04-02,debt_to_equity,C,3,3,3,3,,insufficient_pairs
2019-04-02,debt_to_equity,D,127,102,127,102,-0.19624540571105453,estimable
2019-04-02,debt_to_equity,E,33,27,33,27,,insufficient_pairs
2019-04-02,debt_to_equity,F,7,3,7,3,,insufficient_pairs
2019-04-02,debt_to_equity,G,22,16,22,16,,insufficient_pairs
2019-04-02,debt_to_equity,H,47,40,47,40,0.31744840525328333,estimable
2019-04-02,debt_to_equity,I,45,29,45,29,,insufficient_pairs
2019-04-02,debt_to_equity,J,0,0,0,0,,insufficient_pairs
2019-04-02,volatility,A,0,0,0,0,,insufficient_pairs
2019-04-02,volatility,B,10,10,10,10,,insufficient_pairs
2019-04-02,volatility,C,3,3,3,3,,insufficient_pairs
2019-04-02,volatility,D,127,127,127,127,0.3452596118637862,estimable
2019-04-02,volatility,E,33,33,33,33,0.2927807486631016,estimable
2019-04-02,volatility,F,7,7,7,7,,insufficient_pairs
2019-04-02,volatility,G,22,22,22,22,,insufficient_pairs
2019-04-02,volatility,H,47,47,47,47,0.3756938020351526,estimable
2019-04-02,volatility,I,45,45,45,45,0.26969696969696966,estimable
2019-04-02,volatility,J,0,0,0,0,,insufficient_pairs
2019-04-02,max_drawdown,A,0,0,0,0,,insufficient_pairs
2019-04-02,max_drawdown,B,10,10,10,10,,insufficient_pairs
2019-04-02,max_drawdown,C,3,3,3,3,,insufficient_pairs
2019-04-02,max_drawdown,D,127,127,127,127,0.34067813987550355,estimable
2019-04-02,max_drawdown,E,33,33,33,33,0.33489304812834225,estimable
2019-04-02,max_drawdown,F,7,7,7,7,,insufficient_pairs
2019-04-02,max_drawdown,G,22,22,22,22,,insufficient_pairs
2019-04-02,max_drawdown,H,47,47,47,47,0.4332793709528215,estimable
2019-04-02,max_drawdown,I,45,45,45,45,0.3629776021080368,estimable
2019-04-02,max_drawdown,J,0,0,0,0,,insufficient_pairs
2019-07-02,pe,A,0,0,0,0,,insufficient_pairs
2019-07-02,pe,B,10,9,10,9,,insufficient_pairs
2019-07-02,pe,C,2,2,2,2,,insufficient_pairs
2019-07-02,pe,D,121,102,121,102,0.20771723088927968,estimable
2019-07-02,pe,E,30,27,30,27,,insufficient_pairs
2019-07-02,pe,F,6,6,6,6,,insufficient_pairs
2019-07-02,pe,G,22,21,22,21,,insufficient_pairs
2019-07-02,pe,H,48,44,48,44,-0.43424947145877374,estimable
2019-07-02,pe,I,45,41,45,41,-0.022125435540069693,estimable
2019-07-02,pe,J,0,0,0,0,,insufficient_pairs
2019-07-02,pb,A,0,0,0,0,,insufficient_pairs
2019-07-02,pb,B,10,10,10,10,,insufficient_pairs
2019-07-02,pb,C,2,2,2,2,,insufficient_pairs
2019-07-02,pb,D,121,116,121,116,-0.035386289110402924,estimable
2019-07-02,pb,E,30,29,30,29,,insufficient_pairs
2019-07-02,pb,F,6,5,6,5,,insufficient_pairs
2019-07-02,pb,G,22,19,22,19,,insufficient_pairs
2019-07-02,pb,H,48,46,48,46,-0.3954979956830096,estimable
2019-07-02,pb,I,45,44,45,44,0.12473572938689216,estimable
2019-07-02,pb,J,0,0,0,0,,insufficient_pairs
2019-07-02,ev_ebitda,A,0,0,0,0,,insufficient_pairs
2019-07-02,ev_ebitda,B,10,7,10,7,,insufficient_pairs
2019-07-02,ev_ebitda,C,2,1,2,1,,insufficient_pairs
2019-07-02,ev_ebitda,D,121,84,121,84,0.03675205021767743,estimable
2019-07-02,ev_ebitda,E,30,26,30,26,,insufficient_pairs
2019-07-02,ev_ebitda,F,6,3,6,3,,insufficient_pairs
2019-07-02,ev_ebitda,G,22,19,22,19,,insufficient_pairs
2019-07-02,ev_ebitda,H,48,21,48,21,,insufficient_pairs
2019-07-02,ev_ebitda,I,45,31,45,31,0.15645161290322582,estimable
2019-07-02,ev_ebitda,J,0,0,0,0,,insufficient_pairs
2019-07-02,roic,A,0,0,0,0,,insufficient_pairs
2019-07-02,roic,B,10,10,10,10,,insufficient_pairs
2019-07-02,roic,C,2,2,2,2,,insufficient_pairs
2019-07-02,roic,D,121,96,121,96,0.1451786840659527,estimable
2019-07-02,roic,E,30,23,30,23,,insufficient_pairs
2019-07-02,roic,F,6,3,6,3,,insufficient_pairs
2019-07-02,roic,G,22,20,22,20,,insufficient_pairs
2019-07-02,roic,H,48,38,48,38,-0.28197833460991356,estimable
2019-07-02,roic,I,45,27,45,27,,insufficient_pairs
2019-07-02,roic,J,0,0,0,0,,insufficient_pairs
2019-07-02,operating_margin,A,0,0,0,0,,insufficient_pairs
2019-07-02,operating_margin,B,10,9,10,9,,insufficient_pairs
2019-07-02,operating_margin,C,2,2,2,2,,insufficient_pairs
2019-07-02,operating_margin,D,121,100,121,100,0.078019801980198,estimable
2019-07-02,operating_margin,E,30,30,30,30,-0.01935483870967742,estimable
2019-07-02,operating_margin,F,6,6,6,6,,insufficient_pairs
2019-07-02,operating_margin,G,22,21,22,21,,insufficient_pairs
2019-07-02,operating_margin,H,48,28,48,28,,insufficient_pairs
2019-07-02,operating_margin,I,45,43,45,43,0.4143763213530655,estimable
2019-07-02,operating_margin,J,0,0,0,0,,insufficient_pairs
2019-07-02,revenue_cagr_3y,A,0,0,0,0,,insufficient_pairs
2019-07-02,revenue_cagr_3y,B,10,9,10,9,,insufficient_pairs
2019-07-02,revenue_cagr_3y,C,2,2,2,2,,insufficient_pairs
2019-07-02,revenue_cagr_3y,D,121,92,121,92,0.06429314530112125,estimable
2019-07-02,revenue_cagr_3y,E,30,20,30,20,,insufficient_pairs
2019-07-02,revenue_cagr_3y,F,6,5,6,5,,insufficient_pairs
2019-07-02,revenue_cagr_3y,G,22,19,22,19,,insufficient_pairs
2019-07-02,revenue_cagr_3y,H,48,38,48,38,0.08064339643287012,estimable
2019-07-02,revenue_cagr_3y,I,45,37,45,37,-0.2828354670459933,estimable
2019-07-02,revenue_cagr_3y,J,0,0,0,0,,insufficient_pairs
2019-07-02,fcf_cagr_3y,A,0,0,0,0,,insufficient_pairs
2019-07-02,fcf_cagr_3y,B,10,3,10,3,,insufficient_pairs
2019-07-02,fcf_cagr_3y,C,2,2,2,2,,insufficient_pairs
2019-07-02,fcf_cagr_3y,D,121,86,121,86,0.3013189425816556,estimable
2019-07-02,fcf_cagr_3y,E,30,11,30,11,,insufficient_pairs
2019-07-02,fcf_cagr_3y,F,6,6,6,6,,insufficient_pairs
2019-07-02,fcf_cagr_3y,G,22,18,22,18,,insufficient_pairs
2019-07-02,fcf_cagr_3y,H,48,29,48,29,,insufficient_pairs
2019-07-02,fcf_cagr_3y,I,45,36,45,36,0.015444015444015444,estimable
2019-07-02,fcf_cagr_3y,J,0,0,0,0,,insufficient_pairs
2019-07-02,momentum_12m,A,0,0,0,0,,insufficient_pairs
2019-07-02,momentum_12m,B,10,10,10,10,,insufficient_pairs
2019-07-02,momentum_12m,C,2,2,2,2,,insufficient_pairs
2019-07-02,momentum_12m,D,121,121,121,121,0.002929829731166953,estimable
2019-07-02,momentum_12m,E,30,30,30,30,0.12658509454949946,estimable
2019-07-02,momentum_12m,F,6,6,6,6,,insufficient_pairs
2019-07-02,momentum_12m,G,22,22,22,22,,insufficient_pairs
2019-07-02,momentum_12m,H,48,48,48,48,0.4471341728180634,estimable
2019-07-02,momentum_12m,I,45,45,45,45,-0.08827404479578392,estimable
2019-07-02,momentum_12m,J,0,0,0,0,,insufficient_pairs
2019-07-02,rel_strength_6m,A,0,0,0,0,,insufficient_pairs
2019-07-02,rel_strength_6m,B,10,10,10,10,,insufficient_pairs
2019-07-02,rel_strength_6m,C,2,2,2,2,,insufficient_pairs
2019-07-02,rel_strength_6m,D,121,121,121,121,0.1349042640030619,estimable
2019-07-02,rel_strength_6m,E,30,30,30,30,0.16307007786429364,estimable
2019-07-02,rel_strength_6m,F,6,6,6,6,,insufficient_pairs
2019-07-02,rel_strength_6m,G,22,22,22,22,,insufficient_pairs
2019-07-02,rel_strength_6m,H,48,48,48,48,0.1503473729917499,estimable
2019-07-02,rel_strength_6m,I,45,45,45,45,-0.10658761528326745,estimable
2019-07-02,rel_strength_6m,J,0,0,0,0,,insufficient_pairs
2019-07-02,price_vs_sma200,A,0,0,0,0,,insufficient_pairs
2019-07-02,price_vs_sma200,B,10,10,10,10,,insufficient_pairs
2019-07-02,price_vs_sma200,C,2,2,2,2,,insufficient_pairs
2019-07-02,price_vs_sma200,D,121,121,121,121,0.12687009507551508,estimable
2019-07-02,price_vs_sma200,E,30,30,30,30,0.3041156840934371,estimable
2019-07-02,price_vs_sma200,F,6,6,6,6,,insufficient_pairs
2019-07-02,price_vs_sma200,G,22,22,22,22,,insufficient_pairs
2019-07-02,price_vs_sma200,H,48,48,48,48,0.3890577507598784,estimable
2019-07-02,price_vs_sma200,I,45,45,45,45,-0.05546772068511198,estimable
2019-07-02,price_vs_sma200,J,0,0,0,0,,insufficient_pairs
2019-07-02,debt_to_equity,A,0,0,0,0,,insufficient_pairs
2019-07-02,debt_to_equity,B,10,10,10,10,,insufficient_pairs
2019-07-02,debt_to_equity,C,2,2,2,2,,insufficient_pairs
2019-07-02,debt_to_equity,D,121,101,121,101,-0.17774710394352905,estimable
2019-07-02,debt_to_equity,E,30,25,30,25,,insufficient_pairs
2019-07-02,debt_to_equity,F,6,3,6,3,,insufficient_pairs
2019-07-02,debt_to_equity,G,22,17,22,17,,insufficient_pairs
2019-07-02,debt_to_equity,H,48,42,48,42,-0.12681306215055507,estimable
2019-07-02,debt_to_equity,I,45,29,45,29,,insufficient_pairs
2019-07-02,debt_to_equity,J,0,0,0,0,,insufficient_pairs
2019-07-02,volatility,A,0,0,0,0,,insufficient_pairs
2019-07-02,volatility,B,10,10,10,10,,insufficient_pairs
2019-07-02,volatility,C,2,2,2,2,,insufficient_pairs
2019-07-02,volatility,D,121,121,121,121,0.03587940617601334,estimable
2019-07-02,volatility,E,30,30,30,30,0.3076751946607342,estimable
2019-07-02,volatility,F,6,6,6,6,,insufficient_pairs
2019-07-02,volatility,G,22,22,22,22,,insufficient_pairs
2019-07-02,volatility,H,48,48,48,48,0.47003907946157186,estimable
2019-07-02,volatility,I,45,45,45,45,0.34176548089591563,estimable
2019-07-02,volatility,J,0,0,0,0,,insufficient_pairs
2019-07-02,max_drawdown,A,0,0,0,0,,insufficient_pairs
2019-07-02,max_drawdown,B,10,10,10,10,,insufficient_pairs
2019-07-02,max_drawdown,C,2,2,2,2,,insufficient_pairs
2019-07-02,max_drawdown,D,121,121,121,121,0.042931320049180495,estimable
2019-07-02,max_drawdown,E,30,30,30,30,0.2671857619577308,estimable
2019-07-02,max_drawdown,F,6,6,6,6,,insufficient_pairs
2019-07-02,max_drawdown,G,22,22,22,22,,insufficient_pairs
2019-07-02,max_drawdown,H,48,48,48,48,0.3861267911419887,estimable
2019-07-02,max_drawdown,I,45,45,45,45,0.18840579710144925,estimable
2019-07-02,max_drawdown,J,0,0,0,0,,insufficient_pairs
2019-10-02,pe,A,0,0,0,0,,insufficient_pairs
2019-10-02,pe,B,10,9,10,9,,insufficient_pairs
2019-10-02,pe,C,2,2,2,2,,insufficient_pairs
2019-10-02,pe,D,124,107,124,107,0.20672038402194412,estimable
2019-10-02,pe,E,34,30,34,30,0.364182424916574,estimable
2019-10-02,pe,F,5,5,5,5,,insufficient_pairs
2019-10-02,pe,G,22,21,22,21,,insufficient_pairs
2019-10-02,pe,H,51,47,51,47,0.49479648473635524,estimable
2019-10-02,pe,I,47,42,47,42,0.13524025605704562,estimable
2019-10-02,pe,J,0,0,0,0,,insufficient_pairs
2019-10-02,pb,A,0,0,0,0,,insufficient_pairs
2019-10-02,pb,B,10,10,10,10,,insufficient_pairs
2019-10-02,pb,C,2,2,2,2,,insufficient_pairs
2019-10-02,pb,D,124,118,124,118,0.04786390960418963,estimable
2019-10-02,pb,E,34,33,34,33,-0.02573529411764706,estimable
2019-10-02,pb,F,5,4,5,4,,insufficient_pairs
2019-10-02,pb,G,22,19,22,19,,insufficient_pairs
2019-10-02,pb,H,51,49,51,49,0.4187755102040816,estimable
2019-10-02,pb,I,47,46,47,46,-0.17089115016959608,estimable
2019-10-02,pb,J,0,0,0,0,,insufficient_pairs
2019-10-02,ev_ebitda,A,0,0,0,0,,insufficient_pairs
2019-10-02,ev_ebitda,B,10,7,10,7,,insufficient_pairs
2019-10-02,ev_ebitda,C,2,1,2,1,,insufficient_pairs
2019-10-02,ev_ebitda,D,124,88,124,88,0.2987038145891304,estimable
2019-10-02,ev_ebitda,E,34,29,34,29,,insufficient_pairs
2019-10-02,ev_ebitda,F,5,3,5,3,,insufficient_pairs
2019-10-02,ev_ebitda,G,22,19,22,19,,insufficient_pairs
2019-10-02,ev_ebitda,H,51,22,51,22,,insufficient_pairs
2019-10-02,ev_ebitda,I,47,32,47,32,0.09054252199413489,estimable
2019-10-02,ev_ebitda,J,0,0,0,0,,insufficient_pairs
2019-10-02,roic,A,0,0,0,0,,insufficient_pairs
2019-10-02,roic,B,10,10,10,10,,insufficient_pairs
2019-10-02,roic,C,2,2,2,2,,insufficient_pairs
2019-10-02,roic,D,124,98,124,98,0.21001224115066813,estimable
2019-10-02,roic,E,34,26,34,26,,insufficient_pairs
2019-10-02,roic,F,5,2,5,2,,insufficient_pairs
2019-10-02,roic,G,22,20,22,20,,insufficient_pairs
2019-10-02,roic,H,51,40,51,40,0.1975609756097561,estimable
2019-10-02,roic,I,47,29,47,29,,insufficient_pairs
2019-10-02,roic,J,0,0,0,0,,insufficient_pairs
2019-10-02,operating_margin,A,0,0,0,0,,insufficient_pairs
2019-10-02,operating_margin,B,10,9,10,9,,insufficient_pairs
2019-10-02,operating_margin,C,2,2,2,2,,insufficient_pairs
2019-10-02,operating_margin,D,124,104,124,104,0.14371065827376509,estimable
2019-10-02,operating_margin,E,34,34,34,34,-0.06432391138273491,estimable
2019-10-02,operating_margin,F,5,5,5,5,,insufficient_pairs
2019-10-02,operating_margin,G,22,21,22,21,,insufficient_pairs
2019-10-02,operating_margin,H,51,29,51,29,,insufficient_pairs
2019-10-02,operating_margin,I,47,45,47,45,0.0028985507246376808,estimable
2019-10-02,operating_margin,J,0,0,0,0,,insufficient_pairs
2019-10-02,revenue_cagr_3y,A,0,0,0,0,,insufficient_pairs
2019-10-02,revenue_cagr_3y,B,10,9,10,9,,insufficient_pairs
2019-10-02,revenue_cagr_3y,C,2,2,2,2,,insufficient_pairs
2019-10-02,revenue_cagr_3y,D,124,94,124,94,0.1326455416359617,estimable
2019-10-02,revenue_cagr_3y,E,34,22,34,22,,insufficient_pairs
2019-10-02,revenue_cagr_3y,F,5,4,5,4,,insufficient_pairs
2019-10-02,revenue_cagr_3y,G,22,18,22,18,,insufficient_pairs
2019-10-02,revenue_cagr_3y,H,51,39,51,39,-0.06923076923076923,estimable
2019-10-02,revenue_cagr_3y,I,47,38,47,38,0.4128460444249918,estimable
2019-10-02,revenue_cagr_3y,J,0,0,0,0,,insufficient_pairs
2019-10-02,fcf_cagr_3y,A,0,0,0,0,,insufficient_pairs
2019-10-02,fcf_cagr_3y,B,10,3,10,3,,insufficient_pairs
2019-10-02,fcf_cagr_3y,C,2,2,2,2,,insufficient_pairs
2019-10-02,fcf_cagr_3y,D,124,88,124,88,-0.10021750041827004,estimable
2019-10-02,fcf_cagr_3y,E,34,13,34,13,,insufficient_pairs
2019-10-02,fcf_cagr_3y,F,5,4,5,4,,insufficient_pairs
2019-10-02,fcf_cagr_3y,G,22,19,22,19,,insufficient_pairs
2019-10-02,fcf_cagr_3y,H,51,33,51,33,0.012366310160427808,estimable
2019-10-02,fcf_cagr_3y,I,47,38,47,38,0.3977459240617135,estimable
2019-10-02,fcf_cagr_3y,J,0,0,0,0,,insufficient_pairs
2019-10-02,momentum_12m,A,0,0,0,0,,insufficient_pairs
2019-10-02,momentum_12m,B,10,10,10,10,,insufficient_pairs
2019-10-02,momentum_12m,C,2,2,2,2,,insufficient_pairs
2019-10-02,momentum_12m,D,124,124,124,124,-0.31326298430522204,estimable
2019-10-02,momentum_12m,E,34,34,34,34,-0.43376623376623374,estimable
2019-10-02,momentum_12m,F,5,5,5,5,,insufficient_pairs
2019-10-02,momentum_12m,G,22,22,22,22,,insufficient_pairs
2019-10-02,momentum_12m,H,51,51,51,51,-0.6483257918552036,estimable
2019-10-02,momentum_12m,I,47,47,47,47,-0.2024745605920444,estimable
2019-10-02,momentum_12m,J,0,0,0,0,,insufficient_pairs
2019-10-02,rel_strength_6m,A,0,0,0,0,,insufficient_pairs
2019-10-02,rel_strength_6m,B,10,10,10,10,,insufficient_pairs
2019-10-02,rel_strength_6m,C,2,2,2,2,,insufficient_pairs
2019-10-02,rel_strength_6m,D,124,124,124,124,-0.344885428435652,estimable
2019-10-02,rel_strength_6m,E,34,34,34,34,-0.27578304048892277,estimable
2019-10-02,rel_strength_6m,F,5,5,5,5,,insufficient_pairs
2019-10-02,rel_strength_6m,G,22,22,22,22,,insufficient_pairs
2019-10-02,rel_strength_6m,H,51,51,51,51,-0.5175565610859728,estimable
2019-10-02,rel_strength_6m,I,47,47,47,47,-0.27277983348751156,estimable
2019-10-02,rel_strength_6m,J,0,0,0,0,,insufficient_pairs
2019-10-02,price_vs_sma200,A,0,0,0,0,,insufficient_pairs
2019-10-02,price_vs_sma200,B,10,10,10,10,,insufficient_pairs
2019-10-02,price_vs_sma200,C,2,2,2,2,,insufficient_pairs
2019-10-02,price_vs_sma200,D,124,124,124,124,-0.27192847184412855,estimable
2019-10-02,price_vs_sma200,E,34,34,34,34,-0.3048128342245989,estimable
2019-10-02,price_vs_sma200,F,5,5,5,5,,insufficient_pairs
2019-10-02,price_vs_sma200,G,22,22,22,22,,insufficient_pairs
2019-10-02,price_vs_sma200,H,51,51,51,51,-0.6052488687782804,estimable
2019-10-02,price_vs_sma200,I,47,47,47,47,-0.2732423681776133,estimable
2019-10-02,price_vs_sma200,J,0,0,0,0,,insufficient_pairs
2019-10-02,debt_to_equity,A,0,0,0,0,,insufficient_pairs
2019-10-02,debt_to_equity,B,10,10,10,10,,insufficient_pairs
2019-10-02,debt_to_equity,C,2,2,2,2,,insufficient_pairs
2019-10-02,debt_to_equity,D,124,102,124,102,0.0346282160022618,estimable
2019-10-02,debt_to_equity,E,34,29,34,29,,insufficient_pairs
2019-10-02,debt_to_equity,F,5,2,5,2,,insufficient_pairs
2019-10-02,debt_to_equity,G,22,17,22,17,,insufficient_pairs
2019-10-02,debt_to_equity,H,51,43,51,43,0.06886137118695257,estimable
2019-10-02,debt_to_equity,I,47,32,47,32,-0.14296187683284456,estimable
2019-10-02,debt_to_equity,J,0,0,0,0,,insufficient_pairs
2019-10-02,volatility,A,0,0,0,0,,insufficient_pairs
2019-10-02,volatility,B,10,10,10,10,,insufficient_pairs
2019-10-02,volatility,C,2,2,2,2,,insufficient_pairs
2019-10-02,volatility,D,124,124,124,124,-0.26390326956182397,estimable
2019-10-02,volatility,E,34,34,34,34,-0.6110007639419404,estimable
2019-10-02,volatility,F,5,5,5,5,,insufficient_pairs
2019-10-02,volatility,G,22,22,22,22,,insufficient_pairs
2019-10-02,volatility,H,51,51,51,51,-0.5887782805429864,estimable
2019-10-02,volatility,I,47,47,47,47,-0.12974098057354302,estimable
2019-10-02,volatility,J,0,0,0,0,,insufficient_pairs
2019-10-02,max_drawdown,A,0,0,0,0,,insufficient_pairs
2019-10-02,max_drawdown,B,10,10,10,10,,insufficient_pairs
2019-10-02,max_drawdown,C,2,2,2,2,,insufficient_pairs
2019-10-02,max_drawdown,D,124,124,124,124,-0.27209212302792457,estimable
2019-10-02,max_drawdown,E,34,34,34,34,-0.5459129106187929,estimable
2019-10-02,max_drawdown,F,5,5,5,5,,insufficient_pairs
2019-10-02,max_drawdown,G,22,22,22,22,,insufficient_pairs
2019-10-02,max_drawdown,H,51,51,51,51,-0.4305882352941176,estimable
2019-10-02,max_drawdown,I,47,47,47,47,-0.02208603145235893,estimable
2019-10-02,max_drawdown,J,0,0,0,0,,insufficient_pairs
2020-01-02,pe,A,0,0,0,0,,insufficient_pairs
2020-01-02,pe,B,10,9,10,9,,insufficient_pairs
2020-01-02,pe,C,2,2,2,2,,insufficient_pairs
2020-01-02,pe,D,119,102,119,102,-0.22812553011026293,estimable
2020-01-02,pe,E,35,30,35,30,-0.08654060066740822,estimable
2020-01-02,pe,F,6,6,6,6,,insufficient_pairs
2020-01-02,pe,G,21,20,21,20,,insufficient_pairs
2020-01-02,pe,H,46,43,46,43,-0.5317124735729387,estimable
2020-01-02,pe,I,40,36,40,36,-0.3132561132561133,estimable
2020-01-02,pe,J,0,0,0,0,,insufficient_pairs
2020-01-02,pb,A,0,0,0,0,,insufficient_pairs
2020-01-02,pb,B,10,10,10,10,,insufficient_pairs
2020-01-02,pb,C,2,2,2,2,,insufficient_pairs
2020-01-02,pb,D,119,113,119,113,-0.2932384608027014,estimable
2020-01-02,pb,E,35,34,35,34,-0.17005347593582887,estimable
2020-01-02,pb,F,6,5,6,5,,insufficient_pairs
2020-01-02,pb,G,21,17,21,17,,insufficient_pairs
2020-01-02,pb,H,46,43,46,43,-0.5596496526729084,estimable
2020-01-02,pb,I,40,39,40,39,0.06052631578947369,estimable
2020-01-02,pb,J,0,0,0,0,,insufficient_pairs
2020-01-02,ev_ebitda,A,0,0,0,0,,insufficient_pairs
2020-01-02,ev_ebitda,B,10,7,10,7,,insufficient_pairs
2020-01-02,ev_ebitda,C,2,1,2,1,,insufficient_pairs
2020-01-02,ev_ebitda,D,119,85,119,85,-0.2778776626929842,estimable
2020-01-02,ev_ebitda,E,35,30,35,30,-0.2204671857619577,estimable
2020-01-02,ev_ebitda,F,6,3,6,3,,insufficient_pairs
2020-01-02,ev_ebitda,G,21,19,21,19,,insufficient_pairs
2020-01-02,ev_ebitda,H,46,22,46,22,,insufficient_pairs
2020-01-02,ev_ebitda,I,40,25,40,25,,insufficient_pairs
2020-01-02,ev_ebitda,J,0,0,0,0,,insufficient_pairs
2020-01-02,roic,A,0,0,0,0,,insufficient_pairs
2020-01-02,roic,B,10,10,10,10,,insufficient_pairs
2020-01-02,roic,C,2,2,2,2,,insufficient_pairs
2020-01-02,roic,D,119,96,119,96,0.2573064114650805,estimable
2020-01-02,roic,E,35,26,35,26,,insufficient_pairs
2020-01-02,roic,F,6,2,6,2,,insufficient_pairs
2020-01-02,roic,G,21,20,21,20,,insufficient_pairs
2020-01-02,roic,H,46,36,46,36,-0.1680823680823681,estimable
2020-01-02,roic,I,40,25,40,25,,insufficient_pairs
2020-01-02,roic,J,0,0,0,0,,insufficient_pairs
2020-01-02,operating_margin,A,0,0,0,0,,insufficient_pairs
2020-01-02,operating_margin,B,10,9,10,9,,insufficient_pairs
2020-01-02,operating_margin,C,2,2,2,2,,insufficient_pairs
2020-01-02,operating_margin,D,119,98,119,98,0.3291509668534705,estimable
2020-01-02,operating_margin,E,35,35,35,35,0.2815126050420168,estimable
2020-01-02,operating_margin,F,6,6,6,6,,insufficient_pairs
2020-01-02,operating_margin,G,21,20,21,20,,insufficient_pairs
2020-01-02,operating_margin,H,46,28,46,28,,insufficient_pairs
2020-01-02,operating_margin,I,40,38,40,38,0.30845825582667685,estimable
2020-01-02,operating_margin,J,0,0,0,0,,insufficient_pairs
2020-01-02,revenue_cagr_3y,A,0,0,0,0,,insufficient_pairs
2020-01-02,revenue_cagr_3y,B,10,8,10,8,,insufficient_pairs
2020-01-02,revenue_cagr_3y,C,2,1,2,1,,insufficient_pairs
2020-01-02,revenue_cagr_3y,D,119,93,119,93,0.1817700290205382,estimable
2020-01-02,revenue_cagr_3y,E,35,24,35,24,,insufficient_pairs
2020-01-02,revenue_cagr_3y,F,6,5,6,5,,insufficient_pairs
2020-01-02,revenue_cagr_3y,G,21,17,21,17,,insufficient_pairs
2020-01-02,revenue_cagr_3y,H,46,34,46,34,0.5773873185637891,estimable
2020-01-02,revenue_cagr_3y,I,40,33,40,33,-0.04378342245989305,estimable
2020-01-02,revenue_cagr_3y,J,0,0,0,0,,insufficient_pairs
2020-01-02,fcf_cagr_3y,A,0,0,0,0,,insufficient_pairs
2020-01-02,fcf_cagr_3y,B,10,3,10,3,,insufficient_pairs
2020-01-02,fcf_cagr_3y,C,2,1,2,1,,insufficient_pairs
2020-01-02,fcf_cagr_3y,D,119,85,119,85,0.13981961910903953,estimable
2020-01-02,fcf_cagr_3y,E,35,13,35,13,,insufficient_pairs
2020-01-02,fcf_cagr_3y,F,6,5,6,5,,insufficient_pairs
2020-01-02,fcf_cagr_3y,G,21,18,21,18,,insufficient_pairs
2020-01-02,fcf_cagr_3y,H,46,30,46,30,0.4042269187986652,estimable
2020-01-02,fcf_cagr_3y,I,40,35,40,35,0.21316526610644262,estimable
2020-01-02,fcf_cagr_3y,J,0,0,0,0,,insufficient_pairs
2020-01-02,momentum_12m,A,0,0,0,0,,insufficient_pairs
2020-01-02,momentum_12m,B,10,10,10,10,,insufficient_pairs
2020-01-02,momentum_12m,C,2,2,2,2,,insufficient_pairs
2020-01-02,momentum_12m,D,119,119,119,119,0.057979838982477515,estimable
2020-01-02,momentum_12m,E,35,35,35,35,0.21316526610644262,estimable
2020-01-02,momentum_12m,F,6,6,6,6,,insufficient_pairs
2020-01-02,momentum_12m,G,21,21,21,21,,insufficient_pairs
2020-01-02,momentum_12m,H,46,46,46,46,0.33999383287079865,estimable
2020-01-02,momentum_12m,I,40,40,40,40,0.21594746716697938,estimable
2020-01-02,momentum_12m,J,0,0,0,0,,insufficient_pairs
2020-01-02,rel_strength_6m,A,0,0,0,0,,insufficient_pairs
2020-01-02,rel_strength_6m,B,10,10,10,10,,insufficient_pairs
2020-01-02,rel_strength_6m,C,2,2,2,2,,insufficient_pairs
2020-01-02,rel_strength_6m,D,119,119,119,119,-0.017615074829350628,estimable
2020-01-02,rel_strength_6m,E,35,35,35,35,-0.012605042016806725,estimable
2020-01-02,rel_strength_6m,F,6,6,6,6,,insufficient_pairs
2020-01-02,rel_strength_6m,G,21,21,21,21,,insufficient_pairs
2020-01-02,rel_strength_6m,H,46,46,46,46,0.25180388529139686,estimable
2020-01-02,rel_strength_6m,I,40,40,40,40,0.08405253283302065,estimable
2020-01-02,rel_strength_6m,J,0,0,0,0,,insufficient_pairs
2020-01-02,price_vs_sma200,A,0,0,0,0,,insufficient_pairs
2020-01-02,price_vs_sma200,B,10,10,10,10,,insufficient_pairs
2020-01-02,price_vs_sma200,C,2,2,2,2,,insufficient_pairs
2020-01-02,price_vs_sma200,D,119,119,119,119,0.020000783366982508,estimable
2020-01-02,price_vs_sma200,E,35,35,35,35,-0.14565826330532214,estimable
2020-01-02,price_vs_sma200,F,6,6,6,6,,insufficient_pairs
2020-01-02,price_vs_sma200,G,21,21,21,21,,insufficient_pairs
2020-01-02,price_vs_sma200,H,46,46,46,46,0.25587419056429234,estimable
2020-01-02,price_vs_sma200,I,40,40,40,40,0.005253283302063791,estimable
2020-01-02,price_vs_sma200,J,0,0,0,0,,insufficient_pairs
2020-01-02,debt_to_equity,A,0,0,0,0,,insufficient_pairs
2020-01-02,debt_to_equity,B,10,10,10,10,,insufficient_pairs
2020-01-02,debt_to_equity,C,2,2,2,2,,insufficient_pairs
2020-01-02,debt_to_equity,D,119,101,119,101,-0.10598198009306985,estimable
2020-01-02,debt_to_equity,E,35,30,35,30,0.11190211345939934,estimable
2020-01-02,debt_to_equity,F,6,2,6,2,,insufficient_pairs
2020-01-02,debt_to_equity,G,21,16,21,16,,insufficient_pairs
2020-01-02,debt_to_equity,H,46,38,46,38,-0.06488674909727542,estimable
2020-01-02,debt_to_equity,I,40,27,40,27,,insufficient_pairs
2020-01-02,debt_to_equity,J,0,0,0,0,,insufficient_pairs
2020-01-02,volatility,A,0,0,0,0,,insufficient_pairs
2020-01-02,volatility,B,10,10,10,10,,insufficient_pairs
2020-01-02,volatility,C,2,2,2,2,,insufficient_pairs
2020-01-02,volatility,D,119,119,119,119,0.3160636521280877,estimable
2020-01-02,volatility,E,35,35,35,35,0.511764705882353,estimable
2020-01-02,volatility,F,6,6,6,6,,insufficient_pairs
2020-01-02,volatility,G,21,21,21,21,,insufficient_pairs
2020-01-02,volatility,H,46,46,46,46,0.25242059821153257,estimable
2020-01-02,volatility,I,40,40,40,40,0.11519699812382742,estimable
2020-01-02,volatility,J,0,0,0,0,,insufficient_pairs
2020-01-02,max_drawdown,A,0,0,0,0,,insufficient_pairs
2020-01-02,max_drawdown,B,10,10,10,10,,insufficient_pairs
2020-01-02,max_drawdown,C,2,2,2,2,,insufficient_pairs
2020-01-02,max_drawdown,D,119,119,119,119,0.3461449442563177,estimable
2020-01-02,max_drawdown,E,35,35,35,35,0.692717086834734,estimable
2020-01-02,max_drawdown,F,6,6,6,6,,insufficient_pairs
2020-01-02,max_drawdown,G,21,21,21,21,,insufficient_pairs
2020-01-02,max_drawdown,H,46,46,46,46,0.5993832870798642,estimable
2020-01-02,max_drawdown,I,40,40,40,40,0.13864915572232647,estimable
2020-01-02,max_drawdown,J,0,0,0,0,,insufficient_pairs
2020-04-02,pe,A,0,0,0,0,,insufficient_pairs
2020-04-02,pe,B,10,4,10,4,,insufficient_pairs
2020-04-02,pe,C,2,2,2,2,,insufficient_pairs
2020-04-02,pe,D,120,105,120,105,0.3258967447646693,estimable
2020-04-02,pe,E,36,32,36,32,0.47434017595307915,estimable
2020-04-02,pe,F,6,6,6,6,,insufficient_pairs
2020-04-02,pe,G,23,23,23,23,,insufficient_pairs
2020-04-02,pe,H,51,47,51,47,0.2531221091581869,estimable
2020-04-02,pe,I,50,45,50,45,0.0011857707509881422,estimable
2020-04-02,pe,J,0,0,0,0,,insufficient_pairs
2020-04-02,pb,A,0,0,0,0,,insufficient_pairs
2020-04-02,pb,B,10,10,10,10,,insufficient_pairs
2020-04-02,pb,C,2,2,2,2,,insufficient_pairs
2020-04-02,pb,D,120,114,120,114,0.372317288025759,estimable
2020-04-02,pb,E,36,36,36,36,0.35083655083655085,estimable
2020-04-02,pb,F,6,5,6,5,,insufficient_pairs
2020-04-02,pb,G,23,20,23,20,,insufficient_pairs
2020-04-02,pb,H,51,49,51,49,0.3151020408163265,estimable
2020-04-02,pb,I,50,47,50,47,-0.08903792784458836,estimable
2020-04-02,pb,J,0,0,0,0,,insufficient_pairs
2020-04-02,ev_ebitda,A,0,0,0,0,,insufficient_pairs
2020-04-02,ev_ebitda,B,10,8,10,8,,insufficient_pairs
2020-04-02,ev_ebitda,C,2,1,2,1,,insufficient_pairs
2020-04-02,ev_ebitda,D,120,84,120,84,0.247686544497317,estimable
2020-04-02,ev_ebitda,E,36,27,36,27,,insufficient_pairs
2020-04-02,ev_ebitda,F,6,2,6,2,,insufficient_pairs
2020-04-02,ev_ebitda,G,23,17,23,17,,insufficient_pairs
2020-04-02,ev_ebitda,H,51,20,51,20,,insufficient_pairs
2020-04-02,ev_ebitda,I,50,35,50,35,-0.23025210084033615,estimable
2020-04-02,ev_ebitda,J,0,0,0,0,,insufficient_pairs
2020-04-02,roic,A,0,0,0,0,,insufficient_pairs
2020-04-02,roic,B,10,8,10,8,,insufficient_pairs
2020-04-02,roic,C,2,2,2,2,,insufficient_pairs
2020-04-02,roic,D,120,94,120,94,-0.0366939999277535,estimable
2020-04-02,roic,E,36,23,36,23,,insufficient_pairs
2020-04-02,roic,F,6,2,6,2,,insufficient_pairs
2020-04-02,roic,G,23,19,23,19,,insufficient_pairs
2020-04-02,roic,H,51,40,51,40,-0.20806754221388368,estimable
2020-04-02,roic,I,50,33,50,33,-0.07419786096256685,estimable
2020-04-02,roic,J,0,0,0,0,,insufficient_pairs
2020-04-02,operating_margin,A,0,0,0,0,,insufficient_pairs
2020-04-02,operating_margin,B,10,9,10,9,,insufficient_pairs
2020-04-02,operating_margin,C,2,2,2,2,,insufficient_pairs
2020-04-02,operating_margin,D,120,104,120,104,-0.031345353675450764,estimable
2020-04-02,operating_margin,E,36,36,36,36,-0.25662805662805666,estimable
2020-04-02,operating_margin,F,6,5,6,5,,insufficient_pairs
2020-04-02,operating_margin,G,23,21,23,21,,insufficient_pairs
2020-04-02,operating_margin,H,51,28,51,28,,insufficient_pairs
2020-04-02,operating_margin,I,50,48,50,48,-0.06187581415544941,estimable
2020-04-02,operating_margin,J,0,0,0,0,,insufficient_pairs
2020-04-02,revenue_cagr_3y,A,0,0,0,0,,insufficient_pairs
2020-04-02,revenue_cagr_3y,B,10,10,10,10,,insufficient_pairs
2020-04-02,revenue_cagr_3y,C,2,1,2,1,,insufficient_pairs
2020-04-02,revenue_cagr_3y,D,120,111,120,111,0.11199543699543699,estimable
2020-04-02,revenue_cagr_3y,E,36,30,36,30,0.5101223581757508,estimable
2020-04-02,revenue_cagr_3y,F,6,6,6,6,,insufficient_pairs
2020-04-02,revenue_cagr_3y,G,23,22,23,22,,insufficient_pairs
2020-04-02,revenue_cagr_3y,H,51,46,51,46,-0.11341350601295097,estimable
2020-04-02,revenue_cagr_3y,I,50,47,50,47,0.39026364477335795,estimable
2020-04-02,revenue_cagr_3y,J,0,0,0,0,,insufficient_pairs
2020-04-02,fcf_cagr_3y,A,0,0,0,0,,insufficient_pairs
2020-04-02,fcf_cagr_3y,B,10,4,10,4,,insufficient_pairs
2020-04-02,fcf_cagr_3y,C,2,1,2,1,,insufficient_pairs
2020-04-02,fcf_cagr_3y,D,120,91,120,91,0.0018315018315018317,estimable
2020-04-02,fcf_cagr_3y,E,36,18,36,18,,insufficient_pairs
2020-04-02,fcf_cagr_3y,F,6,5,6,5,,insufficient_pairs
2020-04-02,fcf_cagr_3y,G,23,17,23,17,,insufficient_pairs
2020-04-02,fcf_cagr_3y,H,51,31,51,31,0.06088709677419355,estimable
2020-04-02,fcf_cagr_3y,I,50,40,50,40,0.24258911819887435,estimable
2020-04-02,fcf_cagr_3y,J,0,0,0,0,,insufficient_pairs
2020-04-02,momentum_12m,A,0,0,0,0,,insufficient_pairs
2020-04-02,momentum_12m,B,10,10,10,10,,insufficient_pairs
2020-04-02,momentum_12m,C,2,2,2,2,,insufficient_pairs
2020-04-02,momentum_12m,D,120,120,120,120,-0.452892561983471,estimable
2020-04-02,momentum_12m,E,36,36,36,36,-0.7510939510939512,estimable
2020-04-02,momentum_12m,F,6,6,6,6,,insufficient_pairs
2020-04-02,momentum_12m,G,23,23,23,23,,insufficient_pairs
2020-04-02,momentum_12m,H,51,51,51,51,-0.4199095022624434,estimable
2020-04-02,momentum_12m,I,50,50,50,50,-0.13968787515006,estimable
2020-04-02,momentum_12m,J,0,0,0,0,,insufficient_pairs
2020-04-02,rel_strength_6m,A,0,0,0,0,,insufficient_pairs
2020-04-02,rel_strength_6m,B,10,10,10,10,,insufficient_pairs
2020-04-02,rel_strength_6m,C,2,2,2,2,,insufficient_pairs
2020-04-02,rel_strength_6m,D,120,120,120,120,-0.46936592818945755,estimable
2020-04-02,rel_strength_6m,E,36,36,36,36,-0.6133848133848134,estimable
2020-04-02,rel_strength_6m,F,6,6,6,6,,insufficient_pairs
2020-04-02,rel_strength_6m,G,23,23,23,23,,insufficient_pairs
2020-04-02,rel_strength_6m,H,51,51,51,51,-0.2604524886877828,estimable
2020-04-02,rel_strength_6m,I,50,50,50,50,-0.08984393757503001,estimable
2020-04-02,rel_strength_6m,J,0,0,0,0,,insufficient_pairs
2020-04-02,price_vs_sma200,A,0,0,0,0,,insufficient_pairs
2020-04-02,price_vs_sma200,B,10,10,10,10,,insufficient_pairs
2020-04-02,price_vs_sma200,C,2,2,2,2,,insufficient_pairs
2020-04-02,price_vs_sma200,D,120,120,120,120,-0.5267726925480934,estimable
2020-04-02,price_vs_sma200,E,36,36,36,36,-0.7243243243243244,estimable
2020-04-02,price_vs_sma200,F,6,6,6,6,,insufficient_pairs
2020-04-02,price_vs_sma200,G,23,23,23,23,,insufficient_pairs
2020-04-02,price_vs_sma200,H,51,51,51,51,-0.39583710407239814,estimable
2020-04-02,price_vs_sma200,I,50,50,50,50,-0.15505402160864346,estimable
2020-04-02,price_vs_sma200,J,0,0,0,0,,insufficient_pairs
2020-04-02,debt_to_equity,A,0,0,0,0,,insufficient_pairs
2020-04-02,debt_to_equity,B,10,10,10,10,,insufficient_pairs
2020-04-02,debt_to_equity,C,2,2,2,2,,insufficient_pairs
2020-04-02,debt_to_equity,D,120,102,120,102,0.09452590033417962,estimable
2020-04-02,debt_to_equity,E,36,27,36,27,,insufficient_pairs
2020-04-02,debt_to_equity,F,6,2,6,2,,insufficient_pairs
2020-04-02,debt_to_equity,G,23,16,23,16,,insufficient_pairs
2020-04-02,debt_to_equity,H,51,42,51,42,-0.3668260270642574,estimable
2020-04-02,debt_to_equity,I,50,34,50,34,0.0013750954927425514,estimable
2020-04-02,debt_to_equity,J,0,0,0,0,,insufficient_pairs
2020-04-02,volatility,A,0,0,0,0,,insufficient_pairs
2020-04-02,volatility,B,10,10,10,10,,insufficient_pairs
2020-04-02,volatility,C,2,2,2,2,,insufficient_pairs
2020-04-02,volatility,D,120,120,120,120,-0.48752691159108263,estimable
2020-04-02,volatility,E,36,36,36,36,-0.7585585585585587,estimable
2020-04-02,volatility,F,6,6,6,6,,insufficient_pairs
2020-04-02,volatility,G,23,23,23,23,,insufficient_pairs
2020-04-02,volatility,H,51,51,51,51,-0.43520361990950224,estimable
2020-04-02,volatility,I,50,50,50,50,-0.29027611044417767,estimable
2020-04-02,volatility,J,0,0,0,0,,insufficient_pairs
2020-04-02,max_drawdown,A,0,0,0,0,,insufficient_pairs
2020-04-02,max_drawdown,B,10,10,10,10,,insufficient_pairs
2020-04-02,max_drawdown,C,2,2,2,2,,insufficient_pairs
2020-04-02,max_drawdown,D,120,120,120,120,-0.48230432668935336,estimable
2020-04-02,max_drawdown,E,36,36,36,36,-0.7341055341055341,estimable
2020-04-02,max_drawdown,F,6,6,6,6,,insufficient_pairs
2020-04-02,max_drawdown,G,23,23,23,23,,insufficient_pairs
2020-04-02,max_drawdown,H,51,51,51,51,-0.4431674208144796,estimable
2020-04-02,max_drawdown,I,50,50,50,50,0.06103241296518607,estimable
2020-04-02,max_drawdown,J,0,0,0,0,,insufficient_pairs
2020-07-02,pe,A,0,0,0,0,,insufficient_pairs
2020-07-02,pe,B,10,4,10,4,,insufficient_pairs
2020-07-02,pe,C,2,2,2,2,,insufficient_pairs
2020-07-02,pe,D,121,108,121,108,0.0650394886011794,estimable
2020-07-02,pe,E,40,36,40,36,-0.26322564036555535,estimable
2020-07-02,pe,F,7,7,7,7,,insufficient_pairs
2020-07-02,pe,G,23,22,23,22,,insufficient_pairs
2020-07-02,pe,H,50,46,50,46,0.022633364168979337,estimable
2020-07-02,pe,I,54,48,54,48,0.025727312201476338,estimable
2020-07-02,pe,J,0,0,0,0,,insufficient_pairs
2020-07-02,pb,A,0,0,0,0,,insufficient_pairs
2020-07-02,pb,B,10,10,10,10,,insufficient_pairs
2020-07-02,pb,C,2,2,2,2,,insufficient_pairs
2020-07-02,pb,D,121,116,121,116,-0.0018375427670779994,estimable
2020-07-02,pb,E,40,40,40,40,-0.3076273571629609,estimable
2020-07-02,pb,F,7,6,7,6,,insufficient_pairs
2020-07-02,pb,G,23,19,23,19,,insufficient_pairs
2020-07-02,pb,H,50,48,50,48,-0.07468519322622666,estimable
2020-07-02,pb,I,54,51,54,51,0.20895927601809955,estimable
2020-07-02,pb,J,0,0,0,0,,insufficient_pairs
2020-07-02,ev_ebitda,A,0,0,0,0,,insufficient_pairs
2020-07-02,ev_ebitda,B,10,7,10,7,,insufficient_pairs
2020-07-02,ev_ebitda,C,2,1,2,1,,insufficient_pairs
2020-07-02,ev_ebitda,D,121,84,121,84,0.04657284600587223,estimable
2020-07-02,ev_ebitda,E,40,32,40,32,-0.14353803849679195,estimable
2020-07-02,ev_ebitda,F,7,3,7,3,,insufficient_pairs
2020-07-02,ev_ebitda,G,23,18,23,18,,insufficient_pairs
2020-07-02,ev_ebitda,H,50,20,50,20,,insufficient_pairs
2020-07-02,ev_ebitda,I,54,38,54,38,0.13491629281102963,estimable
2020-07-02,ev_ebitda,J,0,0,0,0,,insufficient_pairs
2020-07-02,roic,A,0,0,0,0,,insufficient_pairs
2020-07-02,roic,B,10,8,10,8,,insufficient_pairs
2020-07-02,roic,C,2,2,2,2,,insufficient_pairs
2020-07-02,roic,D,121,96,121,96,-0.04301410743353228,estimable
2020-07-02,roic,E,40,28,40,28,,insufficient_pairs
2020-07-02,roic,F,7,2,7,2,,insufficient_pairs
2020-07-02,roic,G,23,19,23,19,,insufficient_pairs
2020-07-02,roic,H,50,39,50,39,0.358502024291498,estimable
2020-07-02,roic,I,54,34,54,34,-0.2510313216195569,estimable
2020-07-02,roic,J,0,0,0,0,,insufficient_pairs
2020-07-02,operating_margin,A,0,0,0,0,,insufficient_pairs
2020-07-02,operating_margin,B,10,8,10,8,,insufficient_pairs
2020-07-02,operating_margin,C,2,2,2,2,,insufficient_pairs
2020-07-02,operating_margin,D,121,105,121,105,-0.03496786232635289,estimable
2020-07-02,operating_margin,E,40,40,40,40,-0.0884698376958439,estimable
2020-07-02,operating_margin,F,7,6,7,6,,insufficient_pairs
2020-07-02,operating_margin,G,23,22,23,22,,insufficient_pairs
2020-07-02,operating_margin,H,50,27,50,27,,insufficient_pairs
2020-07-02,operating_margin,I,54,53,54,53,-0.11441702951136913,estimable
2020-07-02,operating_margin,J,0,0,0,0,,insufficient_pairs
2020-07-02,revenue_cagr_3y,A,0,0,0,0,,insufficient_pairs
2020-07-02,revenue_cagr_3y,B,10,10,10,10,,insufficient_pairs
2020-07-02,revenue_cagr_3y,C,2,1,2,1,,insufficient_pairs
2020-07-02,revenue_cagr_3y,D,121,111,121,111,-0.04864864864864865,estimable
2020-07-02,revenue_cagr_3y,E,40,34,40,34,0.030562347188264057,estimable
2020-07-02,revenue_cagr_3y,F,7,7,7,7,,insufficient_pairs
2020-07-02,revenue_cagr_3y,G,23,22,23,22,,insufficient_pairs
2020-07-02,revenue_cagr_3y,H,50,44,50,44,0.1427766032417195,estimable
2020-07-02,revenue_cagr_3y,I,54,50,54,50,0.3605762304921969,estimable
2020-07-02,revenue_cagr_3y,J,0,0,0,0,,insufficient_pairs
2020-07-02,fcf_cagr_3y,A,0,0,0,0,,insufficient_pairs
2020-07-02,fcf_cagr_3y,B,10,4,10,4,,insufficient_pairs
2020-07-02,fcf_cagr_3y,C,2,1,2,1,,insufficient_pairs
2020-07-02,fcf_cagr_3y,D,121,92,121,92,0.0030054097375275496,estimable
2020-07-02,fcf_cagr_3y,E,40,19,40,19,,insufficient_pairs
2020-07-02,fcf_cagr_3y,F,7,5,7,5,,insufficient_pairs
2020-07-02,fcf_cagr_3y,G,23,18,23,18,,insufficient_pairs
2020-07-02,fcf_cagr_3y,H,50,29,50,29,,insufficient_pairs
2020-07-02,fcf_cagr_3y,I,54,41,54,41,0.3287456445993032,estimable
2020-07-02,fcf_cagr_3y,J,0,0,0,0,,insufficient_pairs
2020-07-02,momentum_12m,A,0,0,0,0,,insufficient_pairs
2020-07-02,momentum_12m,B,10,10,10,10,,insufficient_pairs
2020-07-02,momentum_12m,C,2,2,2,2,,insufficient_pairs
2020-07-02,momentum_12m,D,121,121,121,121,-0.003664815065709252,estimable
2020-07-02,momentum_12m,E,40,40,40,40,0.3519091847265222,estimable
2020-07-02,momentum_12m,F,7,7,7,7,,insufficient_pairs
2020-07-02,momentum_12m,G,23,23,23,23,,insufficient_pairs
2020-07-02,momentum_12m,H,50,50,50,50,-0.004081632653061224,estimable
2020-07-02,momentum_12m,I,54,54,54,54,-0.15746140651801027,estimable
2020-07-02,momentum_12m,J,0,0,0,0,,insufficient_pairs
2020-07-02,rel_strength_6m,A,0,0,0,0,,insufficient_pairs
2020-07-02,rel_strength_6m,B,10,10,10,10,,insufficient_pairs
2020-07-02,rel_strength_6m,C,2,2,2,2,,insufficient_pairs
2020-07-02,rel_strength_6m,D,121,121,121,121,-0.0657905432868175,estimable
2020-07-02,rel_strength_6m,E,40,40,40,40,0.40895018294399105,estimable
2020-07-02,rel_strength_6m,F,7,7,7,7,,insufficient_pairs
2020-07-02,rel_strength_6m,G,23,23,23,23,,insufficient_pairs
2020-07-02,rel_strength_6m,H,50,50,50,50,0.04605042016806723,estimable
2020-07-02,rel_strength_6m,I,54,54,54,54,-0.1649323422908328,estimable
2020-07-02,rel_strength_6m,J,0,0,0,0,,insufficient_pairs
2020-07-02,price_vs_sma200,A,0,0,0,0,,insufficient_pairs
2020-07-02,price_vs_sma200,B,10,10,10,10,,insufficient_pairs
2020-07-02,price_vs_sma200,C,2,2,2,2,,insufficient_pairs
2020-07-02,price_vs_sma200,D,121,121,121,121,-0.019008264462809912,estimable
2020-07-02,price_vs_sma200,E,40,40,40,40,0.43409325452669106,estimable
2020-07-02,price_vs_sma200,F,7,7,7,7,,insufficient_pairs
2020-07-02,price_vs_sma200,G,23,23,23,23,,insufficient_pairs
2020-07-02,price_vs_sma200,H,50,50,50,50,0.003985594237695078,estimable
2020-07-02,price_vs_sma200,I,54,54,54,54,-0.14907566228320945,estimable
2020-07-02,price_vs_sma200,J,0,0,0,0,,insufficient_pairs
2020-07-02,debt_to_equity,A,0,0,0,0,,insufficient_pairs
2020-07-02,debt_to_equity,B,10,10,10,10,,insufficient_pairs
2020-07-02,debt_to_equity,C,2,2,2,2,,insufficient_pairs
2020-07-02,debt_to_equity,D,121,103,121,103,-0.011806440275886308,estimable
2020-07-02,debt_to_equity,E,40,32,40,32,-0.022181484876260316,estimable
2020-07-02,debt_to_equity,F,7,2,7,2,,insufficient_pairs
2020-07-02,debt_to_equity,G,23,15,23,15,,insufficient_pairs
2020-07-02,debt_to_equity,H,50,41,50,41,0.18919860627177706,estimable
2020-07-02,debt_to_equity,I,54,35,54,35,0.08739495798319327,estimable
2020-07-02,debt_to_equity,J,0,0,0,0,,insufficient_pairs
2020-07-02,volatility,A,0,0,0,0,,insufficient_pairs
2020-07-02,volatility,B,10,10,10,10,,insufficient_pairs
2020-07-02,volatility,C,2,2,2,2,,insufficient_pairs
2020-07-02,volatility,D,121,121,121,121,0.04419455358352526,estimable
2020-07-02,volatility,E,40,40,40,40,0.3325827938831035,estimable
2020-07-02,volatility,F,7,7,7,7,,insufficient_pairs
2020-07-02,volatility,G,23,23,23,23,,insufficient_pairs
2020-07-02,volatility,H,50,50,50,50,0.18002400960384152,estimable
2020-07-02,volatility,I,54,54,54,54,-0.25786163522012573,estimable
2020-07-02,volatility,J,0,0,0,0,,insufficient_pairs
2020-07-02,max_drawdown,A,0,0,0,0,,insufficient_pairs
2020-07-02,max_drawdown,B,10,10,10,10,,insufficient_pairs
2020-07-02,max_drawdown,C,2,2,2,2,,insufficient_pairs
2020-07-02,max_drawdown,D,121,121,121,121,0.0849207424468229,estimable
2020-07-02,max_drawdown,E,40,40,40,40,0.278919223191669,estimable
2020-07-02,max_drawdown,F,7,7,7,7,,insufficient_pairs
2020-07-02,max_drawdown,G,23,23,23,23,,insufficient_pairs
2020-07-02,max_drawdown,H,50,50,50,50,0.11807923169267706,estimable
2020-07-02,max_drawdown,I,54,54,54,54,-0.1759100438345721,estimable
2020-07-02,max_drawdown,J,0,0,0,0,,insufficient_pairs
2020-10-02,pe,A,0,0,0,0,,insufficient_pairs
2020-10-02,pe,B,10,5,10,5,,insufficient_pairs
2020-10-02,pe,C,1,1,1,1,,insufficient_pairs
2020-10-02,pe,D,120,103,120,103,-0.04025172428941704,estimable
2020-10-02,pe,E,37,34,37,34,0.558679706601467,estimable
2020-10-02,pe,F,6,6,6,6,,insufficient_pairs
2020-10-02,pe,G,20,18,20,18,,insufficient_pairs
2020-10-02,pe,H,48,44,48,44,0.5412262156448203,estimable
2020-10-02,pe,I,51,46,51,46,0.09022510021584952,estimable
2020-10-02,pe,J,0,0,0,0,,insufficient_pairs
2020-10-02,pb,A,0,0,0,0,,insufficient_pairs
2020-10-02,pb,B,10,10,10,10,,insufficient_pairs
2020-10-02,pb,C,1,1,1,1,,insufficient_pairs
2020-10-02,pb,D,120,114,120,114,0.07413782628946357,estimable
2020-10-02,pb,E,37,37,37,37,0.48547717842323657,estimable
2020-10-02,pb,F,6,5,6,5,,insufficient_pairs
2020-10-02,pb,G,20,16,20,16,,insufficient_pairs
2020-10-02,pb,H,48,47,48,47,0.6966928769657724,estimable
2020-10-02,pb,I,51,48,51,48,0.24218410768562745,estimable
2020-10-02,pb,J,0,0,0,0,,insufficient_pairs
2020-10-02,ev_ebitda,A,0,0,0,0,,insufficient_pairs
2020-10-02,ev_ebitda,B,10,7,10,7,,insufficient_pairs
2020-10-02,ev_ebitda,C,1,1,1,1,,insufficient_pairs
2020-10-02,ev_ebitda,D,120,80,120,80,-0.02698077824660103,estimable
2020-10-02,ev_ebitda,E,37,29,37,29,,insufficient_pairs
2020-10-02,ev_ebitda,F,6,3,6,3,,insufficient_pairs
2020-10-02,ev_ebitda,G,20,15,20,15,,insufficient_pairs
2020-10-02,ev_ebitda,H,48,18,48,18,,insufficient_pairs
2020-10-02,ev_ebitda,I,51,37,51,37,0.05523944997629207,estimable
2020-10-02,ev_ebitda,J,0,0,0,0,,insufficient_pairs
2020-10-02,roic,A,0,0,0,0,,insufficient_pairs
2020-10-02,roic,B,10,8,10,8,,insufficient_pairs
2020-10-02,roic,C,1,1,1,1,,insufficient_pairs
2020-10-02,roic,D,120,86,120,86,-0.11097693287419216,estimable
2020-10-02,roic,E,37,26,37,26,,insufficient_pairs
2020-10-02,roic,F,6,2,6,2,,insufficient_pairs
2020-10-02,roic,G,20,16,20,16,,insufficient_pairs
2020-10-02,roic,H,48,38,48,38,-0.09705657074078126,estimable
2020-10-02,roic,I,51,35,51,35,-0.26442577030812325,estimable
2020-10-02,roic,J,0,0,0,0,,insufficient_pairs
2020-10-02,operating_margin,A,0,0,0,0,,insufficient_pairs
2020-10-02,operating_margin,B,10,8,10,8,,insufficient_pairs
2020-10-02,operating_margin,C,1,1,1,1,,insufficient_pairs
2020-10-02,operating_margin,D,120,105,120,105,-0.03409703504043127,estimable
2020-10-02,operating_margin,E,37,37,37,37,0.1167753408417309,estimable
2020-10-02,operating_margin,F,6,5,6,5,,insufficient_pairs
2020-10-02,operating_margin,G,20,19,20,19,,insufficient_pairs
2020-10-02,operating_margin,H,48,27,48,27,,insufficient_pairs
2020-10-02,operating_margin,I,51,50,51,50,-0.21507803121248498,estimable
2020-10-02,operating_margin,J,0,0,0,0,,insufficient_pairs
2020-10-02,revenue_cagr_3y,A,0,0,0,0,,insufficient_pairs
2020-10-02,revenue_cagr_3y,B,10,10,10,10,,insufficient_pairs
2020-10-02,revenue_cagr_3y,C,1,0,1,0,,insufficient_pairs
2020-10-02,revenue_cagr_3y,D,120,115,120,115,-0.05405981219916358,estimable
2020-10-02,revenue_cagr_3y,E,37,31,37,31,0.5378100423472474,estimable
2020-10-02,revenue_cagr_3y,F,6,6,6,6,,insufficient_pairs
2020-10-02,revenue_cagr_3y,G,20,19,20,19,,insufficient_pairs
2020-10-02,revenue_cagr_3y,H,48,42,48,42,-0.28466088647597443,estimable
2020-10-02,revenue_cagr_3y,I,51,49,51,49,0.13448979591836732,estimable
2020-10-02,revenue_cagr_3y,J,0,0,0,0,,insufficient_pairs
2020-10-02,fcf_cagr_3y,A,0,0,0,0,,insufficient_pairs
2020-10-02,fcf_cagr_3y,B,10,4,10,4,,insufficient_pairs
2020-10-02,fcf_cagr_3y,C,1,0,1,0,,insufficient_pairs
2020-10-02,fcf_cagr_3y,D,120,93,120,93,-0.2079914058070484,estimable
2020-10-02,fcf_cagr_3y,E,37,19,37,19,,insufficient_pairs
2020-10-02,fcf_cagr_3y,F,6,4,6,4,,insufficient_pairs
2020-10-02,fcf_cagr_3y,G,20,16,20,16,,insufficient_pairs
2020-10-02,fcf_cagr_3y,H,48,27,48,27,,insufficient_pairs
2020-10-02,fcf_cagr_3y,I,51,38,51,38,-0.03971988182514498,estimable
2020-10-02,fcf_cagr_3y,J,0,0,0,0,,insufficient_pairs
2020-10-02,momentum_12m,A,0,0,0,0,,insufficient_pairs
2020-10-02,momentum_12m,B,10,10,10,10,,insufficient_pairs
2020-10-02,momentum_12m,C,1,1,1,1,,insufficient_pairs
2020-10-02,momentum_12m,D,120,120,120,120,-0.1611778595735815,estimable
2020-10-02,momentum_12m,E,37,37,37,37,-0.535981031416716,estimable
2020-10-02,momentum_12m,F,6,6,6,6,,insufficient_pairs
2020-10-02,momentum_12m,G,20,20,20,20,,insufficient_pairs
2020-10-02,momentum_12m,H,48,48,48,48,-0.45060790273556234,estimable
2020-10-02,momentum_12m,I,51,51,51,51,-0.4240723981900452,estimable
2020-10-02,momentum_12m,J,0,0,0,0,,insufficient_pairs
2020-10-02,rel_strength_6m,A,0,0,0,0,,insufficient_pairs
2020-10-02,rel_strength_6m,B,10,10,10,10,,insufficient_pairs
2020-10-02,rel_strength_6m,C,1,1,1,1,,insufficient_pairs
2020-10-02,rel_strength_6m,D,120,120,120,120,0.2684978123480797,estimable
2020-10-02,rel_strength_6m,E,37,37,37,37,0.2215767634854772,estimable
2020-10-02,rel_strength_6m,F,6,6,6,6,,insufficient_pairs
2020-10-02,rel_strength_6m,G,20,20,20,20,,insufficient_pairs
2020-10-02,rel_strength_6m,H,48,48,48,48,0.2454407294832827,estimable
2020-10-02,rel_strength_6m,I,51,51,51,51,0.13683257918552036,estimable
2020-10-02,rel_strength_6m,J,0,0,0,0,,insufficient_pairs
2020-10-02,price_vs_sma200,A,0,0,0,0,,insufficient_pairs
2020-10-02,price_vs_sma200,B,10,10,10,10,,insufficient_pairs
2020-10-02,price_vs_sma200,C,1,1,1,1,,insufficient_pairs
2020-10-02,price_vs_sma200,D,120,120,120,120,-0.009917355371900825,estimable
2020-10-02,price_vs_sma200,E,37,37,37,37,-0.4987551867219917,estimable
2020-10-02,price_vs_sma200,F,6,6,6,6,,insufficient_pairs
2020-10-02,price_vs_sma200,G,20,20,20,20,,insufficient_pairs
2020-10-02,price_vs_sma200,H,48,48,48,48,-0.5183456361267911,estimable
2020-10-02,price_vs_sma200,I,51,51,51,51,-0.41239819004524886,estimable
2020-10-02,price_vs_sma200,J,0,0,0,0,,insufficient_pairs
2020-10-02,debt_to_equity,A,0,0,0,0,,insufficient_pairs
2020-10-02,debt_to_equity,B,10,10,10,10,,insufficient_pairs
2020-10-02,debt_to_equity,C,1,1,1,1,,insufficient_pairs
2020-10-02,debt_to_equity,D,120,95,120,95,0.006452967525195969,estimable
2020-10-02,debt_to_equity,E,37,29,37,29,,insufficient_pairs
2020-10-02,debt_to_equity,F,6,2,6,2,,insufficient_pairs
2020-10-02,debt_to_equity,G,20,12,20,12,,insufficient_pairs
2020-10-02,debt_to_equity,H,48,40,48,40,-0.015196998123827393,estimable
2020-10-02,debt_to_equity,I,51,35,51,35,0.04313725490196079,estimable
2020-10-02,debt_to_equity,J,0,0,0,0,,insufficient_pairs
2020-10-02,volatility,A,0,0,0,0,,insufficient_pairs
2020-10-02,volatility,B,10,10,10,10,,insufficient_pairs
2020-10-02,volatility,C,1,1,1,1,,insufficient_pairs
2020-10-02,volatility,D,120,120,120,120,-0.43805819848600586,estimable
2020-10-02,volatility,E,37,37,37,37,-0.7662122110254891,estimable
2020-10-02,volatility,F,6,6,6,6,,insufficient_pairs
2020-10-02,volatility,G,20,20,20,20,,insufficient_pairs
2020-10-02,volatility,H,48,48,48,48,-0.6301563178462875,estimable
2020-10-02,volatility,I,51,51,51,51,-0.4213574660633484,estimable
2020-10-02,volatility,J,0,0,0,0,,insufficient_pairs
2020-10-02,max_drawdown,A,0,0,0,0,,insufficient_pairs
2020-10-02,max_drawdown,B,10,10,10,10,,insufficient_pairs
2020-10-02,max_drawdown,C,1,1,1,1,,insufficient_pairs
2020-10-02,max_drawdown,D,120,120,120,120,-0.29029099243002987,estimable
2020-10-02,max_drawdown,E,37,37,37,37,-0.5921754593953765,estimable
2020-10-02,max_drawdown,F,6,6,6,6,,insufficient_pairs
2020-10-02,max_drawdown,G,20,20,20,20,,insufficient_pairs
2020-10-02,max_drawdown,H,48,48,48,48,-0.66391663048198,estimable
2020-10-02,max_drawdown,I,51,51,51,51,-0.4062443438914027,estimable
2020-10-02,max_drawdown,J,0,0,0,0,,insufficient_pairs
2021-01-02,pe,A,0,0,0,0,,insufficient_pairs
2021-01-02,pe,B,11,5,11,5,,insufficient_pairs
2021-01-02,pe,C,2,2,2,2,,insufficient_pairs
2021-01-02,pe,D,123,110,123,110,0.4253229042219868,estimable
2021-01-02,pe,E,36,32,36,32,0.23936950146627564,estimable
2021-01-02,pe,F,6,5,6,5,,insufficient_pairs
2021-01-02,pe,G,25,23,25,23,,insufficient_pairs
2021-01-02,pe,H,50,46,50,46,0.5373419673142152,estimable
2021-01-02,pe,I,50,45,50,45,0.441897233201581,estimable
2021-01-02,pe,J,0,0,0,0,,insufficient_pairs
2021-01-02,pb,A,0,0,0,0,,insufficient_pairs
2021-01-02,pb,B,11,11,11,11,,insufficient_pairs
2021-01-02,pb,C,2,2,2,2,,insufficient_pairs
2021-01-02,pb,D,123,116,123,116,0.305831699534848,estimable
2021-01-02,pb,E,36,36,36,36,0.16216216216216217,estimable
2021-01-02,pb,F,6,6,6,6,,insufficient_pairs
2021-01-02,pb,G,25,21,25,21,,insufficient_pairs
2021-01-02,pb,H,50,48,50,48,0.4927268779852366,estimable
2021-01-02,pb,I,50,47,50,47,0.09539777983348752,estimable
2021-01-02,pb,J,0,0,0,0,,insufficient_pairs
2021-01-02,ev_ebitda,A,0,0,0,0,,insufficient_pairs
2021-01-02,ev_ebitda,B,11,8,11,8,,insufficient_pairs
2021-01-02,ev_ebitda,C,2,1,2,1,,insufficient_pairs
2021-01-02,ev_ebitda,D,123,81,123,81,0.5689701897018971,estimable
2021-01-02,ev_ebitda,E,36,28,36,28,,insufficient_pairs
2021-01-02,ev_ebitda,F,6,2,6,2,,insufficient_pairs
2021-01-02,ev_ebitda,G,25,20,25,20,,insufficient_pairs
2021-01-02,ev_ebitda,H,50,18,50,18,,insufficient_pairs
2021-01-02,ev_ebitda,I,50,34,50,34,0.4771581359816654,estimable
2021-01-02,ev_ebitda,J,0,0,0,0,,insufficient_pairs
2021-01-02,roic,A,0,0,0,0,,insufficient_pairs
2021-01-02,roic,B,11,9,11,9,,insufficient_pairs
2021-01-02,roic,C,2,2,2,2,,insufficient_pairs
2021-01-02,roic,D,123,92,123,92,-0.0038685017647149484,estimable
2021-01-02,roic,E,36,24,36,24,,insufficient_pairs
2021-01-02,roic,F,6,4,6,4,,insufficient_pairs
2021-01-02,roic,G,25,21,25,21,,insufficient_pairs
2021-01-02,roic,H,50,40,50,40,0.003564727954971858,estimable
2021-01-02,roic,I,50,32,50,32,0.10850439882697946,estimable
2021-01-02,roic,J,0,0,0,0,,insufficient_pairs
2021-01-02,operating_margin,A,0,0,0,0,,insufficient_pairs
2021-01-02,operating_margin,B,11,9,11,9,,insufficient_pairs
2021-01-02,operating_margin,C,2,2,2,2,,insufficient_pairs
2021-01-02,operating_margin,D,123,107,123,107,-0.269264679950626,estimable
2021-01-02,operating_margin,E,36,36,36,36,0.025740025740025742,estimable
2021-01-02,operating_margin,F,6,5,6,5,,insufficient_pairs
2021-01-02,operating_margin,G,25,24,25,24,,insufficient_pairs
2021-01-02,operating_margin,H,50,26,50,26,,insufficient_pairs
2021-01-02,operating_margin,I,50,49,50,49,-0.19693877551020406,estimable
2021-01-02,operating_margin,J,0,0,0,0,,insufficient_pairs
2021-01-02,revenue_cagr_3y,A,0,0,0,0,,insufficient_pairs
2021-01-02,revenue_cagr_3y,B,11,11,11,11,,insufficient_pairs
2021-01-02,revenue_cagr_3y,C,2,2,2,2,,insufficient_pairs
2021-01-02,revenue_cagr_3y,D,123,118,123,118,-0.22217961500115038,estimable
2021-01-02,revenue_cagr_3y,E,36,30,36,30,0.32591768631813123,estimable
2021-01-02,revenue_cagr_3y,F,6,6,6,6,,insufficient_pairs
2021-01-02,revenue_cagr_3y,G,25,24,25,24,,insufficient_pairs
2021-01-02,revenue_cagr_3y,H,50,44,50,44,-0.3950669485553206,estimable
2021-01-02,revenue_cagr_3y,I,50,49,50,49,-0.15040816326530612,estimable
2021-01-02,revenue_cagr_3y,J,0,0,0,0,,insufficient_pairs
2021-01-02,fcf_cagr_3y,A,0,0,0,0,,insufficient_pairs
2021-01-02,fcf_cagr_3y,B,11,4,11,4,,insufficient_pairs
2021-01-02,fcf_cagr_3y,C,2,2,2,2,,insufficient_pairs
2021-01-02,fcf_cagr_3y,D,123,94,123,94,-0.10343532131633133,estimable
2021-01-02,fcf_cagr_3y,E,36,18,36,18,,insufficient_pairs
2021-01-02,fcf_cagr_3y,F,6,4,6,4,,insufficient_pairs
2021-01-02,fcf_cagr_3y,G,25,20,25,20,,insufficient_pairs
2021-01-02,fcf_cagr_3y,H,50,30,50,30,-0.2462736373748609,estimable
2021-01-02,fcf_cagr_3y,I,50,39,50,39,-0.2819838056680162,estimable
2021-01-02,fcf_cagr_3y,J,0,0,0,0,,insufficient_pairs
2021-01-02,momentum_12m,A,0,0,0,0,,insufficient_pairs
2021-01-02,momentum_12m,B,11,11,11,11,,insufficient_pairs
2021-01-02,momentum_12m,C,2,2,2,2,,insufficient_pairs
2021-01-02,momentum_12m,D,123,123,123,123,-0.12195121951219512,estimable
2021-01-02,momentum_12m,E,36,36,36,36,-0.3873873873873875,estimable
2021-01-02,momentum_12m,F,6,6,6,6,,insufficient_pairs
2021-01-02,momentum_12m,G,25,25,25,25,,insufficient_pairs
2021-01-02,momentum_12m,H,50,50,50,50,-0.5666746698679471,estimable
2021-01-02,momentum_12m,I,50,50,50,50,-0.44009603841536615,estimable
2021-01-02,momentum_12m,J,0,0,0,0,,insufficient_pairs
2021-01-02,rel_strength_6m,A,0,0,0,0,,insufficient_pairs
2021-01-02,rel_strength_6m,B,11,11,11,11,,insufficient_pairs
2021-01-02,rel_strength_6m,C,2,2,2,2,,insufficient_pairs
2021-01-02,rel_strength_6m,D,123,123,123,123,0.21633282171002569,estimable
2021-01-02,rel_strength_6m,E,36,36,36,36,0.37065637065637064,estimable
2021-01-02,rel_strength_6m,F,6,6,6,6,,insufficient_pairs
2021-01-02,rel_strength_6m,G,25,25,25,25,,insufficient_pairs
2021-01-02,rel_strength_6m,H,50,50,50,50,0.4577671068427371,estimable
2021-01-02,rel_strength_6m,I,50,50,50,50,0.3160144057623049,estimable
2021-01-02,rel_strength_6m,J,0,0,0,0,,insufficient_pairs
2021-01-02,price_vs_sma200,A,0,0,0,0,,insufficient_pairs
2021-01-02,price_vs_sma200,B,11,11,11,11,,insufficient_pairs
2021-01-02,price_vs_sma200,C,2,2,2,2,,insufficient_pairs
2021-01-02,price_vs_sma200,D,123,123,123,123,0.2863499761385768,estimable
2021-01-02,price_vs_sma200,E,36,36,36,36,0.4424710424710425,estimable
2021-01-02,price_vs_sma200,F,6,6,6,6,,insufficient_pairs
2021-01-02,price_vs_sma200,G,25,25,25,25,,insufficient_pairs
2021-01-02,price_vs_sma200,H,50,50,50,50,0.5267226890756302,estimable
2021-01-02,price_vs_sma200,I,50,50,50,50,0.2263145258103241,estimable
2021-01-02,price_vs_sma200,J,0,0,0,0,,insufficient_pairs
2021-01-02,debt_to_equity,A,0,0,0,0,,insufficient_pairs
2021-01-02,debt_to_equity,B,11,11,11,11,,insufficient_pairs
2021-01-02,debt_to_equity,C,2,2,2,2,,insufficient_pairs
2021-01-02,debt_to_equity,D,123,96,123,96,-0.06100108518719479,estimable
2021-01-02,debt_to_equity,E,36,28,36,28,,insufficient_pairs
2021-01-02,debt_to_equity,F,6,4,6,4,,insufficient_pairs
2021-01-02,debt_to_equity,G,25,17,25,17,,insufficient_pairs
2021-01-02,debt_to_equity,H,50,42,50,42,-0.21335386111336196,estimable
2021-01-02,debt_to_equity,I,50,32,50,32,-0.2987536656891495,estimable
2021-01-02,debt_to_equity,J,0,0,0,0,,insufficient_pairs
2021-01-02,volatility,A,0,0,0,0,,insufficient_pairs
2021-01-02,volatility,B,11,11,11,11,,insufficient_pairs
2021-01-02,volatility,C,2,2,2,2,,insufficient_pairs
2021-01-02,volatility,D,123,123,123,123,-0.2661774000077389,estimable
2021-01-02,volatility,E,36,36,36,36,-0.49111969111969117,estimable
2021-01-02,volatility,F,6,6,6,6,,insufficient_pairs
2021-01-02,volatility,G,25,25,25,25,,insufficient_pairs
2021-01-02,volatility,H,50,50,50,50,-0.6018247298919567,estimable
2021-01-02,volatility,I,50,50,50,50,-0.0974309723889556,estimable
2021-01-02,volatility,J,0,0,0,0,,insufficient_pairs
2021-01-02,max_drawdown,A,0,0,0,0,,insufficient_pairs
2021-01-02,max_drawdown,B,11,11,11,11,,insufficient_pairs
2021-01-02,max_drawdown,C,2,2,2,2,,insufficient_pairs
2021-01-02,max_drawdown,D,123,123,123,123,-0.32889424875211204,estimable
2021-01-02,max_drawdown,E,36,36,36,36,-0.5848133848133849,estimable
2021-01-02,max_drawdown,F,6,6,6,6,,insufficient_pairs
2021-01-02,max_drawdown,G,25,25,25,25,,insufficient_pairs
2021-01-02,max_drawdown,H,50,50,50,50,-0.7742136854741897,estimable
2021-01-02,max_drawdown,I,50,50,50,50,-0.5040576230492196,estimable
2021-01-02,max_drawdown,J,0,0,0,0,,insufficient_pairs
2021-04-02,pe,A,0,0,0,0,,insufficient_pairs
2021-04-02,pe,B,8,3,8,3,,insufficient_pairs
2021-04-02,pe,C,1,1,1,1,,insufficient_pairs
2021-04-02,pe,D,133,113,133,113,-0.0458696520061215,estimable
2021-04-02,pe,E,37,28,37,28,,insufficient_pairs
2021-04-02,pe,F,4,3,4,3,,insufficient_pairs
2021-04-02,pe,G,23,21,23,21,,insufficient_pairs
2021-04-02,pe,H,48,44,48,44,-0.25172656800563775,estimable
2021-04-02,pe,I,48,42,48,42,-0.028603840855684307,estimable
2021-04-02,pe,J,0,0,0,0,,insufficient_pairs
2021-04-02,pb,A,0,0,0,0,,insufficient_pairs
2021-04-02,pb,B,8,8,8,8,,insufficient_pairs
2021-04-02,pb,C,1,1,1,1,,insufficient_pairs
2021-04-02,pb,D,133,126,133,126,-0.10359805024371954,estimable
2021-04-02,pb,E,37,37,37,37,-0.22940130409010082,estimable
2021-04-02,pb,F,4,4,4,4,,insufficient_pairs
2021-04-02,pb,G,23,19,23,19,,insufficient_pairs
2021-04-02,pb,H,48,46,48,46,-0.3734196731421523,estimable
2021-04-02,pb,I,48,47,48,47,-0.2868871415356152,estimable
2021-04-02,pb,J,0,0,0,0,,insufficient_pairs
2021-04-02,ev_ebitda,A,0,0,0,0,,insufficient_pairs
2021-04-02,ev_ebitda,B,8,5,8,5,,insufficient_pairs
2021-04-02,ev_ebitda,C,1,1,1,1,,insufficient_pairs
2021-04-02,ev_ebitda,D,133,83,133,83,-0.08104193778598714,estimable
2021-04-02,ev_ebitda,E,37,25,37,25,,insufficient_pairs
2021-04-02,ev_ebitda,F,4,1,4,1,,insufficient_pairs
2021-04-02,ev_ebitda,G,23,17,23,17,,insufficient_pairs
2021-04-02,ev_ebitda,H,48,19,48,19,,insufficient_pairs
2021-04-02,ev_ebitda,I,48,33,48,33,0.07386363636363637,estimable
2021-04-02,ev_ebitda,J,0,0,0,0,,insufficient_pairs
2021-04-02,roic,A,0,0,0,0,,insufficient_pairs
2021-04-02,roic,B,8,6,8,6,,insufficient_pairs
2021-04-02,roic,C,1,1,1,1,,insufficient_pairs
2021-04-02,roic,D,133,101,133,101,0.12498543972044263,estimable
2021-04-02,roic,E,37,28,37,28,,insufficient_pairs
2021-04-02,roic,F,4,3,4,3,,insufficient_pairs
2021-04-02,roic,G,23,20,23,20,,insufficient_pairs
2021-04-02,roic,H,48,39,48,39,0.0014170040485829958,estimable
2021-04-02,roic,I,48,34,48,34,0.2611153552330023,estimable
2021-04-02,roic,J,0,0,0,0,,insufficient_pairs
2021-04-02,operating_margin,A,0,0,0,0,,insufficient_pairs
2021-04-02,operating_margin,B,8,7,8,7,,insufficient_pairs
2021-04-02,operating_margin,C,1,1,1,1,,insufficient_pairs
2021-04-02,operating_margin,D,133,115,133,115,0.11570267497830035,estimable
2021-04-02,operating_margin,E,37,37,37,37,0.04445761707172496,estimable
2021-04-02,operating_margin,F,4,4,4,4,,insufficient_pairs
2021-04-02,operating_margin,G,23,22,23,22,,insufficient_pairs
2021-04-02,operating_margin,H,48,27,48,27,,insufficient_pairs
2021-04-02,operating_margin,I,48,46,48,46,-0.0005550416281221092,estimable
2021-04-02,operating_margin,J,0,0,0,0,,insufficient_pairs
2021-04-02,revenue_cagr_3y,A,0,0,0,0,,insufficient_pairs
2021-04-02,revenue_cagr_3y,B,8,8,8,8,,insufficient_pairs
2021-04-02,revenue_cagr_3y,C,1,1,1,1,,insufficient_pairs
2021-04-02,revenue_cagr_3y,D,133,128,133,128,0.04382210217908807,estimable
2021-04-02,revenue_cagr_3y,E,37,29,37,29,,insufficient_pairs
2021-04-02,revenue_cagr_3y,F,4,4,4,4,,insufficient_pairs
2021-04-02,revenue_cagr_3y,G,23,23,23,23,,insufficient_pairs
2021-04-02,revenue_cagr_3y,H,48,45,48,45,0.003425559947299077,estimable
2021-04-02,revenue_cagr_3y,I,48,46,48,46,-0.01325932778291705,estimable
2021-04-02,revenue_cagr_3y,J,0,0,0,0,,insufficient_pairs
2021-04-02,fcf_cagr_3y,A,0,0,0,0,,insufficient_pairs
2021-04-02,fcf_cagr_3y,B,8,3,8,3,,insufficient_pairs
2021-04-02,fcf_cagr_3y,C,1,1,1,1,,insufficient_pairs
2021-04-02,fcf_cagr_3y,D,133,103,133,103,-0.019549268549839655,estimable
2021-04-02,fcf_cagr_3y,E,37,14,37,14,,insufficient_pairs
2021-04-02,fcf_cagr_3y,F,4,3,4,3,,insufficient_pairs
2021-04-02,fcf_cagr_3y,G,23,18,23,18,,insufficient_pairs
2021-04-02,fcf_cagr_3y,H,48,26,48,26,,insufficient_pairs
2021-04-02,fcf_cagr_3y,I,48,38,48,38,0.30408140934456723,estimable
2021-04-02,fcf_cagr_3y,J,0,0,0,0,,insufficient_pairs
2021-04-02,momentum_12m,A,0,0,0,0,,insufficient_pairs
2021-04-02,momentum_12m,B,8,8,8,8,,insufficient_pairs
2021-04-02,momentum_12m,C,1,1,1,1,,insufficient_pairs
2021-04-02,momentum_12m,D,133,133,133,133,-0.15679293212678916,estimable
2021-04-02,momentum_12m,E,37,37,37,37,-0.07291049199762893,estimable
2021-04-02,momentum_12m,F,4,4,4,4,,insufficient_pairs
2021-04-02,momentum_12m,G,23,23,23,23,,insufficient_pairs
2021-04-02,momentum_12m,H,48,48,48,48,-0.2838688666956144,estimable
2021-04-02,momentum_12m,I,48,48,48,48,0.00412505427702996,estimable
2021-04-02,momentum_12m,J,0,0,0,0,,insufficient_pairs
2021-04-02,rel_strength_6m,A,0,0,0,0,,insufficient_pairs
2021-04-02,rel_strength_6m,B,8,8,8,8,,insufficient_pairs
2021-04-02,rel_strength_6m,C,1,1,1,1,,insufficient_pairs
2021-04-02,rel_strength_6m,D,133,133,133,133,-0.19262198916558693,estimable
2021-04-02,rel_strength_6m,E,37,37,37,37,-0.19857735625370485,estimable
2021-04-02,rel_strength_6m,F,4,4,4,4,,insufficient_pairs
2021-04-02,rel_strength_6m,G,23,23,23,23,,insufficient_pairs
2021-04-02,rel_strength_6m,H,48,48,48,48,-0.27768128528006947,estimable
2021-04-02,rel_strength_6m,I,48,48,48,48,0.03745115067303517,estimable
2021-04-02,rel_strength_6m,J,0,0,0,0,,insufficient_pairs
2021-04-02,price_vs_sma200,A,0,0,0,0,,insufficient_pairs
2021-04-02,price_vs_sma200,B,8,8,8,8,,insufficient_pairs
2021-04-02,price_vs_sma200,C,1,1,1,1,,insufficient_pairs
2021-04-02,price_vs_sma200,D,133,133,133,133,-0.21158731292274102,estimable
2021-04-02,price_vs_sma200,E,37,37,37,37,-0.11369294605809127,estimable
2021-04-02,price_vs_sma200,F,4,4,4,4,,insufficient_pairs
2021-04-02,price_vs_sma200,G,23,23,23,23,,insufficient_pairs
2021-04-02,price_vs_sma200,H,48,48,48,48,-0.24196699956578377,estimable
2021-04-02,price_vs_sma200,I,48,48,48,48,-0.01606600086843248,estimable
2021-04-02,price_vs_sma200,J,0,0,0,0,,insufficient_pairs
2021-04-02,debt_to_equity,A,0,0,0,0,,insufficient_pairs
2021-04-02,debt_to_equity,B,8,8,8,8,,insufficient_pairs
2021-04-02,debt_to_equity,C,1,1,1,1,,insufficient_pairs
2021-04-02,debt_to_equity,D,133,106,133,106,0.06749628435398142,estimable
2021-04-02,debt_to_equity,E,37,31,37,31,-0.17644686428715467,estimable
2021-04-02,debt_to_equity,F,4,3,4,3,,insufficient_pairs
2021-04-02,debt_to_equity,G,23,16,23,16,,insufficient_pairs
2021-04-02,debt_to_equity,H,48,41,48,41,-0.5071428571428573,estimable
2021-04-02,debt_to_equity,I,48,35,48,35,-0.11988795518207283,estimable
2021-04-02,debt_to_equity,J,0,0,0,0,,insufficient_pairs
2021-04-02,volatility,A,0,0,0,0,,insufficient_pairs
2021-04-02,volatility,B,8,8,8,8,,insufficient_pairs
2021-04-02,volatility,C,1,1,1,1,,insufficient_pairs
2021-04-02,volatility,D,133,133,133,133,-0.013849073157792718,estimable
2021-04-02,volatility,E,37,37,37,37,0.18316538233550683,estimable
2021-04-02,volatility,F,4,4,4,4,,insufficient_pairs
2021-04-02,volatility,G,23,23,23,23,,insufficient_pairs
2021-04-02,volatility,H,48,48,48,48,0.29580981328701694,estimable
2021-04-02,volatility,I,48,48,48,48,0.19018671298306553,estimable
2021-04-02,volatility,J,0,0,0,0,,insufficient_pairs
2021-04-02,max_drawdown,A,0,0,0,0,,insufficient_pairs
2021-04-02,max_drawdown,B,8,8,8,8,,insufficient_pairs
2021-04-02,max_drawdown,C,1,1,1,1,,insufficient_pairs
2021-04-02,max_drawdown,D,133,133,133,133,0.09175584823660235,estimable
2021-04-02,max_drawdown,E,37,37,37,37,0.2170717249555424,estimable
2021-04-02,max_drawdown,F,4,4,4,4,,insufficient_pairs
2021-04-02,max_drawdown,G,23,23,23,23,,insufficient_pairs
2021-04-02,max_drawdown,H,48,48,48,48,0.25141120277898393,estimable
2021-04-02,max_drawdown,I,48,48,48,48,-0.0663265306122449,estimable
2021-04-02,max_drawdown,J,0,0,0,0,,insufficient_pairs
2021-07-02,pe,A,0,0,0,0,,insufficient_pairs
2021-07-02,pe,B,8,3,8,3,,insufficient_pairs
2021-07-02,pe,C,2,2,2,2,,insufficient_pairs
2021-07-02,pe,D,130,109,130,109,0.06792697618385692,estimable
2021-07-02,pe,E,37,28,37,28,,insufficient_pairs
2021-07-02,pe,F,4,3,4,3,,insufficient_pairs
2021-07-02,pe,G,21,20,21,20,,insufficient_pairs
2021-07-02,pe,H,50,45,50,45,0.0017127799736495386,estimable
2021-07-02,pe,I,48,42,48,42,0.011749453042703185,estimable
2021-07-02,pe,J,0,0,0,0,,insufficient_pairs
2021-07-02,pb,A,0,0,0,0,,insufficient_pairs
2021-07-02,pb,B,8,8,8,8,,insufficient_pairs
2021-07-02,pb,C,2,2,2,2,,insufficient_pairs
2021-07-02,pb,D,130,123,130,123,-0.026931163018663502,estimable
2021-07-02,pb,E,37,37,37,37,-0.07053941908713694,estimable
2021-07-02,pb,F,4,4,4,4,,insufficient_pairs
2021-07-02,pb,G,21,17,21,17,,insufficient_pairs
2021-07-02,pb,H,50,48,50,48,0.1534954407294833,estimable
2021-07-02,pb,I,48,46,48,46,-0.07752081406105457,estimable
2021-07-02,pb,J,0,0,0,0,,insufficient_pairs
2021-07-02,ev_ebitda,A,0,0,0,0,,insufficient_pairs
2021-07-02,ev_ebitda,B,8,5,8,5,,insufficient_pairs
2021-07-02,ev_ebitda,C,2,1,2,1,,insufficient_pairs
2021-07-02,ev_ebitda,D,130,79,130,79,-0.007619279454722494,estimable
2021-07-02,ev_ebitda,E,37,26,37,26,,insufficient_pairs
2021-07-02,ev_ebitda,F,4,2,4,2,,insufficient_pairs
2021-07-02,ev_ebitda,G,21,16,21,16,,insufficient_pairs
2021-07-02,ev_ebitda,H,50,18,50,18,,insufficient_pairs
2021-07-02,ev_ebitda,I,48,32,48,32,-0.2489002932551319,estimable
2021-07-02,ev_ebitda,J,0,0,0,0,,insufficient_pairs
2021-07-02,roic,A,0,0,0,0,,insufficient_pairs
2021-07-02,roic,B,8,6,8,6,,insufficient_pairs
2021-07-02,roic,C,2,1,2,1,,insufficient_pairs
2021-07-02,roic,D,130,100,130,100,0.10167416741674165,estimable
2021-07-02,roic,E,37,28,37,28,,insufficient_pairs
2021-07-02,roic,F,4,3,4,3,,insufficient_pairs
2021-07-02,roic,G,21,18,21,18,,insufficient_pairs
2021-07-02,roic,H,50,40,50,40,-0.1936210131332083,estimable
2021-07-02,roic,I,48,33,48,33,0.0768716577540107,estimable
2021-07-02,roic,J,0,0,0,0,,insufficient_pairs
2021-07-02,operating_margin,A,0,0,0,0,,insufficient_pairs
2021-07-02,operating_margin,B,8,7,8,7,,insufficient_pairs
2021-07-02,operating_margin,C,2,2,2,2,,insufficient_pairs
2021-07-02,operating_margin,D,130,112,130,112,0.07370075511668432,estimable
2021-07-02,operating_margin,E,37,37,37,37,0.03497332542975697,estimable
2021-07-02,operating_margin,F,4,4,4,4,,insufficient_pairs
2021-07-02,operating_margin,G,21,20,21,20,,insufficient_pairs
2021-07-02,operating_margin,H,50,28,50,28,,insufficient_pairs
2021-07-02,operating_margin,I,48,46,48,46,0.05038544557508479,estimable
2021-07-02,operating_margin,J,0,0,0,0,,insufficient_pairs
2021-07-02,revenue_cagr_3y,A,0,0,0,0,,insufficient_pairs
2021-07-02,revenue_cagr_3y,B,8,8,8,8,,insufficient_pairs
2021-07-02,revenue_cagr_3y,C,2,2,2,2,,insufficient_pairs
2021-07-02,revenue_cagr_3y,D,130,125,130,125,0.12406758832565282,estimable
2021-07-02,revenue_cagr_3y,E,37,30,37,30,-0.4214508233199823,estimable
2021-07-02,revenue_cagr_3y,F,4,4,4,4,,insufficient_pairs
2021-07-02,revenue_cagr_3y,G,21,21,21,21,,insufficient_pairs
2021-07-02,revenue_cagr_3y,H,50,47,50,47,-0.3400786308973173,estimable
2021-07-02,revenue_cagr_3y,I,48,46,48,46,0.1396854764107308,estimable
2021-07-02,revenue_cagr_3y,J,0,0,0,0,,insufficient_pairs
2021-07-02,fcf_cagr_3y,A,0,0,0,0,,insufficient_pairs
2021-07-02,fcf_cagr_3y,B,8,3,8,3,,insufficient_pairs
2021-07-02,fcf_cagr_3y,C,2,2,2,2,,insufficient_pairs
2021-07-02,fcf_cagr_3y,D,130,99,130,99,0.0978973407544836,estimable
2021-07-02,fcf_cagr_3y,E,37,14,37,14,,insufficient_pairs
2021-07-02,fcf_cagr_3y,F,4,2,4,2,,insufficient_pairs
2021-07-02,fcf_cagr_3y,G,21,17,21,17,,insufficient_pairs
2021-07-02,fcf_cagr_3y,H,50,27,50,27,,insufficient_pairs
2021-07-02,fcf_cagr_3y,I,48,39,48,39,0.29008097165991903,estimable
2021-07-02,fcf_cagr_3y,J,0,0,0,0,,insufficient_pairs
2021-07-02,momentum_12m,A,0,0,0,0,,insufficient_pairs
2021-07-02,momentum_12m,B,8,8,8,8,,insufficient_pairs
2021-07-02,momentum_12m,C,2,2,2,2,,insufficient_pairs
2021-07-02,momentum_12m,D,130,130,130,130,-0.0024061505687637407,estimable
2021-07-02,momentum_12m,E,37,37,37,37,-0.215411973918198,estimable
2021-07-02,momentum_12m,F,4,4,4,4,,insufficient_pairs
2021-07-02,momentum_12m,G,21,21,21,21,,insufficient_pairs
2021-07-02,momentum_12m,H,50,50,50,50,0.2645378151260504,estimable
2021-07-02,momentum_12m,I,48,48,48,48,0.2608554059921841,estimable
2021-07-02,momentum_12m,J,0,0,0,0,,insufficient_pairs
2021-07-02,rel_strength_6m,A,0,0,0,0,,insufficient_pairs
2021-07-02,rel_strength_6m,B,8,8,8,8,,insufficient_pairs
2021-07-02,rel_strength_6m,C,2,2,2,2,,insufficient_pairs
2021-07-02,rel_strength_6m,D,130,130,130,130,-0.019186387906430513,estimable
2021-07-02,rel_strength_6m,E,37,37,37,37,-0.008654416123295792,estimable
2021-07-02,rel_strength_6m,F,4,4,4,4,,insufficient_pairs
2021-07-02,rel_strength_6m,G,21,21,21,21,,insufficient_pairs
2021-07-02,rel_strength_6m,H,50,50,50,50,0.20854741896758705,estimable
2021-07-02,rel_strength_6m,I,48,48,48,48,0.1355840208423795,estimable
2021-07-02,rel_strength_6m,J,0,0,0,0,,insufficient_pairs
2021-07-02,price_vs_sma200,A,0,0,0,0,,insufficient_pairs
2021-07-02,price_vs_sma200,B,8,8,8,8,,insufficient_pairs
2021-07-02,price_vs_sma200,C,2,2,2,2,,insufficient_pairs
2021-07-02,price_vs_sma200,D,130,130,130,130,0.053041827691215224,estimable
2021-07-02,price_vs_sma200,E,37,37,37,37,-0.026437462951985773,estimable
2021-07-02,price_vs_sma200,F,4,4,4,4,,insufficient_pairs
2021-07-02,price_vs_sma200,G,21,21,21,21,,insufficient_pairs
2021-07-02,price_vs_sma200,H,50,50,50,50,0.08773109243697479,estimable
2021-07-02,price_vs_sma200,I,48,48,48,48,0.1876899696048632,estimable
2021-07-02,price_vs_sma200,J,0,0,0,0,,insufficient_pairs
2021-07-02,debt_to_equity,A,0,0,0,0,,insufficient_pairs
2021-07-02,debt_to_equity,B,8,8,8,8,,insufficient_pairs
2021-07-02,debt_to_equity,C,2,1,2,1,,insufficient_pairs
2021-07-02,debt_to_equity,D,130,105,130,105,0.07870619946091643,estimable
2021-07-02,debt_to_equity,E,37,31,37,31,-0.01391409558378705,estimable
2021-07-02,debt_to_equity,F,4,3,4,3,,insufficient_pairs
2021-07-02,debt_to_equity,G,21,14,21,14,,insufficient_pairs
2021-07-02,debt_to_equity,H,50,43,50,43,-0.08003624282694051,estimable
2021-07-02,debt_to_equity,I,48,33,48,33,0.16209893048128343,estimable
2021-07-02,debt_to_equity,J,0,0,0,0,,insufficient_pairs
2021-07-02,volatility,A,0,0,0,0,,insufficient_pairs
2021-07-02,volatility,B,8,8,8,8,,insufficient_pairs
2021-07-02,volatility,C,2,2,2,2,,insufficient_pairs
2021-07-02,volatility,D,130,130,130,130,0.16315667290281172,estimable
2021-07-02,volatility,E,37,37,37,37,0.19905157083580322,estimable
2021-07-02,volatility,F,4,4,4,4,,insufficient_pairs
2021-07-02,volatility,G,21,21,21,21,,insufficient_pairs
2021-07-02,volatility,H,50,50,50,50,-0.13584633853541417,estimable
2021-07-02,volatility,I,48,48,48,48,-0.03267477203647416,estimable
2021-07-02,volatility,J,0,0,0,0,,insufficient_pairs
2021-07-02,max_drawdown,A,0,0,0,0,,insufficient_pairs
2021-07-02,max_drawdown,B,8,8,8,8,,insufficient_pairs
2021-07-02,max_drawdown,C,2,2,2,2,,insufficient_pairs
2021-07-02,max_drawdown,D,130,130,130,130,0.25544251594313727,estimable
2021-07-02,max_drawdown,E,37,37,37,37,-0.054416123295791353,estimable
2021-07-02,max_drawdown,F,4,4,4,4,,insufficient_pairs
2021-07-02,max_drawdown,G,21,21,21,21,,insufficient_pairs
2021-07-02,max_drawdown,H,50,50,50,50,-0.2777911164465786,estimable
2021-07-02,max_drawdown,I,48,48,48,48,-0.1455709943551889,estimable
2021-07-02,max_drawdown,J,0,0,0,0,,insufficient_pairs
2021-10-02,pe,A,0,0,0,0,,insufficient_pairs
2021-10-02,pe,B,7,3,7,3,,insufficient_pairs
2021-10-02,pe,C,1,1,1,1,,insufficient_pairs
2021-10-02,pe,D,127,111,127,111,0.03772376272376272,estimable
2021-10-02,pe,E,35,27,35,27,,insufficient_pairs
2021-10-02,pe,F,5,4,5,4,,insufficient_pairs
2021-10-02,pe,G,22,22,22,22,,insufficient_pairs
2021-10-02,pe,H,49,44,49,44,-0.2188865398167724,estimable
2021-10-02,pe,I,48,42,48,42,-0.15744267077222268,estimable
2021-10-02,pe,J,0,0,0,0,,insufficient_pairs
2021-10-02,pb,A,0,0,0,0,,insufficient_pairs
2021-10-02,pb,B,7,7,7,7,,insufficient_pairs
2021-10-02,pb,C,1,1,1,1,,insufficient_pairs
2021-10-02,pb,D,127,120,127,120,-0.20736856726161537,estimable
2021-10-02,pb,E,35,35,35,35,-0.18139795489564364,estimable
2021-10-02,pb,F,5,5,5,5,,insufficient_pairs
2021-10-02,pb,G,22,18,22,18,,insufficient_pairs
2021-10-02,pb,H,49,47,49,47,-0.15494912118408882,estimable
2021-10-02,pb,I,48,46,48,46,-0.11156336725254394,estimable
2021-10-02,pb,J,0,0,0,0,,insufficient_pairs
2021-10-02,ev_ebitda,A,0,0,0,0,,insufficient_pairs
2021-10-02,ev_ebitda,B,7,4,7,4,,insufficient_pairs
2021-10-02,ev_ebitda,C,1,1,1,1,,insufficient_pairs
2021-10-02,ev_ebitda,D,127,78,127,78,0.07818763514966046,estimable
2021-10-02,ev_ebitda,E,35,25,35,25,,insufficient_pairs
2021-10-02,ev_ebitda,F,5,2,5,2,,insufficient_pairs
2021-10-02,ev_ebitda,G,22,17,22,17,,insufficient_pairs
2021-10-02,ev_ebitda,H,49,17,49,17,,insufficient_pairs
2021-10-02,ev_ebitda,I,48,33,48,33,-0.008355614973262033,estimable
2021-10-02,ev_ebitda,J,0,0,0,0,,insufficient_pairs
2021-10-02,roic,A,0,0,0,0,,insufficient_pairs
2021-10-02,roic,B,7,6,7,6,,insufficient_pairs
2021-10-02,roic,C,1,1,1,1,,insufficient_pairs
2021-10-02,roic,D,127,94,127,94,0.3408228876928079,estimable
2021-10-02,roic,E,35,26,35,26,,insufficient_pairs
2021-10-02,roic,F,5,3,5,3,,insufficient_pairs
2021-10-02,roic,G,22,19,22,19,,insufficient_pairs
2021-10-02,roic,H,49,40,49,40,0.03883677298311445,estimable
2021-10-02,roic,I,48,34,48,34,0.1651642475171887,estimable
2021-10-02,roic,J,0,0,0,0,,insufficient_pairs
2021-10-02,operating_margin,A,0,0,0,0,,insufficient_pairs
2021-10-02,operating_margin,B,7,6,7,6,,insufficient_pairs
2021-10-02,operating_margin,C,1,1,1,1,,insufficient_pairs
2021-10-02,operating_margin,D,127,110,127,110,0.2417465004620968,estimable
2021-10-02,operating_margin,E,35,35,35,35,0.18251856002241207,estimable
2021-10-02,operating_margin,F,5,5,5,5,,insufficient_pairs
2021-10-02,operating_margin,G,22,21,22,21,,insufficient_pairs
2021-10-02,operating_margin,H,49,27,49,27,,insufficient_pairs
2021-10-02,operating_margin,I,48,46,48,46,0.14437249460376195,estimable
2021-10-02,operating_margin,J,0,0,0,0,,insufficient_pairs
2021-10-02,revenue_cagr_3y,A,0,0,0,0,,insufficient_pairs
2021-10-02,revenue_cagr_3y,B,7,7,7,7,,insufficient_pairs
2021-10-02,revenue_cagr_3y,C,1,1,1,1,,insufficient_pairs
2021-10-02,revenue_cagr_3y,D,127,122,127,122,0.14563100379682836,estimable
2021-10-02,revenue_cagr_3y,E,35,28,35,28,,insufficient_pairs
2021-10-02,revenue_cagr_3y,F,5,5,5,5,,insufficient_pairs
2021-10-02,revenue_cagr_3y,G,22,22,22,22,,insufficient_pairs
2021-10-02,revenue_cagr_3y,H,49,47,49,47,0.07123034227567068,estimable
2021-10-02,revenue_cagr_3y,I,48,46,48,46,0.11292013567684242,estimable
2021-10-02,revenue_cagr_3y,J,0,0,0,0,,insufficient_pairs
2021-10-02,fcf_cagr_3y,A,0,0,0,0,,insufficient_pairs
2021-10-02,fcf_cagr_3y,B,7,3,7,3,,insufficient_pairs
2021-10-02,fcf_cagr_3y,C,1,1,1,1,,insufficient_pairs
2021-10-02,fcf_cagr_3y,D,127,95,127,95,-0.10419932810750279,estimable
2021-10-02,fcf_cagr_3y,E,35,14,35,14,,insufficient_pairs
2021-10-02,fcf_cagr_3y,F,5,3,5,3,,insufficient_pairs
2021-10-02,fcf_cagr_3y,G,22,18,22,18,,insufficient_pairs
2021-10-02,fcf_cagr_3y,H,49,26,49,26,,insufficient_pairs
2021-10-02,fcf_cagr_3y,I,48,39,48,39,0.08218623481781377,estimable
2021-10-02,fcf_cagr_3y,J,0,0,0,0,,insufficient_pairs
2021-10-02,momentum_12m,A,0,0,0,0,,insufficient_pairs
2021-10-02,momentum_12m,B,7,7,7,7,,insufficient_pairs
2021-10-02,momentum_12m,C,1,1,1,1,,insufficient_pairs
2021-10-02,momentum_12m,D,127,127,127,127,-0.015589848143982002,estimable
2021-10-02,momentum_12m,E,35,35,35,35,-0.4901246673203529,estimable
2021-10-02,momentum_12m,F,5,5,5,5,,insufficient_pairs
2021-10-02,momentum_12m,G,22,22,22,22,,insufficient_pairs
2021-10-02,momentum_12m,H,49,49,49,49,-0.21785714285714286,estimable
2021-10-02,momentum_12m,I,48,48,48,48,0.25097698653929656,estimable
2021-10-02,momentum_12m,J,0,0,0,0,,insufficient_pairs
2021-10-02,rel_strength_6m,A,0,0,0,0,,insufficient_pairs
2021-10-02,rel_strength_6m,B,7,7,7,7,,insufficient_pairs
2021-10-02,rel_strength_6m,C,1,1,1,1,,insufficient_pairs
2021-10-02,rel_strength_6m,D,127,127,127,127,-0.04365274653168354,estimable
2021-10-02,rel_strength_6m,E,35,35,35,35,-0.027314749964981087,estimable
2021-10-02,rel_strength_6m,F,5,5,5,5,,insufficient_pairs
2021-10-02,rel_strength_6m,G,22,22,22,22,,insufficient_pairs
2021-10-02,rel_strength_6m,H,49,49,49,49,0.203469387755102,estimable
2021-10-02,rel_strength_6m,I,48,48,48,48,0.32913590968302214,estimable
2021-10-02,rel_strength_6m,J,0,0,0,0,,insufficient_pairs
2021-10-02,price_vs_sma200,A,0,0,0,0,,insufficient_pairs
2021-10-02,price_vs_sma200,B,7,7,7,7,,insufficient_pairs
2021-10-02,price_vs_sma200,C,1,1,1,1,,insufficient_pairs
2021-10-02,price_vs_sma200,D,127,127,127,127,-0.05053079302587176,estimable
2021-10-02,price_vs_sma200,E,35,35,35,35,-0.30746603165709485,estimable
2021-10-02,price_vs_sma200,F,5,5,5,5,,insufficient_pairs
2021-10-02,price_vs_sma200,G,22,22,22,22,,insufficient_pairs
2021-10-02,price_vs_sma200,H,49,49,49,49,0.02877551020408163,estimable
2021-10-02,price_vs_sma200,I,48,48,48,48,0.28419452887537994,estimable
2021-10-02,price_vs_sma200,J,0,0,0,0,,insufficient_pairs
2021-10-02,debt_to_equity,A,0,0,0,0,,insufficient_pairs
2021-10-02,debt_to_equity,B,7,7,7,7,,insufficient_pairs
2021-10-02,debt_to_equity,C,1,1,1,1,,insufficient_pairs
2021-10-02,debt_to_equity,D,127,99,127,99,0.13841682127396412,estimable
2021-10-02,debt_to_equity,E,35,29,35,29,,insufficient_pairs
2021-10-02,debt_to_equity,F,5,3,5,3,,insufficient_pairs
2021-10-02,debt_to_equity,G,22,15,22,15,,insufficient_pairs
2021-10-02,debt_to_equity,H,49,43,49,43,-0.041679250981576564,estimable
2021-10-02,debt_to_equity,I,48,34,48,34,0.11779984721161191,estimable
2021-10-02,debt_to_equity,J,0,0,0,0,,insufficient_pairs
2021-10-02,volatility,A,0,0,0,0,,insufficient_pairs
2021-10-02,volatility,B,7,7,7,7,,insufficient_pairs
2021-10-02,volatility,C,1,1,1,1,,insufficient_pairs
2021-10-02,volatility,D,127,127,127,127,-0.01513287401574803,estimable
2021-10-02,volatility,E,35,35,35,35,0.4671522622215997,estimable
2021-10-02,volatility,F,5,5,5,5,,insufficient_pairs
2021-10-02,volatility,G,22,22,22,22,,insufficient_pairs
2021-10-02,volatility,H,49,49,49,49,0.20122448979591834,estimable
2021-10-02,volatility,I,48,48,48,48,0.4804602692140686,estimable
2021-10-02,volatility,J,0,0,0,0,,insufficient_pairs
2021-10-02,max_drawdown,A,0,0,0,0,,insufficient_pairs
2021-10-02,max_drawdown,B,7,7,7,7,,insufficient_pairs
2021-10-02,max_drawdown,C,1,1,1,1,,insufficient_pairs
2021-10-02,max_drawdown,D,127,127,127,127,0.16292885264341955,estimable
2021-10-02,max_drawdown,E,35,35,35,35,0.33912312648830367,estimable
2021-10-02,max_drawdown,F,5,5,5,5,,insufficient_pairs
2021-10-02,max_drawdown,G,22,22,22,22,,insufficient_pairs
2021-10-02,max_drawdown,H,49,49,49,49,0.17734693877551017,estimable
2021-10-02,max_drawdown,I,48,48,48,48,0.29798089448545373,estimable
2021-10-02,max_drawdown,J,0,0,0,0,,insufficient_pairs
2022-01-02,pe,A,0,0,0,0,,insufficient_pairs
2022-01-02,pe,B,7,3,7,3,,insufficient_pairs
2022-01-02,pe,C,2,2,2,2,,insufficient_pairs
2022-01-02,pe,D,127,111,127,111,0.14586697086697087,estimable
2022-01-02,pe,E,36,27,36,27,,insufficient_pairs
2022-01-02,pe,F,7,6,7,6,,insufficient_pairs
2022-01-02,pe,G,21,21,21,21,,insufficient_pairs
2022-01-02,pe,H,51,46,51,46,0.13598519888991673,estimable
2022-01-02,pe,I,45,40,45,40,0.2684803001876173,estimable
2022-01-02,pe,J,0,0,0,0,,insufficient_pairs
2022-01-02,pb,A,0,0,0,0,,insufficient_pairs
2022-01-02,pb,B,7,7,7,7,,insufficient_pairs
2022-01-02,pb,C,2,2,2,2,,insufficient_pairs
2022-01-02,pb,D,127,121,127,121,0.09025877252404821,estimable
2022-01-02,pb,E,36,36,36,36,0.35899086111468653,estimable
2022-01-02,pb,F,7,6,7,6,,insufficient_pairs
2022-01-02,pb,G,21,17,21,17,,insufficient_pairs
2022-01-02,pb,H,51,49,51,49,-0.05928571428571428,estimable
2022-01-02,pb,I,45,44,45,44,-0.015644820295983086,estimable
2022-01-02,pb,J,0,0,0,0,,insufficient_pairs
2022-01-02,ev_ebitda,A,0,0,0,0,,insufficient_pairs
2022-01-02,ev_ebitda,B,7,4,7,4,,insufficient_pairs
2022-01-02,ev_ebitda,C,2,1,2,1,,insufficient_pairs
2022-01-02,ev_ebitda,D,127,79,127,79,0.1497565725413827,estimable
2022-01-02,ev_ebitda,E,36,26,36,26,,insufficient_pairs
2022-01-02,ev_ebitda,F,7,4,7,4,,insufficient_pairs
2022-01-02,ev_ebitda,G,21,16,21,16,,insufficient_pairs
2022-01-02,ev_ebitda,H,51,17,51,17,,insufficient_pairs
2022-01-02,ev_ebitda,I,45,30,45,30,0.18798665183537264,estimable
2022-01-02,ev_ebitda,J,0,0,0,0,,insufficient_pairs
2022-01-02,roic,A,0,0,0,0,,insufficient_pairs
2022-01-02,roic,B,7,6,7,6,,insufficient_pairs
2022-01-02,roic,C,2,1,2,1,,insufficient_pairs
2022-01-02,roic,D,127,93,127,93,-0.08710572647787292,estimable
2022-01-02,roic,E,36,28,36,28,,insufficient_pairs
2022-01-02,roic,F,7,3,7,3,,insufficient_pairs
2022-01-02,roic,G,21,18,21,18,,insufficient_pairs
2022-01-02,roic,H,51,40,51,40,0.36772983114446534,estimable
2022-01-02,roic,I,45,32,45,32,0.12719941348973607,estimable
2022-01-02,roic,J,0,0,0,0,,insufficient_pairs
2022-01-02,operating_margin,A,0,0,0,0,,insufficient_pairs
2022-01-02,operating_margin,B,7,6,7,6,,insufficient_pairs
2022-01-02,operating_margin,C,2,2,2,2,,insufficient_pairs
2022-01-02,operating_margin,D,127,111,127,111,0.0464987714987715,estimable
2022-01-02,operating_margin,E,36,36,36,36,0.2385120350109409,estimable
2022-01-02,operating_margin,F,7,7,7,7,,insufficient_pairs
2022-01-02,operating_margin,G,21,20,21,20,,insufficient_pairs
2022-01-02,operating_margin,H,51,28,51,28,,insufficient_pairs
2022-01-02,operating_margin,I,45,43,45,43,0.1369676834793114,estimable
2022-01-02,operating_margin,J,0,0,0,0,,insufficient_pairs
2022-01-02,revenue_cagr_3y,A,0,0,0,0,,insufficient_pairs
2022-01-02,revenue_cagr_3y,B,7,7,7,7,,insufficient_pairs
2022-01-02,revenue_cagr_3y,C,2,2,2,2,,insufficient_pairs
2022-01-02,revenue_cagr_3y,D,127,122,127,122,0.11330013449165788,estimable
2022-01-02,revenue_cagr_3y,E,36,29,36,29,,insufficient_pairs
2022-01-02,revenue_cagr_3y,F,7,7,7,7,,insufficient_pairs
2022-01-02,revenue_cagr_3y,G,21,21,21,21,,insufficient_pairs
2022-01-02,revenue_cagr_3y,H,51,48,51,48,-0.20158488927485887,estimable
2022-01-02,revenue_cagr_3y,I,45,44,45,44,-0.36025369978858346,estimable
2022-01-02,revenue_cagr_3y,J,0,0,0,0,,insufficient_pairs
2022-01-02,fcf_cagr_3y,A,0,0,0,0,,insufficient_pairs
2022-01-02,fcf_cagr_3y,B,7,3,7,3,,insufficient_pairs
2022-01-02,fcf_cagr_3y,C,2,2,2,2,,insufficient_pairs
2022-01-02,fcf_cagr_3y,D,127,98,127,98,0.1146389202353856,estimable
2022-01-02,fcf_cagr_3y,E,36,13,36,13,,insufficient_pairs
2022-01-02,fcf_cagr_3y,F,7,4,7,4,,insufficient_pairs
2022-01-02,fcf_cagr_3y,G,21,17,21,17,,insufficient_pairs
2022-01-02,fcf_cagr_3y,H,51,29,51,29,,insufficient_pairs
2022-01-02,fcf_cagr_3y,I,45,36,45,36,-0.19356499356499354,estimable
2022-01-02,fcf_cagr_3y,J,0,0,0,0,,insufficient_pairs
2022-01-02,momentum_12m,A,0,0,0,0,,insufficient_pairs
2022-01-02,momentum_12m,B,7,7,7,7,,insufficient_pairs
2022-01-02,momentum_12m,C,2,2,2,2,,insufficient_pairs
2022-01-02,momentum_12m,D,127,127,127,127,-0.19525684289463816,estimable
2022-01-02,momentum_12m,E,36,36,36,36,0.06088299652464925,estimable
2022-01-02,momentum_12m,F,7,7,7,7,,insufficient_pairs
2022-01-02,momentum_12m,G,21,21,21,21,,insufficient_pairs
2022-01-02,momentum_12m,H,51,51,51,51,-0.08316742081447963,estimable
2022-01-02,momentum_12m,I,45,45,45,45,-0.04993412384716732,estimable
2022-01-02,momentum_12m,J,0,0,0,0,,insufficient_pairs
2022-01-02,rel_strength_6m,A,0,0,0,0,,insufficient_pairs
2022-01-02,rel_strength_6m,B,7,7,7,7,,insufficient_pairs
2022-01-02,rel_strength_6m,C,2,2,2,2,,insufficient_pairs
2022-01-02,rel_strength_6m,D,127,127,127,127,-0.09597042557180352,estimable
2022-01-02,rel_strength_6m,E,36,36,36,36,0.004505084309434933,estimable
2022-01-02,rel_strength_6m,F,7,7,7,7,,insufficient_pairs
2022-01-02,rel_strength_6m,G,21,21,21,21,,insufficient_pairs
2022-01-02,rel_strength_6m,H,51,51,51,51,0.06823529411764705,estimable
2022-01-02,rel_strength_6m,I,45,45,45,45,-0.09736495388669301,estimable
2022-01-02,rel_strength_6m,J,0,0,0,0,,insufficient_pairs
2022-01-02,price_vs_sma200,A,0,0,0,0,,insufficient_pairs
2022-01-02,price_vs_sma200,B,7,7,7,7,,insufficient_pairs
2022-01-02,price_vs_sma200,C,2,2,2,2,,insufficient_pairs
2022-01-02,price_vs_sma200,D,127,127,127,127,-0.1136283745781777,estimable
2022-01-02,price_vs_sma200,E,36,36,36,36,-0.13682584631226669,estimable
2022-01-02,price_vs_sma200,F,7,7,7,7,,insufficient_pairs
2022-01-02,price_vs_sma200,G,21,21,21,21,,insufficient_pairs
2022-01-02,price_vs_sma200,H,51,51,51,51,0.03294117647058823,estimable
2022-01-02,price_vs_sma200,I,45,45,45,45,-0.061001317523056646,estimable
2022-01-02,price_vs_sma200,J,0,0,0,0,,insufficient_pairs
2022-01-02,debt_to_equity,A,0,0,0,0,,insufficient_pairs
2022-01-02,debt_to_equity,B,7,7,7,7,,insufficient_pairs
2022-01-02,debt_to_equity,C,2,1,2,1,,insufficient_pairs
2022-01-02,debt_to_equity,D,127,99,127,99,-0.12150896722325293,estimable
2022-01-02,debt_to_equity,E,36,31,36,31,0.02440008066142367,estimable
2022-01-02,debt_to_equity,F,7,4,7,4,,insufficient_pairs
2022-01-02,debt_to_equity,G,21,14,21,14,,insufficient_pairs
2022-01-02,debt_to_equity,H,51,43,51,43,0.3122923588039867,estimable
2022-01-02,debt_to_equity,I,45,33,45,33,-0.02005347593582888,estimable
2022-01-02,debt_to_equity,J,0,0,0,0,,insufficient_pairs
2022-01-02,volatility,A,0,0,0,0,,insufficient_pairs
2022-01-02,volatility,B,7,7,7,7,,insufficient_pairs
2022-01-02,volatility,C,2,2,2,2,,insufficient_pairs
2022-01-02,volatility,D,127,127,127,127,0.25604611923509557,estimable
2022-01-02,volatility,E,36,36,36,36,0.09640880422190756,estimable
2022-01-02,volatility,F,7,7,7,7,,insufficient_pairs
2022-01-02,volatility,G,21,21,21,21,,insufficient_pairs
2022-01-02,volatility,H,51,51,51,51,0.31628959276018104,estimable
2022-01-02,volatility,I,45,45,45,45,0.11409749670619235,estimable
2022-01-02,volatility,J,0,0,0,0,,insufficient_pairs
2022-01-02,max_drawdown,A,0,0,0,0,,insufficient_pairs
2022-01-02,max_drawdown,B,7,7,7,7,,insufficient_pairs
2022-01-02,max_drawdown,C,2,2,2,2,,insufficient_pairs
2022-01-02,max_drawdown,D,127,127,127,127,0.11355221222347205,estimable
2022-01-02,max_drawdown,E,36,36,36,36,-0.010940919037199124,estimable
2022-01-02,max_drawdown,F,7,7,7,7,,insufficient_pairs
2022-01-02,max_drawdown,G,21,21,21,21,,insufficient_pairs
2022-01-02,max_drawdown,H,51,51,51,51,0.14497737556561086,estimable
2022-01-02,max_drawdown,I,45,45,45,45,-0.2582345191040843,estimable
2022-01-02,max_drawdown,J,0,0,0,0,,insufficient_pairs
2022-04-02,pe,A,0,0,0,0,,insufficient_pairs
2022-04-02,pe,B,11,10,11,10,,insufficient_pairs
2022-04-02,pe,C,3,3,3,3,,insufficient_pairs
2022-04-02,pe,D,135,127,135,127,0.1572752624671916,estimable
2022-04-02,pe,E,35,28,35,28,,insufficient_pairs
2022-04-02,pe,F,7,7,7,7,,insufficient_pairs
2022-04-02,pe,G,22,22,22,22,,insufficient_pairs
2022-04-02,pe,H,53,49,53,49,0.07806122448979591,estimable
2022-04-02,pe,I,50,48,50,48,-0.16576204950065132,estimable
2022-04-02,pe,J,0,0,0,0,,insufficient_pairs
2022-04-02,pb,A,0,0,0,0,,insufficient_pairs
2022-04-02,pb,B,11,10,11,10,,insufficient_pairs
2022-04-02,pb,C,3,3,3,3,,insufficient_pairs
2022-04-02,pb,D,135,127,135,127,0.05253444881889763,estimable
2022-04-02,pb,E,35,35,35,35,-0.12200588317691552,estimable
2022-04-02,pb,F,7,6,7,6,,insufficient_pairs
2022-04-02,pb,G,22,16,22,16,,insufficient_pairs
2022-04-02,pb,H,53,51,53,51,0.05194570135746606,estimable
2022-04-02,pb,I,50,47,50,47,-0.24456521739130435,estimable
2022-04-02,pb,J,0,0,0,0,,insufficient_pairs
2022-04-02,ev_ebitda,A,0,0,0,0,,insufficient_pairs
2022-04-02,ev_ebitda,B,11,7,11,7,,insufficient_pairs
2022-04-02,ev_ebitda,C,3,1,3,1,,insufficient_pairs
2022-04-02,ev_ebitda,D,135,86,135,86,0.26598424453983677,estimable
2022-04-02,ev_ebitda,E,35,29,35,29,,insufficient_pairs
2022-04-02,ev_ebitda,F,7,4,7,4,,insufficient_pairs
2022-04-02,ev_ebitda,G,22,17,22,17,,insufficient_pairs
2022-04-02,ev_ebitda,H,53,18,53,18,,insufficient_pairs
2022-04-02,ev_ebitda,I,50,35,50,35,-0.11876750700280113,estimable
2022-04-02,ev_ebitda,J,0,0,0,0,,insufficient_pairs
2022-04-02,roic,A,0,0,0,0,,insufficient_pairs
2022-04-02,roic,B,11,9,11,9,,insufficient_pairs
2022-04-02,roic,C,3,2,3,2,,insufficient_pairs
2022-04-02,roic,D,135,99,135,99,-0.03568336425479283,estimable
2022-04-02,roic,E,35,24,35,24,,insufficient_pairs
2022-04-02,roic,F,7,4,7,4,,insufficient_pairs
2022-04-02,roic,G,22,20,22,20,,insufficient_pairs
2022-04-02,roic,H,53,43,53,43,0.1774388402295379,estimable
2022-04-02,roic,I,50,33,50,33,0.285427807486631,estimable
2022-04-02,roic,J,0,0,0,0,,insufficient_pairs
2022-04-02,operating_margin,A,0,0,0,0,,insufficient_pairs
2022-04-02,operating_margin,B,11,9,11,9,,insufficient_pairs
2022-04-02,operating_margin,C,3,2,3,2,,insufficient_pairs
2022-04-02,operating_margin,D,135,118,135,118,-0.13970177379948068,estimable
2022-04-02,operating_margin,E,35,35,35,35,-0.050287155063734414,estimable
2022-04-02,operating_margin,F,7,6,7,6,,insufficient_pairs
2022-04-02,operating_margin,G,22,21,22,21,,insufficient_pairs
2022-04-02,operating_margin,H,53,27,53,27,,insufficient_pairs
2022-04-02,operating_margin,I,50,49,50,49,-0.013979591836734691,estimable
2022-04-02,operating_margin,J,0,0,0,0,,insufficient_pairs
2022-04-02,revenue_cagr_3y,A,0,0,0,0,,insufficient_pairs
2022-04-02,revenue_cagr_3y,B,11,11,11,11,,insufficient_pairs
2022-04-02,revenue_cagr_3y,C,3,3,3,3,,insufficient_pairs
2022-04-02,revenue_cagr_3y,D,135,132,135,132,-0.07676895222094096,estimable
2022-04-02,revenue_cagr_3y,E,35,35,35,35,0.5388709903347807,estimable
2022-04-02,revenue_cagr_3y,F,7,7,7,7,,insufficient_pairs
2022-04-02,revenue_cagr_3y,G,22,22,22,22,,insufficient_pairs
2022-04-02,revenue_cagr_3y,H,53,53,53,53,0.1287695532978552,estimable
2022-04-02,revenue_cagr_3y,I,50,49,50,49,0.06979591836734693,estimable
2022-04-02,revenue_cagr_3y,J,0,0,0,0,,insufficient_pairs
2022-04-02,fcf_cagr_3y,A,0,0,0,0,,insufficient_pairs
2022-04-02,fcf_cagr_3y,B,11,4,11,4,,insufficient_pairs
2022-04-02,fcf_cagr_3y,C,3,3,3,3,,insufficient_pairs
2022-04-02,fcf_cagr_3y,D,135,105,135,105,-0.08641924113622228,estimable
2022-04-02,fcf_cagr_3y,E,35,17,35,17,,insufficient_pairs
2022-04-02,fcf_cagr_3y,F,7,4,7,4,,insufficient_pairs
2022-04-02,fcf_cagr_3y,G,22,18,22,18,,insufficient_pairs
2022-04-02,fcf_cagr_3y,H,53,27,53,27,,insufficient_pairs
2022-04-02,fcf_cagr_3y,I,50,42,50,42,0.185317235232153,estimable
2022-04-02,fcf_cagr_3y,J,0,0,0,0,,insufficient_pairs
2022-04-02,momentum_12m,A,0,0,0,0,,insufficient_pairs
2022-04-02,momentum_12m,B,11,11,11,11,,insufficient_pairs
2022-04-02,momentum_12m,C,3,3,3,3,,insufficient_pairs
2022-04-02,momentum_12m,D,135,135,135,135,0.11759340552141256,estimable
2022-04-02,momentum_12m,E,35,35,35,35,0.3385628239249195,estimable
2022-04-02,momentum_12m,F,7,7,7,7,,insufficient_pairs
2022-04-02,momentum_12m,G,22,22,22,22,,insufficient_pairs
2022-04-02,momentum_12m,H,53,53,53,53,0.12530237058538946,estimable
2022-04-02,momentum_12m,I,50,50,50,50,-0.0008163265306122449,estimable
2022-04-02,momentum_12m,J,0,0,0,0,,insufficient_pairs
2022-04-02,rel_strength_6m,A,0,0,0,0,,insufficient_pairs
2022-04-02,rel_strength_6m,B,11,11,11,11,,insufficient_pairs
2022-04-02,rel_strength_6m,C,3,3,3,3,,insufficient_pairs
2022-04-02,rel_strength_6m,D,135,135,135,135,0.22839722953858163,estimable
2022-04-02,rel_strength_6m,E,35,35,35,35,0.23154503431853202,estimable
2022-04-02,rel_strength_6m,F,7,7,7,7,,insufficient_pairs
2022-04-02,rel_strength_6m,G,22,22,22,22,,insufficient_pairs
2022-04-02,rel_strength_6m,H,53,53,53,53,0.15400741815836155,estimable
2022-04-02,rel_strength_6m,I,50,50,50,50,0.09339735894357742,estimable
2022-04-02,rel_strength_6m,J,0,0,0,0,,insufficient_pairs
2022-04-02,price_vs_sma200,A,0,0,0,0,,insufficient_pairs
2022-04-02,price_vs_sma200,B,11,11,11,11,,insufficient_pairs
2022-04-02,price_vs_sma200,C,3,3,3,3,,insufficient_pairs
2022-04-02,price_vs_sma200,D,135,135,135,135,0.2311579358111404,estimable
2022-04-02,price_vs_sma200,E,35,35,35,35,0.1645888779941168,estimable
2022-04-02,price_vs_sma200,F,7,7,7,7,,insufficient_pairs
2022-04-02,price_vs_sma200,G,22,22,22,22,,insufficient_pairs
2022-04-02,price_vs_sma200,H,53,53,53,53,0.19279148524431544,estimable
2022-04-02,price_vs_sma200,I,50,50,50,50,0.07611044417767106,estimable
2022-04-02,price_vs_sma200,J,0,0,0,0,,insufficient_pairs
2022-04-02,debt_to_equity,A,0,0,0,0,,insufficient_pairs
2022-04-02,debt_to_equity,B,11,10,11,10,,insufficient_pairs
2022-04-02,debt_to_equity,C,3,2,3,2,,insufficient_pairs
2022-04-02,debt_to_equity,D,135,101,135,101,-0.327245195107746,estimable
2022-04-02,debt_to_equity,E,35,28,35,28,,insufficient_pairs
2022-04-02,debt_to_equity,F,7,4,7,4,,insufficient_pairs
2022-04-02,debt_to_equity,G,22,14,22,14,,insufficient_pairs
2022-04-02,debt_to_equity,H,53,45,53,45,0.29143610013175225,estimable
2022-04-02,debt_to_equity,I,50,33,50,33,-0.035093582887700536,estimable
2022-04-02,debt_to_equity,J,0,0,0,0,,insufficient_pairs
2022-04-02,volatility,A,0,0,0,0,,insufficient_pairs
2022-04-02,volatility,B,11,11,11,11,,insufficient_pairs
2022-04-02,volatility,C,3,3,3,3,,insufficient_pairs
2022-04-02,volatility,D,135,135,135,135,0.43230904302019324,estimable
2022-04-02,volatility,E,35,35,35,35,0.6189942568987253,estimable
2022-04-02,volatility,F,7,7,7,7,,insufficient_pairs
2022-04-02,volatility,G,22,22,22,22,,insufficient_pairs
2022-04-02,volatility,H,53,53,53,53,0.14610546686018383,estimable
2022-04-02,volatility,I,50,50,50,50,0.40216086434573833,estimable
2022-04-02,volatility,J,0,0,0,0,,insufficient_pairs
2022-04-02,max_drawdown,A,0,0,0,0,,insufficient_pairs
2022-04-02,max_drawdown,B,11,11,11,11,,insufficient_pairs
2022-04-02,max_drawdown,C,3,3,3,3,,insufficient_pairs
2022-04-02,max_drawdown,D,135,135,135,135,0.17242708028485026,estimable
2022-04-02,max_drawdown,E,35,35,35,35,0.5226222159966382,estimable
2022-04-02,max_drawdown,F,7,7,7,7,,insufficient_pairs
2022-04-02,max_drawdown,G,22,22,22,22,,insufficient_pairs
2022-04-02,max_drawdown,H,53,53,53,53,0.13360748266408642,estimable
2022-04-02,max_drawdown,I,50,50,50,50,0.34136854741896755,estimable
2022-04-02,max_drawdown,J,0,0,0,0,,insufficient_pairs
2022-07-02,pe,A,0,0,0,0,,insufficient_pairs
2022-07-02,pe,B,11,10,11,10,,insufficient_pairs
2022-07-02,pe,C,3,3,3,3,,insufficient_pairs
2022-07-02,pe,D,133,126,133,126,-0.18356805399325088,estimable
2022-07-02,pe,E,35,27,35,27,,insufficient_pairs
2022-07-02,pe,F,8,8,8,8,,insufficient_pairs
2022-07-02,pe,G,22,22,22,22,,insufficient_pairs
2022-07-02,pe,H,58,54,58,54,0.08320945302077377,estimable
2022-07-02,pe,I,47,45,47,45,-0.10606060606060606,estimable
2022-07-02,pe,J,0,0,0,0,,insufficient_pairs
2022-07-02,pb,A,0,0,0,0,,insufficient_pairs
2022-07-02,pb,B,11,10,11,10,,insufficient_pairs
2022-07-02,pb,C,3,3,3,3,,insufficient_pairs
2022-07-02,pb,D,133,125,133,125,-0.05647926267281105,estimable
2022-07-02,pb,E,35,35,35,35,-0.2016806722689076,estimable
2022-07-02,pb,F,8,7,8,7,,insufficient_pairs
2022-07-02,pb,G,22,16,22,16,,insufficient_pairs
2022-07-02,pb,H,58,56,58,56,-0.004921394395078606,estimable
2022-07-02,pb,I,47,44,47,44,-0.3062720225510923,estimable
2022-07-02,pb,J,0,0,0,0,,insufficient_pairs
2022-07-02,ev_ebitda,A,0,0,0,0,,insufficient_pairs
2022-07-02,ev_ebitda,B,11,7,11,7,,insufficient_pairs
2022-07-02,ev_ebitda,C,3,1,3,1,,insufficient_pairs
2022-07-02,ev_ebitda,D,133,86,133,86,-0.12701542525590828,estimable
2022-07-02,ev_ebitda,E,35,30,35,30,-0.10255839822024472,estimable
2022-07-02,ev_ebitda,F,8,5,8,5,,insufficient_pairs
2022-07-02,ev_ebitda,G,22,17,22,17,,insufficient_pairs
2022-07-02,ev_ebitda,H,58,19,58,19,,insufficient_pairs
2022-07-02,ev_ebitda,I,47,32,47,32,-0.27382697947214074,estimable
2022-07-02,ev_ebitda,J,0,0,0,0,,insufficient_pairs
2022-07-02,roic,A,0,0,0,0,,insufficient_pairs
2022-07-02,roic,B,11,9,11,9,,insufficient_pairs
2022-07-02,roic,C,3,2,3,2,,insufficient_pairs
2022-07-02,roic,D,133,101,133,101,-0.12379732090856144,estimable
2022-07-02,roic,E,35,24,35,24,,insufficient_pairs
2022-07-02,roic,F,8,5,8,5,,insufficient_pairs
2022-07-02,roic,G,22,20,22,20,,insufficient_pairs
2022-07-02,roic,H,58,48,58,48,0.20256187581415544,estimable
2022-07-02,roic,I,47,31,47,31,0.14153225806451614,estimable
2022-07-02,roic,J,0,0,0,0,,insufficient_pairs
2022-07-02,operating_margin,A,0,0,0,0,,insufficient_pairs
2022-07-02,operating_margin,B,11,9,11,9,,insufficient_pairs
2022-07-02,operating_margin,C,3,2,3,2,,insufficient_pairs
2022-07-02,operating_margin,D,133,115,133,115,0.08290065493569004,estimable
2022-07-02,operating_margin,E,35,35,35,35,-0.02380952380952381,estimable
2022-07-02,operating_margin,F,8,7,8,7,,insufficient_pairs
2022-07-02,operating_margin,G,22,21,22,21,,insufficient_pairs
2022-07-02,operating_margin,H,58,27,58,27,,insufficient_pairs
2022-07-02,operating_margin,I,47,46,47,46,-0.15066296638914584,estimable
2022-07-02,operating_margin,J,0,0,0,0,,insufficient_pairs
2022-07-02,revenue_cagr_3y,A,0,0,0,0,,insufficient_pairs
2022-07-02,revenue_cagr_3y,B,11,11,11,11,,insufficient_pairs
2022-07-02,revenue_cagr_3y,C,3,3,3,3,,insufficient_pairs
2022-07-02,revenue_cagr_3y,D,133,131,133,131,-0.044274809160305344,estimable
2022-07-02,revenue_cagr_3y,E,35,35,35,35,0.34201680672268914,estimable
2022-07-02,revenue_cagr_3y,F,8,8,8,8,,insufficient_pairs
2022-07-02,revenue_cagr_3y,G,22,22,22,22,,insufficient_pairs
2022-07-02,revenue_cagr_3y,H,58,58,58,58,-0.05343135747023902,estimable
2022-07-02,revenue_cagr_3y,I,47,46,47,46,-0.15004625346901015,estimable
2022-07-02,revenue_cagr_3y,J,0,0,0,0,,insufficient_pairs
2022-07-02,fcf_cagr_3y,A,0,0,0,0,,insufficient_pairs
2022-07-02,fcf_cagr_3y,B,11,4,11,4,,insufficient_pairs
2022-07-02,fcf_cagr_3y,C,3,3,3,3,,insufficient_pairs
2022-07-02,fcf_cagr_3y,D,133,103,133,103,0.015881035012959628,estimable
2022-07-02,fcf_cagr_3y,E,35,15,35,15,,insufficient_pairs
2022-07-02,fcf_cagr_3y,F,8,5,8,5,,insufficient_pairs
2022-07-02,fcf_cagr_3y,G,22,18,22,18,,insufficient_pairs
2022-07-02,fcf_cagr_3y,H,58,29,58,29,,insufficient_pairs
2022-07-02,fcf_cagr_3y,I,47,40,47,40,-0.010694183864915574,estimable
2022-07-02,fcf_cagr_3y,J,0,0,0,0,,insufficient_pairs
2022-07-02,momentum_12m,A,0,0,0,0,,insufficient_pairs
2022-07-02,momentum_12m,B,11,11,11,11,,insufficient_pairs
2022-07-02,momentum_12m,C,3,3,3,3,,insufficient_pairs
2022-07-02,momentum_12m,D,133,133,133,133,0.2797869844217056,estimable
2022-07-02,momentum_12m,E,35,35,35,35,0.4406162464985995,estimable
2022-07-02,momentum_12m,F,8,8,8,8,,insufficient_pairs
2022-07-02,momentum_12m,G,22,22,22,22,,insufficient_pairs
2022-07-02,momentum_12m,H,58,58,58,58,0.31834261281491283,estimable
2022-07-02,momentum_12m,I,47,47,47,47,0.1733348751156337,estimable
2022-07-02,momentum_12m,J,0,0,0,0,,insufficient_pairs
2022-07-02,rel_strength_6m,A,0,0,0,0,,insufficient_pairs
2022-07-02,rel_strength_6m,B,11,11,11,11,,insufficient_pairs
2022-07-02,rel_strength_6m,C,3,3,3,3,,insufficient_pairs
2022-07-02,rel_strength_6m,D,133,133,133,133,0.23191969067852808,estimable
2022-07-02,rel_strength_6m,E,35,35,35,35,0.3708683473389356,estimable
2022-07-02,rel_strength_6m,F,8,8,8,8,,insufficient_pairs
2022-07-02,rel_strength_6m,G,22,22,22,22,,insufficient_pairs
2022-07-02,rel_strength_6m,H,58,58,58,58,0.33280014765141963,estimable
2022-07-02,rel_strength_6m,I,47,47,47,47,-0.026480111008325622,estimable
2022-07-02,rel_strength_6m,J,0,0,0,0,,insufficient_pairs
2022-07-02,price_vs_sma200,A,0,0,0,0,,insufficient_pairs
2022-07-02,price_vs_sma200,B,11,11,11,11,,insufficient_pairs
2022-07-02,price_vs_sma200,C,3,3,3,3,,insufficient_pairs
2022-07-02,price_vs_sma200,D,133,133,133,133,0.2017883922832862,estimable
2022-07-02,price_vs_sma200,E,35,35,35,35,0.2873949579831933,estimable
2022-07-02,price_vs_sma200,F,8,8,8,8,,insufficient_pairs
2022-07-02,price_vs_sma200,G,22,22,22,22,,insufficient_pairs
2022-07-02,price_vs_sma200,H,58,58,58,58,0.27903042234458153,estimable
2022-07-02,price_vs_sma200,I,47,47,47,47,0.012950971322849215,estimable
2022-07-02,price_vs_sma200,J,0,0,0,0,,insufficient_pairs
2022-07-02,debt_to_equity,A,0,0,0,0,,insufficient_pairs
2022-07-02,debt_to_equity,B,11,10,11,10,,insufficient_pairs
2022-07-02,debt_to_equity,C,3,2,3,2,,insufficient_pairs
2022-07-02,debt_to_equity,D,133,102,133,102,0.01062476321875477,estimable
2022-07-02,debt_to_equity,E,35,29,35,29,,insufficient_pairs
2022-07-02,debt_to_equity,F,8,5,8,5,,insufficient_pairs
2022-07-02,debt_to_equity,G,22,14,22,14,,insufficient_pairs
2022-07-02,debt_to_equity,H,58,50,58,50,0.18252100840336133,estimable
2022-07-02,debt_to_equity,I,47,31,47,31,-0.16370967741935485,estimable
2022-07-02,debt_to_equity,J,0,0,0,0,,insufficient_pairs
2022-07-02,volatility,A,0,0,0,0,,insufficient_pairs
2022-07-02,volatility,B,11,11,11,11,,insufficient_pairs
2022-07-02,volatility,C,3,3,3,3,,insufficient_pairs
2022-07-02,volatility,D,133,133,133,133,0.006993399373603615,estimable
2022-07-02,volatility,E,35,35,35,35,0.03865546218487395,estimable
2022-07-02,volatility,F,8,8,8,8,,insufficient_pairs
2022-07-02,volatility,G,22,22,22,22,,insufficient_pairs
2022-07-02,volatility,H,58,58,58,58,0.056138300163031785,estimable
2022-07-02,volatility,I,47,47,47,47,-0.2469935245143386,estimable
2022-07-02,volatility,J,0,0,0,0,,insufficient_pairs
2022-07-02,max_drawdown,A,0,0,0,0,,insufficient_pairs
2022-07-02,max_drawdown,B,11,11,11,11,,insufficient_pairs
2022-07-02,max_drawdown,C,3,3,3,3,,insufficient_pairs
2022-07-02,max_drawdown,D,133,133,133,133,0.02628008283939156,estimable
2022-07-02,max_drawdown,E,35,35,35,35,0.054061624649859946,estimable
2022-07-02,max_drawdown,F,8,8,8,8,,insufficient_pairs
2022-07-02,max_drawdown,G,22,22,22,22,,insufficient_pairs
2022-07-02,max_drawdown,H,58,58,58,58,0.13802331662001294,estimable
2022-07-02,max_drawdown,I,47,47,47,47,-0.14477335800185015,estimable
2022-07-02,max_drawdown,J,0,0,0,0,,insufficient_pairs
2022-10-02,pe,A,0,0,0,0,,insufficient_pairs
2022-10-02,pe,B,11,10,11,10,,insufficient_pairs
2022-10-02,pe,C,2,2,2,2,,insufficient_pairs
2022-10-02,pe,D,132,125,132,125,0.0030844854070660515,estimable
2022-10-02,pe,E,32,25,32,25,,insufficient_pairs
2022-10-02,pe,F,7,7,7,7,,insufficient_pairs
2022-10-02,pe,G,23,23,23,23,,insufficient_pairs
2022-10-02,pe,H,54,51,54,51,0.3910407239819005,estimable
2022-10-02,pe,I,45,43,45,43,0.5759589247961341,estimable
2022-10-02,pe,J,0,0,0,0,,insufficient_pairs
2022-10-02,pb,A,0,0,0,0,,insufficient_pairs
2022-10-02,pb,B,11,10,11,10,,insufficient_pairs
2022-10-02,pb,C,2,2,2,2,,insufficient_pairs
2022-10-02,pb,D,132,124,132,124,0.12630055074744295,estimable
2022-10-02,pb,E,32,32,32,32,0.345307917888563,estimable
2022-10-02,pb,F,7,6,7,6,,insufficient_pairs
2022-10-02,pb,G,23,17,23,17,,insufficient_pairs
2022-10-02,pb,H,54,52,54,52,0.32152309399812173,estimable
2022-10-02,pb,I,45,42,45,42,0.20444048294303543,estimable
2022-10-02,pb,J,0,0,0,0,,insufficient_pairs
2022-10-02,ev_ebitda,A,0,0,0,0,,insufficient_pairs
2022-10-02,ev_ebitda,B,11,7,11,7,,insufficient_pairs
2022-10-02,ev_ebitda,C,2,0,2,0,,insufficient_pairs
2022-10-02,ev_ebitda,D,132,85,132,85,0.13072112565956617,estimable
2022-10-02,ev_ebitda,E,32,27,32,27,,insufficient_pairs
2022-10-02,ev_ebitda,F,7,5,7,5,,insufficient_pairs
2022-10-02,ev_ebitda,G,23,17,23,17,,insufficient_pairs
2022-10-02,ev_ebitda,H,54,18,54,18,,insufficient_pairs
2022-10-02,ev_ebitda,I,45,31,45,31,0.6411290322580645,estimable
2022-10-02,ev_ebitda,J,0,0,0,0,,insufficient_pairs
2022-10-02,roic,A,0,0,0,0,,insufficient_pairs
2022-10-02,roic,B,11,9,11,9,,insufficient_pairs
2022-10-02,roic,C,2,1,2,1,,insufficient_pairs
2022-10-02,roic,D,132,99,132,99,-0.05884972170686456,estimable
2022-10-02,roic,E,32,22,32,22,,insufficient_pairs
2022-10-02,roic,F,7,5,7,5,,insufficient_pairs
2022-10-02,roic,G,23,20,23,20,,insufficient_pairs
2022-10-02,roic,H,54,45,54,45,0.1980237154150197,estimable
2022-10-02,roic,I,45,29,45,29,,insufficient_pairs
2022-10-02,roic,J,0,0,0,0,,insufficient_pairs
2022-10-02,operating_margin,A,0,0,0,0,,insufficient_pairs
2022-10-02,operating_margin,B,11,9,11,9,,insufficient_pairs
2022-10-02,operating_margin,C,2,1,2,1,,insufficient_pairs
2022-10-02,operating_margin,D,132,116,132,116,-0.12033983008495754,estimable
2022-10-02,operating_margin,E,32,32,32,32,0.033357771260997066,estimable
2022-10-02,operating_margin,F,7,6,7,6,,insufficient_pairs
2022-10-02,operating_margin,G,23,22,23,22,,insufficient_pairs
2022-10-02,operating_margin,H,54,26,54,26,,insufficient_pairs
2022-10-02,operating_margin,I,45,44,45,44,0.338830162085976,estimable
2022-10-02,operating_margin,J,0,0,0,0,,insufficient_pairs
2022-10-02,revenue_cagr_3y,A,0,0,0,0,,insufficient_pairs
2022-10-02,revenue_cagr_3y,B,11,11,11,11,,insufficient_pairs
2022-10-02,revenue_cagr_3y,C,2,2,2,2,,insufficient_pairs
2022-10-02,revenue_cagr_3y,D,132,131,132,131,-0.17587679496076442,estimable
2022-10-02,revenue_cagr_3y,E,32,32,32,32,-0.26759530791788855,estimable
2022-10-02,revenue_cagr_3y,F,7,7,7,7,,insufficient_pairs
2022-10-02,revenue_cagr_3y,G,23,23,23,23,,insufficient_pairs
2022-10-02,revenue_cagr_3y,H,54,54,54,54,-0.02572898799313893,estimable
2022-10-02,revenue_cagr_3y,I,45,44,45,44,-0.05073995771670191,estimable
2022-10-02,revenue_cagr_3y,J,0,0,0,0,,insufficient_pairs
2022-10-02,fcf_cagr_3y,A,0,0,0,0,,insufficient_pairs
2022-10-02,fcf_cagr_3y,B,11,4,11,4,,insufficient_pairs
2022-10-02,fcf_cagr_3y,C,2,2,2,2,,insufficient_pairs
2022-10-02,fcf_cagr_3y,D,132,103,132,103,-0.03223432763695471,estimable
2022-10-02,fcf_cagr_3y,E,32,14,32,14,,insufficient_pairs
2022-10-02,fcf_cagr_3y,F,7,4,7,4,,insufficient_pairs
2022-10-02,fcf_cagr_3y,G,23,19,23,19,,insufficient_pairs
2022-10-02,fcf_cagr_3y,H,54,27,54,27,,insufficient_pairs
2022-10-02,fcf_cagr_3y,I,45,37,45,37,0.014698909435751539,estimable
2022-10-02,fcf_cagr_3y,J,0,0,0,0,,insufficient_pairs
2022-10-02,momentum_12m,A,0,0,0,0,,insufficient_pairs
2022-10-02,momentum_12m,B,11,11,11,11,,insufficient_pairs
2022-10-02,momentum_12m,C,2,2,2,2,,insufficient_pairs
2022-10-02,momentum_12m,D,132,132,132,132,0.04316655622400901,estimable
2022-10-02,momentum_12m,E,32,32,32,32,-0.5355571847507331,estimable
2022-10-02,momentum_12m,F,7,7,7,7,,insufficient_pairs
2022-10-02,momentum_12m,G,23,23,23,23,,insufficient_pairs
2022-10-02,momentum_12m,H,54,54,54,54,-0.12132647226986848,estimable
2022-10-02,momentum_12m,I,45,45,45,45,-0.02542819499341238,estimable
2022-10-02,momentum_12m,J,0,0,0,0,,insufficient_pairs
2022-10-02,rel_strength_6m,A,0,0,0,0,,insufficient_pairs
2022-10-02,rel_strength_6m,B,11,11,11,11,,insufficient_pairs
2022-10-02,rel_strength_6m,C,2,2,2,2,,insufficient_pairs
2022-10-02,rel_strength_6m,D,132,132,132,132,0.039952413998215516,estimable
2022-10-02,rel_strength_6m,E,32,32,32,32,-0.6055718475073314,estimable
2022-10-02,rel_strength_6m,F,7,7,7,7,,insufficient_pairs
2022-10-02,rel_strength_6m,G,23,23,23,23,,insufficient_pairs
2022-10-02,rel_strength_6m,H,54,54,54,54,-0.014522584333905087,estimable
2022-10-02,rel_strength_6m,I,45,45,45,45,-0.10065876152832673,estimable
2022-10-02,rel_strength_6m,J,0,0,0,0,,insufficient_pairs
2022-10-02,price_vs_sma200,A,0,0,0,0,,insufficient_pairs
2022-10-02,price_vs_sma200,B,11,11,11,11,,insufficient_pairs
2022-10-02,price_vs_sma200,C,2,2,2,2,,insufficient_pairs
2022-10-02,price_vs_sma200,D,132,132,132,132,0.0550734921968349,estimable
2022-10-02,price_vs_sma200,E,32,32,32,32,-0.6499266862170088,estimable
2022-10-02,price_vs_sma200,F,7,7,7,7,,insufficient_pairs
2022-10-02,price_vs_sma200,G,23,23,23,23,,insufficient_pairs
2022-10-02,price_vs_sma200,H,54,54,54,54,-0.10661330283971793,estimable
2022-10-02,price_vs_sma200,I,45,45,45,45,-0.09262187088274045,estimable
2022-10-02,price_vs_sma200,J,0,0,0,0,,insufficient_pairs
2022-10-02,debt_to_equity,A,0,0,0,0,,insufficient_pairs
2022-10-02,debt_to_equity,B,11,10,11,10,,insufficient_pairs
2022-10-02,debt_to_equity,C,2,1,2,1,,insufficient_pairs
2022-10-02,debt_to_equity,D,132,100,132,100,-0.07128712871287128,estimable
2022-10-02,debt_to_equity,E,32,26,32,26,,insufficient_pairs
2022-10-02,debt_to_equity,F,7,5,7,5,,insufficient_pairs
2022-10-02,debt_to_equity,G,23,14,23,14,,insufficient_pairs
2022-10-02,debt_to_equity,H,54,46,54,46,0.12007400555041627,estimable
2022-10-02,debt_to_equity,I,45,29,45,29,,insufficient_pairs
2022-10-02,debt_to_equity,J,0,0,0,0,,insufficient_pairs
2022-10-02,volatility,A,0,0,0,0,,insufficient_pairs
2022-10-02,volatility,B,11,11,11,11,,insufficient_pairs
2022-10-02,volatility,C,2,2,2,2,,insufficient_pairs
2022-10-02,volatility,D,132,132,132,132,0.26340312961445944,estimable
2022-10-02,volatility,E,32,32,32,32,-0.31304985337243396,estimable
2022-10-02,volatility,F,7,7,7,7,,insufficient_pairs
2022-10-02,volatility,G,23,23,23,23,,insufficient_pairs
2022-10-02,volatility,H,54,54,54,54,-0.3039069944730322,estimable
2022-10-02,volatility,I,45,45,45,45,-0.02661396574440052,estimable
2022-10-02,volatility,J,0,0,0,0,,insufficient_pairs
2022-10-02,max_drawdown,A,0,0,0,0,,insufficient_pairs
2022-10-02,max_drawdown,B,11,11,11,11,,insufficient_pairs
2022-10-02,max_drawdown,C,2,2,2,2,,insufficient_pairs
2022-10-02,max_drawdown,D,132,132,132,132,0.11313154503190662,estimable
2022-10-02,max_drawdown,E,32,32,32,32,-0.3944281524926686,estimable
2022-10-02,max_drawdown,F,7,7,7,7,,insufficient_pairs
2022-10-02,max_drawdown,G,23,23,23,23,,insufficient_pairs
2022-10-02,max_drawdown,H,54,54,54,54,-0.3933295216314084,estimable
2022-10-02,max_drawdown,I,45,45,45,45,-0.07325428194993412,estimable
2022-10-02,max_drawdown,J,0,0,0,0,,insufficient_pairs
2023-01-02,pe,A,0,0,0,0,,insufficient_pairs
2023-01-02,pe,B,12,10,12,10,,insufficient_pairs
2023-01-02,pe,C,1,1,1,1,,insufficient_pairs
2023-01-02,pe,D,134,125,134,125,-0.015367127496159752,estimable
2023-01-02,pe,E,33,25,33,25,,insufficient_pairs
2023-01-02,pe,F,7,7,7,7,,insufficient_pairs
2023-01-02,pe,G,24,24,24,24,,insufficient_pairs
2023-01-02,pe,H,55,51,55,51,-0.3135746606334841,estimable
2023-01-02,pe,I,43,41,43,41,-0.07839721254355403,estimable
2023-01-02,pe,J,0,0,0,0,,insufficient_pairs
2023-01-02,pb,A,0,0,0,0,,insufficient_pairs
2023-01-02,pb,B,12,11,12,11,,insufficient_pairs
2023-01-02,pb,C,1,1,1,1,,insufficient_pairs
2023-01-02,pb,D,134,126,134,126,-0.005816272965879266,estimable
2023-01-02,pb,E,33,33,33,33,0.1360294117647059,estimable
2023-01-02,pb,F,7,5,7,5,,insufficient_pairs
2023-01-02,pb,G,24,18,24,18,,insufficient_pairs
2023-01-02,pb,H,55,53,55,53,-0.4906466698919529,estimable
2023-01-02,pb,I,43,40,43,40,0.042401500938086305,estimable
2023-01-02,pb,J,0,0,0,0,,insufficient_pairs
2023-01-02,ev_ebitda,A,0,0,0,0,,insufficient_pairs
2023-01-02,ev_ebitda,B,12,8,12,8,,insufficient_pairs
2023-01-02,ev_ebitda,C,1,0,1,0,,insufficient_pairs
2023-01-02,ev_ebitda,D,134,82,134,82,0.025674513773250186,estimable
2023-01-02,ev_ebitda,E,33,28,33,28,,insufficient_pairs
2023-01-02,ev_ebitda,F,7,5,7,5,,insufficient_pairs
2023-01-02,ev_ebitda,G,24,18,24,18,,insufficient_pairs
2023-01-02,ev_ebitda,H,55,17,55,17,,insufficient_pairs
2023-01-02,ev_ebitda,I,43,31,43,31,-0.14233870967741935,estimable
2023-01-02,ev_ebitda,J,0,0,0,0,,insufficient_pairs
2023-01-02,roic,A,0,0,0,0,,insufficient_pairs
2023-01-02,roic,B,12,10,12,10,,insufficient_pairs
2023-01-02,roic,C,1,1,1,1,,insufficient_pairs
2023-01-02,roic,D,134,97,134,97,0.15817641489585524,estimable
2023-01-02,roic,E,33,22,33,22,,insufficient_pairs
2023-01-02,roic,F,7,5,7,5,,insufficient_pairs
2023-01-02,roic,G,24,21,24,21,,insufficient_pairs
2023-01-02,roic,H,55,46,55,46,-0.03669441874807278,estimable
2023-01-02,roic,I,43,29,43,29,,insufficient_pairs
2023-01-02,roic,J,0,0,0,0,,insufficient_pairs
2023-01-02,operating_margin,A,0,0,0,0,,insufficient_pairs
2023-01-02,operating_margin,B,12,10,12,10,,insufficient_pairs
2023-01-02,operating_margin,C,1,0,1,0,,insufficient_pairs
2023-01-02,operating_margin,D,134,117,134,117,0.18873353414557387,estimable
2023-01-02,operating_margin,E,33,33,33,33,-0.5574866310160429,estimable
2023-01-02,operating_margin,F,7,6,7,6,,insufficient_pairs
2023-01-02,operating_margin,G,24,23,24,23,,insufficient_pairs
2023-01-02,operating_margin,H,55,25,55,25,,insufficient_pairs
2023-01-02,operating_margin,I,43,42,43,42,0.12454420225265377,estimable
2023-01-02,operating_margin,J,0,0,0,0,,insufficient_pairs
2023-01-02,revenue_cagr_3y,A,0,0,0,0,,insufficient_pairs
2023-01-02,revenue_cagr_3y,B,12,12,12,12,,insufficient_pairs
2023-01-02,revenue_cagr_3y,C,1,1,1,1,,insufficient_pairs
2023-01-02,revenue_cagr_3y,D,134,133,134,133,0.16491874190224542,estimable
2023-01-02,revenue_cagr_3y,E,33,33,33,33,0.1681149732620321,estimable
2023-01-02,revenue_cagr_3y,F,7,7,7,7,,insufficient_pairs
2023-01-02,revenue_cagr_3y,G,24,24,24,24,,insufficient_pairs
2023-01-02,revenue_cagr_3y,H,55,55,55,55,-0.07099567099567101,estimable
2023-01-02,revenue_cagr_3y,I,43,42,43,42,0.0845150311968236,estimable
2023-01-02,revenue_cagr_3y,J,0,0,0,0,,insufficient_pairs
2023-01-02,fcf_cagr_3y,A,0,0,0,0,,insufficient_pairs
2023-01-02,fcf_cagr_3y,B,12,4,12,4,,insufficient_pairs
2023-01-02,fcf_cagr_3y,C,1,1,1,1,,insufficient_pairs
2023-01-02,fcf_cagr_3y,D,134,105,134,105,-0.022289031722993985,estimable
2023-01-02,fcf_cagr_3y,E,33,14,33,14,,insufficient_pairs
2023-01-02,fcf_cagr_3y,F,7,4,7,4,,insufficient_pairs
2023-01-02,fcf_cagr_3y,G,24,20,24,20,,insufficient_pairs
2023-01-02,fcf_cagr_3y,H,55,30,55,30,0.21201334816462733,estimable
2023-01-02,fcf_cagr_3y,I,43,35,43,35,0.10672268907563026,estimable
2023-01-02,fcf_cagr_3y,J,0,0,0,0,,insufficient_pairs
2023-01-02,momentum_12m,A,0,0,0,0,,insufficient_pairs
2023-01-02,momentum_12m,B,12,12,12,12,,insufficient_pairs
2023-01-02,momentum_12m,C,1,1,1,1,,insufficient_pairs
2023-01-02,momentum_12m,D,134,134,134,134,-0.31094402673350047,estimable
2023-01-02,momentum_12m,E,33,33,33,33,-0.45922459893048134,estimable
2023-01-02,momentum_12m,F,7,7,7,7,,insufficient_pairs
2023-01-02,momentum_12m,G,24,24,24,24,,insufficient_pairs
2023-01-02,momentum_12m,H,55,55,55,55,-0.2003607503607504,estimable
2023-01-02,momentum_12m,I,43,43,43,43,-0.2384475989127152,estimable
2023-01-02,momentum_12m,J,0,0,0,0,,insufficient_pairs
2023-01-02,rel_strength_6m,A,0,0,0,0,,insufficient_pairs
2023-01-02,rel_strength_6m,B,12,12,12,12,,insufficient_pairs
2023-01-02,rel_strength_6m,C,1,1,1,1,,insufficient_pairs
2023-01-02,rel_strength_6m,D,134,134,134,134,-0.022820733425603815,estimable
2023-01-02,rel_strength_6m,E,33,33,33,33,-0.14171122994652408,estimable
2023-01-02,rel_strength_6m,F,7,7,7,7,,insufficient_pairs
2023-01-02,rel_strength_6m,G,24,24,24,24,,insufficient_pairs
2023-01-02,rel_strength_6m,H,55,55,55,55,-0.3076479076479077,estimable
2023-01-02,rel_strength_6m,I,43,43,43,43,0.1253397765025672,estimable
2023-01-02,rel_strength_6m,J,0,0,0,0,,insufficient_pairs
2023-01-02,price_vs_sma200,A,0,0,0,0,,insufficient_pairs
2023-01-02,price_vs_sma200,B,12,12,12,12,,insufficient_pairs
2023-01-02,price_vs_sma200,C,1,1,1,1,,insufficient_pairs
2023-01-02,price_vs_sma200,D,134,134,134,134,-0.20925198568560707,estimable
2023-01-02,price_vs_sma200,E,33,33,33,33,-0.365975935828877,estimable
2023-01-02,price_vs_sma200,F,7,7,7,7,,insufficient_pairs
2023-01-02,price_vs_sma200,G,24,24,24,24,,insufficient_pairs
2023-01-02,price_vs_sma200,H,55,55,55,55,-0.25310245310245316,estimable
2023-01-02,price_vs_sma200,I,43,43,43,43,0.00694654183026276,estimable
2023-01-02,price_vs_sma200,J,0,0,0,0,,insufficient_pairs
2023-01-02,debt_to_equity,A,0,0,0,0,,insufficient_pairs
2023-01-02,debt_to_equity,B,12,11,12,11,,insufficient_pairs
2023-01-02,debt_to_equity,C,1,1,1,1,,insufficient_pairs
2023-01-02,debt_to_equity,D,134,100,134,100,0.18559855985598558,estimable
2023-01-02,debt_to_equity,E,33,27,33,27,,insufficient_pairs
2023-01-02,debt_to_equity,F,7,4,7,4,,insufficient_pairs
2023-01-02,debt_to_equity,G,24,15,24,15,,insufficient_pairs
2023-01-02,debt_to_equity,H,55,48,55,48,-0.3881893182805037,estimable
2023-01-02,debt_to_equity,I,43,29,43,29,,insufficient_pairs
2023-01-02,debt_to_equity,J,0,0,0,0,,insufficient_pairs
2023-01-02,volatility,A,0,0,0,0,,insufficient_pairs
2023-01-02,volatility,B,12,12,12,12,,insufficient_pairs
2023-01-02,volatility,C,1,1,1,1,,insufficient_pairs
2023-01-02,volatility,D,134,134,134,134,-0.43484582102021235,estimable
2023-01-02,volatility,E,33,33,33,33,-0.41477272727272735,estimable
2023-01-02,volatility,F,7,7,7,7,,insufficient_pairs
2023-01-02,volatility,G,24,24,24,24,,insufficient_pairs
2023-01-02,volatility,H,55,55,55,55,0.3331168831168832,estimable
2023-01-02,volatility,I,43,43,43,43,-0.2736333434007852,estimable
2023-01-02,volatility,J,0,0,0,0,,insufficient_pairs
2023-01-02,max_drawdown,A,0,0,0,0,,insufficient_pairs
2023-01-02,max_drawdown,B,12,12,12,12,,insufficient_pairs
2023-01-02,max_drawdown,C,1,1,1,1,,insufficient_pairs
2023-01-02,max_drawdown,D,134,134,134,134,-0.21504258157832395,estimable
2023-01-02,max_drawdown,E,33,33,33,33,-0.21056149732620322,estimable
2023-01-02,max_drawdown,F,7,7,7,7,,insufficient_pairs
2023-01-02,max_drawdown,G,24,24,24,24,,insufficient_pairs
2023-01-02,max_drawdown,H,55,55,55,55,0.3098124098124099,estimable
2023-01-02,max_drawdown,I,43,43,43,43,-0.07157958320749018,estimable
2023-01-02,max_drawdown,J,0,0,0,0,,insufficient_pairs
2023-04-02,pe,A,0,0,0,0,,insufficient_pairs
2023-04-02,pe,B,11,10,11,10,,insufficient_pairs
2023-04-02,pe,C,2,2,2,2,,insufficient_pairs
2023-04-02,pe,D,131,119,131,119,-0.21819541375872384,estimable
2023-04-02,pe,E,36,29,36,29,,insufficient_pairs
2023-04-02,pe,F,7,7,7,7,,insufficient_pairs
2023-04-02,pe,G,21,21,21,21,,insufficient_pairs
2023-04-02,pe,H,51,45,51,45,-0.16416337285902502,estimable
2023-04-02,pe,I,48,44,48,44,0.10274841437632136,estimable
2023-04-02,pe,J,0,0,0,0,,insufficient_pairs
2023-04-02,pb,A,0,0,0,0,,insufficient_pairs
2023-04-02,pb,B,11,11,11,11,,insufficient_pairs
2023-04-02,pb,C,2,2,2,2,,insufficient_pairs
2023-04-02,pb,D,131,125,131,125,-0.10189247311827955,estimable
2023-04-02,pb,E,36,36,36,36,-0.16705276705276706,estimable
2023-04-02,pb,F,7,5,7,5,,insufficient_pairs
2023-04-02,pb,G,21,15,21,15,,insufficient_pairs
2023-04-02,pb,H,51,49,51,49,-0.20020408163265305,estimable
2023-04-02,pb,I,48,44,48,44,-0.05764622973925299,estimable
2023-04-02,pb,J,0,0,0,0,,insufficient_pairs
2023-04-02,ev_ebitda,A,0,0,0,0,,insufficient_pairs
2023-04-02,ev_ebitda,B,11,8,11,8,,insufficient_pairs
2023-04-02,ev_ebitda,C,2,0,2,0,,insufficient_pairs
2023-04-02,ev_ebitda,D,131,76,131,76,-0.11857826384142174,estimable
2023-04-02,ev_ebitda,E,36,29,36,29,,insufficient_pairs
2023-04-02,ev_ebitda,F,7,5,7,5,,insufficient_pairs
2023-04-02,ev_ebitda,G,21,15,21,15,,insufficient_pairs
2023-04-02,ev_ebitda,H,51,17,51,17,,insufficient_pairs
2023-04-02,ev_ebitda,I,48,31,48,31,-0.010483870967741936,estimable
2023-04-02,ev_ebitda,J,0,0,0,0,,insufficient_pairs
2023-04-02,roic,A,0,0,0,0,,insufficient_pairs
2023-04-02,roic,B,11,10,11,10,,insufficient_pairs
2023-04-02,roic,C,2,1,2,1,,insufficient_pairs
2023-04-02,roic,D,131,96,131,96,-0.013795442213781877,estimable
2023-04-02,roic,E,36,25,36,25,,insufficient_pairs
2023-04-02,roic,F,7,5,7,5,,insufficient_pairs
2023-04-02,roic,G,21,18,21,18,,insufficient_pairs
2023-04-02,roic,H,51,42,51,42,0.05404748399643466,estimable
2023-04-02,roic,I,48,32,48,32,0.0406891495601173,estimable
2023-04-02,roic,J,0,0,0,0,,insufficient_pairs
2023-04-02,operating_margin,A,0,0,0,0,,insufficient_pairs
2023-04-02,operating_margin,B,11,10,11,10,,insufficient_pairs
2023-04-02,operating_margin,C,2,1,2,1,,insufficient_pairs
2023-04-02,operating_margin,D,131,112,131,112,-0.04687873714422387,estimable
2023-04-02,operating_margin,E,36,36,36,36,-0.23474903474903477,estimable
2023-04-02,operating_margin,F,7,6,7,6,,insufficient_pairs
2023-04-02,operating_margin,G,21,20,21,20,,insufficient_pairs
2023-04-02,operating_margin,H,51,26,51,26,,insufficient_pairs
2023-04-02,operating_margin,I,48,47,48,47,0.22166975023126734,estimable
2023-04-02,operating_margin,J,0,0,0,0,,insufficient_pairs
2023-04-02,revenue_cagr_3y,A,0,0,0,0,,insufficient_pairs
2023-04-02,revenue_cagr_3y,B,11,11,11,11,,insufficient_pairs
2023-04-02,revenue_cagr_3y,C,2,2,2,2,,insufficient_pairs
2023-04-02,revenue_cagr_3y,D,131,131,131,131,0.0016708482357337322,estimable
2023-04-02,revenue_cagr_3y,E,36,34,36,34,-0.39251336898395717,estimable
2023-04-02,revenue_cagr_3y,F,7,7,7,7,,insufficient_pairs
2023-04-02,revenue_cagr_3y,G,21,21,21,21,,insufficient_pairs
2023-04-02,revenue_cagr_3y,H,51,51,51,51,-0.1410859728506787,estimable
2023-04-02,revenue_cagr_3y,I,48,48,48,48,0.19811115935735996,estimable
2023-04-02,revenue_cagr_3y,J,0,0,0,0,,insufficient_pairs
2023-04-02,fcf_cagr_3y,A,0,0,0,0,,insufficient_pairs
2023-04-02,fcf_cagr_3y,B,11,5,11,5,,insufficient_pairs
2023-04-02,fcf_cagr_3y,C,2,2,2,2,,insufficient_pairs
2023-04-02,fcf_cagr_3y,D,131,100,131,100,0.03007500750075007,estimable
2023-04-02,fcf_cagr_3y,E,36,14,36,14,,insufficient_pairs
2023-04-02,fcf_cagr_3y,F,7,4,7,4,,insufficient_pairs
2023-04-02,fcf_cagr_3y,G,21,18,21,18,,insufficient_pairs
2023-04-02,fcf_cagr_3y,H,51,26,51,26,,insufficient_pairs
2023-04-02,fcf_cagr_3y,I,48,41,48,41,0.04773519163763067,estimable
2023-04-02,fcf_cagr_3y,J,0,0,0,0,,insufficient_pairs
2023-04-02,momentum_12m,A,0,0,0,0,,insufficient_pairs
2023-04-02,momentum_12m,B,11,11,11,11,,insufficient_pairs
2023-04-02,momentum_12m,C,2,2,2,2,,insufficient_pairs
2023-04-02,momentum_12m,D,131,131,131,131,-0.0736454385309347,estimable
2023-04-02,momentum_12m,E,36,36,36,36,-0.15984555984555987,estimable
2023-04-02,momentum_12m,F,7,7,7,7,,insufficient_pairs
2023-04-02,momentum_12m,G,21,21,21,21,,insufficient_pairs
2023-04-02,momentum_12m,H,51,51,51,51,-0.0776470588235294,estimable
2023-04-02,momentum_12m,I,48,48,48,48,-0.1717325227963526,estimable
2023-04-02,momentum_12m,J,0,0,0,0,,insufficient_pairs
2023-04-02,rel_strength_6m,A,0,0,0,0,,insufficient_pairs
2023-04-02,rel_strength_6m,B,11,11,11,11,,insufficient_pairs
2023-04-02,rel_strength_6m,C,2,2,2,2,,insufficient_pairs
2023-04-02,rel_strength_6m,D,131,131,131,131,0.02793466075908824,estimable
2023-04-02,rel_strength_6m,E,36,36,36,36,0.0453024453024453,estimable
2023-04-02,rel_strength_6m,F,7,7,7,7,,insufficient_pairs
2023-04-02,rel_strength_6m,G,21,21,21,21,,insufficient_pairs
2023-04-02,rel_strength_6m,H,51,51,51,51,0.10054298642533936,estimable
2023-04-02,rel_strength_6m,I,48,48,48,48,-0.007056013894919669,estimable
2023-04-02,rel_strength_6m,J,0,0,0,0,,insufficient_pairs
2023-04-02,price_vs_sma200,A,0,0,0,0,,insufficient_pairs
2023-04-02,price_vs_sma200,B,11,11,11,11,,insufficient_pairs
2023-04-02,price_vs_sma200,C,2,2,2,2,,insufficient_pairs
2023-04-02,price_vs_sma200,D,131,131,131,131,0.03478887524689051,estimable
2023-04-02,price_vs_sma200,E,36,36,36,36,-0.07696267696267697,estimable
2023-04-02,price_vs_sma200,F,7,7,7,7,,insufficient_pairs
2023-04-02,price_vs_sma200,G,21,21,21,21,,insufficient_pairs
2023-04-02,price_vs_sma200,H,51,51,51,51,0.10289592760180995,estimable
2023-04-02,price_vs_sma200,I,48,48,48,48,-0.0219279201042119,estimable
2023-04-02,price_vs_sma200,J,0,0,0,0,,insufficient_pairs
2023-04-02,debt_to_equity,A,0,0,0,0,,insufficient_pairs
2023-04-02,debt_to_equity,B,11,11,11,11,,insufficient_pairs
2023-04-02,debt_to_equity,C,2,1,2,1,,insufficient_pairs
2023-04-02,debt_to_equity,D,131,99,131,99,0.056573902288188004,estimable
2023-04-02,debt_to_equity,E,36,29,36,29,,insufficient_pairs
2023-04-02,debt_to_equity,F,7,4,7,4,,insufficient_pairs
2023-04-02,debt_to_equity,G,21,12,21,12,,insufficient_pairs
2023-04-02,debt_to_equity,H,51,45,51,45,-0.30342555994729903,estimable
2023-04-02,debt_to_equity,I,48,31,48,31,-0.0435483870967742,estimable
2023-04-02,debt_to_equity,J,0,0,0,0,,insufficient_pairs
2023-04-02,volatility,A,0,0,0,0,,insufficient_pairs
2023-04-02,volatility,B,11,11,11,11,,insufficient_pairs
2023-04-02,volatility,C,2,2,2,2,,insufficient_pairs
2023-04-02,volatility,D,131,131,131,131,-0.14580152671755725,estimable
2023-04-02,volatility,E,36,36,36,36,-0.425997425997426,estimable
2023-04-02,volatility,F,7,7,7,7,,insufficient_pairs
2023-04-02,volatility,G,21,21,21,21,,insufficient_pairs
2023-04-02,volatility,H,51,51,51,51,0.12162895927601808,estimable
2023-04-02,volatility,I,48,48,48,48,-0.11224489795918367,estimable
2023-04-02,volatility,J,0,0,0,0,,insufficient_pairs
2023-04-02,max_drawdown,A,0,0,0,0,,insufficient_pairs
2023-04-02,max_drawdown,B,11,11,11,11,,insufficient_pairs
2023-04-02,max_drawdown,C,2,2,2,2,,insufficient_pairs
2023-04-02,max_drawdown,D,131,131,131,131,-0.0932205199380772,estimable
2023-04-02,max_drawdown,E,36,36,36,36,-0.30862290862290864,estimable
2023-04-02,max_drawdown,F,7,7,7,7,,insufficient_pairs
2023-04-02,max_drawdown,G,21,21,21,21,,insufficient_pairs
2023-04-02,max_drawdown,H,51,51,51,51,0.13285067873303166,estimable
2023-04-02,max_drawdown,I,48,48,48,48,0.041033434650455926,estimable
2023-04-02,max_drawdown,J,0,0,0,0,,insufficient_pairs
2023-07-02,pe,A,0,0,0,0,,insufficient_pairs
2023-07-02,pe,B,11,10,11,10,,insufficient_pairs
2023-07-02,pe,C,2,2,2,2,,insufficient_pairs
2023-07-02,pe,D,132,120,132,120,0.1821515383012709,estimable
2023-07-02,pe,E,35,27,35,27,,insufficient_pairs
2023-07-02,pe,F,7,7,7,7,,insufficient_pairs
2023-07-02,pe,G,20,20,20,20,,insufficient_pairs
2023-07-02,pe,H,53,47,53,47,0.2675763182238668,estimable
2023-07-02,pe,I,47,43,47,43,-0.14013893083660525,estimable
2023-07-02,pe,J,0,0,0,0,,insufficient_pairs
2023-07-02,pb,A,0,0,0,0,,insufficient_pairs
2023-07-02,pb,B,11,11,11,11,,insufficient_pairs
2023-07-02,pb,C,2,2,2,2,,insufficient_pairs
2023-07-02,pb,D,132,126,132,126,0.10884139482564682,estimable
2023-07-02,pb,E,35,35,35,35,-0.027731092436974792,estimable
2023-07-02,pb,F,7,5,7,5,,insufficient_pairs
2023-07-02,pb,G,20,14,20,14,,insufficient_pairs
2023-07-02,pb,H,53,51,53,51,-0.009773755656108597,estimable
2023-07-02,pb,I,47,44,47,44,-0.2661028893587033,estimable
2023-07-02,pb,J,0,0,0,0,,insufficient_pairs
2023-07-02,ev_ebitda,A,0,0,0,0,,insufficient_pairs
2023-07-02,ev_ebitda,B,11,8,11,8,,insufficient_pairs
2023-07-02,ev_ebitda,C,2,0,2,0,,insufficient_pairs
2023-07-02,ev_ebitda,D,132,76,132,76,0.043335611756664394,estimable
2023-07-02,ev_ebitda,E,35,28,35,28,,insufficient_pairs
2023-07-02,ev_ebitda,F,7,5,7,5,,insufficient_pairs
2023-07-02,ev_ebitda,G,20,14,20,14,,insufficient_pairs
2023-07-02,ev_ebitda,H,53,18,53,18,,insufficient_pairs
2023-07-02,ev_ebitda,I,47,29,47,29,,insufficient_pairs
2023-07-02,ev_ebitda,J,0,0,0,0,,insufficient_pairs
2023-07-02,roic,A,0,0,0,0,,insufficient_pairs
2023-07-02,roic,B,11,10,11,10,,insufficient_pairs
2023-07-02,roic,C,2,1,2,1,,insufficient_pairs
2023-07-02,roic,D,132,96,132,96,0.15355398806294085,estimable
2023-07-02,roic,E,35,23,35,23,,insufficient_pairs
2023-07-02,roic,F,7,5,7,5,,insufficient_pairs
2023-07-02,roic,G,20,17,20,17,,insufficient_pairs
2023-07-02,roic,H,53,42,53,42,0.30556680982092216,estimable
2023-07-02,roic,I,47,30,47,30,0.2703003337041157,estimable
2023-07-02,roic,J,0,0,0,0,,insufficient_pairs
2023-07-02,operating_margin,A,0,0,0,0,,insufficient_pairs
2023-07-02,operating_margin,B,11,10,11,10,,insufficient_pairs
2023-07-02,operating_margin,C,2,1,2,1,,insufficient_pairs
2023-07-02,operating_margin,D,132,113,132,113,0.1094633708164216,estimable
2023-07-02,operating_margin,E,35,35,35,35,0.10056022408963586,estimable
2023-07-02,operating_margin,F,7,6,7,6,,insufficient_pairs
2023-07-02,operating_margin,G,20,19,20,19,,insufficient_pairs
2023-07-02,operating_margin,H,53,27,53,27,,insufficient_pairs
2023-07-02,operating_margin,I,47,46,47,46,0.2857230958988591,estimable
2023-07-02,operating_margin,J,0,0,0,0,,insufficient_pairs
2023-07-02,revenue_cagr_3y,A,0,0,0,0,,insufficient_pairs
2023-07-02,revenue_cagr_3y,B,11,11,11,11,,insufficient_pairs
2023-07-02,revenue_cagr_3y,C,2,2,2,2,,insufficient_pairs
2023-07-02,revenue_cagr_3y,D,132,132,132,132,0.05666491001967095,estimable
2023-07-02,revenue_cagr_3y,E,35,33,35,33,0.357620320855615,estimable
2023-07-02,revenue_cagr_3y,F,7,7,7,7,,insufficient_pairs
2023-07-02,revenue_cagr_3y,G,20,20,20,20,,insufficient_pairs
2023-07-02,revenue_cagr_3y,H,53,53,53,53,0.2116594097726173,estimable
2023-07-02,revenue_cagr_3y,I,47,47,47,47,0.0645235892691952,estimable
2023-07-02,revenue_cagr_3y,J,0,0,0,0,,insufficient_pairs
2023-07-02,fcf_cagr_3y,A,0,0,0,0,,insufficient_pairs
2023-07-02,fcf_cagr_3y,B,11,5,11,5,,insufficient_pairs
2023-07-02,fcf_cagr_3y,C,2,2,2,2,,insufficient_pairs
2023-07-02,fcf_cagr_3y,D,132,100,132,100,0.046300630063006304,estimable
2023-07-02,fcf_cagr_3y,E,35,14,35,14,,insufficient_pairs
2023-07-02,fcf_cagr_3y,F,7,4,7,4,,insufficient_pairs
2023-07-02,fcf_cagr_3y,G,20,17,20,17,,insufficient_pairs
2023-07-02,fcf_cagr_3y,H,53,26,53,26,,insufficient_pairs
2023-07-02,fcf_cagr_3y,I,47,39,47,39,0.34716599190283404,estimable
2023-07-02,fcf_cagr_3y,J,0,0,0,0,,insufficient_pairs
2023-07-02,momentum_12m,A,0,0,0,0,,insufficient_pairs
2023-07-02,momentum_12m,B,11,11,11,11,,insufficient_pairs
2023-07-02,momentum_12m,C,2,2,2,2,,insufficient_pairs
2023-07-02,momentum_12m,D,132,132,132,132,0.053346412526806254,estimable
2023-07-02,momentum_12m,E,35,35,35,35,0.08515406162464986,estimable
2023-07-02,momentum_12m,F,7,7,7,7,,insufficient_pairs
2023-07-02,momentum_12m,G,20,20,20,20,,insufficient_pairs
2023-07-02,momentum_12m,H,53,53,53,53,-0.049508143847766486,estimable
2023-07-02,momentum_12m,I,47,47,47,47,-0.2572849213691027,estimable
2023-07-02,momentum_12m,J,0,0,0,0,,insufficient_pairs
2023-07-02,rel_strength_6m,A,0,0,0,0,,insufficient_pairs
2023-07-02,rel_strength_6m,B,11,11,11,11,,insufficient_pairs
2023-07-02,rel_strength_6m,C,2,2,2,2,,insufficient_pairs
2023-07-02,rel_strength_6m,D,132,132,132,132,-0.029255999123415755,estimable
2023-07-02,rel_strength_6m,E,35,35,35,35,0.126890756302521,estimable
2023-07-02,rel_strength_6m,F,7,7,7,7,,insufficient_pairs
2023-07-02,rel_strength_6m,G,20,20,20,20,,insufficient_pairs
2023-07-02,rel_strength_6m,H,53,53,53,53,-0.3238993710691823,estimable
2023-07-02,rel_strength_6m,I,47,47,47,47,-0.12800647548566144,estimable
2023-07-02,rel_strength_6m,J,0,0,0,0,,insufficient_pairs
2023-07-02,price_vs_sma200,A,0,0,0,0,,insufficient_pairs
2023-07-02,price_vs_sma200,B,11,11,11,11,,insufficient_pairs
2023-07-02,price_vs_sma200,C,2,2,2,2,,insufficient_pairs
2023-07-02,price_vs_sma200,D,132,132,132,132,-0.023271224556881444,estimable
2023-07-02,price_vs_sma200,E,35,35,35,35,0.16554621848739498,estimable
2023-07-02,price_vs_sma200,F,7,7,7,7,,insufficient_pairs
2023-07-02,price_vs_sma200,G,20,20,20,20,,insufficient_pairs
2023-07-02,price_vs_sma200,H,53,53,53,53,-0.1952910820835349,estimable
2023-07-02,price_vs_sma200,I,47,47,47,47,-0.14003237742830713,estimable
2023-07-02,price_vs_sma200,J,0,0,0,0,,insufficient_pairs
2023-07-02,debt_to_equity,A,0,0,0,0,,insufficient_pairs
2023-07-02,debt_to_equity,B,11,11,11,11,,insufficient_pairs
2023-07-02,debt_to_equity,C,2,1,2,1,,insufficient_pairs
2023-07-02,debt_to_equity,D,132,99,132,99,0.04362399505256648,estimable
2023-07-02,debt_to_equity,E,35,28,35,28,,insufficient_pairs
2023-07-02,debt_to_equity,F,7,4,7,4,,insufficient_pairs
2023-07-02,debt_to_equity,G,20,11,20,11,,insufficient_pairs
2023-07-02,debt_to_equity,H,53,45,53,45,0.2403162055335968,estimable
2023-07-02,debt_to_equity,I,47,30,47,30,0.001557285873192436,estimable
2023-07-02,debt_to_equity,J,0,0,0,0,,insufficient_pairs
2023-07-02,volatility,A,0,0,0,0,,insufficient_pairs
2023-07-02,volatility,B,11,11,11,11,,insufficient_pairs
2023-07-02,volatility,C,2,2,2,2,,insufficient_pairs
2023-07-02,volatility,D,132,132,132,132,0.06503420243878258,estimable
2023-07-02,volatility,E,35,35,35,35,-0.11596638655462184,estimable
2023-07-02,volatility,F,7,7,7,7,,insufficient_pairs
2023-07-02,volatility,G,20,20,20,20,,insufficient_pairs
2023-07-02,volatility,H,53,53,53,53,0.12570553136590873,estimable
2023-07-02,volatility,I,47,47,47,47,0.030874190564292324,estimable
2023-07-02,volatility,J,0,0,0,0,,insufficient_pairs
2023-07-02,max_drawdown,A,0,0,0,0,,insufficient_pairs
2023-07-02,max_drawdown,B,11,11,11,11,,insufficient_pairs
2023-07-02,max_drawdown,C,2,2,2,2,,insufficient_pairs
2023-07-02,max_drawdown,D,132,132,132,132,0.09648687993404746,estimable
2023-07-02,max_drawdown,E,35,35,35,35,0.024649859943977594,estimable
2023-07-02,max_drawdown,F,7,7,7,7,,insufficient_pairs
2023-07-02,max_drawdown,G,20,20,20,20,,insufficient_pairs
2023-07-02,max_drawdown,H,53,53,53,53,0.12868892114175132,estimable
2023-07-02,max_drawdown,I,47,47,47,47,0.15367715078630897,estimable
2023-07-02,max_drawdown,J,0,0,0,0,,insufficient_pairs
2023-10-02,pe,A,0,0,0,0,,insufficient_pairs
2023-10-02,pe,B,11,10,11,10,,insufficient_pairs
2023-10-02,pe,C,3,3,3,3,,insufficient_pairs
2023-10-02,pe,D,129,118,129,118,-0.08225506630292274,estimable
2023-10-02,pe,E,38,30,38,30,-0.15372636262513903,estimable
2023-10-02,pe,F,7,7,7,7,,insufficient_pairs
2023-10-02,pe,G,21,21,21,21,,insufficient_pairs
2023-10-02,pe,H,53,48,53,48,0.2784411636995224,estimable
2023-10-02,pe,I,50,45,50,45,0.2628458498023715,estimable
2023-10-02,pe,J,0,0,0,0,,insufficient_pairs
2023-10-02,pb,A,0,0,0,0,,insufficient_pairs
2023-10-02,pb,B,11,11,11,11,,insufficient_pairs
2023-10-02,pb,C,3,3,3,3,,insufficient_pairs
2023-10-02,pb,D,129,121,129,121,-0.02864787969109876,estimable
2023-10-02,pb,E,38,38,38,38,-0.0747346536820221,estimable
2023-10-02,pb,F,7,5,7,5,,insufficient_pairs
2023-10-02,pb,G,21,15,21,15,,insufficient_pairs
2023-10-02,pb,H,53,50,53,50,0.4882112845138055,estimable
2023-10-02,pb,I,50,47,50,47,0.23184551341350604,estimable
2023-10-02,pb,J,0,0,0,0,,insufficient_pairs
2023-10-02,ev_ebitda,A,0,0,0,0,,insufficient_pairs
2023-10-02,ev_ebitda,B,11,8,11,8,,insufficient_pairs
2023-10-02,ev_ebitda,C,3,1,3,1,,insufficient_pairs
2023-10-02,ev_ebitda,D,129,75,129,75,0.051209103840682786,estimable
2023-10-02,ev_ebitda,E,38,31,38,31,-0.23508064516129035,estimable
2023-10-02,ev_ebitda,F,7,5,7,5,,insufficient_pairs
2023-10-02,ev_ebitda,G,21,14,21,14,,insufficient_pairs
2023-10-02,ev_ebitda,H,53,19,53,19,,insufficient_pairs
2023-10-02,ev_ebitda,I,50,32,50,32,0.03958944281524926,estimable
2023-10-02,ev_ebitda,J,0,0,0,0,,insufficient_pairs
2023-10-02,roic,A,0,0,0,0,,insufficient_pairs
2023-10-02,roic,B,11,10,11,10,,insufficient_pairs
2023-10-02,roic,C,3,2,3,2,,insufficient_pairs
2023-10-02,roic,D,129,95,129,95,-0.07588185890257558,estimable
2023-10-02,roic,E,38,26,38,26,,insufficient_pairs
2023-10-02,roic,F,7,5,7,5,,insufficient_pairs
2023-10-02,roic,G,21,17,21,17,,insufficient_pairs
2023-10-02,roic,H,53,43,53,43,-0.19118091211114466,estimable
2023-10-02,roic,I,50,34,50,34,-0.01665393430099312,estimable
2023-10-02,roic,J,0,0,0,0,,insufficient_pairs
2023-10-02,operating_margin,A,0,0,0,0,,insufficient_pairs
2023-10-02,operating_margin,B,11,10,11,10,,insufficient_pairs
2023-10-02,operating_margin,C,3,2,3,2,,insufficient_pairs
2023-10-02,operating_margin,D,129,110,129,110,-0.09266731285079909,estimable
2023-10-02,operating_margin,E,38,38,38,38,0.09836962468541416,estimable
2023-10-02,operating_margin,F,7,6,7,6,,insufficient_pairs
2023-10-02,operating_margin,G,21,20,21,20,,insufficient_pairs
2023-10-02,operating_margin,H,53,28,53,28,,insufficient_pairs
2023-10-02,operating_margin,I,50,49,50,49,-0.04081632653061224,estimable
2023-10-02,operating_margin,J,0,0,0,0,,insufficient_pairs
2023-10-02,revenue_cagr_3y,A,0,0,0,0,,insufficient_pairs
2023-10-02,revenue_cagr_3y,B,11,11,11,11,,insufficient_pairs
2023-10-02,revenue_cagr_3y,C,3,3,3,3,,insufficient_pairs
2023-10-02,revenue_cagr_3y,D,129,129,129,129,-0.015334302325581396,estimable
2023-10-02,revenue_cagr_3y,E,38,36,38,36,-0.06332046332046333,estimable
2023-10-02,revenue_cagr_3y,F,7,7,7,7,,insufficient_pairs
2023-10-02,revenue_cagr_3y,G,21,21,21,21,,insufficient_pairs
2023-10-02,revenue_cagr_3y,H,53,53,53,53,0.010482180293501047,estimable
2023-10-02,revenue_cagr_3y,I,50,50,50,50,-0.08350540216086433,estimable
2023-10-02,revenue_cagr_3y,J,0,0,0,0,,insufficient_pairs
2023-10-02,fcf_cagr_3y,A,0,0,0,0,,insufficient_pairs
2023-10-02,fcf_cagr_3y,B,11,5,11,5,,insufficient_pairs
2023-10-02,fcf_cagr_3y,C,3,2,3,2,,insufficient_pairs
2023-10-02,fcf_cagr_3y,D,129,97,129,97,0.006140858405217757,estimable
2023-10-02,fcf_cagr_3y,E,38,15,38,15,,insufficient_pairs
2023-10-02,fcf_cagr_3y,F,7,4,7,4,,insufficient_pairs
2023-10-02,fcf_cagr_3y,G,21,18,21,18,,insufficient_pairs
2023-10-02,fcf_cagr_3y,H,53,27,53,27,,insufficient_pairs
2023-10-02,fcf_cagr_3y,I,50,40,50,40,0.20187617260787993,estimable
2023-10-02,fcf_cagr_3y,J,0,0,0,0,,insufficient_pairs
2023-10-02,momentum_12m,A,0,0,0,0,,insufficient_pairs
2023-10-02,momentum_12m,B,11,11,11,11,,insufficient_pairs
2023-10-02,momentum_12m,C,3,3,3,3,,insufficient_pairs
2023-10-02,momentum_12m,D,129,129,129,129,0.04421958855098391,estimable
2023-10-02,momentum_12m,E,38,38,38,38,-0.1915964547543495,estimable
2023-10-02,momentum_12m,F,7,7,7,7,,insufficient_pairs
2023-10-02,momentum_12m,G,21,21,21,21,,insufficient_pairs
2023-10-02,momentum_12m,H,53,53,53,53,-0.36840832123850986,estimable
2023-10-02,momentum_12m,I,50,50,50,50,0.10924369747899158,estimable
2023-10-02,momentum_12m,J,0,0,0,0,,insufficient_pairs
2023-10-02,rel_strength_6m,A,0,0,0,0,,insufficient_pairs
2023-10-02,rel_strength_6m,B,11,11,11,11,,insufficient_pairs
2023-10-02,rel_strength_6m,C,3,3,3,3,,insufficient_pairs
2023-10-02,rel_strength_6m,D,129,129,129,129,-0.0370807245080501,estimable
2023-10-02,rel_strength_6m,E,38,38,38,38,-0.03665608928766823,estimable
2023-10-02,rel_strength_6m,F,7,7,7,7,,insufficient_pairs
2023-10-02,rel_strength_6m,G,21,21,21,21,,insufficient_pairs
2023-10-02,rel_strength_6m,H,53,53,53,53,-0.45903886469924204,estimable
2023-10-02,rel_strength_6m,I,50,50,50,50,-0.18232893157262903,estimable
2023-10-02,rel_strength_6m,J,0,0,0,0,,insufficient_pairs
2023-10-02,price_vs_sma200,A,0,0,0,0,,insufficient_pairs
2023-10-02,price_vs_sma200,B,11,11,11,11,,insufficient_pairs
2023-10-02,price_vs_sma200,C,3,3,3,3,,insufficient_pairs
2023-10-02,price_vs_sma200,D,129,129,129,129,-0.09150827370304117,estimable
2023-10-02,price_vs_sma200,E,38,38,38,38,-0.06050990261516577,estimable
2023-10-02,price_vs_sma200,F,7,7,7,7,,insufficient_pairs
2023-10-02,price_vs_sma200,G,21,21,21,21,,insufficient_pairs
2023-10-02,price_vs_sma200,H,53,53,53,53,-0.6158684083212385,estimable
2023-10-02,price_vs_sma200,I,50,50,50,50,-0.20921968787515002,estimable
2023-10-02,price_vs_sma200,J,0,0,0,0,,insufficient_pairs
2023-10-02,debt_to_equity,A,0,0,0,0,,insufficient_pairs
2023-10-02,debt_to_equity,B,11,11,11,11,,insufficient_pairs
2023-10-02,debt_to_equity,C,3,2,3,2,,insufficient_pairs
2023-10-02,debt_to_equity,D,129,96,129,96,-0.14187466087900164,estimable
2023-10-02,debt_to_equity,E,38,31,38,31,-0.36814516129032265,estimable
2023-10-02,debt_to_equity,F,7,4,7,4,,insufficient_pairs
2023-10-02,debt_to_equity,G,21,11,21,11,,insufficient_pairs
2023-10-02,debt_to_equity,H,53,44,53,44,-0.13742071881606766,estimable
2023-10-02,debt_to_equity,I,50,34,50,34,-0.25561497326203203,estimable
2023-10-02,debt_to_equity,J,0,0,0,0,,insufficient_pairs
2023-10-02,volatility,A,0,0,0,0,,insufficient_pairs
2023-10-02,volatility,B,11,11,11,11,,insufficient_pairs
2023-10-02,volatility,C,3,3,3,3,,insufficient_pairs
2023-10-02,volatility,D,129,129,129,129,-0.12546958855098392,estimable
2023-10-02,volatility,E,38,38,38,38,-0.022650180544917384,estimable
2023-10-02,volatility,F,7,7,7,7,,insufficient_pairs
2023-10-02,volatility,G,21,21,21,21,,insufficient_pairs
2023-10-02,volatility,H,53,53,53,53,-0.6324786324786325,estimable
2023-10-02,volatility,I,50,50,50,50,-0.2405282112845138,estimable
2023-10-02,volatility,J,0,0,0,0,,insufficient_pairs
2023-10-02,max_drawdown,A,0,0,0,0,,insufficient_pairs
2023-10-02,max_drawdown,B,11,11,11,11,,insufficient_pairs
2023-10-02,max_drawdown,C,3,3,3,3,,insufficient_pairs
2023-10-02,max_drawdown,D,129,129,129,129,-0.1262354651162791,estimable
2023-10-02,max_drawdown,E,38,38,38,38,-0.07495349600612758,estimable
2023-10-02,max_drawdown,F,7,7,7,7,,insufficient_pairs
2023-10-02,max_drawdown,G,21,21,21,21,,insufficient_pairs
2023-10-02,max_drawdown,H,53,53,53,53,-0.5411223996129656,estimable
2023-10-02,max_drawdown,I,50,50,50,50,-0.14429771908763506,estimable
2023-10-02,max_drawdown,J,0,0,0,0,,insufficient_pairs
2024-01-02,pe,A,0,0,0,0,,insufficient_pairs
2024-01-02,pe,B,10,9,10,9,,insufficient_pairs
2024-01-02,pe,C,3,3,3,3,,insufficient_pairs
2024-01-02,pe,D,133,121,133,121,-0.027001761278959487,estimable
2024-01-02,pe,E,33,25,33,25,,insufficient_pairs
2024-01-02,pe,F,6,6,6,6,,insufficient_pairs
2024-01-02,pe,G,21,20,21,20,,insufficient_pairs
2024-01-02,pe,H,53,48,53,48,0.42998263135041254,estimable
2024-01-02,pe,I,48,42,48,42,-0.012883882991653838,estimable
2024-01-02,pe,J,0,0,0,0,,insufficient_pairs
2024-01-02,pb,A,0,0,0,0,,insufficient_pairs
2024-01-02,pb,B,10,10,10,10,,insufficient_pairs
2024-01-02,pb,C,3,3,3,3,,insufficient_pairs
2024-01-02,pb,D,133,127,133,127,-0.06723964191976002,estimable
2024-01-02,pb,E,33,33,33,33,-0.1554144385026738,estimable
2024-01-02,pb,F,6,5,6,5,,insufficient_pairs
2024-01-02,pb,G,21,15,21,15,,insufficient_pairs
2024-01-02,pb,H,53,50,53,50,0.1900120048019208,estimable
2024-01-02,pb,I,48,45,48,45,-0.04835309617918313,estimable
2024-01-02,pb,J,0,0,0,0,,insufficient_pairs
2024-01-02,ev_ebitda,A,0,0,0,0,,insufficient_pairs
2024-01-02,ev_ebitda,B,10,7,10,7,,insufficient_pairs
2024-01-02,ev_ebitda,C,3,1,3,1,,insufficient_pairs
2024-01-02,ev_ebitda,D,133,80,133,80,0.010595405532114395,estimable
2024-01-02,ev_ebitda,E,33,27,33,27,,insufficient_pairs
2024-01-02,ev_ebitda,F,6,4,6,4,,insufficient_pairs
2024-01-02,ev_ebitda,G,21,13,21,13,,insufficient_pairs
2024-01-02,ev_ebitda,H,53,19,53,19,,insufficient_pairs
2024-01-02,ev_ebitda,I,48,29,48,29,,insufficient_pairs
2024-01-02,ev_ebitda,J,0,0,0,0,,insufficient_pairs
2024-01-02,roic,A,0,0,0,0,,insufficient_pairs
2024-01-02,roic,B,10,9,10,9,,insufficient_pairs
2024-01-02,roic,C,3,2,3,2,,insufficient_pairs
2024-01-02,roic,D,133,98,133,98,0.12453378727310978,estimable
2024-01-02,roic,E,33,22,33,22,,insufficient_pairs
2024-01-02,roic,F,6,4,6,4,,insufficient_pairs
2024-01-02,roic,G,21,17,21,17,,insufficient_pairs
2024-01-02,roic,H,53,44,53,44,0.03791402396053558,estimable
2024-01-02,roic,I,48,32,48,32,-0.07624633431085043,estimable
2024-01-02,roic,J,0,0,0,0,,insufficient_pairs
2024-01-02,operating_margin,A,0,0,0,0,,insufficient_pairs
2024-01-02,operating_margin,B,10,9,10,9,,insufficient_pairs
2024-01-02,operating_margin,C,3,2,3,2,,insufficient_pairs
2024-01-02,operating_margin,D,133,115,133,115,-0.13459322970093904,estimable
2024-01-02,operating_margin,E,33,33,33,33,-0.09425133689839572,estimable
2024-01-02,operating_margin,F,6,5,6,5,,insufficient_pairs
2024-01-02,operating_margin,G,21,20,21,20,,insufficient_pairs
2024-01-02,operating_margin,H,53,27,53,27,,insufficient_pairs
2024-01-02,operating_margin,I,48,47,48,47,-0.039546716003700286,estimable
2024-01-02,operating_margin,J,0,0,0,0,,insufficient_pairs
2024-01-02,revenue_cagr_3y,A,0,0,0,0,,insufficient_pairs
2024-01-02,revenue_cagr_3y,B,10,10,10,10,,insufficient_pairs
2024-01-02,revenue_cagr_3y,C,3,3,3,3,,insufficient_pairs
2024-01-02,revenue_cagr_3y,D,133,133,133,133,0.050871751971516305,estimable
2024-01-02,revenue_cagr_3y,E,33,31,33,31,-0.10685483870967745,estimable
2024-01-02,revenue_cagr_3y,F,6,6,6,6,,insufficient_pairs
2024-01-02,revenue_cagr_3y,G,21,21,21,21,,insufficient_pairs
2024-01-02,revenue_cagr_3y,H,53,53,53,53,-0.216255442670537,estimable
2024-01-02,revenue_cagr_3y,I,48,48,48,48,0.0034737299174989146,estimable
2024-01-02,revenue_cagr_3y,J,0,0,0,0,,insufficient_pairs
2024-01-02,fcf_cagr_3y,A,0,0,0,0,,insufficient_pairs
2024-01-02,fcf_cagr_3y,B,10,5,10,5,,insufficient_pairs
2024-01-02,fcf_cagr_3y,C,3,3,3,3,,insufficient_pairs
2024-01-02,fcf_cagr_3y,D,133,99,133,99,0.06183055040197897,estimable
2024-01-02,fcf_cagr_3y,E,33,12,33,12,,insufficient_pairs
2024-01-02,fcf_cagr_3y,F,6,4,6,4,,insufficient_pairs
2024-01-02,fcf_cagr_3y,G,21,18,21,18,,insufficient_pairs
2024-01-02,fcf_cagr_3y,H,53,26,53,26,,insufficient_pairs
2024-01-02,fcf_cagr_3y,I,48,37,48,37,-0.16619250829777144,estimable
2024-01-02,fcf_cagr_3y,J,0,0,0,0,,insufficient_pairs
2024-01-02,momentum_12m,A,0,0,0,0,,insufficient_pairs
2024-01-02,momentum_12m,B,10,10,10,10,,insufficient_pairs
2024-01-02,momentum_12m,C,3,3,3,3,,insufficient_pairs
2024-01-02,momentum_12m,D,133,133,133,133,0.40832066597973904,estimable
2024-01-02,momentum_12m,E,33,33,33,33,0.19217914438502673,estimable
2024-01-02,momentum_12m,F,6,6,6,6,,insufficient_pairs
2024-01-02,momentum_12m,G,21,21,21,21,,insufficient_pairs
2024-01-02,momentum_12m,H,53,53,53,53,0.21585228189001773,estimable
2024-01-02,momentum_12m,I,48,48,48,48,0.24337820234476767,estimable
2024-01-02,momentum_12m,J,0,0,0,0,,insufficient_pairs
2024-01-02,rel_strength_6m,A,0,0,0,0,,insufficient_pairs
2024-01-02,rel_strength_6m,B,10,10,10,10,,insufficient_pairs
2024-01-02,rel_strength_6m,C,3,3,3,3,,insufficient_pairs
2024-01-02,rel_strength_6m,D,133,133,133,133,0.27094194101264013,estimable
2024-01-02,rel_strength_6m,E,33,33,33,33,0.3018048128342246,estimable
2024-01-02,rel_strength_6m,F,6,6,6,6,,insufficient_pairs
2024-01-02,rel_strength_6m,G,21,21,21,21,,insufficient_pairs
2024-01-02,rel_strength_6m,H,53,53,53,53,0.2037574584744396,estimable
2024-01-02,rel_strength_6m,I,48,48,48,48,-0.07805036908380372,estimable
2024-01-02,rel_strength_6m,J,0,0,0,0,,insufficient_pairs
2024-01-02,price_vs_sma200,A,0,0,0,0,,insufficient_pairs
2024-01-02,price_vs_sma200,B,10,10,10,10,,insufficient_pairs
2024-01-02,price_vs_sma200,C,3,3,3,3,,insufficient_pairs
2024-01-02,price_vs_sma200,D,133,133,133,133,0.36971669336162655,estimable
2024-01-02,price_vs_sma200,E,33,33,33,33,0.3693181818181818,estimable
2024-01-02,price_vs_sma200,F,6,6,6,6,,insufficient_pairs
2024-01-02,price_vs_sma200,G,21,21,21,21,,insufficient_pairs
2024-01-02,price_vs_sma200,H,53,53,53,53,0.235607160135462,estimable
2024-01-02,price_vs_sma200,I,48,48,48,48,0.05557967867998263,estimable
2024-01-02,price_vs_sma200,J,0,0,0,0,,insufficient_pairs
2024-01-02,debt_to_equity,A,0,0,0,0,,insufficient_pairs
2024-01-02,debt_to_equity,B,10,10,10,10,,insufficient_pairs
2024-01-02,debt_to_equity,C,3,2,3,2,,insufficient_pairs
2024-01-02,debt_to_equity,D,133,102,133,102,0.0721228604870767,estimable
2024-01-02,debt_to_equity,E,33,27,33,27,,insufficient_pairs
2024-01-02,debt_to_equity,F,6,4,6,4,,insufficient_pairs
2024-01-02,debt_to_equity,G,21,11,21,11,,insufficient_pairs
2024-01-02,debt_to_equity,H,53,45,53,45,-0.05111989459815546,estimable
2024-01-02,debt_to_equity,I,48,32,48,32,0.043621700879765385,estimable
2024-01-02,debt_to_equity,J,0,0,0,0,,insufficient_pairs
2024-01-02,volatility,A,0,0,0,0,,insufficient_pairs
2024-01-02,volatility,B,10,10,10,10,,insufficient_pairs
2024-01-02,volatility,C,3,3,3,3,,insufficient_pairs
2024-01-02,volatility,D,133,133,133,133,-0.13831729935422002,estimable
2024-01-02,volatility,E,33,33,33,33,-0.24298128342245992,estimable
2024-01-02,volatility,F,6,6,6,6,,insufficient_pairs
2024-01-02,volatility,G,21,21,21,21,,insufficient_pairs
2024-01-02,volatility,H,53,53,53,53,-0.012175455571681986,estimable
2024-01-02,volatility,I,48,48,48,48,-0.21971341728180632,estimable
2024-01-02,volatility,J,0,0,0,0,,insufficient_pairs
2024-01-02,max_drawdown,A,0,0,0,0,,insufficient_pairs
2024-01-02,max_drawdown,B,10,10,10,10,,insufficient_pairs
2024-01-02,max_drawdown,C,3,3,3,3,,insufficient_pairs
2024-01-02,max_drawdown,D,133,133,133,133,-0.08259964701441527,estimable
2024-01-02,max_drawdown,E,33,33,33,33,-0.07620320855614975,estimable
2024-01-02,max_drawdown,F,6,6,6,6,,insufficient_pairs
2024-01-02,max_drawdown,G,21,21,21,21,,insufficient_pairs
2024-01-02,max_drawdown,H,53,53,53,53,-0.08611514271891631,estimable
2024-01-02,max_drawdown,I,48,48,48,48,-0.043313069908814596,estimable
2024-01-02,max_drawdown,J,0,0,0,0,,insufficient_pairs
2024-04-02,pe,A,0,0,0,0,,insufficient_pairs
2024-04-02,pe,B,9,9,9,9,,insufficient_pairs
2024-04-02,pe,C,3,3,3,3,,insufficient_pairs
2024-04-02,pe,D,128,116,128,116,-0.02517202936993042,estimable
2024-04-02,pe,E,36,28,36,28,,insufficient_pairs
2024-04-02,pe,F,6,6,6,6,,insufficient_pairs
2024-04-02,pe,G,23,21,23,21,,insufficient_pairs
2024-04-02,pe,H,55,51,55,51,0.08678733031674207,estimable
2024-04-02,pe,I,50,47,50,47,-0.22386679000925072,estimable
2024-04-02,pe,J,0,0,0,0,,insufficient_pairs
2024-04-02,pb,A,0,0,0,0,,insufficient_pairs
2024-04-02,pb,B,9,9,9,9,,insufficient_pairs
2024-04-02,pb,C,3,3,3,3,,insufficient_pairs
2024-04-02,pb,D,128,122,128,122,-0.053905710443095486,estimable
2024-04-02,pb,E,36,36,36,36,-0.1456885456885457,estimable
2024-04-02,pb,F,6,5,6,5,,insufficient_pairs
2024-04-02,pb,G,23,17,23,17,,insufficient_pairs
2024-04-02,pb,H,55,52,55,52,0.08477759754119354,estimable
2024-04-02,pb,I,50,46,50,46,-0.29694727104532836,estimable
2024-04-02,pb,J,0,0,0,0,,insufficient_pairs
2024-04-02,ev_ebitda,A,0,0,0,0,,insufficient_pairs
2024-04-02,ev_ebitda,B,9,7,9,7,,insufficient_pairs
2024-04-02,ev_ebitda,C,3,1,3,1,,insufficient_pairs
2024-04-02,ev_ebitda,D,128,78,128,78,0.047560034901807054,estimable
2024-04-02,ev_ebitda,E,36,30,36,30,-0.061179087875417135,estimable
2024-04-02,ev_ebitda,F,6,4,6,4,,insufficient_pairs
2024-04-02,ev_ebitda,G,23,12,23,12,,insufficient_pairs
2024-04-02,ev_ebitda,H,55,21,55,21,,insufficient_pairs
2024-04-02,ev_ebitda,I,50,34,50,34,-0.22200152788388078,estimable
2024-04-02,ev_ebitda,J,0,0,0,0,,insufficient_pairs
2024-04-02,roic,A,0,0,0,0,,insufficient_pairs
2024-04-02,roic,B,9,9,9,9,,insufficient_pairs
2024-04-02,roic,C,3,2,3,2,,insufficient_pairs
2024-04-02,roic,D,128,95,128,95,0.11336786114221727,estimable
2024-04-02,roic,E,36,23,36,23,,insufficient_pairs
2024-04-02,roic,F,6,4,6,4,,insufficient_pairs
2024-04-02,roic,G,23,17,23,17,,insufficient_pairs
2024-04-02,roic,H,55,46,55,46,-0.24810360777058277,estimable
2024-04-02,roic,I,50,34,50,34,0.26844919786096255,estimable
2024-04-02,roic,J,0,0,0,0,,insufficient_pairs
2024-04-02,operating_margin,A,0,0,0,0,,insufficient_pairs
2024-04-02,operating_margin,B,9,8,9,8,,insufficient_pairs
2024-04-02,operating_margin,C,3,2,3,2,,insufficient_pairs
2024-04-02,operating_margin,D,128,112,128,112,0.1515871117641029,estimable
2024-04-02,operating_margin,E,36,36,36,36,-0.0023166023166023165,estimable
2024-04-02,operating_margin,F,6,5,6,5,,insufficient_pairs
2024-04-02,operating_margin,G,23,22,23,22,,insufficient_pairs
2024-04-02,operating_margin,H,55,29,55,29,,insufficient_pairs
2024-04-02,operating_margin,I,50,49,50,49,0.2186734693877551,estimable
2024-04-02,operating_margin,J,0,0,0,0,,insufficient_pairs
2024-04-02,revenue_cagr_3y,A,0,0,0,0,,insufficient_pairs
2024-04-02,revenue_cagr_3y,B,9,9,9,9,,insufficient_pairs
2024-04-02,revenue_cagr_3y,C,3,3,3,3,,insufficient_pairs
2024-04-02,revenue_cagr_3y,D,128,127,128,127,-0.14085348706411696,estimable
2024-04-02,revenue_cagr_3y,E,36,35,36,35,0.061344537815126055,estimable
2024-04-02,revenue_cagr_3y,F,6,6,6,6,,insufficient_pairs
2024-04-02,revenue_cagr_3y,G,23,23,23,23,,insufficient_pairs
2024-04-02,revenue_cagr_3y,H,55,55,55,55,-0.08730158730158731,estimable
2024-04-02,revenue_cagr_3y,I,50,50,50,50,-0.35058823529411764,estimable
2024-04-02,revenue_cagr_3y,J,0,0,0,0,,insufficient_pairs
2024-04-02,fcf_cagr_3y,A,0,0,0,0,,insufficient_pairs
2024-04-02,fcf_cagr_3y,B,9,6,9,6,,insufficient_pairs
2024-04-02,fcf_cagr_3y,C,3,3,3,3,,insufficient_pairs
2024-04-02,fcf_cagr_3y,D,128,92,128,92,-0.1863816407995931,estimable
2024-04-02,fcf_cagr_3y,E,36,11,36,11,,insufficient_pairs
2024-04-02,fcf_cagr_3y,F,6,4,6,4,,insufficient_pairs
2024-04-02,fcf_cagr_3y,G,23,20,23,20,,insufficient_pairs
2024-04-02,fcf_cagr_3y,H,55,27,55,27,,insufficient_pairs
2024-04-02,fcf_cagr_3y,I,50,39,50,39,-0.13724696356275304,estimable
2024-04-02,fcf_cagr_3y,J,0,0,0,0,,insufficient_pairs
2024-04-02,momentum_12m,A,0,0,0,0,,insufficient_pairs
2024-04-02,momentum_12m,B,9,9,9,9,,insufficient_pairs
2024-04-02,momentum_12m,C,3,3,3,3,,insufficient_pairs
2024-04-02,momentum_12m,D,128,128,128,128,0.09329220838674235,estimable
2024-04-02,momentum_12m,E,36,36,36,36,0.13436293436293437,estimable
2024-04-02,momentum_12m,F,6,6,6,6,,insufficient_pairs
2024-04-02,momentum_12m,G,23,23,23,23,,insufficient_pairs
2024-04-02,momentum_12m,H,55,55,55,55,-0.0010101010101010103,estimable
2024-04-02,momentum_12m,I,50,50,50,50,0.3561584633853541,estimable
2024-04-02,momentum_12m,J,0,0,0,0,,insufficient_pairs
2024-04-02,rel_strength_6m,A,0,0,0,0,,insufficient_pairs
2024-04-02,rel_strength_6m,B,9,9,9,9,,insufficient_pairs
2024-04-02,rel_strength_6m,C,3,3,3,3,,insufficient_pairs
2024-04-02,rel_strength_6m,D,128,128,128,128,0.12841626991393518,estimable
2024-04-02,rel_strength_6m,E,36,36,36,36,0.11274131274131274,estimable
2024-04-02,rel_strength_6m,F,6,6,6,6,,insufficient_pairs
2024-04-02,rel_strength_6m,G,23,23,23,23,,insufficient_pairs
2024-04-02,rel_strength_6m,H,55,55,55,55,-0.008080808080808083,estimable
2024-04-02,rel_strength_6m,I,50,50,50,50,0.0923409363745498,estimable
2024-04-02,rel_strength_6m,J,0,0,0,0,,insufficient_pairs
2024-04-02,price_vs_sma200,A,0,0,0,0,,insufficient_pairs
2024-04-02,price_vs_sma200,B,9,9,9,9,,insufficient_pairs
2024-04-02,price_vs_sma200,C,3,3,3,3,,insufficient_pairs
2024-04-02,price_vs_sma200,D,128,128,128,128,0.10853666910822195,estimable
2024-04-02,price_vs_sma200,E,36,36,36,36,0.12406692406692407,estimable
2024-04-02,price_vs_sma200,F,6,6,6,6,,insufficient_pairs
2024-04-02,price_vs_sma200,G,23,23,23,23,,insufficient_pairs
2024-04-02,price_vs_sma200,H,55,55,55,55,0.055555555555555566,estimable
2024-04-02,price_vs_sma200,I,50,50,50,50,0.0588235294117647,estimable
2024-04-02,price_vs_sma200,J,0,0,0,0,,insufficient_pairs
2024-04-02,debt_to_equity,A,0,0,0,0,,insufficient_pairs
2024-04-02,debt_to_equity,B,9,9,9,9,,insufficient_pairs
2024-04-02,debt_to_equity,C,3,2,3,2,,insufficient_pairs
2024-04-02,debt_to_equity,D,128,97,128,97,-0.061881969282558374,estimable
2024-04-02,debt_to_equity,E,36,27,36,27,,insufficient_pairs
2024-04-02,debt_to_equity,F,6,4,6,4,,insufficient_pairs
2024-04-02,debt_to_equity,G,23,11,23,11,,insufficient_pairs
2024-04-02,debt_to_equity,H,55,47,55,47,-0.4439176688251619,estimable
2024-04-02,debt_to_equity,I,50,33,50,33,-0.03108288770053476,estimable
2024-04-02,debt_to_equity,J,0,0,0,0,,insufficient_pairs
2024-04-02,volatility,A,0,0,0,0,,insufficient_pairs
2024-04-02,volatility,B,9,9,9,9,,insufficient_pairs
2024-04-02,volatility,C,3,3,3,3,,insufficient_pairs
2024-04-02,volatility,D,128,128,128,128,0.017825260941219556,estimable
2024-04-02,volatility,E,36,36,36,36,-0.28468468468468466,estimable
2024-04-02,volatility,F,6,6,6,6,,insufficient_pairs
2024-04-02,volatility,G,23,23,23,23,,insufficient_pairs
2024-04-02,volatility,H,55,55,55,55,0.08066378066378069,estimable
2024-04-02,volatility,I,50,50,50,50,0.337046818727491,estimable
2024-04-02,volatility,J,0,0,0,0,,insufficient_pairs
2024-04-02,max_drawdown,A,0,0,0,0,,insufficient_pairs
2024-04-02,max_drawdown,B,9,9,9,9,,insufficient_pairs
2024-04-02,max_drawdown,C,3,3,3,3,,insufficient_pairs
2024-04-02,max_drawdown,D,128,128,128,128,0.038563221021790876,estimable
2024-04-02,max_drawdown,E,36,36,36,36,-0.15315315315315317,estimable
2024-04-02,max_drawdown,F,6,6,6,6,,insufficient_pairs
2024-04-02,max_drawdown,G,23,23,23,23,,insufficient_pairs
2024-04-02,max_drawdown,H,55,55,55,55,0.06955266955266957,estimable
2024-04-02,max_drawdown,I,50,50,50,50,0.41070828331332526,estimable
2024-04-02,max_drawdown,J,0,0,0,0,,insufficient_pairs
2024-07-02,pe,A,0,0,0,0,,insufficient_pairs
2024-07-02,pe,B,10,9,10,9,,insufficient_pairs
2024-07-02,pe,C,3,3,3,3,,insufficient_pairs
2024-07-02,pe,D,128,117,128,117,-0.07203015180805945,estimable
2024-07-02,pe,E,35,27,35,27,,insufficient_pairs
2024-07-02,pe,F,6,6,6,6,,insufficient_pairs
2024-07-02,pe,G,23,21,23,21,,insufficient_pairs
2024-07-02,pe,H,53,49,53,49,-0.07122448979591836,estimable
2024-07-02,pe,I,47,44,47,44,0.4281888653981677,estimable
2024-07-02,pe,J,0,0,0,0,,insufficient_pairs
2024-07-02,pb,A,0,0,0,0,,insufficient_pairs
2024-07-02,pb,B,10,10,10,10,,insufficient_pairs
2024-07-02,pb,C,3,3,3,3,,insufficient_pairs
2024-07-02,pb,D,128,122,128,122,-0.00898483581773902,estimable
2024-07-02,pb,E,35,35,35,35,0.3394957983193278,estimable
2024-07-02,pb,F,6,5,6,5,,insufficient_pairs
2024-07-02,pb,G,23,17,23,17,,insufficient_pairs
2024-07-02,pb,H,53,51,53,51,-0.26633484162895926,estimable
2024-07-02,pb,I,47,43,47,43,0.15795832074901844,estimable
2024-07-02,pb,J,0,0,0,0,,insufficient_pairs
2024-07-02,ev_ebitda,A,0,0,0,0,,insufficient_pairs
2024-07-02,ev_ebitda,B,10,8,10,8,,insufficient_pairs
2024-07-02,ev_ebitda,C,3,1,3,1,,insufficient_pairs
2024-07-02,ev_ebitda,D,128,78,128,78,-0.00871280618116061,estimable
2024-07-02,ev_ebitda,E,35,30,35,30,-0.24938820912124582,estimable
2024-07-02,ev_ebitda,F,6,4,6,4,,insufficient_pairs
2024-07-02,ev_ebitda,G,23,12,23,12,,insufficient_pairs
2024-07-02,ev_ebitda,H,53,19,53,19,,insufficient_pairs
2024-07-02,ev_ebitda,I,47,33,47,33,0.205548128342246,estimable
2024-07-02,ev_ebitda,J,0,0,0,0,,insufficient_pairs
2024-07-02,roic,A,0,0,0,0,,insufficient_pairs
2024-07-02,roic,B,10,9,10,9,,insufficient_pairs
2024-07-02,roic,C,3,2,3,2,,insufficient_pairs
2024-07-02,roic,D,128,97,128,97,-0.16596097201767304,estimable
2024-07-02,roic,E,35,23,35,23,,insufficient_pairs
2024-07-02,roic,F,6,4,6,4,,insufficient_pairs
2024-07-02,roic,G,23,17,23,17,,insufficient_pairs
2024-07-02,roic,H,53,45,53,45,0.20395256916996043,estimable
2024-07-02,roic,I,47,32,47,32,0.1726539589442815,estimable
2024-07-02,roic,J,0,0,0,0,,insufficient_pairs
2024-07-02,operating_margin,A,0,0,0,0,,insufficient_pairs
2024-07-02,operating_margin,B,10,9,10,9,,insufficient_pairs
2024-07-02,operating_margin,C,3,2,3,2,,insufficient_pairs
2024-07-02,operating_margin,D,128,111,128,111,-0.15340470340470339,estimable
2024-07-02,operating_margin,E,35,35,35,35,0.1327731092436975,estimable
2024-07-02,operating_margin,F,6,5,6,5,,insufficient_pairs
2024-07-02,operating_margin,G,23,22,23,22,,insufficient_pairs
2024-07-02,operating_margin,H,53,27,53,27,,insufficient_pairs
2024-07-02,operating_margin,I,47,46,47,46,0.13043478260869565,estimable
2024-07-02,operating_margin,J,0,0,0,0,,insufficient_pairs
2024-07-02,revenue_cagr_3y,A,0,0,0,0,,insufficient_pairs
2024-07-02,revenue_cagr_3y,B,10,10,10,10,,insufficient_pairs
2024-07-02,revenue_cagr_3y,C,3,3,3,3,,insufficient_pairs
2024-07-02,revenue_cagr_3y,D,128,127,128,127,-0.3739688788901387,estimable
2024-07-02,revenue_cagr_3y,E,35,34,35,34,-0.11168831168831168,estimable
2024-07-02,revenue_cagr_3y,F,6,6,6,6,,insufficient_pairs
2024-07-02,revenue_cagr_3y,G,23,23,23,23,,insufficient_pairs
2024-07-02,revenue_cagr_3y,H,53,53,53,53,-0.026850507982583455,estimable
2024-07-02,revenue_cagr_3y,I,47,47,47,47,-0.18697964847363552,estimable
2024-07-02,revenue_cagr_3y,J,0,0,0,0,,insufficient_pairs
2024-07-02,fcf_cagr_3y,A,0,0,0,0,,insufficient_pairs
2024-07-02,fcf_cagr_3y,B,10,6,10,6,,insufficient_pairs
2024-07-02,fcf_cagr_3y,C,3,3,3,3,,insufficient_pairs
2024-07-02,fcf_cagr_3y,D,128,92,128,92,-0.11046036712235871,estimable
2024-07-02,fcf_cagr_3y,E,35,10,35,10,,insufficient_pairs
2024-07-02,fcf_cagr_3y,F,6,4,6,4,,insufficient_pairs
2024-07-02,fcf_cagr_3y,G,23,20,23,20,,insufficient_pairs
2024-07-02,fcf_cagr_3y,H,53,24,53,24,,insufficient_pairs
2024-07-02,fcf_cagr_3y,I,47,36,47,36,-0.2442728442728443,estimable
2024-07-02,fcf_cagr_3y,J,0,0,0,0,,insufficient_pairs
2024-07-02,momentum_12m,A,0,0,0,0,,insufficient_pairs
2024-07-02,momentum_12m,B,10,10,10,10,,insufficient_pairs
2024-07-02,momentum_12m,C,3,3,3,3,,insufficient_pairs
2024-07-02,momentum_12m,D,128,128,128,128,-0.1000961362387841,estimable
2024-07-02,momentum_12m,E,35,35,35,35,0.1554621848739496,estimable
2024-07-02,momentum_12m,F,6,6,6,6,,insufficient_pairs
2024-07-02,momentum_12m,G,23,23,23,23,,insufficient_pairs
2024-07-02,momentum_12m,H,53,53,53,53,-0.03241412675374939,estimable
2024-07-02,momentum_12m,I,47,47,47,47,-0.1933395004625347,estimable
2024-07-02,momentum_12m,J,0,0,0,0,,insufficient_pairs
2024-07-02,rel_strength_6m,A,0,0,0,0,,insufficient_pairs
2024-07-02,rel_strength_6m,B,10,10,10,10,,insufficient_pairs
2024-07-02,rel_strength_6m,C,3,3,3,3,,insufficient_pairs
2024-07-02,rel_strength_6m,D,128,128,128,128,-0.13182681743270463,estimable
2024-07-02,rel_strength_6m,E,35,35,35,35,0.17310924369747901,estimable
2024-07-02,rel_strength_6m,F,6,6,6,6,,insufficient_pairs
2024-07-02,rel_strength_6m,G,23,23,23,23,,insufficient_pairs
2024-07-02,rel_strength_6m,H,53,53,53,53,-0.16424770198355104,estimable
2024-07-02,rel_strength_6m,I,47,47,47,47,-0.08973172987974098,estimable
2024-07-02,rel_strength_6m,J,0,0,0,0,,insufficient_pairs
2024-07-02,price_vs_sma200,A,0,0,0,0,,insufficient_pairs
2024-07-02,price_vs_sma200,B,10,10,10,10,,insufficient_pairs
2024-07-02,price_vs_sma200,C,3,3,3,3,,insufficient_pairs
2024-07-02,price_vs_sma200,D,128,128,128,128,-0.147895303058048,estimable
2024-07-02,price_vs_sma200,E,35,35,35,35,0.09299719887955182,estimable
2024-07-02,price_vs_sma200,F,6,6,6,6,,insufficient_pairs
2024-07-02,price_vs_sma200,G,23,23,23,23,,insufficient_pairs
2024-07-02,price_vs_sma200,H,53,53,53,53,-0.16626350588614738,estimable
2024-07-02,price_vs_sma200,I,47,47,47,47,-0.15760869565217395,estimable
2024-07-02,price_vs_sma200,J,0,0,0,0,,insufficient_pairs
2024-07-02,debt_to_equity,A,0,0,0,0,,insufficient_pairs
2024-07-02,debt_to_equity,B,10,10,10,10,,insufficient_pairs
2024-07-02,debt_to_equity,C,3,2,3,2,,insufficient_pairs
2024-07-02,debt_to_equity,D,128,99,128,99,-0.32075448361162645,estimable
2024-07-02,debt_to_equity,E,35,27,35,27,,insufficient_pairs
2024-07-02,debt_to_equity,F,6,4,6,4,,insufficient_pairs
2024-07-02,debt_to_equity,G,23,11,23,11,,insufficient_pairs
2024-07-02,debt_to_equity,H,53,46,53,46,0.0748072772124576,estimable
2024-07-02,debt_to_equity,I,47,31,47,31,-0.3181451612903226,estimable
2024-07-02,debt_to_equity,J,0,0,0,0,,insufficient_pairs
2024-07-02,volatility,A,0,0,0,0,,insufficient_pairs
2024-07-02,volatility,B,10,10,10,10,,insufficient_pairs
2024-07-02,volatility,C,3,3,3,3,,insufficient_pairs
2024-07-02,volatility,D,128,128,128,128,0.2603632576451199,estimable
2024-07-02,volatility,E,35,35,35,35,0.35294117647058826,estimable
2024-07-02,volatility,F,6,6,6,6,,insufficient_pairs
2024-07-02,volatility,G,23,23,23,23,,insufficient_pairs
2024-07-02,volatility,H,53,53,53,53,-0.0043541364296081275,estimable
2024-07-02,volatility,I,47,47,47,47,-0.005087881591119335,estimable
2024-07-02,volatility,J,0,0,0,0,,insufficient_pairs
2024-07-02,max_drawdown,A,0,0,0,0,,insufficient_pairs
2024-07-02,max_drawdown,B,10,10,10,10,,insufficient_pairs
2024-07-02,max_drawdown,C,3,3,3,3,,insufficient_pairs
2024-07-02,max_drawdown,D,128,128,128,128,0.04130424830617103,estimable
2024-07-02,max_drawdown,E,35,35,35,35,0.3787114845938376,estimable
2024-07-02,max_drawdown,F,6,6,6,6,,insufficient_pairs
2024-07-02,max_drawdown,G,23,23,23,23,,insufficient_pairs
2024-07-02,max_drawdown,H,53,53,53,53,0.12102886631188517,estimable
2024-07-02,max_drawdown,I,47,47,47,47,-0.12407493061979649,estimable
2024-07-02,max_drawdown,J,0,0,0,0,,insufficient_pairs
2024-10-02,pe,A,0,0,0,0,,insufficient_pairs
2024-10-02,pe,B,10,9,10,9,,insufficient_pairs
2024-10-02,pe,C,3,3,3,3,,insufficient_pairs
2024-10-02,pe,D,127,118,127,118,-0.04737070838765754,estimable
2024-10-02,pe,E,36,28,36,28,,insufficient_pairs
2024-10-02,pe,F,5,5,5,5,,insufficient_pairs
2024-10-02,pe,G,21,19,21,19,,insufficient_pairs
2024-10-02,pe,H,58,53,58,53,0.3387356877922916,estimable
2024-10-02,pe,I,45,42,45,42,-0.12551657078032574,estimable
2024-10-02,pe,J,0,0,0,0,,insufficient_pairs
2024-10-02,pb,A,0,0,0,0,,insufficient_pairs
2024-10-02,pb,B,10,10,10,10,,insufficient_pairs
2024-10-02,pb,C,3,3,3,3,,insufficient_pairs
2024-10-02,pb,D,127,122,127,122,-0.17287960848718364,estimable
2024-10-02,pb,E,36,36,36,36,0.04066924066924067,estimable
2024-10-02,pb,F,5,5,5,5,,insufficient_pairs
2024-10-02,pb,G,21,16,21,16,,insufficient_pairs
2024-10-02,pb,H,58,55,58,55,0.3023088023088024,estimable
2024-10-02,pb,I,45,41,45,41,0.13519163763066205,estimable
2024-10-02,pb,J,0,0,0,0,,insufficient_pairs
2024-10-02,ev_ebitda,A,0,0,0,0,,insufficient_pairs
2024-10-02,ev_ebitda,B,10,8,10,8,,insufficient_pairs
2024-10-02,ev_ebitda,C,3,1,3,1,,insufficient_pairs
2024-10-02,ev_ebitda,D,127,78,127,78,0.17611502421629002,estimable
2024-10-02,ev_ebitda,E,36,30,36,30,0.4211345939933259,estimable
2024-10-02,ev_ebitda,F,5,3,5,3,,insufficient_pairs
2024-10-02,ev_ebitda,G,21,12,21,12,,insufficient_pairs
2024-10-02,ev_ebitda,H,58,21,58,21,,insufficient_pairs
2024-10-02,ev_ebitda,I,45,31,45,31,-0.050403225806451624,estimable
2024-10-02,ev_ebitda,J,0,0,0,0,,insufficient_pairs
2024-10-02,roic,A,0,0,0,0,,insufficient_pairs
2024-10-02,roic,B,10,9,10,9,,insufficient_pairs
2024-10-02,roic,C,3,2,3,2,,insufficient_pairs
2024-10-02,roic,D,127,97,127,97,0.05948874395118872,estimable
2024-10-02,roic,E,36,23,36,23,,insufficient_pairs
2024-10-02,roic,F,5,4,5,4,,insufficient_pairs
2024-10-02,roic,G,21,16,21,16,,insufficient_pairs
2024-10-02,roic,H,58,48,58,48,-0.11137646547980894,estimable
2024-10-02,roic,I,45,31,45,31,0.16733870967741937,estimable
2024-10-02,roic,J,0,0,0,0,,insufficient_pairs
2024-10-02,operating_margin,A,0,0,0,0,,insufficient_pairs
2024-10-02,operating_margin,B,10,9,10,9,,insufficient_pairs
2024-10-02,operating_margin,C,3,2,3,2,,insufficient_pairs
2024-10-02,operating_margin,D,127,110,127,110,0.09749115253702409,estimable
2024-10-02,operating_margin,E,36,36,36,36,-0.1462033462033462,estimable
2024-10-02,operating_margin,F,5,4,5,4,,insufficient_pairs
2024-10-02,operating_margin,G,21,20,21,20,,insufficient_pairs
2024-10-02,operating_margin,H,58,30,58,30,-0.026028921023359287,estimable
2024-10-02,operating_margin,I,45,44,45,44,0.20859760394644114,estimable
2024-10-02,operating_margin,J,0,0,0,0,,insufficient_pairs
2024-10-02,revenue_cagr_3y,A,0,0,0,0,,insufficient_pairs
2024-10-02,revenue_cagr_3y,B,10,10,10,10,,insufficient_pairs
2024-10-02,revenue_cagr_3y,C,3,3,3,3,,insufficient_pairs
2024-10-02,revenue_cagr_3y,D,127,125,127,125,-0.11599999999999998,estimable
2024-10-02,revenue_cagr_3y,E,36,35,36,35,0.43781512605042017,estimable
2024-10-02,revenue_cagr_3y,F,5,5,5,5,,insufficient_pairs
2024-10-02,revenue_cagr_3y,G,21,21,21,21,,insufficient_pairs
2024-10-02,revenue_cagr_3y,H,58,58,58,58,-0.21430988341689997,estimable
2024-10-02,revenue_cagr_3y,I,45,45,45,45,-0.08339920948616601,estimable
2024-10-02,revenue_cagr_3y,J,0,0,0,0,,insufficient_pairs
2024-10-02,fcf_cagr_3y,A,0,0,0,0,,insufficient_pairs
2024-10-02,fcf_cagr_3y,B,10,6,10,6,,insufficient_pairs
2024-10-02,fcf_cagr_3y,C,3,3,3,3,,insufficient_pairs
2024-10-02,fcf_cagr_3y,D,127,91,127,91,-0.05567765567765569,estimable
2024-10-02,fcf_cagr_3y,E,36,11,36,11,,insufficient_pairs
2024-10-02,fcf_cagr_3y,F,5,3,5,3,,insufficient_pairs
2024-10-02,fcf_cagr_3y,G,21,18,21,18,,insufficient_pairs
2024-10-02,fcf_cagr_3y,H,58,27,58,27,,insufficient_pairs
2024-10-02,fcf_cagr_3y,I,45,34,45,34,0.32284186401833453,estimable
2024-10-02,fcf_cagr_3y,J,0,0,0,0,,insufficient_pairs
2024-10-02,momentum_12m,A,0,0,0,0,,insufficient_pairs
2024-10-02,momentum_12m,B,10,10,10,10,,insufficient_pairs
2024-10-02,momentum_12m,C,3,3,3,3,,insufficient_pairs
2024-10-02,momentum_12m,D,127,127,127,127,-0.005430961754780652,estimable
2024-10-02,momentum_12m,E,36,36,36,36,-0.005662805662805663,estimable
2024-10-02,momentum_12m,F,5,5,5,5,,insufficient_pairs
2024-10-02,momentum_12m,G,21,21,21,21,,insufficient_pairs
2024-10-02,momentum_12m,H,58,58,58,58,0.3495339752068658,estimable
2024-10-02,momentum_12m,I,45,45,45,45,-0.0766798418972332,estimable
2024-10-02,momentum_12m,J,0,0,0,0,,insufficient_pairs
2024-10-02,rel_strength_6m,A,0,0,0,0,,insufficient_pairs
2024-10-02,rel_strength_6m,B,10,10,10,10,,insufficient_pairs
2024-10-02,rel_strength_6m,C,3,3,3,3,,insufficient_pairs
2024-10-02,rel_strength_6m,D,127,127,127,127,0.02004827521559805,estimable
2024-10-02,rel_strength_6m,E,36,36,36,36,0.0064350064350064354,estimable
2024-10-02,rel_strength_6m,F,5,5,5,5,,insufficient_pairs
2024-10-02,rel_strength_6m,G,21,21,21,21,,insufficient_pairs
2024-10-02,rel_strength_6m,H,58,58,58,58,-0.06850410655510782,estimable
2024-10-02,rel_strength_6m,I,45,45,45,45,-0.05915678524374176,estimable
2024-10-02,rel_strength_6m,J,0,0,0,0,,insufficient_pairs
2024-10-02,price_vs_sma200,A,0,0,0,0,,insufficient_pairs
2024-10-02,price_vs_sma200,B,10,10,10,10,,insufficient_pairs
2024-10-02,price_vs_sma200,C,3,3,3,3,,insufficient_pairs
2024-10-02,price_vs_sma200,D,127,127,127,127,0.09971409823772028,estimable
2024-10-02,price_vs_sma200,E,36,36,36,36,0.07335907335907337,estimable
2024-10-02,price_vs_sma200,F,5,5,5,5,,insufficient_pairs
2024-10-02,price_vs_sma200,G,21,21,21,21,,insufficient_pairs
2024-10-02,price_vs_sma200,H,58,58,58,58,0.017502845365898675,estimable
2024-10-02,price_vs_sma200,I,45,45,45,45,-0.0911725955204216,estimable
2024-10-02,price_vs_sma200,J,0,0,0,0,,insufficient_pairs
2024-10-02,debt_to_equity,A,0,0,0,0,,insufficient_pairs
2024-10-02,debt_to_equity,B,10,10,10,10,,insufficient_pairs
2024-10-02,debt_to_equity,C,3,2,3,2,,insufficient_pairs
2024-10-02,debt_to_equity,D,127,98,127,98,-0.09502770180237043,estimable
2024-10-02,debt_to_equity,E,36,27,36,27,,insufficient_pairs
2024-10-02,debt_to_equity,F,5,4,5,4,,insufficient_pairs
2024-10-02,debt_to_equity,G,21,11,21,11,,insufficient_pairs
2024-10-02,debt_to_equity,H,58,50,58,50,-0.22554621848739492,estimable
2024-10-02,debt_to_equity,I,45,30,45,30,0.26807563959955505,estimable
2024-10-02,debt_to_equity,J,0,0,0,0,,insufficient_pairs
2024-10-02,volatility,A,0,0,0,0,,insufficient_pairs
2024-10-02,volatility,B,10,10,10,10,,insufficient_pairs
2024-10-02,volatility,C,3,3,3,3,,insufficient_pairs
2024-10-02,volatility,D,127,127,127,127,0.06642529058867641,estimable
2024-10-02,volatility,E,36,36,36,36,-0.5935649935649936,estimable
2024-10-02,volatility,F,5,5,5,5,,insufficient_pairs
2024-10-02,volatility,G,21,21,21,21,,insufficient_pairs
2024-10-02,volatility,H,58,58,58,58,-0.3782644806053709,estimable
2024-10-02,volatility,I,45,45,45,45,0.010013175230566534,estimable
2024-10-02,volatility,J,0,0,0,0,,insufficient_pairs
2024-10-02,max_drawdown,A,0,0,0,0,,insufficient_pairs
2024-10-02,max_drawdown,B,10,10,10,10,,insufficient_pairs
2024-10-02,max_drawdown,C,3,3,3,3,,insufficient_pairs
2024-10-02,max_drawdown,D,127,127,127,127,0.03423204911886014,estimable
2024-10-02,max_drawdown,E,36,36,36,36,-0.5387387387387388,estimable
2024-10-02,max_drawdown,F,5,5,5,5,,insufficient_pairs
2024-10-02,max_drawdown,G,21,21,21,21,,insufficient_pairs
2024-10-02,max_drawdown,H,58,58,58,58,-0.1954228059921868,estimable
2024-10-02,max_drawdown,I,45,45,45,45,-0.021739130434782605,estimable
2024-10-02,max_drawdown,J,0,0,0,0,,insufficient_pairs
2025-01-02,pe,A,0,0,0,0,,insufficient_pairs
2025-01-02,pe,B,8,7,8,7,,insufficient_pairs
2025-01-02,pe,C,3,3,3,3,,insufficient_pairs
2025-01-02,pe,D,126,118,126,118,0.0567345582300717,estimable
2025-01-02,pe,E,35,27,35,27,,insufficient_pairs
2025-01-02,pe,F,5,5,5,5,,insufficient_pairs
2025-01-02,pe,G,19,18,19,18,,insufficient_pairs
2025-01-02,pe,H,58,54,58,54,0.11454164284352962,estimable
2025-01-02,pe,I,43,40,43,40,-0.13320825515947468,estimable
2025-01-02,pe,J,0,0,0,0,,insufficient_pairs
2025-01-02,pb,A,0,0,0,0,,insufficient_pairs
2025-01-02,pb,B,8,8,8,8,,insufficient_pairs
2025-01-02,pb,C,3,3,3,3,,insufficient_pairs
2025-01-02,pb,D,126,120,126,120,0.04632960622265435,estimable
2025-01-02,pb,E,35,35,35,35,0.1969187675070028,estimable
2025-01-02,pb,F,5,5,5,5,,insufficient_pairs
2025-01-02,pb,G,19,14,19,14,,insufficient_pairs
2025-01-02,pb,H,58,55,58,55,0.026479076479076484,estimable
2025-01-02,pb,I,43,39,43,39,-0.20020242914979758,estimable
2025-01-02,pb,J,0,0,0,0,,insufficient_pairs
2025-01-02,ev_ebitda,A,0,0,0,0,,insufficient_pairs
2025-01-02,ev_ebitda,B,8,6,8,6,,insufficient_pairs
2025-01-02,ev_ebitda,C,3,1,3,1,,insufficient_pairs
2025-01-02,ev_ebitda,D,126,76,126,76,-0.03934381408065619,estimable
2025-01-02,ev_ebitda,E,35,30,35,30,-0.14705228031145717,estimable
2025-01-02,ev_ebitda,F,5,3,5,3,,insufficient_pairs
2025-01-02,ev_ebitda,G,19,11,19,11,,insufficient_pairs
2025-01-02,ev_ebitda,H,58,21,58,21,,insufficient_pairs
2025-01-02,ev_ebitda,I,43,29,43,29,,insufficient_pairs
2025-01-02,ev_ebitda,J,0,0,0,0,,insufficient_pairs
2025-01-02,roic,A,0,0,0,0,,insufficient_pairs
2025-01-02,roic,B,8,7,8,7,,insufficient_pairs
2025-01-02,roic,C,3,2,3,2,,insufficient_pairs
2025-01-02,roic,D,126,95,126,95,-0.05432530795072788,estimable
2025-01-02,roic,E,35,23,35,23,,insufficient_pairs
2025-01-02,roic,F,5,4,5,4,,insufficient_pairs
2025-01-02,roic,G,19,14,19,14,,insufficient_pairs
2025-01-02,roic,H,58,49,58,49,0.2587755102040816,estimable
2025-01-02,roic,I,43,30,43,30,0.058064516129032254,estimable
2025-01-02,roic,J,0,0,0,0,,insufficient_pairs
2025-01-02,operating_margin,A,0,0,0,0,,insufficient_pairs
2025-01-02,operating_margin,B,8,7,8,7,,insufficient_pairs
2025-01-02,operating_margin,C,3,2,3,2,,insufficient_pairs
2025-01-02,operating_margin,D,126,110,126,110,-0.02680161395757726,estimable
2025-01-02,operating_margin,E,35,35,35,35,0.3952380952380953,estimable
2025-01-02,operating_margin,F,5,4,5,4,,insufficient_pairs
2025-01-02,operating_margin,G,19,18,19,18,,insufficient_pairs
2025-01-02,operating_margin,H,58,29,58,29,,insufficient_pairs
2025-01-02,operating_margin,I,43,42,43,42,-0.020176646949193744,estimable
2025-01-02,operating_margin,J,0,0,0,0,,insufficient_pairs
2025-01-02,revenue_cagr_3y,A,0,0,0,0,,insufficient_pairs
2025-01-02,revenue_cagr_3y,B,8,8,8,8,,insufficient_pairs
2025-01-02,revenue_cagr_3y,C,3,3,3,3,,insufficient_pairs
2025-01-02,revenue_cagr_3y,D,126,124,126,124,-0.16649567269866247,estimable
2025-01-02,revenue_cagr_3y,E,35,34,35,34,-0.26783804430863256,estimable
2025-01-02,revenue_cagr_3y,F,5,5,5,5,,insufficient_pairs
2025-01-02,revenue_cagr_3y,G,19,19,19,19,,insufficient_pairs
2025-01-02,revenue_cagr_3y,H,58,58,58,58,-0.04647943646374851,estimable
2025-01-02,revenue_cagr_3y,I,43,43,43,43,-0.25354877680459076,estimable
2025-01-02,revenue_cagr_3y,J,0,0,0,0,,insufficient_pairs
2025-01-02,fcf_cagr_3y,A,0,0,0,0,,insufficient_pairs
2025-01-02,fcf_cagr_3y,B,8,4,8,4,,insufficient_pairs
2025-01-02,fcf_cagr_3y,C,3,3,3,3,,insufficient_pairs
2025-01-02,fcf_cagr_3y,D,126,94,126,94,-0.1691651916338547,estimable
2025-01-02,fcf_cagr_3y,E,35,10,35,10,,insufficient_pairs
2025-01-02,fcf_cagr_3y,F,5,3,5,3,,insufficient_pairs
2025-01-02,fcf_cagr_3y,G,19,16,19,16,,insufficient_pairs
2025-01-02,fcf_cagr_3y,H,58,26,58,26,,insufficient_pairs
2025-01-02,fcf_cagr_3y,I,43,34,43,34,-0.03712757830404889,estimable
2025-01-02,fcf_cagr_3y,J,0,0,0,0,,insufficient_pairs
2025-01-02,momentum_12m,A,0,0,0,0,,insufficient_pairs
2025-01-02,momentum_12m,B,8,8,8,8,,insufficient_pairs
2025-01-02,momentum_12m,C,3,3,3,3,,insufficient_pairs
2025-01-02,momentum_12m,D,126,126,126,126,0.12160779902512188,estimable
2025-01-02,momentum_12m,E,35,35,35,35,-0.0473389355742297,estimable
2025-01-02,momentum_12m,F,5,5,5,5,,insufficient_pairs
2025-01-02,momentum_12m,G,19,19,19,19,,insufficient_pairs
2025-01-02,momentum_12m,H,58,58,58,58,-0.23307391799194072,estimable
2025-01-02,momentum_12m,I,43,43,43,43,0.20869827846572034,estimable
2025-01-02,momentum_12m,J,0,0,0,0,,insufficient_pairs
2025-01-02,rel_strength_6m,A,0,0,0,0,,insufficient_pairs
2025-01-02,rel_strength_6m,B,8,8,8,8,,insufficient_pairs
2025-01-02,rel_strength_6m,C,3,3,3,3,,insufficient_pairs
2025-01-02,rel_strength_6m,D,126,126,126,126,0.22124334458192726,estimable
2025-01-02,rel_strength_6m,E,35,35,35,35,-0.0784313725490196,estimable
2025-01-02,rel_strength_6m,F,5,5,5,5,,insufficient_pairs
2025-01-02,rel_strength_6m,G,19,19,19,19,,insufficient_pairs
2025-01-02,rel_strength_6m,H,58,58,58,58,-0.2882586360700114,estimable
2025-01-02,rel_strength_6m,I,43,43,43,43,0.04515252189670794,estimable
2025-01-02,rel_strength_6m,J,0,0,0,0,,insufficient_pairs
2025-01-02,price_vs_sma200,A,0,0,0,0,,insufficient_pairs
2025-01-02,price_vs_sma200,B,8,8,8,8,,insufficient_pairs
2025-01-02,price_vs_sma200,C,3,3,3,3,,insufficient_pairs
2025-01-02,price_vs_sma200,D,126,126,126,126,0.12581927259092615,estimable
2025-01-02,price_vs_sma200,E,35,35,35,35,-0.13557422969187674,estimable
2025-01-02,price_vs_sma200,F,5,5,5,5,,insufficient_pairs
2025-01-02,price_vs_sma200,G,19,19,19,19,,insufficient_pairs
2025-01-02,price_vs_sma200,H,58,58,58,58,-0.3280629979390323,estimable
2025-01-02,price_vs_sma200,I,43,43,43,43,0.05949864089398972,estimable
2025-01-02,price_vs_sma200,J,0,0,0,0,,insufficient_pairs
2025-01-02,debt_to_equity,A,0,0,0,0,,insufficient_pairs
2025-01-02,debt_to_equity,B,8,8,8,8,,insufficient_pairs
2025-01-02,debt_to_equity,C,3,2,3,2,,insufficient_pairs
2025-01-02,debt_to_equity,D,126,95,126,95,-0.19062150055991042,estimable
2025-01-02,debt_to_equity,E,35,27,35,27,,insufficient_pairs
2025-01-02,debt_to_equity,F,5,4,5,4,,insufficient_pairs
2025-01-02,debt_to_equity,G,19,9,19,9,,insufficient_pairs
2025-01-02,debt_to_equity,H,58,50,58,50,0.40014405762304917,estimable
2025-01-02,debt_to_equity,I,43,29,43,29,,insufficient_pairs
2025-01-02,debt_to_equity,J,0,0,0,0,,insufficient_pairs
2025-01-02,volatility,A,0,0,0,0,,insufficient_pairs
2025-01-02,volatility,B,8,8,8,8,,insufficient_pairs
2025-01-02,volatility,C,3,3,3,3,,insufficient_pairs
2025-01-02,volatility,D,126,126,126,126,0.5627086614173229,estimable
2025-01-02,volatility,E,35,35,35,35,0.6647058823529413,estimable
2025-01-02,volatility,F,5,5,5,5,,insufficient_pairs
2025-01-02,volatility,G,19,19,19,19,,insufficient_pairs
2025-01-02,volatility,H,58,58,58,58,0.5041373158202344,estimable
2025-01-02,volatility,I,43,43,43,43,0.4035034732709151,estimable
2025-01-02,volatility,J,0,0,0,0,,insufficient_pairs
2025-01-02,max_drawdown,A,0,0,0,0,,insufficient_pairs
2025-01-02,max_drawdown,B,8,8,8,8,,insufficient_pairs
2025-01-02,max_drawdown,C,3,3,3,3,,insufficient_pairs
2025-01-02,max_drawdown,D,126,126,126,126,0.32414848143982006,estimable
2025-01-02,max_drawdown,E,35,35,35,35,0.47366946778711494,estimable
2025-01-02,max_drawdown,F,5,5,5,5,,insufficient_pairs
2025-01-02,max_drawdown,G,19,19,19,19,,insufficient_pairs
2025-01-02,max_drawdown,H,58,58,58,58,0.14300655203174506,estimable
2025-01-02,max_drawdown,I,43,43,43,43,0.4411054062216852,estimable
2025-01-02,max_drawdown,J,0,0,0,0,,insufficient_pairs
2025-04-02,pe,A,0,0,0,0,,insufficient_pairs
2025-04-02,pe,B,9,8,9,8,,insufficient_pairs
2025-04-02,pe,C,2,2,2,2,,insufficient_pairs
2025-04-02,pe,D,131,122,131,122,0.13612075830824696,estimable
2025-04-02,pe,E,34,28,34,28,,insufficient_pairs
2025-04-02,pe,F,5,5,5,5,,insufficient_pairs
2025-04-02,pe,G,20,19,20,19,,insufficient_pairs
2025-04-02,pe,H,56,53,56,53,0.21383647798742136,estimable
2025-04-02,pe,I,49,46,49,46,0.15547332716620413,estimable
2025-04-02,pe,J,0,0,0,0,,insufficient_pairs
2025-04-02,pb,A,0,0,0,0,,insufficient_pairs
2025-04-02,pb,B,9,9,9,9,,insufficient_pairs
2025-04-02,pb,C,2,2,2,2,,insufficient_pairs
2025-04-02,pb,D,131,125,131,125,-0.006052227342549923,estimable
2025-04-02,pb,E,34,34,34,34,-0.07990832696715049,estimable
2025-04-02,pb,F,5,5,5,5,,insufficient_pairs
2025-04-02,pb,G,20,15,20,15,,insufficient_pairs
2025-04-02,pb,H,56,54,56,54,0.3016199733180865,estimable
2025-04-02,pb,I,49,43,49,43,0.23225611597704623,estimable
2025-04-02,pb,J,0,0,0,0,,insufficient_pairs
2025-04-02,ev_ebitda,A,0,0,0,0,,insufficient_pairs
2025-04-02,ev_ebitda,B,9,7,9,7,,insufficient_pairs
2025-04-02,ev_ebitda,C,2,0,2,0,,insufficient_pairs
2025-04-02,ev_ebitda,D,131,74,131,74,0.06840429470566456,estimable
2025-04-02,ev_ebitda,E,34,28,34,28,,insufficient_pairs
2025-04-02,ev_ebitda,F,5,3,5,3,,insufficient_pairs
2025-04-02,ev_ebitda,G,20,14,20,14,,insufficient_pairs
2025-04-02,ev_ebitda,H,56,23,56,23,,insufficient_pairs
2025-04-02,ev_ebitda,I,49,32,49,32,0.33064516129032256,estimable
2025-04-02,ev_ebitda,J,0,0,0,0,,insufficient_pairs
2025-04-02,roic,A,0,0,0,0,,insufficient_pairs
2025-04-02,roic,B,9,8,9,8,,insufficient_pairs
2025-04-02,roic,C,2,1,2,1,,insufficient_pairs
2025-04-02,roic,D,131,96,131,96,0.1931497558328812,estimable
2025-04-02,roic,E,34,20,34,20,,insufficient_pairs
2025-04-02,roic,F,5,4,5,4,,insufficient_pairs
2025-04-02,roic,G,20,15,20,15,,insufficient_pairs
2025-04-02,roic,H,56,47,56,47,-0.036771507863089734,estimable
2025-04-02,roic,I,49,32,49,32,-0.2657624633431085,estimable
2025-04-02,roic,J,0,0,0,0,,insufficient_pairs
2025-04-02,operating_margin,A,0,0,0,0,,insufficient_pairs
2025-04-02,operating_margin,B,9,7,9,7,,insufficient_pairs
2025-04-02,operating_margin,C,2,1,2,1,,insufficient_pairs
2025-04-02,operating_margin,D,131,115,131,115,0.08526789236960468,estimable
2025-04-02,operating_margin,E,34,34,34,34,-0.22811306340718102,estimable
2025-04-02,operating_margin,F,5,4,5,4,,insufficient_pairs
2025-04-02,operating_margin,G,20,18,20,18,,insufficient_pairs
2025-04-02,operating_margin,H,56,30,56,30,0.1839822024471635,estimable
2025-04-02,operating_margin,I,49,48,49,48,-0.031046461137646548,estimable
2025-04-02,operating_margin,J,0,0,0,0,,insufficient_pairs
2025-04-02,revenue_cagr_3y,A,0,0,0,0,,insufficient_pairs
2025-04-02,revenue_cagr_3y,B,9,9,9,9,,insufficient_pairs
2025-04-02,revenue_cagr_3y,C,2,2,2,2,,insufficient_pairs
2025-04-02,revenue_cagr_3y,D,131,130,131,130,0.07195236859714048,estimable
2025-04-02,revenue_cagr_3y,E,34,34,34,34,0.1122994652406417,estimable
2025-04-02,revenue_cagr_3y,F,5,5,5,5,,insufficient_pairs
2025-04-02,revenue_cagr_3y,G,20,20,20,20,,insufficient_pairs
2025-04-02,revenue_cagr_3y,H,56,56,56,56,-0.1761449077238551,estimable
2025-04-02,revenue_cagr_3y,I,49,49,49,49,0.4306122448979591,estimable
2025-04-02,revenue_cagr_3y,J,0,0,0,0,,insufficient_pairs
2025-04-02,fcf_cagr_3y,A,0,0,0,0,,insufficient_pairs
2025-04-02,fcf_cagr_3y,B,9,4,9,4,,insufficient_pairs
2025-04-02,fcf_cagr_3y,C,2,2,2,2,,insufficient_pairs
2025-04-02,fcf_cagr_3y,D,131,98,131,98,0.18128901044954063,estimable
2025-04-02,fcf_cagr_3y,E,34,15,34,15,,insufficient_pairs
2025-04-02,fcf_cagr_3y,F,5,4,5,4,,insufficient_pairs
2025-04-02,fcf_cagr_3y,G,20,17,20,17,,insufficient_pairs
2025-04-02,fcf_cagr_3y,H,56,25,56,25,,insufficient_pairs
2025-04-02,fcf_cagr_3y,I,49,36,49,36,0.08442728442728444,estimable
2025-04-02,fcf_cagr_3y,J,0,0,0,0,,insufficient_pairs
2025-04-02,momentum_12m,A,0,0,0,0,,insufficient_pairs
2025-04-02,momentum_12m,B,9,9,9,9,,insufficient_pairs
2025-04-02,momentum_12m,C,2,2,2,2,,insufficient_pairs
2025-04-02,momentum_12m,D,131,131,131,131,-0.10509795547963487,estimable
2025-04-02,momentum_12m,E,34,34,34,34,-0.28770053475935825,estimable
2025-04-02,momentum_12m,F,5,5,5,5,,insufficient_pairs
2025-04-02,momentum_12m,G,20,20,20,20,,insufficient_pairs
2025-04-02,momentum_12m,H,56,56,56,56,0.1115516062884484,estimable
2025-04-02,momentum_12m,I,49,49,49,49,-0.32806122448979586,estimable
2025-04-02,momentum_12m,J,0,0,0,0,,insufficient_pairs
2025-04-02,rel_strength_6m,A,0,0,0,0,,insufficient_pairs
2025-04-02,rel_strength_6m,B,9,9,9,9,,insufficient_pairs
2025-04-02,rel_strength_6m,C,2,2,2,2,,insufficient_pairs
2025-04-02,rel_strength_6m,D,131,131,131,131,-0.17438744461645225,estimable
2025-04-02,rel_strength_6m,E,34,34,34,34,-0.2397249809014515,estimable
2025-04-02,rel_strength_6m,F,5,5,5,5,,insufficient_pairs
2025-04-02,rel_strength_6m,G,20,20,20,20,,insufficient_pairs
2025-04-02,rel_strength_6m,H,56,56,56,56,0.15160628844839374,estimable
2025-04-02,rel_strength_6m,I,49,49,49,49,-0.2910204081632653,estimable
2025-04-02,rel_strength_6m,J,0,0,0,0,,insufficient_pairs
2025-04-02,price_vs_sma200,A,0,0,0,0,,insufficient_pairs
2025-04-02,price_vs_sma200,B,9,9,9,9,,insufficient_pairs
2025-04-02,price_vs_sma200,C,2,2,2,2,,insufficient_pairs
2025-04-02,price_vs_sma200,D,131,131,131,131,-0.25605081940959806,estimable
2025-04-02,price_vs_sma200,E,34,34,34,34,-0.4505729564553093,estimable
2025-04-02,price_vs_sma200,F,5,5,5,5,,insufficient_pairs
2025-04-02,price_vs_sma200,G,20,20,20,20,,insufficient_pairs
2025-04-02,price_vs_sma200,H,56,56,56,56,-0.17470950102529048,estimable
2025-04-02,price_vs_sma200,I,49,49,49,49,-0.34673469387755096,estimable
2025-04-02,price_vs_sma200,J,0,0,0,0,,insufficient_pairs
2025-04-02,debt_to_equity,A,0,0,0,0,,insufficient_pairs
2025-04-02,debt_to_equity,B,9,9,9,9,,insufficient_pairs
2025-04-02,debt_to_equity,C,2,1,2,1,,insufficient_pairs
2025-04-02,debt_to_equity,D,131,97,131,97,0.24705449189985268,estimable
2025-04-02,debt_to_equity,E,34,25,34,25,,insufficient_pairs
2025-04-02,debt_to_equity,F,5,4,5,4,,insufficient_pairs
2025-04-02,debt_to_equity,G,20,10,20,10,,insufficient_pairs
2025-04-02,debt_to_equity,H,56,48,56,48,-0.1504559270516717,estimable
2025-04-02,debt_to_equity,I,49,31,49,31,-0.012903225806451615,estimable
2025-04-02,debt_to_equity,J,0,0,0,0,,insufficient_pairs
2025-04-02,volatility,A,0,0,0,0,,insufficient_pairs
2025-04-02,volatility,B,9,9,9,9,,insufficient_pairs
2025-04-02,volatility,C,2,2,2,2,,insufficient_pairs
2025-04-02,volatility,D,131,131,131,131,-0.5651577430203385,estimable
2025-04-02,volatility,E,34,34,34,34,-0.6204736440030557,estimable
2025-04-02,volatility,F,5,5,5,5,,insufficient_pairs
2025-04-02,volatility,G,20,20,20,20,,insufficient_pairs
2025-04-02,volatility,H,56,56,56,56,-0.46473000683527005,estimable
2025-04-02,volatility,I,49,49,49,49,-0.5232653061224489,estimable
2025-04-02,volatility,J,0,0,0,0,,insufficient_pairs
2025-04-02,max_drawdown,A,0,0,0,0,,insufficient_pairs
2025-04-02,max_drawdown,B,9,9,9,9,,insufficient_pairs
2025-04-02,max_drawdown,C,2,2,2,2,,insufficient_pairs
2025-04-02,max_drawdown,D,131,131,131,131,-0.30706774141888643,estimable
2025-04-02,max_drawdown,E,34,34,34,34,-0.4704354469060351,estimable
2025-04-02,max_drawdown,F,5,5,5,5,,insufficient_pairs
2025-04-02,max_drawdown,G,20,20,20,20,,insufficient_pairs
2025-04-02,max_drawdown,H,56,56,56,56,-0.29644565960355435,estimable
2025-04-02,max_drawdown,I,49,49,49,49,-0.36234693877551016,estimable
2025-04-02,max_drawdown,J,0,0,0,0,,insufficient_pairs
2025-07-02,pe,A,0,0,0,0,,insufficient_pairs
2025-07-02,pe,B,9,8,9,8,,insufficient_pairs
2025-07-02,pe,C,2,2,2,2,,insufficient_pairs
2025-07-02,pe,D,128,119,127,118,0.20105617214291194,estimable
2025-07-02,pe,E,33,27,33,27,,insufficient_pairs
2025-07-02,pe,F,5,5,5,5,,insufficient_pairs
2025-07-02,pe,G,20,19,20,19,,insufficient_pairs
2025-07-02,pe,H,54,51,54,51,0.2820814479638009,estimable
2025-07-02,pe,I,46,42,46,42,0.06231261648164655,estimable
2025-07-02,pe,J,0,0,0,0,,insufficient_pairs
2025-07-02,pb,A,0,0,0,0,,insufficient_pairs
2025-07-02,pb,B,9,9,9,9,,insufficient_pairs
2025-07-02,pb,C,2,2,2,2,,insufficient_pairs
2025-07-02,pb,D,128,122,127,121,0.06211217992141985,estimable
2025-07-02,pb,E,33,33,33,33,0.25066844919786097,estimable
2025-07-02,pb,F,5,5,5,5,,insufficient_pairs
2025-07-02,pb,G,20,15,20,15,,insufficient_pairs
2025-07-02,pb,H,54,53,54,53,0.3595387840670859,estimable
2025-07-02,pb,I,46,41,46,41,-0.05365853658536586,estimable
2025-07-02,pb,J,0,0,0,0,,insufficient_pairs
2025-07-02,ev_ebitda,A,0,0,0,0,,insufficient_pairs
2025-07-02,ev_ebitda,B,9,7,9,7,,insufficient_pairs
2025-07-02,ev_ebitda,C,2,0,2,0,,insufficient_pairs
2025-07-02,ev_ebitda,D,128,77,127,76,0.12090225563909773,estimable
2025-07-02,ev_ebitda,E,33,27,33,27,,insufficient_pairs
2025-07-02,ev_ebitda,F,5,3,5,3,,insufficient_pairs
2025-07-02,ev_ebitda,G,20,13,20,13,,insufficient_pairs
2025-07-02,ev_ebitda,H,54,21,54,21,,insufficient_pairs
2025-07-02,ev_ebitda,I,46,28,46,28,,insufficient_pairs
2025-07-02,ev_ebitda,J,0,0,0,0,,insufficient_pairs
2025-07-02,roic,A,0,0,0,0,,insufficient_pairs
2025-07-02,roic,B,9,8,9,8,,insufficient_pairs
2025-07-02,roic,C,2,1,2,1,,insufficient_pairs
2025-07-02,roic,D,128,98,127,97,0.086011466442247,estimable
2025-07-02,roic,E,33,19,33,19,,insufficient_pairs
2025-07-02,roic,F,5,4,5,4,,insufficient_pairs
2025-07-02,roic,G,20,14,20,14,,insufficient_pairs
2025-07-02,roic,H,54,46,54,46,-0.05753931544865865,estimable
2025-07-02,roic,I,46,31,46,31,-0.1306451612903226,estimable
2025-07-02,roic,J,0,0,0,0,,insufficient_pairs
2025-07-02,operating_margin,A,0,0,0,0,,insufficient_pairs
2025-07-02,operating_margin,B,9,7,9,7,,insufficient_pairs
2025-07-02,operating_margin,C,2,1,2,1,,insufficient_pairs
2025-07-02,operating_margin,D,128,113,127,112,-0.01950148631564561,estimable
2025-07-02,operating_margin,E,33,33,33,33,-0.08689839572192513,estimable
2025-07-02,operating_margin,F,5,4,5,4,,insufficient_pairs
2025-07-02,operating_margin,G,20,18,20,18,,insufficient_pairs
2025-07-02,operating_margin,H,54,28,54,28,,insufficient_pairs
2025-07-02,operating_margin,I,46,45,46,45,-0.10421607378129116,estimable
2025-07-02,operating_margin,J,0,0,0,0,,insufficient_pairs
2025-07-02,revenue_cagr_3y,A,0,0,0,0,,insufficient_pairs
2025-07-02,revenue_cagr_3y,B,9,9,9,9,,insufficient_pairs
2025-07-02,revenue_cagr_3y,C,2,2,2,2,,insufficient_pairs
2025-07-02,revenue_cagr_3y,D,128,125,127,124,0.06680723839496458,estimable
2025-07-02,revenue_cagr_3y,E,33,33,33,33,0.16711229946524064,estimable
2025-07-02,revenue_cagr_3y,F,5,5,5,5,,insufficient_pairs
2025-07-02,revenue_cagr_3y,G,20,20,20,20,,insufficient_pairs
2025-07-02,revenue_cagr_3y,H,54,54,54,54,-0.11812464265294452,estimable
2025-07-02,revenue_cagr_3y,I,46,46,46,46,0.1253777366635831,estimable
2025-07-02,revenue_cagr_3y,J,0,0,0,0,,insufficient_pairs
2025-07-02,fcf_cagr_3y,A,0,0,0,0,,insufficient_pairs
2025-07-02,fcf_cagr_3y,B,9,4,9,4,,insufficient_pairs
2025-07-02,fcf_cagr_3y,C,2,2,2,2,,insufficient_pairs
2025-07-02,fcf_cagr_3y,D,128,94,127,94,-0.03556695444857855,estimable
2025-07-02,fcf_cagr_3y,E,33,14,33,14,,insufficient_pairs
2025-07-02,fcf_cagr_3y,F,5,4,5,4,,insufficient_pairs
2025-07-02,fcf_cagr_3y,G,20,17,20,17,,insufficient_pairs
2025-07-02,fcf_cagr_3y,H,54,24,54,24,,insufficient_pairs
2025-07-02,fcf_cagr_3y,I,46,34,46,34,-0.13277310924369748,estimable
2025-07-02,fcf_cagr_3y,J,0,0,0,0,,insufficient_pairs
2025-07-02,momentum_12m,A,0,0,0,0,,insufficient_pairs
2025-07-02,momentum_12m,B,9,9,9,9,,insufficient_pairs
2025-07-02,momentum_12m,C,2,2,2,2,,insufficient_pairs
2025-07-02,momentum_12m,D,128,128,127,127,-0.027693803899512558,estimable
2025-07-02,momentum_12m,E,33,33,33,33,0.37065508021390375,estimable
2025-07-02,momentum_12m,F,5,5,5,5,,insufficient_pairs
2025-07-02,momentum_12m,G,20,20,20,20,,insufficient_pairs
2025-07-02,momentum_12m,H,54,54,54,54,0.22256527539546406,estimable
2025-07-02,momentum_12m,I,46,46,46,46,0.3620721554116559,estimable
2025-07-02,momentum_12m,J,0,0,0,0,,insufficient_pairs
2025-07-02,rel_strength_6m,A,0,0,0,0,,insufficient_pairs
2025-07-02,rel_strength_6m,B,9,9,9,9,,insufficient_pairs
2025-07-02,rel_strength_6m,C,2,2,2,2,,insufficient_pairs
2025-07-02,rel_strength_6m,D,128,128,127,127,0.09693124296962878,estimable
2025-07-02,rel_strength_6m,E,33,33,33,33,0.07854278074866311,estimable
2025-07-02,rel_strength_6m,F,5,5,5,5,,insufficient_pairs
2025-07-02,rel_strength_6m,G,20,20,20,20,,insufficient_pairs
2025-07-02,rel_strength_6m,H,54,54,54,54,0.07611968744044215,estimable
2025-07-02,rel_strength_6m,I,46,46,46,46,0.5351218008017268,estimable
2025-07-02,rel_strength_6m,J,0,0,0,0,,insufficient_pairs
2025-07-02,price_vs_sma200,A,0,0,0,0,,insufficient_pairs
2025-07-02,price_vs_sma200,B,9,9,9,9,,insufficient_pairs
2025-07-02,price_vs_sma200,C,2,2,2,2,,insufficient_pairs
2025-07-02,price_vs_sma200,D,128,128,127,127,0.12209997187851518,estimable
2025-07-02,price_vs_sma200,E,33,33,33,33,0.29979946524064177,estimable
2025-07-02,price_vs_sma200,F,5,5,5,5,,insufficient_pairs
2025-07-02,price_vs_sma200,G,20,20,20,20,,insufficient_pairs
2025-07-02,price_vs_sma200,H,54,54,54,54,0.18940346864875163,estimable
2025-07-02,price_vs_sma200,I,46,46,46,46,0.5813752698119026,estimable
2025-07-02,price_vs_sma200,J,0,0,0,0,,insufficient_pairs
2025-07-02,debt_to_equity,A,0,0,0,0,,insufficient_pairs
2025-07-02,debt_to_equity,B,9,9,9,9,,insufficient_pairs
2025-07-02,debt_to_equity,C,2,1,2,1,,insufficient_pairs
2025-07-02,debt_to_equity,D,128,98,127,97,0.1333236903008626,estimable
2025-07-02,debt_to_equity,E,33,24,33,24,,insufficient_pairs
2025-07-02,debt_to_equity,F,5,4,5,4,,insufficient_pairs
2025-07-02,debt_to_equity,G,20,9,20,9,,insufficient_pairs
2025-07-02,debt_to_equity,H,54,47,54,47,0.17264107308048107,estimable
2025-07-02,debt_to_equity,I,46,30,46,30,-0.12302558398220245,estimable
2025-07-02,debt_to_equity,J,0,0,0,0,,insufficient_pairs
2025-07-02,volatility,A,0,0,0,0,,insufficient_pairs
2025-07-02,volatility,B,9,9,9,9,,insufficient_pairs
2025-07-02,volatility,C,2,2,2,2,,insufficient_pairs
2025-07-02,volatility,D,128,128,127,127,-0.17297642482189726,estimable
2025-07-02,volatility,E,33,33,33,33,-0.08823529411764706,estimable
2025-07-02,volatility,F,5,5,5,5,,insufficient_pairs
2025-07-02,volatility,G,20,20,20,20,,insufficient_pairs
2025-07-02,volatility,H,54,54,54,54,-0.22332761578044594,estimable
2025-07-02,volatility,I,46,46,46,46,-0.05531914893617021,estimable
2025-07-02,volatility,J,0,0,0,0,,insufficient_pairs
2025-07-02,max_drawdown,A,0,0,0,0,,insufficient_pairs
2025-07-02,max_drawdown,B,9,9,9,9,,insufficient_pairs
2025-07-02,max_drawdown,C,2,2,2,2,,insufficient_pairs
2025-07-02,max_drawdown,D,128,128,127,127,-0.2371578552680915,estimable
2025-07-02,max_drawdown,E,33,33,33,33,-0.13703208556149735,estimable
2025-07-02,max_drawdown,F,5,5,5,5,,insufficient_pairs
2025-07-02,max_drawdown,G,20,20,20,20,,insufficient_pairs
2025-07-02,max_drawdown,H,54,54,54,54,-0.25488850771869637,estimable
2025-07-02,max_drawdown,I,46,46,46,46,0.18482886216466235,estimable
2025-07-02,max_drawdown,J,0,0,0,0,,insufficient_pairs
