date,strategy,spy
2016-01-04,99930.02498750627,99949.02548725638
2016-01-05,100157.8120470657,100118.09268915052
2016-01-06,98820.22997715822,98855.17769941207
2016-01-07,96999.1609530507,96483.4853168928
2016-01-08,95728.64211793349,95424.45527558218
2016-01-11,95996.8388328355,95518.9104494301
2016-01-12,96758.20015302466,96289.60743337724
2016-01-13,94264.59161380364,93888.07383930312
2016-01-14,95350.4013951559,95429.42281140192
2016-01-15,93520.4107567306,93380.88123277984
2016-01-19,93909.03722619936,93505.21361481896
2016-01-20,92900.4961580078,92306.93958485089
2016-01-21,92560.3513720316,92824.02226721818
2016-01-22,94614.6721941624,94728.37031968126
2016-01-25,93332.4205113135,93296.3881280487
2016-01-26,94777.39176182212,94569.23818942664
2016-01-27,93889.07090867076,93540.01336303446
2016-01-28,94722.02777054298,94027.29083048333
2016-01-29,97477.07019888156,96319.38565081844
2016-02-01,97674.8701148124,96284.63989755748
2016-02-02,96044.73405494406,94549.34104867037
2016-02-03,96089.33503900724,95116.15308418967
2016-02-04,96390.8418456574,95265.32314532757
2016-02-05,94487.49187455316,93450.49872752902
2016-02-08,93109.00760258026,92192.5872702467
2016-02-09,94044.20883505436,92197.54580690736
2016-02-10,94411.79921352753,92118.00223967778
2016-02-11,93382.58624946016,90919.74620802788
2016-02-12,95197.28622797636,92794.21705229972
2016-02-16,96603.9102159828,94360.41270265637
2016-02-17,98039.3346916324,95901.74367643696
2016-02-18,98483.54094676956,95509.00237526788
2016-02-19,98981.48807697922,95464.23155877652
2016-02-22,99999.6485427644,96846.4573997798
2016-02-23,99025.19330854126,95623.3276923948
2016-02-24,99640.17342691802,96060.86680753253
2016-02-25,100501.72082397138,97224.3140918078
2016-02-26,99728.52419788932,97000.61299505558
2016-02-29,99227.65500169144,96239.86908106612
2016-03-01,101169.67874925878,98502.15868648276
2016-03-02,101193.18870933032,98944.7013340766
2016-03-03,101832.66149731184,99332.5380935396
2016-03-04,102168.80064992725,99655.70689575496
2016-03-07,102032.14907520109,99735.25946214364
2016-03-08,101511.75344422276,98646.3342143236
2016-03-09,101910.36874560548,99133.62968009064
2016-03-10,102002.72806634032,99213.1912456384
2016-03-11,103612.90537618194,100814.17764505144
2016-03-14,103371.83956772734,100684.92272298802
2016-03-15,103292.81234148696,100520.84105523182
2016-03-16,104051.22102770252,101102.57369652858
2016-03-17,104947.41723400644,101743.96176345772
2016-03-18,105357.23810799318,102143.7854028336
2016-03-21,105405.41256642532,102288.7078608792
2016-03-22,105248.49952128882,102233.74099713464
2016-03-23,104724.7898672402,101559.0830390359
2016-03-24,104610.72781713498,101514.0872435672
2016-03-28,104759.312127465,101574.0486406088
2016-03-29,105818.47767698886,102513.6328432682
2016-03-30,106034.67212391116,102963.42881309158
2016-03-31,105924.59336197036,102713.55816169476
2016-04-01,106649.52306321148,103413.2067845968
2016-04-04,105451.29878027744,103078.35707387776
2016-04-05,104648.27017190044,102048.83527523551
2016-04-06,105211.35944804589,103163.35413151816
2016-04-07,103861.3676800594,101928.88548367504
2016-04-08,103638.33469706062,102203.75579903428
2016-04-11,103314.70978313732,101963.89221254968
2016-04-12,103809.07405605249,102913.44748348494
2016-04-13,104625.628482481,103952.98534619852
2016-04-14,104352.67998679324,103957.97987949556
2016-04-15,104602.61477413157,103843.04261955028
2016-04-18,105100.70643640235,104572.69443887088
2016-04-19,105150.088222676,104902.53161797467
2016-04-20,104754.12858516363,105002.48527802888
2016-04-21,103481.67794826944,104437.77904573748
2016-04-22,103762.68136203708,104437.77904573748
2016-04-25,104067.9173314121,104257.82286133993
2016-04-26,104700.35243474922,104412.75238429778
2016-04-27,105489.13812438492,104627.68830009272
2016-04-28,103835.9735708336,103678.11503083928
2016-04-29,103151.89406416476,103118.35833604944
2016-05-02,104276.94522285787,103937.98374798926
2016-05-03,103733.86856611053,103033.4152733636
2016-05-04,103335.44510332336,102458.63898204634
2016-05-05,103334.57036297816,102438.63385138096
2016-05-06,104050.67422442412,102813.51182174894
2016-05-09,104327.35285761589,102898.44588527568
2016-05-10,105029.40884929225,104177.84733447384
2016-05-11,103274.81868167684,103203.31039789435
2016-05-12,103502.5931054076,103233.27759767653
2016-05-13,103293.5701137519,102333.68565802972
2016-05-16,104109.06695915564,103343.25632096114
2016-05-17,102805.93075674196,102378.68145349844
2016-05-18,102935.43947025314,102408.6576524397
2016-05-19,102338.19323999976,102053.80281105528
2016-05-20,103369.43382657868,102698.52056684913
2016-05-23,102841.737088761,102558.64663705508
2016-05-24,104593.78066718334,103887.95742258716
2016-05-25,104912.56949580496,104592.68157121808
2016-05-26,105197.72119492853,104622.67576847752
2016-05-27,105888.79762509276,105072.50773493727
2016-05-31,106004.57204598656,104872.57341735162
2016-06-01,106543.80661715596,105087.47333651016
2016-06-02,107191.30708850652,105407.32144901996
2016-06-03,107226.23789505597,105092.4678698072
2016-06-06,107542.81269570354,105627.2338997937
2016-06-07,107790.44736048064,105792.12549186834
2016-06-08,108648.3606671512,106136.9822674996
2016-06-09,108759.23943385156,105992.05081029492
2016-06-10,107840.89165994363,104987.51067729689
2016-06-13,107358.117519628,104177.84733447384
2016-06-14,107366.38311516106,103972.92748275024
2016-06-15,107301.13162334544,103828.03202218191
2016-06-16,107606.48158730884,104137.90906641584
2016-06-17,106932.03904689405,103750.07230695285
2016-06-20,107889.18225473844,104418.21487386768
2016-06-21,108094.54796806778,104714.63817525643
2016-06-22,108286.08602967196,104543.82513649814
2016-06-23,109663.47861990494,105905.1999258812
2016-06-24,106288.74316062908,102102.25428361596
2016-06-27,105118.00501987628,100273.63415492674
2016-06-28,106694.95365145308,102082.16816051872
2016-06-29,108258.56756229202,103820.40073527042
2016-06-30,109906.39520457848,105237.06635812543
2016-07-01,109902.927880128,105458.112702945
2016-07-05,109811.55340486018,104699.56458377444
2016-07-06,109975.29975496928,105327.48990869935
2016-07-07,109918.60197797295,105262.19201031516
2016-07-08,111803.67573547836,106829.60254714944
2016-07-11,112389.08235716668,107206.37034092714
2016-07-12,112206.2462582841,107985.0855756268
2016-07-13,112177.87960810424,107969.9939858266
2016-07-14,112405.62657447752,108572.82965519816
2016-07-15,112237.40659162108,108427.16026694776
2016-07-18,112409.20115511234,108718.50804260766
2016-07-19,112182.19611928506,108607.9893697774
2016-07-20,113066.43819222448,109060.12512096518
2016-07-21,112364.30410180008,108648.19761260826
2016-07-22,113226.46632178592,109135.49307837528
2016-07-25,113300.49831571394,108839.0877753047
2016-07-26,113560.88872223836,108889.35707800234
2016-07-27,113353.19121947432,108773.7808777614
2016-07-28,114120.47098975565,108899.39114039186
2016-07-29,114369.43725120768,109075.24370824268
2016-08-01,114571.99730667497,108984.77516187327
2016-08-02,113485.05902689962,108286.4764128353
2016-08-03,113875.82871089633,108602.9678390031
2016-08-04,113655.8574639837,108718.50804260766
2016-08-05,114699.32671037369,109607.71495266027
2016-08-08,114434.80714849256,109542.41705427608
2016-08-09,114427.1806935041,109607.71495266027
2016-08-10,114153.30352866436,109336.4712984158
2016-08-11,114560.60402059447,109843.8258898028
2016-08-12,114816.71488724332,109748.42580425004
2016-08-15,115055.20965482606,110064.86323546329
2016-08-16,114637.44688257576,109497.20527898912
2016-08-17,115176.24029131464,109703.18703148578
2016-08-18,115636.51606640885,109949.350029336
2016-08-19,115607.2094169732,109788.5800521263
2016-08-22,115696.22389420152,109783.5405230338
2016-08-23,115656.80586884764,110004.61386533068
2016-08-24,115300.22128963636,109441.95044215355
2016-08-25,115543.21051795172,109366.60048306166
2016-08-26,115098.07681519217,109160.618730565
2016-08-29,115991.91329181811,109698.1385032342
2016-08-30,115499.35906833332,109517.30940040456
2016-08-31,115237.13787586673,109205.83050585196
2016-09-01,115649.68297003134,109210.86103578536
2016-09-02,116080.40645892046,109703.18703148578
2016-09-06,116238.71295652304,110034.7790466129
2016-09-07,115986.08559827504,110024.6819901097
2016-09-08,115631.96780901797,109773.50646064428
2016-09-09,112593.34417662704,107146.11197163544
2016-09-12,114273.52692238844,108683.3663263466
2016-09-13,112728.18166002692,107120.98631944571
2016-09-14,112749.6090843602,107080.82307241036
2016-09-15,114121.95748478374,108150.85008613352
2016-09-16,113975.44584679336,107732.77615211556
2016-09-19,114615.3756998912,107752.97026512193
2016-09-20,114508.92799810231,107758.0187933735
2016-09-21,115932.99814657132,108969.81855945948
2016-09-22,116631.1872555922,109656.47239663015
2016-09-23,115678.86519742449,109055.66153805469
2016-09-26,114661.8475213446,108172.06110411749
2016-09-27,115439.0957627606,108843.60535316975
2016-09-28,115792.41767343198,109383.83387272616
2016-09-29,114573.63955340772,108394.1963471874
2016-09-30,115104.98031717956,109212.16591385395
2016-10-03,114442.83790372591,108949.62444645312
2016-10-04,113793.47421507878,108394.1963471874
2016-10-05,114325.42688403113,108873.9055218384
2016-10-06,114942.53409264186,108949.62444645312
2016-10-07,114620.46249792878,108575.97036172188
2016-10-10,115125.18694159444,109141.4955174908
2016-10-11,113492.0015905357,107763.04932330691
2016-10-12,113716.88180130372,107904.45311014687
2016-10-13,113329.29471522992,107551.01113674016
2016-10-14,113370.73390500597,107606.55394666674
2016-10-17,112920.44962578962,107232.91786025368
2016-10-18,113648.44544774885,107904.45311014687
2016-10-19,113958.02199562956,108192.24621796473
2016-10-20,113848.3649217664,107990.27809042388
2016-10-21,113701.67414262252,108040.79936957615
2016-10-24,114449.8298004965,108500.25143710714
2016-10-25,114313.88559776236,108136.70340803816
2016-10-26,113770.51582684566,107919.59869490164
2016-10-27,112494.688018551,107631.78758876558
2016-10-28,113076.62075447913,107313.6943122791
2016-10-31,113585.5518993721,107318.75183968978
2016-11-01,112125.7118708218,106541.16149987683
2016-11-02,111429.4392482703,105899.96241528864
2016-11-03,111546.41047526155,105415.25870734062
2016-11-04,111320.45899097402,105299.15155671316
2016-11-07,114151.22745022204,107621.6995314215
2016-11-08,115029.0376262036,108106.42123768773
2016-11-09,117094.026491386,109252.59013650304
2016-11-10,117421.073900345,109525.20166292976
2016-11-11,118922.1982970986,109272.73925371392
2016-11-14,118938.15130575496,109358.60023062731
2016-11-15,119738.95819479608,110211.88249757772
2016-11-16,119860.20596715622,110004.88384010347
2016-11-17,120755.55866583296,110570.38199839513
2016-11-18,120523.62515378004,110322.96811743088
2016-11-21,121507.36263546252,111156.06527053402
2016-11-22,121941.4465546982,111373.16998367054
2016-11-23,122238.1361310384,111433.7613218487
2016-11-25,122879.8618187402,111847.80363259268
2016-11-28,122356.15086255468,111322.70269947284
2016-11-29,122975.50094688982,111539.79841345026
2016-11-30,122735.96905519172,111272.20841779784
2016-12-01,122189.8658027339,110863.21463530548
2016-12-02,122553.4932169169,110918.78444270932
2016-12-05,124009.86132250197,111585.24416687366
2016-12-06,124410.01925286168,111938.67714112128
2016-12-07,126522.78494464084,113402.94831558218
2016-12-08,126708.07675397056,113680.62636857868
2016-12-09,126508.1771803145,114367.31620238571
2016-12-12,126010.70311814868,114236.02747036712
2016-12-13,126636.62162558212,114998.46322626622
2016-12-14,125755.22846534778,114049.21392674017
2016-12-15,126487.6667033366,114518.76305077432
2016-12-16,125965.0005729631,114294.80997756743
2016-12-19,126586.61900146978,114543.6727231458
2016-12-20,127478.59824738704,114985.53143464852
2016-12-21,127215.16808526698,114665.56633307051
2016-12-22,127044.9945505927,114467.47684309908
2016-12-23,127113.81552766295,114635.1131786973
2016-12-27,128095.30005253236,114919.50460437773
2016-12-28,126223.9610174259,113969.7513519424
2016-12-29,126452.04258475993,113944.35572497986
2016-12-30,125396.77356219964,113527.91063875788
2017-01-03,125628.35536807662,114396.3924854176
2017-01-04,126836.08062684385,115076.93589356364
2017-01-05,126195.5881538936,114985.53143464852
2017-01-06,126899.61163389756,115396.90999430072
2017-01-09,126571.2653481114,115016.0205856581
2017-01-10,127399.97702211866,115016.0205856581
2017-01-11,128319.18908526406,115341.04321464678
2017-01-12,127786.07906937672,115051.5672640784
2017-01-13,128354.04111994006,115315.63858852514
2017-01-17,127210.9116319518,114909.3445537609
2017-01-18,128103.9175291066,115163.31882170448
2017-01-19,129462.79131539165,114736.66868907015
2017-01-20,130217.80223732116,115158.2342968165
2017-01-23,130272.47262641435,114858.54430067672
2017-01-24,131696.73032107303,115595.00848343126
2017-01-25,133050.99075726134,116595.52599231436
2017-01-26,134204.60080979925,116473.62338323054
2017-01-27,134458.70459472976,116290.7964670821
2017-01-30,133192.69799013567,115569.56786067324
2017-01-31,132773.5843024492,115559.45280585188
2017-02-01,133801.76036827613,115605.13253741172
2017-02-02,133476.04717642922,115681.32841745844
2017-02-03,134133.44065096692,116478.7169072776
2017-02-06,134140.66840671044,116270.47636584844
2017-02-07,133881.66366688182,116275.56988989549
2017-02-08,133838.0824087553,116427.91665419344
2017-02-09,134368.95579514513,117118.64711043358
2017-02-10,134917.02065202667,117580.83492232909
2017-02-13,135458.0321367114,118220.78312380322
2017-02-14,135496.7482754027,118693.09498967916
2017-02-15,135633.88708186563,119312.73208907877
2017-02-16,135331.47152011294,119211.1495812286
2017-02-17,135726.8415823578,119399.07002142412
2017-02-21,136556.3027904135,120110.08458226157
2017-02-22,136379.2853988546,120003.4535461598
2017-02-23,134580.60596947293,120084.7069536172
2017-02-24,135558.2066059369,120237.08071539244
2017-02-27,136153.9099718184,120425.00115558796
2017-02-28,135964.7537348655,120099.93353080384
2017-03-01,138367.64633292102,121781.05744194664
2017-03-02,136527.15714706996,121014.14910397796
2017-03-03,136828.5575389762,121090.33598486555
2017-03-06,136257.05184093403,120729.72168166116
2017-03-07,135350.85852615503,120369.134375934
2017-03-08,134776.0690848367,120145.64025984092
2017-03-09,134312.1290760594,120298.01402161617
2017-03-10,135058.41283348674,120719.5706302034
2017-03-13,135528.81639739315,120780.52193474532
2017-03-14,134404.7999012392,120318.32512369077
2017-03-15,135574.66338206487,121359.4828350412
2017-03-16,135151.1118834762,121120.807137557
2017-03-17,135626.1106413045,120908.05801742183
2017-03-20,135812.8688558992,120775.47340649374
2017-03-21,133351.96883481363,119224.77430809652
2017-03-22,134180.15579875195,119505.30509452574
2017-03-23,134229.0456791762,119377.8140076447
2017-03-24,134460.27372880568,119291.0801122992
2017-03-27,134250.91932288572,119168.65555198796
2017-03-28,135560.37466699924,120035.8415197382
2017-03-29,135343.72073531043,120148.04303531896
2017-03-30,135674.45999771424,120530.61528671213
2017-03-31,135321.72860535656,120250.05750280562
2017-04-03,134753.7331794946,120040.90804630796
2017-04-04,134342.53212842694,120117.43689524116
2017-04-05,133490.31497056357,119760.35926156056
2017-04-06,134272.83903737747,120097.04480073471
2017-04-07,133761.5146411708,119974.59324294618
2017-04-10,133729.4817499474,120046.02856783233
2017-04-11,133660.64670951993,119903.17591637826
2017-04-12,132019.26734272484,119377.8140076447
2017-04-13,130839.92547198207,118602.44646012792
2017-04-17,132412.3407764771,119653.25127002686
2017-04-18,131784.78202549278,119296.16463718718
2017-04-19,132664.4611723562,119076.83713175452
2017-04-20,133770.25640944403,120046.02856783233
2017-04-21,133781.14525856715,119663.45631643916
2017-04-24,135733.50676158874,120979.48434314886
2017-04-25,136633.43220388095,121683.41656577952
2017-04-26,136283.89778158005,121606.91471432363
2017-04-27,136098.06335875933,121708.92918181028
2017-04-28,135415.10874925772,121443.7149641586
2017-05-01,135988.97535627004,121749.7403683004
2017-05-02,136319.97112940947,121795.6180813603
2017-05-03,136078.451553165,121647.72590081376
2017-05-04,136221.19555901125,121790.55155479052
2017-05-05,136960.81024137294,122270.03575046416
2017-05-08,136365.1457423936,122249.65265511684
2017-05-09,136436.31107515842,122137.4151428997
2017-05-10,137499.85855091663,122356.75164749147
2017-05-11,137648.11938100174,122106.85399861736
2017-05-12,137238.86757775056,121902.77106868949
2017-05-15,138529.56531598684,122576.10615040142
2017-05-16,138705.70565297944,122463.90463482066
2017-05-17,134791.32112751246,120290.88668761392
2017-05-18,135920.25269250848,120775.47340649374
2017-05-19,137340.78149993255,121561.01900294554
2017-05-22,138480.0494347048,122178.23532854892
2017-05-23,138932.97358703805,122448.579066884
2017-05-24,139348.94494205568,122734.22137567846
2017-05-25,140279.85792028616,123320.84056036313
2017-05-26,140711.0767963693,123295.34594265054
2017-05-30,140634.43229070367,123188.21095363956
2017-05-31,140795.51842008898,123157.631811039
2017-06-01,142011.8876208762,124136.99229689274
2017-06-02,143005.85521000333,124550.1616892046
2017-06-05,142858.3439935107,124458.38826476665
2017-06-06,141980.1715491357,124060.48144627776
2017-06-07,142815.39105162316,124290.0409956
2017-06-08,144254.7573325799,124351.22627827837
2017-06-09,143789.3893288951,124162.5049129235
2017-06-12,143779.84204904106,124136.99229689274
2017-06-13,144698.054790038,124744.00357608382
2017-06-14,143538.13664194886,124585.87935164769
2017-06-15,142824.0430880872,124346.1237550722
2017-06-16,143315.58655477397,124373.34621133078
2017-06-19,145144.8608547745,125408.72646254304
2017-06-20,143536.673469242,124562.9764917541
2017-06-21,142902.851939825,124532.2083668126
2017-06-22,142572.7676301014,124475.81063677212
2017-06-23,142562.38200153314,124624.48574415984
2017-06-26,142608.2842133695,124706.486081822
2017-06-27,141272.30721390212,123701.82895975576
2017-06-28,143408.74792385657,124808.99550305882
2017-06-29,141759.89404215745,123712.09700028172
2017-06-30,142155.17135742784,123942.70945121796
2017-07-03,142124.83912912454,124152.90281017048
2017-07-05,142988.04234853422,124439.94898778356
2017-07-06,142205.30478702267,123301.98732206172
2017-07-07,144153.70021374876,124101.60760333616
2017-07-10,144761.240480127,124234.86715119627
2017-07-11,144863.74390824916,124142.62577048542
2017-07-12,146483.64305130212,125075.56859373364
2017-07-13,146026.45112259808,125285.68096025432
2017-07-14,146490.96331723774,125870.04135600643
2017-07-17,146586.3774098337,125854.66179311524
2017-07-18,147228.55452205532,125921.30956536348
2017-07-19,147654.68661552086,126603.0408625099
2017-07-20,147402.01605519146,126659.42959339128
2017-07-21,147820.60583112072,126546.6431324694
2017-07-24,147809.01155049275,126515.92000332338
2017-07-25,147789.9202844263,126823.44826703382
2017-07-26,148205.71813116333,126828.57778771724
2017-07-27,146530.239003381,126710.67080527105
2017-07-28,146601.14601659408,126562.02269536062
2017-07-31,145879.57666651427,126490.26340074712
2017-08-01,146645.3144848956,126772.21605431316
2017-08-02,146434.76689190877,126833.71630755978
2017-08-03,146695.6884004137,126587.67929793688
2017-08-04,146751.89305434786,126818.34574382768
2017-08-07,147445.91512549712,127054.09671460642
2017-08-08,146610.51823375086,126741.42993105346
2017-08-09,145873.86852870413,126736.3274078473
2017-08-10,143366.22759614896,124947.40256992057
2017-08-11,143087.51494176395,125131.92132797863
2017-08-14,145575.0653704335,126372.3744166191
2017-08-15,145751.81353783564,126356.9858545688
2017-08-16,145808.11273934794,126577.4292557291
2017-08-17,143401.50034769997,124603.9766605852
2017-08-18,143594.55246598867,124409.19886116024
2017-08-21,143697.59794747483,124506.58776087272
2017-08-22,145620.15451494532,125808.51410528252
2017-08-23,145269.60642798396,125357.458253186
2017-08-24,144763.46289589396,125065.32755068496
2017-08-25,145068.4644741757,125357.458253186
2017-08-28,145466.23603070146,125362.59677302852
2017-08-29,144966.9419990936,125506.13336057372
2017-08-30,145296.59552245843,126100.69880273812
2017-08-31,146425.90682786092,126859.35491181783
2017-09-01,146559.0974670944,127038.7441491925
2017-09-05,144790.31170649655,126126.3554053144
2017-09-06,145296.60870151685,126556.875176359
2017-09-07,145621.9471933137,126541.51361178598
2017-09-08,146226.1816848199,126392.88350019374
2017-09-11,148574.0490579872,127740.96653159536
2017-09-12,148836.17899492962,128171.5492967536
2017-09-13,149123.2169387206,128233.02255252296
2017-09-14,149014.77259598163,128192.05838032824
2017-09-15,149724.4354612518,128364.60825679166
2017-09-18,150554.2076369534,128637.6157462185
2017-09-19,150334.164414517,128766.41171116813
2017-09-20,151050.9002619807,128812.78437797818
2017-09-21,150669.93657157052,128467.63962925592
2017-09-22,151079.96195996762,128493.39522258218
2017-09-25,149729.49656667557,128230.70976863588
2017-09-26,149731.37748329103,128307.97654861474
2017-09-27,151056.16717213282,128807.63685897656
2017-09-28,151968.38213864577,128962.1794180934
2017-09-29,153000.0773386183,129415.47606080426
2017-10-02,153352.80199057542,129976.96959329916
2017-10-03,154382.0916188578,130255.13360088674
2017-10-04,154640.46474952635,130409.67616000355
2017-10-05,155188.13485742014,131182.3709572695
2017-10-06,155023.7246776316,131032.9849163134
2017-10-09,155531.33771772133,130816.63613254076
2017-10-10,156331.6947843494,131161.75388378574
2017-10-11,156635.9051934315,131367.82562787333
2017-10-12,157132.74342783715,131172.08491842536
2017-10-13,157551.0518652127,131331.7659973847
2017-10-16,158074.77502281044,131506.90763166713
2017-10-17,158451.92424506354,131599.60796949174
2017-10-18,158880.88740710675,131728.3949352823
2017-10-19,158929.10556078056,131764.4725640891
2017-10-20,160186.16392817674,132444.43102689405
2017-10-23,159535.29945782703,131929.31016120917
2017-10-24,159572.19453622657,132161.10150198668
2017-10-25,158394.31177095306,131506.90763166713
2017-10-26,159198.26074390797,131676.8927477888
2017-10-27,160029.80932460586,132753.49814680952
2017-10-30,159400.04599446757,132258.97635629022
2017-10-31,160222.41130999217,132465.0481003778
2017-11-01,160165.07849648877,132640.16273718292
2017-11-02,160462.28145936344,132691.6919221537
2017-11-03,160900.0405905234,133134.69352686132
2017-11-06,161821.2770688134,133340.7652709489
2017-11-07,161202.96436745915,133248.05593396517
2017-11-08,161377.389512164,133474.69075658196
2017-11-09,160029.5306210906,132990.44600574774
2017-11-10,160620.3769498875,132949.2478554166
2017-11-13,161219.97875827414,133072.90530052368
2017-11-14,160934.18011167788,132763.8291814491
2017-11-15,159851.0150680779,132099.30427648994
2017-11-16,162402.03840890573,133222.26434400253
2017-11-17,161383.50089062558,132830.77392594746
2017-11-20,161844.72638151827,133057.43574604153
2017-11-21,163125.6762122335,133927.97840013375
2017-11-22,162883.6157251693,133809.51346982372
2017-11-24,163186.05469354725,134118.5805897392
2017-11-27,163094.74037839848,134051.63584524085
2017-11-28,164513.87916852612,135411.5707691689
2017-11-29,162617.9343138711,135329.16546934753
2017-11-30,164350.2037971565,136513.9317615159
2017-12-01,163680.9295798526,136230.61123576763
2017-12-04,162036.73351163985,136065.78263780667
2017-12-05,162150.45887672645,135576.3903679708
2017-12-06,162182.3690978805,135602.1549604562
2017-12-07,163749.81528241973,136029.74100563623
2017-12-08,164839.75826658765,136771.4786956197
2017-12-11,164644.34494405688,137183.63118295398
2017-12-12,164284.7873865223,137425.70856257563
2017-12-13,164231.9190742706,137410.2210097753
2017-12-14,163722.3121251999,136848.76347391674
2017-12-15,164749.6176553507,137988.37198575275
2017-12-18,166745.7837735405,138863.37822275545
2017-12-19,165902.51230881512,138330.0970540194
2017-12-20,166040.85242098314,138257.60882751932
2017-12-21,165636.92469115293,138542.36021956347
2017-12-22,165482.99924001683,138506.1296050521
2017-12-26,165656.85096958154,138340.4370878181
2017-12-27,165907.40567821133,138407.75979699838
2017-12-28,166060.37953710766,138692.52918736075
2017-12-29,164727.5442905738,138169.6060507416
2018-01-02,166471.027995968,139158.46964859831
2018-01-03,168122.9025020191,140038.6953978754
2018-01-04,169057.422149333,140628.93224451572
2018-01-05,170246.17397669435,141566.1226708562
2018-01-08,170958.10799415773,141824.97448302858
2018-01-09,170184.993062511,142145.94749042505
2018-01-10,169620.4621730379,141928.4828109248
2018-01-11,170130.9868018828,142964.0610436371
2018-01-12,171280.07499175405,143896.00496022592
2018-01-16,170367.4454501222,143404.13792163928
2018-01-17,172748.8072762962,144771.047193865
2018-01-18,172909.81176708566,144527.69193365204
2018-01-19,173720.57607287494,145185.21549283626
2018-01-22,174858.54807128294,146365.7521802306
2018-01-23,176027.40707356096,146676.41215130565
2018-01-24,175574.5613053917,146619.44747424228
2018-01-25,174566.0607565706,146681.55967030727
2018-01-26,177418.19020295964,148379.82697952367
2018-01-29,175628.3067244261,147396.10190150945
2018-01-30,173516.94581803147,145884.1891788063
2018-01-31,173833.96184412562,145956.75839773822
2018-02-01,172256.61990854656,145790.97588891332
2018-02-02,167685.3894257546,142617.15245973246
2018-02-05,160918.72630050586,136652.5818056732
2018-02-06,164974.912670564,139344.89622838428
2018-02-07,164155.7459898581,138588.9488661918
2018-02-08,157043.02778158558,133390.6836064419
2018-02-09,160392.58765008135,135394.39137445897
2018-02-12,162557.14943257064,137382.56659388024
2018-02-13,163665.60091883584,137724.32765878327
2018-02-14,166370.41310148133,139583.03197632288
2018-02-15,168711.92924550778,141364.16354247442
2018-02-16,168654.91245401566,141405.55967430564
2018-02-20,168182.9481014032,140520.2404009815
2018-02-21,166985.30392264665,139821.23071837513
2018-02-22,166805.78163801876,140002.46478336398
2018-02-23,169759.6026687267,142234.0222604755
2018-02-26,171207.03501412648,143885.6829247454
2018-02-27,169920.12203142367,142089.00981083896
2018-02-28,168708.96511255682,140649.63031043133
2018-03-01,166543.61043155682,138604.51741142396
2018-03-02,167847.70316979167,139318.9966485125
2018-03-05,170259.7170960723,140929.2251843148
2018-03-06,171969.91951649447,141286.49180033634
2018-03-07,171338.54763880427,141234.70163975187
2018-03-08,171739.90484646466,141918.18777292155
2018-03-09,175575.51610691697,144387.87199881257
2018-03-12,175536.491031261,144206.67393046006
2018-03-13,174320.93133535678,143274.6850180758
2018-03-14,174049.43657373532,142539.48971675348
2018-03-15,174065.23215947757,142384.18222911368
2018-03-16,174949.7798425477,142538.52680673046
2018-03-19,172397.5104607184,140609.91702135064
2018-03-20,173565.04882160344,140849.12366922142
2018-03-21,174355.48372165466,140578.75293340904
2018-03-22,169618.96950849466,137064.70729553018
2018-03-23,164898.94794895145,134143.20228901968
2018-03-26,169379.89322388085,137813.22135231126
2018-03-27,165111.67970372716,135468.77842352784
2018-03-28,164206.18853375936,135068.54082283366
2018-03-29,168230.02432531316,136794.37255635418
2018-04-02,163660.73172712396,133841.72146022023
2018-04-03,165856.35338401777,135557.15016582838
2018-04-04,167080.0884817443,137007.50864033037
2018-04-05,168128.6268414135,138088.7666046025
2018-04-06,163864.92880693235,135011.36016595204
2018-04-09,164105.2600104638,135676.7399910251
2018-04-10,167395.55389267518,137834.02740813597
2018-04-11,166217.15437173302,137111.44892786306
2018-04-12,168263.07843776248,138239.5295169
2018-04-13,167550.01905919,137834.02740813597
2018-04-16,169007.63333860523,138967.2735144927
2018-04-17,171965.71542586864,140454.05158584705
2018-04-18,173428.415104129,140557.97387506158
2018-04-19,171809.57881984915,139778.22373706615
2018-04-20,170156.82773702577,138592.99848778397
2018-04-23,169785.36422785604,138572.2374277547
2018-04-24,165787.27997008708,136706.02781153092
2018-04-25,165858.90342141507,137043.91923802363
2018-04-26,168090.4544615379,138437.06105900762
2018-04-27,168265.4835839942,138567.01791548033
2018-04-30,165779.65146502302,137501.4004897131
2018-05-01,165715.32076383225,137745.6826633127
2018-05-02,165173.35668469628,136820.36212781692
2018-05-03,165252.3899494881,136518.85430154018
2018-05-04,167509.20077635802,138286.28914755106
2018-05-07,168461.38169678906,138754.1554288347
2018-05-08,168030.6434564011,138754.1554288347
2018-05-09,170830.9345764997,140095.28211025684
2018-05-10,172379.89439504693,141405.28969953282
2018-05-11,172096.22954817783,141836.79937807773
2018-05-14,172583.88758819806,141904.33806707629
2018-05-15,171858.92514645596,140927.0563869732
2018-05-16,172920.8520256569,141519.66901161429
2018-05-17,173325.35262202515,141400.11518305392
2018-05-18,172395.74348957135,141046.57421889718
2018-05-21,174147.81414869134,142107.08912145827
2018-05-22,173898.272152321,141712.02603724302
2018-05-23,174928.43815958433,142101.87860834302
2018-05-24,175784.5089098489,141810.76481081956
2018-05-25,175258.6487108939,141472.85538600865
2018-05-29,174464.97957068027,139845.79842270105
2018-05-30,175753.57287165898,141712.02603724302
2018-05-31,173647.59089059994,140843.85016199248
2018-06-01,176156.33903283335,142226.60695338226
2018-06-04,176817.05882116902,142902.45280048138
2018-06-05,177822.1814111453,143006.37508969588
2018-06-06,177921.99848955258,144202.0303643677
2018-06-07,177399.9038787925,144186.45281997643
2018-06-08,178324.08154043727,144612.67099297422
2018-06-11,178219.5874949649,144805.00102112567
2018-06-12,178844.5300009619,144992.14753363913
2018-06-13,177868.71593682337,144529.50976378896
2018-06-14,177850.63267895934,144893.4177592217
2018-06-15,177218.21168192246,144708.54803395897
2018-06-18,177911.08524734477,144410.90084693345
2018-06-19,176372.91479939598,143857.42556519105
2018-06-20,176826.3714346088,144102.8056362001
2018-06-21,175484.0141915288,143199.45204805213
2018-06-22,175007.10725455245,143460.57164831614
2018-06-25,171256.96897245682,141507.64613506504
2018-06-26,172117.09609716796,141820.97885639095
2018-06-27,170392.8692673162,140646.0936409075
2018-06-28,171596.17554426176,141450.23150004697
2018-06-29,171769.92278051327,141653.8194762247
2018-07-02,172423.8838839575,141956.74017047914
2018-07-03,170753.39029432953,141455.41501568496
2018-07-05,171817.2269649122,142609.40418375275
2018-07-06,172890.14510070055,143815.660467837
2018-07-09,174440.6968354902,145110.63046226735
2018-07-10,174780.81912080807,145632.73467540895
2018-07-11,174089.8333310428,144567.53121096003
2018-07-12,175179.5050769425,145878.20473800894
2018-07-13,175527.77861391986,145993.09700215876
2018-07-16,174806.82688455962,145862.54620118585
2018-07-17,175579.74259712436,146452.6030646443
2018-07-18,176998.0580248837,146760.6262821049
2018-07-19,177348.06942654826,146207.1330020443
2018-07-20,177312.18426243315,146040.09961010536
2018-07-23,177823.0930205224,146311.60423996355
2018-07-24,177217.39526999544,147047.81644626346
2018-07-25,179078.10227078004,148301.03934165795
2018-07-26,180535.6819826978,147951.19703188873
2018-07-27,178760.1281352034,146948.68170968682
2018-07-30,177805.35997662964,146181.04443983154
2018-07-31,178804.88444489668,146901.59810930837
2018-08-01,178431.02590022536,146656.2270374584
2018-08-02,180375.6221784784,147455.1363851644
2018-08-03,180694.97080589627,148086.94934681783
2018-08-06,181942.0393094956,148630.03059980695
2018-08-07,182966.1340440857,149120.86273509782
2018-08-08,183406.33583398824,149058.25558528266
2018-08-09,182747.96090354276,148854.5866166731
2018-08-10,181973.2400273232,147857.2098143137
2018-08-13,180917.52912906284,147303.72553341222
2018-08-14,182260.2073669053,148243.66970243535
2018-08-15,181184.76748695312,147136.61114904142
2018-08-16,181830.0421193543,148327.17289966618
2018-08-17,182367.52388694976,148849.34910608054
2018-08-20,183880.5963857803,149167.84734472624
2018-08-21,184860.1877609425,149517.73465029092
2018-08-22,185095.778503724,149428.97594414934
2018-08-23,185880.61937553057,149230.5894819278
2018-08-24,187152.1795781788,150128.66056368776
2018-08-27,187994.12991977436,151314.02080035635
2018-08-28,188123.31021754103,151387.09397219753
2018-08-29,188781.3070265766,152201.7518483176
2018-08-30,188365.32693507677,151585.48943357816
2018-08-31,189010.46404561016,151590.67294921615
2018-09-04,190101.81030063264,151329.66133886127
2018-09-05,189121.54567543787,150922.34139996034
2018-09-06,188351.4057926945,150468.05484974914
2018-09-07,187376.63090483448,150175.6631716344
2018-09-10,188142.66114245748,150436.71077862565
2018-09-11,188647.0191254791,150932.77142535
2018-09-12,187671.86195580848,150969.34400790694
2018-09-13,187983.50359512307,151862.26757066528
2018-09-14,187780.73149626656,151888.38313035533
2018-09-17,187006.7383698816,151084.23627205673
2018-09-18,188325.67769148937,151904.02366886023
2018-09-19,186544.85661193333,152065.91854095666
2018-09-20,187491.4535043785,153298.24538893547
2018-09-21,186958.70242427173,153158.1104835277
2018-09-24,186206.95956469487,152649.3700216403
2018-09-25,186589.15811267,152507.79525077756
2018-09-26,185890.73484883265,152051.35790154297
2018-09-27,185691.58101068877,152476.2801956313
2018-09-28,186263.66630678272,152492.01072572713
2018-10-01,187288.0210391613,153021.8092198939
2018-10-02,186696.2205328321,152932.55556000216
2018-10-03,186984.80382641853,153016.55371098316
2018-10-04,185496.0930602569,151820.60146406124
2018-10-05,184998.0433531994,150970.8648657938
2018-10-08,184974.6851424828,150970.8648657938
2018-10-09,184290.8700019061,150750.5564520199
2018-10-10,176975.6684292416,145977.3574729038
2018-10-11,173861.15708807102,142761.93993039167
2018-10-12,176643.1776652621,144744.6886568794
2018-10-15,175405.42387658491,143931.65062939623
2018-10-16,179482.0853409709,147078.8455468187
2018-10-17,178090.40624559738,147105.04209894058
2018-10-18,176291.07719253693,144980.64660831733
2018-10-19,174884.0815647832,144902.02095531533
2018-10-22,174744.47632473506,144251.6427284515
2018-10-23,172752.0289774543,143517.26635060672
2018-10-24,167869.03476872612,139168.87267651068
2018-10-25,170497.80244388065,141665.65337043296
2018-10-26,168608.626000235,139174.13718458053
2018-10-29,168427.4419533206,138403.08023426964
2018-10-30,172962.2844830428,140453.99759089248
2018-10-31,173905.96427455492,141954.13941350105
2018-11-01,175636.19963704984,143464.84624888565
2018-11-02,175892.85122527246,142615.06465482272
2018-11-05,176109.08561250713,143401.85213522948
2018-11-06,177041.66190699357,144309.32733824238
2018-11-07,180868.4686559041,147398.80164923758
2018-11-08,180871.20984597132,147131.292646017
2018-11-09,180003.78855090047,145694.081942951
2018-11-12,177002.0869128323,142971.77332298044
2018-11-13,177174.62780239212,142704.2193239644
2018-11-14,175823.16619567975,141728.63848493007
2018-11-15,178082.4536655871,143207.79426853202
2018-11-16,177786.34187719307,143580.2424659447
2018-11-19,174341.53290009353,141151.62140299843
2018-11-20,170110.23043490617,138539.4264936989
2018-11-21,171702.37089345654,139011.50438143843
2018-11-23,170955.64257444444,138083.08813521438
2018-11-26,172854.08928442418,140312.3688250752
2018-11-27,173221.77882560235,140784.46471113287
2018-11-28,176932.30838033467,144026.05180828957
2018-11-29,176997.28004271514,143711.34221562234
2018-11-30,177922.2081119289,144587.32036180716
2018-12-03,179259.43580493395,146501.90045815983
2018-12-04,174035.28252018258,141754.82603789284
2018-12-06,174200.25672471913,141539.80013050698
2018-12-07,168640.0657639387,138250.97644726725
2018-12-10,169854.2447441218,138513.22994157704
2018-12-11,169987.5781124274,138544.69100176878
2018-12-12,170553.7852378757,139242.3238130338
2018-12-13,170360.96052531744,139195.15022106442
2018-12-14,167514.6919667104,136624.90939145992
2018-12-17,163547.5772475537,133944.54585202533
2018-12-18,163842.29391228256,133797.67957561545
2018-12-19,161825.53103391023,131793.9718075984
2018-12-20,159055.52137757096,129648.61727544582
2018-12-21,156972.36789206546,126992.18250004148
2018-12-24,153090.4425279503,123636.66604875798
2018-12-26,160679.5028361858,129883.39633704245
2018-12-27,162268.20657684118,130880.57515790178
2018-12-28,162111.43925694606,130711.732934985
2018-12-31,163552.28351485438,131856.62395320903
2019-01-02,162090.21146316346,131993.77113779765
2019-01-03,158548.86985123856,128844.04745666984
2019-01-04,162401.16094638425,133159.77418325556
2019-01-07,163131.3862403132,134209.67907724515
2019-01-08,164693.0909886237,135470.64124946023
2019-01-09,166437.58701530469,136103.75009002315
2019-01-10,167719.26812561502,136583.86422683336
2019-01-11,167881.03334034674,136636.64429491817
2019-01-14,167011.35601013622,135803.05218806487
2019-01-15,168258.1785028508,137359.43875500932
2019-01-16,168244.54596717906,137691.83169529575
2019-01-17,169964.63374709582,138736.4630820564
2019-01-18,172982.01397179332,140583.03653313764
2019-01-22,170580.67807466682,138683.6740148125
2019-01-23,170504.9474421714,138973.90589474476
2019-01-24,172066.8223553016,139047.71699763165
2019-01-25,173117.86477159007,140224.321052502
2019-01-28,172180.24564751508,139158.5056452347
2019-01-29,172080.87064697937,138973.90589474476
2019-01-30,174356.6838912554,141173.92131923273
2019-01-31,174827.24138800165,142413.81646000937
2019-02-01,175491.10081062504,142482.3630548264
2019-02-04,177274.26307192742,143484.81538291468
2019-02-05,178188.74010912597,144086.2651817858
2019-02-06,178090.22524267464,143896.3469282715
2019-02-07,177701.21087496978,142524.60510761244
2019-02-08,178154.32782723926,142698.71183859906
2019-02-11,179629.4318636054,142777.8594428285
2019-02-12,182041.8728533585,144613.91287692916
2019-02-13,182693.91955718925,145083.42600432696
2019-02-14,182962.44236509045,144761.59807681656
2019-02-15,185057.71559284587,146339.1596651086
2019-02-19,184730.1920410264,146592.3690045292
2019-02-20,184688.16210464656,146887.80239841764
2019-02-21,184542.15951778684,146365.50020377597
2019-02-22,185393.4031215905,147272.9574084707
2019-02-25,185128.2330186525,147473.4226764429
2019-02-26,185403.45327453187,147367.95253186423
2019-02-27,184774.86850905788,147304.65244679886
2019-02-28,185221.77515153,147030.31308182614
2019-03-01,184998.6690733437,147948.28130434235
2019-03-04,184438.62478722184,147410.09559390025
2019-03-05,183448.4870263072,147209.61232760985
2019-03-06,181708.0448930977,146318.02963955648
2019-03-07,180926.2554056061,145094.0270137394
2019-03-08,180111.88024530234,144803.84012960258
2019-03-11,182231.1903821816,146903.65891674082
2019-03-12,182611.11252266951,147457.62915223336
2019-03-13,183915.7181481681,148433.6779475406
2019-03-14,183756.06594846305,148338.69182330617
2019-03-15,185101.079513948,149071.58333990048
2019-03-18,186156.32598434907,149612.09083338882
2019-03-19,185374.90868908569,149649.15836969594
2019-03-20,185073.37865058836,149198.76845537234
2019-03-21,188578.4240720053,150883.95998642553
2019-03-22,184995.5498574764,147979.98534182963
2019-03-25,185650.1789890448,147868.62074804457
2019-03-26,187141.15972612545,148970.8917488006
2019-03-27,187057.7086409452,148191.88854100995
2019-03-28,187642.96536633215,148753.62505080042
2019-03-29,189057.90051127787,149691.57140650472
2019-04-01,191534.66696450548,151466.75452849534
2019-04-02,191568.80598019256,151540.97959270052
2019-04-03,192206.9714782404,151779.4213120483
2019-04-04,191910.55398520577,152182.1876764478
2019-04-05,192892.12112038475,152918.80484490693
2019-04-08,193602.6351677132,153035.36195348907
2019-04-09,192252.53692554077,152251.08523846947
2019-04-10,193111.623410597,152770.39071313295
2019-04-11,194315.77641757135,152727.96867716504
2019-04-12,196124.9646020792,153761.3601142176
2019-04-15,195887.8707671167,153660.65952395863
2019-04-16,196291.4762793403,153761.3601142176
2019-04-17,196197.3710308872,153385.14126914463
2019-04-18,196315.3085263133,153687.1530483306
2019-04-22,195608.06951906884,153819.63866850868
2019-04-23,196461.2144491289,155202.70143130765
2019-04-24,197388.4034367324,154858.30361279016
2019-04-25,196614.93247320972,154762.91252639648
2019-04-26,197353.57313451663,155483.58318494153
2019-04-29,196972.5447166752,155727.31640983644
2019-04-30,196623.51884100997,155806.8329795887
2019-05-01,194556.13227988395,154635.70041344737
2019-05-02,195789.36684414983,154301.84960938772
2019-05-03,196348.86691633568,155812.14248345402
2019-05-06,194968.8058345848,155170.95239802494
2019-05-07,191510.0564121614,152579.644536982
2019-05-08,190661.00544449067,152367.62434873343
2019-05-09,191261.9725101298,151906.6514233156
2019-05-10,191699.8047327374,152669.70812119218
2019-05-13,186777.35036004108,148833.06962727997
2019-05-14,188647.04547636016,150179.1098495673
2019-05-15,188876.87228404093,151058.76865182145
2019-05-16,189461.9217208092,152457.75992621636
2019-05-17,188568.2806927526,151472.100028997
2019-05-20,186737.007794638,150470.5656151363
2019-05-21,189132.95303992397,151827.1528518815
2019-05-22,188571.60989385075,151360.7984293256
2019-05-23,187160.9337618486,149511.4532372435
2019-05-24,186724.5575699646,149850.55955021386
2019-05-28,185737.2943090665,148456.85078220698
2019-05-29,183922.5995731895,147460.6168730525
2019-05-30,185527.72966109327,147863.4012357702
2019-05-31,183820.6414591527,145870.86142418845
2019-06-03,183440.04085123952,145499.92508550352
2019-06-04,187509.6448395365,148658.26096188402
2019-06-05,190136.1435811254,149945.94163744844
2019-06-06,191183.24024420977,150921.05452020993
2019-06-07,192686.9753056916,152431.21240688983
2019-06-10,194138.61192260496,153130.78903651913
2019-06-11,193097.8534291252,153093.65850609835
2019-06-12,193034.50298805328,152823.41375851328
2019-06-13,193314.47281629877,153453.98483621175
2019-06-14,192175.81275168565,153284.3866839311
2019-06-17,190852.2857813012,153342.73723149492
2019-06-18,193074.5936153863,154948.36719700033
2019-06-19,193619.51955735884,155298.1285143377
2019-06-20,195359.32245645596,156781.90986571382
2019-06-21,194883.7948295097,156554.0151608239
2019-06-24,194384.3512133985,156362.29707549085
2019-06-25,192634.78725412543,154828.71437768993
2019-06-26,192215.64332823263,154674.27080932315
2019-06-27,193061.019566489,155222.7515577685
2019-06-28,194768.2072125308,156021.46292397447
2019-07-01,196533.5389504385,157437.91256701123
2019-07-02,196715.26406450596,157847.96825027667
2019-07-03,197410.5591718917,159109.9383283103
2019-07-05,197281.1001386656,158928.94724061692
2019-07-08,195565.29118384945,158055.63284552385
2019-07-09,195778.5159256461,158252.67843304042
2019-07-10,196372.46850516743,159008.82377673298
2019-07-11,196897.18019805508,159381.5329497594
2019-07-12,199412.98756465688,160095.07627430218
2019-07-15,199564.57812382505,160148.35129613712
2019-07-16,199783.1555558089,159631.78156583814
2019-07-17,198243.40627212575,158545.54706658714
2019-07-18,201097.6776942009,159125.92083486074
2019-07-19,200140.7057036448,158242.07742362798
2019-07-22,201701.60652911224,158630.7511048867
2019-07-23,202551.340795162,159764.93312378915
2019-07-24,203477.76670015175,160515.73296698002
2019-07-25,201728.8698702596,159748.95061723868
2019-07-26,203390.23994616192,160819.3285981665
2019-07-29,203293.83459436617,160526.36997302884
2019-07-30,203221.15301315248,160132.35079126846
2019-07-31,200477.3193967544,158380.44849385336
2019-08-01,198517.69310425693,157001.30936441926
2019-08-02,196522.41361866964,155819.14382922897
2019-08-05,190414.3005478189,151133.15570089032
2019-08-06,194066.1843274575,153252.52966073927
2019-08-07,194482.3484908365,153343.0791995405
2019-08-08,198113.77495368183,156351.67806776022
2019-08-09,197331.06261274868,155286.6455873341
2019-08-12,195426.60205406847,153396.2642297845
2019-08-13,198368.7435100502,155781.8513139445
2019-08-14,193078.40350834656,151175.7757183583
2019-08-15,194373.86178608023,151575.14040062035
2019-08-16,197084.69327688924,153811.62941691524
2019-08-19,199478.47576983596,155664.71825918034
2019-08-20,198108.077302242,154471.91571794127
2019-08-21,199890.6746286516,155728.6482853823
2019-08-22,199778.5127937106,155680.70076573084
2019-08-23,194284.32186587853,151681.6364493357
2019-08-26,195938.16214297275,153359.0077111364
2019-08-27,195333.891589698,152757.30593581064
2019-08-28,197112.79709006567,153832.90342901283
2019-08-29,199539.59736639715,155797.8158221768
2019-08-30,199379.3554571898,155728.6482853823
2019-09-03,198182.51705331384,154818.05937332293
2019-09-04,200908.74885842745,156575.28917292153
2019-09-05,204099.9991034879,158588.13108741873
2019-09-06,204480.46811925663,158710.5736460482
2019-09-09,204480.65779734284,158790.4861788006
2019-09-10,204329.0493838196,158753.19366351614
2019-09-11,205480.0268910005,159882.0661785533
2019-09-12,206029.61864676888,160435.89242750037
2019-09-13,205241.7334494551,160329.36038214865
2019-09-16,204766.38931490548,159834.19065217458
2019-09-17,206512.30473421636,160238.90083493837
2019-09-18,206630.998964804,160334.68788433215
2019-09-19,205961.9251925104,160324.03287996515
2019-09-20,204305.86969739856,159566.59165736308
2019-09-23,205034.81755867385,159529.0831622604
2019-09-24,203475.71480583792,158277.33612895728
2019-09-25,205553.57574107632,159213.51864947923
2019-09-26,205663.48617962905,158881.79164696572
2019-09-27,203735.54228166983,158025.9176221963
2019-09-30,204657.9822203118,158758.77314215427
2019-10-01,202356.0231621432,156870.3895979235
2019-10-02,199116.5576180483,154099.2965365058
2019-10-03,200347.49379292887,155361.77056744864
2019-10-04,203945.97588785863,157464.17211324678
2019-10-07,202791.64982838547,156784.8255932602
2019-10-08,199776.2158720632,154350.73304158493
2019-10-09,202271.25571787456,155816.55207140997
2019-10-10,203427.4072503466,156870.3895979235
2019-10-11,205627.49430532852,158496.66363438996
2019-10-14,205198.150612183,158320.10013297072
2019-10-15,207810.3444930168,159887.5376672823
2019-10-16,206323.7506199633,159630.77366001965
2019-10-17,207811.30087570075,160101.53767053148
2019-10-18,207545.42535866244,159400.68316031087
2019-10-21,208888.85607036937,160481.32018260556
2019-10-22,207702.47074460547,159957.10116707694
2019-10-23,207166.148002304,160422.48368045068
2019-10-24,210695.810861342,160684.6111865332
2019-10-25,212044.2274074783,161342.6296994676
2019-10-28,213617.2426495293,162252.08471748114
2019-10-29,212227.90090018936,162203.90321969325
2019-10-30,213484.85996153927,162701.37673439528
2019-10-31,211898.1135706945,162268.0852223498
2019-11-01,212792.5457993089,163771.3407540048
2019-11-04,212974.34879255065,164429.28727366644
2019-11-05,212677.78303059368,164247.4322667001
2019-11-06,212558.08319185683,164284.88676684827
2019-11-07,212203.7949447753,164862.59678403012
2019-11-08,212180.1113268737,165269.19679020357
2019-11-11,212289.77997084727,164953.59628078603
2019-11-12,212403.6320407335,165301.25179489548
2019-11-13,213042.4010374857,165354.77879318505
2019-11-14,213613.60695617,165595.52429726082
2019-11-15,214951.1373841138,166793.8163255471
2019-11-18,214653.68184748053,166916.83483035854
2019-11-19,213679.50270821908,166868.70732752522
2019-11-20,212725.1657827157,166248.17931137534
2019-11-21,211239.4644964737,165980.6523098366
2019-11-22,210989.6744316501,166349.7618192255
2019-11-25,213003.1993441767,167639.07134258587
2019-11-26,213336.941372674,168018.87185297816
2019-11-27,214205.39128151417,168767.81786939572
2019-11-29,212744.13493646745,168141.87235947142
2019-12-02,210393.98232757943,166713.59782138548
2019-12-03,209188.14524672733,165595.52429726082
2019-12-04,210966.31436719972,166617.28882076425
2019-12-05,211532.33097544,166916.83483035854
2019-12-06,212921.07597902385,168441.47236402027
2019-12-09,211658.44592203567,167911.88984967174
2019-12-10,211930.39578058515,167724.617348931
2019-12-11,213534.1059915031,168200.74485826268
2019-12-12,216434.7127088605,169650.43739499172
2019-12-13,216406.88438992453,169752.127892751
2019-12-16,217856.82315095465,170918.328919709
2019-12-17,219091.7291379804,170955.76542153896
2019-12-18,218756.35975447143,170966.47442086053
2019-12-19,219798.3741818041,171667.2389394902
2019-12-20,221821.86602360927,172419.89260945437
2019-12-23,220788.00848417977,172683.3159944464
2019-12-24,221314.67334391217,172688.69749158443
2019-12-26,221884.04723244804,173607.9255963738
2019-12-27,221862.15675025756,173564.92761422388
2019-12-30,220329.4664962032,172608.02902946813
2019-12-31,220994.77236301743,173027.37184491832
2020-01-02,223273.36863306683,174645.45664660947
2020-01-03,221090.0166972525,173323.0302177841
2020-01-06,220898.2776386528,173984.25243135588
2020-01-07,221788.45409978984,173495.0221463837
2020-01-08,222849.66777947964,174419.68574326567
2020-01-09,224424.54740263012,175602.42722463797
2020-01-10,224005.26613548567,175097.0524482516
2020-01-13,225703.6261538641,176301.2299265852
2020-01-14,226216.310125447,176032.4790394097
2020-01-15,226084.3506381625,176430.25986967125
2020-01-16,227804.1408647785,177897.84273467868
2020-01-17,227783.858681236,178451.57899203477
2020-01-21,227077.3813194717,178102.1416444248
2020-01-22,227879.01686310687,178123.667632977
2020-01-23,227694.17824885552,178327.96654272315
2020-01-24,225388.96669430987,176742.06273395123
2020-01-27,220848.06822834365,173909.0194613322
2020-01-28,224004.82543340305,175731.40317276947
2020-01-29,223613.82441403583,175586.28273322378
2020-01-30,224282.7493791817,176156.1094870395
2020-01-31,219231.14956957585,172957.46637707815
2020-02-03,221417.03771887984,174242.29431920985
2020-02-04,226106.18330105967,176897.91017113664
2020-02-05,230478.34316414225,178940.7912786888
2020-02-06,232438.94276045644,179542.8710186965
2020-02-07,230388.9326316927,178585.95443562255
2020-02-10,232083.04986752497,179919.1798553604
2020-02-11,233707.82832620083,180230.98271964036
2020-02-12,236156.78021557827,181392.1982124604
2020-02-13,237480.75955125163,181198.6802953086
2020-02-14,237582.76360146035,181488.9391727181
2020-02-18,236453.037985316,181021.2528746164
2020-02-19,238456.2238075884,181886.7380012979
2020-02-20,236982.6032550812,181139.5378217445
2020-02-21,233135.85054300624,179274.0841348846
2020-02-24,223841.7702658394,173328.42971324036
2020-02-25,217043.51721858108,168076.1964964053
2020-02-26,216514.02861686065,167457.97226498343
2020-02-27,207871.96522863323,159937.08703725244
2020-02-28,207909.85634548104,159265.17382267732
2020-03-02,215787.2115578022,166162.34533193923
2020-03-03,208623.59422484765,161404.7238972144
2020-03-04,216993.17183394928,168189.0819480772
2020-03-05,209122.32541095745,162598.13838127189
2020-03-06,205118.3956857836,159910.2515448349
2020-03-09,188806.00036006668,147422.17246540403
2020-03-10,197760.6457764724,155050.4896543961
2020-03-11,187685.72545514465,147492.02393828967
2020-03-12,167128.31808042782,133380.38856843865
2020-03-13,182399.39267236053,144782.62011245955
2020-03-16,160567.13627049088,128939.96049429094
2020-03-17,171027.72631954454,135901.68297173228
2020-03-18,158137.09723670984,129020.57496145269
2020-03-19,159568.07179520637,129294.7523415617
2020-03-20,151439.271750722,123722.90499035332
2020-03-23,147435.43465833378,120559.50258740304
2020-03-24,164663.97148336365,131482.61890127312
2020-03-25,169318.21143937204,133450.9329765745
2020-03-26,180533.0933330316,141243.09785518632
2020-03-27,173623.76421941264,137036.08097045298
2020-03-30,180896.21212240463,141486.4441162402
2020-03-31,178313.1508565626,139377.50918094
2020-04-01,167947.35054987855,133104.87931278374
2020-04-02,171072.92486660986,136176.2923114778
2020-04-03,167214.34341471718,134207.9962344946
2020-04-06,181001.9804099845,143222.23791887748
2020-04-07,181541.7522234383,143368.25827433253
2020-04-08,186731.9621126583,148180.8825694383
2020-04-09,189318.1781703386,150435.81086271626
2020-04-13,187982.2343938466,149062.29620771576
2020-04-14,195035.39606179635,153458.5564090314
2020-04-15,190655.09020027608,150197.89109459592
2020-04-16,192792.0458677317,150922.44938986946
2020-04-17,197328.608771704,154999.68040215285
2020-04-20,193639.14238557324,152268.92157179327
2020-04-21,186488.0957166817,147645.5495924289
2020-04-22,193033.2631402547,150922.44938986946
2020-04-23,194102.2335930687,150911.63240063877
2020-04-24,197615.53928464037,153015.14984216454
2020-04-27,199950.171368992,155221.38368558628
2020-04-28,200585.9900980312,154507.64237954342
2020-04-29,206309.9021887516,158552.3864274984
2020-04-30,202191.85920126288,157076.164369761
2020-05-01,196366.33777892997,152917.79693908844
2020-05-04,198598.38240170665,153339.55152917575
2020-05-05,201544.72205307503,154756.39713521264
2020-05-06,199143.2422829762,153707.2931663824
2020-05-07,202817.43779575475,155562.03785392077
2020-05-08,208991.34615085853,158136.03133286734
2020-05-11,210015.41165051836,158168.42830560482
2020-05-12,207065.96045394387,155015.93288347614
2020-05-13,202889.1689043133,152274.3390655677
2020-05-14,205483.5714190788,154096.66878205043
2020-05-15,206839.12131638892,154804.97459600063
2020-05-18,213160.7025649574,159520.31798130306
2020-05-19,212356.5440822086,157881.8770817419
2020-05-20,216774.921664066,160563.9864580407
2020-05-21,214022.38866114712,159455.416045919
2020-05-22,215305.77354461187,159758.2557477416
2020-05-26,216808.0002178538,161726.58782136117
2020-05-27,219257.10361855652,164132.90896807317
2020-05-28,218285.5773045545,163830.08726456875
2020-05-29,221639.578301851,164560.09905025308
2020-06-01,222793.6769085771,165225.20890055335
2020-06-02,223835.60424257265,166593.27906430216
2020-06-03,225877.2910645548,168810.32989695456
2020-06-04,224398.5973678316,168366.9413284059
2020-06-05,229998.6426828083,172682.07411049146
2020-06-08,231072.11512378184,174769.42906228485
2020-06-09,230066.55104486915,173466.15284401097
2020-06-10,228696.1801623424,172498.25728684268
2020-06-11,216106.1564130441,162553.9525101216
2020-06-12,216991.32914303688,164500.57861200708
2020-06-15,220706.47100102,166036.37510294505
2020-06-16,224259.3081440837,169232.15648031462
2020-06-17,223641.31197920855,168529.19616686608
2020-06-18,223481.7941194482,168594.04410729557
2020-06-19,222523.6523528547,167630.5761364014
2020-06-22,224557.321035242,168705.9036548308
2020-06-23,224682.26700442203,169482.60307789344
2020-06-24,219144.73320227716,165159.31705766896
2020-06-25,221151.02329984345,166929.91960768084
2020-06-26,216992.79715341423,162965.08809247828
2020-06-29,219230.1382318376,165360.30427686858
2020-06-30,223879.56105992376,167478.49034771716
2020-07-01,224512.4197343572,168651.62072717733
2020-07-02,225456.8677730364,169580.40593892423
2020-07-06,229710.5126792904,172198.20732433914
2020-07-07,227544.5613154312,170422.22327718922
2020-07-08,229693.30618835197,171725.7514719177
2020-07-09,228884.69646212264,170748.11882460996
2020-07-10,231197.60932753613,172491.54391415874
2020-07-13,227895.9939683654,170997.93548105223
2020-07-14,232525.63411294128,173213.8884162952
2020-07-15,234327.05285723443,174805.28171211432
2020-07-16,234413.30501708717,174229.5335116149
2020-07-17,236458.10603809697,174734.692308183
2020-07-20,239081.38810514132,176146.82235485478
2020-07-21,241196.1044391337,176521.5113428818
2020-07-22,243420.1369328464,177526.30345233445
2020-07-23,242136.0902211745,175408.13537980407
2020-07-24,241311.48640480931,174278.48893708485
2020-07-27,243887.88899719744,175549.35018430307
2020-07-28,240284.92469706395,174435.97422122533
2020-07-29,244340.8725839192,176581.28375758245
2020-07-30,242506.10591014347,175951.25262942957
2020-07-31,244434.0480310779,177341.62270941268
2020-08-03,244985.93524655985,178574.56150020985
2020-08-04,247972.23824137377,179264.2930497906
2020-08-05,248254.7195675767,180377.70500950472
2020-08-06,248288.89419724367,181583.50233647515
2020-08-07,248294.6129108416,181713.8821534253
2020-08-10,248108.27891124244,182256.9994030508
2020-08-11,246319.08195852351,180752.48398912267
2020-08-12,250414.5152815729,183272.6444983705
2020-08-13,250093.249923496,182941.2954605389
2020-08-14,249991.69487102944,182946.71295431332
2020-08-17,253535.7681499472,183527.8786485872
2020-08-18,253752.75263134285,183924.38159825743
2020-08-19,252539.12446825803,183158.55315938004
2020-08-20,251797.00019075235,183728.86586778684
2020-08-21,251998.958543128,184380.56697103745
2020-08-24,253593.79192066612,186248.97238208007
2020-08-25,253807.97875476404,186900.69148364884
2020-08-26,254605.05556938765,188774.4423951932
2020-08-27,253107.19387418657,189187.2698194595
2020-08-28,256310.45374083525,190409.2656327987
2020-08-31,255305.7491889332,189719.4980865816
2020-09-01,258375.2757917116,191506.38911455317
2020-09-02,263243.2720440119,194276.3302836069
2020-09-03,253156.16940911705,187590.4410315478
2020-09-04,250547.6384260076,186058.8381487475
2020-09-08,243051.95237734617,180975.1771800564
2020-09-09,248731.25247311612,184548.9772343177
2020-09-10,243699.11318409283,181344.52066758176
2020-09-11,243739.91207117488,181436.798044929
2020-09-14,247580.79965694115,183826.61473386304
2020-09-15,250191.44918385887,184755.309954019
2020-09-16,248037.07598971616,184022.1304643337
2020-09-17,246886.04653164037,182403.59570468785
2020-09-18,244038.6994756764,180303.64193016323
2020-09-21,241102.04380661127,178296.9554404861
2020-09-22,244869.13207569503,180112.76976578496
2020-09-23,237096.0605129326,175935.8100724247
2020-09-24,238829.79653983988,176404.7562527996
2020-09-25,241543.7554549048,179256.7337561519
2020-09-28,246295.7588979496,182234.0155507254
2020-09-29,245774.47459669807,181241.5522892312
2020-09-30,245695.65080778828,182615.6878862092
2020-10-01,246611.26404187243,183788.1343295782
2020-10-02,244077.382145952,182043.1613846653
2020-10-05,249298.4143050333,185271.3937297269
2020-10-06,246870.1198044193,182637.5018478524
2020-10-07,251194.55316528876,185816.63478089852
2020-10-08,255333.28156550688,187463.4269000987
2020-10-09,256387.6255601837,189137.5224679893
2020-10-12,260177.415614205,192180.2821441289
2020-10-13,258008.67962509376,190926.0873395523
2020-10-14,257497.63682351043,189726.445437402
2020-10-15,257780.90190093665,189491.9813463736
2020-10-16,256804.20917771597,189377.45804774665
2020-10-19,252496.97033345464,186498.26708729487
2020-10-20,255091.2111870192,187245.3052819846
2020-10-21,253910.39423194213,186890.93639519124
2020-10-22,254436.8558922536,187916.06660419572
2020-10-23,256322.74489322337,188554.0169923511
2020-10-26,251772.8444636153,185069.56058957247
2020-10-27,251229.43630940712,184431.57420478077
2020-10-28,242575.7821594287,178127.8792394329
2020-10-29,247396.07567963423,179938.2940692755
2020-10-30,245380.4033540852,178062.4373545032
2020-11-02,251041.84787064232,180058.30685494962
2020-11-03,257855.1752786908,183237.3857930412
2020-11-04,260038.663640328,187332.5791268757
2020-11-05,266243.7524754065,190986.0757340712
2020-11-06,268304.89574572403,190942.50180573927
2020-11-09,271512.7759390999,193341.8036083581
2020-11-10,270267.5649481722,193058.2581036325
2020-11-11,273924.18186740467,194492.3820951294
2020-11-12,269680.546722636,192605.6004012173
2020-11-13,274848.8066338551,195272.1052356476
2020-11-16,280647.91608272097,197709.671462733
2020-11-17,280199.34926867887,196646.3128258983
2020-11-18,277143.42298017594,194279.6959691079
2020-11-19,277633.22619620623,195097.64753745627
2020-11-20,276122.5031465016,193761.66837503572
2020-11-23,279578.37931046577,194923.18983926505
2020-11-24,284088.11457223044,198064.09434448092
2020-11-25,282244.264535754,197758.68088315756
2020-11-27,283422.6096082617,198309.4834146491
2020-11-30,279996.5391094964,197431.52545346363
2020-12-01,283011.5616355012,199590.873678007
2020-12-02,282927.2976466204,200010.82843627557
2020-12-03,283448.5248009383,199956.2755338493
2020-12-04,288060.0088600389,201679.43451711893
2020-12-07,289247.8832401443,201264.9692458976
2020-12-08,291547.1574578594,201853.9282119466
2020-12-09,289541.7320011164,200043.5493787404
2020-12-10,288351.846210967,199978.0894954925
2020-12-11,287616.23160975304,199743.6254044641
2020-12-14,284672.34759576496,198849.3609670009
2020-12-15,289645.5163087616,201537.6617647561
2020-12-16,288544.08261943463,201853.9282119466
2020-12-17,288576.6872393657,202982.67473875644
2020-12-18,288389.2728531967,202172.22846909225
2020-12-21,288113.6489472812,201449.326019092
2020-12-22,288934.91949102125,201109.7877464851
2020-12-23,288962.12638045487,201290.544856042
2020-12-24,290073.8147930604,202073.6336820612
2020-12-28,291950.3156899935,203809.6074678804
2020-12-29,290035.64951454115,203420.78980007616
2020-12-30,291671.6629203561,203711.0486774857
2020-12-31,292359.4364609698,204746.05996317512
2021-01-04,286727.256844512,201958.6244288432
2021-01-05,290749.07502691203,203349.5884533265
2021-01-06,294734.2110266488,204565.3388502546
2021-01-07,301339.8643138504,207604.6428493022
2021-01-08,303328.81717760355,208787.54631553817
2021-01-11,301881.08530145715,207380.1498265497
2021-01-12,305319.0266317833,207423.93973469987
2021-01-13,303606.40345958096,207982.5355379666
2021-01-14,306497.39123471105,207254.1975958737
2021-01-15,303824.5234054424,205742.7528294434
2021-01-19,307666.08374291693,207358.22787499736
2021-01-20,310335.0768235592,210227.75373858245
2021-01-21,309050.1387933151,210419.4358272791
2021-01-22,307245.6816911141,209674.6294240447
2021-01-25,306341.5452931374,210501.59814980495
2021-01-26,303130.3467079144,210173.0028546561
2021-01-27,293478.92663719546,205036.3008422665
2021-01-28,300192.7382106501,206799.668068367
2021-01-29,292577.4195305505,202659.56893065476
2021-02-01,298772.21874879417,206032.9937085348
2021-02-02,304255.0551676181,208946.32747858812
2021-02-03,305067.9159212436,209110.6161270035
2021-02-04,309743.31423733896,211487.33004029703
2021-02-05,311142.6928843406,212319.7522564682
2021-02-08,316272.8856229426,213853.08297781448
2021-02-09,316019.9010718772,213710.73427926967
2021-02-10,318014.29809743346,213617.59298264945
2021-02-11,321610.60406124353,213962.58474566712
2021-02-12,324526.5545687,215019.57197786347
2021-02-16,325781.2788171085,214833.3073829412
2021-02-17,323461.2513242126,214882.55078150216
2021-02-18,322494.8704463635,213968.03823607796
2021-02-19,326000.6963990851,213590.1995423681
2021-02-22,324041.80780757644,211947.3310565328
2021-02-23,324724.85490814305,212204.70700661375
2021-02-24,330131.3228066274,214543.0305072135
2021-02-25,317892.562982338,209373.4995624499
2021-02-26,319871.99746904284,208294.6263753376
2021-03-01,327467.06836104835,213343.80256638143
2021-03-02,322618.5323657104,211678.9941306756
2021-03-03,317928.8960006421,208875.14413015667
2021-03-04,311241.57791220094,206290.3516602976
2021-03-05,317017.4089413893,210085.4050400376
2021-03-08,313189.4371870081,209039.48677352656
2021-03-09,318721.58867460553,212024.0218903297
2021-03-10,320091.9779853776,213343.80256638143
2021-03-11,324880.01235923736,215506.912439426
2021-03-12,325929.6615720127,215797.13532019916
2021-03-15,329608.77155498386,217084.0330689224
2021-03-16,326111.76643944206,216810.29664760892
2021-03-17,328611.1958545155,217549.54157052343
2021-03-18,320015.4333856417,214384.30333911805
2021-03-19,319067.9649048885,213987.56641131136
2021-03-22,320322.0889346129,215696.2547467583
2021-03-23,315859.90761968674,213998.5453854057
2021-03-24,315639.7145923988,212910.709035836
2021-03-25,319329.15081834584,214108.4251179403
2021-03-26,328524.741350632,217558.79270607184
2021-03-29,325527.2202245559,217448.89497521904
2021-03-30,325369.56576796906,216872.030878992
2021-03-31,327791.9266204593,217751.0867375869
2021-04-01,335177.9642051058,220102.603005418
2021-04-05,338906.61236881226,223261.72180863968
2021-04-06,338079.6584341937,223129.8841279164
2021-04-07,337520.2244402278,223388.15999390677
2021-04-08,338086.9464174246,224448.5129116041
2021-04-09,340373.2557874495,226080.27643511776
2021-04-12,340215.6790336466,226162.67273578007
2021-04-13,339802.7465517367,226832.98410003653
2021-04-14,339715.55909861275,226058.31848692903
2021-04-15,343276.0649821159,228486.6875734207
2021-04-16,344466.18671490124,229250.42820738835
2021-04-19,341716.41409814043,228124.12945185203
2021-04-20,338364.2042023424,226453.8855240536
2021-04-21,342978.6985440245,228596.60330259163
2021-04-22,341332.3476985619,226508.83438947995
2021-04-23,345377.82592179667,228964.7409027984
2021-04-26,347445.1532915954,229442.72223890343
2021-04-27,347911.451155338,229393.2808588424
2021-04-28,347001.3050206273,229327.37101763985
2021-04-29,350389.0624258104,230788.79845782716
2021-04-30,347186.6998887298,229272.38615557709
2021-05-03,348982.97079383885,229766.92594441457
2021-05-04,348041.3342111163,228349.4144006048
2021-05-05,350117.10498673626,228420.7957305363
2021-05-06,353326.6149785088,230244.8712838832
2021-05-07,357991.89676433493,231920.6046987289
2021-05-10,354400.1033631128,229624.03729632412
2021-05-11,349547.02068611694,227574.69479254272
2021-05-12,339112.2013989536,222739.87857111177
2021-05-13,345326.11470187193,225415.4545579085
2021-05-14,351999.7636737372,228876.8011201344
2021-05-17,350116.59945030324,228294.44753686016
2021-05-18,346884.3098301798,226327.50133374103
2021-05-19,346603.78514437284,225734.16877637245
2021-05-20,350045.8951972929,228162.59185781868
2021-05-21,349902.7707690231,227975.80531166896
2021-05-24,353096.2152056135,230299.856145946
2021-05-25,351627.91888907173,229788.8838926033
2021-05-26,354020.2604753469,230244.8712838832
2021-05-27,356450.10673403786,230365.72999051216
2021-05-28,355445.61869629245,230777.85548036915
2021-06-01,356266.9663060264,230574.54647812332
2021-06-02,357055.4372011056,230937.15859464655
2021-06-03,357182.09978500265,230080.04268592224
2021-06-04,358333.13669517124,232184.33405513005
2021-06-07,357968.05679197126,231959.03110805916
2021-06-08,358067.65518288175,232008.4724881201
2021-06-09,356964.0000859056,231662.382827693
2021-06-10,357641.5502612204,232739.25820148652
2021-06-11,358725.9402042997,233123.88226115308
2021-06-14,357457.8530211492,233645.8154902719
2021-06-15,356044.77604546765,233217.2575359097
2021-06-16,353893.4354512683,231915.0612167271
2021-06-17,349792.6855574189,231838.17240143017
2021-06-18,343073.1040222877,228710.6046499912
2021-06-21,350153.17635302694,231984.8046997036
2021-06-22,350605.2624952158,233225.0508076849
2021-06-23,350211.8747203656,232943.9350759146
2021-06-24,351498.5908626318,234321.9403113029
2021-06-25,353601.53715393826,235154.32653083763
2021-06-28,355042.1029595722,235628.3662352596
2021-06-29,356025.30979798426,235755.1643868904
2021-06-30,355907.6329057386,235953.55984827105
2021-07-01,357777.5445125444,237259.94977559132
2021-07-02,357955.92463913537,239073.46031616215
2021-07-06,355614.39963334554,238637.97300929783
2021-07-07,356487.8583720838,239481.32020460872
2021-07-08,353553.49103201675,237530.10453158547
2021-07-09,359384.7159229164,240065.6536028836
2021-07-12,360869.45268564014,240925.55925092695
2021-07-13,357958.41483457875,240104.22399875932
2021-07-14,358056.2749173262,240462.53451723576
2021-07-15,356378.04171698185,239641.18126675
2021-07-16,354591.048719205,237761.5449051583
2021-07-19,348146.0690396081,234250.3070049167
2021-07-20,355164.0432711146,237607.2273250188
2021-07-21,358164.8668816376,239530.95956616983
2021-07-22,357493.5799673621,240032.5906923732
2021-07-23,362188.18174906506,242502.06793760505
2021-07-26,361527.55054796586,243097.34431333788
2021-07-27,360336.3247393531,241989.42184067093
2021-07-28,360581.7115859025,241890.1431175488
2021-07-29,363624.85751967295,242893.36937331912
2021-07-30,363678.1097367882,241713.79559594783
2021-08-02,364592.1072815097,241206.6389860609
2021-08-03,368572.4238237388,243168.95962140587
2021-08-04,366625.260434554,241972.86338793844
2021-08-05,369486.56410635245,243505.2222001026
2021-08-06,370274.7828746243,243907.6285981384
2021-08-09,368786.4588618732,243709.19714012137
2021-08-10,367855.8208166044,244012.37880998952
2021-08-11,368678.4719142743,244618.6701564531
2021-08-12,368196.5885060208,245351.79565118387
2021-08-13,368683.3169775002,245798.33392541533
2021-08-16,368878.6685389745,246377.06984673385
2021-08-17,364437.3324969886,244761.97276586184
2021-08-18,360843.8323029103,242083.0670902004
2021-08-19,363130.1304229093,242457.90006477296
2021-08-20,366327.9220108635,244387.1577896075
2021-08-23,368402.3883883656,246536.8949122387
2021-08-24,368692.5198323977,246928.26834122557
2021-08-25,371044.3758347607,247446.45792016137
2021-08-26,368585.4548745701,245985.7144160652
2021-08-27,372392.2175854396,248185.03690530296
2021-08-30,373659.0723458568,249276.5089151465
2021-08-31,372944.2100152208,248907.14742930295
2021-09-01,373266.7992804274,249039.47106461736
2021-09-02,374465.163980953,249805.64147154035
2021-09-03,375848.4385179728,249744.96914093036
2021-09-07,372472.751407082,248851.98258405837
2021-09-08,373341.62253213226,248548.85490914475
2021-09-09,371069.2399824752,247485.02831603715
2021-09-10,370089.55831468914,245533.68665478655
2021-09-13,370381.5119704252,246162.09793430252
2021-09-14,369409.880505273,244833.6780655208
2021-09-15,372271.07793741376,246878.66497630085
2021-09-16,372765.51649443904,246487.3275439504
2021-09-17,368190.1899017568,244086.2979027855
2021-09-20,364141.0943517636,240016.33821104988
2021-09-21,365356.3215163771,239789.595398524
2021-09-22,369802.3705961592,242128.72882344207
2021-09-23,373628.5348547712,245070.57192950443
2021-09-24,373345.02093605744,245474.27420644969
2021-09-27,370847.6619680909,244771.99782909223
2021-09-28,363781.73794349376,239839.3787466305
2021-09-29,364822.9780783113,240243.02702862123
2021-09-30,359008.8384076745,237306.7274045606
2021-10-01,361820.75132886873,240126.9018796756
2021-10-04,357227.14311168884,237030.2012439281
2021-10-05,361416.15273464494,239496.54678179536
2021-10-06,363054.5151458252,240491.90777251776
2021-10-07,366878.57770925865,242571.1094861722
2021-10-08,364860.5258836356,242128.72882344207
2021-10-11,363022.5665182948,240375.7646252539
2021-10-12,363251.2922980128,239784.1059114768
2021-10-13,366098.02419372095,240646.6933089301
2021-10-14,373933.7615129503,244694.5690642497
2021-10-15,374519.64369851054,246558.0969310636
2021-10-18,378398.7695889246,247288.01872515696
2021-10-19,379763.7571498256,249195.84045303025
2021-10-20,381899.0025536575,250174.5889960656
2021-10-21,384404.2526455496,250827.1180219528
2021-10-22,384647.9296753732,250567.22230732552
2021-10-25,385455.73726699024,251910.95874488485
2021-10-26,387978.2593531888,252137.68355909255
2021-10-27,385468.3712218707,251020.6899340592
2021-10-28,388324.8324908203,253442.741610867
2021-10-29,391172.44461498014,253956.9895581198
2021-11-01,391097.0696189352,254393.86273548455
2021-11-02,396808.0817952362,255422.4306232629
2021-11-03,400484.6771861076,256981.8769042992
2021-11-04,405888.86768051714,258192.85774690768
2021-11-05,407509.8689591339,259088.68803805328
2021-11-08,408293.1498227122,259309.88736857745
2021-11-09,409581.345324754,258452.7174648985
2021-11-10,405394.11204177694,256373.5157512441
2021-11-11,408592.145388866,256456.50599640651
2021-11-12,411841.8924245599,258391.91914606123
2021-11-15,412302.0800423852,258480.45287322544
2021-11-16,413970.4302987269,259503.42328404743
2021-11-17,411329.6266029273,258873.03218953084
2021-11-18,414620.5084433984,259752.25003298945
2021-11-19,413579.3560295588,259287.74943720683
2021-11-22,409793.3103772447,258557.82764311344
2021-11-23,409583.221173962,258900.64160963043
2021-11-24,411337.1983315928,259591.86701962075
2021-11-26,403735.9388438138,253802.1320284347
2021-11-29,411744.2218172444,256915.427113551
2021-11-30,403543.1266556148,251916.5022268866
2021-12-01,397190.6417758949,249118.42968650584
2021-12-02,404640.3174558188,252933.9831506614
2021-12-03,401466.5270882858,250733.14880269597
2021-12-06,403797.33578446816,253702.63732549423
2021-12-07,417901.02417988447,258950.38896110063
2021-12-08,418202.427868221,259636.12488404376
2021-12-09,413484.99148933205,257883.2146808102
2021-12-10,419129.6221352263,260310.75584466523
2021-12-13,415119.30585605296,258004.82931680305
2021-12-14,412192.2648272994,256229.72718724425
2021-12-15,423146.6586044985,260233.36307645903
2021-12-16,413721.1733132167,257938.5235126003
2021-12-17,412191.7380266954,255193.2220411453
2021-12-20,408917.1398576136,252479.7235979275
2021-12-21,415073.1969391448,256963.4826231116
2021-12-22,419386.02688699577,259532.76054269305
2021-12-23,421830.8995110843,261147.659642065
2021-12-27,430143.28439006826,264843.4163003647
2021-12-28,428914.8271609154,264626.9865241602
2021-12-29,431951.366033115,264965.462895994
2021-12-30,429850.03933928814,264233.0213373544
2021-12-31,431327.2685823498,263567.0655660993
2022-01-03,423861.25798843976,265093.07097194326
2022-01-04,423023.3988127133,265004.3212649608
2022-01-05,411630.9553413138,259915.67476213176
2022-01-06,414156.5808802536,259671.5635725549
2022-01-07,405393.7984820732,258644.9035065045
2022-01-10,405650.4186213243,258323.0035857213
2022-01-11,407449.4218531296,260675.94172068924
2022-01-12,408850.7722687312,261380.66586932016
2022-01-13,403134.4137986813,257779.2563949593
2022-01-14,401784.332124508,257884.6905429016
2022-01-18,392758.6868877312,253317.6353011458
2022-01-19,388093.8332244978,250687.271089636
2022-01-20,380783.5942222799,247912.66835617172
2022-01-21,374408.13711447857,243046.0131098672
2022-01-24,380092.7346787375,244078.1446646466
2022-01-25,370198.5967567877,241098.1631223449
2022-01-26,368959.93142856495,240493.29364301817
2022-01-27,366019.7020697212,239305.8006056444
2022-01-28,373939.7806431134,245249.04325265152
2022-01-31,383599.69797183166,249666.22649886008
2022-02-01,385076.6160849304,251353.17286593653
2022-02-02,393521.0364799692,253794.86070788687
2022-02-03,385319.1389827048,247829.39013791824
2022-02-04,383893.101591083,248994.7632422397
2022-02-07,380718.97111047694,248195.6199163972
2022-02-08,384628.74603563786,250237.7630929036
2022-02-09,393992.2107202896,253900.27685751105
2022-02-10,385767.8027924605,249338.855089348
2022-02-11,376210.13705223735,244422.1645184821
2022-02-14,374731.0518864878,243623.0571892761
2022-02-15,383982.965291151,247551.9640613764
2022-02-16,384108.963115851,247829.39013791824
2022-02-17,376037.7025884443,242535.43681952465
2022-02-18,373412.49318661424,240965.01156439396
2022-02-22,367765.5972414162,238379.12119712544
2022-02-23,358712.4690817787,234150.50633056712
2022-02-24,367727.4620195589,237674.3070569036
2022-02-25,376031.6880524687,242918.2970440088
2022-02-28,375686.02494423033,242296.83311531317
2022-03-01,370227.91566739953,238606.58394237884
2022-03-02,378813.1560315691,242995.99578362412
2022-03-03,378910.4883464578,241786.2748232888
2022-03-04,378625.334478809,239821.84838471597
2022-03-07,365614.9993832721,232752.1090006724
2022-03-08,361491.4225617005,230987.4278973442
2022-03-09,372716.48197139386,237180.43320583904
2022-03-10,370464.8623143426,236109.4072854565
2022-03-11,367164.1326746802,233107.21581851147
2022-03-14,364465.00354023406,231403.65700374797
2022-03-15,374026.67731941066,236492.30350657695
2022-03-16,383632.6784195608,241736.34748863676
2022-03-17,387419.8433258685,244760.67688695237
2022-03-18,392996.1803711031,247441.5083826598
2022-03-21,390607.57890237897,247369.137145228
2022-03-22,393293.1048510528,250263.71666773
2022-03-23,388406.40954391606,247040.70383494275
2022-03-24,397546.7175135013,250764.6998544786
2022-03-25,399112.354411917,251989.30542395497
2022-03-28,401085.01502969145,253781.66794065552
2022-03-29,407000.2488668346,256921.2045736892
2022-03-30,401904.0341387369,255334.8148103262
2022-03-31,396529.4460525842,251404.864035771
2022-04-01,393810.10117915575,252117.3814561771
2022-04-04,396885.1374433428,254277.14364203875
2022-04-05,395564.0908375243,251065.2897665277
2022-04-06,395198.933162673,248554.7943541466
2022-04-07,400252.36066869646,249807.24332185904
2022-04-08,401847.21141909744,249139.28973728517
2022-04-11,396270.9259700404,244880.90565244472
2022-04-12,397378.0602840558,243973.55643765916
2022-04-13,400498.44420819136,246767.93932281143
2022-04-14,397746.2964894755,243695.24844352607
2022-04-18,398655.757743315,243795.4270825576
2022-04-19,401627.2037116261,247730.9933323873
2022-04-20,402730.1275006642,247547.26650032948
2022-04-21,390946.9644154509,243845.55239870973
2022-04-22,380682.8030014072,237154.6416158764
2022-04-25,380185.296958396,238529.5691388546
2022-04-26,373728.38551647065,231621.52664540743
2022-04-27,374266.8163782959,232272.77779070332
2022-04-28,374964.0234261296,238139.9235484138
2022-04-29,360248.0261623167,229339.30390259816
2022-05-02,361376.4395380543,230719.77490757813
2022-05-03,364035.48682817625,231777.42807754743
2022-05-04,373556.80679651874,238835.7025329055
2022-05-05,362336.9829641599,230346.84975473347
2022-05-06,361821.3029210551,228971.92223175525
2022-05-09,346809.79985916155,221640.84726762943
2022-05-10,351019.86268386885,222152.9714133361
2022-05-11,348295.6344045536,218623.80718817975
2022-05-12,349219.9931211532,218395.58851356248
2022-05-13,358153.2672610211,223616.93661638783
2022-05-16,359767.48058518535,222709.56940328403
2022-05-17,366252.3774883558,227290.8433164079
2022-05-18,347990.0103120605,218128.34948511477
2022-05-19,345878.68664426764,216792.37032269425
2022-05-20,342094.04054542194,216887.0234780422
2022-05-23,348074.65208991675,220945.05028481956
2022-05-24,347905.81543730653,219258.4278874705
2022-05-25,350898.7176669634,221195.4788840802
2022-05-26,356527.34915931005,225615.3078830623
2022-05-27,364295.15847207,231153.96633553295
2022-05-31,362865.7016142333,229856.93553367016
2022-06-01,357747.61594948603,227997.78125817588
2022-06-02,362731.6166371965,232339.64154276985
2022-06-03,358348.0272926654,228526.5718465241
2022-06-06,359454.9567109643,229222.36882933407
2022-06-07,362328.6920941676,231421.1693673444
2022-06-08,357297.2696552845,228905.07647800693
2022-06-09,350268.8605473784,223461.05318256604
2022-06-10,342516.2161654924,216981.67663339016
2022-06-13,330015.26984060573,208743.2884511152
2022-06-14,330924.69936127885,208114.2472304626
2022-06-15,334495.23271288566,211081.2159887147
2022-06-16,325764.2814419531,204095.2767741521
2022-06-17,325305.38547431,204535.22766392693
2022-06-21,333822.16240579425,209684.15053436585
2022-06-22,332812.55034917715,209303.95406097345
2022-06-23,331932.76295434625,211355.708339392
2022-06-24,341556.86005563865,218075.52442123447
2022-06-27,343349.15860622266,217242.5442571996
2022-06-28,338514.1694035675,212803.65503925688
2022-06-29,338200.58587577165,212630.3312351114
2022-06-30,337593.01983898063,210902.87065379493
2022-07-01,339122.4563123663,213133.49221836068
2022-07-05,335972.3306938191,213535.98860798735
2022-07-06,338822.59819816204,214257.14522112347
2022-07-07,342603.9639589961,217466.1913589972
2022-07-08,344295.8441473377,217287.28807621365
2022-07-11,341165.1829767715,214805.06802170505
2022-07-12,338311.3302434711,212904.2476396067
2022-07-13,336849.9599298553,211786.17411548205
2022-07-14,332623.01772958925,211271.81817832016
2022-07-15,339169.3685688982,215308.17500999977
2022-07-18,335183.40199148085,213530.3911310311
2022-07-19,344863.68889260903,219299.84201761984
2022-07-20,344335.61214707594,220697.4834181507
2022-07-21,344878.50924170495,222944.8794152672
2022-07-22,341587.9571098084,220876.3867009343
2022-07-25,344778.47149925085,221144.72362679147
2022-07-26,342173.7281564068,218528.3621068316
2022-07-27,351521.6708049113,224202.74587675405
2022-07-28,353594.42546042864,227014.80311036648
2022-07-29,357765.8999770733,230324.3698553173
2022-08-01,357077.79165821034,229642.30558928443
2022-08-02,356414.8044367248,228127.3151541712
2022-08-03,360195.10435453814,231699.6213480229
2022-08-04,360324.93368753104,231543.1079730646
2022-08-05,361781.9320038898,231151.75254239596
2022-08-08,362299.9762761563,230883.39761822057
2022-08-09,362636.8964265051,229966.5632897501
2022-08-10,368553.6151180712,234796.7899400433
2022-08-11,368030.32498341927,234796.7899400433
2022-08-12,373518.13329260825,238771.64651847625
2022-08-15,374681.5876126316,239755.614573786
2022-08-16,375876.32281489193,240225.244690252
2022-08-17,374018.6044365832,238520.0660268516
2022-08-18,375287.6970354728,239213.3432451153
2022-08-19,371489.19197935326,235998.771623558
2022-08-22,366031.5962780693,231084.69080882936
2022-08-23,366087.9002379398,230525.62704928976
2022-08-24,368124.11436492193,231263.61208993115
2022-08-25,374519.8248766364,234528.4530141861
2022-08-26,364664.7905402575,226589.89881459635
2022-08-29,361957.37030028086,225091.6288170793
2022-08-30,355681.64283201745,222620.6217148015
2022-08-31,350185.2870644316,220926.6920002683
2022-09-01,350699.66891077417,221619.8972252592
2022-09-02,350521.0830950008,219283.0315884328
2022-09-06,349811.0943214116,218455.6848979905
2022-09-07,355696.41563400073,222380.23617708948
2022-09-08,360840.6619932784,223833.79835222883
2022-09-09,365302.31526062527,227311.0914243688
2022-09-12,364610.71039861126,229754.12914018327
2022-09-13,352591.16369363817,219763.82066217496
2022-09-14,354664.1497486894,220602.4342998026
2022-09-15,351522.58103122195,218097.86033410515
2022-09-16,350395.8352786387,216434.0418058996
2022-09-19,353376.86214906274,218112.4209735188
2022-09-20,349923.3538021825,215608.8189170035
2022-09-21,345020.21733211365,211847.800356956
2022-09-22,341290.4226327407,210068.32463607768
2022-09-23,334490.608948577,206548.69951956076
2022-09-26,329797.58397194586,204505.33245741756
2022-09-27,331547.66773129767,203983.327235026
2022-09-28,339298.28957354825,207996.97018915293
2022-09-29,332690.5709903328,203652.05019046715
2022-09-30,329798.14859390573,200502.9384521577
2022-10-03,339810.1389979918,205796.44181259663
2022-10-04,349444.4892913792,212173.40793128576
2022-10-05,348756.2987463821,211679.37209535757
2022-10-06,345702.2397804345,209495.74413957927
2022-10-07,338373.7839901027,203652.05019046715
2022-10-10,337857.5994947348,202097.12148729587
2022-10-11,337071.5659244886,200817.2610809839
2022-10-12,334475.020762616,200154.85097841176
2022-10-13,340847.90601328743,205437.1953815745
2022-10-14,331810.79812444886,200755.50885128265
2022-10-17,338041.290636859,205914.33079672468
2022-10-18,342169.3071917502,208333.73672075896
2022-10-19,338292.31348801585,206857.40667311245
2022-10-20,337485.0243838051,205122.8367561119
2022-10-21,343945.6062980639,210107.61496468095
2022-10-24,347952.10260016617,212678.5847261721
2022-10-25,355020.793530438,216074.77737655924
2022-10-26,353269.2896395644,214446.8654931377
2022-10-27,357077.499072905,213301.68650182275
2022-10-28,365106.0449237455,218376.2943164655
2022-10-31,364011.5304432624,216798.93970883265
2022-11-01,366716.3668152258,215850.21236053403
2022-11-02,356491.368252288,210433.22253901072
2022-11-03,356046.36384403444,208266.42301073775
2022-11-04,359918.30940944154,211263.9889099086
2022-11-07,362050.3817442741,213284.8760726356
2022-11-08,363631.6319724317,214435.61654427057
2022-11-09,357241.9270599224,210017.8213552436
2022-11-10,371015.5258080384,221559.1169047401
2022-11-11,367473.7015239722,223703.52652518783
2022-11-14,367517.7596130859,221800.5643432252
2022-11-15,369220.88823918486,223692.27757632063
2022-11-16,369843.256045051,221985.8030340108
2022-11-17,368851.422400028,221306.56450393333
2022-11-18,372350.278198157,222311.356613386
2022-11-21,373374.0340552476,221502.9621519952
2022-11-22,379851.13765420194,224483.73562029703
2022-11-23,379164.71484425646,225898.40342983324
2022-11-25,380225.8425277825,225847.882150681
2022-11-28,376490.76811075537,222244.0249050466
2022-11-29,376535.25960513885,221862.28057629007
2022-11-30,385264.3815536071,228851.0635251263
2022-12-01,382932.2962264901,228682.70725680055
2022-12-02,381406.40202613006,228418.88790880845
2022-12-05,374958.2201520194,224309.781875015
2022-12-06,370842.0076937276,221076.3840126336
2022-12-07,371200.4560396057,220700.2551591516
2022-12-08,373076.1611467111,222429.2275991958
2022-12-09,370968.0285602358,220767.6768590819
2022-12-12,375575.3105717028,223950.53544399285
2022-12-13,375306.58411862433,225645.7970340719
2022-12-14,373976.4848521168,224203.1058431178
2022-12-15,368351.9344935935,218718.6943216642
2022-12-16,365812.2599514161,216136.47561130597
2022-12-19,364507.1172310514,214303.74286691088
2022-12-20,365255.4627396085,214596.97146682136
2022-12-21,370618.2182452989,217805.7296316041
2022-12-22,365692.2951485763,214698.51797803515
2022-12-23,368609.0641366455,215933.50857710568
2022-12-27,368912.2993195965,215081.97214701943
2022-12-28,365597.8215128121,212408.98791804173
2022-12-29,368724.3589965488,216232.33465397247
2022-12-30,367027.9515971562,215662.81387156597
2023-01-03,362297.25703651714,214754.87071228016
2023-01-04,362121.413226768,216412.87578371112
2023-01-05,357832.9439636503,213942.8045939791
2023-01-06,367394.472894888,218848.98414702335
2023-01-09,366165.0715636216,218724.90374143887
2023-01-10,368621.7812964101,220258.79241064895
2023-01-11,372357.5226638291,223044.59009802583
2023-01-12,372389.81436643127,223856.6742146451
2023-01-13,373256.7514798658,224725.1290638276
2023-01-17,372779.9921976837,224313.47153024343
2023-01-18,367990.9923682474,220771.99645544688
2023-01-19,364577.0671497594,219164.78263794095
2023-01-20,371080.1941452791,223247.6111271807
2023-01-23,376298.36506899673,225926.26482638743
2023-01-24,378653.7838605961,225683.8094820839
2023-01-25,379712.1119081953,225768.40157756503
2023-01-26,384119.7543281502,228249.66772120973
2023-01-27,379723.4411828085,228774.1027165566
2023-01-30,376959.6998942189,225903.73093201677
2023-01-31,382049.6654206805,229225.24856024407
2023-02-01,387938.3468876758,231661.42891682909
2023-02-02,387449.5182860841,235033.7377989815
2023-02-03,384087.1084640933,232535.5352379224
2023-02-06,383233.2655497671,231114.3880338387
2023-02-07,387114.95373053465,234137.07958519927
2023-02-08,383027.3659828513,231576.81882302967
2023-02-09,382847.5352269052,229569.25041576143
2023-02-10,382465.94584215776,230104.98835493007
2023-02-13,387430.1259837116,232806.1939468258
2023-02-14,388487.9146398056,232699.0499586557
2023-02-15,391495.128954282,233454.7093477572
2023-02-16,387035.3156253841,230240.37170433637
2023-02-17,386355.10824282863,229665.109458428
2023-02-21,379539.4321040282,225057.8279755232
2023-02-22,378332.2981052108,224747.6629581983
2023-02-23,379740.9276637481,225943.2012438019
2023-02-24,375514.7113371428,223529.62677486037
2023-02-27,378161.3982481529,224290.91963755453
2023-02-28,376183.1654293912,223461.91710183903
2023-03-01,375010.6319613092,222604.74719816013
2023-03-02,377454.08417394885,224335.9694279778
2023-03-03,381998.3099490741,227933.8872286103
2023-03-06,382024.0142249901,228091.76847575093
2023-03-07,377869.6529295408,224595.39718633215
2023-03-08,380202.51497817575,224961.95093453847
2023-03-09,375341.3632381761,220811.466767232
2023-03-10,371107.5334225901,217625.2784934564
2023-03-13,370619.19836161286,217315.1134761315
2023-03-14,377460.67128894606,220907.32580989855
2023-03-15,374028.7650187151,219525.6849142364
2023-03-16,380428.6597230651,223377.32500635783
2023-03-17,376480.2736595528,220765.42706930844
2023-03-20,381209.1699832212,222888.25670624935
2023-03-21,382044.7594698097,225814.87323512512
2023-03-22,376606.6377678737,221965.51892941343
2023-03-23,379626.667079305,222565.58285778415
2023-03-24,381286.4381267818,224026.0383887893
2023-03-27,383191.0714837264,224444.9672429212
2023-03-28,382657.21357806167,223941.1583202172
2023-03-29,387716.59799229767,227196.100169469
2023-03-30,391150.1030267839,228526.3918633423
2023-03-31,396387.3082303089,231747.3888844925
2023-04-03,397437.3784195112,232630.4943646796
2023-04-04,392584.9605654868,231339.83496745516
2023-04-05,390607.06335701206,230734.13756549172
2023-04-06,388163.1642710166,231634.17946309323
2023-04-10,391952.4459545919,231871.9192480317
2023-04-11,393761.1312252873,231934.1934289604
2023-04-12,391963.1827349591,230988.8317661628
2023-04-13,395635.4968026256,234056.98706926496
2023-04-14,396018.8573330312,233485.2344954032
2023-04-17,396724.9098282055,234323.0562070305
2023-04-18,397848.6608828092,234475.9159233968
2023-04-19,396269.81066150207,234436.283626748
2023-04-20,396921.9759780605,233156.94517166348
2023-04-21,396573.89559856814,233338.0802459023
2023-04-24,398413.705392619,233581.45350443345
2023-04-25,391819.173461218,229873.67396958452
2023-04-26,389682.84756784106,228900.01895059625
2023-04-27,394552.1380025851,233456.94113921243
2023-04-28,399633.5088820329,235449.55294406693
2023-05-01,399141.5644026978,235211.81315912848
2023-05-02,391917.2725243874,232568.2021854327
2023-05-03,389737.9810966477,230971.85935211205
2023-05-04,385259.9854386547,229335.90222046076
2023-05-05,391599.6438698951,233581.45350443345
2023-05-08,392479.1706353335,233643.7636819985
2023-05-09,391725.25525035895,232619.1374259033
2023-05-10,394242.1555936119,233706.0378629272
2023-05-11,393422.2168514264,233298.46594757165
2023-05-12,393365.71708068944,232992.74651483903
2023-05-15,394630.10605886986,233796.6233983648
2023-05-16,391150.6531293301,232234.24339146397
2023-05-17,396093.2301471463,235053.3379674877
2023-05-18,404510.9342792896,237317.63438538223
2023-05-19,404527.2407927886,236972.3186526372
2023-05-22,403398.85310264735,237068.57365830385
2023-05-23,397472.5165612174,234407.9902705573
2023-05-24,395532.38758591656,232709.7049630227
2023-05-25,400050.3262869926,234724.95865215705
2023-05-26,407104.1186540264,237764.8385973866
2023-05-30,408620.8164583765,237855.42413282424
2023-05-31,404452.9422406372,236536.4173844545
2023-06-01,406631.2961518925,238783.75938661644
2023-06-02,411131.3281062854,242236.84472079427
2023-06-05,410162.4751411185,241772.66809473909
2023-06-06,410715.1335958696,242299.1009034048
2023-06-07,410504.3703800423,241461.333186732
2023-06-08,413060.537713361,242921.82471437356
2023-06-09,412711.8599884034,243357.6719876016
2023-06-12,417999.45279193134,245565.38169311476
2023-06-13,421380.764264396,247184.4024073516
2023-06-14,422956.3321736092,247478.72890467156
2023-06-15,425241.3016146715,250546.92020441004
2023-06-16,422009.7899440169,249693.49395091413
2023-06-20,419910.895097069,248398.0290027336
2023-06-21,419816.0601068784,247125.3319270603
2023-06-22,419847.586842447,248017.34657475015
2023-06-23,416224.2693640926,246142.35377925087
2023-06-26,417890.0122070753,245136.67975220704
2023-06-27,425314.05613844,247824.18862396208
2023-06-28,426843.92170974216,247949.2049420924
2023-06-29,429257.0537531048,248926.4416264
2023-06-30,433401.7209374739,251863.94713777915
2023-07-03,433232.0193429013,252153.72006059764
2023-07-05,431656.5119997119,251778.7251011614
2023-07-06,425578.68458111177,249807.1353319499
2023-07-07,427273.4996544434,249176.4382660241
2023-07-10,432793.03840844514,249807.1353319499
2023-07-11,436167.5583725351,251398.04267317796
2023-07-12,439222.6397890887,253420.7296677237
2023-07-13,440346.7730657641,255432.1497150841
2023-07-14,437580.2287921613,255273.0445823068
2023-07-17,441750.27796552685,256159.40775808576
2023-07-18,446278.0187206772,258062.81989800307
2023-07-19,447461.7550257432,258636.69627341095
2023-07-20,443658.42108141,256920.7546157345
2023-07-21,443733.03379068966,256920.7546157345
2023-07-24,444558.6632078594,258068.4893682321
2023-07-25,448150.0276492262,258773.0695303176
2023-07-26,448830.93779593153,258812.8278151937
2023-07-27,444786.9342729961,257096.90415583545
2023-07-28,448869.0258368918,259613.9509560368
2023-07-31,450425.9307514602,260108.27476505603
2023-08-01,454291.26033774577,259363.9363180945
2023-08-02,447590.7225383864,255756.0114525497
2023-08-03,449498.757256603,255023.02994436445
2023-08-04,448949.0769898284,253869.6257216377
2023-08-07,453740.6196638488,256085.52466192612
2023-08-08,453084.60520983615,254971.89672239375
2023-08-09,451212.3925469004,253267.34800013
2023-08-10,449598.3512470914,253358.27550361317
2023-08-11,448989.2976321631,253210.54530793027
2023-08-14,451265.087023358,254608.24070341568
2023-08-15,446612.0618597954,251642.38784089123
2023-08-16,443921.9539167463,249795.7783931736
2023-08-17,440254.3457847077,247892.3842515745
2023-08-18,442118.01627674646,248011.6771045211
2023-08-21,445978.8475635295,249625.26232666537
2023-08-22,445649.1087668932,248949.19150058893
2023-08-23,450360.20793028834,251721.90441064356
2023-08-24,443382.6348202312,248233.21840309084
2023-08-25,445259.091963643,249983.23087709624
2023-08-28,447763.5192884987,251568.4687480952
2023-08-29,453404.51647504896,255204.8489546944
2023-08-30,456403.2206567092,256256.004731798
2023-08-31,458024.03197348793,255881.02777068
2023-09-01,461012.9452305236,256358.28917405743
2023-09-05,456050.75837984256,255250.33070475416
2023-09-06,456538.1089541065,253534.44304203225
2023-09-07,456449.89458065433,252755.99778210535
2023-09-08,457615.6315420477,253136.66221177063
2023-09-11,456811.9200296077,254801.4706474765
2023-09-12,454757.65330993367,253403.7032587184
2023-09-13,452107.2170313663,253699.21764503865
2023-09-14,454485.0308567817,255886.6792425908
2023-09-15,448408.35553022806,252803.65732866584
2023-09-18,450015.2754059363,252951.9454722125
2023-09-19,447900.3402028851,252427.34849200197
2023-09-20,444641.8681141426,250106.6993398624
2023-09-21,437003.0744226974,245972.86361687936
2023-09-22,437531.5857186372,245419.775298978
2023-09-25,439855.6212497266,246451.7988638483
2023-09-26,433407.09307193226,242831.14918734497
2023-09-27,435307.954313083,242928.0701307846
2023-09-28,438736.8964467346,244336.3845340006
2023-09-29,436706.5736118064,243743.41194299576
2023-10-02,432789.3751801208,243646.473001238
2023-10-03,427619.1576175664,240385.0157608023
2023-10-04,430138.5672529454,242135.4961910805
2023-10-05,430782.27261421626,242044.22671955184
2023-10-06,434880.683012564,244918.00018622912
2023-10-09,440054.9138952523,246486.03166504088
2023-10-10,442333.188407662,247768.93378712653
2023-10-11,444399.1088185768,248783.8409514005
2023-10-12,444522.79311094753,247267.17667269584
2023-10-13,442060.3438942245,246035.5517591264
2023-10-16,447030.68547715264,248624.19586907755
2023-10-17,448001.2925726934,248612.80293366488
2023-10-18,443279.2977979152,245299.9784931221
2023-10-19,435920.4051704456,243144.69788848917
2023-10-20,431349.7272277568,240156.9410727305
2023-10-23,428795.7825547597,239740.69396800856
2023-10-24,431044.7687388386,241548.1750719866
2023-10-25,427389.3102352856,238081.4650109408
2023-10-26,423607.42020982807,235230.53141004345
2023-10-27,422170.1650239313,234164.25704566235
2023-10-30,425996.9597394592,236963.87744140724
2023-10-31,431664.0004841852,238452.0863790575
2023-11-01,437875.5306441068,240995.06875576705
2023-11-02,446741.18012409937,245613.63518417536
2023-11-03,449963.45359960536,247854.46179515345
2023-11-06,449591.1246046776,248424.63051701477
2023-11-07,449562.3409992567,249131.65845037365
2023-11-08,448779.9449262612,249314.14339847653
2023-11-09,447993.57805266185,247369.82108131907
2023-11-10,454689.1534555396,251229.97437794323
2023-11-13,455062.4158007667,250990.4527595042
2023-11-14,464844.4117590903,255859.89774512785
2023-11-15,464142.31958587526,256401.57512929835
2023-11-16,463194.5127697141,256715.17782539708
2023-11-17,464537.63368684496,257034.4859883612
2023-11-20,467350.9389566672,259013.0231083931
2023-11-21,465378.0129148845,258448.52385676085
2023-11-22,467458.5321155689,259446.33261875677
2023-11-24,468450.4556076549,259606.0136977161
2023-11-27,466395.7964641122,259138.45338784167
2023-11-28,464416.3138439708,259395.00141528604
2023-11-29,463091.3854971887,259212.5704621377
2023-11-30,465616.4375646468,260233.2010915953
2023-12-01,469483.4526585621,261772.70523607996
2023-12-04,467186.91420267714,260398.56963910197
2023-12-05,463992.1117594551,260347.2744322676
2023-12-06,460453.9562811098,259298.08047184645
2023-12-07,464146.1905021586,261276.63559019653
2023-12-08,465437.21788709465,262399.9646232319
2023-12-11,473776.3542158332,263420.541257735
2023-12-12,476363.89812108106,264623.6748336137
2023-12-13,483258.16359755775,268272.8518444442
2023-12-14,487988.0055013002,269133.8373915788
2023-12-15,487099.8812364524,268690.718797803
2023-12-18,488385.4559638704,270202.1095692787
2023-12-19,492647.9554572697,271845.1580382959
2023-12-20,485075.2154892808,268078.16403661016
2023-12-21,490611.1986550068,270620.0305175921
2023-12-22,492210.4922028588,271163.9216948996
2023-12-26,495632.5526061354,272308.88470639643
2023-12-27,495544.3584095177,272801.2466987332
2023-12-28,493919.3686479415,272904.28707035654
2023-12-29,492841.17773928086,272114.23289519874
2024-01-02,490848.1444782758,270591.413191674
2024-01-03,488469.2811625349,268381.54368797835
2024-01-04,486218.6971030693,267517.08446543355
2024-01-05,487778.92861430586,267883.49422709434
2024-01-08,494194.77880542417,271707.7768755708
2024-01-09,492556.1547992432,271295.59739075927
2024-01-10,493847.5476592897,272829.8820229695
2024-01-11,495729.6000816872,272709.6712557953
2024-01-12,496089.8515529105,272898.5816034911
2024-01-16,494132.5380318849,271896.68722326664
2024-01-17,490283.6376807264,270385.3144501091
2024-01-18,494672.4009345282,272789.7817700478
2024-01-19,503602.9011539632,276190.45600166364
2024-01-22,508045.7649632269,276774.37543862016
2024-01-23,505097.3546141288,277581.6000093288
2024-01-24,507624.839981517,277885.0156573334
2024-01-25,513298.9614480725,279396.4244271273
2024-01-26,512944.35320872365,279041.4975924702
2024-01-29,518875.0203827157,281251.3131012112
2024-01-30,520277.5887150058,281033.7854275973
2024-01-31,509485.5389939193,276448.04793156293
2024-02-01,514132.01512802,280066.2498367928
2024-02-02,514382.3981624891,283014.608334039
2024-02-05,513096.1506182061,281984.1326245328
2024-02-06,510435.0274248267,282802.80412560864
2024-02-07,516549.0938234804,285161.4837240784
2024-02-08,519723.5316911256,285287.4359547544
2024-02-09,522361.249342675,286936.26188390976
2024-02-12,525352.7953284251,286810.27365659736
2024-02-13,516387.47965471074,282860.0027808085
2024-02-14,523742.2795100701,285430.57657929946
2024-02-15,529896.6584252624,287399.9705536921
2024-02-16,526306.372251892,285968.70829478704
2024-02-20,521410.23284244246,284394.35940629145
2024-02-21,522407.0937198034,284651.9873328271
2024-02-22,532233.1369307762,290542.98086213594
2024-02-23,529398.362630814,290743.3561385172
2024-02-26,532284.9652743111,289678.4856429548
2024-02-27,533614.616402362,290216.63535676047
2024-02-28,532619.831826349,289833.05519954883
2024-02-29,536679.6955405658,290874.9958377405
2024-03-01,547646.9354539391,293605.8266613728
2024-03-04,546586.8857935012,293290.9280863645
2024-03-05,542843.4846182122,290359.7579829874
2024-03-06,545649.7566817342,291831.10249649594
2024-03-07,552204.26988751,294727.94980708964
2024-03-08,546856.3372179179,292958.91311076004
2024-03-11,544214.4371286641,292706.9906510898
2024-03-12,549144.2311561581,295855.79641799006
2024-03-13,550067.9651755925,295392.05175157136
2024-03-14,548240.6631647514,294808.0603213421
2024-03-15,546876.3141705557,292783.7714764776
2024-03-18,551394.3100122727,294523.83088052535
2024-03-19,555965.5197435829,296160.5079449041
2024-03-20,565253.33413635,298899.8159764028
2024-03-21,572997.1585857845,299887.6176734865
2024-03-22,570574.9119745865,299319.0508019439
2024-03-25,569795.8929896625,298492.0820761835
2024-03-26,566009.7637030412,297940.7935901009
2024-03-27,570989.197505024,300444.6116264345
2024-03-28,574017.1458244318,300387.19699141645
2024-04-01,575220.6026184172,299864.63382116106
2024-04-02,570134.0969675832,297958.03597892454
2024-04-03,576625.0185463701,298285.3173968457
2024-04-04,565166.8664249991,294644.4376106997
2024-04-05,573522.3136060069,297722.5279854413
2024-04-08,573918.1239078863,297889.0844219483
2024-04-09,570466.2820166171,298233.66222364764
2024-04-10,562502.9727473647,295247.3812699804
2024-04-11,570269.0147265664,297475.6450548636
2024-04-12,558895.0994177182,293369.5627385257
2024-04-15,551859.6315728188,289694.1801764142
2024-04-16,554782.4793480098,289165.8215477025
2024-04-17,547922.8544122514,287454.487459482
2024-04-18,542724.9920367192,286862.97273225035
2024-04-19,526633.5930109792,284359.15469591675
2024-04-22,531440.7404472252,286977.83799892286
2024-04-23,542639.8762239731,290383.2817848584
2024-04-24,539762.3189294436,290245.43266586046
2024-04-25,544627.3600576643,289142.83769537706
2024-04-26,553531.1609767873,291882.1637251938
2024-04-29,557502.3036110924,292915.8431353374
2024-04-30,543044.645512019,288275.69672342227
2024-05-01,534579.3704196597,287339.6401911276
2024-05-02,541341.2178944984,290027.2210561554
2024-05-03,551783.3990526287,293622.22312924155
2024-05-06,561726.5580439817,296654.38179596874
2024-05-07,556605.4589101834,296981.78920211724
2024-05-08,557844.9641092217,297010.44252467173
2024-05-09,560080.3177594853,298721.74061625585
2024-05-10,560248.7415509381,299106.6166523769
2024-05-13,557450.3637701136,299146.7529019351
2024-05-14,562167.747242477,300519.3046469125
2024-05-15,573760.5146611341,304240.6549136748
2024-05-16,567215.42815999,303614.6014138414
2024-05-17,566805.3155700554,304051.06062988786
2024-05-20,570377.4266987917,304401.3798950891
2024-05-21,571365.2214974503,305147.95013350586
2024-05-22,567251.0456530368,304269.3082362293
2024-05-23,566146.7445625087,302046.8039131661
2024-05-24,576608.9461127231,304045.3011680679
2024-05-28,578591.3148036972,304257.8253092257
2024-05-29,569642.7407831205,302127.2923921005
2024-05-30,570274.731566522,300123.05367369694
2024-05-31,571079.3161450584,302856.58424505737
2024-06-03,566106.5656270868,303103.5211705896
2024-06-04,562692.1348794337,303442.3935054236
2024-06-05,574280.0649605376,307048.752517286
2024-06-06,570753.9094261307,307043.0650487388
2024-06-07,567692.0087239784,306669.8159261667
2024-06-10,572270.1325646676,307617.3193888286
2024-06-11,570735.0057199241,308358.2021586982
2024-06-12,578500.9062180498,310890.70951422263
2024-06-13,587600.9349393548,311516.69102078327
2024-06-14,585413.1315596325,311706.24930793385
2024-06-17,596310.5012177919,314187.1014902602
2024-06-18,600442.6636197477,314985.2909052387
2024-06-20,591919.8865913587,314129.65085860575
2024-06-21,587379.3134524544,313708.49021301867
2024-06-24,579192.4408403706,312688.7415011522
2024-06-25,581976.6728709349,313892.9009811676
2024-06-26,582359.5333014339,314284.6883714728
2024-06-27,584387.2767108381,314780.11007790145
2024-06-28,583097.6728320436,313541.42982360243
2024-07-01,580106.428665648,314186.74152389646
2024-07-02,583086.8420281955,316301.0759546529
2024-07-03,589054.139462618,317712.64805346087
2024-07-05,588387.2812424294,319544.6968617648
2024-07-08,592234.9746799103,319913.4824014264
2024-07-09,592031.7634171842,320224.5653329788
2024-07-10,596656.8450062294,323393.27723979444
2024-07-11,590886.9916172834,320604.72580973484
2024-07-12,593412.0447106912,322627.0168412805
2024-07-15,592918.086242805,323514.26193465065
2024-07-16,595495.0245802809,325432.7386668909
2024-07-17,576348.6629197889,320869.76904336375
2024-07-18,575264.6488287561,318403.9274584057
2024-07-19,568311.7083944031,316289.5210343765
2024-07-22,577907.5896996828,319550.4563235848
2024-07-23,575789.5090429455,319049.27515533613
2024-07-24,556693.7076370812,311818.774793242
2024-07-25,555115.4845802154,310194.13860373065
2024-07-26,565097.0188234558,313668.2099769151
2024-07-29,565107.9066914405,313852.5487517913
2024-07-30,559082.6653007071,312262.3613432907
2024-07-31,577307.2777108056,317338.1030519793
2024-08-01,563583.7766283967,312844.28296692844
2024-08-02,546590.9536253097,307019.6312384587
2024-08-05,535792.1062617906,298078.1207578714
2024-08-06,544767.7086201063,300826.2479652819
2024-08-07,533628.0123218726,298815.547850649
2024-08-08,550762.1669637721,305723.3923625961
2024-08-09,554441.2602715034,307071.50239147496
2024-08-12,556468.8642510789,307232.8393157076
2024-08-13,565955.4066009952,312285.43518720707
2024-08-14,567624.1430355283,313270.6271281536
2024-08-15,580651.0858234309,318640.1373862983
2024-08-16,579324.9841923428,319354.52663179586
2024-08-19,584729.2554565759,322408.08529884793
2024-08-20,581011.9349064317,321883.7582934102
2024-08-21,586036.6747286879,322989.9349292129
2024-08-22,580642.3372371052,320454.9798024149
2024-08-23,589012.0950567272,323859.93763375946
2024-08-26,584240.7254187171,323087.8817767892
2024-08-27,586303.4387160679,323531.5403201107
2024-08-28,578402.7674854988,321653.3798206104
2024-08-29,576993.4661626243,321682.14113307395
2024-08-30,583493.7788325531,324752.9421889497
2024-09-03,559708.6021800116,318069.84267620964
2024-09-04,559954.455599684,317418.8435073684
2024-09-05,555687.2042356814,316646.7876503981
2024-09-06,542540.995672639,311317.5216317206
2024-09-09,551071.4946382163,314803.14792518143
2024-09-10,552007.2513627728,316174.3317979766
2024-09-11,561309.0729308982,319417.95270508854
2024-09-12,567184.343086294,322108.52129093546
2024-09-13,574921.5334882909,323790.78809528315
2024-09-16,574160.7479489546,324268.96741288825
2024-09-17,575132.3666173302,324401.4710313845
2024-09-18,572835.2839520421,323439.3529343544
2024-09-19,583158.4457294592,328958.6451964553
2024-09-20,582881.1102906328,328390.00633163995
2024-09-23,586480.9442529995,328395.1178540052
2024-09-24,591532.531202131,329334.7740499373
2024-09-25,590597.5470199172,328608.3979245269
2024-09-26,591114.8778629024,329911.2961781188
2024-09-27,588345.8952121726,329432.7928907864
2024-09-30,589690.0961052502,330752.9335332019
2024-10-01,585869.9415302951,327789.94240326923
2024-10-02,589306.1870738628,327928.2054835855
2024-10-03,587415.8603525623,327328.7175013968
2024-10-04,590614.1954304202,330303.2635516058
2024-10-07,586127.0663989369,327317.16258112044
2024-10-08,588251.945591984,330412.8013160949
2024-10-09,590816.4076245754,332701.32347026974
2024-10-10,589704.8151653223,332119.0778769047
2024-10-11,592313.3080987877,334107.92803325795
2024-10-14,593814.9546999097,336840.360707209
2024-10-15,586342.6898612806,334223.26125620335
2024-10-16,591073.5582326213,335675.9415137515
2024-10-17,591326.5232766098,335704.7388228515
2024-10-18,594915.7050866677,336996.0101628943
2024-10-21,593017.8831439433,336442.63387190195
2024-10-22,588534.0434773422,336263.94656893663
2024-10-23,586802.5070037222,333191.3816778785
2024-10-24,587658.224271475,333911.8903515599
2024-10-25,590790.8049781027,333796.5931252509
2024-10-28,589514.0762530989,334828.50870021206
2024-10-29,585465.6738437657,335370.4380608372
2024-10-30,585532.5761917286,334355.800871336
2024-10-31,585495.7937745275,327801.46132690925
2024-11-01,581435.6198000528,329184.8480594356
2024-11-04,585427.7246859616,328475.8583093943
2024-11-05,592545.4148182032,332447.7271670081
2024-11-06,600444.4561772491,340714.17472733743
2024-11-07,603615.900207621,343348.6965503485
2024-11-08,609281.7703680178,344835.969575453
2024-11-11,610638.0089804444,345164.58286892006
2024-11-12,608632.6227295557,344092.35106121894
2024-11-13,608383.4070852001,344259.4834439079
2024-11-14,606408.6617119131,342045.8702900293
2024-11-15,604276.5883761664,337664.6836801957
2024-11-18,609267.5940878381,339048.25039590395
2024-11-19,610489.0302213726,340287.61458629405
2024-11-20,615082.7929472626,340402.9838058758
2024-11-21,622356.7737176919,342230.35305145103
2024-11-22,624624.2268426886,343291.0299388758
2024-11-25,624748.0010639677,344455.521125606
2024-11-26,627512.9282653395,346254.0930620812
2024-11-27,626347.693661068,345204.89910166006
2024-11-29,629520.3854116218,347349.326720426
2024-12-02,626636.8199029028,347971.88854653103
2024-12-03,626855.9527358701,348133.36945730913
2024-12-04,625540.7269261836,350295.075461535
2024-12-05,623287.7546323469,349718.66132326267
2024-12-06,620828.403898506,350381.57537874405
2024-12-09,614599.8144224905,348577.20798381243
2024-12-10,610106.1756220888,347493.4572524713
2024-12-11,614184.9643133677,350179.8142318624
2024-12-12,611555.924847504,348375.4468369308
2024-12-13,611640.7159465015,348306.29729845445
2024-12-16,609897.3097707217,349793.5343269226
2024-12-17,604538.3566492326,348352.4089896508
2024-12-18,586757.2358890949,337970.2951230192
2024-12-19,583403.3819572411,337866.48082371376
2024-12-20,593647.4198405737,341924.59762208204
2024-12-23,594289.1703642167,343972.1942889993
2024-12-24,599413.470521149,347795.3970383846
2024-12-26,598099.6814575347,347818.5068789373
2024-12-27,593617.46253885,344157.21699996665
2024-12-30,592248.2160045919,340229.83998491225
2024-12-31,591783.956246886,338992.095643159
2025-01-02,594492.3669417606,338159.16947407863
2025-01-03,603200.2135456493,342387.29838604585
2025-01-06,604395.9615008043,344359.69807957584
2025-01-07,599672.806045468,340467.0218219869
2025-01-08,600816.1529499334,340964.3873467798
2025-01-10,595885.0434433479,335758.733777414
2025-01-13,598451.4431371961,336279.31713266874
2025-01-14,604306.0840984044,336742.0898899053
2025-01-15,608564.114242161,342867.4215220152
2025-01-16,613563.2596585647,342207.96314362576
2025-01-17,617502.9823668923,345643.73409570724
2025-01-21,624977.1152458774,348807.55045997584
2025-01-22,626780.4708014977,350768.4312298658
2025-01-23,626534.459571444,352682.94833210483
2025-01-24,624233.286580726,351653.3005452353
2025-01-27,615083.2494085531,346679.0333544877
2025-01-28,618439.8019596987,349657.86300442537
2025-01-29,618257.9844561657,348090.3894734774
2025-01-30,620188.3218889706,349958.5789047018
2025-01-31,615857.7918775196,348096.1489352974
2025-02-03,614090.3653859475,345753.6678231964
2025-02-04,616903.629727136,348073.0030981083
2025-02-05,622154.5125203265,349484.28722382523
2025-02-06,621089.6179508207,350698.9937182985
2025-02-07,620839.3259220852,347488.8496830153
2025-02-10,622886.0668542936,349848.7531671218
2025-02-11,620882.5708202648,350114.8043065692
2025-02-12,616036.7148396743,348986.8857023959
2025-02-13,619145.795288219,352671.39341182844
2025-02-14,621227.2790370496,352653.97103982297
2025-02-18,624590.4529685901,353689.3062952398
2025-02-19,625469.6949269605,354522.23246432014
2025-02-20,619855.6225894055,353047.34228212864
2025-02-21,607085.1774183728,347008.8345369552
2025-02-24,605733.0492568349,345429.7340924581
2025-02-25,606232.374692969,343711.83061809913
2025-02-26,608560.7283487445,343885.3704020629
2025-02-27,602359.2197541783,338396.35131115327
2025-02-28,610625.0281832508,343677.1298606337
2025-03-03,601306.3636055071,337655.93649755657
2025-03-04,588403.5530630455,333659.1579675712
2025-03-05,593269.8068715313,337245.2508731546
2025-03-06,576988.7756046854,331258.7942641793
2025-03-07,575051.7463238469,333115.46477176377
2025-03-10,563318.8822228012,324242.7258649709
2025-03-11,563223.8469694967,321547.3697264861
2025-03-12,564852.03577004,323253.6462872959
2025-03-13,556279.9909802834,318944.4889468486
2025-03-14,570870.2910413854,325532.55733955867
2025-03-17,577148.8211503266,328042.89076707617
2025-03-18,571281.989403671,324497.2580807783
2025-03-19,578667.2464799116,328031.263853527
2025-03-20,576864.3169946468,327082.71648841025
2025-03-21,574564.6952782782,327190.56241098966
2025-03-24,585809.4359291171,333050.0588834704
2025-03-25,585476.166836988,333850.6960697225
2025-03-26,582673.8395318462,329865.07649701333
2025-03-27,578637.0655654585,328989.06235419214
2025-03-28,569572.0663641066,322363.8094361067
2025-03-31,574127.5561998723,324527.7112351515
2025-04-01,574208.7950635859,325444.4015770764
2025-04-02,578415.3996514335,327503.8771339974
2025-04-03,549271.986706053,311364.2452657353
2025-04-04,518870.97363074974,293136.05255836126
2025-04-07,516691.298896218,292613.9213477424
2025-04-08,511401.8616534018,288030.775609527
2025-04-09,543189.4098782779,318279.5950763666
2025-04-10,536955.1009797871,304332.8782960675
2025-04-11,546558.4525929602,309763.00688986765
2025-04-14,552663.5413595114,312768.114084359
2025-04-15,554842.072769317,311892.09994153783
2025-04-16,549285.6199603324,304959.32775890105
2025-04-17,553364.7124483937,305394.5270926744
2025-04-21,544685.7047893717,298125.312348159
2025-04-22,558823.823150504,305881.8495559187
2025-04-23,564368.9139848182,310621.6346573197
2025-04-24,573585.6136717702,317159.8837052869
2025-04-25,572032.8368445585,319451.46557355364
2025-04-28,574051.1127421357,319573.2421944102
2025-04-29,577889.2168689749,321586.4260769529
2025-04-30,580136.0974387986,321714.0341529022
2025-05-01,578507.1654626207,323993.9531109835
2025-05-02,585587.3876746419,328803.3917037701
2025-05-05,585690.9305692124,326917.95988372207
2025-05-06,584936.8222285572,324185.4192198619
2025-05-07,587846.6430149315,325548.7918225638
2025-05-08,585226.7268787851,327817.1198637324
2025-05-09,584953.7645208103,327399.4508918736
2025-05-12,583499.7779476598,338219.1398702793
2025-05-13,582169.7391915399,340452.73115734605
2025-05-14,578433.9300890764,340887.85849784664
2025-05-15,586820.827631128,342552.8469167344
2025-05-16,594852.7163173334,344722.61616750824
2025-05-19,596741.7630471872,345099.68093353603
2025-05-20,597701.3101577371,343939.36535662535
2025-05-21,591613.1748153748,338143.72691707377
2025-05-22,590411.0814822352,338277.2024447521
2025-05-23,592760.2506884863,335968.1982044799
2025-05-27,599134.9071354322,342953.2015064968
2025-05-28,595648.0426067185,340969.0309128722
2025-05-29,595045.475744395,342314.9811435686
2025-05-30,599944.4428482533,341932.1209190844
2025-06-02,601761.2647286783,343858.19294159976
2025-06-03,602322.9510349896,345819.07371148973
2025-06-04,598921.9692105262,345726.27438291506
2025-06-05,598414.3935510463,344055.4185122982
2025-06-06,599528.1927542199,347588.560365774
2025-06-09,595824.8216180073,347901.80309550895
2025-06-10,594107.3032243125,349874.310778948
2025-06-11,595265.6807510152,348876.4480219976
2025-06-12,599297.1198653309,350263.0024585249
2025-06-13,594138.6989098726,346347.0363772014
2025-06-16,595965.98226517,349642.2404642386
2025-06-17,593206.7513337021,346654.48364848
2025-06-18,592644.7611102875,346602.2525290999
2025-06-20,594315.4069304676,345788.2245941164
2025-06-23,601760.0385069259,349203.76543655514
2025-06-24,603599.2560892168,353061.5609534967
2025-06-25,596882.7560150111,353259.3624703772
2025-06-26,601962.0967491197,356023.2202078835
2025-06-27,603020.0343356011,357792.0229260766
2025-06-30,608943.281291008,359502.6910765242
2025-07-01,608854.1403718119,359386.38594439666
2025-07-02,605568.0170631709,361015.5577100913
2025-07-03,610500.2085440707,363860.83983907785
2025-07-07,608152.1858527779,361149.39320413343
2025-07-08,605388.411464317,360951.591687253
2025-07-09,605009.2948432645,363116.03343584336
2025-07-10,604836.2705377935,364140.1377407112
2025-07-11,603336.5558537166,362860.0253579446
2025-07-14,608678.3377958648,363552.4566552535
2025-07-15,601557.3156779142,361998.9138225826
2025-07-16,602773.8658164418,363209.1567341454
2025-07-17,602794.1017842921,365431.8410403905
2025-07-18,603218.7858213047,365164.2060489426
2025-07-21,605118.7748806037,365856.6373462515
2025-07-22,608753.9222778912,365908.9764555407
2025-07-23,611131.6694100378,369022.0015658842
2025-07-24,613007.3483203735,369144.13815310446
2025-07-25,615768.2578835299,370703.5484375045
2025-07-28,610625.623525376,370610.4251392024
2025-07-29,614695.2024622761,369632.9364784402
2025-07-30,614412.258968511,369167.4279768391
2025-07-31,603647.8687233949,367782.60137885774
2025-08-01,602474.6438587902,361754.49666159664
2025-08-04,613172.1089835014,367253.0548611456
2025-08-05,610183.4819117801,365391.1288446504
2025-08-06,612223.5109422976,368189.8673228041
2025-08-07,613887.6500210464,367881.48413897975
2025-08-08,616613.1695696564,370750.0560917009
2025-08-11,616477.3970303186,370016.912598652
2025-08-12,618347.4891114731,373956.1325070737
2025-08-13,622115.0158453636,375236.2088932039
2025-08-14,620834.872952693,375271.161627124
2025-08-15,619275.7636412085,374392.5557264838
2025-08-18,619717.8549425949,374311.0233450945
2025-08-19,621606.4422627403,372280.4170905462
2025-08-20,626023.6133411528,371291.19352632575
2025-08-21,625395.569845674,369801.6527131297
2025-08-22,628795.5669902732,375480.5900575536
2025-08-25,627014.0773395194,373828.1284681243
2025-08-26,628158.5240288165,375393.29821434425
2025-08-27,629237.5460394779,376248.6502878862
2025-08-28,630021.4178518144,377581.101779942
2025-08-29,629168.9233293198,375329.33219150594
2025-09-02,626312.9495772703,372548.01608535775
2025-09-03,626757.3515352298,374567.0314229933
2025-09-04,631114.1377108182,377697.4789053423
2025-09-05,629303.8026008635,376603.5771225434
2025-09-08,627748.5050541532,377528.7626706528
2025-09-09,629965.3960512422,378401.53711620026
2025-09-10,632787.2057919165,379495.4748956355
2025-09-11,637898.585200646,382649.10421181
2025-09-12,635837.9901755275,382521.0641762242
2025-09-15,635006.1831639068,384557.6098757744
2025-09-16,632986.2466187921,384028.17134797137
2025-09-17,633986.9085710441,383551.0359328212
2025-09-18,632249.3991291644,385343.1644713853
2025-09-19,634710.5843432649,387251.706131986
2025-09-22,635396.9184736194,389083.8269335627
2025-09-23,640822.2558389402,386965.820845896
2025-09-24,641410.4887795618,385734.6638885994
2025-09-25,640444.6440151755,383955.0621794938
2025-09-26,647026.1372699528,386154.7806317317
2025-09-29,647022.8007110683,387240.0432218005
2025-09-30,647886.8661013949,388698.6629243506
2025-10-01,645749.5734259785,390023.23115304025
2025-10-02,647145.3853794988,390472.4331783634
