date,strategy,spy
2016-01-04,99930.02498750627,99949.02548725638
2016-01-05,100157.8120470657,100118.09268915051
2016-01-06,98820.22997715822,98855.17769941207
2016-01-07,96999.1609530507,96483.48531689281
2016-01-08,95728.64211793347,95424.45527558218
2016-01-11,95996.8388328355,95518.9104494301
2016-01-12,96758.20015302466,96289.60743337723
2016-01-13,94264.59161380364,93888.07383930312
2016-01-14,95350.4013951559,95429.42281140192
2016-01-15,93520.4107567306,93380.88123277984
2016-01-19,93909.03722619936,93505.21361481897
2016-01-20,92900.49615800781,92306.93958485089
2016-01-21,92560.35137203161,92824.02226721818
2016-01-22,94614.6721941624,94728.37031968126
2016-01-25,93332.4205113135,93296.3881280487
2016-01-26,94777.39176182213,94569.23818942663
2016-01-27,93889.07090867076,93540.01336303446
2016-01-28,94722.02777054298,94027.29083048331
2016-01-29,97477.07019888157,96319.38565081843
2016-02-01,97674.8701148124,96284.63989755748
2016-02-02,96044.73405494406,94549.34104867037
2016-02-03,96089.33503900723,95116.15308418969
2016-02-04,96390.84184565741,95265.32314532755
2016-02-05,94487.49187455315,93450.49872752902
2016-02-08,93109.00760258026,92192.5872702467
2016-02-09,94044.20883505436,92197.54580690736
2016-02-10,94411.79921352751,92118.00223967778
2016-02-11,93382.58624946015,90919.74620802788
2016-02-12,95197.28622797636,92794.21705229972
2016-02-16,96603.9102159828,94360.41270265635
2016-02-17,98039.33469163241,95901.74367643696
2016-02-18,98483.54094676956,95509.00237526788
2016-02-19,98981.48807697922,95464.23155877652
2016-02-22,99999.64854276441,96846.45739977979
2016-02-23,99025.19330854126,95623.32769239479
2016-02-24,99640.17342691802,96060.86680753251
2016-02-25,100501.72082397138,97224.31409180781
2016-02-26,99728.52419788933,97000.61299505558
2016-02-29,99227.65500169144,96239.86908106612
2016-03-01,101169.67874925878,98502.15868648277
2016-03-02,101193.18870933031,98944.70133407661
2016-03-03,101832.66149731184,99332.5380935396
2016-03-04,102168.80064992723,99655.70689575496
2016-03-07,102032.14907520109,99735.25946214364
2016-03-08,101511.75344422276,98646.33421432361
2016-03-09,101910.36874560549,99133.62968009063
2016-03-10,102002.72806634032,99213.1912456384
2016-03-11,103612.90537618194,100814.17764505143
2016-03-14,103371.83956772734,100684.92272298802
2016-03-15,103292.81234148696,100520.84105523182
2016-03-16,104051.22102770253,101102.57369652858
2016-03-17,104947.41723400644,101743.96176345773
2016-03-18,105357.23810799318,102143.78540283359
2016-03-21,105405.41256642532,102288.7078608792
2016-03-22,105248.49952128882,102233.74099713464
2016-03-23,104724.7898672402,101559.0830390359
2016-03-24,104610.72781713498,101514.08724356719
2016-03-28,104759.312127465,101574.0486406088
2016-03-29,105818.47767698886,102513.63284326819
2016-03-30,106034.67212391116,102963.42881309158
2016-03-31,105924.59336197036,102713.55816169475
2016-04-01,106649.52306321147,103413.2067845968
2016-04-04,105463.4478100441,103078.35707387776
2016-04-05,104605.47638073326,102048.83527523551
2016-04-06,105156.21619849249,103163.35413151815
2016-04-07,103761.15135835373,101928.88548367504
2016-04-08,103614.12149746517,102203.75579903428
2016-04-11,103375.60974836888,101963.89221254969
2016-04-12,103930.16554558507,102913.44748348494
2016-04-13,104831.0146750289,103952.98534619852
2016-04-14,104605.82198347671,103957.97987949556
2016-04-15,104868.41462984674,103843.04261955028
2016-04-18,105318.07453938619,104572.69443887087
2016-04-19,105412.13994453008,104902.53161797469
2016-04-20,105102.37710789703,105002.48527802888
2016-04-21,103976.71761559478,104437.77904573748
2016-04-22,104126.20166865102,104437.77904573748
2016-04-25,104294.47829242666,104257.82286133993
2016-04-26,104674.16593784493,104412.75238429778
2016-04-27,105634.63643004672,104627.68830009272
2016-04-28,104036.10484830923,103678.11503083927
2016-04-29,103569.78960426564,103118.35833604944
2016-05-02,104611.44342505762,103937.98374798926
2016-05-03,103962.04098317825,103033.41527336361
2016-05-04,103510.23359142199,102458.63898204634
2016-05-05,103562.65374543026,102438.63385138095
2016-05-06,104377.37299866072,102813.51182174894
2016-05-09,104562.06515242883,102898.44588527568
2016-05-10,105474.67414812408,104177.84733447384
2016-05-11,103906.06157400139,103203.31039789437
2016-05-12,104165.46323529205,103233.27759767653
2016-05-13,103930.36545277284,102333.68565802973
2016-05-16,104763.31548226527,103343.25632096114
2016-05-17,103601.48723427847,102378.68145349843
2016-05-18,103806.01431178204,102408.6576524397
2016-05-19,103392.69068049631,102053.80281105527
2016-05-20,104440.89525598376,102698.52056684911
2016-05-23,103930.7446329012,102558.64663705508
2016-05-24,105703.95805673444,103887.95742258715
2016-05-25,105872.41329697726,104592.68157121807
2016-05-26,106023.8300033492,104622.67576847751
2016-05-27,106681.37580635099,105072.50773493727
2016-05-31,106684.65716524525,104872.57341735162
2016-06-01,107107.07112603115,105087.47333651017
2016-06-02,107569.8759939444,105407.32144901995
2016-06-03,107436.21401261925,105092.4678698072
2016-06-06,107711.63928852243,105627.2338997937
2016-06-07,107916.55450276888,105792.12549186834
2016-06-08,108663.36337010511,106136.98226749961
2016-06-09,108758.18812438303,105992.05081029491
2016-06-10,107728.89794707604,104987.51067729689
2016-06-13,107221.649991677,104177.84733447384
2016-06-14,107267.64122266008,103972.92748275025
2016-06-15,107168.27697331659,103828.03202218191
2016-06-16,107502.94305905429,104137.90906641583
2016-06-17,106796.541746144,103750.07230695283
2016-06-20,107664.34101304825,104418.21487386769
2016-06-21,107860.79510355387,104714.63817525645
2016-06-22,108050.25975310814,104543.82513649814
2016-06-23,109502.60072580347,105905.1999258812
2016-06-24,105809.47795976546,102102.25428361597
2016-06-27,104510.62703293997,100273.63415492674
2016-06-28,106119.25703772844,102082.16816051873
2016-06-29,107650.86555087256,103820.40073527042
2016-06-30,109357.95039685632,105237.06635812543
2016-07-01,109458.65569776393,105458.11270294501
2016-07-05,112930.03136089575,104699.56458377444
2016-07-06,112922.13535349688,105327.48990869935
2016-07-07,112736.55165930676,105262.19201031516
2016-07-08,114600.84473658954,106829.60254714945
2016-07-11,115162.72559282235,107206.37034092714
2016-07-12,115011.71942157758,107985.0855756268
2016-07-13,115176.55451799193,107969.99398582659
2016-07-14,115359.47764835815,108572.82965519816
2016-07-15,115269.75465866101,108427.16026694777
2016-07-18,115487.2731497474,108718.50804260766
2016-07-19,115373.86238333053,108607.98936977741
2016-07-20,116306.86923244072,109060.12512096518
2016-07-21,115679.82997786162,108648.19761260826
2016-07-22,116490.35724043688,109135.49307837528
2016-07-25,116516.3052900936,108839.0877753047
2016-07-26,116767.67030188214,108889.35707800234
2016-07-27,116358.90413095058,108773.78087776141
2016-07-28,117186.25325459281,108899.39114039186
2016-07-29,117611.9357849061,109075.24370824268
2016-08-01,117828.1100060784,108984.77516187329
2016-08-02,116702.3334234903,108286.4764128353
2016-08-03,117070.58844568706,108602.9678390031
2016-08-04,116751.83295389079,108718.50804260766
2016-08-05,117785.31621716567,109607.71495266027
2016-08-08,117545.71070160522,109542.41705427608
2016-08-09,117603.5526748725,109607.71495266027
2016-08-10,117227.60664141345,109336.47129841581
2016-08-11,117471.2570406782,109843.82588980279
2016-08-12,117783.89053673358,109748.42580425003
2016-08-15,117973.29220232632,110064.86323546327
2016-08-16,117486.25107135522,109497.20527898913
2016-08-17,118060.33906096588,109703.18703148578
2016-08-18,118493.7885459417,109949.350029336
2016-08-19,118485.68679070918,109788.5800521263
2016-08-22,118639.09361210451,109783.54052303381
2016-08-23,118600.76398253939,110004.61386533067
2016-08-24,118237.79958466855,109441.95044215355
2016-08-25,118541.57789029212,109366.60048306166
2016-08-26,118137.13677009621,109160.618730565
2016-08-29,119039.29274094522,109698.1385032342
2016-08-30,118580.41767226983,109517.30940040456
2016-08-31,118388.72563688643,109205.83050585196
2016-09-01,118763.93199646828,109210.86103578536
2016-09-02,119160.83583036959,109703.18703148578
2016-09-06,119324.87579647315,110034.7790466129
2016-09-07,119113.52492519777,110024.6819901097
2016-09-08,118725.79073809633,109773.50646064429
2016-09-09,115520.8650119146,107146.11197163544
2016-09-12,117248.9989381399,108683.3663263466
2016-09-13,115594.57158149526,107120.98631944571
2016-09-14,115595.51544509685,107080.82307241035
2016-09-15,116933.22093924014,108150.85008613352
2016-09-16,116800.78190414722,107732.77615211556
2016-09-19,117421.39773396708,107752.97026512191
2016-09-20,117242.08272180556,107758.0187933735
2016-09-21,118666.97550605937,108969.81855945948
2016-09-22,119369.42055469331,109656.47239663017
2016-09-23,118557.62324472953,109055.66153805469
2016-09-26,117597.69206032818,108172.06110411747
2016-09-27,118284.0035062778,108843.60535316975
2016-09-28,118584.37945466784,109383.83387272617
2016-09-29,117269.06793287589,108394.19634718739
2016-09-30,117832.69777159118,109212.16591385395
2016-10-03,117027.21927521695,108949.62444645313
2016-10-04,116601.67126326435,108394.19634718739
2016-10-05,116814.24738178262,108873.90552183839
2016-10-06,117528.1189329327,108949.62444645313
2016-10-07,117207.31270001378,108575.97036172188
2016-10-10,117594.96171797182,109141.4955174908
2016-10-11,115919.28689741062,107763.04932330691
2016-10-12,116279.23169093637,107904.45311014687
2016-10-13,115990.95803431494,107551.01113674017
2016-10-14,115938.19611304492,107606.55394666674
2016-10-17,115455.73583121825,107232.91786025367
2016-10-18,116307.22373391569,107904.45311014687
2016-10-19,116943.0736001841,108192.24621796473
2016-10-20,116809.7861372795,107990.27809042389
2016-10-21,116615.67344793111,108040.79936957615
2016-10-24,117221.03148069304,108500.25143710714
2016-10-25,117043.0651957399,108136.70340803816
2016-10-26,116570.94595269253,107919.59869490164
2016-10-27,115077.34872207131,107631.78758876558
2016-10-28,115663.15410767644,107313.6943122791
2016-10-31,116410.7691466902,107318.75183968978
2016-11-01,114794.10252873521,106541.16149987683
2016-11-02,113949.1177203596,105899.96241528864
2016-11-03,113891.70116964827,105415.25870734062
2016-11-04,113832.89402382019,105299.15155671317
2016-11-07,116754.6295478572,107621.6995314215
2016-11-08,117652.27308729303,108106.42123768771
2016-11-09,119372.28187628924,109252.59013650304
2016-11-10,119594.82695507436,109525.20166292976
2016-11-11,120797.04963030771,109272.73925371392
2016-11-14,120544.16703262586,109358.60023062731
2016-11-15,121290.70657153781,110211.88249757772
2016-11-16,121525.81205641311,110004.88384010347
2016-11-17,122302.19247949969,110570.38199839511
2016-11-18,121975.36554103313,110322.96811743088
2016-11-21,123057.83872633187,111156.06527053402
2016-11-22,123542.49404124415,111373.16998367054
2016-11-23,123804.26789747496,111433.7613218487
2016-11-25,124550.50224646798,111847.80363259267
2016-11-28,124102.96265021602,111322.70269947284
2016-11-29,124475.52455196485,111539.79841345026
2016-11-30,123971.47347157875,111272.20841779785
2016-12-01,123147.70662233373,110863.21463530547
2016-12-02,123682.42701424043,110918.78444270932
2016-12-05,125378.92856545634,111585.24416687366
2016-12-06,125814.85916704443,111938.67714112127
2016-12-07,127910.5557000464,113402.94831558218
2016-12-08,128330.73724872085,113680.62636857867
2016-12-09,127938.57267919176,114367.31620238573
2016-12-12,127459.66134977844,114236.02747036713
2016-12-13,128007.20455335671,114998.46322626622
2016-12-14,126925.2684509186,114049.21392674015
2016-12-15,127407.72899800516,114518.76305077432
2016-12-16,127012.64866365735,114294.80997756745
2016-12-19,127610.10304361764,114543.67272314579
2016-12-20,128304.86981569894,114985.53143464851
2016-12-21,127887.19251302388,114665.56633307051
2016-12-22,127564.40921274165,114467.47684309908
2016-12-23,127655.01173498284,114635.1131786973
2016-12-27,128608.31716745181,114919.50460437773
2016-12-28,126774.74195738463,113969.75135194241
2016-12-29,127090.78163736587,113944.35572497986
2016-12-30,126176.23230442648,113527.91063875788
2017-01-03,126419.0546626267,114396.39248541761
2017-01-04,127498.78012369481,115076.93589356364
2017-01-05,127016.429532142,114985.53143464851
2017-01-06,127497.45642539774,115396.90999430073
2017-01-09,127020.27542849946,115016.0205856581
2017-01-10,127645.76593146718,115016.0205856581
2017-01-11,128281.14867234252,115341.04321464678
2017-01-12,127790.8147254362,115051.56726407839
2017-01-13,128174.12906181981,115315.63858852514
2017-01-17,127473.98728756593,114909.3445537609
2017-01-18,128502.80787605117,115163.31882170447
2017-01-19,129602.96061345043,114736.66868907017
2017-01-20,129882.10576271547,115158.2342968165
2017-01-23,129644.69338793676,114858.54430067672
2017-01-24,130693.1554312801,115595.00848343126
2017-01-25,131929.9155542577,116595.52599231437
2017-01-26,132893.1218730609,116473.62338323054
2017-01-27,132866.05886176493,116290.7964670821
2017-01-30,131913.4078668717,115569.56786067325
2017-01-31,131675.04501471083,115559.45280585189
2017-02-01,131889.86102744745,115605.13253741172
2017-02-02,131924.91289950407,115681.32841745843
2017-02-03,132674.49804984077,116478.7169072776
2017-02-06,132661.11639639054,116270.47636584843
2017-02-07,132688.5775074554,116275.56988989549
2017-02-08,132739.0623613797,116427.91665419344
2017-02-09,133344.32145383526,117118.64711043358
2017-02-10,133617.322980165,117580.83492232907
2017-02-13,133936.3787274048,118220.78312380322
2017-02-14,133897.63398488951,118693.09498967917
2017-02-15,134281.5652909762,119312.73208907877
2017-02-16,134268.5822717027,119211.1495812286
2017-02-17,134481.1513929204,119399.07002142412
2017-02-21,135379.39376099233,120110.08458226157
2017-02-22,135428.95803712658,120003.45354615981
2017-02-23,134005.38882813905,120084.7069536172
2017-02-24,135143.25700834225,120237.08071539244
2017-02-27,135689.67832843668,120425.00115558796
2017-02-28,135484.50718721736,120099.93353080383
2017-03-01,137553.72533135975,121781.05744194663
2017-03-02,136017.40417936174,121014.14910397795
2017-03-03,136676.06432646257,121090.33598486557
2017-03-06,136089.1064485421,120729.72168166115
2017-03-07,135214.74368490334,120369.13437593401
2017-03-08,134796.91247480235,120145.64025984093
2017-03-09,134342.65250960967,120298.01402161617
2017-03-10,135159.68672642845,120719.57063020341
2017-03-13,135749.89814695297,120780.52193474532
2017-03-14,134990.2627329066,120318.32512369075
2017-03-15,136157.51938677178,121359.4828350412
2017-03-16,135909.8224176389,121120.80713755699
2017-03-17,136397.90662489255,120908.05801742183
2017-03-20,136466.33743197814,120775.47340649374
2017-03-21,134383.16179593414,119224.77430809653
2017-03-22,135123.53414459096,119505.30509452574
2017-03-23,135164.5820960188,119377.8140076447
2017-03-24,135416.8100564496,119291.08011229921
2017-03-27,134955.935037003,119168.65555198796
2017-03-28,136033.09309306805,120035.8415197382
2017-03-29,135781.97338419466,120148.04303531896
2017-03-30,136212.1272749524,120530.61528671211
2017-03-31,135902.74090917807,120250.05750280562
2017-04-03,135269.00846717885,120040.90804630797
2017-04-04,134856.086272505,120117.43689524115
2017-04-05,133969.5354130283,119760.35926156057
2017-04-06,134591.35294053255,120097.04480073473
2017-04-07,134362.24142953477,119974.59324294618
2017-04-10,134363.62508148502,120046.02856783231
2017-04-11,134291.67031601956,119903.17591637826
2017-04-12,132683.07323844728,119377.8140076447
2017-04-13,131342.62136439924,118602.44646012792
2017-04-17,133038.715058799,119653.25127002686
2017-04-18,132379.33956190286,119296.16463718718
2017-04-19,133027.64515907934,119076.83713175451
2017-04-20,134154.52435707115,120046.02856783231
2017-04-21,134180.66166937686,119663.45631643916
2017-04-24,136167.95086288126,120979.48434314886
2017-04-25,137302.5105807392,121683.41656577952
2017-04-26,136854.37890301476,121606.91471432363
2017-04-27,136557.73929620822,121708.92918181028
2017-04-28,136405.50521983564,121443.71496415861
2017-05-01,137072.25920684496,121749.74036830041
2017-05-02,137361.97403349305,121795.6180813603
2017-05-03,137420.92741736257,121647.72590081375
2017-05-04,137942.21328968537,121790.55155479052
2017-05-05,138508.9218131006,122270.03575046417
2017-05-08,138393.51905414884,122249.65265511685
2017-05-09,138340.75880378543,122137.4151428997
2017-05-10,139291.64698543304,122356.75164749147
2017-05-11,139581.71163367925,122106.85399861736
2017-05-12,139212.84084153408,121902.77106868949
2017-05-15,140552.74587928184,122576.10615040142
2017-05-16,140900.96710453802,122463.90463482066
2017-05-17,137556.30704856358,120290.88668761392
2017-05-18,138494.06618011772,120775.47340649374
2017-05-19,139953.53649803155,121561.01900294554
2017-05-22,141632.22525406128,122178.23532854892
2017-05-23,141705.3126561033,122448.579066884
2017-05-24,142069.77094783404,122734.22137567846
2017-05-25,142514.2287068107,123320.84056036313
2017-05-26,142816.36126375856,123295.34594265054
2017-05-30,142616.79444057462,123188.21095363956
2017-05-31,142573.63869660723,123157.63181103901
2017-06-01,143831.3953526568,124136.99229689274
2017-06-02,144658.08644336244,124550.16168920461
2017-06-05,144730.06135643277,124458.38826476663
2017-06-06,143922.714991052,124060.48144627776
2017-06-07,144486.8853317373,124290.04099560001
2017-06-08,145814.72953904513,124351.22627827837
2017-06-09,145337.42487480768,124162.5049129235
2017-06-12,145297.28673136316,124136.99229689274
2017-06-13,146071.05930293104,124744.00357608382
2017-06-14,145192.1308982658,124585.87935164767
2017-06-15,144633.008692225,124346.12375507221
2017-06-16,144907.50918133656,124373.34621133078
2017-06-19,146457.30378176813,125408.72646254305
2017-06-20,144864.05905218926,124562.9764917541
2017-06-21,144328.08231153397,124532.2083668126
2017-06-22,144015.74386625717,124475.81063677212
2017-06-23,144101.85930428427,124624.48574415983
2017-06-26,144119.05654519258,124706.486081822
2017-06-27,142768.0532629684,123701.82895975577
2017-06-28,144756.50814578187,124808.99550305882
2017-06-29,143170.53285847435,123712.09700028173
2017-06-30,143624.27386132788,123942.70945121796
2017-07-03,143739.18491042597,124152.90281017048
2017-07-05,144501.6149970046,124439.94898778356
2017-07-06,143863.15906218076,123301.98732206173
2017-07-07,145664.23614332528,124101.60760333616
2017-07-10,146267.39040423854,124234.86715119627
2017-07-11,146268.68476194373,124142.62577048542
2017-07-12,147718.24040729273,125075.56859373364
2017-07-13,147338.30079880325,125285.68096025432
2017-07-14,147724.8722060797,125870.04135600643
2017-07-17,147679.5549239877,125854.66179311523
2017-07-18,148411.95405821054,125921.30956536348
2017-07-19,148703.26948718997,126603.0408625099
2017-07-20,148444.09578815504,126659.42959339128
2017-07-21,148819.74385208142,126546.64313246941
2017-07-24,149010.21167835794,126515.92000332338
2017-07-25,149284.6399421488,126823.44826703382
2017-07-26,149625.5013538356,126828.57778771725
2017-07-27,148115.44840193907,126710.67080527105
2017-07-28,148009.75781230096,126562.02269536062
2017-07-31,147476.2351590264,126490.26340074712
2017-08-01,148163.18732440262,126772.21605431315
2017-08-02,147828.45290106535,126833.71630755978
2017-08-03,147899.33726258794,126587.67929793688
2017-08-04,148240.96677686193,126818.34574382767
2017-08-07,148793.1056840556,127054.09671460642
2017-08-08,147842.17958695302,126741.42993105346
2017-08-09,147196.65830043174,126736.3274078473
2017-08-10,144657.43030663932,124947.40256992057
2017-08-11,144351.2205242389,125131.92132797865
2017-08-14,146887.95815220964,126372.3744166191
2017-08-15,147006.62635825574,126356.9858545688
2017-08-16,147116.0547640728,126577.4292557291
2017-08-17,144371.66005276365,124603.97666058519
2017-08-18,144425.59863943758,124409.19886116024
2017-08-21,144344.0444229747,124506.58776087272
2017-08-22,146344.92388256575,125808.51410528252
2017-08-23,146000.3533369158,125357.458253186
2017-08-24,145459.93312858182,125065.32755068496
2017-08-25,145828.33201224502,125357.458253186
2017-08-28,146210.85267748384,125362.59677302853
2017-08-29,145688.72433936305,125506.13336057372
2017-08-30,146110.17057384728,126100.69880273813
2017-08-31,147135.5425275759,126859.35491181785
2017-09-01,147259.63657924777,127038.7441491925
2017-09-05,145397.67636929546,126126.35540531439
2017-09-06,145991.71773069043,126556.875176359
2017-09-07,146180.23938539275,126541.51361178598
2017-09-08,146875.02189152592,126392.88350019374
2017-09-11,149204.1047012181,127740.96653159535
2017-09-12,149535.6924405897,128171.54929675361
2017-09-13,149173.08745336035,128233.02255252296
2017-09-14,149266.0178176143,128192.05838032825
2017-09-15,150039.15223068267,128364.60825679166
2017-09-18,151031.74881516403,128637.6157462185
2017-09-19,151256.09620409188,128766.41171116813
2017-09-20,151952.21175669163,128812.78437797818
2017-09-21,151557.22687161167,128467.63962925591
2017-09-22,151799.6363045075,128493.39522258218
2017-09-25,150649.53060205118,128230.70976863588
2017-09-26,150589.72027940972,128307.97654861474
2017-09-27,151851.5134033332,128807.63685897656
2017-09-28,152616.81170623595,128962.1794180934
2017-09-29,153552.04234570573,129415.47606080426
2017-10-02,153921.3086688616,129976.96959329917
2017-10-03,154993.54813755286,130255.13360088674
2017-10-04,155197.59344877658,130409.67616000357
2017-10-05,155960.07559810497,131182.3709572695
2017-10-06,155971.73706473556,131032.98491631339
2017-10-09,156030.8440105323,130816.63613254075
2017-10-10,155934.35890979465,131161.75388378574
2017-10-11,156317.67431566576,131367.82562787333
2017-10-12,157138.60305057198,131172.08491842536
2017-10-13,157464.21057051586,131331.7659973847
2017-10-16,158116.50531532496,131506.90763166713
2017-10-17,158613.53467326425,131599.60796949174
2017-10-18,159055.2917878676,131728.3949352823
2017-10-19,158974.42590017826,131764.4725640891
2017-10-20,160258.96998940455,132444.43102689405
2017-10-23,159632.2630691156,131929.31016120917
2017-10-24,159600.43509852974,132161.10150198668
2017-10-25,158325.03219355457,131506.90763166713
2017-10-26,159329.94614256133,131676.8927477888
2017-10-27,160409.86041373224,132753.49814680952
2017-10-30,159722.73675619933,132258.97635629022
2017-10-31,160266.4245787705,132465.0481003778
2017-11-01,160202.19786391678,132640.16273718292
2017-11-02,160400.12671150133,132691.6919221537
2017-11-03,160999.65254389355,133134.69352686132
2017-11-06,162073.24609066793,133340.7652709489
2017-11-07,161252.83526463443,133248.05593396517
2017-11-08,161462.21025049908,133474.69075658196
2017-11-09,159969.97852849984,132990.44600574774
2017-11-10,160418.23920126076,132949.2478554166
2017-11-13,161169.0057322971,133072.90530052368
2017-11-14,160782.99165131422,132763.8291814491
2017-11-15,159530.8519883884,132099.30427648994
2017-11-16,161585.05760586273,133222.26434400253
2017-11-17,160974.74887537307,132830.77392594746
2017-11-20,161383.03940380397,133057.43574604153
2017-11-21,162749.02743603388,133927.97840013375
2017-11-22,162678.0906439939,133809.51346982372
2017-11-24,163163.06359944513,134118.5805897392
2017-11-27,163033.4363121565,134051.63584524085
2017-11-28,164705.48237275745,135411.5707691689
2017-11-29,163585.54226383293,135329.16546934753
2017-11-30,165531.79368398237,136513.9317615159
2017-12-01,164533.40514977797,136230.61123576763
2017-12-04,164003.96596678198,136065.78263780667
2017-12-05,163660.37407864837,135576.3903679708
2017-12-06,163585.53340726308,135602.1549604562
2017-12-07,165488.1353460516,136029.74100563623
2017-12-08,166129.8025894934,136771.4786956197
2017-12-11,165810.07551313055,137183.63118295398
2017-12-12,165638.8755531939,137425.70856257563
2017-12-13,165311.73836563216,137410.2210097753
2017-12-14,164797.87490937844,136848.76347391674
2017-12-15,165299.31660320994,137988.37198575275
2017-12-18,167006.78908530515,138863.37822275545
2017-12-19,166433.25482776196,138330.0970540194
2017-12-20,166849.65401549917,138257.60882751932
2017-12-21,166804.54301704044,138542.36021956347
2017-12-22,166544.66866468953,138506.1296050521
2017-12-26,166785.4168247852,138340.4370878181
2017-12-27,167113.5965031587,138407.75979699838
2017-12-28,167275.77752306632,138692.52918736075
2017-12-29,166100.56697069717,138169.6060507416
2018-01-02,167973.58909196962,139158.46964859831
2018-01-03,169809.204678775,140038.6953978754
2018-01-04,170629.03064537328,140628.93224451572
2018-01-05,171859.04569362666,141566.1226708562
2018-01-08,172987.17731801327,141824.97448302858
2018-01-09,172090.08996262323,142145.94749042505
2018-01-10,171318.59210591635,141928.4828109248
2018-01-11,172296.5808646593,142964.0610436371
2018-01-12,173559.66424916004,143896.00496022592
2018-01-16,172526.16234162345,143404.13792163928
2018-01-17,174720.80521528947,144771.047193865
2018-01-18,174818.96537444065,144527.69193365204
2018-01-19,175908.7230124396,145185.21549283626
2018-01-22,177081.1379850714,146365.7521802306
2018-01-23,178381.58850089146,146676.41215130565
2018-01-24,177838.18670492858,146619.44747424228
2018-01-25,176710.23154080228,146681.55967030727
2018-01-26,179203.66928177286,148379.82697952367
2018-01-29,177485.61085478516,147396.10190150945
2018-01-30,175394.00566839075,145884.1891788063
2018-01-31,176095.89760984736,145956.75839773822
2018-02-01,174429.49394829862,145790.97588891332
2018-02-02,169807.6686851188,142617.15245973246
2018-02-05,162883.6554431972,136652.5818056732
2018-02-06,166862.38702703945,139344.89622838428
2018-02-07,166137.44951586434,138588.9488661918
2018-02-08,158980.96321045412,133390.6836064419
2018-02-09,162348.800780184,135394.39137445897
2018-02-12,164547.88012073797,137382.56659388024
2018-02-13,165816.07909789844,137724.32765878327
2018-02-14,169113.27286217402,139583.03197632288
2018-02-15,171489.04266873762,141364.16354247442
2018-02-16,171641.50764284906,141405.55967430564
2018-02-20,171320.3064805138,140520.2404009815
2018-02-21,170034.41377044847,139821.23071837513
2018-02-22,169890.39897518494,140002.46478336398
2018-02-23,172762.5915809997,142234.0222604755
2018-02-26,174336.50645161324,143885.6829247454
2018-02-27,172691.8993069817,142089.00981083896
2018-02-28,171383.95149200628,140649.63031043133
2018-03-01,169147.17243856884,138604.51741142396
2018-03-02,170111.33975309096,139318.9966485125
2018-03-05,172733.32125604525,140929.2251843148
2018-03-06,174692.22398833005,141286.49180033634
2018-03-07,174726.7102938838,141234.70163975187
2018-03-08,175168.82337528796,141918.18777292155
2018-03-09,179204.7245950217,144387.87199881257
2018-03-12,179372.29846695054,144206.67393046006
2018-03-13,177960.6966227233,143274.6850180758
2018-03-14,177617.01662110336,142539.48971675348
2018-03-15,177481.47315601696,142384.18222911368
2018-03-16,178499.59895752856,142538.52680673046
2018-03-19,176109.7068346726,140609.91702135064
2018-03-20,177231.85391145523,140849.12366922142
2018-03-21,178044.82218616045,140578.75293340904
2018-03-22,173240.02807688562,137064.70729553018
2018-03-23,168404.5926139477,134143.20228901968
2018-03-26,172982.68885355417,137813.22135231126
2018-03-27,168717.33558465028,135468.77842352784
2018-03-28,167634.21650957494,135068.54082283366
2018-03-29,171605.50302097216,136794.37255635418
2018-04-02,166863.2321601193,133841.72146022023
2018-04-03,169256.59283136457,135557.15016582838
2018-04-04,170426.0788830127,137007.50864033037
2018-04-05,171473.71259854257,138088.7666046025
2018-04-06,167210.2835893949,135011.36016595204
2018-04-09,167492.44839339508,135676.7399910251
2018-04-10,170510.60624768474,137834.02740813597
2018-04-11,169394.00078127318,137111.44892786306
2018-04-12,171161.69672099792,138239.5295169
2018-04-13,170704.52356299822,137834.02740813597
2018-04-16,172323.2566426855,138967.2735144927
2018-04-17,175548.1003411605,140454.05158584705
2018-04-18,176305.3307395025,140557.97387506158
2018-04-19,175045.53985521555,139778.22373706615
2018-04-20,173642.5632660228,138592.99848778397
2018-04-23,173092.9189798908,138572.2374277547
2018-04-24,168919.7449645728,136706.02781153092
2018-04-25,169000.8859590018,137043.91923802363
2018-04-26,171463.72561964908,138437.06105900762
2018-04-27,171663.07278035732,138567.01791548033
2018-04-30,169238.95046259026,137501.4004897131
2018-05-01,169319.21324910005,137745.6826633127
2018-05-02,169183.21030352334,136820.36212781692
2018-05-03,169324.84945304,136518.85430154018
2018-05-04,171610.26855105805,138286.28914755106
2018-05-07,172120.48135893903,138754.1554288347
2018-05-08,171497.22729233076,138754.1554288347
2018-05-09,173965.67736972478,140095.28211025684
2018-05-10,175270.011713252,141405.28969953282
2018-05-11,175035.37622006284,141836.79937807773
2018-05-14,175726.48329036438,141904.33806707629
2018-05-15,174795.11294827773,140927.0563869732
2018-05-16,175609.1243413168,141519.66901161429
2018-05-17,176061.18445960857,141400.11518305392
2018-05-18,175326.22758203853,141046.57421889718
2018-05-21,177001.22736602556,142107.08912145827
2018-05-22,176832.59807242392,141712.02603724302
2018-05-23,178065.35403518294,142101.87860834302
2018-05-24,178877.06510825915,141810.76481081956
2018-05-25,178844.48828517104,141472.85538600865
2018-05-29,177965.64035155132,139845.79842270105
2018-05-30,179027.97278421547,141712.02603724302
2018-05-31,176908.7010081439,140843.85016199248
2018-06-01,179341.83535910596,142226.60695338226
2018-06-04,180298.74698217286,142902.45280048138
2018-06-05,181254.14875111124,143006.37508969588
2018-06-06,181399.54031270684,144202.0303643677
2018-06-07,180740.60051478466,144186.45281997643
2018-06-08,181567.8383153351,144612.67099297422
2018-06-11,181552.7089740067,144805.00102112567
2018-06-12,182403.47867496003,144992.14753363913
2018-06-13,181600.7207258877,144529.50976378896
2018-06-14,181743.44381396964,144893.4177592217
2018-06-15,181203.73139095638,144708.54803395897
2018-06-18,181889.5076304164,144410.90084693345
2018-06-19,180634.1081956447,143857.42556519105
2018-06-20,181100.14835829037,144102.8056362001
2018-06-21,180134.9941632926,143199.45204805213
2018-06-22,179543.93476022998,143460.57164831614
2018-06-25,175997.10854206124,141507.64613506504
2018-06-26,176980.74942317096,141820.97885639095
2018-06-27,175180.01459638588,140646.0936409075
2018-06-28,176662.0684165305,141450.23150004697
2018-06-29,176815.80156076202,141653.8194762247
2018-07-02,177603.39985803867,141956.74017047914
2018-07-03,176061.67326337547,141455.41501568496
2018-07-05,177349.4366342627,142609.40418375275
2018-07-06,178546.78402192306,143815.660467837
2018-07-09,179886.5703972297,145110.63046226735
2018-07-10,180474.34916665833,145632.73467540895
2018-07-11,179850.6635261322,144567.53121096003
2018-07-12,181375.1948846653,145878.20473800894
2018-07-13,181679.08054642827,145993.09700215876
2018-07-16,180922.4774491431,145862.54620118585
2018-07-17,181869.8043001667,146452.6030646443
2018-07-18,183493.86496361313,146760.6262821049
2018-07-19,183073.96291311653,146207.1330020443
2018-07-20,183143.02737770337,146040.09961010536
2018-07-23,183288.79677836856,146311.60423996355
2018-07-24,182796.6662283129,147047.81644626346
2018-07-25,184834.18848554953,148301.03934165795
2018-07-26,185985.37472756926,147951.19703188873
2018-07-27,185537.96031409912,146948.68170968682
2018-07-30,183528.33937168773,146181.04443983154
2018-07-31,184466.1648766396,146901.59810930837
2018-08-01,184209.02530995206,146656.2270374584
2018-08-02,186288.24909388783,147455.1363851644
2018-08-03,186381.30153036432,148086.94934681783
2018-08-06,187734.1524957796,148630.03059980695
2018-08-07,188636.20662972698,149120.86273509782
2018-08-08,189211.27702293545,149058.25558528266
2018-08-09,188461.85767388518,148854.5866166731
2018-08-10,187263.03212625347,147857.2098143137
2018-08-13,186722.1527412533,147303.72553341222
2018-08-14,187788.52726609498,148243.66970243535
2018-08-15,186557.37728439976,147136.61114904142
2018-08-16,187334.6753915717,148327.17289966618
2018-08-17,187312.9130394062,148849.34910608054
2018-08-20,188455.544986133,149167.84734472624
2018-08-21,188973.123808041,149517.73465029092
2018-08-22,189012.41158203658,149428.97594414934
2018-08-23,189227.4243241121,149230.5894819278
2018-08-24,190599.0074655207,150128.66056368776
2018-08-27,192104.95735322934,151314.02080035635
2018-08-28,191972.79155347488,151387.09397219753
2018-08-29,192899.74735465724,152201.7518483176
2018-08-30,192592.40920587143,151585.48943357816
2018-08-31,192723.85001511933,151590.67294921615
2018-09-04,193337.67908223206,151329.66133886127
2018-09-05,192227.59500843464,150922.34139996034
2018-09-06,190567.7357903341,150468.05484974914
2018-09-07,189678.38885710138,150175.6631716344
2018-09-10,190066.44472423944,150436.71077862565
2018-09-11,190553.96427763588,150932.77142535
2018-09-12,189723.6558482101,150969.34400790694
2018-09-13,190477.83661629,151862.26757066528
2018-09-14,190531.89594854874,151888.38313035533
2018-09-17,189196.70110944708,151084.23627205673
2018-09-18,190583.48868028892,151904.02366886023
2018-09-19,188388.26940315854,152065.91854095666
2018-09-20,189478.35486281986,153298.24538893547
2018-09-21,188685.4736759182,153158.1104835277
2018-09-24,188142.87665386742,152649.3700216403
2018-09-25,188276.12306596703,152507.79525077756
2018-09-26,187113.33045794355,152051.35790154297
2018-09-27,187410.87464993232,152476.2801956313
2018-09-28,188254.63365844873,152492.01072572713
2018-10-01,189366.2456326983,153021.8092198939
2018-10-02,189165.14711385666,152932.55556000216
2018-10-03,189353.22987520852,153016.55371098316
2018-10-04,187643.1863757104,151820.60146406124
2018-10-05,187013.6710050578,150970.8648657938
2018-10-08,186772.93744514635,150970.8648657938
2018-10-09,186447.23484974963,150750.5564520199
2018-10-10,178815.41316325564,145977.3574729038
2018-10-11,175461.3638400107,142761.93993039167
2018-10-12,178778.58166964594,144744.6886568794
2018-10-15,177349.6395668085,143931.65062939623
2018-10-16,181664.4187975229,147078.8455468187
2018-10-17,180499.32229624485,147105.04209894058
2018-10-18,178679.5603098144,144980.64660831733
2018-10-19,177437.5080701197,144902.02095531533
2018-10-22,177135.03982660148,144251.6427284515
2018-10-23,174901.7799564491,143517.26635060672
2018-10-24,169231.63711767565,139168.87267651068
2018-10-25,173127.98942352558,141665.65337043296
2018-10-26,170086.37199561513,139174.13718458053
2018-10-29,168963.1215138652,138403.08023426964
2018-10-30,173179.38785333847,140453.99759089248
2018-10-31,174459.31754266092,141954.13941350105
2018-11-01,176942.46894970915,143464.84624888565
2018-11-02,177008.78473529755,142615.06465482272
2018-11-05,177035.04191182216,143401.85213522948
2018-11-06,178266.37680761868,144309.32733824238
2018-11-07,182920.93011985035,147398.80164923758
2018-11-08,182871.44746672438,147131.292646017
2018-11-09,181448.81332279285,145694.081942951
2018-11-12,177941.57828563612,142971.77332298044
2018-11-13,178318.8355026042,142704.2193239644
2018-11-14,176899.82997221954,141728.63848493007
2018-11-15,179266.27316379253,143207.79426853202
2018-11-16,178785.04406451943,143580.2424659447
2018-11-19,175240.51264569754,141151.62140299843
2018-11-20,171127.8600722816,138539.42649369893
2018-11-21,173051.78256866327,139011.50438143843
2018-11-23,172171.2507503404,138083.08813521438
2018-11-26,174751.7064865931,140312.3688250752
2018-11-27,175205.8028250352,140784.46471113287
2018-11-28,179510.75526780338,144026.05180828957
2018-11-29,179412.08468310727,143711.34221562234
2018-11-30,180336.4566812153,144587.32036180716
2018-12-03,182745.8544310155,146501.90045815983
2018-12-04,176700.67735888224,141754.82603789284
2018-12-06,176497.95459665984,141539.80013050698
2018-12-07,171515.85897266527,138250.97644726723
2018-12-10,172151.56193196133,138513.22994157704
2018-12-11,172431.52156645712,138544.69100176878
2018-12-12,173131.17132532503,139242.3238130338
2018-12-13,172935.23024069658,139195.15022106442
2018-12-14,169506.09803615286,136624.90939145992
2018-12-17,165310.81150503966,133944.54585202533
2018-12-18,165603.61232180937,133797.67957561545
2018-12-19,163062.01918033673,131793.9718075984
2018-12-20,160161.85555521364,129648.61727544582
2018-12-21,157525.06435854343,126992.18250004147
2018-12-24,153392.66722925982,123636.66604875798
2018-12-26,161328.12743641602,129883.39633704245
2018-12-27,162583.5501716573,130880.57515790178
2018-12-28,162701.7583195989,130711.732934985
2018-12-31,164077.35943313618,131856.62395320903
2019-01-02,162933.40373315316,131993.77113779765
2019-01-03,159050.5672430295,128844.04745666984
2019-01-04,164023.27012823793,133159.77418325556
2019-01-07,165394.68696703683,134209.67907724515
2019-01-08,167100.6234298093,135470.64124946023
2019-01-09,168785.14896770092,136103.75009002315
2019-01-10,170060.39452655145,136583.86422683336
2019-01-11,170387.5446374732,136636.64429491817
2019-01-14,169280.59775187715,135803.05218806487
2019-01-15,170488.596155911,137359.43875500932
2019-01-16,170207.82055959312,137691.83169529575
2019-01-17,172233.88622975588,138736.4630820564
2019-01-18,175409.97503983646,140583.03653313764
2019-01-22,172272.203001561,138683.6740148125
2019-01-23,172212.11101048,138973.90589474476
2019-01-24,174385.56554188795,139047.71699763165
2019-01-25,175813.22732874233,140224.321052502
2019-01-28,173576.73155911567,139158.5056452347
2019-01-29,172887.18344092433,138973.90589474476
2019-01-30,175383.58443107962,141173.92131923273
2019-01-31,176227.81812740545,142413.81646000937
2019-02-01,176854.07812912628,142482.3630548264
2019-02-04,178473.56076089063,143484.81538291468
2019-02-05,179483.96338512664,144086.2651817858
2019-02-06,179561.4774630184,143896.3469282715
2019-02-07,178244.4978148241,142524.60510761244
2019-02-08,178927.44511614565,142698.71183859906
2019-02-11,180185.43338374488,142777.8594428285
2019-02-12,182986.18904648483,144613.91287692916
2019-02-13,183712.77149977325,145083.42600432696
2019-02-14,184050.75819414092,144761.59807681656
2019-02-15,185876.6131060676,146339.1596651086
2019-02-19,185566.94793609172,146592.3690045292
2019-02-20,186072.74713791907,146887.80239841764
2019-02-21,185820.0237225849,146365.50020377597
2019-02-22,186790.06595375258,147272.9574084707
2019-02-25,186566.34106281612,147473.4226764429
2019-02-26,186331.51754492536,147367.95253186423
2019-02-27,185803.89425632797,147304.65244679886
2019-02-28,185620.47973826938,147030.31308182614
2019-03-01,185621.3190979231,147948.28130434235
2019-03-04,185133.6911945388,147410.09559390025
2019-03-05,183927.23922603021,147209.61232760985
2019-03-06,182025.05240181103,146318.02963955648
2019-03-07,180843.04148983152,145094.0270137394
2019-03-08,180181.46046628203,144803.84012960258
2019-03-11,183035.07252686826,146903.65891674082
2019-03-12,183588.52061966748,147457.62915223336
2019-03-13,185536.62836671207,148433.6779475406
2019-03-14,185008.48999801037,148338.69182330617
2019-03-15,186544.25651585546,149071.58333990048
2019-03-18,187276.92111394586,149612.09083338882
2019-03-19,186890.5478210071,149649.15836969594
2019-03-20,186448.2322484441,149198.76845537234
2019-03-21,190179.00267663243,150883.95998642553
2019-03-22,185985.30439447318,147979.98534182963
2019-03-25,186385.6863807016,147868.62074804457
2019-03-26,188046.54538661646,148970.8917488006
2019-03-27,187941.67894002635,148191.88854100995
2019-03-28,188580.84229472274,148753.62505080042
2019-03-29,190018.84727523362,149691.57140650472
2019-04-01,192761.42181670992,151466.75452849534
2019-04-02,192782.3974250643,151540.97959270052
2019-04-03,194000.00530629873,151779.4213120483
2019-04-04,193805.60478835326,152182.1876764478
2019-04-05,194975.00507246668,152918.80484490693
2019-04-08,195633.57639927804,153035.36195348907
2019-04-09,194107.50583309805,152251.08523846947
2019-04-10,195046.56141955813,152770.39071313295
2019-04-11,196413.2604013228,152727.96867716504
2019-04-12,198209.74319720265,153761.3601142176
2019-04-15,197786.63238479264,153660.65952395863
2019-04-16,198493.32383574249,153761.3601142176
2019-04-17,199190.1640850088,153385.14126914463
2019-04-18,199089.81796815374,153687.1530483306
2019-04-22,198389.56098812656,153819.63866850868
2019-04-23,199316.07210299958,155202.70143130765
2019-04-24,200293.15004478325,154858.30361279016
2019-04-25,199820.48747884115,154762.91252639648
2019-04-26,200293.928027325,155483.58318494153
2019-04-29,200161.437704252,155727.31640983644
2019-04-30,199673.3813830117,155806.8329795887
2019-05-01,197587.00486708176,154635.70041344737
2019-05-02,198502.6466833356,154301.84960938772
2019-05-03,199017.6816250444,155812.14248345402
2019-05-06,197029.5006807968,155170.95239802494
2019-05-07,193390.76831301145,152579.644536982
2019-05-08,192555.4475096361,152367.62434873343
2019-05-09,192814.76575253613,151906.6514233156
2019-05-10,193216.0566747947,152669.70812119218
2019-05-13,187922.20106045593,148833.06962727997
2019-05-14,189675.709973036,150179.1098495673
2019-05-15,189793.48783020783,151058.76865182145
2019-05-16,190457.7549049554,152457.75992621636
2019-05-17,189411.22097093318,151472.100028997
2019-05-20,187279.88817317452,150470.5656151363
2019-05-21,189979.03781081102,151827.1528518815
2019-05-22,189318.66817495108,151360.7984293256
2019-05-23,188253.7351161047,149511.4532372435
2019-05-24,187812.852687889,149850.55955021386
2019-05-28,186392.37764628005,148456.85078220698
2019-05-29,184621.9954719068,147460.6168730525
2019-05-30,185964.66856415538,147863.4012357702
2019-05-31,184156.53433339568,145870.86142418845
2019-06-03,184087.43960474466,145499.92508550352
2019-06-04,188266.52827863983,148658.26096188402
2019-06-05,190506.51714651968,149945.94163744844
2019-06-06,191460.8221129108,150921.05452020993
2019-06-07,192668.99251677003,152431.21240688983
2019-06-10,194130.66910476942,153130.78903651913
2019-06-11,193035.89282677736,153093.65850609835
2019-06-12,192563.23733802253,152823.41375851328
2019-06-13,193054.9437598842,153453.98483621175
2019-06-14,191649.3481441302,153284.3866839311
2019-06-17,190334.74659062916,153342.73723149492
2019-06-18,192858.39273824435,154948.36719700033
2019-06-19,193318.19382154092,155298.1285143377
2019-06-20,195056.76006843406,156781.90986571382
2019-06-21,194515.09738522215,156554.0151608239
2019-06-24,194200.05828871648,156362.29707549085
2019-06-25,192296.54615719596,154828.71437768993
2019-06-26,192623.75633493648,154674.27080932315
2019-06-27,193977.43055177954,155222.7515577685
2019-06-28,195721.36877448688,156021.46292397447
2019-07-01,197748.09506132253,157437.91256701123
2019-07-02,197788.46575777806,157847.96825027667
2019-07-03,198328.91898055788,159109.93832831027
2019-07-05,197983.81013044322,158928.94724061692
2019-07-08,196301.0588193074,158055.63284552385
2019-07-09,196549.24567400894,158252.67843304042
2019-07-10,197342.1638821512,159008.82377673298
2019-07-11,198476.4365734659,159381.5329497594
2019-07-12,201225.80989916742,160095.07627430218
2019-07-15,201393.73333723884,160148.35129613712
2019-07-16,201282.07609205742,159631.78156583814
2019-07-17,199839.3297933114,158545.54706658714
2019-07-18,201710.4960327001,159125.92083486074
2019-07-19,200577.00797562517,158242.07742362798
2019-07-22,202308.1836356752,158630.7511048867
2019-07-23,203247.25794406584,159764.93312378917
2019-07-24,204157.86588505548,160515.73296698002
2019-07-25,201587.19587366216,159748.95061723868
2019-07-26,203268.8002098134,160819.3285981665
2019-07-29,202903.99662720095,160526.36997302884
2019-07-30,202627.51790530994,160132.35079126846
2019-07-31,199947.288685047,158380.44849385336
2019-08-01,197654.0436586656,157001.30936441926
2019-08-02,195261.32173597894,155819.14382922897
2019-08-05,189060.64331615524,151133.15570089032
2019-08-06,192981.10206492184,153252.52966073927
2019-08-07,193198.13914126813,153343.0791995405
2019-08-08,196263.43306122092,156351.67806776022
2019-08-09,195153.76033668208,155286.6455873341
2019-08-12,192830.48165082454,153396.2642297845
2019-08-13,195875.21432861738,155781.8513139445
2019-08-14,190709.60618501613,151175.7757183583
2019-08-15,191768.9297801019,151575.14040062035
2019-08-16,195047.58293551282,153811.62941691524
2019-08-19,198030.87541193256,155664.71825918034
2019-08-20,196733.60029332445,154471.91571794127
2019-08-21,198550.21751466734,155728.6482853823
2019-08-22,198597.43053515936,155680.70076573084
2019-08-23,193032.97460655414,151681.6364493357
2019-08-26,195153.03009532343,153359.0077111364
2019-08-27,194810.5125253277,152757.30593581064
2019-08-28,196353.74099330747,153832.90342901283
2019-08-29,199364.3904141195,155797.8158221768
2019-08-30,199378.41061084915,155728.6482853823
2019-09-03,198063.7651642585,154818.05937332293
2019-09-04,200929.26379338803,156575.28917292153
2019-09-05,205060.5482690185,158588.13108741873
2019-09-06,205496.40269784088,158710.5736460482
2019-09-09,205570.36017785696,158790.4861788006
2019-09-10,206498.3938486146,158753.19366351614
2019-09-11,207606.3268365478,159882.0661785533
2019-09-12,207615.04381089768,160435.89242750037
2019-09-13,206929.35202470608,160329.36038214865
2019-09-16,205649.87271989573,159834.19065217458
2019-09-17,207346.23304343285,160238.90083493837
2019-09-18,207599.3580560429,160334.68788433215
2019-09-19,206705.12699515192,160324.03287996515
2019-09-20,205222.60233962644,159566.59165736308
2019-09-23,205939.92559665604,159529.0831622604
2019-09-24,204426.24299611364,158277.33612895728
2019-09-25,206425.2876959172,159213.51864947923
2019-09-26,206440.12445282892,158881.79164696572
2019-09-27,204337.0879840127,158025.9176221963
2019-09-30,205130.32683109498,158758.77314215427
2019-10-01,202702.92524749777,156870.3895979235
2019-10-02,199476.0308362909,154099.2965365058
2019-10-03,200990.8628151103,155361.77056744864
2019-10-04,204213.02211679248,157464.17211324678
2019-10-07,203071.1789358035,156784.8255932602
2019-10-08,200169.33858980375,154350.73304158493
2019-10-09,202664.4760011616,155816.55207140997
2019-10-10,204178.54205568996,156870.3895979235
2019-10-11,208568.6703493243,158496.66363438996
2019-10-14,207982.9995988243,158320.10013297072
2019-10-15,210923.52104771492,159887.5376672823
2019-10-16,209762.40205439698,159630.77366001965
2019-10-17,211409.13036637462,160101.53767053148
2019-10-18,210921.40317858467,159400.68316031087
2019-10-21,213008.37856405467,160481.32018260556
2019-10-22,213154.41881364252,159957.10116707694
2019-10-23,212328.03799872627,160422.48368045068
2019-10-24,216499.20915989345,160684.6111865332
2019-10-25,218498.35578771078,161342.6296994676
2019-10-28,219814.8110003521,162252.08471748114
2019-10-29,217691.9537042052,162203.90321969325
2019-10-30,218285.74523378353,162701.37673439528
2019-10-31,216406.35450645126,162268.0852223498
2019-11-01,219020.95851101054,163771.3407540048
2019-11-04,219956.20211075846,164429.28727366644
2019-11-05,220229.5385133917,164247.4322667001
2019-11-06,219783.18262964877,164284.88676684827
2019-11-07,219560.59180957443,164862.59678403012
2019-11-08,219823.16892308687,165269.19679020357
2019-11-11,219770.48471804982,164953.59628078603
2019-11-12,219550.28373595068,165301.25179489548
2019-11-13,219444.7032301538,165354.77879318505
2019-11-14,220226.34467338436,165595.52429726082
2019-11-15,221364.22318216605,166793.8163255471
2019-11-18,221067.52308911982,166916.83483035854
2019-11-19,219614.64016144504,166868.70732752522
2019-11-20,218066.68604499643,166248.17931137534
2019-11-21,216729.88468121426,165980.6523098366
2019-11-22,217001.0240005826,166349.7618192255
2019-11-25,219289.81859552613,167639.07134258587
2019-11-26,219158.7779651619,168018.87185297816
2019-11-27,220154.74879660518,168767.81786939572
2019-11-29,218584.7029238188,168141.87235947142
2019-12-02,216149.7179706622,166713.59782138548
2019-12-03,214293.4732752246,165595.52429726082
2019-12-04,216093.43571835052,166617.28882076425
2019-12-05,216973.88226562366,166916.83483035854
2019-12-06,218999.76281324553,168441.47236402027
2019-12-09,217641.057045134,167911.88984967174
2019-12-10,218009.62633856188,167724.617348931
2019-12-11,219913.75202807356,168200.74485826268
2019-12-12,223330.48559643133,169650.43739499172
2019-12-13,222870.96967071586,169752.127892751
2019-12-16,224228.8396131994,170918.328919709
2019-12-17,225282.34320271682,170955.76542153896
2019-12-18,225021.2291893316,170966.47442086053
2019-12-19,225951.7261695708,171667.2389394902
2019-12-20,227680.1643205943,172419.89260945437
2019-12-23,226568.4844721216,172683.3159944464
2019-12-24,227277.30420194077,172688.69749158443
2019-12-26,227753.41850079314,173607.9255963738
2019-12-27,227604.29767642735,173564.92761422388
2019-12-30,226219.88308565563,172608.02902946813
2019-12-31,226890.30323385153,173027.37184491832
2020-01-02,229562.36218739406,174645.45664660947
2020-01-03,227096.04024219175,173323.0302177841
2020-01-06,227010.72285800608,173984.25243135588
2020-01-07,227847.22988907626,173495.0221463837
2020-01-08,228689.76122873143,174419.68574326567
2020-01-09,230345.64291630726,175602.42722463797
2020-01-10,229903.0880126807,175097.0524482516
2020-01-13,232070.64860121562,176301.2299265852
2020-01-14,232334.4351840237,176032.4790394097
2020-01-15,232493.80734518866,176430.25986967125
2020-01-16,234726.8835813006,177897.84273467868
2020-01-17,234629.04498018336,178451.57899203477
2020-01-21,233443.95954809894,178102.1416444248
2020-01-22,233995.57117605614,178123.667632977
2020-01-23,235324.88049251382,178327.96654272315
2020-01-24,233249.95945429726,176742.06273395123
2020-01-27,228433.26657117004,173909.0194613322
2020-01-28,231451.29551079177,175731.40317276947
2020-01-29,231544.96811688144,175586.28273322378
2020-01-30,232993.5061662225,176156.1094870395
2020-01-31,228148.21102629605,172957.46637707815
2020-02-03,229375.47621700866,174242.29431920985
2020-02-04,232967.62738578033,176897.91017113664
2020-02-05,235249.80907638016,178940.7912786888
2020-02-06,237146.74702884356,179542.8710186965
2020-02-07,235017.65008407325,178585.95443562255
2020-02-10,236793.2877966031,179919.1798553604
2020-02-11,238666.24550679757,180230.98271964033
2020-02-12,240756.23107440228,181392.1982124604
2020-02-13,241439.31178668913,181198.6802953086
2020-02-14,241972.02291450097,181488.93917271812
2020-02-18,240788.8923748569,181021.25287461636
2020-02-19,242522.04325337775,181886.7380012979
2020-02-20,241368.41202364734,181139.5378217445
2020-02-21,238361.41121619564,179274.0841348846
2020-02-24,230274.99487912122,173328.42971324036
2020-02-25,223436.48476191604,168076.1964964053
2020-02-26,223061.3692217092,167457.97226498343
2020-02-27,214329.279580677,159937.08703725244
2020-02-28,213454.29272255357,159265.17382267732
2020-03-02,220470.5638569631,166162.34533193923
2020-03-03,214465.53342140943,161404.7238972144
2020-03-04,224128.63291547407,168189.0819480772
2020-03-05,217294.37825114376,162598.13838127189
2020-03-06,214107.81968449207,159910.2515448349
2020-03-09,198620.03023859425,147422.17246540403
2020-03-10,206647.6126132713,155050.4896543961
2020-03-11,195810.7043559884,147492.02393828967
2020-03-12,175580.3398759803,133380.38856843865
2020-03-13,190519.7950555662,144782.62011245955
2020-03-16,166234.33096302368,128939.96049429094
2020-03-17,178414.01857261715,135901.68297173228
2020-03-18,163889.92268846266,129020.57496145267
2020-03-19,165513.6269065042,129294.7523415617
2020-03-20,157735.48729450765,123722.90499035332
2020-03-23,153600.71437689816,120559.50258740303
2020-03-24,171421.54974001096,131482.61890127312
2020-03-25,175770.55418743362,133450.9329765745
2020-03-26,186439.87170548155,141243.09785518632
2020-03-27,180082.94905382732,137036.08097045298
2020-03-30,186689.12949314213,141486.4441162402
2020-03-31,183684.7022433085,139377.50918094
2020-04-01,173413.9244005885,133104.87931278374
2020-04-02,176758.1070271743,136176.2923114778
2020-04-03,173910.1860992103,134207.9962344946
2020-04-06,187492.97841661464,143222.23791887748
2020-04-07,187729.9791330771,143368.25827433253
2020-04-08,192573.8765660823,148180.8825694383
2020-04-09,196081.89503380525,150435.81086271626
2020-04-13,193715.5064104852,149062.29620771576
2020-04-14,200410.13711551393,153458.5564090314
2020-04-15,196164.47951241696,150197.89109459592
2020-04-16,198481.42889355723,150922.44938986946
2020-04-17,203546.57010158602,154999.68040215285
2020-04-20,198994.41246385325,152268.92157179327
2020-04-21,191177.9748650866,147645.5495924289
2020-04-22,197816.80485829958,150922.44938986946
2020-04-23,198638.26848719502,150911.63240063877
2020-04-24,202058.26979124738,153015.14984216454
2020-04-27,204825.71779112,155221.38368558628
2020-04-28,205370.09529265127,154507.64237954342
2020-04-29,211585.18083732697,158552.3864274984
2020-04-30,207354.58287371055,157076.164369761
2020-05-01,201158.90045902014,152917.79693908844
2020-05-04,202591.35625286223,153339.55152917575
2020-05-05,205211.55617387078,154756.39713521264
2020-05-06,202721.80623144336,153707.2931663824
2020-05-07,206202.14789825477,155562.03785392077
2020-05-08,211386.2384106637,158136.03133286734
2020-05-11,212195.4710789247,158168.42830560482
2020-05-12,208816.8243689807,155015.93288347614
2020-05-13,205044.27477114942,152274.3390655677
2020-05-14,207640.7148320282,154096.66878205043
2020-05-15,208334.6761268593,154804.97459600065
2020-05-18,215903.3185191689,159520.31798130306
2020-05-19,215472.0101934876,157881.8770817419
2020-05-20,219828.00661816294,160563.9864580407
2020-05-21,217003.07090837468,159455.416045919
2020-05-22,218389.5620268012,159758.2557477416
2020-05-26,220855.40646706213,161726.58782136117
2020-05-27,221891.5427174616,164132.90896807317
2020-05-28,220361.81432852522,163830.08726456875
2020-05-29,223254.1480245668,164560.09905025308
2020-06-01,224453.04037707948,165225.20890055335
2020-06-02,225031.88402982173,166593.27906430216
2020-06-03,228120.3929078244,168810.32989695456
2020-06-04,227124.70670600285,168366.9413284059
2020-06-05,233332.63643866923,172682.07411049146
2020-06-08,233750.55687523272,174769.42906228485
2020-06-09,232192.44868518465,173466.15284401097
2020-06-10,231489.74481955814,172498.25728684268
2020-06-11,217976.56626789088,162553.9525101216
2020-06-12,219241.80736741517,164500.57861200708
2020-06-15,222641.53690334666,166036.37510294505
2020-06-16,225781.1231176164,169232.15648031462
2020-06-17,225260.90521572434,168529.19616686608
2020-06-18,224825.00229959819,168594.04410729557
2020-06-19,223783.84038959796,167630.5761364014
2020-06-22,225882.4942503942,168705.9036548308
2020-06-23,226434.86806643248,169482.60307789344
2020-06-24,220888.61872259167,165159.31705766896
2020-06-25,222542.69908714303,166929.91960768084
2020-06-26,217659.19969461224,162965.08809247828
2020-06-29,220340.35241189136,165360.30427686858
2020-06-30,224913.69090940553,167478.49034771716
2020-07-01,225717.56174636356,168651.62072717733
2020-07-02,226903.34535173903,169580.40593892423
2020-07-06,231413.58763610065,172198.20732433914
2020-07-07,228299.39247909197,170422.22327718922
2020-07-08,230112.35208421166,171725.7514719177
2020-07-09,229360.30405542196,170748.11882460996
2020-07-10,231531.88006468178,172491.54391415874
2020-07-13,228775.4597993229,170997.93548105223
2020-07-14,233011.0740201692,173213.8884162952
2020-07-15,235593.77077627662,174805.28171211432
2020-07-16,235159.3122573371,174229.5335116149
2020-07-17,237237.33994239467,174734.692308183
2020-07-20,239295.62088376883,176146.82235485478
2020-07-21,240639.65000648773,176521.5113428818
2020-07-22,242595.75010743245,177526.30345233445
2020-07-23,240934.54341040732,175408.13537980407
2020-07-24,240429.38726658214,174278.48893708485
2020-07-27,242822.7866453107,175549.35018430307
2020-07-28,239195.86534703555,174435.97422122533
2020-07-29,243782.95582607258,176581.28375758245
2020-07-30,241771.66938029457,175951.25262942957
2020-07-31,243200.17337913567,177341.62270941268
2020-08-03,243125.67319768236,178574.56150020985
2020-08-04,245885.76045818854,179264.2930497906
2020-08-05,245536.71460031503,180377.70500950472
2020-08-06,245630.311989181,181583.50233647515
2020-08-07,246146.53155559636,181713.8821534253
2020-08-10,246292.93327885855,182256.9994030508
2020-08-11,245339.36443814437,180752.48398912267
2020-08-12,248645.55670480602,183272.6444983705
2020-08-13,247990.7617913804,182941.2954605389
2020-08-14,247995.5883158207,182946.71295431335
2020-08-17,251408.03733736317,183527.8786485872
2020-08-18,251974.88263374972,183924.38159825746
2020-08-19,250644.16829718993,183158.55315938004
2020-08-20,250218.7026656485,183728.86586778684
2020-08-21,250688.21706659129,184380.56697103742
2020-08-24,252268.90832923795,186248.97238208007
2020-08-25,252890.68144081355,186900.69148364884
2020-08-26,253846.22668495562,188774.4423951932
2020-08-27,253484.97539718304,189187.2698194595
2020-08-28,257609.7878867575,190409.2656327987
2020-08-31,256365.36902254942,189719.4980865816
2020-09-01,259895.53362914824,191506.38911455314
2020-09-02,264694.2532219701,194276.33028360686
2020-09-03,254635.06268603093,187590.4410315478
2020-09-04,252195.3135011825,186058.8381487475
2020-09-08,245363.18778973247,180975.1771800564
2020-09-09,250234.95032969193,184548.9772343177
2020-09-10,245066.61145162015,181344.52066758176
2020-09-11,245108.57453501312,181436.798044929
2020-09-14,248624.82726642705,183826.61473386304
2020-09-15,250822.11192860344,184755.309954019
2020-09-16,248968.97256613715,184022.1304643337
2020-09-17,247788.30181138744,182403.59570468785
2020-09-18,244832.92746851803,180303.64193016323
2020-09-21,241559.24369606262,178296.9554404861
2020-09-22,244819.97663090858,180112.76976578496
2020-09-23,237471.4140485941,175935.8100724247
2020-09-24,239605.86986501934,176404.7562527996
2020-09-25,242665.49918769702,179256.73375615187
2020-09-28,247282.04487358857,182234.0155507254
2020-09-29,246749.41133784223,181241.55228923116
2020-09-30,246857.4481791359,182615.68788620917
2020-10-01,248045.24985804842,183788.1343295782
2020-10-02,245832.40799099024,182043.16138466532
2020-10-05,251037.91060457265,185271.3937297269
2020-10-06,248906.67412098366,182637.5018478524
2020-10-07,253230.20704036133,185816.63478089854
2020-10-08,257764.08365083902,187463.4269000987
2020-10-09,258877.40666316237,189137.5224679893
2020-10-12,262164.7738758626,192180.2821441289
2020-10-13,260486.0475416747,190926.0873395523
2020-10-14,259963.5006159112,189726.44543740197
2020-10-15,260346.32404752594,189491.98134637362
2020-10-16,259158.66595246692,189377.45804774665
2020-10-19,255097.73940200885,186498.26708729492
2020-10-20,257545.1632854272,187245.3052819846
2020-10-21,256536.7568642586,186890.93639519124
2020-10-22,256871.47801249434,187916.06660419574
2020-10-23,258697.11937608043,188554.0169923511
2020-10-26,253883.6776113834,185069.56058957247
2020-10-27,253029.82629060838,184431.57420478074
2020-10-28,244716.67382443635,178127.8792394329
2020-10-29,249653.5861601044,179938.2940692755
2020-10-30,247909.41022399187,178062.4373545032
2020-11-02,253945.28889006833,180058.30685494962
2020-11-03,261344.74631561435,183237.3857930412
2020-11-04,263417.46590831626,187332.5791268757
2020-11-05,269937.17905549717,190986.07573407117
2020-11-06,272383.6460456721,190942.50180573927
2020-11-09,276120.85501338734,193341.80360835814
2020-11-10,274596.11375345214,193058.2581036325
2020-11-11,278490.14294914337,194492.3820951294
2020-11-12,274043.9026078295,192605.60040121732
2020-11-13,279530.7567787746,195272.10523564756
2020-11-16,285734.27542087,197709.671462733
2020-11-17,285110.3891751926,196646.3128258983
2020-11-18,282121.4222980452,194279.6959691079
2020-11-19,282818.653614503,195097.64753745627
2020-11-20,281289.43846099323,193761.66837503575
2020-11-23,285699.77152561926,194923.18983926502
2020-11-24,290013.95615828206,198064.09434448095
2020-11-25,288077.0166834011,197758.68088315753
2020-11-27,289561.2895125676,198309.4834146491
2020-11-30,285703.68788082415,197431.52545346363
2020-12-01,288893.4702744831,199590.873678007
2020-12-02,289194.1318562811,200010.82843627554
2020-12-03,289911.7640043915,199956.27553384926
2020-12-04,295213.23634710227,201679.43451711893
2020-12-07,296566.7135625223,201264.96924589758
2020-12-08,298971.3491296472,201853.9282119466
2020-12-09,296576.4635502897,200043.54937874037
2020-12-10,295085.1514232224,199978.0894954925
2020-12-11,294491.1182258334,199743.62540446414
2020-12-14,291601.14655593794,198849.36096700086
2020-12-15,296078.09879988345,201537.66176475614
2020-12-16,294902.27785558417,201853.9282119466
2020-12-17,294578.98091680236,202982.67473875644
2020-12-18,294416.6678023617,202172.22846909222
2020-12-21,294052.88212438027,201449.32601909197
2020-12-22,294255.09946701385,201109.7877464851
2020-12-23,294167.67768007226,201290.544856042
2020-12-24,295516.92829707626,202073.6336820612
2020-12-28,296741.2568786123,203809.60746788036
2020-12-29,294903.64442379854,203420.78980007616
2020-12-30,297088.1173130863,203711.0486774857
2020-12-31,297443.91143606097,204746.05996317512
2021-01-04,292392.2432008888,201958.62442884318
2021-01-05,296187.1455531707,203349.58845332646
2021-01-06,300312.85450640804,204565.3388502546
2021-01-07,306812.30022404954,207604.6428493022
2021-01-08,308991.3329457621,208787.54631553817
2021-01-11,307160.05388348666,207380.14982654972
2021-01-12,310550.3205768163,207423.93973469987
2021-01-13,308708.181132149,207982.5355379666
2021-01-14,310836.3112673052,207254.1975958737
2021-01-15,308580.5294590358,205742.7528294434
2021-01-19,311555.2357475983,207358.22787499736
2021-01-20,313505.52945802995,210227.75373858243
2021-01-21,312113.9652255018,210419.4358272791
2021-01-22,309939.9306908236,209674.6294240447
2021-01-25,310214.77326275664,210501.59814980498
2021-01-26,307211.3830976173,210173.0028546561
2021-01-27,297673.79352264374,205036.3008422665
2021-01-28,303404.97671835264,206799.668068367
2021-01-29,296844.98790782253,202659.56893065473
2021-02-01,302635.5031986905,206032.99370853478
2021-02-02,307545.6841446884,208946.32747858815
2021-02-03,308262.7770728563,209110.6161270035
2021-02-04,312264.00731815706,211487.33004029706
2021-02-05,314444.62875365117,212319.7522564682
2021-02-08,318229.72818145086,213853.08297781448
2021-02-09,318833.13348322315,213710.73427926967
2021-02-10,320262.2450319501,213617.59298264942
2021-02-11,321617.4324069967,213962.58474566712
2021-02-12,324178.9161494482,215019.57197786347
2021-02-16,324443.12441404886,214833.3073829412
2021-02-17,322730.29331048636,214882.55078150216
2021-02-18,322202.57190949516,213968.03823607793
2021-02-19,324489.47553238936,213590.1995423681
2021-02-22,321226.37967814587,211947.33105653277
2021-02-23,321040.1674559668,212204.70700661378
2021-02-24,326178.58551715536,214543.03050721347
2021-02-25,315588.2128894355,209373.4995624499
2021-02-26,316611.6659250142,208294.62637533757
2021-03-01,324518.01238465356,213343.80256638143
2021-03-02,320284.31536931155,211678.9941306756
2021-03-03,315704.45892581623,208875.14413015667
2021-03-04,309566.4709883006,206290.3516602976
2021-03-05,315977.2784738581,210085.4050400376
2021-03-08,312596.60481044796,209039.48677352656
2021-03-09,318017.6818928867,212024.02189032966
2021-03-10,319890.06168284384,213343.80256638143
2021-03-11,323639.50187080505,215506.91243942597
2021-03-12,324908.0668512498,215797.13532019913
2021-03-15,328094.0515580356,217084.03306892238
2021-03-16,325178.9701710855,216810.29664760895
2021-03-17,326880.17082279373,217549.54157052346
2021-03-18,320552.2002889752,214384.30333911805
2021-03-19,319842.0745373027,213987.56641131136
2021-03-22,320883.4609963211,215696.2547467583
2021-03-23,317588.9609480642,213998.5453854057
2021-03-24,317802.34601850423,212910.70903583601
2021-03-25,320684.4184984449,214108.4251179403
2021-03-26,329016.38153306814,217558.79270607184
2021-03-29,326737.60236974806,217448.89497521904
2021-03-30,325769.49066357745,216872.03087899202
2021-03-31,327481.4601666429,217751.0867375869
2021-04-01,334093.61673567916,220102.603005418
2021-04-05,337135.78004149563,223261.72180863968
2021-04-06,335582.891432566,223129.88412791636
2021-04-07,336200.46550326404,223388.15999390674
2021-04-08,337089.1094067499,224448.51291160414
2021-04-09,339093.8001660821,226080.27643511776
2021-04-12,339940.7037312955,226162.67273578007
2021-04-13,340268.77333350567,226832.98410003653
2021-04-14,338915.3725554859,226058.31848692903
2021-04-15,343548.232162446,228486.6875734207
2021-04-16,343725.76781929506,229250.42820738835
2021-04-19,340523.0019991461,228124.12945185203
2021-04-20,337954.72934423795,226453.88552405356
2021-04-21,342330.0085259687,228596.60330259165
2021-04-22,339546.3841601402,226508.83438947995
2021-04-23,343474.887557673,228964.74090279842
2021-04-26,344031.7914870101,229442.72223890343
2021-04-27,343503.9837484288,229393.28085884242
2021-04-28,342334.906569534,229327.37101763985
2021-04-29,345429.9972874934,230788.79845782713
2021-04-30,342858.2601305419,229272.38615557709
2021-05-03,343686.9599040411,229766.92594441457
2021-05-04,342259.54410767986,228349.41440060476
2021-05-05,343031.90686530416,228420.7957305363
2021-05-06,346140.4272962328,230244.8712838832
2021-05-07,349761.65805454477,231920.60469872886
2021-05-10,346043.99622897676,229624.03729632415
2021-05-11,342790.0845812324,227574.69479254272
2021-05-12,333159.12181819556,222739.87857111177
2021-05-13,339245.27812178247,225415.4545579085
2021-05-14,345383.88224064774,228876.8011201344
2021-05-17,342681.8271777763,228294.44753686019
2021-05-18,339955.91359044873,226327.50133374103
2021-05-19,340754.9406069556,225734.16877637245
2021-05-20,345282.735891238,228162.59185781868
2021-05-21,345452.1515694294,227975.80531166896
2021-05-24,349557.29355752125,230299.85614594596
2021-05-25,348655.0040060074,229788.8838926033
2021-05-26,350055.1282026058,230244.8712838832
2021-05-27,351318.2598344551,230365.72999051216
2021-05-28,352930.7412992094,230777.85548036915
2021-06-01,351559.7031005488,230574.54647812335
2021-06-02,353057.07213798113,230937.15859464658
2021-06-03,354360.80443530844,230080.04268592224
2021-06-04,356513.5488941594,232184.33405513005
2021-06-07,355562.28618986777,231959.03110805913
2021-06-08,355244.3257543452,232008.47248812014
2021-06-09,354551.24409505085,231662.382827693
2021-06-10,356246.95633725787,232739.25820148655
2021-06-11,357198.68966089614,233123.88226115308
2021-06-14,357611.50805103005,233645.8154902719
2021-06-15,356711.336421479,233217.25753590974
2021-06-16,354881.36382528325,231915.0612167271
2021-06-17,354527.7693234714,231838.17240143017
2021-06-18,347803.32380537177,228710.60464999118
2021-06-21,352926.7329908482,231984.8046997036
2021-06-22,353775.64985822584,233225.05080768492
2021-06-23,352920.2376813473,232943.9350759146
2021-06-24,354496.24630910484,234321.9403113029
2021-06-25,356537.9535642715,235154.32653083763
2021-06-28,358995.72708680585,235628.36623525957
2021-06-29,358731.609032323,235755.1643868904
2021-06-30,358280.51412449527,235953.55984827102
2021-07-01,359984.14968349715,237259.94977559135
2021-07-02,361258.8357102791,239073.46031616218
2021-07-06,360547.1378948561,238637.97300929783
2021-07-07,361999.2309989197,239481.32020460872
2021-07-08,358622.03495470603,237530.10453158547
2021-07-09,364130.2568217498,240065.65360288357
2021-07-12,365604.3371593992,240925.55925092698
2021-07-13,363099.7016284507,240104.22399875935
2021-07-14,363080.53390811966,240462.53451723576
2021-07-15,361326.43008974486,239641.18126674998
2021-07-16,359875.5668100729,237761.5449051583
2021-07-19,354402.8179535058,234250.3070049167
2021-07-20,360460.00771382893,237607.22732501882
2021-07-21,362934.1285984625,239530.95956616983
2021-07-22,363076.34732870193,240032.59069237317
2021-07-23,367996.0535989831,242502.06793760502
2021-07-26,366564.2080197099,243097.34431333788
2021-07-27,365638.63962057646,241989.42184067093
2021-07-28,365725.1212493031,241890.14311754878
2021-07-29,368903.41352486063,242893.36937331912
2021-07-30,369212.32100225834,241713.79559594783
2021-08-02,370378.67738017964,241206.63898606092
2021-08-03,374862.03277955006,243168.95962140587
2021-08-04,373022.54848919006,241972.86338793844
2021-08-05,373334.75713646004,243505.2222001026
2021-08-06,373972.97065265686,243907.62859813837
2021-08-09,373175.40987970436,243709.19714012137
2021-08-10,372428.2634629775,244012.37880998952
2021-08-11,373076.1509295852,244618.6701564531
2021-08-12,372410.5234093716,245351.79565118387
2021-08-13,373137.99246868887,245798.33392541533
2021-08-16,374148.5859222799,246377.06984673385
2021-08-17,370301.17483306257,244761.97276586184
2021-08-18,366548.5994580343,242083.0670902004
2021-08-19,369136.7344836243,242457.90006477296
2021-08-20,372468.3989479636,244387.1577896075
2021-08-23,373990.6364367321,246536.8949122387
2021-08-24,374139.73106915585,246928.26834122554
2021-08-25,376537.31685436715,247446.45792016137
2021-08-26,374046.6110217812,245985.71441606522
2021-08-27,377647.34392558166,248185.03690530296
2021-08-30,378994.7794971501,249276.50891514652
2021-08-31,378511.2639163017,248907.14742930298
2021-09-01,378913.56234705617,249039.47106461736
2021-09-02,380927.3941288646,249805.64147154035
2021-09-03,382638.8281371023,249744.96914093033
2021-09-07,379505.48864546587,248851.98258405834
2021-09-08,380625.9081246593,248548.85490914475
2021-09-09,378527.99644824455,247485.02831603715
2021-09-10,377170.53717349126,245533.68665478658
2021-09-13,377203.9256087609,246162.09793430255
2021-09-14,376177.88742112403,244833.67806552077
2021-09-15,379200.05052084156,246878.66497630085
2021-09-16,379320.61966563266,246487.32754395038
2021-09-17,374860.80443530326,244086.2979027855
2021-09-20,370749.049392294,240016.33821104988
2021-09-21,372052.5847044343,239789.59539852396
2021-09-22,375539.6317231229,242128.72882344207
2021-09-23,378992.00700649404,245070.57192950443
2021-09-24,378543.5702985902,245474.27420644969
2021-09-27,375707.62259741774,244771.99782909226
2021-09-28,367879.5840161138,239839.37874663054
2021-09-29,369336.02902345755,240243.02702862123
2021-09-30,363627.75315828796,237306.7274045606
2021-10-01,365662.69720020256,240126.90187967557
2021-10-04,360915.8645643834,237030.2012439281
2021-10-05,365204.9555767417,239496.54678179536
2021-10-06,367284.60843452153,240491.90777251776
2021-10-07,371203.2803570951,242571.1094861722
2021-10-08,369119.31664433953,242128.72882344207
2021-10-11,367475.30000214337,240375.7646252539
2021-10-12,367664.50486284867,239784.10591147677
2021-10-13,370336.42700130056,240646.69330893012
2021-10-14,378428.4836328479,244694.56906424972
2021-10-15,379003.7007390084,246558.09693106357
2021-10-18,382838.67185640923,247288.01872515696
2021-10-19,384467.30063088576,249195.84045303022
2021-10-20,386322.126367049,250174.58899606558
2021-10-21,388580.4676153999,250827.11802195277
2021-10-22,388793.76509279816,250567.22230732552
2021-10-25,389442.61635082425,251910.95874488485
2021-10-26,391767.30578995426,252137.68355909258
2021-10-27,389223.3567612619,251020.68993405916
2021-10-28,393044.2229326773,253442.741610867
2021-10-29,396810.42192236066,253956.9895581198
2021-11-01,396284.60881430283,254393.86273548458
2021-11-02,402284.9795180772,255422.4306232629
2021-11-03,405026.55802756496,256981.8769042992
2021-11-04,410158.26380244823,258192.85774690766
2021-11-05,410603.86703127594,259088.68803805328
2021-11-08,412092.4661689012,259309.88736857745
2021-11-09,412963.30157172226,258452.71746489854
2021-11-10,409298.31512707664,256373.51575124406
2021-11-11,412409.89724478277,256456.50599640654
2021-11-12,416426.29948421096,258391.91914606123
2021-11-15,416053.8166541432,258480.45287322544
2021-11-16,417861.1173693697,259503.42328404746
2021-11-17,415782.60874161683,258873.03218953084
2021-11-18,417890.1379430003,259752.25003298942
2021-11-19,417176.6081243444,259287.74943720683
2021-11-22,413612.72394068935,258557.82764311344
2021-11-23,413151.9453415939,258900.64160963043
2021-11-24,415085.2616500013,259591.86701962075
2021-11-26,408148.46440721984,253802.1320284347
2021-11-29,416187.83276766515,256915.427113551
2021-11-30,407743.08054062194,251916.5022268866
2021-12-01,402912.521108721,249118.42968650584
2021-12-02,409912.7036729991,252933.9831506614
2021-12-03,406909.51030619483,250733.14880269594
2021-12-06,408930.2320047952,253702.63732549426
2021-12-07,423350.9094412698,258950.38896110066
2021-12-08,423444.0868737134,259636.12488404376
2021-12-09,417902.4546209159,257883.2146808102
2021-12-10,423897.93805788155,260310.75584466523
2021-12-13,421232.3860750355,258004.82931680302
2021-12-14,418406.3317714801,256229.72718724425
2021-12-15,430586.9819911092,260233.36307645903
2021-12-16,422793.47418402135,257938.5235126003
2021-12-17,421102.6170808201,255193.2220411453
2021-12-20,418754.18387904787,252479.7235979275
2021-12-21,424198.9647221145,256963.4826231116
2021-12-22,428809.13777597627,259532.76054269305
2021-12-23,430802.2525701935,261147.659642065
2021-12-27,439628.41612270003,264843.4163003647
2021-12-28,438640.0719016032,264626.9865241602
2021-12-29,441744.58515630144,264965.462895994
2021-12-30,439861.1610339319,264233.0213373544
2021-12-31,441419.7854267194,263567.0655660993
2022-01-03,432052.53930600255,265093.07097194326
2022-01-04,429472.59323713515,265004.3212649608
2022-01-05,416420.8335902063,259915.67476213176
2022-01-06,418545.7614727715,259671.56357255494
2022-01-07,410238.9949047423,258644.9035065045
2022-01-10,410920.3995451774,258323.00358572134
2022-01-11,412853.6602894958,260675.94172068924
2022-01-12,413284.20895694074,261380.66586932016
2022-01-13,406352.4366899879,257779.2563949593
2022-01-14,403727.2294842382,257884.69054290158
2022-01-18,395742.40676345915,253317.6353011458
2022-01-19,392143.90281545476,250687.27108963602
2022-01-20,384399.5665886197,247912.66835617175
2022-01-21,377928.1414040876,243046.01310986717
2022-01-24,384293.2337573423,244078.1446646466
2022-01-25,374454.7425089351,241098.16312234494
2022-01-26,372213.11230322876,240493.29364301817
2022-01-27,369110.84408854484,239305.80060564438
2022-01-28,377846.86146409943,245249.04325265152
2022-01-31,387409.58564454596,249666.22649886008
2022-02-01,390441.8915982222,251353.17286593653
2022-02-02,399252.73472145165,253794.86070788692
2022-02-03,391807.2653979145,247829.39013791826
2022-02-04,390709.02528988576,248994.76324223966
2022-02-07,387120.9463358198,248195.61991639718
2022-02-08,390477.5457649202,250237.76309290362
2022-02-09,400999.0271180945,253900.27685751102
2022-02-10,392588.0593988922,249338.85508934796
2022-02-11,383546.9173117159,244422.16451848214
2022-02-14,382472.17789732583,243623.05718927606
2022-02-15,390024.227115845,247551.9640613764
2022-02-16,389893.4393588514,247829.39013791826
2022-02-17,381165.60945180705,242535.43681952462
2022-02-18,377905.1603222745,240965.01156439394
2022-02-22,372324.8447155849,238379.12119712544
2022-02-23,363090.13730948133,234150.50633056712
2022-02-24,373034.78721659986,237674.30705690358
2022-02-25,380736.7080343684,242918.29704400877
2022-02-28,380976.3165746836,242296.83311531314
2022-03-01,375744.5582871313,238606.58394237884
2022-03-02,383690.4695299907,242995.99578362415
2022-03-03,383048.9584625679,241786.2748232888
2022-03-04,382780.71933959075,239821.84838471594
2022-03-07,368732.09740825405,232752.1090006724
2022-03-08,364280.0881622796,230987.4278973442
2022-03-09,377357.04313991795,237180.43320583904
2022-03-10,375886.0273275044,236109.40728545646
2022-03-11,371934.1038731611,233107.21581851147
2022-03-14,368782.77348185336,231403.65700374794
2022-03-15,378493.5927336127,236492.30350657698
2022-03-16,389077.75043324224,241736.34748863673
2022-03-17,393236.20223059773,244760.67688695234
2022-03-18,399366.72989686736,247441.5083826598
2022-03-21,396237.77300593635,247369.13714522796
2022-03-22,399267.02198747604,250263.71666772998
2022-03-23,394508.3177235082,247040.70383494275
2022-03-24,403175.2622753358,250764.6998544786
2022-03-25,403741.79806293594,251989.30542395497
2022-03-28,405742.895585494,253781.66794065552
2022-03-29,411748.4187904793,256921.2045736892
2022-03-30,407354.0032958973,255334.8148103262
2022-03-31,402295.7027914307,251404.864035771
2022-04-01,399902.85935838637,252117.3814561771
2022-04-04,403157.8495835404,254277.14364203875
2022-04-05,401338.3014813476,251065.28976652774
2022-04-06,401007.9257663851,248554.7943541466
2022-04-07,405375.5614230591,249807.24332185902
2022-04-08,406319.5593300862,249139.28973728514
2022-04-11,399902.16713568574,244880.90565244472
2022-04-12,400706.77731963375,243973.55643765914
2022-04-13,405505.46234151605,246767.93932281143
2022-04-14,400714.63693898416,243695.24844352607
2022-04-18,400756.2851152333,243795.4270825576
2022-04-19,404455.484689371,247730.9933323873
2022-04-20,406065.59273178614,247547.26650032948
2022-04-21,394430.18915108975,243845.55239870973
2022-04-22,382873.0233450424,237154.64161587637
2022-04-25,383861.1980497193,238529.5691388546
2022-04-26,376027.2315729013,231621.52664540743
2022-04-27,377309.2761949312,232272.77779070335
2022-04-28,379269.8702731594,238139.9235484138
2022-04-29,363595.6196921905,229339.30390259816
2022-05-02,364767.8356604896,230719.77490757813
2022-05-03,366818.2230164225,231777.42807754743
2022-05-04,376213.08532007434,238835.7025329055
2022-05-05,363773.03777862375,230346.84975473347
2022-05-06,361608.1949743517,228971.92223175525
2022-05-09,345788.5293734476,221640.84726762946
2022-05-10,350672.2923455003,222152.9714133361
2022-05-11,347404.14698527905,218623.80718817978
2022-05-12,349345.00804764125,218395.58851356248
2022-05-13,359517.9979807667,223616.93661638783
2022-05-16,360205.34783982876,222709.56940328405
2022-05-17,366360.285732299,227290.8433164079
2022-05-18,347033.6160229085,218128.34948511474
2022-05-19,346235.455472297,216792.37032269422
2022-05-20,343492.90954710054,216887.0234780422
2022-05-23,348678.6186211748,220945.05028481953
2022-05-24,347974.94920573453,219258.42788747046
2022-05-25,351359.6694354708,221195.4788840802
2022-05-26,357362.5782096613,225615.3078830623
2022-05-27,365194.4675213887,231153.96633553298
2022-05-31,363751.3609625391,229856.93553367018
2022-06-01,358658.1557470691,227997.78125817588
2022-06-02,364937.48407308944,232339.64154276985
2022-06-03,359483.42379002477,228526.57184652414
2022-06-06,360582.77927314653,229222.36882933407
2022-06-07,363175.11476970685,231421.16936734438
2022-06-08,357823.6300804967,228905.07647800693
2022-06-09,351627.1849329736,223461.05318256604
2022-06-10,343678.90185358434,216981.67663339016
2022-06-13,331230.1590998162,208743.28845111516
2022-06-14,332263.24024512625,208114.2472304626
2022-06-15,336692.4413418894,211081.2159887147
2022-06-16,328472.27213840635,204095.2767741521
2022-06-17,328190.15189811616,204535.22766392695
2022-06-21,336968.7069835134,209684.15053436585
2022-06-22,336009.83779294306,209303.95406097345
2022-06-23,336038.0752649083,211355.708339392
2022-06-24,345575.97476752015,218075.52442123447
2022-06-27,346694.8499809619,217242.54425719957
2022-06-28,340856.38301947195,212803.65503925688
2022-06-29,340647.69037248555,212630.3312351114
2022-06-30,338946.38527422893,210902.87065379493
2022-07-01,340061.61850494385,213133.49221836068
2022-07-05,339266.0649302472,213535.98860798738
2022-07-06,342261.1033441431,214257.14522112347
2022-07-07,347049.271844273,217466.19135899722
2022-07-08,348712.7582651759,217287.28807621365
2022-07-11,345492.2806681985,214805.06802170502
2022-07-12,341669.216195841,212904.2476396067
2022-07-13,340561.4165767648,211786.17411548205
2022-07-14,336825.76274673763,211271.81817832016
2022-07-15,343522.8934287854,215308.17500999977
2022-07-18,339503.29703844106,213530.3911310311
2022-07-19,348844.75690303935,219299.84201761984
2022-07-20,348841.06886642694,220697.4834181507
2022-07-21,349056.23219512135,222944.8794152672
2022-07-22,345730.60568905575,220876.3867009343
2022-07-25,349025.9485552478,221144.72362679147
2022-07-26,344944.0071596786,218528.36210683157
2022-07-27,354760.0115953477,224202.74587675405
2022-07-28,357044.4468242977,227014.80311036648
2022-07-29,361654.708561326,230324.36985531732
2022-08-01,361431.2074251588,229642.30558928443
2022-08-02,360782.10256168665,228127.3151541712
2022-08-03,364990.3839706668,231699.62134802292
2022-08-04,361950.4939198778,231543.1079730646
2022-08-05,363950.4640604402,231151.75254239593
2022-08-08,364252.93371882295,230883.39761822057
2022-08-09,364269.8608811034,229966.56328975013
2022-08-10,369843.2483959486,234796.7899400433
2022-08-11,368940.43977349927,234796.7899400433
2022-08-12,375208.39799455873,238771.64651847625
2022-08-15,376351.36849543476,239755.61457378598
2022-08-16,377904.0674542271,240225.244690252
2022-08-17,376343.83204291936,238520.06602685162
2022-08-18,378080.7607711235,239213.3432451153
2022-08-19,374264.4727795411,235998.771623558
2022-08-22,369386.61868197075,231084.69080882936
2022-08-23,370025.30413261073,230525.62704928976
2022-08-24,371822.2293993628,231263.61208993115
2022-08-25,378259.7949218348,234528.4530141861
2022-08-26,368314.6464630002,226589.89881459635
2022-08-29,365931.4447422349,225091.6288170793
2022-08-30,359352.8598142914,222620.6217148015
2022-08-31,353741.8773878381,220926.6920002683
2022-09-01,354133.749900838,221619.89722525922
2022-09-02,354077.7065291411,219283.03158843276
2022-09-06,353377.5491078734,218455.68489799052
2022-09-07,359882.30922575283,222380.23617708948
2022-09-08,365916.35934350605,223833.79835222883
2022-09-09,370793.70873870247,227311.09142436882
2022-09-12,369702.7336122819,229754.12914018327
2022-09-13,357595.1546179225,219763.82066217499
2022-09-14,359870.13437605056,220602.4342998026
2022-09-15,356406.50264606916,218097.86033410515
2022-09-16,355624.8654741703,216434.04180589961
2022-09-19,358657.9171941316,218112.4209735188
2022-09-20,356138.3040135929,215608.8189170035
2022-09-21,351216.4375601175,211847.800356956
2022-09-22,347454.94154505455,210068.32463607768
2022-09-23,339975.3651033172,206548.69951956073
2022-09-26,335720.7617380198,204505.33245741753
2022-09-27,337934.23373585375,203983.32723502596
2022-09-28,346138.57066377753,207996.97018915295
2022-09-29,338922.4608777355,203652.05019046713
2022-09-30,335602.62819131126,200502.93845215772
2022-10-03,346263.12638907833,205796.44181259666
2022-10-04,356301.84885538544,212173.40793128576
2022-10-05,355756.27590023476,211679.37209535754
2022-10-06,353616.2996227095,209495.74413957927
2022-10-07,346852.27706180786,203652.05019046713
2022-10-10,347681.1735806103,202097.12148729587
2022-10-11,346671.31533308944,200817.2610809839
2022-10-12,345108.8528347745,200154.85097841176
2022-10-13,351354.0186917303,205437.1953815745
2022-10-14,339379.0678708847,200755.50885128265
2022-10-17,345854.3703529667,205914.33079672468
2022-10-18,351247.1437812258,208333.73672075896
2022-10-19,347783.1418874772,206857.40667311245
2022-10-20,347906.42415013484,205122.8367561119
2022-10-21,355165.6028395058,210107.61496468098
2022-10-24,358942.7465450307,212678.58472617206
2022-10-25,365908.3837635188,216074.77737655924
2022-10-26,364447.2229693754,214446.86549313774
2022-10-27,368219.15663318004,213301.68650182273
2022-10-28,375010.05146361026,218376.2943164655
2022-10-31,374211.3601345709,216798.93970883265
2022-11-01,376881.56521446403,215850.21236053403
2022-11-02,365509.4944019469,210433.22253901072
2022-11-03,364036.5447209374,208266.42301073778
2022-11-04,366408.09394820395,211263.9889099086
2022-11-07,369022.0668793351,213284.8760726356
2022-11-08,371829.71426953975,214435.61654427057
2022-11-09,364416.8894447181,210017.82135524362
2022-11-10,378702.2179034721,221559.1169047401
2022-11-11,373824.3960144802,223703.52652518783
2022-11-14,374882.2499631216,221800.56434322518
2022-11-15,376023.3872620782,223692.27757632063
2022-11-16,375399.20843775204,221985.80303401078
2022-11-17,374641.0855787257,221306.56450393333
2022-11-18,378492.9590862794,222311.356613386
2022-11-21,379503.5171924078,221502.96215199516
2022-11-22,386069.6773252178,224483.73562029705
2022-11-23,386278.17442462995,225898.40342983324
2022-11-25,387618.3195198119,225847.882150681
2022-11-28,383399.12873245607,222244.0249050466
2022-11-29,383820.31609615876,221862.28057629007
2022-11-30,392717.8813869776,228851.0635251263
2022-12-01,388726.8804132267,228682.70725680058
2022-12-02,387797.24960230605,228418.88790880845
2022-12-05,381368.63893447304,224309.781875015
2022-12-06,376553.79120463313,221076.3840126336
2022-12-07,376391.0649716188,220700.25515915157
2022-12-08,378313.63274593354,222429.2275991958
2022-12-09,376220.6524297074,220767.6768590819
2022-12-12,379986.8664695562,223950.53544399285
2022-12-13,378878.47882880317,225645.7970340719
2022-12-14,377236.2837012145,224203.1058431178
2022-12-15,371929.96606844355,218718.6943216642
2022-12-16,369308.50669551984,216136.47561130594
2022-12-19,367377.8224181586,214303.74286691088
2022-12-20,368190.35660599027,214596.97146682136
2022-12-21,373494.9235235964,217805.7296316041
2022-12-22,368544.91413775884,214698.51797803515
2022-12-23,371496.6392032243,215933.50857710568
2022-12-27,372074.83356804773,215081.97214701946
2022-12-28,368372.0208749777,212408.98791804173
2022-12-29,371759.6487463854,216232.33465397247
2022-12-30,370552.8119161555,215662.81387156594
2023-01-03,365269.71670370776,214754.87071228016
2023-01-04,364775.72073215834,216412.87578371112
2023-01-05,360627.8280340254,213942.8045939791
2023-01-06,369261.98668840504,218848.98414702338
2023-01-09,367161.41919276194,218724.90374143887
2023-01-10,369601.74503082014,220258.79241064898
2023-01-11,373216.82203684904,223044.59009802586
2023-01-12,373182.83498567686,223856.6742146451
2023-01-13,374038.26443863724,224725.12906382757
2023-01-17,373584.0229184929,224313.47153024346
2023-01-18,368450.5043192814,220771.99645544688
2023-01-19,364993.2172253729,219164.78263794098
2023-01-20,371405.7753383061,223247.6111271807
2023-01-23,376376.5609282066,225926.26482638746
2023-01-24,378818.7245270529,225683.8094820839
2023-01-25,379825.7297341632,225768.40157756506
2023-01-26,385027.2891896777,228249.66772120973
2023-01-27,381934.642785487,228774.1027165566
2023-01-30,379479.60381536244,225903.73093201674
2023-01-31,384803.8376354246,229225.24856024407
2023-02-01,390068.8864189716,231661.42891682909
2023-02-02,389429.650313008,235033.7377989815
2023-02-03,386138.74180426635,232535.53523792242
2023-02-06,385723.94503019494,231114.3880338387
2023-02-07,389117.329435012,234137.07958519927
2023-02-08,385470.60192169034,231576.81882302972
2023-02-09,385534.2228291979,229569.25041576143
2023-02-10,385416.3315895148,230104.98835493007
2023-02-13,390420.5780056566,232806.1939468258
2023-02-14,391571.9675622786,232699.0499586557
2023-02-15,394632.6138010775,233454.7093477572
2023-02-16,390487.145968075,230240.37170433634
2023-02-17,390205.7585135264,229665.109458428
2023-02-21,383394.8493845192,225057.8279755232
2023-02-22,382105.93066945067,224747.6629581983
2023-02-23,383024.9201104196,225943.2012438019
2023-02-24,379061.364426375,223529.62677486034
2023-02-27,382086.21076809696,224290.91963755453
2023-02-28,379981.4836719021,223461.91710183903
2023-03-01,378233.222900187,222604.74719816013
2023-03-02,380922.45563211926,224335.9694279778
2023-03-03,385484.2355185324,227933.8872286103
2023-03-06,385479.83375647664,228091.76847575093
2023-03-07,381486.2227088566,224595.39718633218
2023-03-08,383247.2313979917,224961.95093453847
2023-03-09,378654.86970435793,220811.46676723202
2023-03-10,374946.96124341455,217625.2784934564
2023-03-13,374642.3806951026,217315.1134761315
2023-03-14,380989.98929555574,220907.32580989858
2023-03-15,378098.86665583897,219525.6849142364
2023-03-16,383919.0935672958,223377.32500635786
2023-03-17,379806.56756441895,220765.42706930844
2023-03-20,384446.67416852404,222888.25670624938
2023-03-21,385812.1743855749,225814.87323512512
2023-03-22,379923.8907741582,221965.51892941346
2023-03-23,382446.8633584316,222565.58285778417
2023-03-24,384838.07017434214,224026.03838878934
2023-03-27,387019.7591251391,224444.9672429212
2023-03-28,386606.614840884,223941.15832021716
2023-03-29,391095.66089132644,227196.100169469
2023-03-30,394023.59129895084,228526.3918633423
2023-03-31,399532.80768249073,231747.3888844925
2023-04-03,401203.9569918753,232630.4943646796
2023-04-04,396595.73292556335,231339.83496745513
2023-04-05,394516.8658649604,230734.13756549175
2023-04-06,392720.3029562071,231634.17946309323
2023-04-10,396215.1127730003,231871.9192480317
2023-04-11,397794.2503581848,231934.1934289604
2023-04-12,395722.8154396738,230988.83176616282
2023-04-13,398713.59269246506,234056.98706926496
2023-04-14,398774.0904552435,233485.23449540316
2023-04-17,399975.08771880576,234323.05620703052
2023-04-18,401574.93348511093,234475.91592339682
2023-04-19,400498.72342537175,234436.283626748
2023-04-20,401048.60882637603,233156.94517166348
2023-04-21,401008.568831921,233338.0802459023
2023-04-24,403024.22042986774,233581.45350443345
2023-04-25,397199.6351592519,229873.67396958455
2023-04-26,395856.57448825944,228900.01895059625
2023-04-27,400247.1515614275,233456.94113921243
2023-04-28,404680.51723768364,235449.55294406693
2023-05-01,404112.2581201817,235211.81315912848
2023-05-02,397131.4484477382,232568.2021854327
2023-05-03,395720.48961900215,230971.85935211205
2023-05-04,391420.2376622859,229335.90222046073
2023-05-05,397476.53514469083,233581.45350443345
2023-05-08,397941.4384138607,233643.76368199853
2023-05-09,397119.9435835555,232619.1374259033
2023-05-10,399525.6379389304,233706.03786292722
2023-05-11,398675.6761256232,233298.46594757165
2023-05-12,398557.79029576597,232992.74651483906
2023-05-15,398647.2949416064,233796.6233983648
2023-05-16,395108.61296540475,232234.24339146394
2023-05-17,399280.2311901043,235053.33796748766
2023-05-18,407159.8355393917,237317.63438538223
2023-05-19,406778.3515668963,236972.31865263716
2023-05-22,405900.2487658763,237068.57365830382
2023-05-23,399669.39180009754,234407.99027055726
2023-05-24,397575.90378184896,232709.7049630227
2023-05-25,402008.59527819994,234724.95865215705
2023-05-26,409363.3739205324,237764.8385973866
2023-05-30,411538.4003451565,237855.42413282424
2023-05-31,407487.28531222965,236536.4173844545
2023-06-01,408959.9294724291,238783.75938661644
2023-06-02,413435.47422496905,242236.84472079427
2023-06-05,412043.6052295042,241772.66809473909
2023-06-06,413025.6870818795,242299.1009034048
2023-06-07,413028.65948915057,241461.333186732
2023-06-08,415742.6187136713,242921.82471437354
2023-06-09,415584.3605487884,243357.6719876016
2023-06-12,421251.79910706053,245565.38169311473
2023-06-13,424136.9525445901,247184.40240735162
2023-06-14,426300.75093753083,247478.72890467153
2023-06-15,428659.4296760848,250546.92020441004
2023-06-16,424938.3013947724,249693.49395091413
2023-06-20,422484.74134403793,248398.02900273362
2023-06-21,422843.5216266854,247125.3319270603
2023-06-22,422952.47594786,248017.34657475018
2023-06-23,419802.39125483116,246142.35377925087
2023-06-26,421556.683164628,245136.67975220704
2023-06-27,427882.36661354173,247824.18862396208
2023-06-28,427910.12508270046,247949.20494209236
2023-06-29,430757.57838751114,248926.44162639996
2023-06-30,434620.6275166704,251863.94713777915
2023-07-03,434619.0462476198,252153.72006059764
2023-07-05,432409.83158883464,251778.7251011614
2023-07-06,427755.95355796214,249807.1353319499
2023-07-07,428913.66217792826,249176.4382660241
2023-07-10,434543.57394491474,249807.1353319499
2023-07-11,437800.5270424396,251398.04267317793
2023-07-12,441001.49001337716,253420.7296677237
2023-07-13,442818.71485278156,255432.14971508412
2023-07-14,440238.6166564164,255273.04458230676
2023-07-17,444673.09234516736,256159.40775808576
2023-07-18,449094.35869615147,258062.81989800307
2023-07-19,449596.7680783822,258636.69627341098
2023-07-20,445558.557246136,256920.7546157345
2023-07-21,445915.7619999639,256920.7546157345
2023-07-24,447101.34486606525,258068.48936823214
2023-07-25,450589.9673456377,258773.06953031756
2023-07-26,451193.2337302266,258812.8278151937
2023-07-27,446328.39320961887,257096.90415583542
2023-07-28,450030.919285219,259613.9509560368
2023-07-31,451390.12551163445,260108.27476505603
2023-08-01,455292.0985148689,259363.93631809446
2023-08-02,447223.0109785656,255756.0114525497
2023-08-03,447952.2451406877,255023.02994436445
2023-08-04,447562.04606185696,253869.62572163774
2023-08-07,452008.95234374655,256085.52466192615
2023-08-08,451230.93527485133,254971.89672239378
2023-08-09,449593.6887044218,253267.34800012998
2023-08-10,447713.93937419064,253358.27550361314
2023-08-11,447257.00414853607,253210.54530793027
2023-08-14,449807.88779412076,254608.24070341568
2023-08-15,444955.41101965803,251642.38784089123
2023-08-16,442007.3700079937,249795.7783931736
2023-08-17,438688.4832744293,247892.38425157446
2023-08-18,440868.85977381235,248011.6771045211
2023-08-21,444684.3721069799,249625.26232666537
2023-08-22,444134.6996900139,248949.19150058893
2023-08-23,448711.8118261533,251721.90441064353
2023-08-24,441981.84039152553,248233.21840309084
2023-08-25,444053.51982020563,249983.23087709624
2023-08-28,446493.4467294081,251568.4687480952
2023-08-29,452333.2691294159,255204.8489546944
2023-08-30,455038.72355248884,256256.004731798
2023-08-31,456377.6022304415,255881.02777067997
2023-09-01,458928.8487670788,256358.28917405746
2023-09-05,454161.2193776248,255250.33070475416
2023-09-06,454325.79196363327,253534.44304203225
2023-09-07,453936.0080709231,252755.99778210538
2023-09-08,454805.85113393585,253136.66221177066
2023-09-11,454330.58846543333,254801.4706474765
2023-09-12,454012.9325496314,253403.70325871836
2023-09-13,451367.8005243292,253699.21764503865
2023-09-14,453560.30457885197,255886.67924259082
2023-09-15,447622.0760637967,252803.65732866584
2023-09-18,448672.92151063995,252951.9454722125
2023-09-19,447299.7094307926,252427.34849200194
2023-09-20,444258.58734495816,250106.6993398624
2023-09-21,436552.92991901765,245972.86361687936
2023-09-22,437020.3713890873,245419.77529897797
2023-09-25,439102.63955682254,246451.7988638483
2023-09-26,431808.71361078107,242831.14918734497
2023-09-27,433372.29966876254,242928.0701307846
2023-09-28,437384.129891296,244336.3845340006
2023-09-29,435080.0639242837,243743.41194299576
2023-10-02,432030.30028735445,243646.473001238
2023-10-03,426195.81837955146,240385.0157608023
2023-10-04,428044.4347928312,242135.49619108054
2023-10-05,429411.3787587234,242044.22671955184
2023-10-06,434369.2455854898,244918.00018622912
2023-10-09,440957.5072042532,246486.03166504088
2023-10-10,441667.47151597415,247768.93378712653
2023-10-11,442535.73518932535,248783.84095140052
2023-10-12,441607.19610536157,247267.17667269584
2023-10-13,440193.6745747036,246035.55175912636
2023-10-16,445184.0875752601,248624.19586907755
2023-10-17,446416.344219682,248612.80293366488
2023-10-18,442094.03503704665,245299.9784931221
2023-10-19,438724.3028408869,243144.69788848914
2023-10-20,434050.6521379747,240156.9410727305
2023-10-23,431344.49244571844,239740.69396800856
2023-10-24,433640.38167742116,241548.1750719866
2023-10-25,430468.786856753,238081.46501094082
2023-10-26,427025.4591615186,235230.53141004345
2023-10-27,424799.7967770491,234164.25704566235
2023-10-30,428516.1681105129,236963.87744140724
2023-10-31,434411.9326469513,238452.0863790575
2023-11-01,441108.7265145188,240995.06875576705
2023-11-02,449959.9706719746,245613.63518417536
2023-11-03,453175.88639826595,247854.46179515345
2023-11-06,450989.0675454145,248424.63051701474
2023-11-07,449606.3196991443,249131.65845037365
2023-11-08,448033.4795559569,249314.14339847653
2023-11-09,447202.0071702323,247369.82108131907
2023-11-10,452640.96974211093,251229.97437794323
2023-11-13,453191.1841414964,250990.4527595042
2023-11-14,461955.94720296573,255859.89774512785
2023-11-15,463154.9849448504,256401.57512929835
2023-11-16,461746.5121756507,256715.17782539708
2023-11-17,463193.7032612146,257034.4859883612
2023-11-20,465545.2242941431,259013.0231083931
2023-11-21,463993.5719584256,258448.52385676085
2023-11-22,466343.3955034607,259446.33261875674
2023-11-24,467738.77324105444,259606.01369771612
2023-11-27,465164.84347962146,259138.45338784167
2023-11-28,463362.62016140134,259395.00141528604
2023-11-29,462141.47320627567,259212.57046213772
2023-11-30,464567.23274014564,260233.20109159534
2023-12-01,467659.8371706713,261772.70523607993
2023-12-04,464637.9931882571,260398.56963910194
2023-12-05,461211.38290609396,260347.27443226762
2023-12-06,456798.0862220014,259298.08047184645
2023-12-07,459619.2077442061,261276.63559019653
2023-12-08,461142.489257918,262399.9646232319
2023-12-11,467990.9425695622,263420.541257735
2023-12-12,469788.57779639104,264623.6748336137
2023-12-13,477684.73252362834,268272.8518444442
2023-12-14,481998.14831573545,269133.8373915788
2023-12-15,480631.13690516056,268690.718797803
2023-12-18,483419.4316586635,270202.1095692787
2023-12-19,487750.8110889681,271845.1580382959
2023-12-20,480451.655176084,268078.16403661016
2023-12-21,485485.3025446314,270620.0305175921
2023-12-22,486570.2777684839,271163.9216948996
2023-12-26,489718.72404049704,272308.88470639643
2023-12-27,489870.4382489701,272801.2466987332
2023-12-28,488226.0198728116,272904.28707035654
2023-12-29,487009.84831018944,272114.23289519874
2024-01-02,485584.40713912057,270591.413191674
2024-01-03,484177.5223705416,268381.54368797835
2024-01-04,481552.3174068725,267517.08446543355
2024-01-05,482169.86398710246,267883.49422709434
2024-01-08,488498.7168444453,271707.7768755708
2024-01-09,486328.3485884516,271295.59739075927
2024-01-10,485753.7584949995,272829.8820229695
2024-01-11,488151.06170260144,272709.6712557953
2024-01-12,488611.6046644737,272898.5816034911
2024-01-16,486192.33506190503,271896.68722326664
2024-01-17,483200.39562673384,270385.3144501091
2024-01-18,487243.12513502495,272789.7817700478
2024-01-19,495402.63220871595,276190.45600166364
2024-01-22,495475.08187602216,276774.37543862016
2024-01-23,491865.740709492,277581.6000093288
2024-01-24,495242.29702968296,277885.0156573334
2024-01-25,499904.7440138716,279396.42442712735
2024-01-26,499641.6208636765,279041.4975924702
2024-01-29,505746.5156719539,281251.3131012112
2024-01-30,507413.96852428914,281033.7854275973
2024-01-31,498737.7017594119,276448.04793156293
2024-02-01,504270.97502485063,280066.24983679276
2024-02-02,506506.2217619276,283014.608334039
2024-02-05,504011.6488646879,281984.1326245328
2024-02-06,502035.9169573464,282802.80412560864
2024-02-07,507728.13953810773,285161.4837240784
2024-02-08,508787.7619820878,285287.4359547544
2024-02-09,512690.68970606977,286936.26188390976
2024-02-12,515116.27603225014,286810.27365659736
2024-02-13,507874.4228771036,282860.0027808085
2024-02-14,514953.0824614246,285430.57657929946
2024-02-15,519302.5059191422,287399.9705536921
2024-02-16,515188.8554493955,285968.70829478704
2024-02-20,510308.73576825636,284394.35940629145
2024-02-21,511819.70530309674,284651.9873328271
2024-02-22,521978.8324524139,290542.98086213594
2024-02-23,522364.49770635174,290743.3561385172
2024-02-26,525298.1814678052,289678.48564295477
2024-02-27,526617.8355250637,290216.63535676047
2024-02-28,525934.1400939877,289833.05519954883
2024-02-29,530539.751130064,290874.9958377405
2024-03-01,540150.1376986383,293605.8266613728
2024-03-04,539045.554214914,293290.9280863645
2024-03-05,536499.7008169688,290359.7579829874
2024-03-06,541824.5494883973,291831.10249649594
2024-03-07,547659.1628876844,294727.94980708964
2024-03-08,541371.1678614368,292958.91311076004
2024-03-11,539276.6512084432,292706.9906510898
2024-03-12,546322.7183259835,295855.79641799006
2024-03-13,546859.9073274262,295392.05175157136
2024-03-14,546016.8271952175,294808.0603213421
2024-03-15,544985.5169457231,292783.7714764776
2024-03-18,548799.7318231743,294523.83088052535
2024-03-19,553338.5547513062,296160.50794490415
2024-03-20,562447.7288605878,298899.8159764028
2024-03-21,569752.7990379478,299887.6176734865
2024-03-22,567634.5854388772,299319.0508019439
2024-03-25,566585.1540382676,298492.0820761835
2024-03-26,563183.0872181151,297940.7935901009
2024-03-27,567204.2826478743,300444.6116264345
2024-03-28,569891.0544695738,300387.19699141645
2024-04-01,571460.7410858836,299864.63382116106
2024-04-02,567742.6757567135,297958.03597892454
2024-04-03,573042.7640488013,298285.3173968457
2024-04-04,562168.5179759955,294644.4376106997
2024-04-05,569519.6977588369,297722.5279854413
2024-04-08,568631.5651163273,297889.0844219483
2024-04-09,564962.2407293753,298233.66222364764
2024-04-10,556136.1112929232,295247.3812699804
2024-04-11,562902.1302237549,297475.6450548636
2024-04-12,553503.386035396,293369.5627385257
2024-04-15,545901.9653887108,289694.1801764142
2024-04-16,547591.5097851192,289165.8215477025
2024-04-17,542977.9907816862,287454.487459482
2024-04-18,539049.2521676337,286862.97273225035
2024-04-19,524966.3297031566,284359.15469591675
2024-04-22,529840.0392302009,286977.83799892286
2024-04-23,538878.650454562,290383.2817848584
2024-04-24,536584.4054487826,290245.43266586046
2024-04-25,539275.3825286378,289142.83769537706
2024-04-26,546364.4082212481,291882.1637251938
2024-04-29,549483.9051358595,292915.8431353374
2024-04-30,535765.1341648622,288275.69672342227
2024-05-01,528665.7548407695,287339.6401911276
2024-05-02,534448.8769706304,290027.2210561554
2024-05-03,544733.2993402214,293622.22312924155
2024-05-06,552998.4854474461,296654.38179596874
2024-05-07,547462.0993604186,296981.78920211724
2024-05-08,548237.7522519252,297010.44252467173
2024-05-09,551643.864485286,298721.74061625585
2024-05-10,552374.1929616955,299106.61665237695
2024-05-13,549233.5094388437,299146.7529019351
2024-05-14,553227.5083965487,300519.30464691255
2024-05-15,564715.5112031806,304240.6549136748
2024-05-16,558812.6586517431,303614.6014138414
2024-05-17,558715.9583213364,304051.06062988786
2024-05-20,561008.7784996812,304401.3798950891
2024-05-21,561889.7368648158,305147.95013350586
2024-05-22,556598.4692364929,304269.3082362293
2024-05-23,553628.4037926103,302046.8039131661
2024-05-24,563352.2888036994,304045.3011680679
2024-05-28,563915.3861555568,304257.8253092257
2024-05-29,556714.2176173752,302127.2923921005
2024-05-30,558072.5776115317,300123.05367369694
2024-05-31,560198.5062004916,302856.58424505737
2024-06-03,556134.7841179414,303103.5211705896
2024-06-04,553188.5501082899,303442.39350542356
2024-06-05,563382.2601215186,307048.752517286
2024-06-06,560434.9206227324,307043.0650487388
2024-06-07,556691.520138461,306669.8159261667
2024-06-10,560814.6421838104,307617.3193888286
2024-06-11,559697.9564699287,308358.2021586982
2024-06-12,567235.0556957875,310890.70951422263
2024-06-13,577330.9400779154,311516.69102078327
2024-06-14,576076.3756952333,311706.24930793385
2024-06-17,585496.8226741616,314187.1014902602
2024-06-18,588454.833295599,314985.2909052387
2024-06-20,582087.2185431392,314129.65085860575
2024-06-21,578468.097606511,313708.49021301867
2024-06-24,572392.8168005717,312688.7415011522
2024-06-25,573436.2930303079,313892.9009811676
2024-06-26,572871.4124054457,314284.68837147276
2024-06-27,575469.9798265978,314780.11007790145
2024-06-28,574352.0830211429,313541.42982360243
2024-07-01,569652.4390301424,314186.74152389646
2024-07-02,571690.8949816892,316301.0759546529
2024-07-03,575843.0681894287,317712.64805346087
2024-07-05,574279.6612844841,319544.6968617648
2024-07-08,576999.009822174,319913.48240142636
2024-07-09,575402.4937270534,320224.5653329788
2024-07-10,579486.1966593002,323393.27723979444
2024-07-11,576819.2275308277,320604.72580973484
2024-07-12,581079.3750933787,322627.0168412805
2024-07-15,581135.1699084885,323514.26193465065
2024-07-16,584586.2742381975,325432.7386668909
2024-07-17,569731.8914458493,320869.76904336375
2024-07-18,567447.9965954139,318403.9274584057
2024-07-19,562602.4101383078,316289.5210343765
2024-07-22,570779.1934375932,319550.4563235848
2024-07-23,563848.4398623372,319049.27515533613
2024-07-24,549078.6453981728,311818.774793242
2024-07-25,548974.5151660545,310194.13860373065
2024-07-26,557749.8564656674,313668.2099769151
2024-07-29,558303.8793659053,313852.5487517913
2024-07-30,555065.5262916787,312262.3613432907
2024-07-31,568110.6901406031,317338.1030519793
2024-08-01,555654.4079412202,312844.28296692844
2024-08-02,541339.9808590502,307019.6312384587
2024-08-05,530582.734499535,298078.1207578714
2024-08-06,540092.1986218109,300826.2479652819
2024-08-07,529640.8081778623,298815.547850649
2024-08-08,544325.132222153,305723.3923625961
2024-08-09,548090.3823015356,307071.50239147496
2024-08-12,548830.8968391137,307232.83931570756
2024-08-13,556133.1407331148,312285.43518720707
2024-08-14,558492.0799207038,313270.6271281536
2024-08-15,569010.105367438,318640.1373862983
2024-08-16,567941.8572329361,319354.52663179586
2024-08-19,573279.8881823767,322408.08529884793
2024-08-20,569160.1389865871,321883.7582934102
2024-08-21,574592.0606267262,322989.9349292129
2024-08-22,570344.6690694926,320454.97980241495
2024-08-23,577912.6192640314,323859.93763375946
2024-08-26,573223.7786874883,323087.8817767892
2024-08-27,573917.9646857502,323531.5403201107
2024-08-28,567048.6552065188,321653.3798206104
2024-08-29,566410.5013066725,321682.14113307395
2024-08-30,572609.5030400365,324752.9421889497
2024-09-03,553602.707706132,318069.84267620964
2024-09-04,551682.6745051392,317418.8435073684
2024-09-05,547348.6558012645,316646.7876503981
2024-09-06,535583.1606026709,311317.5216317206
2024-09-09,542308.4269412856,314803.14792518143
2024-09-10,543298.0367712614,316174.3317979766
2024-09-11,550368.6641076021,319417.95270508854
2024-09-12,557106.404394511,322108.52129093546
2024-09-13,562941.710349692,323790.78809528315
2024-09-16,562087.963658927,324268.96741288825
2024-09-17,564277.4125778545,324401.4710313845
2024-09-18,561813.8725866694,323439.3529343544
2024-09-19,570820.4450880911,328958.6451964553
2024-09-20,570730.2742126327,328390.00633163995
2024-09-23,573705.4854788282,328395.1178540052
2024-09-24,576812.1725001534,329334.7740499373
2024-09-25,575895.789491999,328608.3979245269
2024-09-26,576161.3050958534,329911.2961781188
2024-09-27,574148.3604282389,329432.79289078637
2024-09-30,575075.7942856423,330752.9335332019
2024-10-01,572270.8983616439,327789.94240326923
2024-10-02,574133.8932219828,327928.2054835855
2024-10-03,574664.9964607568,327328.7175013968
2024-10-04,577989.6649875075,330303.2635516058
2024-10-07,573134.612533241,327317.16258112044
2024-10-08,574708.6156763968,330412.8013160949
2024-10-09,578243.7727626868,332701.32347026974
2024-10-10,576475.9970531141,332119.0778769047
2024-10-11,579067.5515382345,334107.92803325795
2024-10-14,581115.2049014841,336840.360707209
2024-10-15,574470.0435369979,334223.26125620335
2024-10-16,578567.5634246552,335675.9415137515
2024-10-17,579415.8718945258,335704.7388228515
2024-10-18,583913.459465271,336996.0101628943
2024-10-21,580412.3321635505,336442.63387190195
2024-10-22,575611.6413509997,336263.94656893663
2024-10-23,571482.0255612386,333191.38167787855
2024-10-24,571656.8770545111,333911.8903515599
2024-10-25,574591.2128458563,333796.5931252509
2024-10-28,575501.4169173875,334828.50870021206
2024-10-29,571231.8061657151,335370.43806083716
2024-10-30,569462.3673436365,334355.80087133596
2024-10-31,567865.0427589566,327801.46132690925
2024-11-01,565725.7829015199,329184.8480594356
2024-11-04,569126.884123898,328475.8583093943
2024-11-05,575390.0452524102,332447.7271670081
2024-11-06,585472.9863143315,340714.17472733743
2024-11-07,588028.9192834958,343348.6965503485
2024-11-08,592441.2158064499,344835.969575453
2024-11-11,592155.4260800879,345164.58286892006
2024-11-12,589381.2569261683,344092.35106121894
2024-11-13,588243.9163980361,344259.4834439079
2024-11-14,585058.2990000072,342045.8702900293
2024-11-15,583189.5029472187,337664.6836801957
2024-11-18,586551.610991322,339048.25039590395
2024-11-19,587889.2801847131,340287.61458629405
2024-11-20,590996.1499681532,340402.9838058758
2024-11-21,597923.4680687403,342230.35305145103
2024-11-22,600187.4745108034,343291.0299388758
2024-11-25,600695.2947337064,344455.52112560597
2024-11-26,603029.1339557358,346254.0930620812
2024-11-27,602987.4167312915,345204.89910166006
2024-11-29,605590.6871445358,347349.326720426
2024-12-02,604090.3495312815,347971.88854653103
2024-12-03,603518.2904121317,348133.36945730913
2024-12-04,601703.1335495546,350295.075461535
2024-12-05,600563.097985897,349718.66132326267
2024-12-06,599281.9455503419,350381.57537874405
2024-12-09,595002.2594134144,348577.20798381243
2024-12-10,589284.324970255,347493.4572524713
2024-12-11,591274.3172084527,350179.8142318624
2024-12-12,586734.5553048815,348375.44683693076
2024-12-13,586049.3808344228,348306.29729845445
2024-12-16,585204.6352305983,349793.5343269226
2024-12-17,579795.1116145866,348352.4089896508
2024-12-18,562361.0452555398,337970.2951230192
2024-12-19,557915.1292237834,337866.48082371376
2024-12-20,566933.857958061,341924.59762208204
2024-12-23,567250.4587314207,343972.1942889993
2024-12-24,572153.1331141766,347795.3970383846
2024-12-26,571181.3465507753,347818.5068789373
2024-12-27,566305.9610771885,344157.21699996665
2024-12-30,562972.3678358595,340229.83998491225
2024-12-31,563680.2056049989,338992.095643159
2025-01-02,564738.5662163099,338159.16947407863
2025-01-03,573649.8346594947,342387.29838604585
2025-01-06,577288.2854369174,344359.69807957584
2025-01-07,573700.7835877814,340467.0218219869
2025-01-08,573600.1775750564,340964.3873467798
2025-01-10,569029.7778641848,335758.73377741396
2025-01-13,572973.22631942,336279.31713266874
2025-01-14,578539.6052559753,336742.0898899053
2025-01-15,583869.9092186189,342867.4215220152
2025-01-16,588214.7069207778,342207.96314362576
2025-01-17,592397.3838406502,345643.73409570724
2025-01-21,599390.2864399417,348807.55045997584
2025-01-22,600250.7721810925,350768.4312298658
2025-01-23,600204.7316861671,352682.94833210483
2025-01-24,598214.8392022103,351653.3005452353
2025-01-27,589705.5350266844,346679.0333544877
2025-01-28,593000.985333224,349657.86300442537
2025-01-29,594107.5299676972,348090.3894734774
2025-01-30,596034.3342272422,349958.5789047018
2025-01-31,588561.2381209258,348096.1489352974
2025-02-03,586835.5309976316,345753.6678231964
2025-02-04,588323.7836344806,348073.0030981083
2025-02-05,593786.5895816257,349484.28722382523
2025-02-06,591749.8437653774,350698.9937182985
2025-02-07,589994.5800641683,347488.8496830153
2025-02-10,593520.033717154,349848.7531671218
2025-02-11,592347.5917889321,350114.80430656916
2025-02-12,586282.4690636136,348986.8857023959
2025-02-13,588996.6257407309,352671.39341182844
2025-02-14,590999.639574777,352653.97103982297
2025-02-18,593655.5089883041,353689.3062952398
2025-02-19,593947.1974272117,354522.23246432014
2025-02-20,588372.6072010901,353047.34228212864
2025-02-21,576152.2045492023,347008.83453695517
2025-02-24,575761.611909753,345429.7340924581
2025-02-25,576938.5672873481,343711.83061809913
2025-02-26,579023.029949816,343885.3704020629
2025-02-27,573010.5989774882,338396.35131115327
2025-02-28,580838.1510340133,343677.1298606337
2025-03-03,570815.2728144345,337655.93649755657
2025-03-04,557919.7132004618,333659.1579675712
2025-03-05,561536.9763636432,337245.2508731546
2025-03-06,547126.8315413307,331258.7942641793
2025-03-07,546057.599456604,333115.46477176377
2025-03-10,534579.3922503436,324242.7258649709
2025-03-11,533058.2860448319,321547.3697264861
2025-03-12,535180.587535418,323253.6462872959
2025-03-13,527836.3992008131,318944.4889468486
2025-03-14,542558.7305013642,325532.55733955867
2025-03-17,547312.317178301,328042.89076707617
2025-03-18,541290.0041291543,324497.2580807783
2025-03-19,548654.2053771904,328031.263853527
2025-03-20,546131.3311201697,327082.71648841025
2025-03-21,543099.3145527611,327190.56241098966
2025-03-24,554917.6328323398,333050.0588834704
2025-03-25,554171.7082388846,333850.6960697225
2025-03-26,551902.7394927588,329865.07649701333
2025-03-27,548607.5948166375,328989.06235419214
2025-03-28,539454.9410818908,322363.8094361067
2025-03-31,544401.5577015635,324527.7112351515
2025-04-01,544268.9059755893,325444.4015770764
2025-04-02,548759.4928927252,327503.8771339974
2025-04-03,518859.5931148399,311364.2452657353
2025-04-04,487751.3337803065,293136.05255836126
2025-04-07,485254.61881965556,292613.9213477424
2025-04-08,478508.6851533593,288030.775609527
2025-04-09,513489.8635809346,318279.5950763666
2025-04-10,501084.16604323324,304332.8782960675
2025-04-11,511659.7527161952,309763.00688986765
2025-04-14,516877.56885625445,312768.114084359
2025-04-15,520071.0393779351,311892.09994153783
2025-04-16,516781.05249670247,304959.32775890105
2025-04-17,519595.2707492334,305394.5270926744
2025-04-21,511570.73464928364,298125.312348159
2025-04-22,524083.3581154899,305881.8495559187
2025-04-23,530850.9267554763,310621.63465731975
2025-04-24,543946.0960444432,317159.8837052869
2025-04-25,542481.2215630951,319451.46557355364
2025-04-28,545091.2771398406,319573.2421944102
2025-04-29,547388.8010798196,321586.42607695295
2025-04-30,549075.8484126967,321714.0341529022
2025-05-01,549298.7486076397,323993.9531109835
2025-05-02,558074.1391628605,328803.3917037701
2025-05-05,556787.2302506203,326917.95988372207
2025-05-06,556301.5221264132,324185.4192198619
2025-05-07,559830.5627412915,325548.7918225638
2025-05-08,561900.5528904952,327817.11986373237
2025-05-09,561348.9116849187,327399.4508918736
2025-05-12,563092.7201118378,338219.1398702793
2025-05-13,564580.0825414797,340452.73115734605
2025-05-14,558294.541114662,340887.85849784664
2025-05-15,565505.3524959547,342552.84691673436
2025-05-16,572190.1047780127,344722.61616750824
2025-05-19,573366.1675554587,345099.68093353603
2025-05-20,572410.4777805168,343939.36535662535
2025-05-21,566525.9924839208,338143.72691707377
2025-05-22,566684.918301367,338277.20244475215
2025-05-23,567477.9387152004,335968.1982044799
2025-05-27,576087.8243351316,342953.20150649676
2025-05-28,573546.8006815026,340969.0309128722
2025-05-29,573452.562872981,342314.9811435686
2025-05-30,576727.9601377837,341932.1209190844
2025-06-02,581316.9200149626,343858.19294159976
2025-06-03,580775.291479285,345819.07371148973
2025-06-04,578977.1005508457,345726.27438291506
2025-06-05,578341.7679198441,344055.4185122982
2025-06-06,581581.8457228212,347588.56036577397
2025-06-09,578823.2989464442,347901.80309550895
2025-06-10,576547.3769359305,349874.310778948
2025-06-11,577013.2162737022,348876.4480219976
2025-06-12,579797.8105272735,350263.0024585249
2025-06-13,576335.4702189114,346347.0363772014
2025-06-16,579771.4987781112,349642.2404642386
2025-06-17,576761.0563172547,346654.48364848
2025-06-18,574965.0334126472,346602.2525290999
2025-06-20,576513.6930624009,345788.2245941164
2025-06-23,581426.5863781025,349203.76543655514
2025-06-24,583043.1692433472,353061.5609534967
2025-06-25,575867.2729675367,353259.3624703772
2025-06-26,580494.3619685408,356023.2202078835
2025-06-27,582616.0118995075,357792.0229260766
2025-06-30,587332.7845291523,359502.6910765242
2025-07-01,586528.5467056497,359386.38594439666
2025-07-02,586029.0981471849,361015.5577100913
2025-07-03,591678.2371295406,363860.83983907785
2025-07-07,590415.2327342791,361149.39320413343
2025-07-08,586637.8994984435,360951.591687253
2025-07-09,586203.9448991283,363116.03343584336
2025-07-10,586823.6779096804,364140.1377407112
2025-07-11,584800.0458821943,362860.0253579446
2025-07-14,589094.9395961885,363552.4566552535
2025-07-15,582126.3333939373,361998.91382258263
2025-07-16,583505.1065827544,363209.1567341454
2025-07-17,583326.1668873661,365431.8410403905
2025-07-18,584389.5537645504,365164.20604894264
2025-07-21,586478.0398230217,365856.6373462515
2025-07-22,587499.5619168049,365908.9764555407
2025-07-23,587882.8373039387,369022.0015658842
2025-07-24,588515.8627913527,369144.13815310446
2025-07-25,591191.668838173,370703.54843750445
2025-07-28,586004.2761896297,370610.4251392024
2025-07-29,591471.6172790282,369632.9364784402
2025-07-30,591268.8914717562,369167.42797683907
2025-07-31,584423.6409277897,367782.60137885774
2025-08-01,582242.4667642028,361754.49666159664
2025-08-04,594197.3854763323,367253.0548611456
2025-08-05,591246.7995214198,365391.1288446504
2025-08-06,593674.8349011083,368189.8673228041
2025-08-07,594526.8211159724,367881.48413897975
2025-08-08,597415.2869956472,370750.0560917009
2025-08-11,597454.4627288358,370016.91259865195
2025-08-12,598951.4509878289,373956.1325070737
2025-08-13,601840.502989781,375236.2088932039
2025-08-14,601067.6608416393,375271.161627124
2025-08-15,598518.9365425379,374392.5557264838
2025-08-18,597890.9826431903,374311.0233450945
2025-08-19,600272.3980307918,372280.4170905462
2025-08-20,605467.729263699,371291.19352632575
2025-08-21,605220.2242526076,369801.65271312965
2025-08-22,607023.3183061263,375480.59005755355
2025-08-25,604670.0858019453,373828.1284681243
2025-08-26,605342.9101784668,375393.29821434425
2025-08-27,605630.0836415938,376248.6502878862
2025-08-28,605715.0628878266,377581.101779942
2025-08-29,605673.4561340647,375329.33219150594
2025-09-02,603544.4879179598,372548.01608535775
2025-09-03,602621.0199631132,374567.0314229933
2025-09-04,606510.0766915545,377697.4789053423
2025-09-05,605363.2359031163,376603.5771225434
2025-09-08,604320.2324456843,377528.7626706528
2025-09-09,608031.1414293522,378401.53711620026
2025-09-10,610371.8844312727,379495.4748956355
2025-09-11,616415.9463235592,382649.10421181
2025-09-12,614807.6142678137,382521.06417622423
2025-09-15,612506.2204898504,384557.60987577436
2025-09-16,610064.272760594,384028.17134797137
2025-09-17,611989.5521631761,383551.03593282116
2025-09-18,609768.03638173,385343.16447138524
2025-09-19,613092.3541333843,387251.706131986
2025-09-22,613909.4670074268,389083.8269335627
2025-09-23,619182.4350998352,386965.820845896
2025-09-24,620223.8002241969,385734.66388859943
2025-09-25,618929.1860322685,383955.0621794938
2025-09-26,625069.7258135004,386154.7806317317
2025-09-29,624626.5117470814,387240.04322180053
2025-09-30,624776.7400059486,388698.6629243506
2025-10-01,623796.8825539234,390023.23115304025
2025-10-02,624607.24810146,390472.4331783634
