year,as_of,symbol,cik,identity_tier,expected_sessions,yahoo_sessions,yahoo_first,yahoo_last,finsaber_sessions,finsaber_first,finsaber_last,overlap_returns,overlap_status,overlap_p99,known_cik_conflict,selected_source,coverage_status,price_attribution
2010,2010-12-31,A,0001090872,corroborated_candidate,253,253,2009-12-31,2010-12-31,253,2009-12-31,2010-12-31,252,consistent_overlap,6.012178659627887e-06,False,yahoo,complete,legacy_symbol_unattributed
2010,2010-12-31,AABA,,,253,0,,,253,2009-12-31,2010-12-31,0,insufficient_overlap,,False,,identity_unresolved,legacy_symbol_unattributed
2010,2010-12-31,AAPL,0000320193,confirmed_by_multiple_evidence,253,253,2009-12-31,2010-12-31,253,2009-12-31,2010-12-31,252,consistent_overlap,1.861575164956109e-05,False,yahoo,complete,legacy_symbol_unattributed
2010,2010-12-31,ABC,0001140859,corroborated_candidate,253,0,,,253,2009-12-31,2010-12-31,0,insufficient_overlap,,False,,archive_adjustment_unverified,legacy_symbol_unattributed
2010,2010-12-31,ABT,0000001800,corroborated_candidate,253,253,2009-12-31,2010-12-31,253,2009-12-31,2010-12-31,252,consistent_overlap,4.876954328483232e-06,False,yahoo,complete,legacy_symbol_unattributed
2010,2010-12-31,ADBE,0000796343,corroborated_candidate,253,253,2009-12-31,2010-12-31,253,2009-12-31,2010-12-31,252,consistent_overlap,0.00015517425876199865,False,yahoo,complete,legacy_symbol_unattributed
2010,2010-12-31,ADI,0000006281,corroborated_candidate,253,253,2009-12-31,2010-12-31,253,2009-12-31,2010-12-31,252,consistent_overlap,3.862835098152885e-06,False,yahoo,complete,legacy_symbol_unattributed
2010,2010-12-31,ADM,0000007084,corroborated_candidate,253,253,2009-12-31,2010-12-31,253,2009-12-31,2010-12-31,252,consistent_overlap,7.881515670817741e-05,False,yahoo,complete,legacy_symbol_unattributed
2010,2010-12-31,ADP,0000008670,corroborated_candidate,253,253,2009-12-31,2010-12-31,253,2009-12-31,2010-12-31,252,consistent_overlap,4.161193525087374e-06,False,yahoo,complete,legacy_symbol_unattributed
2010,2010-12-31,ADSK,0000769397,confirmed_by_multiple_evidence,253,253,2009-12-31,2010-12-31,253,2009-12-31,2010-12-31,252,consistent_overlap,0.00014635468943785318,False,yahoo,complete,legacy_symbol_unattributed
2010,2010-12-31,AEE,0001002910,confirmed_by_multiple_evidence,253,253,2009-12-31,2010-12-31,253,2009-12-31,2010-12-31,252,consistent_overlap,6.057003311744637e-06,False,yahoo,complete,legacy_symbol_unattributed
2010,2010-12-31,AEP,0000004904,corroborated_candidate,253,253,2009-12-31,2010-12-31,253,2009-12-31,2010-12-31,252,consistent_overlap,4.413086461038108e-06,False,yahoo,complete,legacy_symbol_unattributed
2010,2010-12-31,AES,0000874761,confirmed_by_multiple_evidence,253,253,2009-12-31,2010-12-31,253,2009-12-31,2010-12-31,252,consistent_overlap,1.271471564079474e-05,False,yahoo,complete,legacy_symbol_unattributed
2010,2010-12-31,AET,0001122304,corroborated_candidate,253,0,,,253,2009-12-31,2010-12-31,0,insufficient_overlap,,False,,archive_adjustment_unverified,legacy_symbol_unattributed
2010,2010-12-31,AFL,0000004977,confirmed_by_multiple_evidence,253,253,2009-12-31,2010-12-31,253,2009-12-31,2010-12-31,252,consistent_overlap,5.464172116880221e-06,False,yahoo,complete,legacy_symbol_unattributed
2010,2010-12-31,AGN,,,253,0,,,253,2009-12-31,2010-12-31,0,insufficient_overlap,,True,,ticker_recycled,legacy_symbol_unattributed
2010,2010-12-31,AIG,0000005272,corroborated_candidate,253,253,2009-12-31,2010-12-31,253,2009-12-31,2010-12-31,252,consistent_overlap,4.396177118000114e-06,False,yahoo,complete,legacy_symbol_unattributed
2010,2010-12-31,AIV,0000922864,corroborated_candidate,253,253,2009-12-31,2010-12-31,253,2009-12-31,2010-12-31,252,consistent_overlap,0.0021166107346426324,False,yahoo,complete,legacy_symbol_unattributed
2010,2010-12-31,AIZ,0001267238,confirmed_by_multiple_evidence,253,253,2009-12-31,2010-12-31,253,2009-12-31,2010-12-31,252,consistent_overlap,3.935208785093016e-06,False,yahoo,complete,legacy_symbol_unattributed
2010,2010-12-31,AKAM,0001086222,corroborated_candidate,253,253,2009-12-31,2010-12-31,253,2009-12-31,2010-12-31,252,consistent_overlap,0.00010944099029591039,False,yahoo,complete,legacy_symbol_unattributed
2010,2010-12-31,AKS,0000918160,corroborated_candidate,253,0,,,253,2009-12-31,2010-12-31,0,insufficient_overlap,,False,,archive_adjustment_unverified,legacy_symbol_unattributed
2010,2010-12-31,ALL,0000899051,corroborated_candidate,253,253,2009-12-31,2010-12-31,253,2009-12-31,2010-12-31,252,consistent_overlap,4.135601392423194e-06,False,yahoo,complete,legacy_symbol_unattributed
2010,2010-12-31,ALTR,0000768251,corroborated_candidate,253,0,,,0,,,0,insufficient_overlap,,False,,incomplete_prices,legacy_symbol_unattributed
2010,2010-12-31,AMAT,0000006951,corroborated_candidate,253,253,2009-12-31,2010-12-31,253,2009-12-31,2010-12-31,252,consistent_overlap,0.00046299780444817207,False,yahoo,complete,legacy_symbol_unattributed
2010,2010-12-31,AMD,0000002488,confirmed_by_multiple_evidence,253,253,2009-12-31,2010-12-31,253,2009-12-31,2010-12-31,252,consistent_overlap,0.0006636787551431712,False,yahoo,complete,legacy_symbol_unattributed
2010,2010-12-31,AMGN,0000318154,corroborated_candidate,253,253,2009-12-31,2010-12-31,253,2009-12-31,2010-12-31,252,consistent_overlap,2.500398469349464e-06,False,yahoo,complete,legacy_symbol_unattributed
2010,2010-12-31,AMP,0000820027,corroborated_candidate,253,253,2009-12-31,2010-12-31,253,2009-12-31,2010-12-31,252,consistent_overlap,2.9469210593724433e-06,False,yahoo,complete,legacy_symbol_unattributed
2010,2010-12-31,AMT,0001053507,corroborated_candidate,253,253,2009-12-31,2010-12-31,253,2009-12-31,2010-12-31,252,consistent_overlap,2.8517578502085257e-06,False,yahoo,complete,legacy_symbol_unattributed
2010,2010-12-31,AMZN,0001018724,confirmed_by_multiple_evidence,253,253,2009-12-31,2010-12-31,253,2009-12-31,2010-12-31,252,consistent_overlap,3.685464165573366e-05,False,yahoo,complete,legacy_symbol_unattributed
2010,2010-12-31,AN,0000350698,confirmed_by_multiple_evidence,253,253,2009-12-31,2010-12-31,253,2009-12-31,2010-12-31,252,consistent_overlap,8.563015161167088e-08,False,yahoo,complete,legacy_symbol_unattributed
2010,2010-12-31,ANDV,0000050104,corroborated_candidate,253,0,,,253,2009-12-31,2010-12-31,0,insufficient_overlap,,False,,archive_adjustment_unverified,legacy_symbol_unattributed
2010,2010-12-31,ANF,0001018840,corroborated_candidate,253,253,2009-12-31,2010-12-31,253,2009-12-31,2010-12-31,252,consistent_overlap,3.50404434154461e-06,False,yahoo,complete,legacy_symbol_unattributed
2010,2010-12-31,AON,0000315293,corroborated_candidate,253,253,2009-12-31,2010-12-31,253,2009-12-31,2010-12-31,252,consistent_overlap,2.654056634112668e-06,False,yahoo,complete,legacy_symbol_unattributed
2010,2010-12-31,APA,,,253,253,2009-12-31,2010-12-31,253,2009-12-31,2010-12-31,252,consistent_overlap,1.5413149427723216e-06,False,,identity_unresolved,legacy_symbol_unattributed
2010,2010-12-31,APC,0000773910,confirmed_by_multiple_evidence,253,0,,,253,2009-12-31,2010-12-31,0,insufficient_overlap,,False,,archive_adjustment_unverified,legacy_symbol_unattributed
2010,2010-12-31,APD,0000002969,corroborated_candidate,253,253,2009-12-31,2010-12-31,253,2009-12-31,2010-12-31,252,divergent_overlap,0.0055818171741260966,False,yahoo,complete,legacy_symbol_unattributed
2010,2010-12-31,APH,0000820313,corroborated_candidate,253,253,2009-12-31,2010-12-31,253,2009-12-31,2010-12-31,252,consistent_overlap,3.1035683387441515e-05,False,yahoo,complete,legacy_symbol_unattributed
2010,2010-12-31,APOL,0000929887,corroborated_candidate,253,0,,,253,2009-12-31,2010-12-31,0,insufficient_overlap,,False,,archive_adjustment_unverified,legacy_symbol_unattributed
2010,2010-12-31,ARG,0000804212,confirmed_by_multiple_evidence,253,0,,,253,2009-12-31,2010-12-31,0,insufficient_overlap,,False,,archive_adjustment_unverified,legacy_symbol_unattributed
2010,2010-12-31,ARNC,,,253,0,,,0,,,0,insufficient_overlap,,False,,identity_unresolved,legacy_symbol_unattributed
2010,2010-12-31,ATGE,,,253,0,,,253,2009-12-31,2010-12-31,0,insufficient_overlap,,False,,identity_unresolved,legacy_symbol_unattributed
2010,2010-12-31,ATI,0001018963,corroborated_candidate,253,253,2009-12-31,2010-12-31,253,2009-12-31,2010-12-31,252,consistent_overlap,2.26313691557012e-06,False,yahoo,complete,legacy_symbol_unattributed
2010,2010-12-31,AVB,0000915912,corroborated_candidate,253,0,,,253,2009-12-31,2010-12-31,0,insufficient_overlap,,False,,archive_adjustment_unverified,legacy_symbol_unattributed
2010,2010-12-31,AVP,0000008868,corroborated_candidate,253,0,,,253,2009-12-31,2010-12-31,0,insufficient_overlap,,False,,archive_adjustment_unverified,legacy_symbol_unattributed
2010,2010-12-31,AVY,0000008818,corroborated_candidate,253,253,2009-12-31,2010-12-31,253,2009-12-31,2010-12-31,252,consistent_overlap,3.461476376914742e-06,False,yahoo,complete,legacy_symbol_unattributed
2010,2010-12-31,AXP,0000004962,confirmed_by_multiple_evidence,253,253,2009-12-31,2010-12-31,253,2009-12-31,2010-12-31,252,consistent_overlap,6.45696605523094e-05,False,yahoo,complete,legacy_symbol_unattributed
2010,2010-12-31,AYE,0000003673,confirmed_by_multiple_evidence,253,0,,,253,2009-12-31,2010-12-31,0,insufficient_overlap,,False,,archive_adjustment_unverified,legacy_symbol_unattributed
2010,2010-12-31,AZO,0000866787,confirmed_by_multiple_evidence,253,253,2009-12-31,2010-12-31,253,2009-12-31,2010-12-31,252,consistent_overlap,7.621362116072563e-08,False,yahoo,complete,legacy_symbol_unattributed
2010,2010-12-31,BA,0000012927,corroborated_candidate,253,253,2009-12-31,2010-12-31,253,2009-12-31,2010-12-31,252,consistent_overlap,1.8959554774511396e-06,False,yahoo,complete,legacy_symbol_unattributed
2010,2010-12-31,BAC,0000070858,corroborated_candidate,253,253,2009-12-31,2010-12-31,253,2009-12-31,2010-12-31,252,consistent_overlap,0.0001966122218873257,False,yahoo,complete,legacy_symbol_unattributed
2010,2010-12-31,BAX,0000010456,confirmed_by_multiple_evidence,253,253,2009-12-31,2010-12-31,253,2009-12-31,2010-12-31,252,divergent_overlap,0.005581558005821689,False,yahoo,complete,legacy_symbol_unattributed
2010,2010-12-31,BBBY,0000886158,corroborated_candidate,253,0,,,253,2009-12-31,2010-12-31,0,insufficient_overlap,,False,,archive_adjustment_unverified,legacy_symbol_unattributed
2010,2010-12-31,BBT,0000092230,corroborated_candidate,253,253,2009-12-31,2010-12-31,253,2009-12-31,2010-12-31,252,divergent_overlap,0.06609396789642932,False,yahoo,complete,legacy_symbol_unattributed
2010,2010-12-31,BBY,0000764478,corroborated_candidate,253,253,2009-12-31,2010-12-31,253,2009-12-31,2010-12-31,252,consistent_overlap,6.137628975047661e-05,False,yahoo,complete,legacy_symbol_unattributed
2010,2010-12-31,BCR,0000009892,confirmed_by_multiple_evidence,253,0,,,253,2009-12-31,2010-12-31,0,insufficient_overlap,,False,,archive_adjustment_unverified,legacy_symbol_unattributed
2010,2010-12-31,BDX,0000010795,corroborated_candidate,253,253,2009-12-31,2010-12-31,253,2009-12-31,2010-12-31,252,consistent_overlap,3.089034248856539e-06,False,yahoo,complete,legacy_symbol_unattributed
2010,2010-12-31,BEAM,,,253,0,,,0,,,0,insufficient_overlap,,False,,identity_unresolved,legacy_symbol_unattributed
2010,2010-12-31,BEN,0000038777,corroborated_candidate,253,253,2009-12-31,2010-12-31,253,2009-12-31,2010-12-31,252,consistent_overlap,4.9079232924531536e-06,False,yahoo,complete,legacy_symbol_unattributed
2010,2010-12-31,BF-B,0000014693,corroborated_candidate,253,253,2009-12-31,2010-12-31,0,,,0,insufficient_overlap,,False,yahoo,complete,legacy_symbol_unattributed
2010,2010-12-31,BHGE,,,253,0,,,0,,,0,insufficient_overlap,,False,,identity_unresolved,legacy_symbol_unattributed
2010,2010-12-31,BIG,0000768835,corroborated_candidate,253,0,,,253,2009-12-31,2010-12-31,0,insufficient_overlap,,False,,archive_adjustment_unverified,legacy_symbol_unattributed
2010,2010-12-31,BIIB,0000875045,corroborated_candidate,253,253,2009-12-31,2010-12-31,253,2009-12-31,2010-12-31,252,consistent_overlap,7.357690533060793e-08,False,yahoo,complete,legacy_symbol_unattributed
2010,2010-12-31,BK,0001390777,confirmed_by_multiple_evidence,253,253,2009-12-31,2010-12-31,253,2009-12-31,2010-12-31,252,consistent_overlap,4.8710762156933825e-06,False,yahoo,complete,legacy_symbol_unattributed
2010,2010-12-31,BKNG,0001075531,corroborated_candidate,253,253,2009-12-31,2010-12-31,253,2009-12-31,2010-12-31,252,consistent_overlap,5.283647054799005e-07,False,yahoo,complete,legacy_symbol_unattributed
2010,2010-12-31,BLL,0000009389,corroborated_candidate,253,0,,,253,2009-12-31,2010-12-31,0,insufficient_overlap,,False,,archive_adjustment_unverified,legacy_symbol_unattributed
2010,2010-12-31,BMC,0000835729,corroborated_candidate,253,0,,,253,2009-12-31,2010-12-31,0,insufficient_overlap,,False,,archive_adjustment_unverified,legacy_symbol_unattributed
2010,2010-12-31,BMS,0000011199,corroborated_candidate,253,0,,,253,2009-12-31,2010-12-31,0,insufficient_overlap,,False,,archive_adjustment_unverified,legacy_symbol_unattributed
2010,2010-12-31,BMY,0000014272,corroborated_candidate,253,253,2009-12-31,2010-12-31,253,2009-12-31,2010-12-31,252,consistent_overlap,5.427374319710855e-06,False,yahoo,complete,legacy_symbol_unattributed
2010,2010-12-31,BRCM,0001054374,corroborated_candidate,253,0,,,253,2009-12-31,2010-12-31,0,insufficient_overlap,,False,,archive_adjustment_unverified,legacy_symbol_unattributed
2010,2010-12-31,BRK-B,,,253,253,2009-12-31,2010-12-31,0,,,0,insufficient_overlap,,False,,identity_unresolved,legacy_symbol_unattributed
2010,2010-12-31,BSX,0000885725,corroborated_candidate,253,253,2009-12-31,2010-12-31,253,2009-12-31,2010-12-31,252,consistent_overlap,7.361140160311312e-08,False,yahoo,complete,legacy_symbol_unattributed
2010,2010-12-31,BTUUQ,,,253,0,,,253,2009-12-31,2010-12-31,0,insufficient_overlap,,False,,identity_unresolved,legacy_symbol_unattributed
2010,2010-12-31,BXP,0001037540,corroborated_candidate,253,253,2009-12-31,2010-12-31,253,2009-12-31,2010-12-31,252,consistent_overlap,2.1013198164965277e-06,False,yahoo,complete,legacy_symbol_unattributed
2010,2010-12-31,C,0000831001,corroborated_candidate,253,253,2009-12-31,2010-12-31,253,2009-12-31,2010-12-31,252,consistent_overlap,0.0010333036443837809,False,yahoo,complete,legacy_symbol_unattributed
2010,2010-12-31,CA,0000356028,corroborated_candidate,253,0,,,0,,,0,insufficient_overlap,,False,,incomplete_prices,legacy_symbol_unattributed
2010,2010-12-31,CAG,0000023217,corroborated_candidate,253,253,2009-12-31,2010-12-31,253,2009-12-31,2010-12-31,252,consistent_overlap,7.665079189076442e-06,False,yahoo,complete,legacy_symbol_unattributed
2010,2010-12-31,CAH,0000721371,confirmed_by_multiple_evidence,253,253,2009-12-31,2010-12-31,253,2009-12-31,2010-12-31,252,consistent_overlap,4.387820280866706e-06,False,yahoo,complete,legacy_symbol_unattributed
2010,2010-12-31,CAM,0000941548,corroborated_candidate,253,0,,,253,2009-12-31,2010-12-31,0,insufficient_overlap,,False,,archive_adjustment_unverified,legacy_symbol_unattributed
2010,2010-12-31,CAT,0000018230,corroborated_candidate,253,253,2009-12-31,2010-12-31,253,2009-12-31,2010-12-31,252,consistent_overlap,2.0805184819772116e-06,False,yahoo,complete,legacy_symbol_unattributed
2010,2010-12-31,CB,,,253,253,2009-12-31,2010-12-31,253,2009-12-31,2010-12-31,252,consistent_overlap,2.4341910126912673e-06,False,,identity_unresolved,legacy_symbol_unattributed
2010,2010-12-31,CBRE,,,253,253,2009-12-31,2010-12-31,253,2009-12-31,2010-12-31,252,consistent_overlap,8.71132003288367e-08,False,,identity_unresolved,legacy_symbol_unattributed
2010,2010-12-31,CBS,0000813828,corroborated_candidate,253,0,,,253,2009-12-31,2010-12-31,0,insufficient_overlap,,False,,archive_adjustment_unverified,legacy_symbol_unattributed
2010,2010-12-31,CCE,0001491675,corroborated_candidate,253,0,,,253,2009-12-31,2010-12-31,0,insufficient_overlap,,False,,archive_adjustment_unverified,legacy_symbol_unattributed
2010,2010-12-31,CCL,0000815097,corroborated_candidate,253,253,2009-12-31,2010-12-31,253,2009-12-31,2010-12-31,252,consistent_overlap,0.0001316418492539551,False,yahoo,complete,legacy_symbol_unattributed
2010,2010-12-31,CEG,0001004440,corroborated_candidate,253,0,,,0,,,0,insufficient_overlap,,False,,incomplete_prices,legacy_symbol_unattributed
2010,2010-12-31,CELG,0000816284,corroborated_candidate,253,0,,,253,2009-12-31,2010-12-31,0,insufficient_overlap,,False,,archive_adjustment_unverified,legacy_symbol_unattributed
2010,2010-12-31,CEPH,0000873364,corroborated_candidate,253,0,,,253,2009-12-31,2010-12-31,0,insufficient_overlap,,False,,archive_adjustment_unverified,legacy_symbol_unattributed
2010,2010-12-31,CERN,0000804753,corroborated_candidate,253,0,,,253,2009-12-31,2010-12-31,0,insufficient_overlap,,False,,archive_adjustment_unverified,legacy_symbol_unattributed
2010,2010-12-31,CF,0001324404,corroborated_candidate,253,253,2009-12-31,2010-12-31,253,2009-12-31,2010-12-31,252,consistent_overlap,9.495780484440889e-06,False,yahoo,complete,legacy_symbol_unattributed
2010,2010-12-31,CFN,0001457543,confirmed_by_multiple_evidence,253,0,,,253,2009-12-31,2010-12-31,0,insufficient_overlap,,False,,archive_adjustment_unverified,legacy_symbol_unattributed
2010,2010-12-31,CHK,0000895126,confirmed_by_multiple_evidence,253,0,,,0,,,0,insufficient_overlap,,False,,incomplete_prices,legacy_symbol_unattributed
2010,2010-12-31,CHRW,0001043277,confirmed_by_multiple_evidence,253,253,2009-12-31,2010-12-31,253,2009-12-31,2010-12-31,252,consistent_overlap,5.894182314792598e-05,False,yahoo,complete,legacy_symbol_unattributed
2010,2010-12-31,CI,,,253,253,2009-12-31,2010-12-31,253,2009-12-31,2010-12-31,252,consistent_overlap,2.7358868655325013e-06,False,,identity_unresolved,legacy_symbol_unattributed
2010,2010-12-31,CINF,0000020286,confirmed_by_multiple_evidence,253,253,2009-12-31,2010-12-31,253,2009-12-31,2010-12-31,252,consistent_overlap,0.0001760444347647861,False,yahoo,complete,legacy_symbol_unattributed
2010,2010-12-31,CL,0000021665,corroborated_candidate,253,253,2009-12-31,2010-12-31,253,2009-12-31,2010-12-31,252,consistent_overlap,3.186512320567659e-06,False,yahoo,complete,legacy_symbol_unattributed
2010,2010-12-31,CLF,,,253,253,2009-12-31,2010-12-31,253,2009-12-31,2010-12-31,252,consistent_overlap,2.025479135967513e-06,False,,identity_unresolved,legacy_symbol_unattributed
2010,2010-12-31,CLX,0000021076,corroborated_candidate,253,253,2009-12-31,2010-12-31,253,2009-12-31,2010-12-31,252,consistent_overlap,2.2704993922284533e-06,False,yahoo,complete,legacy_symbol_unattributed
2010,2010-12-31,CMA,0000028412,corroborated_candidate,253,0,,,253,2009-12-31,2010-12-31,0,insufficient_overlap,,False,,archive_adjustment_unverified,legacy_symbol_unattributed
2010,2010-12-31,CMCSA,0001166691,confirmed_by_multiple_evidence,253,253,2009-12-31,2010-12-31,253,2009-12-31,2010-12-31,252,consistent_overlap,0.00030044368461813693,False,yahoo,complete,legacy_symbol_unattributed
2010,2010-12-31,CME,0001156375,corroborated_candidate,253,253,2009-12-31,2010-12-31,253,2009-12-31,2010-12-31,252,consistent_overlap,1.586268256925761e-05,False,yahoo,complete,legacy_symbol_unattributed
2010,2010-12-31,CMI,0000026172,corroborated_candidate,253,253,2009-12-31,2010-12-31,253,2009-12-31,2010-12-31,252,consistent_overlap,2.348876725608573e-06,False,yahoo,complete,legacy_symbol_unattributed
2010,2010-12-31,CMS,0000811156,confirmed_by_multiple_evidence,253,253,2009-12-31,2010-12-31,253,2009-12-31,2010-12-31,252,consistent_overlap,9.493477266634415e-06,False,yahoo,complete,legacy_symbol_unattributed
2010,2010-12-31,CNP,0001130310,corroborated_candidate,253,253,2009-12-31,2010-12-31,253,2009-12-31,2010-12-31,252,consistent_overlap,1.0592085645573236e-05,False,yahoo,complete,legacy_symbol_unattributed
2010,2010-12-31,CNX,0001070412,corroborated_candidate,253,253,2009-12-31,2010-12-31,253,2009-12-31,2010-12-31,252,consistent_overlap,3.1901443186610484e-06,False,yahoo,complete,legacy_symbol_unattributed
2010,2010-12-31,COF,0000927628,confirmed_by_multiple_evidence,253,253,2009-12-31,2010-12-31,253,2009-12-31,2010-12-31,252,consistent_overlap,3.3787524298278814e-06,False,yahoo,complete,legacy_symbol_unattributed
2010,2010-12-31,COG,0000858470,corroborated_candidate,253,0,,,253,2009-12-31,2010-12-31,0,insufficient_overlap,,False,,archive_adjustment_unverified,legacy_symbol_unattributed
2010,2010-12-31,COL,0001137411,corroborated_candidate,253,0,,,253,2009-12-31,2010-12-31,0,insufficient_overlap,,False,,archive_adjustment_unverified,legacy_symbol_unattributed
2010,2010-12-31,COP,0001163165,corroborated_candidate,253,253,2009-12-31,2010-12-31,253,2009-12-31,2010-12-31,252,consistent_overlap,4.09013659751989e-06,False,yahoo,complete,legacy_symbol_unattributed
2010,2010-12-31,COST,0000909832,confirmed_by_multiple_evidence,253,253,2009-12-31,2010-12-31,253,2009-12-31,2010-12-31,252,consistent_overlap,2.241773259283875e-06,False,yahoo,complete,legacy_symbol_unattributed
2010,2010-12-31,CPB,0000016732,corroborated_candidate,253,253,2009-12-31,2010-12-31,253,2009-12-31,2010-12-31,252,consistent_overlap,3.999872109607952e-06,False,yahoo,complete,legacy_symbol_unattributed
2010,2010-12-31,CPWR,0000859014,corroborated_candidate,253,0,,,46,2010-01-07,2010-12-23,0,insufficient_overlap,,False,,incomplete_prices,legacy_symbol_unattributed
2010,2010-12-31,CRM,0001108524,confirmed_by_multiple_evidence,253,253,2009-12-31,2010-12-31,253,2009-12-31,2010-12-31,252,consistent_overlap,4.303686374906857e-06,False,yahoo,complete,legacy_symbol_unattributed
2010,2010-12-31,CSCO,0000858877,confirmed_by_multiple_evidence,253,253,2009-12-31,2010-12-31,253,2009-12-31,2010-12-31,252,consistent_overlap,0.0002553320110732305,False,yahoo,complete,legacy_symbol_unattributed
2010,2010-12-31,CSX,0000277948,corroborated_candidate,253,253,2009-12-31,2010-12-31,253,2009-12-31,2010-12-31,252,consistent_overlap,2.898700798087296e-05,False,yahoo,complete,legacy_symbol_unattributed
2010,2010-12-31,CTAS,0000723254,corroborated_candidate,253,253,2009-12-31,2010-12-31,253,2009-12-31,2010-12-31,252,consistent_overlap,1.7234560813306213e-05,False,yahoo,complete,legacy_symbol_unattributed
2010,2010-12-31,CTL,0000018926,corroborated_candidate,253,0,,,253,2009-12-31,2010-12-31,0,insufficient_overlap,,False,,archive_adjustment_unverified,legacy_symbol_unattributed
2010,2010-12-31,CTSH,0001058290,confirmed_by_multiple_evidence,253,253,2009-12-31,2010-12-31,253,2009-12-31,2010-12-31,252,consistent_overlap,8.707177085808484e-05,False,yahoo,complete,legacy_symbol_unattributed
2010,2010-12-31,CTXS,0000877890,confirmed_by_multiple_evidence,253,0,,,253,2009-12-31,2010-12-31,0,insufficient_overlap,,False,,archive_adjustment_unverified,legacy_symbol_unattributed
2010,2010-12-31,CVC,0001053112,corroborated_candidate,253,0,,,253,2009-12-31,2010-12-31,0,insufficient_overlap,,False,,archive_adjustment_unverified,legacy_symbol_unattributed
2010,2010-12-31,CVH,0001054833,corroborated_candidate,253,0,,,253,2009-12-31,2010-12-31,0,insufficient_overlap,,False,,archive_adjustment_unverified,legacy_symbol_unattributed
2010,2010-12-31,CVS,0000064803,corroborated_candidate,253,253,2009-12-31,2010-12-31,253,2009-12-31,2010-12-31,252,consistent_overlap,3.960965381244464e-06,False,yahoo,complete,legacy_symbol_unattributed
2010,2010-12-31,CVX,0000093410,corroborated_candidate,253,253,2009-12-31,2010-12-31,253,2009-12-31,2010-12-31,252,consistent_overlap,2.205629023315226e-06,False,yahoo,complete,legacy_symbol_unattributed
2010,2010-12-31,D,,,253,253,2009-12-31,2010-12-31,253,2009-12-31,2010-12-31,252,consistent_overlap,1.0377071698824989e-05,False,,identity_unresolved,legacy_symbol_unattributed
2010,2010-12-31,DD,0000030554,corroborated_candidate,253,253,2009-12-31,2010-12-31,253,2009-12-31,2010-12-31,252,consistent_overlap,4.658767463623371e-06,False,yahoo,complete,legacy_symbol_unattributed
2010,2010-12-31,DE,0000315189,corroborated_candidate,253,253,2009-12-31,2010-12-31,253,2009-12-31,2010-12-31,252,consistent_overlap,2.1143950941771034e-06,False,yahoo,complete,legacy_symbol_unattributed
2010,2010-12-31,DELL,0000826083,corroborated_candidate,253,0,,,0,,,0,insufficient_overlap,,False,,incomplete_prices,legacy_symbol_unattributed
2010,2010-12-31,DF,0000931336,confirmed_by_multiple_evidence,253,0,,,253,2009-12-31,2010-12-31,0,insufficient_overlap,,False,,archive_adjustment_unverified,legacy_symbol_unattributed
2010,2010-12-31,DFS,0001393612,corroborated_candidate,253,0,,,253,2009-12-31,2010-12-31,0,insufficient_overlap,,False,,archive_adjustment_unverified,legacy_symbol_unattributed
2010,2010-12-31,DGX,0001022079,corroborated_candidate,253,253,2009-12-31,2010-12-31,253,2009-12-31,2010-12-31,252,consistent_overlap,2.44536497936099e-06,False,yahoo,complete,legacy_symbol_unattributed
2010,2010-12-31,DHI,0000882184,corroborated_candidate,253,253,2009-12-31,2010-12-31,253,2009-12-31,2010-12-31,252,consistent_overlap,9.236665899436946e-06,False,yahoo,complete,legacy_symbol_unattributed
2010,2010-12-31,DHR,0000313616,confirmed_by_multiple_evidence,253,253,2009-12-31,2010-12-31,253,2009-12-31,2010-12-31,252,consistent_overlap,6.9716142010767256e-06,False,yahoo,complete,legacy_symbol_unattributed
2010,2010-12-31,DIS,,,253,253,2009-12-31,2010-12-31,253,2009-12-31,2010-12-31,252,consistent_overlap,3.0989864518526924e-06,False,,identity_unresolved,legacy_symbol_unattributed
2010,2010-12-31,DISCA,0001437107,corroborated_candidate,253,0,,,253,2009-12-31,2010-12-31,0,insufficient_overlap,,False,,archive_adjustment_unverified,legacy_symbol_unattributed
2010,2010-12-31,DNB,0001115222,confirmed_by_multiple_evidence,253,0,,,0,,,0,insufficient_overlap,,False,,incomplete_prices,legacy_symbol_unattributed
2010,2010-12-31,DNR,0000945764,corroborated_candidate,253,0,,,253,2009-12-31,2010-12-31,0,insufficient_overlap,,False,,archive_adjustment_unverified,legacy_symbol_unattributed
2010,2010-12-31,DO,0000949039,confirmed_by_multiple_evidence,253,0,,,0,,,0,insufficient_overlap,,False,,incomplete_prices,legacy_symbol_unattributed
2010,2010-12-31,DOV,0000029905,corroborated_candidate,253,253,2009-12-31,2010-12-31,253,2009-12-31,2010-12-31,252,divergent_overlap,0.0052837152570861055,False,yahoo,complete,legacy_symbol_unattributed
2010,2010-12-31,DOW,0000029915,corroborated_candidate,253,0,,,0,,,0,insufficient_overlap,,False,,incomplete_prices,legacy_symbol_unattributed
2010,2010-12-31,DRI,0000940944,corroborated_candidate,253,253,2009-12-31,2010-12-31,253,2009-12-31,2010-12-31,252,consistent_overlap,1.0827068805916485e-05,False,yahoo,complete,legacy_symbol_unattributed
2010,2010-12-31,DTE,0000936340,corroborated_candidate,253,253,2009-12-31,2010-12-31,253,2009-12-31,2010-12-31,252,consistent_overlap,4.8085071689296665e-06,False,yahoo,complete,legacy_symbol_unattributed
2010,2010-12-31,DTV,0001465112,corroborated_candidate,253,0,,,0,,,0,insufficient_overlap,,False,,incomplete_prices,legacy_symbol_unattributed
2010,2010-12-31,DUK,0001326160,corroborated_candidate,253,253,2009-12-31,2010-12-31,253,2009-12-31,2010-12-31,252,consistent_overlap,3.458380878995638e-06,False,yahoo,complete,legacy_symbol_unattributed
2010,2010-12-31,DVA,0000927066,confirmed_by_multiple_evidence,253,253,2009-12-31,2010-12-31,253,2009-12-31,2010-12-31,252,consistent_overlap,8.613644660426809e-08,False,yahoo,complete,legacy_symbol_unattributed
2010,2010-12-31,DVN,0001090012,corroborated_candidate,253,253,2009-12-31,2010-12-31,253,2009-12-31,2010-12-31,252,consistent_overlap,2.290541801587276e-06,False,yahoo,complete,legacy_symbol_unattributed
2010,2010-12-31,DXC,,,253,253,2009-12-31,2010-12-31,253,2009-12-31,2010-12-31,252,consistent_overlap,0.0014808817228152411,False,,identity_unresolved,legacy_symbol_unattributed
2010,2010-12-31,EA,,,253,0,,,253,2009-12-31,2010-12-31,0,insufficient_overlap,,False,,identity_unresolved,legacy_symbol_unattributed
2010,2010-12-31,EBAY,0001065088,confirmed_by_multiple_evidence,253,253,2009-12-31,2010-12-31,253,2009-12-31,2010-12-31,252,consistent_overlap,0.00019967730417503216,False,yahoo,complete,legacy_symbol_unattributed
2010,2010-12-31,ECL,0000031462,corroborated_candidate,253,253,2009-12-31,2010-12-31,253,2009-12-31,2010-12-31,252,consistent_overlap,2.2540662287406922e-06,False,yahoo,complete,legacy_symbol_unattributed
2010,2010-12-31,ED,0001047862,confirmed_by_multiple_evidence,253,253,2009-12-31,2010-12-31,253,2009-12-31,2010-12-31,252,consistent_overlap,3.6980129098507236e-06,False,yahoo,complete,legacy_symbol_unattributed
2010,2010-12-31,EFX,0000033185,confirmed_by_multiple_evidence,253,253,2009-12-31,2010-12-31,253,2009-12-31,2010-12-31,252,consistent_overlap,3.4465520311655063e-06,False,yahoo,complete,legacy_symbol_unattributed
2010,2010-12-31,EIX,0000827052,corroborated_candidate,253,253,2009-12-31,2010-12-31,253,2009-12-31,2010-12-31,252,consistent_overlap,4.9415515546891185e-06,False,yahoo,complete,legacy_symbol_unattributed
2010,2010-12-31,EL,0001001250,corroborated_candidate,253,253,2009-12-31,2010-12-31,253,2009-12-31,2010-12-31,252,consistent_overlap,3.270093050474765e-06,False,yahoo,complete,legacy_symbol_unattributed
2010,2010-12-31,EMC,0000790070,confirmed_by_multiple_evidence,253,0,,,0,,,0,insufficient_overlap,,False,,incomplete_prices,legacy_symbol_unattributed
2010,2010-12-31,EMN,0000915389,corroborated_candidate,253,253,2009-12-31,2010-12-31,253,2009-12-31,2010-12-31,252,consistent_overlap,4.625326510058208e-06,False,yahoo,complete,legacy_symbol_unattributed
2010,2010-12-31,EMR,0000032604,corroborated_candidate,253,253,2009-12-31,2010-12-31,253,2009-12-31,2010-12-31,252,consistent_overlap,3.0473557797772167e-06,False,yahoo,complete,legacy_symbol_unattributed
2010,2010-12-31,EOG,0000821189,corroborated_candidate,253,253,2009-12-31,2010-12-31,253,2009-12-31,2010-12-31,252,consistent_overlap,2.652722687992438e-06,False,yahoo,complete,legacy_symbol_unattributed
2010,2010-12-31,EP,0001066107,corroborated_candidate,253,253,2009-12-31,2010-12-31,212,2010-01-04,2010-12-31,207,divergent_overlap,0.005221876793138159,False,yahoo,complete,legacy_symbol_unattributed
2010,2010-12-31,EQR,0000906107,corroborated_candidate,253,253,2009-12-31,2010-12-31,253,2009-12-31,2010-12-31,252,consistent_overlap,4.5021527280764146e-06,False,yahoo,complete,legacy_symbol_unattributed
2010,2010-12-31,EQT,0000033213,corroborated_candidate,253,253,2009-12-31,2010-12-31,253,2009-12-31,2010-12-31,252,consistent_overlap,0.0049609603567773745,False,yahoo,complete,legacy_symbol_unattributed
2010,2010-12-31,ES,0000072741,corroborated_candidate,253,253,2009-12-31,2010-12-31,253,2009-12-31,2010-12-31,252,consistent_overlap,6.338081545670406e-06,False,yahoo,complete,legacy_symbol_unattributed
2010,2010-12-31,ESRX,0001532063,confirmed_by_multiple_evidence,253,0,,,253,2009-12-31,2010-12-31,0,insufficient_overlap,,False,,archive_adjustment_unverified,legacy_symbol_unattributed
2010,2010-12-31,ETFC,0001015780,corroborated_candidate,253,0,,,253,2009-12-31,2010-12-31,0,insufficient_overlap,,False,,archive_adjustment_unverified,legacy_symbol_unattributed
2010,2010-12-31,ETN,0001551182,confirmed_by_multiple_evidence,253,253,2009-12-31,2010-12-31,253,2009-12-31,2010-12-31,252,consistent_overlap,3.790731471373655e-06,False,yahoo,complete,legacy_symbol_unattributed
2010,2010-12-31,ETR,0000065984,corroborated_candidate,253,253,2009-12-31,2010-12-31,253,2009-12-31,2010-12-31,252,consistent_overlap,4.715103208032811e-06,False,yahoo,complete,legacy_symbol_unattributed
2010,2010-12-31,EXC,0001109357,confirmed_by_multiple_evidence,253,253,2009-12-31,2010-12-31,253,2009-12-31,2010-12-31,252,consistent_overlap,6.354817445144437e-06,False,yahoo,complete,legacy_symbol_unattributed
2010,2010-12-31,EXPD,0000746515,confirmed_by_multiple_evidence,253,253,2009-12-31,2010-12-31,253,2009-12-31,2010-12-31,252,consistent_overlap,2.8049636282012627e-06,False,yahoo,complete,legacy_symbol_unattributed
2010,2010-12-31,EXPE,0001324424,confirmed_by_multiple_evidence,253,253,2009-12-31,2010-12-31,253,2009-12-31,2010-12-31,252,consistent_overlap,0.00028755254613424053,False,yahoo,complete,legacy_symbol_unattributed
2010,2010-12-31,F,0000037996,confirmed_by_multiple_evidence,253,253,2009-12-31,2010-12-31,253,2009-12-31,2010-12-31,252,consistent_overlap,1.449810840462142e-05,False,yahoo,complete,legacy_symbol_unattributed
2010,2010-12-31,FAST,0000815556,confirmed_by_multiple_evidence,253,253,2009-12-31,2010-12-31,253,2009-12-31,2010-12-31,252,consistent_overlap,1.200034637437675e-05,False,yahoo,complete,legacy_symbol_unattributed
2010,2010-12-31,FCX,,,253,253,2009-12-31,2010-12-31,253,2009-12-31,2010-12-31,252,consistent_overlap,5.7346408436202986e-05,False,,identity_unresolved,legacy_symbol_unattributed
2010,2010-12-31,FDO,0000034408,confirmed_by_multiple_evidence,253,0,,,253,2009-12-31,2010-12-31,0,insufficient_overlap,,False,,archive_adjustment_unverified,legacy_symbol_unattributed
2010,2010-12-31,FDX,0001048911,corroborated_candidate,253,253,2009-12-31,2010-12-31,253,2009-12-31,2010-12-31,252,consistent_overlap,1.5869008900171184e-06,False,yahoo,complete,legacy_symbol_unattributed
2010,2010-12-31,FE,0001031296,corroborated_candidate,253,253,2009-12-31,2010-12-31,253,2009-12-31,2010-12-31,252,consistent_overlap,4.329111472207714e-06,False,yahoo,complete,legacy_symbol_unattributed
2010,2010-12-31,FFIV,0001048695,corroborated_candidate,253,253,2009-12-31,2010-12-31,253,2009-12-31,2010-12-31,252,consistent_overlap,9.39527923449202e-08,False,yahoo,complete,legacy_symbol_unattributed
2010,2010-12-31,FHN,0000036966,corroborated_candidate,253,253,2009-12-31,2010-12-31,253,2009-12-31,2010-12-31,252,divergent_overlap,0.0134666182392383,False,yahoo,complete,legacy_symbol_unattributed
2010,2010-12-31,FII,0001056288,confirmed_by_multiple_evidence,253,0,,,253,2009-12-31,2010-12-31,0,insufficient_overlap,,False,,archive_adjustment_unverified,legacy_symbol_unattributed
2010,2010-12-31,FIS,0001136893,corroborated_candidate,253,253,2009-12-31,2010-12-31,253,2009-12-31,2010-12-31,252,consistent_overlap,4.747720877675832e-06,False,yahoo,complete,legacy_symbol_unattributed
2010,2010-12-31,FISV,0000798354,confirmed_by_multiple_evidence,253,253,2009-12-31,2010-12-31,253,2009-12-31,2010-12-31,252,consistent_overlap,1.855602028180139e-05,False,yahoo,complete,legacy_symbol_unattributed
2010,2010-12-31,FITB,0000035527,confirmed_by_multiple_evidence,253,253,2009-12-31,2010-12-31,253,2009-12-31,2010-12-31,252,consistent_overlap,0.0004311731846172784,False,yahoo,complete,legacy_symbol_unattributed
2010,2010-12-31,FLIR,0000354908,confirmed_by_multiple_evidence,253,0,,,253,2009-12-31,2010-12-31,0,insufficient_overlap,,False,,archive_adjustment_unverified,legacy_symbol_unattributed
2010,2010-12-31,FLR,0001124198,corroborated_candidate,253,253,2009-12-31,2010-12-31,253,2009-12-31,2010-12-31,252,consistent_overlap,2.2787869087614877e-06,False,yahoo,complete,legacy_symbol_unattributed
2010,2010-12-31,FLS,0000030625,corroborated_candidate,253,253,2009-12-31,2010-12-31,253,2009-12-31,2010-12-31,252,consistent_overlap,3.250209634385604e-06,False,yahoo,complete,legacy_symbol_unattributed
2010,2010-12-31,FMC,0000037785,corroborated_candidate,253,253,2009-12-31,2010-12-31,253,2009-12-31,2010-12-31,252,consistent_overlap,4.1155178862983814e-06,False,yahoo,complete,legacy_symbol_unattributed
2010,2010-12-31,FOXA,,,253,0,,,0,,,0,insufficient_overlap,,False,,identity_unresolved,legacy_symbol_unattributed
2010,2010-12-31,FRX,0000038074,corroborated_candidate,253,0,,,253,2009-12-31,2010-12-31,0,insufficient_overlap,,False,,archive_adjustment_unverified,legacy_symbol_unattributed
2010,2010-12-31,FSLR,0001274494,corroborated_candidate,253,253,2009-12-31,2010-12-31,253,2009-12-31,2010-12-31,252,consistent_overlap,4.103146194068931e-05,False,yahoo,complete,legacy_symbol_unattributed
2010,2010-12-31,FTI,,,253,253,2009-12-31,2010-12-31,253,2009-12-31,2010-12-31,252,consistent_overlap,7.010312304869264e-06,False,,identity_unresolved,legacy_symbol_unattributed
2010,2010-12-31,FTR,0000020520,corroborated_candidate,253,0,,,253,2009-12-31,2010-12-31,0,insufficient_overlap,,False,,archive_adjustment_unverified,legacy_symbol_unattributed
2010,2010-12-31,GAS,,,253,0,,,253,2009-12-31,2010-12-31,0,insufficient_overlap,,False,,identity_unresolved,legacy_symbol_unattributed
2010,2010-12-31,GD,0000040533,confirmed_by_multiple_evidence,253,253,2009-12-31,2010-12-31,253,2009-12-31,2010-12-31,252,consistent_overlap,2.0937326572156857e-06,False,yahoo,complete,legacy_symbol_unattributed
2010,2010-12-31,GE,0000040545,confirmed_by_multiple_evidence,253,253,2009-12-31,2010-12-31,253,2009-12-31,2010-12-31,252,consistent_overlap,2.049441639389027e-06,False,yahoo,complete,legacy_symbol_unattributed
2010,2010-12-31,GENZ,0000732485,corroborated_candidate,253,253,2009-12-31,2010-12-31,253,2009-12-31,2010-12-31,252,divergent_overlap,0.07131644316161465,False,yahoo,complete,legacy_symbol_unattributed
2010,2010-12-31,GHC,,,253,253,2009-12-31,2010-12-31,253,2009-12-31,2010-12-31,252,consistent_overlap,9.356450021680285e-07,False,,identity_unresolved,legacy_symbol_unattributed
2010,2010-12-31,GILD,0000882095,corroborated_candidate,253,253,2009-12-31,2010-12-31,253,2009-12-31,2010-12-31,252,consistent_overlap,7.227984615583161e-06,False,yahoo,complete,legacy_symbol_unattributed
2010,2010-12-31,GIS,0000040704,corroborated_candidate,253,253,2009-12-31,2010-12-31,253,2009-12-31,2010-12-31,252,consistent_overlap,4.4389649866039e-06,False,yahoo,complete,legacy_symbol_unattributed
2010,2010-12-31,GLW,0000024741,corroborated_candidate,253,253,2009-12-31,2010-12-31,253,2009-12-31,2010-12-31,252,consistent_overlap,5.195057629563849e-05,False,yahoo,complete,legacy_symbol_unattributed
2010,2010-12-31,GME,0001326380,confirmed_by_multiple_evidence,253,253,2009-12-31,2010-12-31,253,2009-12-31,2010-12-31,252,consistent_overlap,2.549585094699714e-05,False,yahoo,complete,legacy_symbol_unattributed
2010,2010-12-31,GNW,0001276520,confirmed_by_multiple_evidence,253,253,2009-12-31,2010-12-31,253,2009-12-31,2010-12-31,252,consistent_overlap,7.879369298691152e-08,False,yahoo,complete,legacy_symbol_unattributed
2010,2010-12-31,GOOGL,,,253,253,2009-12-31,2010-12-31,253,2009-12-31,2010-12-31,252,consistent_overlap,1.1008269637895479e-05,False,,identity_unresolved,legacy_symbol_unattributed
2010,2010-12-31,GPC,0000040987,confirmed_by_multiple_evidence,253,253,2009-12-31,2010-12-31,253,2009-12-31,2010-12-31,252,consistent_overlap,3.528046853542578e-06,False,yahoo,complete,legacy_symbol_unattributed
2010,2010-12-31,GPS,0000039911,confirmed_by_multiple_evidence,253,0,,,253,2009-12-31,2010-12-31,0,insufficient_overlap,,False,,archive_adjustment_unverified,legacy_symbol_unattributed
2010,2010-12-31,GR,0000042542,corroborated_candidate,253,240,2009-12-31,2010-12-31,253,2009-12-31,2010-12-31,237,divergent_overlap,0.05181928800114242,False,,archive_adjustment_unverified,legacy_symbol_unattributed
2010,2010-12-31,GS,0000886982,corroborated_candidate,253,253,2009-12-31,2010-12-31,253,2009-12-31,2010-12-31,252,consistent_overlap,1.2373050749114892e-06,False,yahoo,complete,legacy_symbol_unattributed
2010,2010-12-31,GT,0000042582,corroborated_candidate,253,253,2009-12-31,2010-12-31,253,2009-12-31,2010-12-31,252,consistent_overlap,1.0230454064645846e-05,False,yahoo,complete,legacy_symbol_unattributed
2010,2010-12-31,GWW,0000277135,corroborated_candidate,253,253,2009-12-31,2010-12-31,253,2009-12-31,2010-12-31,252,consistent_overlap,1.2021590769284441e-06,False,yahoo,complete,legacy_symbol_unattributed
2010,2010-12-31,HAL,0000045012,corroborated_candidate,253,253,2009-12-31,2010-12-31,253,2009-12-31,2010-12-31,252,consistent_overlap,4.015533477474965e-06,False,yahoo,complete,legacy_symbol_unattributed
2010,2010-12-31,HAR,0000800459,confirmed_by_multiple_evidence,253,0,,,253,2009-12-31,2010-12-31,0,insufficient_overlap,,False,,archive_adjustment_unverified,legacy_symbol_unattributed
2010,2010-12-31,HAS,0000046080,corroborated_candidate,253,253,2009-12-31,2010-12-31,253,2009-12-31,2010-12-31,252,consistent_overlap,4.162793980097003e-06,False,yahoo,complete,legacy_symbol_unattributed
2010,2010-12-31,HBAN,0000049196,corroborated_candidate,253,253,2009-12-31,2010-12-31,253,2009-12-31,2010-12-31,252,consistent_overlap,0.0009108446194029821,False,yahoo,complete,legacy_symbol_unattributed
2010,2010-12-31,HCBK,0000921847,confirmed_by_multiple_evidence,253,0,,,253,2009-12-31,2010-12-31,0,insufficient_overlap,,False,,archive_adjustment_unverified,legacy_symbol_unattributed
2010,2010-12-31,HCP,0000765880,corroborated_candidate,253,0,,,0,,,0,insufficient_overlap,,False,,incomplete_prices,legacy_symbol_unattributed
2010,2010-12-31,HD,0000354950,confirmed_by_multiple_evidence,253,253,2009-12-31,2010-12-31,253,2009-12-31,2010-12-31,252,consistent_overlap,8.072749388882146e-06,False,yahoo,complete,legacy_symbol_unattributed
2010,2010-12-31,HES,0000004447,confirmed_by_multiple_evidence,253,0,,,253,2009-12-31,2010-12-31,0,insufficient_overlap,,False,,archive_adjustment_unverified,legacy_symbol_unattributed
2010,2010-12-31,HIG,0000874766,corroborated_candidate,253,253,2009-12-31,2010-12-31,253,2009-12-31,2010-12-31,252,consistent_overlap,5.901015959232096e-06,False,yahoo,complete,legacy_symbol_unattributed
2010,2010-12-31,HNZ,0000046640,corroborated_candidate,253,0,,,253,2009-12-31,2010-12-31,0,insufficient_overlap,,False,,archive_adjustment_unverified,legacy_symbol_unattributed
2010,2010-12-31,HOG,0000793952,corroborated_candidate,253,253,2009-12-31,2010-12-31,253,2009-12-31,2010-12-31,252,consistent_overlap,0.00010247609557870864,False,yahoo,complete,legacy_symbol_unattributed
2010,2010-12-31,HON,0000773840,corroborated_candidate,253,253,2009-12-31,2010-12-31,253,2009-12-31,2010-12-31,252,divergent_overlap,0.0064691371919426924,False,yahoo,complete,legacy_symbol_unattributed
2010,2010-12-31,HOT,0000316206,confirmed_by_multiple_evidence,253,0,,,253,2009-12-31,2010-12-31,0,insufficient_overlap,,False,,archive_adjustment_unverified,legacy_symbol_unattributed
2010,2010-12-31,HP,0000046765,corroborated_candidate,253,253,2009-12-31,2010-12-31,253,2009-12-31,2010-12-31,252,consistent_overlap,4.1609219997384985e-06,False,yahoo,complete,legacy_symbol_unattributed
2010,2010-12-31,HPQ,0000047217,corroborated_candidate,253,253,2009-12-31,2010-12-31,253,2009-12-31,2010-12-31,252,consistent_overlap,9.679047693695877e-06,False,yahoo,complete,legacy_symbol_unattributed
2010,2010-12-31,HRB,0000012659,corroborated_candidate,253,253,2009-12-31,2010-12-31,253,2009-12-31,2010-12-31,252,consistent_overlap,1.179251213512034e-05,False,yahoo,complete,legacy_symbol_unattributed
2010,2010-12-31,HRL,0000048465,corroborated_candidate,253,253,2009-12-31,2010-12-31,253,2009-12-31,2010-12-31,252,consistent_overlap,1.1772967427232667e-05,False,yahoo,complete,legacy_symbol_unattributed
2010,2010-12-31,HRS,0000202058,corroborated_candidate,253,0,,,253,2009-12-31,2010-12-31,0,insufficient_overlap,,False,,archive_adjustment_unverified,legacy_symbol_unattributed
2010,2010-12-31,HSH,,,253,0,,,0,,,0,insufficient_overlap,,False,,identity_unresolved,legacy_symbol_unattributed
2010,2010-12-31,HSP,0001274057,corroborated_candidate,253,0,,,253,2009-12-31,2010-12-31,0,insufficient_overlap,,False,,archive_adjustment_unverified,legacy_symbol_unattributed
2010,2010-12-31,HST,0001070750,confirmed_by_multiple_evidence,253,253,2009-12-31,2010-12-31,253,2009-12-31,2010-12-31,252,consistent_overlap,1.1025412139931134e-05,False,yahoo,complete,legacy_symbol_unattributed
2010,2010-12-31,HSY,0000047111,corroborated_candidate,253,253,2009-12-31,2010-12-31,253,2009-12-31,2010-12-31,252,consistent_overlap,3.0895235845596082e-06,False,yahoo,complete,legacy_symbol_unattributed
2010,2010-12-31,HUM,,,253,253,2009-12-31,2010-12-31,253,2009-12-31,2010-12-31,252,consistent_overlap,2.2631553420837684e-06,False,,identity_unresolved,legacy_symbol_unattributed
2010,2010-12-31,IBM,0000051143,corroborated_candidate,253,253,2009-12-31,2010-12-31,253,2009-12-31,2010-12-31,252,consistent_overlap,1.5248946430312938e-06,False,yahoo,complete,legacy_symbol_unattributed
2010,2010-12-31,ICE,0001571949,corroborated_candidate,253,253,2009-12-31,2010-12-31,253,2009-12-31,2010-12-31,252,consistent_overlap,5.663097065875547e-06,False,yahoo,complete,legacy_symbol_unattributed
2010,2010-12-31,IFF,0000051253,corroborated_candidate,253,253,2009-12-31,2010-12-31,253,2009-12-31,2010-12-31,252,consistent_overlap,2.9663592950823773e-06,False,yahoo,complete,legacy_symbol_unattributed
2010,2010-12-31,IGT,0000353944,corroborated_candidate,253,0,,,253,2009-12-31,2010-12-31,0,insufficient_overlap,,False,,archive_adjustment_unverified,legacy_symbol_unattributed
2010,2010-12-31,INTC,0000050863,corroborated_candidate,253,253,2009-12-31,2010-12-31,253,2009-12-31,2010-12-31,252,consistent_overlap,0.0003206467661509055,False,yahoo,complete,legacy_symbol_unattributed
2010,2010-12-31,INTU,0000896878,corroborated_candidate,253,253,2009-12-31,2010-12-31,253,2009-12-31,2010-12-31,252,consistent_overlap,3.0339462747952524e-06,False,yahoo,complete,legacy_symbol_unattributed
2010,2010-12-31,IP,0000051434,confirmed_by_multiple_evidence,253,253,2009-12-31,2010-12-31,253,2009-12-31,2010-12-31,252,consistent_overlap,0.002837534140003219,False,yahoo,complete,legacy_symbol_unattributed
2010,2010-12-31,IPG,0000051644,corroborated_candidate,253,0,,,253,2009-12-31,2010-12-31,0,insufficient_overlap,,False,,archive_adjustment_unverified,legacy_symbol_unattributed
2010,2010-12-31,IR,,,253,0,,,0,,,0,insufficient_overlap,,False,,identity_unresolved,legacy_symbol_unattributed
2010,2010-12-31,IRM,0001020569,corroborated_candidate,253,253,2009-12-31,2010-12-31,253,2009-12-31,2010-12-31,252,consistent_overlap,9.85957501442285e-05,False,yahoo,complete,legacy_symbol_unattributed
2010,2010-12-31,ISRG,0001035267,confirmed_by_multiple_evidence,253,253,2009-12-31,2010-12-31,253,2009-12-31,2010-12-31,252,consistent_overlap,1.48849552584851e-05,False,yahoo,complete,legacy_symbol_unattributed
2010,2010-12-31,ITT,0000216228,corroborated_candidate,253,253,2009-12-31,2010-12-31,253,2009-12-31,2010-12-31,252,consistent_overlap,8.72067987351733e-06,False,yahoo,complete,legacy_symbol_unattributed
2010,2010-12-31,ITW,0000049826,corroborated_candidate,253,253,2009-12-31,2010-12-31,253,2009-12-31,2010-12-31,252,consistent_overlap,2.7615056838170566e-06,False,yahoo,complete,legacy_symbol_unattributed
2010,2010-12-31,IVZ,0000914208,corroborated_candidate,253,253,2009-12-31,2010-12-31,253,2009-12-31,2010-12-31,252,consistent_overlap,8.39950723910299e-06,False,yahoo,complete,legacy_symbol_unattributed
2010,2010-12-31,JBL,0000898293,confirmed_by_multiple_evidence,253,253,2009-12-31,2010-12-31,253,2009-12-31,2010-12-31,252,consistent_overlap,9.204516561841516e-06,False,yahoo,complete,legacy_symbol_unattributed
2010,2010-12-31,JCI,0000833444,corroborated_candidate,253,253,2009-12-31,2010-12-31,253,2009-12-31,2010-12-31,252,divergent_overlap,0.00694242256380391,False,yahoo,complete,legacy_symbol_unattributed
2010,2010-12-31,JCP,0001166126,confirmed_by_multiple_evidence,253,0,,,253,2009-12-31,2010-12-31,0,insufficient_overlap,,False,,archive_adjustment_unverified,legacy_symbol_unattributed
2010,2010-12-31,JEC,0000052988,confirmed_by_multiple_evidence,253,0,,,253,2009-12-31,2010-12-31,0,insufficient_overlap,,False,,archive_adjustment_unverified,legacy_symbol_unattributed
2010,2010-12-31,JEF,0000096223,corroborated_candidate,253,253,2009-12-31,2010-12-31,253,2009-12-31,2010-12-31,252,consistent_overlap,7.108527213035566e-06,False,yahoo,complete,legacy_symbol_unattributed
2010,2010-12-31,JNJ,0000200406,corroborated_candidate,253,253,2009-12-31,2010-12-31,253,2009-12-31,2010-12-31,252,consistent_overlap,2.4000823919934077e-06,False,yahoo,complete,legacy_symbol_unattributed
2010,2010-12-31,JNPR,0001043604,corroborated_candidate,253,0,,,253,2009-12-31,2010-12-31,0,insufficient_overlap,,False,,archive_adjustment_unverified,legacy_symbol_unattributed
2010,2010-12-31,JNS,0001065865,corroborated_candidate,253,0,,,253,2009-12-31,2010-12-31,0,insufficient_overlap,,False,,archive_adjustment_unverified,legacy_symbol_unattributed
2010,2010-12-31,JPM,0000019617,corroborated_candidate,253,253,2009-12-31,2010-12-31,253,2009-12-31,2010-12-31,252,consistent_overlap,0.0001243786660827717,False,yahoo,complete,legacy_symbol_unattributed
2010,2010-12-31,JWN,0000072333,corroborated_candidate,253,0,,,253,2009-12-31,2010-12-31,0,insufficient_overlap,,False,,archive_adjustment_unverified,legacy_symbol_unattributed
2010,2010-12-31,K,0000055067,confirmed_by_multiple_evidence,253,0,,,253,2009-12-31,2010-12-31,0,insufficient_overlap,,False,,archive_adjustment_unverified,legacy_symbol_unattributed
2010,2010-12-31,KDP,,,253,253,2009-12-31,2010-12-31,253,2009-12-31,2010-12-31,252,consistent_overlap,4.17162979924557e-06,False,,identity_unresolved,legacy_symbol_unattributed
2010,2010-12-31,KEY,0000091576,confirmed_by_multiple_evidence,253,253,2009-12-31,2010-12-31,253,2009-12-31,2010-12-31,252,consistent_overlap,0.0003017080971197551,False,yahoo,complete,legacy_symbol_unattributed
2010,2010-12-31,KIM,0000879101,corroborated_candidate,253,253,2009-12-31,2010-12-31,253,2009-12-31,2010-12-31,252,consistent_overlap,0.00015850661809426304,False,yahoo,complete,legacy_symbol_unattributed
2010,2010-12-31,KLAC,0000319201,confirmed_by_multiple_evidence,253,253,2009-12-31,2010-12-31,253,2009-12-31,2010-12-31,252,consistent_overlap,0.00016755608423512763,False,yahoo,complete,legacy_symbol_unattributed
2010,2010-12-31,KMB,0000055785,corroborated_candidate,253,253,2009-12-31,2010-12-31,253,2009-12-31,2010-12-31,252,divergent_overlap,0.010376122144771347,False,yahoo,complete,legacy_symbol_unattributed
2010,2010-12-31,KMX,0001170010,corroborated_candidate,253,253,2009-12-31,2010-12-31,253,2009-12-31,2010-12-31,252,consistent_overlap,9.051153890271557e-08,False,yahoo,complete,legacy_symbol_unattributed
2010,2010-12-31,KO,0000021344,corroborated_candidate,253,253,2009-12-31,2010-12-31,253,2009-12-31,2010-12-31,252,consistent_overlap,5.253459887679668e-06,False,yahoo,complete,legacy_symbol_unattributed
2010,2010-12-31,KR,0000056873,corroborated_candidate,253,253,2009-12-31,2010-12-31,253,2009-12-31,2010-12-31,252,consistent_overlap,1.2477110265664007e-05,False,yahoo,complete,legacy_symbol_unattributed
2010,2010-12-31,KSS,0000885639,confirmed_by_multiple_evidence,253,253,2009-12-31,2010-12-31,253,2009-12-31,2010-12-31,252,consistent_overlap,3.3029141230522834e-06,False,yahoo,complete,legacy_symbol_unattributed
2010,2010-12-31,L,0000060086,confirmed_by_multiple_evidence,253,253,2009-12-31,2010-12-31,253,2009-12-31,2010-12-31,252,consistent_overlap,6.304521965881715e-05,False,yahoo,complete,legacy_symbol_unattributed
2010,2010-12-31,LB,,,253,0,,,0,,,0,insufficient_overlap,,False,,identity_unresolved,legacy_symbol_unattributed
2010,2010-12-31,LDOS,,,253,253,2009-12-31,2010-12-31,253,2009-12-31,2010-12-31,252,consistent_overlap,3.892796917979169e-06,False,,identity_unresolved,legacy_symbol_unattributed
2010,2010-12-31,LEG,0000058492,confirmed_by_multiple_evidence,253,0,,,253,2009-12-31,2010-12-31,0,insufficient_overlap,,False,,archive_adjustment_unverified,legacy_symbol_unattributed
2010,2010-12-31,LEN,0000920760,corroborated_candidate,253,253,2009-12-31,2010-12-31,253,2009-12-31,2010-12-31,252,consistent_overlap,1.2176083835688808e-05,False,yahoo,complete,legacy_symbol_unattributed
2010,2010-12-31,LH,0000920148,corroborated_candidate,253,253,2009-12-31,2010-12-31,253,2009-12-31,2010-12-31,252,consistent_overlap,2.1802786124525143e-06,False,yahoo,complete,legacy_symbol_unattributed
2010,2010-12-31,LIFE,0001073431,confirmed_by_multiple_evidence,253,0,,,0,,,0,insufficient_overlap,,False,,incomplete_prices,legacy_symbol_unattributed
2010,2010-12-31,LLL,,,253,0,,,0,,,0,insufficient_overlap,,False,,identity_unresolved,legacy_symbol_unattributed
2010,2010-12-31,LLTC,0000791907,corroborated_candidate,253,0,,,253,2009-12-31,2010-12-31,0,insufficient_overlap,,False,,archive_adjustment_unverified,legacy_symbol_unattributed
2010,2010-12-31,LLY,0000059478,corroborated_candidate,253,253,2009-12-31,2010-12-31,253,2009-12-31,2010-12-31,252,consistent_overlap,3.554766702006386e-06,False,yahoo,complete,legacy_symbol_unattributed
2010,2010-12-31,LM,0000704051,confirmed_by_multiple_evidence,253,0,,,253,2009-12-31,2010-12-31,0,insufficient_overlap,,False,,archive_adjustment_unverified,legacy_symbol_unattributed
2010,2010-12-31,LMT,0000936468,confirmed_by_multiple_evidence,253,253,2009-12-31,2010-12-31,253,2009-12-31,2010-12-31,252,consistent_overlap,2.044765392739123e-06,False,yahoo,complete,legacy_symbol_unattributed
2010,2010-12-31,LNC,0000059558,corroborated_candidate,253,253,2009-12-31,2010-12-31,253,2009-12-31,2010-12-31,252,consistent_overlap,5.02782320279449e-06,False,yahoo,complete,legacy_symbol_unattributed
2010,2010-12-31,LO,0001424847,corroborated_candidate,253,0,,,253,2009-12-31,2010-12-31,0,insufficient_overlap,,False,,archive_adjustment_unverified,legacy_symbol_unattributed
2010,2010-12-31,LOW,0000060667,corroborated_candidate,253,253,2009-12-31,2010-12-31,253,2009-12-31,2010-12-31,252,consistent_overlap,5.008449600453215e-06,False,yahoo,complete,legacy_symbol_unattributed
2010,2010-12-31,LSI,0000703360,corroborated_candidate,253,0,,,253,2009-12-31,2010-12-31,0,insufficient_overlap,,False,,archive_adjustment_unverified,legacy_symbol_unattributed
2010,2010-12-31,LUV,0000092380,corroborated_candidate,253,253,2009-12-31,2010-12-31,253,2009-12-31,2010-12-31,252,consistent_overlap,8.50121638398594e-06,False,yahoo,complete,legacy_symbol_unattributed
2010,2010-12-31,LXK,0001001288,corroborated_candidate,253,0,,,253,2009-12-31,2010-12-31,0,insufficient_overlap,,False,,archive_adjustment_unverified,legacy_symbol_unattributed
2010,2010-12-31,M,0000794367,confirmed_by_multiple_evidence,253,253,2009-12-31,2010-12-31,253,2009-12-31,2010-12-31,252,consistent_overlap,0.00011544017392895234,False,yahoo,complete,legacy_symbol_unattributed
2010,2010-12-31,MA,0001141391,confirmed_by_multiple_evidence,253,253,2009-12-31,2010-12-31,253,2009-12-31,2010-12-31,252,consistent_overlap,4.680775706850104e-06,False,yahoo,complete,legacy_symbol_unattributed
2010,2010-12-31,MAR,0001048286,confirmed_by_multiple_evidence,253,253,2009-12-31,2010-12-31,253,2009-12-31,2010-12-31,252,consistent_overlap,0.0011785953375459063,False,yahoo,complete,legacy_symbol_unattributed
2010,2010-12-31,MAS,0000062996,corroborated_candidate,253,253,2009-12-31,2010-12-31,253,2009-12-31,2010-12-31,252,consistent_overlap,0.004879512019354286,False,yahoo,complete,legacy_symbol_unattributed
2010,2010-12-31,MAT,0000063276,confirmed_by_multiple_evidence,253,253,2009-12-31,2010-12-31,253,2009-12-31,2010-12-31,252,consistent_overlap,0.00021585894211021195,False,yahoo,complete,legacy_symbol_unattributed
2010,2010-12-31,MCD,0000063908,confirmed_by_multiple_evidence,253,253,2009-12-31,2010-12-31,253,2009-12-31,2010-12-31,252,consistent_overlap,7.380210666754319e-05,False,yahoo,complete,legacy_symbol_unattributed
2010,2010-12-31,MCHP,0000827054,corroborated_candidate,253,253,2009-12-31,2010-12-31,253,2009-12-31,2010-12-31,252,consistent_overlap,0.00017377031646777179,False,yahoo,complete,legacy_symbol_unattributed
2010,2010-12-31,MCK,0000927653,corroborated_candidate,253,253,2009-12-31,2010-12-31,253,2009-12-31,2010-12-31,252,consistent_overlap,1.6861203769658052e-06,False,yahoo,complete,legacy_symbol_unattributed
2010,2010-12-31,MCO,0001059556,confirmed_by_multiple_evidence,253,253,2009-12-31,2010-12-31,253,2009-12-31,2010-12-31,252,consistent_overlap,4.013761397019257e-06,False,yahoo,complete,legacy_symbol_unattributed
2010,2010-12-31,MDLZ,,,253,253,2009-12-31,2010-12-31,253,2009-12-31,2010-12-31,252,consistent_overlap,0.003164659344002878,False,,identity_unresolved,legacy_symbol_unattributed
2010,2010-12-31,MDP,,,253,0,,,253,2009-12-31,2010-12-31,0,insufficient_overlap,,False,,identity_unresolved,legacy_symbol_unattributed
2010,2010-12-31,MDT,0001613103,corroborated_candidate,253,253,2009-12-31,2010-12-31,253,2009-12-31,2010-12-31,252,consistent_overlap,3.2809846367665163e-06,False,yahoo,complete,legacy_symbol_unattributed
2010,2010-12-31,MEE,0000037748,corroborated_candidate,253,0,,,253,2009-12-31,2010-12-31,0,insufficient_overlap,,False,,archive_adjustment_unverified,legacy_symbol_unattributed
2010,2010-12-31,MET,0001099219,corroborated_candidate,253,253,2009-12-31,2010-12-31,253,2009-12-31,2010-12-31,252,consistent_overlap,3.495842551222431e-05,False,yahoo,complete,legacy_symbol_unattributed
2010,2010-12-31,MFE,0000890801,corroborated_candidate,253,0,,,253,2009-12-31,2010-12-31,0,insufficient_overlap,,False,,archive_adjustment_unverified,legacy_symbol_unattributed
2010,2010-12-31,MHS,0001170650,corroborated_candidate,253,0,,,253,2009-12-31,2010-12-31,0,insufficient_overlap,,False,,archive_adjustment_unverified,legacy_symbol_unattributed
2010,2010-12-31,MI,0001399315,corroborated_candidate,253,0,,,0,,,0,insufficient_overlap,,False,,incomplete_prices,legacy_symbol_unattributed
2010,2010-12-31,MJN,0001452575,corroborated_candidate,253,0,,,253,2009-12-31,2010-12-31,0,insufficient_overlap,,False,,archive_adjustment_unverified,legacy_symbol_unattributed
2010,2010-12-31,MKC,0000063754,corroborated_candidate,253,253,2009-12-31,2010-12-31,253,2009-12-31,2010-12-31,252,consistent_overlap,5.7923136867077395e-06,False,yahoo,complete,legacy_symbol_unattributed
2010,2010-12-31,MMC,0000062709,confirmed_by_multiple_evidence,253,253,2009-12-31,2010-12-31,253,2009-12-31,2010-12-31,252,consistent_overlap,5.252428762916318e-06,False,yahoo,complete,legacy_symbol_unattributed
2010,2010-12-31,MMM,0000066740,corroborated_candidate,253,253,2009-12-31,2010-12-31,253,2009-12-31,2010-12-31,252,consistent_overlap,3.0890497849656033e-06,False,yahoo,complete,legacy_symbol_unattributed
2010,2010-12-31,MO,0000764180,confirmed_by_multiple_evidence,253,253,2009-12-31,2010-12-31,253,2009-12-31,2010-12-31,252,consistent_overlap,0.00024701842062933025,False,yahoo,complete,legacy_symbol_unattributed
2010,2010-12-31,MOLX,0000067472,corroborated_candidate,253,0,,,253,2009-12-31,2010-12-31,0,insufficient_overlap,,False,,archive_adjustment_unverified,legacy_symbol_unattributed
2010,2010-12-31,MON,0001110783,corroborated_candidate,253,0,,,0,,,0,insufficient_overlap,,False,,incomplete_prices,legacy_symbol_unattributed
2010,2010-12-31,MRK,0000310158,confirmed_by_multiple_evidence,253,253,2009-12-31,2010-12-31,253,2009-12-31,2010-12-31,252,consistent_overlap,5.797246116047151e-06,False,yahoo,complete,legacy_symbol_unattributed
2010,2010-12-31,MRO,0000101778,corroborated_candidate,253,0,,,253,2009-12-31,2010-12-31,0,insufficient_overlap,,False,,archive_adjustment_unverified,legacy_symbol_unattributed
2010,2010-12-31,MS,0000895421,confirmed_by_multiple_evidence,253,253,2009-12-31,2010-12-31,253,2009-12-31,2010-12-31,252,consistent_overlap,4.855624364724643e-06,False,yahoo,complete,legacy_symbol_unattributed
2010,2010-12-31,MSFT,0000789019,confirmed_by_multiple_evidence,253,253,2009-12-31,2010-12-31,253,2009-12-31,2010-12-31,252,consistent_overlap,4.416883411179074e-06,False,yahoo,complete,legacy_symbol_unattributed
2010,2010-12-31,MSI,0000068505,corroborated_candidate,253,253,2009-12-31,2010-12-31,253,2009-12-31,2010-12-31,252,consistent_overlap,4.923976713522294e-06,False,yahoo,complete,legacy_symbol_unattributed
2010,2010-12-31,MTB,0000036270,confirmed_by_multiple_evidence,253,253,2009-12-31,2010-12-31,253,2009-12-31,2010-12-31,252,consistent_overlap,1.911679666528611e-06,False,yahoo,complete,legacy_symbol_unattributed
2010,2010-12-31,MU,0000723125,corroborated_candidate,253,253,2009-12-31,2010-12-31,253,2009-12-31,2010-12-31,252,consistent_overlap,0.0006210342089864229,False,yahoo,complete,legacy_symbol_unattributed
2010,2010-12-31,MUR,0000717423,confirmed_by_multiple_evidence,253,253,2009-12-31,2010-12-31,253,2009-12-31,2010-12-31,252,consistent_overlap,0.004279355876743966,False,yahoo,complete,legacy_symbol_unattributed
2010,2010-12-31,MWV,0001159297,confirmed_by_multiple_evidence,253,0,,,253,2009-12-31,2010-12-31,0,insufficient_overlap,,False,,archive_adjustment_unverified,legacy_symbol_unattributed
2010,2010-12-31,MWW,0001020416,corroborated_candidate,253,0,,,253,2009-12-31,2010-12-31,0,insufficient_overlap,,False,,archive_adjustment_unverified,legacy_symbol_unattributed
2010,2010-12-31,MYL,0001623613,corroborated_candidate,253,0,,,253,2009-12-31,2010-12-31,0,insufficient_overlap,,False,,archive_adjustment_unverified,legacy_symbol_unattributed
2010,2010-12-31,NBL,0000072207,corroborated_candidate,253,0,,,253,2009-12-31,2010-12-31,0,insufficient_overlap,,False,,archive_adjustment_unverified,legacy_symbol_unattributed
2010,2010-12-31,NBR,0001163739,corroborated_candidate,253,253,2009-12-31,2010-12-31,253,2009-12-31,2010-12-31,252,consistent_overlap,4.64096876384712e-07,False,yahoo,complete,legacy_symbol_unattributed
2010,2010-12-31,NDAQ,0001120193,confirmed_by_multiple_evidence,253,253,2009-12-31,2010-12-31,253,2009-12-31,2010-12-31,252,consistent_overlap,0.00026378401425390945,False,yahoo,complete,legacy_symbol_unattributed
2010,2010-12-31,NEE,0000753308,corroborated_candidate,253,253,2009-12-31,2010-12-31,253,2009-12-31,2010-12-31,252,consistent_overlap,1.1874901917301462e-05,False,yahoo,complete,legacy_symbol_unattributed
2010,2010-12-31,NEM,0001164727,corroborated_candidate,253,253,2009-12-31,2010-12-31,253,2009-12-31,2010-12-31,252,consistent_overlap,2.3934927997149033e-06,False,yahoo,complete,legacy_symbol_unattributed
2010,2010-12-31,NFLX,0001065280,corroborated_candidate,253,253,2009-12-31,2010-12-31,253,2009-12-31,2010-12-31,252,consistent_overlap,5.3248424970508974e-05,False,yahoo,complete,legacy_symbol_unattributed
2010,2010-12-31,NFX,0000912750,corroborated_candidate,253,0,,,253,2009-12-31,2010-12-31,0,insufficient_overlap,,False,,archive_adjustment_unverified,legacy_symbol_unattributed
2010,2010-12-31,NI,0001111711,corroborated_candidate,253,253,2009-12-31,2010-12-31,253,2009-12-31,2010-12-31,252,consistent_overlap,3.197863887980492e-05,False,yahoo,complete,legacy_symbol_unattributed
2010,2010-12-31,NKE,0000320187,confirmed_by_multiple_evidence,253,253,2009-12-31,2010-12-31,253,2009-12-31,2010-12-31,252,consistent_overlap,5.82072041509063e-06,False,yahoo,complete,legacy_symbol_unattributed
2010,2010-12-31,NOC,0001133421,corroborated_candidate,253,253,2009-12-31,2010-12-31,253,2009-12-31,2010-12-31,252,consistent_overlap,2.9934407807452604e-06,False,yahoo,complete,legacy_symbol_unattributed
2010,2010-12-31,NOV,0001021860,confirmed_by_multiple_evidence,253,253,2009-12-31,2010-12-31,253,2009-12-31,2010-12-31,252,consistent_overlap,2.9182348952017128e-06,False,yahoo,complete,legacy_symbol_unattributed
2010,2010-12-31,NOVL,0000758004,confirmed_by_multiple_evidence,253,0,,,253,2009-12-31,2010-12-31,0,insufficient_overlap,,False,,archive_adjustment_unverified,legacy_symbol_unattributed
2010,2010-12-31,NRG,0001013871,corroborated_candidate,253,253,2009-12-31,2010-12-31,253,2009-12-31,2010-12-31,252,consistent_overlap,6.041392871793951e-06,False,yahoo,complete,legacy_symbol_unattributed
2010,2010-12-31,NSC,0000702165,corroborated_candidate,253,253,2009-12-31,2010-12-31,253,2009-12-31,2010-12-31,252,consistent_overlap,2.488179886417364e-06,False,yahoo,complete,legacy_symbol_unattributed
2010,2010-12-31,NSM,0000070530,corroborated_candidate,253,0,,,0,,,0,insufficient_overlap,,False,,incomplete_prices,legacy_symbol_unattributed
2010,2010-12-31,NTAP,0001002047,confirmed_by_multiple_evidence,253,253,2009-12-31,2010-12-31,253,2009-12-31,2010-12-31,252,consistent_overlap,7.408045493669913e-05,False,yahoo,complete,legacy_symbol_unattributed
2010,2010-12-31,NTRS,0000073124,confirmed_by_multiple_evidence,253,253,2009-12-31,2010-12-31,253,2009-12-31,2010-12-31,252,consistent_overlap,0.00010184956724140881,False,yahoo,complete,legacy_symbol_unattributed
2010,2010-12-31,NUE,0000073309,confirmed_by_multiple_evidence,253,253,2009-12-31,2010-12-31,253,2009-12-31,2010-12-31,252,consistent_overlap,3.6264265544960785e-06,False,yahoo,complete,legacy_symbol_unattributed
2010,2010-12-31,NVDA,0001045810,corroborated_candidate,253,253,2009-12-31,2010-12-31,253,2009-12-31,2010-12-31,252,consistent_overlap,0.000659477441477604,False,yahoo,complete,legacy_symbol_unattributed
2010,2010-12-31,NVLS,0000836106,confirmed_by_multiple_evidence,253,0,,,253,2009-12-31,2010-12-31,0,insufficient_overlap,,False,,archive_adjustment_unverified,legacy_symbol_unattributed
2010,2010-12-31,NWL,0000814453,confirmed_by_multiple_evidence,253,253,2009-12-31,2010-12-31,253,2009-12-31,2010-12-31,252,consistent_overlap,8.561273918477054e-06,False,yahoo,complete,legacy_symbol_unattributed
2010,2010-12-31,NYX,0001368007,corroborated_candidate,253,0,,,253,2009-12-31,2010-12-31,0,insufficient_overlap,,False,,archive_adjustment_unverified,legacy_symbol_unattributed
2010,2010-12-31,OI,0000812074,corroborated_candidate,253,253,2009-12-31,2010-12-31,253,2009-12-31,2010-12-31,252,consistent_overlap,3.157892159419973e-06,False,yahoo,complete,legacy_symbol_unattributed
2010,2010-12-31,OKE,0001039684,corroborated_candidate,253,253,2009-12-31,2010-12-31,253,2009-12-31,2010-12-31,252,divergent_overlap,0.009335660407998152,False,yahoo,complete,legacy_symbol_unattributed
2010,2010-12-31,OMC,0000029989,corroborated_candidate,253,253,2009-12-31,2010-12-31,253,2009-12-31,2010-12-31,252,consistent_overlap,3.7614082426040697e-06,False,yahoo,complete,legacy_symbol_unattributed
2010,2010-12-31,ORCL,0001341439,confirmed_by_multiple_evidence,253,253,2009-12-31,2010-12-31,253,2009-12-31,2010-12-31,252,consistent_overlap,0.00023390221793287536,False,yahoo,complete,legacy_symbol_unattributed
2010,2010-12-31,ORLY,0000898173,corroborated_candidate,253,253,2009-12-31,2010-12-31,253,2009-12-31,2010-12-31,252,consistent_overlap,2.7340625817107174e-07,False,yahoo,complete,legacy_symbol_unattributed
2010,2010-12-31,OXY,0000797468,corroborated_candidate,253,253,2009-12-31,2010-12-31,253,2009-12-31,2010-12-31,252,consistent_overlap,1.7144567845550632e-06,False,yahoo,complete,legacy_symbol_unattributed
2010,2010-12-31,PAYX,0000723531,corroborated_candidate,253,253,2009-12-31,2010-12-31,253,2009-12-31,2010-12-31,252,consistent_overlap,0.000162861185510963,False,yahoo,complete,legacy_symbol_unattributed
2010,2010-12-31,PBCT,0001378946,confirmed_by_multiple_evidence,253,0,,,253,2009-12-31,2010-12-31,0,insufficient_overlap,,False,,archive_adjustment_unverified,legacy_symbol_unattributed
2010,2010-12-31,PBI,0000078814,corroborated_candidate,253,253,2009-12-31,2010-12-31,253,2009-12-31,2010-12-31,252,consistent_overlap,8.8055174643098e-06,False,yahoo,complete,legacy_symbol_unattributed
2010,2010-12-31,PCAR,0000075362,confirmed_by_multiple_evidence,253,253,2009-12-31,2010-12-31,253,2009-12-31,2010-12-31,252,consistent_overlap,0.00011913945161312392,False,yahoo,complete,legacy_symbol_unattributed
2010,2010-12-31,PCG,0001004980,corroborated_candidate,253,253,2009-12-31,2010-12-31,253,2009-12-31,2010-12-31,252,consistent_overlap,2.571074496702242e-06,False,yahoo,complete,legacy_symbol_unattributed
2010,2010-12-31,PCL,0000849213,corroborated_candidate,253,0,,,253,2009-12-31,2010-12-31,0,insufficient_overlap,,False,,archive_adjustment_unverified,legacy_symbol_unattributed
2010,2010-12-31,PCP,0000079958,confirmed_by_multiple_evidence,253,0,,,253,2009-12-31,2010-12-31,0,insufficient_overlap,,False,,archive_adjustment_unverified,legacy_symbol_unattributed
2010,2010-12-31,PDCO,0000891024,confirmed_by_multiple_evidence,253,0,,,253,2009-12-31,2010-12-31,0,insufficient_overlap,,False,,archive_adjustment_unverified,legacy_symbol_unattributed
2010,2010-12-31,PEG,0000788784,confirmed_by_multiple_evidence,253,253,2009-12-31,2010-12-31,253,2009-12-31,2010-12-31,252,consistent_overlap,5.224577830134081e-06,False,yahoo,complete,legacy_symbol_unattributed
2010,2010-12-31,PEP,0000077476,confirmed_by_multiple_evidence,253,253,2009-12-31,2010-12-31,253,2009-12-31,2010-12-31,252,consistent_overlap,2.507416211028348e-06,False,yahoo,complete,legacy_symbol_unattributed
2010,2010-12-31,PFE,0000078003,confirmed_by_multiple_evidence,253,253,2009-12-31,2010-12-31,253,2009-12-31,2010-12-31,252,consistent_overlap,0.00046560990834656856,False,yahoo,complete,legacy_symbol_unattributed
2010,2010-12-31,PFG,0001126328,corroborated_candidate,253,253,2009-12-31,2010-12-31,253,2009-12-31,2010-12-31,252,consistent_overlap,5.734119947414798e-06,False,yahoo,complete,legacy_symbol_unattributed
2010,2010-12-31,PG,0000080424,confirmed_by_multiple_evidence,253,253,2009-12-31,2010-12-31,253,2009-12-31,2010-12-31,252,consistent_overlap,2.2605857214164092e-06,False,yahoo,complete,legacy_symbol_unattributed
2010,2010-12-31,PGN,0001094093,corroborated_candidate,253,0,,,0,,,0,insufficient_overlap,,False,,incomplete_prices,legacy_symbol_unattributed
2010,2010-12-31,PGR,0000080661,confirmed_by_multiple_evidence,253,253,2009-12-31,2010-12-31,253,2009-12-31,2010-12-31,252,consistent_overlap,7.967128072677855e-06,False,yahoo,complete,legacy_symbol_unattributed
2010,2010-12-31,PH,0000076334,confirmed_by_multiple_evidence,253,253,2009-12-31,2010-12-31,253,2009-12-31,2010-12-31,252,consistent_overlap,1.8237574959023564e-06,False,yahoo,complete,legacy_symbol_unattributed
2010,2010-12-31,PHM,0000822416,corroborated_candidate,253,253,2009-12-31,2010-12-31,253,2009-12-31,2010-12-31,252,consistent_overlap,1.279138224623222e-05,False,yahoo,complete,legacy_symbol_unattributed
2010,2010-12-31,PKI,0000031791,corroborated_candidate,253,0,,,253,2009-12-31,2010-12-31,0,insufficient_overlap,,False,,archive_adjustment_unverified,legacy_symbol_unattributed
2010,2010-12-31,PLD,0001045609,confirmed_by_multiple_evidence,253,253,2009-12-31,2010-12-31,253,2009-12-31,2010-12-31,252,consistent_overlap,6.1584051564578305e-06,False,yahoo,complete,legacy_symbol_unattributed
2010,2010-12-31,PLL,0000075829,corroborated_candidate,253,0,,,0,,,0,insufficient_overlap,,False,,incomplete_prices,legacy_symbol_unattributed
2010,2010-12-31,PM,0001413329,corroborated_candidate,253,253,2009-12-31,2010-12-31,253,2009-12-31,2010-12-31,252,consistent_overlap,3.6680019278967366e-06,False,yahoo,complete,legacy_symbol_unattributed
2010,2010-12-31,PNC,0000713676,confirmed_by_multiple_evidence,253,253,2009-12-31,2010-12-31,253,2009-12-31,2010-12-31,252,consistent_overlap,2.653959239629079e-06,False,yahoo,complete,legacy_symbol_unattributed
2010,2010-12-31,PNW,0000764622,corroborated_candidate,253,253,2009-12-31,2010-12-31,253,2009-12-31,2010-12-31,252,consistent_overlap,4.425999852027965e-06,False,yahoo,complete,legacy_symbol_unattributed
2010,2010-12-31,POM,0001135971,confirmed_by_multiple_evidence,253,0,,,253,2009-12-31,2010-12-31,0,insufficient_overlap,,False,,archive_adjustment_unverified,legacy_symbol_unattributed
2010,2010-12-31,PPG,0000079879,confirmed_by_multiple_evidence,253,253,2009-12-31,2010-12-31,253,2009-12-31,2010-12-31,252,consistent_overlap,3.454664369263451e-06,False,yahoo,complete,legacy_symbol_unattributed
2010,2010-12-31,PPL,0000922224,corroborated_candidate,253,253,2009-12-31,2010-12-31,253,2009-12-31,2010-12-31,252,consistent_overlap,4.7831390977127786e-05,False,yahoo,complete,legacy_symbol_unattributed
2010,2010-12-31,PRU,0001137774,confirmed_by_multiple_evidence,253,253,2009-12-31,2010-12-31,253,2009-12-31,2010-12-31,252,consistent_overlap,2.811020107279516e-06,False,yahoo,complete,legacy_symbol_unattributed
2010,2010-12-31,PSA,0001393311,corroborated_candidate,253,253,2009-12-31,2010-12-31,253,2009-12-31,2010-12-31,252,consistent_overlap,1.755775633363044e-06,False,yahoo,complete,legacy_symbol_unattributed
2010,2010-12-31,PWR,0001050915,confirmed_by_multiple_evidence,253,253,2009-12-31,2010-12-31,253,2009-12-31,2010-12-31,252,consistent_overlap,4.9402758178762605e-06,False,yahoo,complete,legacy_symbol_unattributed
2010,2010-12-31,PX,0000884905,confirmed_by_multiple_evidence,253,0,,,0,,,0,insufficient_overlap,,False,,incomplete_prices,legacy_symbol_unattributed
2010,2010-12-31,PXD,0001038357,confirmed_by_multiple_evidence,253,0,,,253,2009-12-31,2010-12-31,0,insufficient_overlap,,False,,archive_adjustment_unverified,legacy_symbol_unattributed
2010,2010-12-31,Q,0001037949,confirmed_by_multiple_evidence,253,0,,,253,2009-12-31,2010-12-31,0,insufficient_overlap,,False,,archive_adjustment_unverified,legacy_symbol_unattributed
2010,2010-12-31,QCOM,0000804328,corroborated_candidate,253,253,2009-12-31,2010-12-31,253,2009-12-31,2010-12-31,252,consistent_overlap,0.00013482698353974422,False,yahoo,complete,legacy_symbol_unattributed
2010,2010-12-31,QEP,0001108827,corroborated_candidate,253,0,,,139,2010-06-16,2010-12-31,0,insufficient_overlap,,False,,incomplete_prices,legacy_symbol_unattributed
2010,2010-12-31,QLGC,0000918386,corroborated_candidate,253,0,,,253,2009-12-31,2010-12-31,0,insufficient_overlap,,False,,archive_adjustment_unverified,legacy_symbol_unattributed
2010,2010-12-31,R,0000085961,corroborated_candidate,253,253,2009-12-31,2010-12-31,253,2009-12-31,2010-12-31,252,consistent_overlap,3.465627319997333e-06,False,yahoo,complete,legacy_symbol_unattributed
2010,2010-12-31,RAI,0001275283,corroborated_candidate,253,0,,,253,2009-12-31,2010-12-31,0,insufficient_overlap,,False,,archive_adjustment_unverified,legacy_symbol_unattributed
2010,2010-12-31,RDC,,,253,0,,,253,2009-12-31,2010-12-31,0,insufficient_overlap,,False,,identity_unresolved,legacy_symbol_unattributed
2010,2010-12-31,RF,0001281761,confirmed_by_multiple_evidence,253,253,2009-12-31,2010-12-31,253,2009-12-31,2010-12-31,252,consistent_overlap,0.0007304909494327207,False,yahoo,complete,legacy_symbol_unattributed
2010,2010-12-31,RHI,0000315213,confirmed_by_multiple_evidence,253,253,2009-12-31,2010-12-31,253,2009-12-31,2010-12-31,252,consistent_overlap,4.3553784614513995e-06,False,yahoo,complete,legacy_symbol_unattributed
2010,2010-12-31,RHT,0001087423,confirmed_by_multiple_evidence,253,0,,,253,2009-12-31,2010-12-31,0,insufficient_overlap,,False,,archive_adjustment_unverified,legacy_symbol_unattributed
2010,2010-12-31,RL,0001037038,corroborated_candidate,253,253,2009-12-31,2010-12-31,253,2009-12-31,2010-12-31,252,consistent_overlap,1.3418173577772755e-06,False,yahoo,complete,legacy_symbol_unattributed
2010,2010-12-31,ROK,0001024478,corroborated_candidate,253,253,2009-12-31,2010-12-31,253,2009-12-31,2010-12-31,252,consistent_overlap,2.572430573412059e-06,False,yahoo,complete,legacy_symbol_unattributed
2010,2010-12-31,ROP,0000882835,corroborated_candidate,253,253,2009-12-31,2010-12-31,253,2009-12-31,2010-12-31,252,consistent_overlap,1.818855718936919e-06,False,yahoo,complete,legacy_symbol_unattributed
2010,2010-12-31,ROST,0000745732,corroborated_candidate,253,253,2009-12-31,2010-12-31,253,2009-12-31,2010-12-31,252,consistent_overlap,9.99387589314238e-05,False,yahoo,complete,legacy_symbol_unattributed
2010,2010-12-31,RRC,0000315852,confirmed_by_multiple_evidence,253,253,2009-12-31,2010-12-31,253,2009-12-31,2010-12-31,252,consistent_overlap,2.8237959154786554e-06,False,yahoo,complete,legacy_symbol_unattributed
2010,2010-12-31,RRD,0000029669,confirmed_by_multiple_evidence,253,0,,,253,2009-12-31,2010-12-31,0,insufficient_overlap,,False,,archive_adjustment_unverified,legacy_symbol_unattributed
2010,2010-12-31,RSG,0001060391,corroborated_candidate,253,253,2009-12-31,2010-12-31,253,2009-12-31,2010-12-31,252,consistent_overlap,4.307714003340957e-06,False,yahoo,complete,legacy_symbol_unattributed
2010,2010-12-31,RSHCQ,,,253,0,,,0,,,0,insufficient_overlap,,False,,identity_unresolved,legacy_symbol_unattributed
2010,2010-12-31,RTN,0001047122,confirmed_by_multiple_evidence,253,0,,,253,2009-12-31,2010-12-31,0,insufficient_overlap,,False,,archive_adjustment_unverified,legacy_symbol_unattributed
2010,2010-12-31,S,0000101830,confirmed_by_multiple_evidence,253,0,,,0,,,0,insufficient_overlap,,False,,incomplete_prices,legacy_symbol_unattributed
2010,2010-12-31,SBUX,0000829224,corroborated_candidate,253,253,2009-12-31,2010-12-31,253,2009-12-31,2010-12-31,252,consistent_overlap,0.0024268036065516327,False,yahoo,complete,legacy_symbol_unattributed
2010,2010-12-31,SCG,0000754737,corroborated_candidate,253,0,,,253,2009-12-31,2010-12-31,0,insufficient_overlap,,False,,archive_adjustment_unverified,legacy_symbol_unattributed
2010,2010-12-31,SCHW,0000316709,confirmed_by_multiple_evidence,253,253,2009-12-31,2010-12-31,253,2009-12-31,2010-12-31,252,consistent_overlap,0.00016685901915992516,False,yahoo,complete,legacy_symbol_unattributed
2010,2010-12-31,SE,0001373835,confirmed_by_multiple_evidence,253,0,,,0,,,0,insufficient_overlap,,False,,incomplete_prices,legacy_symbol_unattributed
2010,2010-12-31,SEE,0001012100,confirmed_by_multiple_evidence,253,0,,,253,2009-12-31,2010-12-31,0,insufficient_overlap,,False,,archive_adjustment_unverified,legacy_symbol_unattributed
2010,2010-12-31,SHLD,0001310067,confirmed_by_multiple_evidence,253,0,,,0,,,0,insufficient_overlap,,False,,incomplete_prices,legacy_symbol_unattributed
2010,2010-12-31,SHW,0000089800,corroborated_candidate,253,253,2009-12-31,2010-12-31,253,2009-12-31,2010-12-31,252,consistent_overlap,4.882647569127708e-06,False,yahoo,complete,legacy_symbol_unattributed
2010,2010-12-31,SIAL,0000090185,corroborated_candidate,253,0,,,253,2009-12-31,2010-12-31,0,insufficient_overlap,,False,,archive_adjustment_unverified,legacy_symbol_unattributed
2010,2010-12-31,SJM,0000091419,corroborated_candidate,253,253,2009-12-31,2010-12-31,253,2009-12-31,2010-12-31,252,consistent_overlap,2.3256610561483987e-06,False,yahoo,complete,legacy_symbol_unattributed
2010,2010-12-31,SLB,0000087347,confirmed_by_multiple_evidence,253,253,2009-12-31,2010-12-31,253,2009-12-31,2010-12-31,252,consistent_overlap,2.3301372279527244e-06,False,yahoo,complete,legacy_symbol_unattributed
2010,2010-12-31,SLM,0001032033,corroborated_candidate,253,253,2009-12-31,2010-12-31,253,2009-12-31,2010-12-31,252,consistent_overlap,2.6052439804515886e-05,False,yahoo,complete,legacy_symbol_unattributed
2010,2010-12-31,SNA,0000091440,confirmed_by_multiple_evidence,253,253,2009-12-31,2010-12-31,253,2009-12-31,2010-12-31,252,consistent_overlap,2.948744297235351e-06,False,yahoo,complete,legacy_symbol_unattributed
2010,2010-12-31,SNDK,0001000180,corroborated_candidate,253,0,,,0,,,0,insufficient_overlap,,False,,incomplete_prices,legacy_symbol_unattributed
2010,2010-12-31,SNI,0001430602,corroborated_candidate,253,0,,,253,2009-12-31,2010-12-31,0,insufficient_overlap,,False,,archive_adjustment_unverified,legacy_symbol_unattributed
2010,2010-12-31,SO,0000092122,corroborated_candidate,253,253,2009-12-31,2010-12-31,253,2009-12-31,2010-12-31,252,consistent_overlap,4.477439251429072e-06,False,yahoo,complete,legacy_symbol_unattributed
2010,2010-12-31,SPG,0001063761,corroborated_candidate,253,253,2009-12-31,2010-12-31,253,2009-12-31,2010-12-31,252,consistent_overlap,2.961900443053671e-06,False,yahoo,complete,legacy_symbol_unattributed
2010,2010-12-31,SPGI,0000064040,corroborated_candidate,253,253,2009-12-31,2010-12-31,253,2009-12-31,2010-12-31,252,consistent_overlap,3.98918515658542e-06,False,yahoo,complete,legacy_symbol_unattributed
2010,2010-12-31,SPLS,0000791519,corroborated_candidate,253,0,,,253,2009-12-31,2010-12-31,0,insufficient_overlap,,False,,archive_adjustment_unverified,legacy_symbol_unattributed
2010,2010-12-31,SRCL,0000861878,confirmed_by_multiple_evidence,253,0,,,253,2009-12-31,2010-12-31,0,insufficient_overlap,,False,,archive_adjustment_unverified,legacy_symbol_unattributed
2010,2010-12-31,SRE,,,253,253,2009-12-31,2010-12-31,253,2009-12-31,2010-12-31,252,consistent_overlap,5.019213186204354e-05,False,,identity_unresolved,legacy_symbol_unattributed
2010,2010-12-31,STI,0000750556,confirmed_by_multiple_evidence,253,0,,,0,,,0,insufficient_overlap,,False,,incomplete_prices,legacy_symbol_unattributed
2010,2010-12-31,STJ,0000203077,corroborated_candidate,253,0,,,253,2009-12-31,2010-12-31,0,insufficient_overlap,,False,,archive_adjustment_unverified,legacy_symbol_unattributed
2010,2010-12-31,STT,0000093751,corroborated_candidate,253,253,2009-12-31,2010-12-31,253,2009-12-31,2010-12-31,252,consistent_overlap,3.544797892668376e-06,False,yahoo,complete,legacy_symbol_unattributed
2010,2010-12-31,STZ,0000016918,corroborated_candidate,253,253,2009-12-31,2010-12-31,253,2009-12-31,2010-12-31,252,consistent_overlap,6.440216075863647e-06,False,yahoo,complete,legacy_symbol_unattributed
2010,2010-12-31,SUN,0000095304,confirmed_by_multiple_evidence,253,0,,,0,,,0,insufficient_overlap,,False,,incomplete_prices,legacy_symbol_unattributed
2010,2010-12-31,SUNEQ,,,253,0,,,0,,,0,insufficient_overlap,,False,,identity_unresolved,legacy_symbol_unattributed
2010,2010-12-31,SVU,0000095521,corroborated_candidate,253,0,,,253,2009-12-31,2010-12-31,0,insufficient_overlap,,False,,archive_adjustment_unverified,legacy_symbol_unattributed
2010,2010-12-31,SWK,0000093556,confirmed_by_multiple_evidence,253,253,2009-12-31,2010-12-31,253,2009-12-31,2010-12-31,252,consistent_overlap,2.1515055834187008e-06,False,yahoo,complete,legacy_symbol_unattributed
2010,2010-12-31,SWN,0000007332,confirmed_by_multiple_evidence,253,0,,,253,2009-12-31,2010-12-31,0,insufficient_overlap,,False,,archive_adjustment_unverified,legacy_symbol_unattributed
2010,2010-12-31,SWY,0000086144,corroborated_candidate,253,0,,,253,2009-12-31,2010-12-31,0,insufficient_overlap,,False,,archive_adjustment_unverified,legacy_symbol_unattributed
2010,2010-12-31,SYK,0000310764,confirmed_by_multiple_evidence,253,253,2009-12-31,2010-12-31,253,2009-12-31,2010-12-31,252,consistent_overlap,2.3838167511835985e-06,False,yahoo,complete,legacy_symbol_unattributed
2010,2010-12-31,SYMC,0000849399,corroborated_candidate,253,0,,,253,2009-12-31,2010-12-31,0,insufficient_overlap,,False,,archive_adjustment_unverified,legacy_symbol_unattributed
2010,2010-12-31,SYY,0000096021,corroborated_candidate,253,253,2009-12-31,2010-12-31,253,2009-12-31,2010-12-31,252,consistent_overlap,4.915214248971678e-06,False,yahoo,complete,legacy_symbol_unattributed
2010,2010-12-31,T,0000732717,corroborated_candidate,253,253,2009-12-31,2010-12-31,253,2009-12-31,2010-12-31,252,consistent_overlap,0.004738587106849494,False,yahoo,complete,legacy_symbol_unattributed
2010,2010-12-31,TAP,0000024545,confirmed_by_multiple_evidence,253,253,2009-12-31,2010-12-31,253,2009-12-31,2010-12-31,252,consistent_overlap,2.945790864803402e-06,False,yahoo,complete,legacy_symbol_unattributed
2010,2010-12-31,TDC,0000816761,confirmed_by_multiple_evidence,253,253,2009-12-31,2010-12-31,253,2009-12-31,2010-12-31,252,consistent_overlap,3.176488432252711e-06,False,yahoo,complete,legacy_symbol_unattributed
2010,2010-12-31,TE,0000350563,confirmed_by_multiple_evidence,253,0,,,0,,,0,insufficient_overlap,,False,,incomplete_prices,legacy_symbol_unattributed
2010,2010-12-31,TEG,0000916863,corroborated_candidate,253,0,,,253,2009-12-31,2010-12-31,0,insufficient_overlap,,False,,archive_adjustment_unverified,legacy_symbol_unattributed
2010,2010-12-31,TER,0000097210,confirmed_by_multiple_evidence,253,253,2009-12-31,2010-12-31,253,2009-12-31,2010-12-31,252,consistent_overlap,9.245578903560592e-06,False,yahoo,complete,legacy_symbol_unattributed
2010,2010-12-31,TGNA,,,253,0,,,253,2009-12-31,2010-12-31,0,insufficient_overlap,,False,,identity_unresolved,legacy_symbol_unattributed
2010,2010-12-31,TGT,0000027419,corroborated_candidate,253,253,2009-12-31,2010-12-31,253,2009-12-31,2010-12-31,252,consistent_overlap,3.2557357507490036e-06,False,yahoo,complete,legacy_symbol_unattributed
2010,2010-12-31,THC,0000070318,corroborated_candidate,253,253,2009-12-31,2010-12-31,253,2009-12-31,2010-12-31,252,consistent_overlap,9.4316852810028e-08,False,yahoo,complete,legacy_symbol_unattributed
2010,2010-12-31,TIE,0001011657,corroborated_candidate,253,0,,,253,2009-12-31,2010-12-31,0,insufficient_overlap,,False,,archive_adjustment_unverified,legacy_symbol_unattributed
2010,2010-12-31,TIF,0000098246,confirmed_by_multiple_evidence,253,0,,,253,2009-12-31,2010-12-31,0,insufficient_overlap,,False,,archive_adjustment_unverified,legacy_symbol_unattributed
2010,2010-12-31,TJX,0000109198,confirmed_by_multiple_evidence,253,253,2009-12-31,2010-12-31,253,2009-12-31,2010-12-31,252,consistent_overlap,9.610863920193064e-06,False,yahoo,complete,legacy_symbol_unattributed
2010,2010-12-31,TLAB,0000317771,confirmed_by_multiple_evidence,253,0,,,253,2009-12-31,2010-12-31,0,insufficient_overlap,,False,,archive_adjustment_unverified,legacy_symbol_unattributed
2010,2010-12-31,TMK,0000320335,confirmed_by_multiple_evidence,253,0,,,253,2009-12-31,2010-12-31,0,insufficient_overlap,,False,,archive_adjustment_unverified,legacy_symbol_unattributed
2010,2010-12-31,TMO,0000097745,corroborated_candidate,253,253,2009-12-31,2010-12-31,253,2009-12-31,2010-12-31,252,consistent_overlap,2.0237946400580857e-06,False,yahoo,complete,legacy_symbol_unattributed
2010,2010-12-31,TMUS,,,253,253,2009-12-31,2010-12-31,253,2009-12-31,2010-12-31,252,consistent_overlap,1.1259215617298591e-05,False,,identity_unresolved,legacy_symbol_unattributed
2010,2010-12-31,TPR,,,253,253,2009-12-31,2010-12-31,253,2009-12-31,2010-12-31,252,consistent_overlap,3.838725870562999e-06,False,,identity_unresolved,legacy_symbol_unattributed
2010,2010-12-31,TROW,,,253,253,2009-12-31,2010-12-31,253,2009-12-31,2010-12-31,252,consistent_overlap,0.00010083473425912317,False,,identity_unresolved,legacy_symbol_unattributed
2010,2010-12-31,TRV,0000086312,corroborated_candidate,253,253,2009-12-31,2010-12-31,253,2009-12-31,2010-12-31,252,consistent_overlap,2.681965990936064e-06,False,yahoo,complete,legacy_symbol_unattributed
2010,2010-12-31,TSN,0000100493,corroborated_candidate,253,253,2009-12-31,2010-12-31,253,2009-12-31,2010-12-31,252,consistent_overlap,6.74254924184381e-06,False,yahoo,complete,legacy_symbol_unattributed
2010,2010-12-31,TSS,0000721683,confirmed_by_multiple_evidence,253,0,,,253,2009-12-31,2010-12-31,0,insufficient_overlap,,False,,archive_adjustment_unverified,legacy_symbol_unattributed
2010,2010-12-31,TWC,0001377013,corroborated_candidate,253,0,,,253,2009-12-31,2010-12-31,0,insufficient_overlap,,False,,archive_adjustment_unverified,legacy_symbol_unattributed
2010,2010-12-31,TWX,0001105705,corroborated_candidate,253,0,,,253,2009-12-31,2010-12-31,0,insufficient_overlap,,False,,archive_adjustment_unverified,legacy_symbol_unattributed
2010,2010-12-31,TXN,0000097476,corroborated_candidate,253,253,2009-12-31,2010-12-31,253,2009-12-31,2010-12-31,252,consistent_overlap,5.330139714581075e-06,False,yahoo,complete,legacy_symbol_unattributed
2010,2010-12-31,TXT,0000217346,corroborated_candidate,253,253,2009-12-31,2010-12-31,253,2009-12-31,2010-12-31,252,consistent_overlap,4.827302578758186e-06,False,yahoo,complete,legacy_symbol_unattributed
2010,2010-12-31,UNH,0000731766,corroborated_candidate,253,253,2009-12-31,2010-12-31,253,2009-12-31,2010-12-31,252,consistent_overlap,3.6596040974945516e-06,False,yahoo,complete,legacy_symbol_unattributed
2010,2010-12-31,UNM,0000005513,confirmed_by_multiple_evidence,253,253,2009-12-31,2010-12-31,253,2009-12-31,2010-12-31,252,consistent_overlap,5.687238308181853e-06,False,yahoo,complete,legacy_symbol_unattributed
2010,2010-12-31,UNP,0000100885,corroborated_candidate,253,253,2009-12-31,2010-12-31,253,2009-12-31,2010-12-31,252,consistent_overlap,3.762131329611009e-06,False,yahoo,complete,legacy_symbol_unattributed
2010,2010-12-31,UPS,0001090727,confirmed_by_multiple_evidence,253,253,2009-12-31,2010-12-31,253,2009-12-31,2010-12-31,252,consistent_overlap,2.405354245242908e-06,False,yahoo,complete,legacy_symbol_unattributed
2010,2010-12-31,URBN,0000912615,confirmed_by_multiple_evidence,253,253,2009-12-31,2010-12-31,253,2009-12-31,2010-12-31,252,consistent_overlap,1.0137450171199272e-07,False,yahoo,complete,legacy_symbol_unattributed
2010,2010-12-31,USB,0000036104,confirmed_by_multiple_evidence,253,253,2009-12-31,2010-12-31,253,2009-12-31,2010-12-31,252,consistent_overlap,5.957099631336285e-06,False,yahoo,complete,legacy_symbol_unattributed
2010,2010-12-31,UTX,0000101829,corroborated_candidate,253,0,,,253,2009-12-31,2010-12-31,0,insufficient_overlap,,False,,archive_adjustment_unverified,legacy_symbol_unattributed
2010,2010-12-31,V,0001403161,corroborated_candidate,253,253,2009-12-31,2010-12-31,253,2009-12-31,2010-12-31,252,consistent_overlap,5.191031480141773e-06,False,yahoo,complete,legacy_symbol_unattributed
2010,2010-12-31,VAR,0000203527,confirmed_by_multiple_evidence,253,0,,,253,2009-12-31,2010-12-31,0,insufficient_overlap,,False,,archive_adjustment_unverified,legacy_symbol_unattributed
2010,2010-12-31,VFC,0000103379,confirmed_by_multiple_evidence,253,253,2009-12-31,2010-12-31,253,2009-12-31,2010-12-31,252,consistent_overlap,7.5021215117310194e-06,False,yahoo,complete,legacy_symbol_unattributed
2010,2010-12-31,VIAB,0001339947,corroborated_candidate,253,0,,,253,2009-12-31,2010-12-31,0,insufficient_overlap,,False,,archive_adjustment_unverified,legacy_symbol_unattributed
2010,2010-12-31,VIAV,,,253,0,,,253,2009-12-31,2010-12-31,0,insufficient_overlap,,False,,identity_unresolved,legacy_symbol_unattributed
2010,2010-12-31,VLO,0001035002,corroborated_candidate,253,253,2009-12-31,2010-12-31,253,2009-12-31,2010-12-31,252,consistent_overlap,0.0024269137819635947,False,yahoo,complete,legacy_symbol_unattributed
2010,2010-12-31,VMC,0001396009,confirmed_by_multiple_evidence,253,253,2009-12-31,2010-12-31,253,2009-12-31,2010-12-31,252,consistent_overlap,2.611685576654478e-06,False,yahoo,complete,legacy_symbol_unattributed
2010,2010-12-31,VNO,0000899689,corroborated_candidate,253,253,2009-12-31,2010-12-31,253,2009-12-31,2010-12-31,252,consistent_overlap,3.4695614153068573e-06,False,yahoo,complete,legacy_symbol_unattributed
2010,2010-12-31,VRSN,0001014473,corroborated_candidate,253,253,2009-12-31,2010-12-31,253,2009-12-31,2010-12-31,252,consistent_overlap,0.00015997192191105739,False,yahoo,complete,legacy_symbol_unattributed
2010,2010-12-31,VTR,0000740260,corroborated_candidate,253,253,2009-12-31,2010-12-31,253,2009-12-31,2010-12-31,252,consistent_overlap,0.00023443012141919703,False,yahoo,complete,legacy_symbol_unattributed
2010,2010-12-31,VZ,0000732712,confirmed_by_multiple_evidence,253,253,2009-12-31,2010-12-31,253,2009-12-31,2010-12-31,252,consistent_overlap,6.302257795184342e-06,False,yahoo,complete,legacy_symbol_unattributed
2010,2010-12-31,WAT,0001000697,corroborated_candidate,253,253,2009-12-31,2010-12-31,253,2009-12-31,2010-12-31,252,consistent_overlap,9.387375831337868e-08,False,yahoo,complete,legacy_symbol_unattributed
2010,2010-12-31,WBA,0001618921,corroborated_candidate,253,0,,,253,2009-12-31,2010-12-31,0,insufficient_overlap,,False,,archive_adjustment_unverified,legacy_symbol_unattributed
2010,2010-12-31,WDC,0000106040,confirmed_by_multiple_evidence,253,253,2009-12-31,2010-12-31,253,2009-12-31,2010-12-31,252,consistent_overlap,7.34047394297388e-06,False,yahoo,complete,legacy_symbol_unattributed
2010,2010-12-31,WEC,0000783325,corroborated_candidate,253,253,2009-12-31,2010-12-31,253,2009-12-31,2010-12-31,252,consistent_overlap,5.933020605705109e-06,False,yahoo,complete,legacy_symbol_unattributed
2010,2010-12-31,WELL,0000766704,corroborated_candidate,253,253,2009-12-31,2010-12-31,253,2009-12-31,2010-12-31,252,consistent_overlap,4.287758234985396e-06,False,yahoo,complete,legacy_symbol_unattributed
2010,2010-12-31,WFC,0000072971,corroborated_candidate,253,253,2009-12-31,2010-12-31,253,2009-12-31,2010-12-31,252,consistent_overlap,5.201384993926972e-06,False,yahoo,complete,legacy_symbol_unattributed
2010,2010-12-31,WFM,,,253,0,,,253,2009-12-31,2010-12-31,0,insufficient_overlap,,False,,identity_unresolved,legacy_symbol_unattributed
2010,2010-12-31,WHR,0000106640,corroborated_candidate,253,253,2009-12-31,2010-12-31,253,2009-12-31,2010-12-31,252,consistent_overlap,1.8283630856430477e-06,False,yahoo,complete,legacy_symbol_unattributed
2010,2010-12-31,WIN,0001282266,corroborated_candidate,253,0,,,253,2009-12-31,2010-12-31,0,insufficient_overlap,,False,,archive_adjustment_unverified,legacy_symbol_unattributed
2010,2010-12-31,WLP,0001156039,reviewed_alias,253,0,,,0,,,0,insufficient_overlap,,False,,incomplete_prices,legacy_symbol_unattributed
2010,2010-12-31,WM,0000823768,confirmed_by_multiple_evidence,253,253,2009-12-31,2010-12-31,253,2009-12-31,2010-12-31,252,consistent_overlap,3.891418433121798e-06,False,yahoo,complete,legacy_symbol_unattributed
2010,2010-12-31,WMB,0000107263,corroborated_candidate,253,253,2009-12-31,2010-12-31,253,2009-12-31,2010-12-31,252,consistent_overlap,1.2940870613655787e-05,False,yahoo,complete,legacy_symbol_unattributed
2010,2010-12-31,WMT,0000104169,corroborated_candidate,253,253,2009-12-31,2010-12-31,253,2009-12-31,2010-12-31,252,consistent_overlap,4.715225158249074e-05,False,yahoo,complete,legacy_symbol_unattributed
2010,2010-12-31,WU,0001365135,corroborated_candidate,253,253,2009-12-31,2010-12-31,253,2009-12-31,2010-12-31,252,consistent_overlap,1.0303278998728962e-05,False,yahoo,complete,legacy_symbol_unattributed
2010,2010-12-31,WY,0000106535,confirmed_by_multiple_evidence,253,253,2009-12-31,2010-12-31,253,2009-12-31,2010-12-31,252,consistent_overlap,0.0013303150259973205,False,yahoo,complete,legacy_symbol_unattributed
2010,2010-12-31,WYND,,,253,0,,,0,,,0,insufficient_overlap,,False,,identity_unresolved,legacy_symbol_unattributed
2010,2010-12-31,WYNN,0001174922,confirmed_by_multiple_evidence,253,253,2009-12-31,2010-12-31,253,2009-12-31,2010-12-31,252,consistent_overlap,5.723453427595284e-05,False,yahoo,complete,legacy_symbol_unattributed
2010,2010-12-31,X,0001163302,confirmed_by_multiple_evidence,253,0,,,253,2009-12-31,2010-12-31,0,insufficient_overlap,,False,,archive_adjustment_unverified,legacy_symbol_unattributed
2010,2010-12-31,XEL,0000072903,corroborated_candidate,253,253,2009-12-31,2010-12-31,253,2009-12-31,2010-12-31,252,consistent_overlap,7.100924551498578e-06,False,yahoo,complete,legacy_symbol_unattributed
2010,2010-12-31,XL,0000875159,corroborated_candidate,253,0,,,0,,,0,insufficient_overlap,,False,,incomplete_prices,legacy_symbol_unattributed
2010,2010-12-31,XLNX,0000743988,corroborated_candidate,253,0,,,253,2009-12-31,2010-12-31,0,insufficient_overlap,,False,,archive_adjustment_unverified,legacy_symbol_unattributed
2010,2010-12-31,XOM,,,253,253,2009-12-31,2010-12-31,253,2009-12-31,2010-12-31,252,consistent_overlap,2.878833194215336e-06,False,,identity_unresolved,legacy_symbol_unattributed
2010,2010-12-31,XRAY,0000818479,confirmed_by_multiple_evidence,253,253,2009-12-31,2010-12-31,253,2009-12-31,2010-12-31,252,consistent_overlap,0.00015414834057815856,False,yahoo,complete,legacy_symbol_unattributed
2010,2010-12-31,XRX,,,253,253,2009-12-31,2010-12-31,253,2009-12-31,2010-12-31,252,consistent_overlap,4.5405426246671934e-05,False,,identity_unresolved,legacy_symbol_unattributed
2010,2010-12-31,YUM,0001041061,corroborated_candidate,253,253,2009-12-31,2010-12-31,253,2009-12-31,2010-12-31,252,divergent_overlap,0.005081589403533385,False,yahoo,complete,legacy_symbol_unattributed
2010,2010-12-31,ZBH,,,253,253,2009-12-31,2010-12-31,253,2009-12-31,2010-12-31,252,consistent_overlap,1.8618187995311786e-06,False,,identity_unresolved,legacy_symbol_unattributed
2010,2010-12-31,ZION,0000109380,confirmed_by_multiple_evidence,253,253,2009-12-31,2010-12-31,253,2009-12-31,2010-12-31,252,consistent_overlap,0.00027317204342562694,False,yahoo,complete,legacy_symbol_unattributed
2010,2010-12-31,SPY,,benchmark,253,253,2009-12-31,2010-12-31,0,,,0,not_applicable,,False,yahoo,complete,benchmark
2011,2011-12-31,A,0001090872,corroborated_candidate,253,253,2010-12-31,2011-12-30,253,2010-12-31,2011-12-30,252,consistent_overlap,5.02112053271442e-06,False,yahoo,complete,legacy_symbol_unattributed
2011,2011-12-31,AABA,,,253,0,,,253,2010-12-31,2011-12-30,0,insufficient_overlap,,False,,identity_unresolved,legacy_symbol_unattributed
2011,2011-12-31,AAPL,0000320193,confirmed_by_multiple_evidence,253,253,2010-12-31,2011-12-30,253,2010-12-31,2011-12-30,252,consistent_overlap,1.0438278913955656e-05,False,yahoo,complete,legacy_symbol_unattributed
2011,2011-12-31,ABC,0001140859,corroborated_candidate,253,0,,,253,2010-12-31,2011-12-30,0,insufficient_overlap,,False,,archive_adjustment_unverified,legacy_symbol_unattributed
2011,2011-12-31,ABT,0000001800,corroborated_candidate,253,253,2010-12-31,2011-12-30,253,2010-12-31,2011-12-30,252,consistent_overlap,5.051021954550765e-06,False,yahoo,complete,legacy_symbol_unattributed
2011,2011-12-31,ACN,0001467373,confirmed_by_multiple_evidence,253,253,2010-12-31,2011-12-30,253,2010-12-31,2011-12-30,252,consistent_overlap,2.195825445009403e-06,False,yahoo,complete,legacy_symbol_unattributed
2011,2011-12-31,ADBE,0000796343,corroborated_candidate,253,253,2010-12-31,2011-12-30,253,2010-12-31,2011-12-30,252,consistent_overlap,0.00020771943291845508,False,yahoo,complete,legacy_symbol_unattributed
2011,2011-12-31,ADI,0000006281,corroborated_candidate,253,253,2010-12-31,2011-12-30,253,2010-12-31,2011-12-30,252,consistent_overlap,3.69526983973967e-06,False,yahoo,complete,legacy_symbol_unattributed
2011,2011-12-31,ADM,0000007084,corroborated_candidate,253,253,2010-12-31,2011-12-30,253,2010-12-31,2011-12-30,252,consistent_overlap,4.23462295363275e-06,False,yahoo,complete,legacy_symbol_unattributed
2011,2011-12-31,ADP,0000008670,corroborated_candidate,253,253,2010-12-31,2011-12-30,253,2010-12-31,2011-12-30,252,consistent_overlap,3.888707476612519e-06,False,yahoo,complete,legacy_symbol_unattributed
2011,2011-12-31,ADSK,0000769397,confirmed_by_multiple_evidence,253,253,2010-12-31,2011-12-30,253,2010-12-31,2011-12-30,252,consistent_overlap,0.00013945299067041008,False,yahoo,complete,legacy_symbol_unattributed
2011,2011-12-31,AEE,0001002910,confirmed_by_multiple_evidence,253,253,2010-12-31,2011-12-30,253,2010-12-31,2011-12-30,252,consistent_overlap,5.299355591781296e-06,False,yahoo,complete,legacy_symbol_unattributed
2011,2011-12-31,AEP,0000004904,corroborated_candidate,253,253,2010-12-31,2011-12-30,253,2010-12-31,2011-12-30,252,consistent_overlap,3.905038612628254e-06,False,yahoo,complete,legacy_symbol_unattributed
2011,2011-12-31,AES,0000874761,confirmed_by_multiple_evidence,253,253,2010-12-31,2011-12-30,253,2010-12-31,2011-12-30,252,consistent_overlap,1.1987076882276074e-05,False,yahoo,complete,legacy_symbol_unattributed
2011,2011-12-31,AET,0001122304,corroborated_candidate,253,0,,,253,2010-12-31,2011-12-30,0,insufficient_overlap,,False,,archive_adjustment_unverified,legacy_symbol_unattributed
2011,2011-12-31,AFL,0000004977,confirmed_by_multiple_evidence,253,253,2010-12-31,2011-12-30,253,2010-12-31,2011-12-30,252,consistent_overlap,5.82062406703221e-06,False,yahoo,complete,legacy_symbol_unattributed
2011,2011-12-31,AGN,,,253,0,,,253,2010-12-31,2011-12-30,0,insufficient_overlap,,True,,ticker_recycled,legacy_symbol_unattributed
2011,2011-12-31,AIG,0000005272,corroborated_candidate,253,253,2010-12-31,2011-12-30,253,2010-12-31,2011-12-30,252,consistent_overlap,4.557687973808514e-06,False,yahoo,complete,legacy_symbol_unattributed
2011,2011-12-31,AIV,0000922864,corroborated_candidate,253,253,2010-12-31,2011-12-30,253,2010-12-31,2011-12-30,252,consistent_overlap,0.0046566332394035875,False,yahoo,complete,legacy_symbol_unattributed
2011,2011-12-31,AIZ,0001267238,confirmed_by_multiple_evidence,253,253,2010-12-31,2011-12-30,253,2010-12-31,2011-12-30,252,consistent_overlap,3.222683540943239e-06,False,yahoo,complete,legacy_symbol_unattributed
2011,2011-12-31,AKAM,0001086222,corroborated_candidate,253,253,2010-12-31,2011-12-30,253,2010-12-31,2011-12-30,252,consistent_overlap,0.00020513395028764483,False,yahoo,complete,legacy_symbol_unattributed
2011,2011-12-31,ALL,0000899051,corroborated_candidate,253,253,2010-12-31,2011-12-30,253,2010-12-31,2011-12-30,252,consistent_overlap,4.756986946709008e-06,False,yahoo,complete,legacy_symbol_unattributed
2011,2011-12-31,ALTR,0000768251,corroborated_candidate,253,0,,,0,,,0,insufficient_overlap,,False,,incomplete_prices,legacy_symbol_unattributed
2011,2011-12-31,AMAT,0000006951,corroborated_candidate,253,253,2010-12-31,2011-12-30,253,2010-12-31,2011-12-30,252,consistent_overlap,0.00047866596598788785,False,yahoo,complete,legacy_symbol_unattributed
2011,2011-12-31,AMD,0000002488,confirmed_by_multiple_evidence,253,253,2010-12-31,2011-12-30,253,2010-12-31,2011-12-30,252,consistent_overlap,0.0006808545771483811,False,yahoo,complete,legacy_symbol_unattributed
2011,2011-12-31,AMGN,0000318154,corroborated_candidate,253,253,2010-12-31,2011-12-30,253,2010-12-31,2011-12-30,252,consistent_overlap,2.434040802338224e-06,False,yahoo,complete,legacy_symbol_unattributed
2011,2011-12-31,AMP,0000820027,corroborated_candidate,253,253,2010-12-31,2011-12-30,253,2010-12-31,2011-12-30,252,consistent_overlap,2.7445533394898635e-06,False,yahoo,complete,legacy_symbol_unattributed
2011,2011-12-31,AMT,0001053507,corroborated_candidate,253,253,2010-12-31,2011-12-30,253,2010-12-31,2011-12-30,252,consistent_overlap,2.19865839971245e-06,False,yahoo,complete,legacy_symbol_unattributed
2011,2011-12-31,AMZN,0001018724,confirmed_by_multiple_evidence,253,253,2010-12-31,2011-12-30,253,2010-12-31,2011-12-30,252,consistent_overlap,3.0324641792578436e-05,False,yahoo,complete,legacy_symbol_unattributed
2011,2011-12-31,AN,0000350698,confirmed_by_multiple_evidence,253,253,2010-12-31,2011-12-30,253,2010-12-31,2011-12-30,252,consistent_overlap,9.520176610711141e-08,False,yahoo,complete,legacy_symbol_unattributed
2011,2011-12-31,ANDV,0000050104,corroborated_candidate,253,0,,,253,2010-12-31,2011-12-30,0,insufficient_overlap,,False,,archive_adjustment_unverified,legacy_symbol_unattributed
2011,2011-12-31,ANF,0001018840,corroborated_candidate,253,253,2010-12-31,2011-12-30,253,2010-12-31,2011-12-30,252,consistent_overlap,2.050395825784479e-06,False,yahoo,complete,legacy_symbol_unattributed
2011,2011-12-31,ANRZQ,,,253,0,,,0,,,0,insufficient_overlap,,False,,identity_unresolved,legacy_symbol_unattributed
2011,2011-12-31,AON,0000315293,corroborated_candidate,253,253,2010-12-31,2011-12-30,253,2010-12-31,2011-12-30,252,consistent_overlap,2.1646583604495453e-06,False,yahoo,complete,legacy_symbol_unattributed
2011,2011-12-31,APA,,,253,253,2010-12-31,2011-12-30,253,2010-12-31,2011-12-30,252,consistent_overlap,1.245575250847786e-06,False,,identity_unresolved,legacy_symbol_unattributed
2011,2011-12-31,APC,0000773910,confirmed_by_multiple_evidence,253,0,,,253,2010-12-31,2011-12-30,0,insufficient_overlap,,False,,archive_adjustment_unverified,legacy_symbol_unattributed
2011,2011-12-31,APD,0000002969,corroborated_candidate,253,253,2010-12-31,2011-12-30,253,2010-12-31,2011-12-30,252,divergent_overlap,0.006278860499605503,False,yahoo,complete,legacy_symbol_unattributed
2011,2011-12-31,APH,0000820313,corroborated_candidate,253,253,2010-12-31,2011-12-30,253,2010-12-31,2011-12-30,252,consistent_overlap,2.5073344590420545e-05,False,yahoo,complete,legacy_symbol_unattributed
2011,2011-12-31,APOL,0000929887,corroborated_candidate,253,0,,,253,2010-12-31,2011-12-30,0,insufficient_overlap,,False,,archive_adjustment_unverified,legacy_symbol_unattributed
2011,2011-12-31,ARG,0000804212,confirmed_by_multiple_evidence,253,0,,,253,2010-12-31,2011-12-30,0,insufficient_overlap,,False,,archive_adjustment_unverified,legacy_symbol_unattributed
2011,2011-12-31,ARNC,,,253,0,,,0,,,0,insufficient_overlap,,False,,identity_unresolved,legacy_symbol_unattributed
2011,2011-12-31,ATGE,,,253,0,,,253,2010-12-31,2011-12-30,0,insufficient_overlap,,False,,identity_unresolved,legacy_symbol_unattributed
2011,2011-12-31,ATI,0001018963,corroborated_candidate,253,253,2010-12-31,2011-12-30,253,2010-12-31,2011-12-30,252,consistent_overlap,1.871284177388244e-06,False,yahoo,complete,legacy_symbol_unattributed
2011,2011-12-31,AVB,0000915912,corroborated_candidate,253,0,,,253,2010-12-31,2011-12-30,0,insufficient_overlap,,False,,archive_adjustment_unverified,legacy_symbol_unattributed
2011,2011-12-31,AVP,0000008868,corroborated_candidate,253,0,,,253,2010-12-31,2011-12-30,0,insufficient_overlap,,False,,archive_adjustment_unverified,legacy_symbol_unattributed
2011,2011-12-31,AVY,0000008818,corroborated_candidate,253,253,2010-12-31,2011-12-30,253,2010-12-31,2011-12-30,252,consistent_overlap,4.2952571436105645e-06,False,yahoo,complete,legacy_symbol_unattributed
2011,2011-12-31,AXP,0000004962,confirmed_by_multiple_evidence,253,253,2010-12-31,2011-12-30,253,2010-12-31,2011-12-30,252,consistent_overlap,2.37214803579633e-06,False,yahoo,complete,legacy_symbol_unattributed
2011,2011-12-31,AZO,0000866787,confirmed_by_multiple_evidence,253,253,2010-12-31,2011-12-30,253,2010-12-31,2011-12-30,252,consistent_overlap,9.041646428231687e-08,False,yahoo,complete,legacy_symbol_unattributed
2011,2011-12-31,BA,0000012927,corroborated_candidate,253,253,2010-12-31,2011-12-30,253,2010-12-31,2011-12-30,252,consistent_overlap,1.6847994852509099e-06,False,yahoo,complete,legacy_symbol_unattributed
2011,2011-12-31,BAC,0000070858,corroborated_candidate,253,253,2010-12-31,2011-12-30,253,2010-12-31,2011-12-30,252,consistent_overlap,0.0009262759921601676,False,yahoo,complete,legacy_symbol_unattributed
2011,2011-12-31,BAX,0000010456,confirmed_by_multiple_evidence,253,253,2010-12-31,2011-12-30,253,2010-12-31,2011-12-30,252,divergent_overlap,0.005591054316177068,False,yahoo,complete,legacy_symbol_unattributed
2011,2011-12-31,BBBY,0000886158,corroborated_candidate,253,0,,,253,2010-12-31,2011-12-30,0,insufficient_overlap,,False,,archive_adjustment_unverified,legacy_symbol_unattributed
2011,2011-12-31,BBT,0000092230,corroborated_candidate,253,253,2010-12-31,2011-12-30,253,2010-12-31,2011-12-30,252,divergent_overlap,0.04684137090937647,False,yahoo,complete,legacy_symbol_unattributed
2011,2011-12-31,BBY,0000764478,corroborated_candidate,253,253,2010-12-31,2011-12-30,253,2010-12-31,2011-12-30,252,consistent_overlap,4.991622566518086e-06,False,yahoo,complete,legacy_symbol_unattributed
2011,2011-12-31,BCR,0000009892,confirmed_by_multiple_evidence,253,0,,,253,2010-12-31,2011-12-30,0,insufficient_overlap,,False,,archive_adjustment_unverified,legacy_symbol_unattributed
2011,2011-12-31,BDX,0000010795,corroborated_candidate,253,253,2010-12-31,2011-12-30,253,2010-12-31,2011-12-30,252,consistent_overlap,3.3236649523682556e-06,False,yahoo,complete,legacy_symbol_unattributed
2011,2011-12-31,BEAM,0000789073,confirmed_by_multiple_evidence,253,0,,,0,,,0,insufficient_overlap,,False,,incomplete_prices,legacy_symbol_unattributed
2011,2011-12-31,BEN,0000038777,corroborated_candidate,253,253,2010-12-31,2011-12-30,253,2010-12-31,2011-12-30,252,consistent_overlap,4.266471052879473e-06,False,yahoo,complete,legacy_symbol_unattributed
2011,2011-12-31,BF-B,0000014693,corroborated_candidate,253,253,2010-12-31,2011-12-30,0,,,0,insufficient_overlap,,False,yahoo,complete,legacy_symbol_unattributed
2011,2011-12-31,BHGE,,,253,0,,,0,,,0,insufficient_overlap,,False,,identity_unresolved,legacy_symbol_unattributed
2011,2011-12-31,BIG,0000768835,corroborated_candidate,253,0,,,253,2010-12-31,2011-12-30,0,insufficient_overlap,,False,,archive_adjustment_unverified,legacy_symbol_unattributed
2011,2011-12-31,BIIB,0000875045,corroborated_candidate,253,253,2010-12-31,2011-12-30,253,2010-12-31,2011-12-30,252,consistent_overlap,7.982150114216325e-08,False,yahoo,complete,legacy_symbol_unattributed
2011,2011-12-31,BK,0001390777,confirmed_by_multiple_evidence,253,253,2010-12-31,2011-12-30,253,2010-12-31,2011-12-30,252,consistent_overlap,5.64879639575522e-06,False,yahoo,complete,legacy_symbol_unattributed
2011,2011-12-31,BKNG,0001075531,corroborated_candidate,253,253,2010-12-31,2011-12-30,253,2010-12-31,2011-12-30,252,consistent_overlap,5.05617382474344e-06,False,yahoo,complete,legacy_symbol_unattributed
2011,2011-12-31,BLK,,,253,253,2010-12-31,2011-12-30,253,2010-12-31,2011-12-30,252,consistent_overlap,1.2425073068389474e-06,False,,identity_unresolved,legacy_symbol_unattributed
2011,2011-12-31,BLL,0000009389,corroborated_candidate,253,0,,,253,2010-12-31,2011-12-30,0,insufficient_overlap,,False,,archive_adjustment_unverified,legacy_symbol_unattributed
2011,2011-12-31,BMC,0000835729,corroborated_candidate,253,0,,,253,2010-12-31,2011-12-30,0,insufficient_overlap,,False,,archive_adjustment_unverified,legacy_symbol_unattributed
2011,2011-12-31,BMS,0000011199,corroborated_candidate,253,0,,,253,2010-12-31,2011-12-30,0,insufficient_overlap,,False,,archive_adjustment_unverified,legacy_symbol_unattributed
2011,2011-12-31,BMY,0000014272,corroborated_candidate,253,253,2010-12-31,2011-12-30,253,2010-12-31,2011-12-30,252,consistent_overlap,5.372204921371138e-06,False,yahoo,complete,legacy_symbol_unattributed
2011,2011-12-31,BRCM,0001054374,corroborated_candidate,253,0,,,253,2010-12-31,2011-12-30,0,insufficient_overlap,,False,,archive_adjustment_unverified,legacy_symbol_unattributed
2011,2011-12-31,BRK-B,,,253,253,2010-12-31,2011-12-30,0,,,0,insufficient_overlap,,False,,identity_unresolved,legacy_symbol_unattributed
2011,2011-12-31,BSX,0000885725,corroborated_candidate,253,253,2010-12-31,2011-12-30,253,2010-12-31,2011-12-30,252,consistent_overlap,6.760886413159639e-08,False,yahoo,complete,legacy_symbol_unattributed
2011,2011-12-31,BTUUQ,,,253,0,,,253,2010-12-31,2011-12-30,0,insufficient_overlap,,False,,identity_unresolved,legacy_symbol_unattributed
2011,2011-12-31,BWA,0000908255,corroborated_candidate,253,253,2010-12-31,2011-12-30,253,2010-12-31,2011-12-30,252,consistent_overlap,3.733405022848802e-06,False,yahoo,complete,legacy_symbol_unattributed
2011,2011-12-31,BXP,0001037540,corroborated_candidate,253,253,2010-12-31,2011-12-30,253,2010-12-31,2011-12-30,252,consistent_overlap,1.795556999717452e-06,False,yahoo,complete,legacy_symbol_unattributed
2011,2011-12-31,C,0000831001,corroborated_candidate,253,253,2010-12-31,2011-12-30,253,2010-12-31,2011-12-30,252,consistent_overlap,0.0005599109428845229,False,yahoo,complete,legacy_symbol_unattributed
2011,2011-12-31,CA,0000356028,corroborated_candidate,253,0,,,0,,,0,insufficient_overlap,,False,,incomplete_prices,legacy_symbol_unattributed
2011,2011-12-31,CAG,0000023217,corroborated_candidate,253,253,2010-12-31,2011-12-30,253,2010-12-31,2011-12-30,252,consistent_overlap,7.825137091286294e-06,False,yahoo,complete,legacy_symbol_unattributed
2011,2011-12-31,CAH,0000721371,confirmed_by_multiple_evidence,253,253,2010-12-31,2011-12-30,253,2010-12-31,2011-12-30,252,consistent_overlap,3.098362356747099e-06,False,yahoo,complete,legacy_symbol_unattributed
2011,2011-12-31,CAM,0000941548,corroborated_candidate,253,0,,,253,2010-12-31,2011-12-30,0,insufficient_overlap,,False,,archive_adjustment_unverified,legacy_symbol_unattributed
2011,2011-12-31,CAT,0000018230,corroborated_candidate,253,253,2010-12-31,2011-12-30,253,2010-12-31,2011-12-30,252,consistent_overlap,1.6562440550060859e-06,False,yahoo,complete,legacy_symbol_unattributed
2011,2011-12-31,CB,,,253,253,2010-12-31,2011-12-30,253,2010-12-31,2011-12-30,252,consistent_overlap,2.000680580716008e-06,False,,identity_unresolved,legacy_symbol_unattributed
2011,2011-12-31,CBE,0001141982,corroborated_candidate,253,253,2010-12-31,2011-12-30,253,2010-12-31,2011-12-30,252,divergent_overlap,0.00527283523054147,False,yahoo,complete,legacy_symbol_unattributed
2011,2011-12-31,CBRE,,,253,253,2010-12-31,2011-12-30,253,2010-12-31,2011-12-30,252,consistent_overlap,8.100240894037825e-08,False,,identity_unresolved,legacy_symbol_unattributed
2011,2011-12-31,CBS,0000813828,corroborated_candidate,253,0,,,253,2010-12-31,2011-12-30,0,insufficient_overlap,,False,,archive_adjustment_unverified,legacy_symbol_unattributed
2011,2011-12-31,CCE,0001491675,corroborated_candidate,253,0,,,253,2010-12-31,2011-12-30,0,insufficient_overlap,,False,,archive_adjustment_unverified,legacy_symbol_unattributed
2011,2011-12-31,CCL,0000815097,corroborated_candidate,253,253,2010-12-31,2011-12-30,253,2010-12-31,2011-12-30,252,consistent_overlap,5.782152162376991e-05,False,yahoo,complete,legacy_symbol_unattributed
2011,2011-12-31,CEG,0001004440,corroborated_candidate,253,0,,,0,,,0,insufficient_overlap,,False,,incomplete_prices,legacy_symbol_unattributed
2011,2011-12-31,CELG,0000816284,corroborated_candidate,253,0,,,253,2010-12-31,2011-12-30,0,insufficient_overlap,,False,,archive_adjustment_unverified,legacy_symbol_unattributed
2011,2011-12-31,CERN,0000804753,corroborated_candidate,253,0,,,253,2010-12-31,2011-12-30,0,insufficient_overlap,,False,,archive_adjustment_unverified,legacy_symbol_unattributed
2011,2011-12-31,CF,0001324404,corroborated_candidate,253,253,2010-12-31,2011-12-30,253,2010-12-31,2011-12-30,252,consistent_overlap,4.2697037604033665e-06,False,yahoo,complete,legacy_symbol_unattributed
2011,2011-12-31,CFN,0001457543,confirmed_by_multiple_evidence,253,0,,,253,2010-12-31,2011-12-30,0,insufficient_overlap,,False,,archive_adjustment_unverified,legacy_symbol_unattributed
2011,2011-12-31,CHK,0000895126,confirmed_by_multiple_evidence,253,0,,,0,,,0,insufficient_overlap,,False,,incomplete_prices,legacy_symbol_unattributed
2011,2011-12-31,CHRW,0001043277,confirmed_by_multiple_evidence,253,253,2010-12-31,2011-12-30,253,2010-12-31,2011-12-30,252,consistent_overlap,6.324146392445052e-05,False,yahoo,complete,legacy_symbol_unattributed
2011,2011-12-31,CI,,,253,253,2010-12-31,2011-12-30,253,2010-12-31,2011-12-30,252,consistent_overlap,2.4227941413379485e-06,False,,identity_unresolved,legacy_symbol_unattributed
2011,2011-12-31,CINF,0000020286,confirmed_by_multiple_evidence,253,253,2010-12-31,2011-12-30,253,2010-12-31,2011-12-30,252,consistent_overlap,0.0001835834969449002,False,yahoo,complete,legacy_symbol_unattributed
2011,2011-12-31,CL,0000021665,corroborated_candidate,253,253,2010-12-31,2011-12-30,253,2010-12-31,2011-12-30,252,consistent_overlap,2.910671727844872e-06,False,yahoo,complete,legacy_symbol_unattributed
2011,2011-12-31,CLF,,,253,253,2010-12-31,2011-12-30,253,2010-12-31,2011-12-30,252,consistent_overlap,1.6605483154907845e-06,False,,identity_unresolved,legacy_symbol_unattributed
2011,2011-12-31,CLX,0000021076,corroborated_candidate,253,253,2010-12-31,2011-12-30,253,2010-12-31,2011-12-30,252,consistent_overlap,2.1618332605477522e-06,False,yahoo,complete,legacy_symbol_unattributed
2011,2011-12-31,CMA,0000028412,corroborated_candidate,253,0,,,253,2010-12-31,2011-12-30,0,insufficient_overlap,,False,,archive_adjustment_unverified,legacy_symbol_unattributed
2011,2011-12-31,CMCSA,0001166691,confirmed_by_multiple_evidence,253,253,2010-12-31,2011-12-30,253,2010-12-31,2011-12-30,252,consistent_overlap,0.00023220794571927173,False,yahoo,complete,legacy_symbol_unattributed
2011,2011-12-31,CME,0001156375,corroborated_candidate,253,253,2010-12-31,2011-12-30,253,2010-12-31,2011-12-30,252,consistent_overlap,7.671269819712337e-06,False,yahoo,complete,legacy_symbol_unattributed
2011,2011-12-31,CMG,0001058090,corroborated_candidate,253,253,2010-12-31,2011-12-30,253,2010-12-31,2011-12-30,252,consistent_overlap,8.663942190567663e-08,False,yahoo,complete,legacy_symbol_unattributed
2011,2011-12-31,CMI,0000026172,corroborated_candidate,253,253,2010-12-31,2011-12-30,253,2010-12-31,2011-12-30,252,consistent_overlap,1.8779190151152533e-06,False,yahoo,complete,legacy_symbol_unattributed
2011,2011-12-31,CMS,0000811156,confirmed_by_multiple_evidence,253,253,2010-12-31,2011-12-30,253,2010-12-31,2011-12-30,252,consistent_overlap,6.9464646807348994e-06,False,yahoo,complete,legacy_symbol_unattributed
2011,2011-12-31,CNP,0001130310,corroborated_candidate,253,253,2010-12-31,2011-12-30,253,2010-12-31,2011-12-30,252,consistent_overlap,9.588800016759884e-06,False,yahoo,complete,legacy_symbol_unattributed
2011,2011-12-31,CNX,0001070412,corroborated_candidate,253,253,2010-12-31,2011-12-30,253,2010-12-31,2011-12-30,252,consistent_overlap,2.9282745885805815e-06,False,yahoo,complete,legacy_symbol_unattributed
2011,2011-12-31,COF,0000927628,confirmed_by_multiple_evidence,253,253,2010-12-31,2011-12-30,253,2010-12-31,2011-12-30,252,consistent_overlap,3.3383626289473814e-06,False,yahoo,complete,legacy_symbol_unattributed
2011,2011-12-31,COG,0000858470,corroborated_candidate,253,0,,,253,2010-12-31,2011-12-30,0,insufficient_overlap,,False,,archive_adjustment_unverified,legacy_symbol_unattributed
2011,2011-12-31,COL,0001137411,corroborated_candidate,253,0,,,253,2010-12-31,2011-12-30,0,insufficient_overlap,,False,,archive_adjustment_unverified,legacy_symbol_unattributed
2011,2011-12-31,COP,0001163165,corroborated_candidate,253,253,2010-12-31,2011-12-30,253,2010-12-31,2011-12-30,252,consistent_overlap,2.504515755983318e-06,False,yahoo,complete,legacy_symbol_unattributed
2011,2011-12-31,COST,0000909832,confirmed_by_multiple_evidence,253,253,2010-12-31,2011-12-30,253,2010-12-31,2011-12-30,252,consistent_overlap,1.8022688601559983e-06,False,yahoo,complete,legacy_symbol_unattributed
2011,2011-12-31,COV,0001385187,confirmed_by_multiple_evidence,253,0,,,253,2010-12-31,2011-12-30,0,insufficient_overlap,,False,,archive_adjustment_unverified,legacy_symbol_unattributed
2011,2011-12-31,CPB,0000016732,corroborated_candidate,253,253,2010-12-31,2011-12-30,253,2010-12-31,2011-12-30,252,consistent_overlap,3.946436455929403e-06,False,yahoo,complete,legacy_symbol_unattributed
2011,2011-12-31,CPWR,,,253,0,,,23,2011-01-03,2011-12-30,0,insufficient_overlap,,False,,identity_unresolved,legacy_symbol_unattributed
2011,2011-12-31,CRM,0001108524,confirmed_by_multiple_evidence,253,253,2010-12-31,2011-12-30,253,2010-12-31,2011-12-30,252,consistent_overlap,2.7226870328100898e-06,False,yahoo,complete,legacy_symbol_unattributed
2011,2011-12-31,CSCO,0000858877,confirmed_by_multiple_evidence,253,253,2010-12-31,2011-12-30,253,2010-12-31,2011-12-30,252,consistent_overlap,0.0003361249146691825,False,yahoo,complete,legacy_symbol_unattributed
2011,2011-12-31,CSX,0000277948,corroborated_candidate,253,253,2010-12-31,2011-12-30,253,2010-12-31,2011-12-30,252,consistent_overlap,1.999690500681606e-05,False,yahoo,complete,legacy_symbol_unattributed
2011,2011-12-31,CTAS,0000723254,corroborated_candidate,253,253,2010-12-31,2011-12-30,253,2010-12-31,2011-12-30,252,consistent_overlap,1.3083429958287152e-05,False,yahoo,complete,legacy_symbol_unattributed
2011,2011-12-31,CTL,0000018926,corroborated_candidate,253,0,,,253,2010-12-31,2011-12-30,0,insufficient_overlap,,False,,archive_adjustment_unverified,legacy_symbol_unattributed
2011,2011-12-31,CTSH,0001058290,confirmed_by_multiple_evidence,253,253,2010-12-31,2011-12-30,253,2010-12-31,2011-12-30,252,consistent_overlap,7.170520092903313e-05,False,yahoo,complete,legacy_symbol_unattributed
2011,2011-12-31,CTXS,0000877890,confirmed_by_multiple_evidence,253,0,,,253,2010-12-31,2011-12-30,0,insufficient_overlap,,False,,archive_adjustment_unverified,legacy_symbol_unattributed
2011,2011-12-31,CVC,0001053112,corroborated_candidate,253,0,,,253,2010-12-31,2011-12-30,0,insufficient_overlap,,False,,archive_adjustment_unverified,legacy_symbol_unattributed
2011,2011-12-31,CVH,0001054833,corroborated_candidate,253,0,,,253,2010-12-31,2011-12-30,0,insufficient_overlap,,False,,archive_adjustment_unverified,legacy_symbol_unattributed
2011,2011-12-31,CVS,0000064803,corroborated_candidate,253,253,2010-12-31,2011-12-30,253,2010-12-31,2011-12-30,252,consistent_overlap,6.751255002831916e-05,False,yahoo,complete,legacy_symbol_unattributed
2011,2011-12-31,CVX,0000093410,corroborated_candidate,253,253,2010-12-31,2011-12-30,253,2010-12-31,2011-12-30,252,consistent_overlap,1.7630212829622407e-06,False,yahoo,complete,legacy_symbol_unattributed
2011,2011-12-31,D,,,253,253,2010-12-31,2011-12-30,253,2010-12-31,2011-12-30,252,consistent_overlap,9.542925208416725e-06,False,,identity_unresolved,legacy_symbol_unattributed
2011,2011-12-31,DD,0000030554,corroborated_candidate,253,253,2010-12-31,2011-12-30,253,2010-12-31,2011-12-30,252,consistent_overlap,4.479761723228393e-06,False,yahoo,complete,legacy_symbol_unattributed
2011,2011-12-31,DE,0000315189,corroborated_candidate,253,253,2010-12-31,2011-12-30,253,2010-12-31,2011-12-30,252,consistent_overlap,1.667410604071496e-06,False,yahoo,complete,legacy_symbol_unattributed
2011,2011-12-31,DELL,0000826083,corroborated_candidate,253,0,,,0,,,0,insufficient_overlap,,False,,incomplete_prices,legacy_symbol_unattributed
2011,2011-12-31,DF,0000931336,confirmed_by_multiple_evidence,253,0,,,253,2010-12-31,2011-12-30,0,insufficient_overlap,,False,,archive_adjustment_unverified,legacy_symbol_unattributed
2011,2011-12-31,DFS,0001393612,corroborated_candidate,253,0,,,253,2010-12-31,2011-12-30,0,insufficient_overlap,,False,,archive_adjustment_unverified,legacy_symbol_unattributed
2011,2011-12-31,DGX,0001022079,corroborated_candidate,253,253,2010-12-31,2011-12-30,253,2010-12-31,2011-12-30,252,consistent_overlap,2.4581180644045486e-06,False,yahoo,complete,legacy_symbol_unattributed
2011,2011-12-31,DHI,0000882184,corroborated_candidate,253,253,2010-12-31,2011-12-30,253,2010-12-31,2011-12-30,252,consistent_overlap,9.573779824627593e-06,False,yahoo,complete,legacy_symbol_unattributed
2011,2011-12-31,DHR,0000313616,confirmed_by_multiple_evidence,253,253,2010-12-31,2011-12-30,253,2010-12-31,2011-12-30,252,consistent_overlap,6.5893433249986135e-06,False,yahoo,complete,legacy_symbol_unattributed
2011,2011-12-31,DIS,,,253,253,2010-12-31,2011-12-30,253,2010-12-31,2011-12-30,252,consistent_overlap,2.889921677831088e-06,False,,identity_unresolved,legacy_symbol_unattributed
2011,2011-12-31,DISCA,0001437107,corroborated_candidate,253,0,,,253,2010-12-31,2011-12-30,0,insufficient_overlap,,False,,archive_adjustment_unverified,legacy_symbol_unattributed
2011,2011-12-31,DLTR,0000935703,corroborated_candidate,253,253,2010-12-31,2011-12-30,253,2010-12-31,2011-12-30,252,consistent_overlap,0.00037746983148834526,False,yahoo,complete,legacy_symbol_unattributed
2011,2011-12-31,DNB,0001115222,confirmed_by_multiple_evidence,253,0,,,0,,,0,insufficient_overlap,,False,,incomplete_prices,legacy_symbol_unattributed
2011,2011-12-31,DNR,0000945764,corroborated_candidate,253,0,,,253,2010-12-31,2011-12-30,0,insufficient_overlap,,False,,archive_adjustment_unverified,legacy_symbol_unattributed
2011,2011-12-31,DO,0000949039,confirmed_by_multiple_evidence,253,0,,,0,,,0,insufficient_overlap,,False,,incomplete_prices,legacy_symbol_unattributed
2011,2011-12-31,DOV,0000029905,corroborated_candidate,253,253,2010-12-31,2011-12-30,253,2010-12-31,2011-12-30,252,consistent_overlap,0.004358843136582398,False,yahoo,complete,legacy_symbol_unattributed
2011,2011-12-31,DOW,0000029915,corroborated_candidate,253,0,,,0,,,0,insufficient_overlap,,False,,incomplete_prices,legacy_symbol_unattributed
2011,2011-12-31,DRI,0000940944,corroborated_candidate,253,253,2010-12-31,2011-12-30,253,2010-12-31,2011-12-30,252,consistent_overlap,1.2347644952863692e-05,False,yahoo,complete,legacy_symbol_unattributed
2011,2011-12-31,DTE,0000936340,corroborated_candidate,253,253,2010-12-31,2011-12-30,253,2010-12-31,2011-12-30,252,consistent_overlap,7.209563920016528e-06,False,yahoo,complete,legacy_symbol_unattributed
2011,2011-12-31,DTV,0001465112,corroborated_candidate,253,0,,,0,,,0,insufficient_overlap,,False,,incomplete_prices,legacy_symbol_unattributed
2011,2011-12-31,DUK,0001326160,corroborated_candidate,253,253,2010-12-31,2011-12-30,253,2010-12-31,2011-12-30,252,consistent_overlap,3.055173487004348e-06,False,yahoo,complete,legacy_symbol_unattributed
2011,2011-12-31,DVA,0000927066,confirmed_by_multiple_evidence,253,253,2010-12-31,2011-12-30,253,2010-12-31,2011-12-30,252,consistent_overlap,9.033362821764257e-08,False,yahoo,complete,legacy_symbol_unattributed
2011,2011-12-31,DVN,0001090012,corroborated_candidate,253,253,2010-12-31,2011-12-30,253,2010-12-31,2011-12-30,252,consistent_overlap,2.0511087205932204e-06,False,yahoo,complete,legacy_symbol_unattributed
2011,2011-12-31,DXC,,,253,253,2010-12-31,2011-12-30,253,2010-12-31,2011-12-30,252,consistent_overlap,0.004697403078077472,False,,identity_unresolved,legacy_symbol_unattributed
2011,2011-12-31,EA,,,253,0,,,253,2010-12-31,2011-12-30,0,insufficient_overlap,,False,,identity_unresolved,legacy_symbol_unattributed
2011,2011-12-31,EBAY,0001065088,confirmed_by_multiple_evidence,253,253,2010-12-31,2011-12-30,253,2010-12-31,2011-12-30,252,consistent_overlap,0.00017513029501979528,False,yahoo,complete,legacy_symbol_unattributed
2011,2011-12-31,ECL,0000031462,corroborated_candidate,253,253,2010-12-31,2011-12-30,253,2010-12-31,2011-12-30,252,consistent_overlap,1.99624692145739e-06,False,yahoo,complete,legacy_symbol_unattributed
2011,2011-12-31,ED,0001047862,confirmed_by_multiple_evidence,253,253,2010-12-31,2011-12-30,253,2010-12-31,2011-12-30,252,consistent_overlap,2.9870713159774192e-06,False,yahoo,complete,legacy_symbol_unattributed
2011,2011-12-31,EFX,0000033185,confirmed_by_multiple_evidence,253,253,2010-12-31,2011-12-30,253,2010-12-31,2011-12-30,252,consistent_overlap,3.2552970140886674e-06,False,yahoo,complete,legacy_symbol_unattributed
2011,2011-12-31,EIX,0000827052,corroborated_candidate,253,253,2010-12-31,2011-12-30,253,2010-12-31,2011-12-30,252,consistent_overlap,3.5767358402982733e-06,False,yahoo,complete,legacy_symbol_unattributed
2011,2011-12-31,EL,0001001250,corroborated_candidate,253,253,2010-12-31,2011-12-30,253,2010-12-31,2011-12-30,252,consistent_overlap,2.5490421315699233e-06,False,yahoo,complete,legacy_symbol_unattributed
2011,2011-12-31,EMC,0000790070,confirmed_by_multiple_evidence,253,0,,,0,,,0,insufficient_overlap,,False,,incomplete_prices,legacy_symbol_unattributed
2011,2011-12-31,EMN,0000915389,corroborated_candidate,253,253,2010-12-31,2011-12-30,253,2010-12-31,2011-12-30,252,consistent_overlap,3.2979011983136357e-06,False,yahoo,complete,legacy_symbol_unattributed
2011,2011-12-31,EMR,0000032604,corroborated_candidate,253,253,2010-12-31,2011-12-30,253,2010-12-31,2011-12-30,252,consistent_overlap,2.8368067345652134e-06,False,yahoo,complete,legacy_symbol_unattributed
2011,2011-12-31,EOG,0000821189,corroborated_candidate,253,253,2010-12-31,2011-12-30,253,2010-12-31,2011-12-30,252,consistent_overlap,2.7769739787675322e-06,False,yahoo,complete,legacy_symbol_unattributed
2011,2011-12-31,EP,0001066107,corroborated_candidate,253,253,2010-12-31,2011-12-30,158,2010-12-31,2011-12-29,145,divergent_overlap,0.013507324961766494,False,yahoo,complete,legacy_symbol_unattributed
2011,2011-12-31,EQR,0000906107,corroborated_candidate,253,253,2010-12-31,2011-12-30,253,2010-12-31,2011-12-30,252,consistent_overlap,3.119993982430014e-06,False,yahoo,complete,legacy_symbol_unattributed
2011,2011-12-31,EQT,0000033213,corroborated_candidate,253,253,2010-12-31,2011-12-30,253,2010-12-31,2011-12-30,252,consistent_overlap,0.003604452581340113,False,yahoo,complete,legacy_symbol_unattributed
2011,2011-12-31,ES,0000072741,corroborated_candidate,253,253,2010-12-31,2011-12-30,253,2010-12-31,2011-12-30,252,consistent_overlap,4.707115199964474e-06,False,yahoo,complete,legacy_symbol_unattributed
2011,2011-12-31,ESRX,0001532063,confirmed_by_multiple_evidence,253,0,,,253,2010-12-31,2011-12-30,0,insufficient_overlap,,False,,archive_adjustment_unverified,legacy_symbol_unattributed
2011,2011-12-31,ETFC,0001015780,corroborated_candidate,253,0,,,253,2010-12-31,2011-12-30,0,insufficient_overlap,,False,,archive_adjustment_unverified,legacy_symbol_unattributed
2011,2011-12-31,ETN,0001551182,confirmed_by_multiple_evidence,253,253,2010-12-31,2011-12-30,253,2010-12-31,2011-12-30,252,consistent_overlap,2.926287416058496e-06,False,yahoo,complete,legacy_symbol_unattributed
2011,2011-12-31,ETR,0000065984,corroborated_candidate,253,253,2010-12-31,2011-12-30,253,2010-12-31,2011-12-30,252,consistent_overlap,4.621497879310211e-06,False,yahoo,complete,legacy_symbol_unattributed
2011,2011-12-31,EW,0001099800,corroborated_candidate,253,253,2010-12-31,2011-12-30,253,2010-12-31,2011-12-30,252,consistent_overlap,6.060776912847344e-06,False,yahoo,complete,legacy_symbol_unattributed
2011,2011-12-31,EXC,0001109357,confirmed_by_multiple_evidence,253,253,2010-12-31,2011-12-30,253,2010-12-31,2011-12-30,252,consistent_overlap,5.80301584018228e-06,False,yahoo,complete,legacy_symbol_unattributed
2011,2011-12-31,EXPD,0000746515,confirmed_by_multiple_evidence,253,253,2010-12-31,2011-12-30,253,2010-12-31,2011-12-30,252,consistent_overlap,2.4546438120609545e-06,False,yahoo,complete,legacy_symbol_unattributed
2011,2011-12-31,EXPE,0001324424,confirmed_by_multiple_evidence,253,253,2010-12-31,2011-12-30,253,2010-12-31,2011-12-30,252,consistent_overlap,0.0002089910312858682,False,yahoo,complete,legacy_symbol_unattributed
2011,2011-12-31,F,0000037996,confirmed_by_multiple_evidence,253,253,2010-12-31,2011-12-30,253,2010-12-31,2011-12-30,252,consistent_overlap,1.2496321475652393e-05,False,yahoo,complete,legacy_symbol_unattributed
2011,2011-12-31,FAST,0000815556,confirmed_by_multiple_evidence,253,253,2010-12-31,2011-12-30,253,2010-12-31,2011-12-30,252,consistent_overlap,0.00014683404164189673,False,yahoo,complete,legacy_symbol_unattributed
2011,2011-12-31,FCX,0000831259,corroborated_candidate,253,253,2010-12-31,2011-12-30,253,2010-12-31,2011-12-30,252,consistent_overlap,2.5428848855957314e-06,False,yahoo,complete,legacy_symbol_unattributed
2011,2011-12-31,FDO,0000034408,confirmed_by_multiple_evidence,253,0,,,253,2010-12-31,2011-12-30,0,insufficient_overlap,,False,,archive_adjustment_unverified,legacy_symbol_unattributed
2011,2011-12-31,FDX,0001048911,corroborated_candidate,253,253,2010-12-31,2011-12-30,253,2010-12-31,2011-12-30,252,consistent_overlap,1.4439196946536286e-06,False,yahoo,complete,legacy_symbol_unattributed
2011,2011-12-31,FE,0001031296,corroborated_candidate,253,253,2010-12-31,2011-12-30,253,2010-12-31,2011-12-30,252,consistent_overlap,4.07414952287577e-06,False,yahoo,complete,legacy_symbol_unattributed
2011,2011-12-31,FFIV,0001048695,corroborated_candidate,253,253,2010-12-31,2011-12-30,253,2010-12-31,2011-12-30,252,consistent_overlap,5.107328305229422e-05,False,yahoo,complete,legacy_symbol_unattributed
2011,2011-12-31,FHN,0000036966,corroborated_candidate,253,253,2010-12-31,2011-12-30,253,2010-12-31,2011-12-30,252,consistent_overlap,1.890298997342167e-05,False,yahoo,complete,legacy_symbol_unattributed
2011,2011-12-31,FII,0001056288,confirmed_by_multiple_evidence,253,0,,,253,2010-12-31,2011-12-30,0,insufficient_overlap,,False,,archive_adjustment_unverified,legacy_symbol_unattributed
2011,2011-12-31,FIS,0001136893,corroborated_candidate,253,253,2010-12-31,2011-12-30,253,2010-12-31,2011-12-30,252,consistent_overlap,3.9962093145495834e-06,False,yahoo,complete,legacy_symbol_unattributed
2011,2011-12-31,FISV,0000798354,confirmed_by_multiple_evidence,253,253,2010-12-31,2011-12-30,253,2010-12-31,2011-12-30,252,consistent_overlap,8.452113864883429e-05,False,yahoo,complete,legacy_symbol_unattributed
2011,2011-12-31,FITB,0000035527,confirmed_by_multiple_evidence,253,253,2010-12-31,2011-12-30,253,2010-12-31,2011-12-30,252,consistent_overlap,0.000497577953664089,False,yahoo,complete,legacy_symbol_unattributed
2011,2011-12-31,FLIR,0000354908,confirmed_by_multiple_evidence,253,0,,,253,2010-12-31,2011-12-30,0,insufficient_overlap,,False,,archive_adjustment_unverified,legacy_symbol_unattributed
2011,2011-12-31,FLR,0001124198,corroborated_candidate,253,253,2010-12-31,2011-12-30,253,2010-12-31,2011-12-30,252,consistent_overlap,1.7865631823221768e-06,False,yahoo,complete,legacy_symbol_unattributed
2011,2011-12-31,FLS,0000030625,corroborated_candidate,253,253,2010-12-31,2011-12-30,253,2010-12-31,2011-12-30,252,consistent_overlap,3.577862926825715e-06,False,yahoo,complete,legacy_symbol_unattributed
2011,2011-12-31,FMC,0000037785,corroborated_candidate,253,253,2010-12-31,2011-12-30,253,2010-12-31,2011-12-30,252,consistent_overlap,3.2337342221655525e-06,False,yahoo,complete,legacy_symbol_unattributed
2011,2011-12-31,FOXA,,,253,0,,,0,,,0,insufficient_overlap,,False,,identity_unresolved,legacy_symbol_unattributed
2011,2011-12-31,FRX,0000038074,corroborated_candidate,253,0,,,253,2010-12-31,2011-12-30,0,insufficient_overlap,,False,,archive_adjustment_unverified,legacy_symbol_unattributed
2011,2011-12-31,FSLR,0001274494,corroborated_candidate,253,253,2010-12-31,2011-12-30,253,2010-12-31,2011-12-30,252,consistent_overlap,3.955953260023515e-05,False,yahoo,complete,legacy_symbol_unattributed
2011,2011-12-31,FTI,,,253,253,2010-12-31,2011-12-30,253,2010-12-31,2011-12-30,252,consistent_overlap,4.5009295308229354e-06,False,,identity_unresolved,legacy_symbol_unattributed
2011,2011-12-31,FTR,0000020520,corroborated_candidate,253,0,,,253,2010-12-31,2011-12-30,0,insufficient_overlap,,False,,archive_adjustment_unverified,legacy_symbol_unattributed
2011,2011-12-31,GAS,0001004155,corroborated_candidate,253,0,,,253,2010-12-31,2011-12-30,0,insufficient_overlap,,False,,archive_adjustment_unverified,legacy_symbol_unattributed
2011,2011-12-31,GD,0000040533,confirmed_by_multiple_evidence,253,253,2010-12-31,2011-12-30,253,2010-12-31,2011-12-30,252,consistent_overlap,2.0227078971890585e-06,False,yahoo,complete,legacy_symbol_unattributed
2011,2011-12-31,GE,0000040545,confirmed_by_multiple_evidence,253,253,2010-12-31,2011-12-30,253,2010-12-31,2011-12-30,252,consistent_overlap,2.4019808765740615e-06,False,yahoo,complete,legacy_symbol_unattributed
2011,2011-12-31,GHC,,,253,253,2010-12-31,2011-12-30,253,2010-12-31,2011-12-30,252,consistent_overlap,8.150492509972909e-07,False,,identity_unresolved,legacy_symbol_unattributed
2011,2011-12-31,GILD,0000882095,corroborated_candidate,253,253,2010-12-31,2011-12-30,253,2010-12-31,2011-12-30,252,consistent_overlap,6.714512935901418e-06,False,yahoo,complete,legacy_symbol_unattributed
2011,2011-12-31,GIS,0000040704,corroborated_candidate,253,253,2010-12-31,2011-12-30,253,2010-12-31,2011-12-30,252,consistent_overlap,3.788395415766921e-06,False,yahoo,complete,legacy_symbol_unattributed
2011,2011-12-31,GLW,0000024741,corroborated_candidate,253,253,2010-12-31,2011-12-30,253,2010-12-31,2011-12-30,252,consistent_overlap,5.7891375567654455e-05,False,yahoo,complete,legacy_symbol_unattributed
2011,2011-12-31,GME,0001326380,confirmed_by_multiple_evidence,253,253,2010-12-31,2011-12-30,253,2010-12-31,2011-12-30,252,consistent_overlap,2.1123014979758107e-05,False,yahoo,complete,legacy_symbol_unattributed
2011,2011-12-31,GNW,0001276520,confirmed_by_multiple_evidence,253,253,2010-12-31,2011-12-30,253,2010-12-31,2011-12-30,252,consistent_overlap,7.856907744185907e-08,False,yahoo,complete,legacy_symbol_unattributed
2011,2011-12-31,GOOGL,,,253,253,2010-12-31,2011-12-30,253,2010-12-31,2011-12-30,252,consistent_overlap,1.1470973821869903e-05,False,,identity_unresolved,legacy_symbol_unattributed
2011,2011-12-31,GPC,0000040987,confirmed_by_multiple_evidence,253,253,2010-12-31,2011-12-30,253,2010-12-31,2011-12-30,252,consistent_overlap,2.8534910325539455e-06,False,yahoo,complete,legacy_symbol_unattributed
2011,2011-12-31,GPS,0000039911,confirmed_by_multiple_evidence,253,0,,,253,2010-12-31,2011-12-30,0,insufficient_overlap,,False,,archive_adjustment_unverified,legacy_symbol_unattributed
2011,2011-12-31,GR,0000042542,corroborated_candidate,253,241,2010-12-31,2011-12-30,253,2010-12-31,2011-12-30,240,divergent_overlap,0.09128427832766886,False,,archive_adjustment_unverified,legacy_symbol_unattributed
2011,2011-12-31,GS,0000886982,corroborated_candidate,253,253,2010-12-31,2011-12-30,253,2010-12-31,2011-12-30,252,consistent_overlap,1.2019998574663851e-06,False,yahoo,complete,legacy_symbol_unattributed
2011,2011-12-31,GT,0000042582,corroborated_candidate,253,253,2010-12-31,2011-12-30,253,2010-12-31,2011-12-30,252,consistent_overlap,8.247728352538398e-06,False,yahoo,complete,legacy_symbol_unattributed
2011,2011-12-31,GWW,0000277135,corroborated_candidate,253,253,2010-12-31,2011-12-30,253,2010-12-31,2011-12-30,252,consistent_overlap,1.0881997342016007e-06,False,yahoo,complete,legacy_symbol_unattributed
2011,2011-12-31,HAL,0000045012,corroborated_candidate,253,253,2010-12-31,2011-12-30,253,2010-12-31,2011-12-30,252,consistent_overlap,3.5450510895029856e-06,False,yahoo,complete,legacy_symbol_unattributed
2011,2011-12-31,HAR,0000800459,confirmed_by_multiple_evidence,253,0,,,253,2010-12-31,2011-12-30,0,insufficient_overlap,,False,,archive_adjustment_unverified,legacy_symbol_unattributed
2011,2011-12-31,HAS,0000046080,corroborated_candidate,253,253,2010-12-31,2011-12-30,253,2010-12-31,2011-12-30,252,consistent_overlap,0.00010612933607125897,False,yahoo,complete,legacy_symbol_unattributed
2011,2011-12-31,HBAN,0000049196,corroborated_candidate,253,253,2010-12-31,2011-12-30,253,2010-12-31,2011-12-30,252,consistent_overlap,0.001020115173952311,False,yahoo,complete,legacy_symbol_unattributed
2011,2011-12-31,HCBK,0000921847,confirmed_by_multiple_evidence,253,0,,,253,2010-12-31,2011-12-30,0,insufficient_overlap,,False,,archive_adjustment_unverified,legacy_symbol_unattributed
2011,2011-12-31,HCP,0000765880,corroborated_candidate,253,0,,,0,,,0,insufficient_overlap,,False,,incomplete_prices,legacy_symbol_unattributed
2011,2011-12-31,HD,0000354950,confirmed_by_multiple_evidence,253,253,2010-12-31,2011-12-30,253,2010-12-31,2011-12-30,252,consistent_overlap,3.6482452674913037e-06,False,yahoo,complete,legacy_symbol_unattributed
2011,2011-12-31,HES,0000004447,confirmed_by_multiple_evidence,253,0,,,253,2010-12-31,2011-12-30,0,insufficient_overlap,,False,,archive_adjustment_unverified,legacy_symbol_unattributed
2011,2011-12-31,HIG,0000874766,corroborated_candidate,253,253,2010-12-31,2011-12-30,253,2010-12-31,2011-12-30,252,consistent_overlap,6.392635328988928e-06,False,yahoo,complete,legacy_symbol_unattributed
2011,2011-12-31,HNZ,0000046640,corroborated_candidate,253,0,,,253,2010-12-31,2011-12-30,0,insufficient_overlap,,False,,archive_adjustment_unverified,legacy_symbol_unattributed
2011,2011-12-31,HOG,0000793952,corroborated_candidate,253,253,2010-12-31,2011-12-30,253,2010-12-31,2011-12-30,252,consistent_overlap,3.1767992322384592e-06,False,yahoo,complete,legacy_symbol_unattributed
2011,2011-12-31,HON,0000773840,corroborated_candidate,253,253,2010-12-31,2011-12-30,253,2010-12-31,2011-12-30,252,divergent_overlap,0.005774053705920189,False,yahoo,complete,legacy_symbol_unattributed
2011,2011-12-31,HOT,0000316206,confirmed_by_multiple_evidence,253,0,,,253,2010-12-31,2011-12-30,0,insufficient_overlap,,False,,archive_adjustment_unverified,legacy_symbol_unattributed
2011,2011-12-31,HP,0000046765,corroborated_candidate,253,253,2010-12-31,2011-12-30,253,2010-12-31,2011-12-30,252,consistent_overlap,2.927926677537274e-06,False,yahoo,complete,legacy_symbol_unattributed
2011,2011-12-31,HPQ,0000047217,corroborated_candidate,253,253,2010-12-31,2011-12-30,253,2010-12-31,2011-12-30,252,consistent_overlap,1.349655135791662e-05,False,yahoo,complete,legacy_symbol_unattributed
2011,2011-12-31,HRB,0000012659,corroborated_candidate,253,253,2010-12-31,2011-12-30,253,2010-12-31,2011-12-30,252,consistent_overlap,1.0151049144946357e-05,False,yahoo,complete,legacy_symbol_unattributed
2011,2011-12-31,HRL,0000048465,corroborated_candidate,253,253,2010-12-31,2011-12-30,253,2010-12-31,2011-12-30,252,consistent_overlap,1.0356821335308935e-05,False,yahoo,complete,legacy_symbol_unattributed
2011,2011-12-31,HRS,0000202058,corroborated_candidate,253,0,,,253,2010-12-31,2011-12-30,0,insufficient_overlap,,False,,archive_adjustment_unverified,legacy_symbol_unattributed
2011,2011-12-31,HSH,,,253,0,,,0,,,0,insufficient_overlap,,False,,identity_unresolved,legacy_symbol_unattributed
2011,2011-12-31,HSP,0001274057,corroborated_candidate,253,0,,,253,2010-12-31,2011-12-30,0,insufficient_overlap,,False,,archive_adjustment_unverified,legacy_symbol_unattributed
2011,2011-12-31,HST,0001070750,confirmed_by_multiple_evidence,253,253,2010-12-31,2011-12-30,253,2010-12-31,2011-12-30,252,consistent_overlap,1.0442843077911326e-05,False,yahoo,complete,legacy_symbol_unattributed
2011,2011-12-31,HSY,0000047111,corroborated_candidate,253,253,2010-12-31,2011-12-30,253,2010-12-31,2011-12-30,252,consistent_overlap,2.2704596033473748e-06,False,yahoo,complete,legacy_symbol_unattributed
2011,2011-12-31,HUM,,,253,253,2010-12-31,2011-12-30,253,2010-12-31,2011-12-30,252,consistent_overlap,1.7105052070198757e-06,False,,identity_unresolved,legacy_symbol_unattributed
2011,2011-12-31,IBM,0000051143,corroborated_candidate,253,253,2010-12-31,2011-12-30,253,2010-12-31,2011-12-30,252,consistent_overlap,1.2226879266696858e-06,False,yahoo,complete,legacy_symbol_unattributed
2011,2011-12-31,ICE,0001571949,corroborated_candidate,253,253,2010-12-31,2011-12-30,253,2010-12-31,2011-12-30,252,consistent_overlap,4.371460605900881e-06,False,yahoo,complete,legacy_symbol_unattributed
2011,2011-12-31,IFF,0000051253,corroborated_candidate,253,253,2010-12-31,2011-12-30,253,2010-12-31,2011-12-30,252,consistent_overlap,2.108791941506373e-06,False,yahoo,complete,legacy_symbol_unattributed
2011,2011-12-31,IGT,0000353944,corroborated_candidate,253,0,,,253,2010-12-31,2011-12-30,0,insufficient_overlap,,False,,archive_adjustment_unverified,legacy_symbol_unattributed
2011,2011-12-31,INTC,0000050863,corroborated_candidate,253,253,2010-12-31,2011-12-30,253,2010-12-31,2011-12-30,252,consistent_overlap,0.0002489376250655051,False,yahoo,complete,legacy_symbol_unattributed
2011,2011-12-31,INTU,0000896878,corroborated_candidate,253,253,2010-12-31,2011-12-30,253,2010-12-31,2011-12-30,252,consistent_overlap,2.169453450779902e-06,False,yahoo,complete,legacy_symbol_unattributed
2011,2011-12-31,IP,0000051434,confirmed_by_multiple_evidence,253,253,2010-12-31,2011-12-30,253,2010-12-31,2011-12-30,252,divergent_overlap,0.0071762100714048834,False,yahoo,complete,legacy_symbol_unattributed
2011,2011-12-31,IPG,0000051644,corroborated_candidate,253,0,,,253,2010-12-31,2011-12-30,0,insufficient_overlap,,False,,archive_adjustment_unverified,legacy_symbol_unattributed
2011,2011-12-31,IR,,,253,0,,,0,,,0,insufficient_overlap,,False,,identity_unresolved,legacy_symbol_unattributed
2011,2011-12-31,IRM,0001020569,corroborated_candidate,253,253,2010-12-31,2011-12-30,253,2010-12-31,2011-12-30,252,consistent_overlap,8.758860376855142e-06,False,yahoo,complete,legacy_symbol_unattributed
2011,2011-12-31,ISRG,0001035267,confirmed_by_multiple_evidence,253,253,2010-12-31,2011-12-30,253,2010-12-31,2011-12-30,252,consistent_overlap,1.1410487206333651e-05,False,yahoo,complete,legacy_symbol_unattributed
2011,2011-12-31,ITW,0000049826,corroborated_candidate,253,253,2010-12-31,2011-12-30,253,2010-12-31,2011-12-30,252,consistent_overlap,2.526113056837698e-06,False,yahoo,complete,legacy_symbol_unattributed
2011,2011-12-31,IVZ,0000914208,corroborated_candidate,253,253,2010-12-31,2011-12-30,253,2010-12-31,2011-12-30,252,consistent_overlap,7.800336202117292e-06,False,yahoo,complete,legacy_symbol_unattributed
2011,2011-12-31,JBL,0000898293,confirmed_by_multiple_evidence,253,253,2010-12-31,2011-12-30,253,2010-12-31,2011-12-30,252,consistent_overlap,5.400720790065261e-06,False,yahoo,complete,legacy_symbol_unattributed
2011,2011-12-31,JCI,0000833444,corroborated_candidate,253,253,2010-12-31,2011-12-30,253,2010-12-31,2011-12-30,252,divergent_overlap,0.006978637516995382,False,yahoo,complete,legacy_symbol_unattributed
2011,2011-12-31,JCP,0001166126,confirmed_by_multiple_evidence,253,0,,,253,2010-12-31,2011-12-30,0,insufficient_overlap,,False,,archive_adjustment_unverified,legacy_symbol_unattributed
2011,2011-12-31,JEC,0000052988,confirmed_by_multiple_evidence,253,0,,,253,2010-12-31,2011-12-30,0,insufficient_overlap,,False,,archive_adjustment_unverified,legacy_symbol_unattributed
2011,2011-12-31,JEF,0000096223,corroborated_candidate,253,253,2010-12-31,2011-12-30,253,2010-12-31,2011-12-30,252,consistent_overlap,5.019441023998985e-06,False,yahoo,complete,legacy_symbol_unattributed
2011,2011-12-31,JNJ,0000200406,corroborated_candidate,253,253,2010-12-31,2011-12-30,253,2010-12-31,2011-12-30,252,consistent_overlap,2.3997209338855184e-06,False,yahoo,complete,legacy_symbol_unattributed
2011,2011-12-31,JNPR,0001043604,corroborated_candidate,253,0,,,253,2010-12-31,2011-12-30,0,insufficient_overlap,,False,,archive_adjustment_unverified,legacy_symbol_unattributed
2011,2011-12-31,JOY,0000801898,corroborated_candidate,253,0,,,253,2010-12-31,2011-12-30,0,insufficient_overlap,,False,,archive_adjustment_unverified,legacy_symbol_unattributed
2011,2011-12-31,JPM,0000019617,corroborated_candidate,253,253,2010-12-31,2011-12-30,253,2010-12-31,2011-12-30,252,consistent_overlap,4.568395143125242e-06,False,yahoo,complete,legacy_symbol_unattributed
2011,2011-12-31,JWN,0000072333,corroborated_candidate,253,0,,,253,2010-12-31,2011-12-30,0,insufficient_overlap,,False,,archive_adjustment_unverified,legacy_symbol_unattributed
2011,2011-12-31,K,0000055067,confirmed_by_multiple_evidence,253,0,,,253,2010-12-31,2011-12-30,0,insufficient_overlap,,False,,archive_adjustment_unverified,legacy_symbol_unattributed
2011,2011-12-31,KDP,,,253,253,2010-12-31,2011-12-30,253,2010-12-31,2011-12-30,252,consistent_overlap,3.348354818031308e-06,False,,identity_unresolved,legacy_symbol_unattributed
2011,2011-12-31,KEY,0000091576,confirmed_by_multiple_evidence,253,253,2010-12-31,2011-12-30,253,2010-12-31,2011-12-30,252,consistent_overlap,2.0415908670661237e-05,False,yahoo,complete,legacy_symbol_unattributed
2011,2011-12-31,KIM,0000879101,corroborated_candidate,253,253,2010-12-31,2011-12-30,253,2010-12-31,2011-12-30,252,consistent_overlap,1.038725597142354e-05,False,yahoo,complete,legacy_symbol_unattributed
2011,2011-12-31,KLAC,0000319201,confirmed_by_multiple_evidence,253,253,2010-12-31,2011-12-30,253,2010-12-31,2011-12-30,252,consistent_overlap,0.00011132122288808006,False,yahoo,complete,legacy_symbol_unattributed
2011,2011-12-31,KMB,0000055785,corroborated_candidate,253,253,2010-12-31,2011-12-30,253,2010-12-31,2011-12-30,252,divergent_overlap,0.010172563936193488,False,yahoo,complete,legacy_symbol_unattributed
2011,2011-12-31,KMX,0001170010,corroborated_candidate,253,253,2010-12-31,2011-12-30,253,2010-12-31,2011-12-30,252,consistent_overlap,9.289010393764842e-08,False,yahoo,complete,legacy_symbol_unattributed
2011,2011-12-31,KO,0000021344,corroborated_candidate,253,253,2010-12-31,2011-12-30,253,2010-12-31,2011-12-30,252,consistent_overlap,4.226801661060265e-06,False,yahoo,complete,legacy_symbol_unattributed
2011,2011-12-31,KR,0000056873,corroborated_candidate,253,253,2010-12-31,2011-12-30,253,2010-12-31,2011-12-30,252,consistent_overlap,1.2233392940240731e-05,False,yahoo,complete,legacy_symbol_unattributed
2011,2011-12-31,KSS,0000885639,confirmed_by_multiple_evidence,253,253,2010-12-31,2011-12-30,253,2010-12-31,2011-12-30,252,consistent_overlap,3.3079098413058015e-06,False,yahoo,complete,legacy_symbol_unattributed
2011,2011-12-31,L,0000060086,confirmed_by_multiple_evidence,253,253,2010-12-31,2011-12-30,253,2010-12-31,2011-12-30,252,consistent_overlap,2.755678143089303e-06,False,yahoo,complete,legacy_symbol_unattributed
2011,2011-12-31,LB,,,253,0,,,0,,,0,insufficient_overlap,,False,,identity_unresolved,legacy_symbol_unattributed
2011,2011-12-31,LDOS,,,253,253,2010-12-31,2011-12-30,253,2010-12-31,2011-12-30,252,consistent_overlap,5.302491136269794e-06,False,,identity_unresolved,legacy_symbol_unattributed
2011,2011-12-31,LEG,0000058492,confirmed_by_multiple_evidence,253,0,,,253,2010-12-31,2011-12-30,0,insufficient_overlap,,False,,archive_adjustment_unverified,legacy_symbol_unattributed
2011,2011-12-31,LEN,0000920760,corroborated_candidate,253,253,2010-12-31,2011-12-30,253,2010-12-31,2011-12-30,252,consistent_overlap,5.5130299924665245e-05,False,yahoo,complete,legacy_symbol_unattributed
2011,2011-12-31,LH,0000920148,corroborated_candidate,253,253,2010-12-31,2011-12-30,253,2010-12-31,2011-12-30,252,consistent_overlap,1.9017839596469082e-06,False,yahoo,complete,legacy_symbol_unattributed
2011,2011-12-31,LIFE,0001073431,confirmed_by_multiple_evidence,253,0,,,0,,,0,insufficient_overlap,,False,,incomplete_prices,legacy_symbol_unattributed
2011,2011-12-31,LLL,,,253,0,,,0,,,0,insufficient_overlap,,False,,identity_unresolved,legacy_symbol_unattributed
2011,2011-12-31,LLTC,0000791907,corroborated_candidate,253,0,,,253,2010-12-31,2011-12-30,0,insufficient_overlap,,False,,archive_adjustment_unverified,legacy_symbol_unattributed
2011,2011-12-31,LLY,0000059478,corroborated_candidate,253,253,2010-12-31,2011-12-30,253,2010-12-31,2011-12-30,252,consistent_overlap,3.362198005288919e-06,False,yahoo,complete,legacy_symbol_unattributed
2011,2011-12-31,LM,0000704051,confirmed_by_multiple_evidence,253,0,,,253,2010-12-31,2011-12-30,0,insufficient_overlap,,False,,archive_adjustment_unverified,legacy_symbol_unattributed
2011,2011-12-31,LMT,0000936468,confirmed_by_multiple_evidence,253,253,2010-12-31,2011-12-30,253,2010-12-31,2011-12-30,252,consistent_overlap,1.8985371600210856e-06,False,yahoo,complete,legacy_symbol_unattributed
2011,2011-12-31,LNC,0000059558,corroborated_candidate,253,253,2010-12-31,2011-12-30,253,2010-12-31,2011-12-30,252,consistent_overlap,7.42984037824801e-06,False,yahoo,complete,legacy_symbol_unattributed
2011,2011-12-31,LO,0001424847,corroborated_candidate,253,0,,,253,2010-12-31,2011-12-30,0,insufficient_overlap,,False,,archive_adjustment_unverified,legacy_symbol_unattributed
2011,2011-12-31,LOW,0000060667,corroborated_candidate,253,253,2010-12-31,2011-12-30,253,2010-12-31,2011-12-30,252,consistent_overlap,4.668435152715978e-06,False,yahoo,complete,legacy_symbol_unattributed
2011,2011-12-31,LSI,0000703360,corroborated_candidate,253,0,,,253,2010-12-31,2011-12-30,0,insufficient_overlap,,False,,archive_adjustment_unverified,legacy_symbol_unattributed
2011,2011-12-31,LUV,0000092380,corroborated_candidate,253,253,2010-12-31,2011-12-30,253,2010-12-31,2011-12-30,252,consistent_overlap,1.0768031512295997e-05,False,yahoo,complete,legacy_symbol_unattributed
2011,2011-12-31,LXK,0001001288,corroborated_candidate,253,0,,,253,2010-12-31,2011-12-30,0,insufficient_overlap,,False,,archive_adjustment_unverified,legacy_symbol_unattributed
2011,2011-12-31,M,0000794367,confirmed_by_multiple_evidence,253,253,2010-12-31,2011-12-30,253,2010-12-31,2011-12-30,252,consistent_overlap,5.785509525977341e-06,False,yahoo,complete,legacy_symbol_unattributed
2011,2011-12-31,MA,0001141391,confirmed_by_multiple_evidence,253,253,2010-12-31,2011-12-30,253,2010-12-31,2011-12-30,252,consistent_overlap,3.7090477940626715e-06,False,yahoo,complete,legacy_symbol_unattributed
2011,2011-12-31,MAR,0001048286,confirmed_by_multiple_evidence,253,253,2010-12-31,2011-12-30,253,2010-12-31,2011-12-30,252,consistent_overlap,0.0011292610685863442,False,yahoo,complete,legacy_symbol_unattributed
2011,2011-12-31,MAS,0000062996,corroborated_candidate,253,253,2010-12-31,2011-12-30,253,2010-12-31,2011-12-30,252,divergent_overlap,0.00564091853444816,False,yahoo,complete,legacy_symbol_unattributed
2011,2011-12-31,MAT,0000063276,confirmed_by_multiple_evidence,253,253,2010-12-31,2011-12-30,253,2010-12-31,2011-12-30,252,consistent_overlap,0.0001946804452489126,False,yahoo,complete,legacy_symbol_unattributed
2011,2011-12-31,MCD,0000063908,confirmed_by_multiple_evidence,253,253,2010-12-31,2011-12-30,253,2010-12-31,2011-12-30,252,consistent_overlap,1.7171491140666188e-06,False,yahoo,complete,legacy_symbol_unattributed
2011,2011-12-31,MCHP,0000827054,corroborated_candidate,253,253,2010-12-31,2011-12-30,253,2010-12-31,2011-12-30,252,consistent_overlap,6.252727233287517e-05,False,yahoo,complete,legacy_symbol_unattributed
2011,2011-12-31,MCK,0000927653,corroborated_candidate,253,253,2010-12-31,2011-12-30,253,2010-12-31,2011-12-30,252,consistent_overlap,1.6965902034415948e-06,False,yahoo,complete,legacy_symbol_unattributed
2011,2011-12-31,MCO,0001059556,confirmed_by_multiple_evidence,253,253,2010-12-31,2011-12-30,253,2010-12-31,2011-12-30,252,consistent_overlap,3.0948984008272182e-06,False,yahoo,complete,legacy_symbol_unattributed
2011,2011-12-31,MDLZ,,,253,253,2010-12-31,2011-12-30,253,2010-12-31,2011-12-30,252,consistent_overlap,0.002757346029540733,False,,identity_unresolved,legacy_symbol_unattributed
2011,2011-12-31,MDT,0001613103,corroborated_candidate,253,253,2010-12-31,2011-12-30,253,2010-12-31,2011-12-30,252,consistent_overlap,3.37173256816037e-06,False,yahoo,complete,legacy_symbol_unattributed
2011,2011-12-31,MET,0001099219,corroborated_candidate,253,253,2010-12-31,2011-12-30,253,2010-12-31,2011-12-30,252,consistent_overlap,4.275633072128308e-06,False,yahoo,complete,legacy_symbol_unattributed
2011,2011-12-31,MHS,0001170650,corroborated_candidate,253,0,,,253,2010-12-31,2011-12-30,0,insufficient_overlap,,False,,archive_adjustment_unverified,legacy_symbol_unattributed
2011,2011-12-31,MJN,0001452575,corroborated_candidate,253,0,,,253,2010-12-31,2011-12-30,0,insufficient_overlap,,False,,archive_adjustment_unverified,legacy_symbol_unattributed
2011,2011-12-31,MKC,0000063754,corroborated_candidate,253,253,2010-12-31,2011-12-30,253,2010-12-31,2011-12-30,252,consistent_overlap,4.63733287223933e-06,False,yahoo,complete,legacy_symbol_unattributed
2011,2011-12-31,MMC,0000062709,confirmed_by_multiple_evidence,253,253,2010-12-31,2011-12-30,253,2010-12-31,2011-12-30,252,consistent_overlap,4.183049658931237e-06,False,yahoo,complete,legacy_symbol_unattributed
2011,2011-12-31,MMI,0001495569,corroborated_candidate,253,0,,,0,,,0,insufficient_overlap,,False,,incomplete_prices,legacy_symbol_unattributed
2011,2011-12-31,MMM,0000066740,corroborated_candidate,253,253,2010-12-31,2011-12-30,253,2010-12-31,2011-12-30,252,consistent_overlap,2.2413396999199105e-06,False,yahoo,complete,legacy_symbol_unattributed
2011,2011-12-31,MO,0000764180,confirmed_by_multiple_evidence,253,253,2010-12-31,2011-12-30,253,2010-12-31,2011-12-30,252,consistent_overlap,0.0001791782100241757,False,yahoo,complete,legacy_symbol_unattributed
2011,2011-12-31,MOLX,0000067472,corroborated_candidate,253,0,,,253,2010-12-31,2011-12-30,0,insufficient_overlap,,False,,archive_adjustment_unverified,legacy_symbol_unattributed
2011,2011-12-31,MON,0001110783,corroborated_candidate,253,0,,,0,,,0,insufficient_overlap,,False,,incomplete_prices,legacy_symbol_unattributed
2011,2011-12-31,MOS,0001285785,corroborated_candidate,253,253,2010-12-31,2011-12-30,253,2010-12-31,2011-12-30,252,consistent_overlap,2.2078444308037973e-06,False,yahoo,complete,legacy_symbol_unattributed
2011,2011-12-31,MPC,0001510295,confirmed_by_multiple_evidence,253,132,2011-06-24,2011-12-30,133,2011-06-23,2011-12-30,131,consistent_overlap,6.908875306743666e-06,False,,incomplete_prices,legacy_symbol_unattributed
2011,2011-12-31,MRK,0000310158,confirmed_by_multiple_evidence,253,253,2010-12-31,2011-12-30,253,2010-12-31,2011-12-30,252,consistent_overlap,5.4172814615638395e-06,False,yahoo,complete,legacy_symbol_unattributed
2011,2011-12-31,MRO,0000101778,corroborated_candidate,253,0,,,253,2010-12-31,2011-12-30,0,insufficient_overlap,,False,,archive_adjustment_unverified,legacy_symbol_unattributed
2011,2011-12-31,MS,0000895421,confirmed_by_multiple_evidence,253,253,2010-12-31,2011-12-30,253,2010-12-31,2011-12-30,252,consistent_overlap,7.683833650263817e-06,False,yahoo,complete,legacy_symbol_unattributed
2011,2011-12-31,MSFT,0000789019,confirmed_by_multiple_evidence,253,253,2010-12-31,2011-12-30,253,2010-12-31,2011-12-30,252,consistent_overlap,4.05054795425075e-06,False,yahoo,complete,legacy_symbol_unattributed
2011,2011-12-31,MSI,0000068505,corroborated_candidate,253,253,2010-12-31,2011-12-30,253,2010-12-31,2011-12-30,252,consistent_overlap,2.7680419010833746e-06,False,yahoo,complete,legacy_symbol_unattributed
2011,2011-12-31,MTB,0000036270,confirmed_by_multiple_evidence,253,253,2010-12-31,2011-12-30,253,2010-12-31,2011-12-30,252,consistent_overlap,1.9435222285679736e-06,False,yahoo,complete,legacy_symbol_unattributed
2011,2011-12-31,MU,0000723125,corroborated_candidate,253,253,2010-12-31,2011-12-30,253,2010-12-31,2011-12-30,252,consistent_overlap,0.0009209655637243069,False,yahoo,complete,legacy_symbol_unattributed
2011,2011-12-31,MUR,0000717423,confirmed_by_multiple_evidence,253,253,2010-12-31,2011-12-30,253,2010-12-31,2011-12-30,252,consistent_overlap,0.003842026307366695,False,yahoo,complete,legacy_symbol_unattributed
2011,2011-12-31,MWV,0001159297,confirmed_by_multiple_evidence,253,0,,,253,2010-12-31,2011-12-30,0,insufficient_overlap,,False,,archive_adjustment_unverified,legacy_symbol_unattributed
2011,2011-12-31,MYL,0001623613,corroborated_candidate,253,0,,,253,2010-12-31,2011-12-30,0,insufficient_overlap,,False,,archive_adjustment_unverified,legacy_symbol_unattributed
2011,2011-12-31,NBL,0000072207,corroborated_candidate,253,0,,,253,2010-12-31,2011-12-30,0,insufficient_overlap,,False,,archive_adjustment_unverified,legacy_symbol_unattributed
2011,2011-12-31,NBR,0001163739,corroborated_candidate,253,253,2010-12-31,2011-12-30,253,2010-12-31,2011-12-30,252,consistent_overlap,5.236054379276213e-07,False,yahoo,complete,legacy_symbol_unattributed
2011,2011-12-31,NDAQ,0001120193,confirmed_by_multiple_evidence,253,253,2010-12-31,2011-12-30,253,2010-12-31,2011-12-30,252,consistent_overlap,0.00010930435493311963,False,yahoo,complete,legacy_symbol_unattributed
2011,2011-12-31,NE,0001458891,confirmed_by_multiple_evidence,253,0,,,0,,,0,insufficient_overlap,,False,,incomplete_prices,legacy_symbol_unattributed
2011,2011-12-31,NEE,0000753308,corroborated_candidate,253,253,2010-12-31,2011-12-30,253,2010-12-31,2011-12-30,252,consistent_overlap,9.889378910447059e-06,False,yahoo,complete,legacy_symbol_unattributed
2011,2011-12-31,NEM,0001164727,corroborated_candidate,253,253,2010-12-31,2011-12-30,253,2010-12-31,2011-12-30,252,consistent_overlap,2.1768417281109455e-06,False,yahoo,complete,legacy_symbol_unattributed
2011,2011-12-31,NFLX,0001065280,corroborated_candidate,253,253,2010-12-31,2011-12-30,253,2010-12-31,2011-12-30,252,consistent_overlap,3.0495188075657745e-05,False,yahoo,complete,legacy_symbol_unattributed
2011,2011-12-31,NFX,0000912750,corroborated_candidate,253,0,,,253,2010-12-31,2011-12-30,0,insufficient_overlap,,False,,archive_adjustment_unverified,legacy_symbol_unattributed
2011,2011-12-31,NI,0001111711,corroborated_candidate,253,253,2010-12-31,2011-12-30,253,2010-12-31,2011-12-30,252,consistent_overlap,2.3325801844854557e-05,False,yahoo,complete,legacy_symbol_unattributed
2011,2011-12-31,NKE,0000320187,confirmed_by_multiple_evidence,253,253,2010-12-31,2011-12-30,253,2010-12-31,2011-12-30,252,consistent_overlap,4.986932253573386e-06,False,yahoo,complete,legacy_symbol_unattributed
2011,2011-12-31,NOC,0001133421,corroborated_candidate,253,253,2010-12-31,2011-12-30,253,2010-12-31,2011-12-30,252,consistent_overlap,2.2917485921669647e-06,False,yahoo,complete,legacy_symbol_unattributed
2011,2011-12-31,NOV,0001021860,confirmed_by_multiple_evidence,253,253,2010-12-31,2011-12-30,253,2010-12-31,2011-12-30,252,consistent_overlap,1.8353316443231482e-06,False,yahoo,complete,legacy_symbol_unattributed
2011,2011-12-31,NRG,0001013871,corroborated_candidate,253,253,2010-12-31,2011-12-30,253,2010-12-31,2011-12-30,252,consistent_overlap,6.243194925241725e-06,False,yahoo,complete,legacy_symbol_unattributed
2011,2011-12-31,NSC,0000702165,corroborated_candidate,253,253,2010-12-31,2011-12-30,253,2010-12-31,2011-12-30,252,consistent_overlap,1.6390432944368704e-06,False,yahoo,complete,legacy_symbol_unattributed
2011,2011-12-31,NTAP,0001002047,confirmed_by_multiple_evidence,253,253,2010-12-31,2011-12-30,253,2010-12-31,2011-12-30,252,consistent_overlap,0.00013548971544320666,False,yahoo,complete,legacy_symbol_unattributed
2011,2011-12-31,NTRS,0000073124,confirmed_by_multiple_evidence,253,253,2010-12-31,2011-12-30,253,2010-12-31,2011-12-30,252,consistent_overlap,0.0001105914472341374,False,yahoo,complete,legacy_symbol_unattributed
2011,2011-12-31,NUE,0000073309,confirmed_by_multiple_evidence,253,253,2010-12-31,2011-12-30,253,2010-12-31,2011-12-30,252,consistent_overlap,7.630597710939282e-06,False,yahoo,complete,legacy_symbol_unattributed
2011,2011-12-31,NVDA,0001045810,corroborated_candidate,253,253,2010-12-31,2011-12-30,253,2010-12-31,2011-12-30,252,consistent_overlap,0.0004026922452415961,False,yahoo,complete,legacy_symbol_unattributed
2011,2011-12-31,NVLS,0000836106,confirmed_by_multiple_evidence,253,0,,,253,2010-12-31,2011-12-30,0,insufficient_overlap,,False,,archive_adjustment_unverified,legacy_symbol_unattributed
2011,2011-12-31,NWL,0000814453,confirmed_by_multiple_evidence,253,253,2010-12-31,2011-12-30,253,2010-12-31,2011-12-30,252,consistent_overlap,1.202833020519157e-05,False,yahoo,complete,legacy_symbol_unattributed
2011,2011-12-31,NYX,0001368007,corroborated_candidate,253,0,,,253,2010-12-31,2011-12-30,0,insufficient_overlap,,False,,archive_adjustment_unverified,legacy_symbol_unattributed
2011,2011-12-31,OI,0000812074,corroborated_candidate,253,253,2010-12-31,2011-12-30,253,2010-12-31,2011-12-30,252,consistent_overlap,4.7669278492845655e-06,False,yahoo,complete,legacy_symbol_unattributed
2011,2011-12-31,OKE,0001039684,corroborated_candidate,253,253,2010-12-31,2011-12-30,253,2010-12-31,2011-12-30,252,divergent_overlap,0.0075629585904082265,False,yahoo,complete,legacy_symbol_unattributed
2011,2011-12-31,OMC,0000029989,corroborated_candidate,253,253,2010-12-31,2011-12-30,253,2010-12-31,2011-12-30,252,consistent_overlap,3.171224841733711e-06,False,yahoo,complete,legacy_symbol_unattributed
2011,2011-12-31,ORCL,0001341439,confirmed_by_multiple_evidence,253,253,2010-12-31,2011-12-30,253,2010-12-31,2011-12-30,252,consistent_overlap,0.0001852446864309777,False,yahoo,complete,legacy_symbol_unattributed
2011,2011-12-31,ORLY,0000898173,corroborated_candidate,253,253,2010-12-31,2011-12-30,253,2010-12-31,2011-12-30,252,consistent_overlap,1.9977446484409357e-07,False,yahoo,complete,legacy_symbol_unattributed
2011,2011-12-31,OXY,0000797468,corroborated_candidate,253,253,2010-12-31,2011-12-30,253,2010-12-31,2011-12-30,252,consistent_overlap,1.8020119269124297e-06,False,yahoo,complete,legacy_symbol_unattributed
2011,2011-12-31,PAYX,0000723531,corroborated_candidate,253,253,2010-12-31,2011-12-30,253,2010-12-31,2011-12-30,252,consistent_overlap,0.0001698118391157777,False,yahoo,complete,legacy_symbol_unattributed
2011,2011-12-31,PBCT,0001378946,confirmed_by_multiple_evidence,253,0,,,253,2010-12-31,2011-12-30,0,insufficient_overlap,,False,,archive_adjustment_unverified,legacy_symbol_unattributed
2011,2011-12-31,PBI,0000078814,corroborated_candidate,253,253,2010-12-31,2011-12-30,253,2010-12-31,2011-12-30,252,consistent_overlap,8.37989978448861e-06,False,yahoo,complete,legacy_symbol_unattributed
2011,2011-12-31,PCAR,0000075362,confirmed_by_multiple_evidence,253,253,2010-12-31,2011-12-30,253,2010-12-31,2011-12-30,252,consistent_overlap,0.00013733872180907272,False,yahoo,complete,legacy_symbol_unattributed
2011,2011-12-31,PCG,0001004980,corroborated_candidate,253,253,2010-12-31,2011-12-30,253,2010-12-31,2011-12-30,252,consistent_overlap,2.679075512830309e-06,False,yahoo,complete,legacy_symbol_unattributed
2011,2011-12-31,PCL,0000849213,corroborated_candidate,253,0,,,253,2010-12-31,2011-12-30,0,insufficient_overlap,,False,,archive_adjustment_unverified,legacy_symbol_unattributed
2011,2011-12-31,PCP,0000079958,confirmed_by_multiple_evidence,253,0,,,253,2010-12-31,2011-12-30,0,insufficient_overlap,,False,,archive_adjustment_unverified,legacy_symbol_unattributed
2011,2011-12-31,PDCO,0000891024,confirmed_by_multiple_evidence,253,0,,,253,2010-12-31,2011-12-30,0,insufficient_overlap,,False,,archive_adjustment_unverified,legacy_symbol_unattributed
2011,2011-12-31,PEG,0000788784,confirmed_by_multiple_evidence,253,253,2010-12-31,2011-12-30,253,2010-12-31,2011-12-30,252,consistent_overlap,4.680662142205749e-06,False,yahoo,complete,legacy_symbol_unattributed
2011,2011-12-31,PEP,0000077476,confirmed_by_multiple_evidence,253,253,2010-12-31,2011-12-30,253,2010-12-31,2011-12-30,252,consistent_overlap,2.1821234117414005e-06,False,yahoo,complete,legacy_symbol_unattributed
2011,2011-12-31,PFE,0000078003,confirmed_by_multiple_evidence,253,253,2010-12-31,2011-12-30,253,2010-12-31,2011-12-30,252,consistent_overlap,0.00024701957980193033,False,yahoo,complete,legacy_symbol_unattributed
2011,2011-12-31,PFG,0001126328,corroborated_candidate,253,253,2010-12-31,2011-12-30,253,2010-12-31,2011-12-30,252,consistent_overlap,5.708875932073367e-06,False,yahoo,complete,legacy_symbol_unattributed
2011,2011-12-31,PG,0000080424,confirmed_by_multiple_evidence,253,253,2010-12-31,2011-12-30,253,2010-12-31,2011-12-30,252,consistent_overlap,1.9440675144632993e-06,False,yahoo,complete,legacy_symbol_unattributed
2011,2011-12-31,PGN,0001094093,corroborated_candidate,253,0,,,0,,,0,insufficient_overlap,,False,,incomplete_prices,legacy_symbol_unattributed
2011,2011-12-31,PGR,0000080661,confirmed_by_multiple_evidence,253,253,2010-12-31,2011-12-30,253,2010-12-31,2011-12-30,252,consistent_overlap,6.958372202323649e-06,False,yahoo,complete,legacy_symbol_unattributed
2011,2011-12-31,PH,0000076334,confirmed_by_multiple_evidence,253,253,2010-12-31,2011-12-30,253,2010-12-31,2011-12-30,252,consistent_overlap,1.734964053397016e-06,False,yahoo,complete,legacy_symbol_unattributed
2011,2011-12-31,PHM,0000822416,corroborated_candidate,253,253,2010-12-31,2011-12-30,253,2010-12-31,2011-12-30,252,consistent_overlap,2.073175445399978e-05,False,yahoo,complete,legacy_symbol_unattributed
2011,2011-12-31,PKI,0000031791,corroborated_candidate,253,0,,,253,2010-12-31,2011-12-30,0,insufficient_overlap,,False,,archive_adjustment_unverified,legacy_symbol_unattributed
2011,2011-12-31,PLD,0001045609,confirmed_by_multiple_evidence,253,253,2010-12-31,2011-12-30,253,2010-12-31,2011-12-30,252,consistent_overlap,0.0001749359850132526,False,yahoo,complete,legacy_symbol_unattributed
2011,2011-12-31,PLL,0000075829,corroborated_candidate,253,0,,,0,,,0,insufficient_overlap,,False,,incomplete_prices,legacy_symbol_unattributed
2011,2011-12-31,PM,0001413329,corroborated_candidate,253,253,2010-12-31,2011-12-30,253,2010-12-31,2011-12-30,252,consistent_overlap,2.7299817266135417e-06,False,yahoo,complete,legacy_symbol_unattributed
2011,2011-12-31,PNC,0000713676,confirmed_by_multiple_evidence,253,253,2010-12-31,2011-12-30,253,2010-12-31,2011-12-30,252,consistent_overlap,2.7490830957210887e-06,False,yahoo,complete,legacy_symbol_unattributed
2011,2011-12-31,PNW,0000764622,corroborated_candidate,253,253,2010-12-31,2011-12-30,253,2010-12-31,2011-12-30,252,consistent_overlap,3.889622469610554e-06,False,yahoo,complete,legacy_symbol_unattributed
2011,2011-12-31,POM,0001135971,confirmed_by_multiple_evidence,253,0,,,253,2010-12-31,2011-12-30,0,insufficient_overlap,,False,,archive_adjustment_unverified,legacy_symbol_unattributed
2011,2011-12-31,PPG,0000079879,confirmed_by_multiple_evidence,253,253,2010-12-31,2011-12-30,253,2010-12-31,2011-12-30,252,consistent_overlap,2.9131035319607267e-06,False,yahoo,complete,legacy_symbol_unattributed
2011,2011-12-31,PPL,0000922224,corroborated_candidate,253,253,2010-12-31,2011-12-30,253,2010-12-31,2011-12-30,252,consistent_overlap,4.3335492980640675e-05,False,yahoo,complete,legacy_symbol_unattributed
2011,2011-12-31,PRGO,0001585364,corroborated_candidate,253,253,2010-12-31,2011-12-30,253,2010-12-31,2011-12-30,252,consistent_overlap,1.2905835296016526e-05,False,yahoo,complete,legacy_symbol_unattributed
2011,2011-12-31,PRU,0001137774,confirmed_by_multiple_evidence,253,253,2010-12-31,2011-12-30,253,2010-12-31,2011-12-30,252,consistent_overlap,3.0919104413307254e-06,False,yahoo,complete,legacy_symbol_unattributed
2011,2011-12-31,PSA,0001393311,corroborated_candidate,253,253,2010-12-31,2011-12-30,253,2010-12-31,2011-12-30,252,consistent_overlap,1.3973624072871618e-06,False,yahoo,complete,legacy_symbol_unattributed
2011,2011-12-31,PWR,0001050915,confirmed_by_multiple_evidence,253,253,2010-12-31,2011-12-30,253,2010-12-31,2011-12-30,252,consistent_overlap,5.04651813916457e-06,False,yahoo,complete,legacy_symbol_unattributed
2011,2011-12-31,PX,0000884905,confirmed_by_multiple_evidence,253,0,,,0,,,0,insufficient_overlap,,False,,incomplete_prices,legacy_symbol_unattributed
2011,2011-12-31,PXD,0001038357,confirmed_by_multiple_evidence,253,0,,,253,2010-12-31,2011-12-30,0,insufficient_overlap,,False,,archive_adjustment_unverified,legacy_symbol_unattributed
2011,2011-12-31,QCOM,0000804328,corroborated_candidate,253,253,2010-12-31,2011-12-30,253,2010-12-31,2011-12-30,252,consistent_overlap,9.800597759690999e-05,False,yahoo,complete,legacy_symbol_unattributed
2011,2011-12-31,QEP,0001108827,corroborated_candidate,253,0,,,253,2010-12-31,2011-12-30,0,insufficient_overlap,,False,,archive_adjustment_unverified,legacy_symbol_unattributed
2011,2011-12-31,R,0000085961,corroborated_candidate,253,253,2010-12-31,2011-12-30,253,2010-12-31,2011-12-30,252,consistent_overlap,2.9545392862384557e-06,False,yahoo,complete,legacy_symbol_unattributed
2011,2011-12-31,RAI,0001275283,corroborated_candidate,253,0,,,253,2010-12-31,2011-12-30,0,insufficient_overlap,,False,,archive_adjustment_unverified,legacy_symbol_unattributed
2011,2011-12-31,RDC,,,253,0,,,253,2010-12-31,2011-12-30,0,insufficient_overlap,,False,,identity_unresolved,legacy_symbol_unattributed
2011,2011-12-31,RF,0001281761,confirmed_by_multiple_evidence,253,253,2010-12-31,2011-12-30,253,2010-12-31,2011-12-30,252,consistent_overlap,3.4614348791832694e-05,False,yahoo,complete,legacy_symbol_unattributed
2011,2011-12-31,RHI,0000315213,confirmed_by_multiple_evidence,253,253,2010-12-31,2011-12-30,253,2010-12-31,2011-12-30,252,consistent_overlap,5.0287607557097984e-06,False,yahoo,complete,legacy_symbol_unattributed
2011,2011-12-31,RHT,0001087423,confirmed_by_multiple_evidence,253,0,,,253,2010-12-31,2011-12-30,0,insufficient_overlap,,False,,archive_adjustment_unverified,legacy_symbol_unattributed
2011,2011-12-31,RL,0001037038,corroborated_candidate,253,253,2010-12-31,2011-12-30,253,2010-12-31,2011-12-30,252,consistent_overlap,1.020225315677692e-06,False,yahoo,complete,legacy_symbol_unattributed
2011,2011-12-31,ROK,0001024478,corroborated_candidate,253,253,2010-12-31,2011-12-30,253,2010-12-31,2011-12-30,252,consistent_overlap,1.7819613971714612e-06,False,yahoo,complete,legacy_symbol_unattributed
2011,2011-12-31,ROP,0000882835,corroborated_candidate,253,253,2010-12-31,2011-12-30,253,2010-12-31,2011-12-30,252,consistent_overlap,1.5405186445982547e-06,False,yahoo,complete,legacy_symbol_unattributed
2011,2011-12-31,ROST,0000745732,corroborated_candidate,253,253,2010-12-31,2011-12-30,253,2010-12-31,2011-12-30,252,consistent_overlap,6.660535109159649e-05,False,yahoo,complete,legacy_symbol_unattributed
2011,2011-12-31,RRC,0000315852,confirmed_by_multiple_evidence,253,253,2010-12-31,2011-12-30,253,2010-12-31,2011-12-30,252,consistent_overlap,1.7511910637946217e-06,False,yahoo,complete,legacy_symbol_unattributed
2011,2011-12-31,RRD,0000029669,confirmed_by_multiple_evidence,253,0,,,253,2010-12-31,2011-12-30,0,insufficient_overlap,,False,,archive_adjustment_unverified,legacy_symbol_unattributed
2011,2011-12-31,RSG,0001060391,corroborated_candidate,253,253,2010-12-31,2011-12-30,253,2010-12-31,2011-12-30,252,consistent_overlap,3.947382630984377e-06,False,yahoo,complete,legacy_symbol_unattributed
2011,2011-12-31,RTN,0001047122,confirmed_by_multiple_evidence,253,0,,,253,2010-12-31,2011-12-30,0,insufficient_overlap,,False,,archive_adjustment_unverified,legacy_symbol_unattributed
2011,2011-12-31,S,0000101830,confirmed_by_multiple_evidence,253,0,,,0,,,0,insufficient_overlap,,False,,incomplete_prices,legacy_symbol_unattributed
2011,2011-12-31,SBUX,0000829224,corroborated_candidate,253,253,2010-12-31,2011-12-30,253,2010-12-31,2011-12-30,252,consistent_overlap,0.003405481791974296,False,yahoo,complete,legacy_symbol_unattributed
2011,2011-12-31,SCG,0000754737,corroborated_candidate,253,0,,,253,2010-12-31,2011-12-30,0,insufficient_overlap,,False,,archive_adjustment_unverified,legacy_symbol_unattributed
2011,2011-12-31,SCHW,0000316709,confirmed_by_multiple_evidence,253,253,2010-12-31,2011-12-30,253,2010-12-31,2011-12-30,252,consistent_overlap,0.0002767719057273799,False,yahoo,complete,legacy_symbol_unattributed
2011,2011-12-31,SE,0001373835,confirmed_by_multiple_evidence,253,0,,,0,,,0,insufficient_overlap,,False,,incomplete_prices,legacy_symbol_unattributed
2011,2011-12-31,SEE,0001012100,confirmed_by_multiple_evidence,253,0,,,253,2010-12-31,2011-12-30,0,insufficient_overlap,,False,,archive_adjustment_unverified,legacy_symbol_unattributed
2011,2011-12-31,SHLD,0001310067,confirmed_by_multiple_evidence,253,0,,,0,,,0,insufficient_overlap,,False,,incomplete_prices,legacy_symbol_unattributed
2011,2011-12-31,SHW,0000089800,corroborated_candidate,253,253,2010-12-31,2011-12-30,253,2010-12-31,2011-12-30,252,consistent_overlap,3.689153498003251e-06,False,yahoo,complete,legacy_symbol_unattributed
2011,2011-12-31,SIAL,0000090185,corroborated_candidate,253,0,,,253,2010-12-31,2011-12-30,0,insufficient_overlap,,False,,archive_adjustment_unverified,legacy_symbol_unattributed
2011,2011-12-31,SJM,0000091419,corroborated_candidate,253,253,2010-12-31,2011-12-30,253,2010-12-31,2011-12-30,252,consistent_overlap,1.8834436756320911e-06,False,yahoo,complete,legacy_symbol_unattributed
2011,2011-12-31,SLB,0000087347,confirmed_by_multiple_evidence,253,253,2010-12-31,2011-12-30,253,2010-12-31,2011-12-30,252,consistent_overlap,1.949954018142242e-06,False,yahoo,complete,legacy_symbol_unattributed
2011,2011-12-31,SLM,0001032033,corroborated_candidate,253,253,2010-12-31,2011-12-30,253,2010-12-31,2011-12-30,252,consistent_overlap,2.1597129899567638e-05,False,yahoo,complete,legacy_symbol_unattributed
2011,2011-12-31,SNA,0000091440,confirmed_by_multiple_evidence,253,253,2010-12-31,2011-12-30,253,2010-12-31,2011-12-30,252,consistent_overlap,2.3571366462249465e-06,False,yahoo,complete,legacy_symbol_unattributed
2011,2011-12-31,SNDK,0001000180,corroborated_candidate,253,0,,,0,,,0,insufficient_overlap,,False,,incomplete_prices,legacy_symbol_unattributed
2011,2011-12-31,SNI,0001430602,corroborated_candidate,253,0,,,253,2010-12-31,2011-12-30,0,insufficient_overlap,,False,,archive_adjustment_unverified,legacy_symbol_unattributed
2011,2011-12-31,SO,0000092122,corroborated_candidate,253,253,2010-12-31,2011-12-30,253,2010-12-31,2011-12-30,252,consistent_overlap,3.893502127992892e-06,False,yahoo,complete,legacy_symbol_unattributed
2011,2011-12-31,SPG,0001063761,corroborated_candidate,253,253,2010-12-31,2011-12-30,253,2010-12-31,2011-12-30,252,consistent_overlap,2.8665602230937386e-06,False,yahoo,complete,legacy_symbol_unattributed
2011,2011-12-31,SPGI,0000064040,corroborated_candidate,253,253,2010-12-31,2011-12-30,253,2010-12-31,2011-12-30,252,consistent_overlap,3.0389697118593526e-06,False,yahoo,complete,legacy_symbol_unattributed
2011,2011-12-31,SPLS,0000791519,corroborated_candidate,253,0,,,253,2010-12-31,2011-12-30,0,insufficient_overlap,,False,,archive_adjustment_unverified,legacy_symbol_unattributed
2011,2011-12-31,SRCL,0000861878,confirmed_by_multiple_evidence,253,0,,,253,2010-12-31,2011-12-30,0,insufficient_overlap,,False,,archive_adjustment_unverified,legacy_symbol_unattributed
2011,2011-12-31,SRE,,,253,253,2010-12-31,2011-12-30,253,2010-12-31,2011-12-30,252,consistent_overlap,6.226951552606222e-05,False,,identity_unresolved,legacy_symbol_unattributed
2011,2011-12-31,STI,0000750556,confirmed_by_multiple_evidence,253,0,,,0,,,0,insufficient_overlap,,False,,incomplete_prices,legacy_symbol_unattributed
2011,2011-12-31,STJ,0000203077,corroborated_candidate,253,0,,,253,2010-12-31,2011-12-30,0,insufficient_overlap,,False,,archive_adjustment_unverified,legacy_symbol_unattributed
2011,2011-12-31,STT,0000093751,corroborated_candidate,253,253,2010-12-31,2011-12-30,253,2010-12-31,2011-12-30,252,consistent_overlap,3.36690086088165e-06,False,yahoo,complete,legacy_symbol_unattributed
2011,2011-12-31,STZ,0000016918,corroborated_candidate,253,253,2010-12-31,2011-12-30,253,2010-12-31,2011-12-30,252,consistent_overlap,4.965428676882989e-06,False,yahoo,complete,legacy_symbol_unattributed
2011,2011-12-31,SUN,0000095304,confirmed_by_multiple_evidence,253,0,,,0,,,0,insufficient_overlap,,False,,incomplete_prices,legacy_symbol_unattributed
2011,2011-12-31,SVU,0000095521,corroborated_candidate,253,0,,,253,2010-12-31,2011-12-30,0,insufficient_overlap,,False,,archive_adjustment_unverified,legacy_symbol_unattributed
2011,2011-12-31,SWK,0000093556,confirmed_by_multiple_evidence,253,253,2010-12-31,2011-12-30,253,2010-12-31,2011-12-30,252,consistent_overlap,2.136912526494728e-06,False,yahoo,complete,legacy_symbol_unattributed
2011,2011-12-31,SWN,0000007332,confirmed_by_multiple_evidence,253,0,,,253,2010-12-31,2011-12-30,0,insufficient_overlap,,False,,archive_adjustment_unverified,legacy_symbol_unattributed
2011,2011-12-31,SWY,0000086144,corroborated_candidate,253,0,,,253,2010-12-31,2011-12-30,0,insufficient_overlap,,False,,archive_adjustment_unverified,legacy_symbol_unattributed
2011,2011-12-31,SYK,0000310764,confirmed_by_multiple_evidence,253,253,2010-12-31,2011-12-30,253,2010-12-31,2011-12-30,252,consistent_overlap,2.6426432757697965e-06,False,yahoo,complete,legacy_symbol_unattributed
2011,2011-12-31,SYMC,0000849399,corroborated_candidate,253,0,,,253,2010-12-31,2011-12-30,0,insufficient_overlap,,False,,archive_adjustment_unverified,legacy_symbol_unattributed
2011,2011-12-31,SYY,0000096021,corroborated_candidate,253,253,2010-12-31,2011-12-30,253,2010-12-31,2011-12-30,252,consistent_overlap,4.6410454481748986e-06,False,yahoo,complete,legacy_symbol_unattributed
2011,2011-12-31,T,0000732717,corroborated_candidate,253,253,2010-12-31,2011-12-30,253,2010-12-31,2011-12-30,252,consistent_overlap,0.004572454419577076,False,yahoo,complete,legacy_symbol_unattributed
2011,2011-12-31,TAP,0000024545,confirmed_by_multiple_evidence,253,253,2010-12-31,2011-12-30,253,2010-12-31,2011-12-30,252,consistent_overlap,2.7907986019404255e-06,False,yahoo,complete,legacy_symbol_unattributed
2011,2011-12-31,TDC,0000816761,confirmed_by_multiple_evidence,253,253,2010-12-31,2011-12-30,253,2010-12-31,2011-12-30,252,consistent_overlap,2.029021898445338e-06,False,yahoo,complete,legacy_symbol_unattributed
2011,2011-12-31,TE,0000350563,confirmed_by_multiple_evidence,253,0,,,0,,,0,insufficient_overlap,,False,,incomplete_prices,legacy_symbol_unattributed
2011,2011-12-31,TEG,0000916863,corroborated_candidate,253,0,,,253,2010-12-31,2011-12-30,0,insufficient_overlap,,False,,archive_adjustment_unverified,legacy_symbol_unattributed
2011,2011-12-31,TEL,0001385157,corroborated_candidate,253,253,2010-12-31,2011-12-30,253,2010-12-31,2011-12-30,252,consistent_overlap,3.4129903813440185e-06,False,yahoo,complete,legacy_symbol_unattributed
2011,2011-12-31,TER,0000097210,confirmed_by_multiple_evidence,253,253,2010-12-31,2011-12-30,253,2010-12-31,2011-12-30,252,consistent_overlap,8.612061702608646e-06,False,yahoo,complete,legacy_symbol_unattributed
2011,2011-12-31,TGNA,,,253,0,,,253,2010-12-31,2011-12-30,0,insufficient_overlap,,False,,identity_unresolved,legacy_symbol_unattributed
2011,2011-12-31,TGT,0000027419,corroborated_candidate,253,253,2010-12-31,2011-12-30,253,2010-12-31,2011-12-30,252,consistent_overlap,2.467807281341811e-05,False,yahoo,complete,legacy_symbol_unattributed
2011,2011-12-31,THC,0000070318,corroborated_candidate,253,253,2010-12-31,2011-12-30,253,2010-12-31,2011-12-30,252,consistent_overlap,7.897136079071388e-08,False,yahoo,complete,legacy_symbol_unattributed
2011,2011-12-31,TIE,0001011657,corroborated_candidate,253,0,,,253,2010-12-31,2011-12-30,0,insufficient_overlap,,False,,archive_adjustment_unverified,legacy_symbol_unattributed
2011,2011-12-31,TIF,0000098246,confirmed_by_multiple_evidence,253,0,,,253,2010-12-31,2011-12-30,0,insufficient_overlap,,False,,archive_adjustment_unverified,legacy_symbol_unattributed
2011,2011-12-31,TJX,0000109198,confirmed_by_multiple_evidence,253,253,2010-12-31,2011-12-30,253,2010-12-31,2011-12-30,252,consistent_overlap,8.388190475288052e-06,False,yahoo,complete,legacy_symbol_unattributed
2011,2011-12-31,TMK,0000320335,confirmed_by_multiple_evidence,253,0,,,253,2010-12-31,2011-12-30,0,insufficient_overlap,,False,,archive_adjustment_unverified,legacy_symbol_unattributed
2011,2011-12-31,TMO,0000097745,corroborated_candidate,253,253,2010-12-31,2011-12-30,253,2010-12-31,2011-12-30,252,consistent_overlap,1.6887495536077602e-06,False,yahoo,complete,legacy_symbol_unattributed
2011,2011-12-31,TMUS,,,253,253,2010-12-31,2011-12-30,253,2010-12-31,2011-12-30,252,consistent_overlap,1.1283996598427944e-05,False,,identity_unresolved,legacy_symbol_unattributed
2011,2011-12-31,TPR,,,253,253,2010-12-31,2011-12-30,253,2010-12-31,2011-12-30,252,consistent_overlap,2.2557916688670245e-06,False,,identity_unresolved,legacy_symbol_unattributed
2011,2011-12-31,TRIP,0001526520,corroborated_candidate,253,17,2011-12-07,2011-12-30,17,2011-12-07,2011-12-30,16,insufficient_overlap,,False,,incomplete_prices,legacy_symbol_unattributed
2011,2011-12-31,TROW,,,253,253,2010-12-31,2011-12-30,253,2010-12-31,2011-12-30,252,consistent_overlap,9.659095612052804e-05,False,,identity_unresolved,legacy_symbol_unattributed
2011,2011-12-31,TRV,0000086312,corroborated_candidate,253,253,2010-12-31,2011-12-30,253,2010-12-31,2011-12-30,252,consistent_overlap,2.419225065817266e-06,False,yahoo,complete,legacy_symbol_unattributed
2011,2011-12-31,TSN,0000100493,corroborated_candidate,253,253,2010-12-31,2011-12-30,253,2010-12-31,2011-12-30,252,consistent_overlap,7.077105893156245e-06,False,yahoo,complete,legacy_symbol_unattributed
2011,2011-12-31,TSS,0000721683,confirmed_by_multiple_evidence,253,0,,,253,2010-12-31,2011-12-30,0,insufficient_overlap,,False,,archive_adjustment_unverified,legacy_symbol_unattributed
2011,2011-12-31,TWC,0001377013,corroborated_candidate,253,0,,,253,2010-12-31,2011-12-30,0,insufficient_overlap,,False,,archive_adjustment_unverified,legacy_symbol_unattributed
2011,2011-12-31,TWX,0001105705,corroborated_candidate,253,0,,,253,2010-12-31,2011-12-30,0,insufficient_overlap,,False,,archive_adjustment_unverified,legacy_symbol_unattributed
2011,2011-12-31,TXN,0000097476,corroborated_candidate,253,253,2010-12-31,2011-12-30,253,2010-12-31,2011-12-30,252,consistent_overlap,4.3636009028791305e-06,False,yahoo,complete,legacy_symbol_unattributed
2011,2011-12-31,TXT,0000217346,corroborated_candidate,253,253,2010-12-31,2011-12-30,253,2010-12-31,2011-12-30,252,consistent_overlap,5.344755039722316e-06,False,yahoo,complete,legacy_symbol_unattributed
2011,2011-12-31,UNH,0000731766,corroborated_candidate,253,253,2010-12-31,2011-12-30,253,2010-12-31,2011-12-30,252,consistent_overlap,8.80643396719006e-06,False,yahoo,complete,legacy_symbol_unattributed
2011,2011-12-31,UNM,0000005513,confirmed_by_multiple_evidence,253,253,2010-12-31,2011-12-30,253,2010-12-31,2011-12-30,252,consistent_overlap,5.658521570799382e-06,False,yahoo,complete,legacy_symbol_unattributed
2011,2011-12-31,UNP,0000100885,corroborated_candidate,253,253,2010-12-31,2011-12-30,253,2010-12-31,2011-12-30,252,consistent_overlap,2.8008431692172493e-06,False,yahoo,complete,legacy_symbol_unattributed
2011,2011-12-31,UPS,0001090727,confirmed_by_multiple_evidence,253,253,2010-12-31,2011-12-30,253,2010-12-31,2011-12-30,252,consistent_overlap,2.3185218605381594e-06,False,yahoo,complete,legacy_symbol_unattributed
2011,2011-12-31,URBN,0000912615,confirmed_by_multiple_evidence,253,253,2010-12-31,2011-12-30,253,2010-12-31,2011-12-30,252,consistent_overlap,8.810879475573694e-08,False,yahoo,complete,legacy_symbol_unattributed
2011,2011-12-31,USB,0000036104,confirmed_by_multiple_evidence,253,253,2010-12-31,2011-12-30,253,2010-12-31,2011-12-30,252,consistent_overlap,5.733354619682497e-06,False,yahoo,complete,legacy_symbol_unattributed
2011,2011-12-31,UTX,0000101829,corroborated_candidate,253,0,,,253,2010-12-31,2011-12-30,0,insufficient_overlap,,False,,archive_adjustment_unverified,legacy_symbol_unattributed
2011,2011-12-31,V,0001403161,corroborated_candidate,253,253,2010-12-31,2011-12-30,253,2010-12-31,2011-12-30,252,consistent_overlap,5.466269789602407e-06,False,yahoo,complete,legacy_symbol_unattributed
2011,2011-12-31,VAR,0000203527,confirmed_by_multiple_evidence,253,0,,,253,2010-12-31,2011-12-30,0,insufficient_overlap,,False,,archive_adjustment_unverified,legacy_symbol_unattributed
2011,2011-12-31,VFC,0000103379,confirmed_by_multiple_evidence,253,253,2010-12-31,2011-12-30,253,2010-12-31,2011-12-30,252,consistent_overlap,5.314328089208734e-06,False,yahoo,complete,legacy_symbol_unattributed
2011,2011-12-31,VIAB,0001339947,corroborated_candidate,253,0,,,253,2010-12-31,2011-12-30,0,insufficient_overlap,,False,,archive_adjustment_unverified,legacy_symbol_unattributed
2011,2011-12-31,VIAV,,,253,0,,,253,2010-12-31,2011-12-30,0,insufficient_overlap,,False,,identity_unresolved,legacy_symbol_unattributed
2011,2011-12-31,VLO,0001035002,corroborated_candidate,253,253,2010-12-31,2011-12-30,253,2010-12-31,2011-12-30,252,consistent_overlap,0.0018504729944955522,False,yahoo,complete,legacy_symbol_unattributed
2011,2011-12-31,VMC,0001396009,confirmed_by_multiple_evidence,253,253,2010-12-31,2011-12-30,253,2010-12-31,2011-12-30,252,consistent_overlap,3.139741896260873e-06,False,yahoo,complete,legacy_symbol_unattributed
2011,2011-12-31,VNO,0000899689,corroborated_candidate,253,253,2010-12-31,2011-12-30,253,2010-12-31,2011-12-30,252,consistent_overlap,3.325745101712133e-06,False,yahoo,complete,legacy_symbol_unattributed
2011,2011-12-31,VRSN,0001014473,corroborated_candidate,253,253,2010-12-31,2011-12-30,253,2010-12-31,2011-12-30,252,consistent_overlap,0.0001594325463347135,False,yahoo,complete,legacy_symbol_unattributed
2011,2011-12-31,VTR,0000740260,corroborated_candidate,253,253,2010-12-31,2011-12-30,253,2010-12-31,2011-12-30,252,consistent_overlap,0.00019808008645871847,False,yahoo,complete,legacy_symbol_unattributed
2011,2011-12-31,VZ,0000732712,confirmed_by_multiple_evidence,253,253,2010-12-31,2011-12-30,253,2010-12-31,2011-12-30,252,consistent_overlap,4.550078454551577e-06,False,yahoo,complete,legacy_symbol_unattributed
2011,2011-12-31,WAT,0001000697,corroborated_candidate,253,253,2010-12-31,2011-12-30,253,2010-12-31,2011-12-30,252,consistent_overlap,8.517803662622115e-08,False,yahoo,complete,legacy_symbol_unattributed
2011,2011-12-31,WBA,0001618921,corroborated_candidate,253,0,,,253,2010-12-31,2011-12-30,0,insufficient_overlap,,False,,archive_adjustment_unverified,legacy_symbol_unattributed
2011,2011-12-31,WDC,0000106040,confirmed_by_multiple_evidence,253,253,2010-12-31,2011-12-30,253,2010-12-31,2011-12-30,252,consistent_overlap,7.060946967822894e-06,False,yahoo,complete,legacy_symbol_unattributed
2011,2011-12-31,WEC,0000783325,corroborated_candidate,253,253,2010-12-31,2011-12-30,253,2010-12-31,2011-12-30,252,consistent_overlap,4.382740660091589e-06,False,yahoo,complete,legacy_symbol_unattributed
2011,2011-12-31,WELL,0000766704,corroborated_candidate,253,253,2010-12-31,2011-12-30,253,2010-12-31,2011-12-30,252,consistent_overlap,2.990304155536805e-06,False,yahoo,complete,legacy_symbol_unattributed
2011,2011-12-31,WFC,0000072971,corroborated_candidate,253,253,2010-12-31,2011-12-30,253,2010-12-31,2011-12-30,252,consistent_overlap,4.663098665417254e-06,False,yahoo,complete,legacy_symbol_unattributed
2011,2011-12-31,WFM,0000865436,corroborated_candidate,253,0,,,253,2010-12-31,2011-12-30,0,insufficient_overlap,,False,,archive_adjustment_unverified,legacy_symbol_unattributed
2011,2011-12-31,WHR,0000106640,corroborated_candidate,253,253,2010-12-31,2011-12-30,253,2010-12-31,2011-12-30,252,consistent_overlap,2.8463824586455484e-06,False,yahoo,complete,legacy_symbol_unattributed
2011,2011-12-31,WIN,0001282266,corroborated_candidate,253,0,,,253,2010-12-31,2011-12-30,0,insufficient_overlap,,False,,archive_adjustment_unverified,legacy_symbol_unattributed
2011,2011-12-31,WLP,0001156039,reviewed_alias,253,0,,,0,,,0,insufficient_overlap,,False,,incomplete_prices,legacy_symbol_unattributed
2011,2011-12-31,WM,0000823768,confirmed_by_multiple_evidence,253,253,2010-12-31,2011-12-30,253,2010-12-31,2011-12-30,252,consistent_overlap,3.5127980937366135e-06,False,yahoo,complete,legacy_symbol_unattributed
2011,2011-12-31,WMB,0000107263,corroborated_candidate,253,253,2010-12-31,2011-12-30,253,2010-12-31,2011-12-30,252,consistent_overlap,9.7355522554532e-06,False,yahoo,complete,legacy_symbol_unattributed
2011,2011-12-31,WMT,0000104169,corroborated_candidate,253,253,2010-12-31,2011-12-30,253,2010-12-31,2011-12-30,252,consistent_overlap,4.4140206984078e-05,False,yahoo,complete,legacy_symbol_unattributed
2011,2011-12-31,WU,0001365135,corroborated_candidate,253,253,2010-12-31,2011-12-30,253,2010-12-31,2011-12-30,252,consistent_overlap,9.047912896529294e-06,False,yahoo,complete,legacy_symbol_unattributed
2011,2011-12-31,WY,0000106535,confirmed_by_multiple_evidence,253,253,2010-12-31,2011-12-30,253,2010-12-31,2011-12-30,252,consistent_overlap,7.825157800807061e-06,False,yahoo,complete,legacy_symbol_unattributed
2011,2011-12-31,WYND,,,253,0,,,0,,,0,insufficient_overlap,,False,,identity_unresolved,legacy_symbol_unattributed
2011,2011-12-31,WYNN,0001174922,confirmed_by_multiple_evidence,253,253,2010-12-31,2011-12-30,253,2010-12-31,2011-12-30,252,consistent_overlap,1.3920489187631005e-05,False,yahoo,complete,legacy_symbol_unattributed
2011,2011-12-31,X,0001163302,confirmed_by_multiple_evidence,253,0,,,253,2010-12-31,2011-12-30,0,insufficient_overlap,,False,,archive_adjustment_unverified,legacy_symbol_unattributed
2011,2011-12-31,XEL,0000072903,corroborated_candidate,253,253,2010-12-31,2011-12-30,253,2010-12-31,2011-12-30,252,consistent_overlap,5.923856611746993e-06,False,yahoo,complete,legacy_symbol_unattributed
2011,2011-12-31,XL,0000875159,corroborated_candidate,253,0,,,0,,,0,insufficient_overlap,,False,,incomplete_prices,legacy_symbol_unattributed
2011,2011-12-31,XLNX,0000743988,corroborated_candidate,253,0,,,253,2010-12-31,2011-12-30,0,insufficient_overlap,,False,,archive_adjustment_unverified,legacy_symbol_unattributed
2011,2011-12-31,XOM,,,253,253,2010-12-31,2011-12-30,253,2010-12-31,2011-12-30,252,consistent_overlap,2.2430137956130915e-06,False,,identity_unresolved,legacy_symbol_unattributed
2011,2011-12-31,XRAY,0000818479,confirmed_by_multiple_evidence,253,253,2010-12-31,2011-12-30,253,2010-12-31,2011-12-30,252,consistent_overlap,0.000141075841007895,False,yahoo,complete,legacy_symbol_unattributed
2011,2011-12-31,XRX,,,253,253,2010-12-31,2011-12-30,253,2010-12-31,2011-12-30,252,consistent_overlap,5.0954420139666154e-05,False,,identity_unresolved,legacy_symbol_unattributed
2011,2011-12-31,XYL,0001524472,corroborated_candidate,253,55,2011-10-13,2011-12-30,55,2011-10-13,2011-12-30,54,insufficient_overlap,,False,,incomplete_prices,legacy_symbol_unattributed
2011,2011-12-31,YUM,0001041061,corroborated_candidate,253,253,2010-12-31,2011-12-30,253,2010-12-31,2011-12-30,252,consistent_overlap,0.00480839664672835,False,yahoo,complete,legacy_symbol_unattributed
2011,2011-12-31,ZBH,,,253,253,2010-12-31,2011-12-30,253,2010-12-31,2011-12-30,252,consistent_overlap,2.0444484526849217e-06,False,,identity_unresolved,legacy_symbol_unattributed
2011,2011-12-31,ZION,0000109380,confirmed_by_multiple_evidence,253,253,2010-12-31,2011-12-30,253,2010-12-31,2011-12-30,252,consistent_overlap,0.000285181798287858,False,yahoo,complete,legacy_symbol_unattributed
2011,2011-12-31,SPY,,benchmark,253,253,2010-12-31,2011-12-30,0,,,0,not_applicable,,False,yahoo,complete,benchmark
2012,2012-12-31,A,0001090872,corroborated_candidate,253,253,2011-12-28,2012-12-31,253,2011-12-28,2012-12-31,252,consistent_overlap,5.034245676416306e-06,False,yahoo,complete,legacy_symbol_unattributed
2012,2012-12-31,AABA,,,253,0,,,253,2011-12-28,2012-12-31,0,insufficient_overlap,,False,,identity_unresolved,legacy_symbol_unattributed
2012,2012-12-31,AAPL,0000320193,confirmed_by_multiple_evidence,253,253,2011-12-28,2012-12-31,253,2011-12-28,2012-12-31,252,consistent_overlap,7.917693837391493e-06,False,yahoo,complete,legacy_symbol_unattributed
2012,2012-12-31,ABC,0001140859,corroborated_candidate,253,0,,,253,2011-12-28,2012-12-31,0,insufficient_overlap,,False,,archive_adjustment_unverified,legacy_symbol_unattributed
2012,2012-12-31,ABT,0000001800,corroborated_candidate,253,253,2011-12-28,2012-12-31,253,2011-12-28,2012-12-31,252,consistent_overlap,4.082136955718685e-06,False,yahoo,complete,legacy_symbol_unattributed
2012,2012-12-31,ACN,0001467373,confirmed_by_multiple_evidence,253,253,2011-12-28,2012-12-31,253,2011-12-28,2012-12-31,252,consistent_overlap,2.0220970907425255e-06,False,yahoo,complete,legacy_symbol_unattributed
2012,2012-12-31,ADBE,0000796343,corroborated_candidate,253,253,2011-12-28,2012-12-31,253,2011-12-28,2012-12-31,252,consistent_overlap,0.0001664385823469128,False,yahoo,complete,legacy_symbol_unattributed
2012,2012-12-31,ADI,0000006281,corroborated_candidate,253,253,2011-12-28,2012-12-31,253,2011-12-28,2012-12-31,252,consistent_overlap,3.3186297417708843e-06,False,yahoo,complete,legacy_symbol_unattributed
2012,2012-12-31,ADM,0000007084,corroborated_candidate,253,253,2011-12-28,2012-12-31,253,2011-12-28,2012-12-31,252,consistent_overlap,2.044517289468001e-05,False,yahoo,complete,legacy_symbol_unattributed
2012,2012-12-31,ADP,0000008670,corroborated_candidate,253,253,2011-12-28,2012-12-31,253,2011-12-28,2012-12-31,252,consistent_overlap,3.3373222301535956e-06,False,yahoo,complete,legacy_symbol_unattributed
2012,2012-12-31,ADSK,0000769397,confirmed_by_multiple_evidence,253,253,2011-12-28,2012-12-31,253,2011-12-28,2012-12-31,252,consistent_overlap,0.00015636635996664873,False,yahoo,complete,legacy_symbol_unattributed
2012,2012-12-31,ADT,0001546640,confirmed_by_multiple_evidence,253,0,,,0,,,0,insufficient_overlap,,False,,incomplete_prices,legacy_symbol_unattributed
2012,2012-12-31,AEE,0001002910,confirmed_by_multiple_evidence,253,253,2011-12-28,2012-12-31,253,2011-12-28,2012-12-31,252,consistent_overlap,4.363936638724921e-06,False,yahoo,complete,legacy_symbol_unattributed
2012,2012-12-31,AEP,0000004904,corroborated_candidate,253,253,2011-12-28,2012-12-31,253,2011-12-28,2012-12-31,252,consistent_overlap,3.6618914094099814e-06,False,yahoo,complete,legacy_symbol_unattributed
2012,2012-12-31,AES,0000874761,confirmed_by_multiple_evidence,253,253,2011-12-28,2012-12-31,253,2011-12-28,2012-12-31,252,consistent_overlap,1.1479251490653653e-05,False,yahoo,complete,legacy_symbol_unattributed
2012,2012-12-31,AET,0001122304,corroborated_candidate,253,0,,,253,2011-12-28,2012-12-31,0,insufficient_overlap,,False,,archive_adjustment_unverified,legacy_symbol_unattributed
2012,2012-12-31,AFL,0000004977,confirmed_by_multiple_evidence,253,253,2011-12-28,2012-12-31,253,2011-12-28,2012-12-31,252,consistent_overlap,5.1663246699285035e-06,False,yahoo,complete,legacy_symbol_unattributed
2012,2012-12-31,AGN,,,253,0,,,253,2011-12-28,2012-12-31,0,insufficient_overlap,,True,,ticker_recycled,legacy_symbol_unattributed
2012,2012-12-31,AIG,0000005272,corroborated_candidate,253,253,2011-12-28,2012-12-31,253,2011-12-28,2012-12-31,252,consistent_overlap,3.8140974205558302e-06,False,yahoo,complete,legacy_symbol_unattributed
2012,2012-12-31,AIV,0000922864,corroborated_candidate,253,253,2011-12-28,2012-12-31,253,2011-12-28,2012-12-31,252,divergent_overlap,0.006952402461117598,False,yahoo,complete,legacy_symbol_unattributed
2012,2012-12-31,AIZ,0001267238,confirmed_by_multiple_evidence,253,253,2011-12-28,2012-12-31,253,2011-12-28,2012-12-31,252,consistent_overlap,3.207637477321557e-06,False,yahoo,complete,legacy_symbol_unattributed
2012,2012-12-31,AKAM,0001086222,corroborated_candidate,253,253,2011-12-28,2012-12-31,253,2011-12-28,2012-12-31,252,consistent_overlap,0.00013383886191825178,False,yahoo,complete,legacy_symbol_unattributed
2012,2012-12-31,ALL,0000899051,corroborated_candidate,253,253,2011-12-28,2012-12-31,253,2011-12-28,2012-12-31,252,consistent_overlap,3.4193419236738805e-06,False,yahoo,complete,legacy_symbol_unattributed
2012,2012-12-31,ALTR,0000768251,corroborated_candidate,253,0,,,0,,,0,insufficient_overlap,,False,,incomplete_prices,legacy_symbol_unattributed
2012,2012-12-31,ALXN,0000899866,corroborated_candidate,253,0,,,253,2011-12-28,2012-12-31,0,insufficient_overlap,,False,,archive_adjustment_unverified,legacy_symbol_unattributed
2012,2012-12-31,AMAT,0000006951,corroborated_candidate,253,253,2011-12-28,2012-12-31,253,2011-12-28,2012-12-31,252,consistent_overlap,0.000486515862407525,False,yahoo,complete,legacy_symbol_unattributed
2012,2012-12-31,AMD,0000002488,confirmed_by_multiple_evidence,253,253,2011-12-28,2012-12-31,253,2011-12-28,2012-12-31,252,consistent_overlap,0.00016902496137712335,False,yahoo,complete,legacy_symbol_unattributed
2012,2012-12-31,AMGN,0000318154,corroborated_candidate,253,253,2011-12-28,2012-12-31,253,2011-12-28,2012-12-31,252,consistent_overlap,2.012891579370458e-06,False,yahoo,complete,legacy_symbol_unattributed
2012,2012-12-31,AMP,0000820027,corroborated_candidate,253,253,2011-12-28,2012-12-31,253,2011-12-28,2012-12-31,252,consistent_overlap,2.3964372933293913e-06,False,yahoo,complete,legacy_symbol_unattributed
2012,2012-12-31,AMT,0001053507,corroborated_candidate,253,253,2011-12-28,2012-12-31,253,2011-12-28,2012-12-31,252,consistent_overlap,1.8991546350699556e-06,False,yahoo,complete,legacy_symbol_unattributed
2012,2012-12-31,AMZN,0001018724,confirmed_by_multiple_evidence,253,253,2011-12-28,2012-12-31,253,2011-12-28,2012-12-31,252,consistent_overlap,2.3335386801452975e-05,False,yahoo,complete,legacy_symbol_unattributed
2012,2012-12-31,AN,0000350698,confirmed_by_multiple_evidence,253,253,2011-12-28,2012-12-31,253,2011-12-28,2012-12-31,252,consistent_overlap,9.325737721388452e-08,False,yahoo,complete,legacy_symbol_unattributed
2012,2012-12-31,ANDV,0000050104,corroborated_candidate,253,0,,,253,2011-12-28,2012-12-31,0,insufficient_overlap,,False,,archive_adjustment_unverified,legacy_symbol_unattributed
2012,2012-12-31,ANF,0001018840,corroborated_candidate,253,253,2011-12-28,2012-12-31,253,2011-12-28,2012-12-31,252,consistent_overlap,3.4386956765886106e-06,False,yahoo,complete,legacy_symbol_unattributed
2012,2012-12-31,AON,0000315293,corroborated_candidate,253,253,2011-12-28,2012-12-31,253,2011-12-28,2012-12-31,252,consistent_overlap,5.850195947552156e-06,False,yahoo,complete,legacy_symbol_unattributed
2012,2012-12-31,APA,,,253,253,2011-12-28,2012-12-31,253,2011-12-28,2012-12-31,252,consistent_overlap,1.6259636697069098e-06,False,,identity_unresolved,legacy_symbol_unattributed
2012,2012-12-31,APC,0000773910,confirmed_by_multiple_evidence,253,0,,,253,2011-12-28,2012-12-31,0,insufficient_overlap,,False,,archive_adjustment_unverified,legacy_symbol_unattributed
2012,2012-12-31,APD,0000002969,corroborated_candidate,253,253,2011-12-28,2012-12-31,253,2011-12-28,2012-12-31,252,divergent_overlap,0.007270996068779801,False,yahoo,complete,legacy_symbol_unattributed
2012,2012-12-31,APH,0000820313,corroborated_candidate,253,253,2011-12-28,2012-12-31,253,2011-12-28,2012-12-31,252,consistent_overlap,2.695128283667803e-05,False,yahoo,complete,legacy_symbol_unattributed
2012,2012-12-31,APOL,0000929887,corroborated_candidate,253,0,,,253,2011-12-28,2012-12-31,0,insufficient_overlap,,False,,archive_adjustment_unverified,legacy_symbol_unattributed
2012,2012-12-31,APTV,0001521332,corroborated_candidate,253,253,2011-12-28,2012-12-31,253,2011-12-28,2012-12-31,252,consistent_overlap,3.866473917355507e-06,False,yahoo,complete,legacy_symbol_unattributed
2012,2012-12-31,ARG,0000804212,confirmed_by_multiple_evidence,253,0,,,253,2011-12-28,2012-12-31,0,insufficient_overlap,,False,,archive_adjustment_unverified,legacy_symbol_unattributed
2012,2012-12-31,ARNC,,,253,0,,,0,,,0,insufficient_overlap,,False,,identity_unresolved,legacy_symbol_unattributed
2012,2012-12-31,ATI,0001018963,corroborated_candidate,253,253,2011-12-28,2012-12-31,253,2011-12-28,2012-12-31,252,consistent_overlap,3.371115323389518e-06,False,yahoo,complete,legacy_symbol_unattributed
2012,2012-12-31,AVB,0000915912,corroborated_candidate,253,0,,,253,2011-12-28,2012-12-31,0,insufficient_overlap,,False,,archive_adjustment_unverified,legacy_symbol_unattributed
2012,2012-12-31,AVP,0000008868,corroborated_candidate,253,0,,,253,2011-12-28,2012-12-31,0,insufficient_overlap,,False,,archive_adjustment_unverified,legacy_symbol_unattributed
2012,2012-12-31,AVY,0000008818,corroborated_candidate,253,253,2011-12-28,2012-12-31,253,2011-12-28,2012-12-31,252,consistent_overlap,4.061701590707401e-06,False,yahoo,complete,legacy_symbol_unattributed
2012,2012-12-31,AXP,0000004962,confirmed_by_multiple_evidence,253,253,2011-12-28,2012-12-31,253,2011-12-28,2012-12-31,252,consistent_overlap,2.180614471640752e-06,False,yahoo,complete,legacy_symbol_unattributed
2012,2012-12-31,AZO,0000866787,confirmed_by_multiple_evidence,253,253,2011-12-28,2012-12-31,253,2011-12-28,2012-12-31,252,consistent_overlap,7.057839450874682e-08,False,yahoo,complete,legacy_symbol_unattributed
2012,2012-12-31,BA,0000012927,corroborated_candidate,253,253,2011-12-28,2012-12-31,253,2011-12-28,2012-12-31,252,consistent_overlap,1.4690895170377252e-06,False,yahoo,complete,legacy_symbol_unattributed
2012,2012-12-31,BAC,0000070858,corroborated_candidate,253,253,2011-12-28,2012-12-31,253,2011-12-28,2012-12-31,252,consistent_overlap,0.000609721520855014,False,yahoo,complete,legacy_symbol_unattributed
2012,2012-12-31,BAX,0000010456,confirmed_by_multiple_evidence,253,253,2011-12-28,2012-12-31,253,2011-12-28,2012-12-31,252,divergent_overlap,0.006285173748253555,False,yahoo,complete,legacy_symbol_unattributed
2012,2012-12-31,BBBY,0000886158,corroborated_candidate,253,0,,,253,2011-12-28,2012-12-31,0,insufficient_overlap,,False,,archive_adjustment_unverified,legacy_symbol_unattributed
2012,2012-12-31,BBT,0000092230,corroborated_candidate,253,253,2011-12-28,2012-12-31,253,2011-12-28,2012-12-31,252,divergent_overlap,0.034032699469937144,False,yahoo,complete,legacy_symbol_unattributed
2012,2012-12-31,BBY,0000764478,corroborated_candidate,253,253,2011-12-28,2012-12-31,253,2011-12-28,2012-12-31,252,consistent_overlap,7.5623509482369864e-06,False,yahoo,complete,legacy_symbol_unattributed
2012,2012-12-31,BCR,0000009892,confirmed_by_multiple_evidence,253,0,,,253,2011-12-28,2012-12-31,0,insufficient_overlap,,False,,archive_adjustment_unverified,legacy_symbol_unattributed
2012,2012-12-31,BDX,0000010795,corroborated_candidate,253,253,2011-12-28,2012-12-31,253,2011-12-28,2012-12-31,252,consistent_overlap,3.649560431733262e-06,False,yahoo,complete,legacy_symbol_unattributed
2012,2012-12-31,BEAM,0000789073,confirmed_by_multiple_evidence,253,0,,,0,,,0,insufficient_overlap,,False,,incomplete_prices,legacy_symbol_unattributed
2012,2012-12-31,BEN,0000038777,corroborated_candidate,253,253,2011-12-28,2012-12-31,253,2011-12-28,2012-12-31,252,consistent_overlap,3.930063581228938e-06,False,yahoo,complete,legacy_symbol_unattributed
2012,2012-12-31,BF-B,0000014693,corroborated_candidate,253,253,2011-12-28,2012-12-31,0,,,0,insufficient_overlap,,False,yahoo,complete,legacy_symbol_unattributed
2012,2012-12-31,BHGE,,,253,0,,,0,,,0,insufficient_overlap,,False,,identity_unresolved,legacy_symbol_unattributed
2012,2012-12-31,BIG,0000768835,corroborated_candidate,253,0,,,253,2011-12-28,2012-12-31,0,insufficient_overlap,,False,,archive_adjustment_unverified,legacy_symbol_unattributed
2012,2012-12-31,BIIB,0000875045,corroborated_candidate,253,253,2011-12-28,2012-12-31,253,2011-12-28,2012-12-31,252,consistent_overlap,9.533942985084923e-08,False,yahoo,complete,legacy_symbol_unattributed
2012,2012-12-31,BK,0001390777,confirmed_by_multiple_evidence,253,253,2011-12-28,2012-12-31,253,2011-12-28,2012-12-31,252,consistent_overlap,5.825600676011566e-06,False,yahoo,complete,legacy_symbol_unattributed
2012,2012-12-31,BKNG,0001075531,corroborated_candidate,253,253,2011-12-28,2012-12-31,253,2011-12-28,2012-12-31,252,consistent_overlap,7.131471825344571e-06,False,yahoo,complete,legacy_symbol_unattributed
2012,2012-12-31,BLK,,,253,253,2011-12-28,2012-12-31,253,2011-12-28,2012-12-31,252,consistent_overlap,1.029210494284394e-06,False,,identity_unresolved,legacy_symbol_unattributed
2012,2012-12-31,BLL,0000009389,corroborated_candidate,253,0,,,253,2011-12-28,2012-12-31,0,insufficient_overlap,,False,,archive_adjustment_unverified,legacy_symbol_unattributed
2012,2012-12-31,BMC,0000835729,corroborated_candidate,253,0,,,253,2011-12-28,2012-12-31,0,insufficient_overlap,,False,,archive_adjustment_unverified,legacy_symbol_unattributed
2012,2012-12-31,BMS,0000011199,corroborated_candidate,253,0,,,253,2011-12-28,2012-12-31,0,insufficient_overlap,,False,,archive_adjustment_unverified,legacy_symbol_unattributed
2012,2012-12-31,BMY,0000014272,corroborated_candidate,253,253,2011-12-28,2012-12-31,253,2011-12-28,2012-12-31,252,consistent_overlap,3.827610809729045e-06,False,yahoo,complete,legacy_symbol_unattributed
2012,2012-12-31,BRCM,0001054374,corroborated_candidate,253,0,,,253,2011-12-28,2012-12-31,0,insufficient_overlap,,False,,archive_adjustment_unverified,legacy_symbol_unattributed
2012,2012-12-31,BRK-B,,,253,253,2011-12-28,2012-12-31,0,,,0,insufficient_overlap,,False,,identity_unresolved,legacy_symbol_unattributed
2012,2012-12-31,BSX,0000885725,corroborated_candidate,253,253,2011-12-28,2012-12-31,253,2011-12-28,2012-12-31,252,consistent_overlap,6.955084938975454e-08,False,yahoo,complete,legacy_symbol_unattributed
2012,2012-12-31,BTUUQ,,,253,0,,,253,2011-12-28,2012-12-31,0,insufficient_overlap,,False,,identity_unresolved,legacy_symbol_unattributed
2012,2012-12-31,BWA,0000908255,corroborated_candidate,253,253,2011-12-28,2012-12-31,253,2011-12-28,2012-12-31,252,consistent_overlap,3.723766395085094e-06,False,yahoo,complete,legacy_symbol_unattributed
2012,2012-12-31,BXP,0001037540,corroborated_candidate,253,253,2011-12-28,2012-12-31,253,2011-12-28,2012-12-31,252,consistent_overlap,1.4575722211529474e-06,False,yahoo,complete,legacy_symbol_unattributed
2012,2012-12-31,C,0000831001,corroborated_candidate,253,253,2011-12-28,2012-12-31,253,2011-12-28,2012-12-31,252,consistent_overlap,0.00016193142130526916,False,yahoo,complete,legacy_symbol_unattributed
2012,2012-12-31,CA,0000356028,corroborated_candidate,253,0,,,0,,,0,insufficient_overlap,,False,,incomplete_prices,legacy_symbol_unattributed
2012,2012-12-31,CAG,0000023217,corroborated_candidate,253,253,2011-12-28,2012-12-31,253,2011-12-28,2012-12-31,252,consistent_overlap,6.765252298719386e-06,False,yahoo,complete,legacy_symbol_unattributed
2012,2012-12-31,CAH,0000721371,confirmed_by_multiple_evidence,253,253,2011-12-28,2012-12-31,253,2011-12-28,2012-12-31,252,consistent_overlap,3.5770073266649953e-06,False,yahoo,complete,legacy_symbol_unattributed
2012,2012-12-31,CAM,0000941548,corroborated_candidate,253,0,,,253,2011-12-28,2012-12-31,0,insufficient_overlap,,False,,archive_adjustment_unverified,legacy_symbol_unattributed
2012,2012-12-31,CAT,0000018230,corroborated_candidate,253,253,2011-12-28,2012-12-31,253,2011-12-28,2012-12-31,252,consistent_overlap,1.7957937931512022e-06,False,yahoo,complete,legacy_symbol_unattributed
2012,2012-12-31,CB,,,253,253,2011-12-28,2012-12-31,253,2011-12-28,2012-12-31,252,consistent_overlap,1.6270763815740002e-06,False,,identity_unresolved,legacy_symbol_unattributed
2012,2012-12-31,CBRE,,,253,253,2011-12-28,2012-12-31,253,2011-12-28,2012-12-31,252,consistent_overlap,9.052012358790052e-08,False,,identity_unresolved,legacy_symbol_unattributed
2012,2012-12-31,CBS,0000813828,corroborated_candidate,253,0,,,253,2011-12-28,2012-12-31,0,insufficient_overlap,,False,,archive_adjustment_unverified,legacy_symbol_unattributed
2012,2012-12-31,CCE,0001491675,corroborated_candidate,253,0,,,253,2011-12-28,2012-12-31,0,insufficient_overlap,,False,,archive_adjustment_unverified,legacy_symbol_unattributed
2012,2012-12-31,CCI,0001051470,corroborated_candidate,253,253,2011-12-28,2012-12-31,253,2011-12-28,2012-12-31,252,consistent_overlap,2.4820033323402768e-06,False,yahoo,complete,legacy_symbol_unattributed
2012,2012-12-31,CCL,0000815097,corroborated_candidate,253,253,2011-12-28,2012-12-31,253,2011-12-28,2012-12-31,252,consistent_overlap,0.000159536702913764,False,yahoo,complete,legacy_symbol_unattributed
2012,2012-12-31,CELG,0000816284,corroborated_candidate,253,0,,,253,2011-12-28,2012-12-31,0,insufficient_overlap,,False,,archive_adjustment_unverified,legacy_symbol_unattributed
2012,2012-12-31,CERN,0000804753,corroborated_candidate,253,0,,,253,2011-12-28,2012-12-31,0,insufficient_overlap,,False,,archive_adjustment_unverified,legacy_symbol_unattributed
2012,2012-12-31,CF,0001324404,corroborated_candidate,253,253,2011-12-28,2012-12-31,253,2011-12-28,2012-12-31,252,consistent_overlap,3.806107784948277e-06,False,yahoo,complete,legacy_symbol_unattributed
2012,2012-12-31,CFN,0001457543,confirmed_by_multiple_evidence,253,0,,,253,2011-12-28,2012-12-31,0,insufficient_overlap,,False,,archive_adjustment_unverified,legacy_symbol_unattributed
2012,2012-12-31,CHK,0000895126,confirmed_by_multiple_evidence,253,0,,,0,,,0,insufficient_overlap,,False,,incomplete_prices,legacy_symbol_unattributed
2012,2012-12-31,CHRW,0001043277,confirmed_by_multiple_evidence,253,253,2011-12-28,2012-12-31,253,2011-12-28,2012-12-31,252,consistent_overlap,8.618587520758836e-05,False,yahoo,complete,legacy_symbol_unattributed
2012,2012-12-31,CI,,,253,253,2011-12-28,2012-12-31,253,2011-12-28,2012-12-31,252,consistent_overlap,2.274924811113133e-06,False,,identity_unresolved,legacy_symbol_unattributed
2012,2012-12-31,CINF,0000020286,confirmed_by_multiple_evidence,253,253,2011-12-28,2012-12-31,253,2011-12-28,2012-12-31,252,consistent_overlap,0.0001453076446788515,False,yahoo,complete,legacy_symbol_unattributed
2012,2012-12-31,CL,0000021665,corroborated_candidate,253,253,2011-12-28,2012-12-31,253,2011-12-28,2012-12-31,252,consistent_overlap,2.700756309317321e-06,False,yahoo,complete,legacy_symbol_unattributed
2012,2012-12-31,CLF,,,253,253,2011-12-28,2012-12-31,253,2011-12-28,2012-12-31,252,consistent_overlap,8.321885896736993e-05,False,,identity_unresolved,legacy_symbol_unattributed
2012,2012-12-31,CLX,0000021076,corroborated_candidate,253,253,2011-12-28,2012-12-31,253,2011-12-28,2012-12-31,252,consistent_overlap,1.997866457565945e-06,False,yahoo,complete,legacy_symbol_unattributed
2012,2012-12-31,CMA,0000028412,corroborated_candidate,253,0,,,253,2011-12-28,2012-12-31,0,insufficient_overlap,,False,,archive_adjustment_unverified,legacy_symbol_unattributed
2012,2012-12-31,CMCSA,0001166691,confirmed_by_multiple_evidence,253,253,2011-12-28,2012-12-31,253,2011-12-28,2012-12-31,252,consistent_overlap,0.0002504753069987992,False,yahoo,complete,legacy_symbol_unattributed
2012,2012-12-31,CME,0001156375,corroborated_candidate,253,253,2011-12-28,2012-12-31,253,2011-12-28,2012-12-31,252,consistent_overlap,8.409191525555638e-05,False,yahoo,complete,legacy_symbol_unattributed
2012,2012-12-31,CMG,0001058090,corroborated_candidate,253,253,2011-12-28,2012-12-31,253,2011-12-28,2012-12-31,252,consistent_overlap,8.931917986898527e-08,False,yahoo,complete,legacy_symbol_unattributed
2012,2012-12-31,CMI,0000026172,corroborated_candidate,253,253,2011-12-28,2012-12-31,253,2011-12-28,2012-12-31,252,consistent_overlap,1.4769378837575804e-06,False,yahoo,complete,legacy_symbol_unattributed
2012,2012-12-31,CMS,0000811156,confirmed_by_multiple_evidence,253,253,2011-12-28,2012-12-31,253,2011-12-28,2012-12-31,252,consistent_overlap,5.642022479483977e-06,False,yahoo,complete,legacy_symbol_unattributed
2012,2012-12-31,CNP,0001130310,corroborated_candidate,253,253,2011-12-28,2012-12-31,253,2011-12-28,2012-12-31,252,consistent_overlap,7.372359847335198e-06,False,yahoo,complete,legacy_symbol_unattributed
2012,2012-12-31,CNX,0001070412,corroborated_candidate,253,253,2011-12-28,2012-12-31,253,2011-12-28,2012-12-31,252,consistent_overlap,4.0953560329382046e-06,False,yahoo,complete,legacy_symbol_unattributed
2012,2012-12-31,COF,0000927628,confirmed_by_multiple_evidence,253,253,2011-12-28,2012-12-31,253,2011-12-28,2012-12-31,252,consistent_overlap,2.243067049614301e-06,False,yahoo,complete,legacy_symbol_unattributed
2012,2012-12-31,COG,0000858470,corroborated_candidate,253,0,,,253,2011-12-28,2012-12-31,0,insufficient_overlap,,False,,archive_adjustment_unverified,legacy_symbol_unattributed
2012,2012-12-31,COL,0001137411,corroborated_candidate,253,0,,,253,2011-12-28,2012-12-31,0,insufficient_overlap,,False,,archive_adjustment_unverified,legacy_symbol_unattributed
2012,2012-12-31,COP,0001163165,corroborated_candidate,253,253,2011-12-28,2012-12-31,253,2011-12-28,2012-12-31,252,consistent_overlap,5.599218983365395e-06,False,yahoo,complete,legacy_symbol_unattributed
2012,2012-12-31,COST,0000909832,confirmed_by_multiple_evidence,253,253,2011-12-28,2012-12-31,253,2011-12-28,2012-12-31,252,consistent_overlap,1.591521171606658e-06,False,yahoo,complete,legacy_symbol_unattributed
2012,2012-12-31,COV,0001385187,confirmed_by_multiple_evidence,253,0,,,118,2011-12-28,2012-06-15,0,insufficient_overlap,,False,,incomplete_prices,legacy_symbol_unattributed
2012,2012-12-31,CPB,0000016732,corroborated_candidate,253,253,2011-12-28,2012-12-31,253,2011-12-28,2012-12-31,252,consistent_overlap,3.6743716836507015e-06,False,yahoo,complete,legacy_symbol_unattributed
2012,2012-12-31,CRM,0001108524,confirmed_by_multiple_evidence,253,253,2011-12-28,2012-12-31,253,2011-12-28,2012-12-31,252,consistent_overlap,2.7507985642327704e-06,False,yahoo,complete,legacy_symbol_unattributed
2012,2012-12-31,CSCO,0000858877,confirmed_by_multiple_evidence,253,253,2011-12-28,2012-12-31,253,2011-12-28,2012-12-31,252,consistent_overlap,0.00030522935093605264,False,yahoo,complete,legacy_symbol_unattributed
2012,2012-12-31,CSX,0000277948,corroborated_candidate,253,253,2011-12-28,2012-12-31,253,2011-12-28,2012-12-31,252,consistent_overlap,1.9949608115246162e-05,False,yahoo,complete,legacy_symbol_unattributed
2012,2012-12-31,CTAS,0000723254,corroborated_candidate,253,253,2011-12-28,2012-12-31,253,2011-12-28,2012-12-31,252,consistent_overlap,1.1138331901571211e-05,False,yahoo,complete,legacy_symbol_unattributed
2012,2012-12-31,CTL,0000018926,corroborated_candidate,253,0,,,253,2011-12-28,2012-12-31,0,insufficient_overlap,,False,,archive_adjustment_unverified,legacy_symbol_unattributed
2012,2012-12-31,CTSH,0001058290,confirmed_by_multiple_evidence,253,253,2011-12-28,2012-12-31,253,2011-12-28,2012-12-31,252,consistent_overlap,7.817163818174323e-05,False,yahoo,complete,legacy_symbol_unattributed
2012,2012-12-31,CTXS,0000877890,confirmed_by_multiple_evidence,253,0,,,253,2011-12-28,2012-12-31,0,insufficient_overlap,,False,,archive_adjustment_unverified,legacy_symbol_unattributed
2012,2012-12-31,CVC,0001053112,corroborated_candidate,253,0,,,253,2011-12-28,2012-12-31,0,insufficient_overlap,,False,,archive_adjustment_unverified,legacy_symbol_unattributed
2012,2012-12-31,CVH,0001054833,corroborated_candidate,253,0,,,253,2011-12-28,2012-12-31,0,insufficient_overlap,,False,,archive_adjustment_unverified,legacy_symbol_unattributed
2012,2012-12-31,CVS,0000064803,corroborated_candidate,253,253,2011-12-28,2012-12-31,253,2011-12-28,2012-12-31,252,consistent_overlap,2.854833380205868e-06,False,yahoo,complete,legacy_symbol_unattributed
2012,2012-12-31,CVX,0000093410,corroborated_candidate,253,253,2011-12-28,2012-12-31,253,2011-12-28,2012-12-31,252,consistent_overlap,1.8238047874130638e-06,False,yahoo,complete,legacy_symbol_unattributed
2012,2012-12-31,D,,,253,253,2011-12-28,2012-12-31,253,2011-12-28,2012-12-31,252,consistent_overlap,1.0041079967633162e-05,False,,identity_unresolved,legacy_symbol_unattributed
2012,2012-12-31,DD,0000030554,corroborated_candidate,253,253,2011-12-28,2012-12-31,253,2011-12-28,2012-12-31,252,divergent_overlap,0.012884684264160461,False,yahoo,complete,legacy_symbol_unattributed
2012,2012-12-31,DE,0000315189,corroborated_candidate,253,253,2011-12-28,2012-12-31,253,2011-12-28,2012-12-31,252,consistent_overlap,1.722630196839825e-06,False,yahoo,complete,legacy_symbol_unattributed
2012,2012-12-31,DELL,0000826083,corroborated_candidate,253,0,,,0,,,0,insufficient_overlap,,False,,incomplete_prices,legacy_symbol_unattributed
2012,2012-12-31,DF,0000931336,confirmed_by_multiple_evidence,253,0,,,253,2011-12-28,2012-12-31,0,insufficient_overlap,,False,,archive_adjustment_unverified,legacy_symbol_unattributed
2012,2012-12-31,DFS,0001393612,corroborated_candidate,253,0,,,253,2011-12-28,2012-12-31,0,insufficient_overlap,,False,,archive_adjustment_unverified,legacy_symbol_unattributed
2012,2012-12-31,DG,0000029534,corroborated_candidate,253,253,2011-12-28,2012-12-31,253,2011-12-28,2012-12-31,252,consistent_overlap,2.52195268374389e-06,False,yahoo,complete,legacy_symbol_unattributed
2012,2012-12-31,DGX,0001022079,corroborated_candidate,253,253,2011-12-28,2012-12-31,253,2011-12-28,2012-12-31,252,consistent_overlap,2.0283992405711883e-06,False,yahoo,complete,legacy_symbol_unattributed
2012,2012-12-31,DHI,0000882184,corroborated_candidate,253,253,2011-12-28,2012-12-31,253,2011-12-28,2012-12-31,252,consistent_overlap,6.4237706991887655e-06,False,yahoo,complete,legacy_symbol_unattributed
2012,2012-12-31,DHR,0000313616,confirmed_by_multiple_evidence,253,253,2011-12-28,2012-12-31,253,2011-12-28,2012-12-31,252,consistent_overlap,4.945954569012257e-06,False,yahoo,complete,legacy_symbol_unattributed
2012,2012-12-31,DIS,,,253,253,2011-12-28,2012-12-31,253,2011-12-28,2012-12-31,252,consistent_overlap,2.383277412204565e-06,False,,identity_unresolved,legacy_symbol_unattributed
2012,2012-12-31,DISCA,0001437107,corroborated_candidate,253,0,,,253,2011-12-28,2012-12-31,0,insufficient_overlap,,False,,archive_adjustment_unverified,legacy_symbol_unattributed
2012,2012-12-31,DLTR,0000935703,corroborated_candidate,253,253,2011-12-28,2012-12-31,253,2011-12-28,2012-12-31,252,consistent_overlap,0.00024167561927646133,False,yahoo,complete,legacy_symbol_unattributed
2012,2012-12-31,DNB,0001115222,confirmed_by_multiple_evidence,253,0,,,0,,,0,insufficient_overlap,,False,,incomplete_prices,legacy_symbol_unattributed
2012,2012-12-31,DNR,0000945764,corroborated_candidate,253,0,,,253,2011-12-28,2012-12-31,0,insufficient_overlap,,False,,archive_adjustment_unverified,legacy_symbol_unattributed
2012,2012-12-31,DO,0000949039,confirmed_by_multiple_evidence,253,0,,,0,,,0,insufficient_overlap,,False,,incomplete_prices,legacy_symbol_unattributed
2012,2012-12-31,DOV,0000029905,corroborated_candidate,253,253,2011-12-28,2012-12-31,253,2011-12-28,2012-12-31,252,divergent_overlap,0.005154724698705185,False,yahoo,complete,legacy_symbol_unattributed
2012,2012-12-31,DOW,0000029915,corroborated_candidate,253,0,,,0,,,0,insufficient_overlap,,False,,incomplete_prices,legacy_symbol_unattributed
2012,2012-12-31,DRI,0000940944,corroborated_candidate,253,253,2011-12-28,2012-12-31,253,2011-12-28,2012-12-31,252,consistent_overlap,1.4748551460297437e-05,False,yahoo,complete,legacy_symbol_unattributed
2012,2012-12-31,DTE,0000936340,corroborated_candidate,253,253,2011-12-28,2012-12-31,253,2011-12-28,2012-12-31,252,consistent_overlap,3.99491005173225e-06,False,yahoo,complete,legacy_symbol_unattributed
2012,2012-12-31,DTV,0001465112,corroborated_candidate,253,0,,,0,,,0,insufficient_overlap,,False,,incomplete_prices,legacy_symbol_unattributed
2012,2012-12-31,DUK,0001326160,corroborated_candidate,253,253,2011-12-28,2012-12-31,253,2011-12-28,2012-12-31,252,consistent_overlap,2.4247895391871226e-06,False,yahoo,complete,legacy_symbol_unattributed
2012,2012-12-31,DVA,0000927066,confirmed_by_multiple_evidence,253,253,2011-12-28,2012-12-31,253,2011-12-28,2012-12-31,252,consistent_overlap,7.805626912049674e-08,False,yahoo,complete,legacy_symbol_unattributed
2012,2012-12-31,DVN,0001090012,corroborated_candidate,253,253,2011-12-28,2012-12-31,253,2011-12-28,2012-12-31,252,consistent_overlap,2.231749370292802e-06,False,yahoo,complete,legacy_symbol_unattributed
2012,2012-12-31,DXC,,,253,253,2011-12-28,2012-12-31,253,2011-12-28,2012-12-31,252,divergent_overlap,0.005646589347780707,False,,identity_unresolved,legacy_symbol_unattributed
2012,2012-12-31,EA,,,253,0,,,253,2011-12-28,2012-12-31,0,insufficient_overlap,,False,,identity_unresolved,legacy_symbol_unattributed
2012,2012-12-31,EBAY,0001065088,confirmed_by_multiple_evidence,253,253,2011-12-28,2012-12-31,253,2011-12-28,2012-12-31,252,consistent_overlap,0.0001607796450982391,False,yahoo,complete,legacy_symbol_unattributed
2012,2012-12-31,ECL,0000031462,corroborated_candidate,253,253,2011-12-28,2012-12-31,253,2011-12-28,2012-12-31,252,consistent_overlap,1.7900902645240358e-06,False,yahoo,complete,legacy_symbol_unattributed
2012,2012-12-31,ED,0001047862,confirmed_by_multiple_evidence,253,253,2011-12-28,2012-12-31,253,2011-12-28,2012-12-31,252,consistent_overlap,2.5494082747556934e-06,False,yahoo,complete,legacy_symbol_unattributed
2012,2012-12-31,EFX,0000033185,confirmed_by_multiple_evidence,253,253,2011-12-28,2012-12-31,253,2011-12-28,2012-12-31,252,consistent_overlap,2.4645039469983757e-06,False,yahoo,complete,legacy_symbol_unattributed
2012,2012-12-31,EIX,0000827052,corroborated_candidate,253,253,2011-12-28,2012-12-31,253,2011-12-28,2012-12-31,252,consistent_overlap,3.331583194066124e-06,False,yahoo,complete,legacy_symbol_unattributed
2012,2012-12-31,EL,0001001250,corroborated_candidate,253,253,2011-12-28,2012-12-31,253,2011-12-28,2012-12-31,252,consistent_overlap,1.7960259658367228e-06,False,yahoo,complete,legacy_symbol_unattributed
2012,2012-12-31,EMC,0000790070,confirmed_by_multiple_evidence,253,0,,,0,,,0,insufficient_overlap,,False,,incomplete_prices,legacy_symbol_unattributed
2012,2012-12-31,EMN,0000915389,corroborated_candidate,253,253,2011-12-28,2012-12-31,253,2011-12-28,2012-12-31,252,consistent_overlap,2.7934660806749923e-06,False,yahoo,complete,legacy_symbol_unattributed
2012,2012-12-31,EMR,0000032604,corroborated_candidate,253,253,2011-12-28,2012-12-31,253,2011-12-28,2012-12-31,252,consistent_overlap,2.6941803552615896e-06,False,yahoo,complete,legacy_symbol_unattributed
2012,2012-12-31,EOG,0000821189,corroborated_candidate,253,253,2011-12-28,2012-12-31,253,2011-12-28,2012-12-31,252,consistent_overlap,2.5767220516659274e-06,False,yahoo,complete,legacy_symbol_unattributed
2012,2012-12-31,EQR,0000906107,corroborated_candidate,253,253,2011-12-28,2012-12-31,253,2011-12-28,2012-12-31,252,consistent_overlap,2.5737402226744263e-06,False,yahoo,complete,legacy_symbol_unattributed
2012,2012-12-31,EQT,0000033213,corroborated_candidate,253,253,2011-12-28,2012-12-31,253,2011-12-28,2012-12-31,252,consistent_overlap,0.0036557551222113223,False,yahoo,complete,legacy_symbol_unattributed
2012,2012-12-31,ES,0000072741,corroborated_candidate,253,253,2011-12-28,2012-12-31,253,2011-12-28,2012-12-31,252,consistent_overlap,3.646960800471888e-06,False,yahoo,complete,legacy_symbol_unattributed
2012,2012-12-31,ESRX,0001532063,confirmed_by_multiple_evidence,253,0,,,253,2011-12-28,2012-12-31,0,insufficient_overlap,,False,,archive_adjustment_unverified,legacy_symbol_unattributed
2012,2012-12-31,ESV,0000314808,corroborated_candidate,253,0,,,253,2011-12-28,2012-12-31,0,insufficient_overlap,,False,,archive_adjustment_unverified,legacy_symbol_unattributed
2012,2012-12-31,ETFC,0001015780,corroborated_candidate,253,0,,,253,2011-12-28,2012-12-31,0,insufficient_overlap,,False,,archive_adjustment_unverified,legacy_symbol_unattributed
2012,2012-12-31,ETN,0001551182,confirmed_by_multiple_evidence,253,253,2011-12-28,2012-12-31,253,2011-12-28,2012-12-31,252,consistent_overlap,2.9115316184680223e-06,False,yahoo,complete,legacy_symbol_unattributed
2012,2012-12-31,ETR,0000065984,corroborated_candidate,253,253,2011-12-28,2012-12-31,253,2011-12-28,2012-12-31,252,consistent_overlap,4.424109770162499e-06,False,yahoo,complete,legacy_symbol_unattributed
2012,2012-12-31,EW,0001099800,corroborated_candidate,253,253,2011-12-28,2012-12-31,253,2011-12-28,2012-12-31,252,consistent_overlap,5.620096658984774e-06,False,yahoo,complete,legacy_symbol_unattributed
2012,2012-12-31,EXC,0001109357,confirmed_by_multiple_evidence,253,253,2011-12-28,2012-12-31,253,2011-12-28,2012-12-31,252,consistent_overlap,7.166805251075393e-06,False,yahoo,complete,legacy_symbol_unattributed
2012,2012-12-31,EXPD,0000746515,confirmed_by_multiple_evidence,253,253,2011-12-28,2012-12-31,253,2011-12-28,2012-12-31,252,consistent_overlap,2.886014530583126e-06,False,yahoo,complete,legacy_symbol_unattributed
2012,2012-12-31,EXPE,0001324424,confirmed_by_multiple_evidence,253,253,2011-12-28,2012-12-31,253,2011-12-28,2012-12-31,252,consistent_overlap,0.000146677685343285,False,yahoo,complete,legacy_symbol_unattributed
2012,2012-12-31,F,0000037996,confirmed_by_multiple_evidence,253,253,2011-12-28,2012-12-31,253,2011-12-28,2012-12-31,252,consistent_overlap,1.8158934451527626e-05,False,yahoo,complete,legacy_symbol_unattributed
2012,2012-12-31,FAST,0000815556,confirmed_by_multiple_evidence,253,253,2011-12-28,2012-12-31,253,2011-12-28,2012-12-31,252,consistent_overlap,0.00012109208093294189,False,yahoo,complete,legacy_symbol_unattributed
2012,2012-12-31,FCX,0000831259,corroborated_candidate,253,253,2011-12-28,2012-12-31,253,2011-12-28,2012-12-31,252,consistent_overlap,3.353437056736742e-06,False,yahoo,complete,legacy_symbol_unattributed
2012,2012-12-31,FDO,0000034408,confirmed_by_multiple_evidence,253,0,,,253,2011-12-28,2012-12-31,0,insufficient_overlap,,False,,archive_adjustment_unverified,legacy_symbol_unattributed
2012,2012-12-31,FDX,0001048911,corroborated_candidate,253,253,2011-12-28,2012-12-31,253,2011-12-28,2012-12-31,252,consistent_overlap,1.49407929157519e-06,False,yahoo,complete,legacy_symbol_unattributed
2012,2012-12-31,FE,0001031296,corroborated_candidate,253,253,2011-12-28,2012-12-31,253,2011-12-28,2012-12-31,252,consistent_overlap,3.394659550296498e-06,False,yahoo,complete,legacy_symbol_unattributed
2012,2012-12-31,FFIV,0001048695,corroborated_candidate,253,253,2011-12-28,2012-12-31,253,2011-12-28,2012-12-31,252,consistent_overlap,4.6596176745863366e-05,False,yahoo,complete,legacy_symbol_unattributed
2012,2012-12-31,FHN,0000036966,corroborated_candidate,253,253,2011-12-28,2012-12-31,253,2011-12-28,2012-12-31,252,consistent_overlap,0.0005046369453978295,False,yahoo,complete,legacy_symbol_unattributed
2012,2012-12-31,FII,0001056288,confirmed_by_multiple_evidence,253,0,,,253,2011-12-28,2012-12-31,0,insufficient_overlap,,False,,archive_adjustment_unverified,legacy_symbol_unattributed
2012,2012-12-31,FIS,0001136893,corroborated_candidate,253,253,2011-12-28,2012-12-31,253,2011-12-28,2012-12-31,252,consistent_overlap,3.4383991722908312e-06,False,yahoo,complete,legacy_symbol_unattributed
2012,2012-12-31,FISV,0000798354,confirmed_by_multiple_evidence,253,253,2011-12-28,2012-12-31,253,2011-12-28,2012-12-31,252,consistent_overlap,6.814817533374654e-05,False,yahoo,complete,legacy_symbol_unattributed
2012,2012-12-31,FITB,0000035527,confirmed_by_multiple_evidence,253,253,2011-12-28,2012-12-31,253,2011-12-28,2012-12-31,252,consistent_overlap,0.00039404547081199,False,yahoo,complete,legacy_symbol_unattributed
2012,2012-12-31,FLIR,0000354908,confirmed_by_multiple_evidence,253,0,,,253,2011-12-28,2012-12-31,0,insufficient_overlap,,False,,archive_adjustment_unverified,legacy_symbol_unattributed
2012,2012-12-31,FLR,0001124198,corroborated_candidate,253,253,2011-12-28,2012-12-31,253,2011-12-28,2012-12-31,252,consistent_overlap,1.8605442957830854e-06,False,yahoo,complete,legacy_symbol_unattributed
2012,2012-12-31,FLS,0000030625,corroborated_candidate,253,253,2011-12-28,2012-12-31,253,2011-12-28,2012-12-31,252,consistent_overlap,3.168105455542141e-06,False,yahoo,complete,legacy_symbol_unattributed
2012,2012-12-31,FMC,0000037785,corroborated_candidate,253,253,2011-12-28,2012-12-31,253,2011-12-28,2012-12-31,252,consistent_overlap,2.7099985861500642e-06,False,yahoo,complete,legacy_symbol_unattributed
2012,2012-12-31,FOSL,0000883569,corroborated_candidate,253,253,2011-12-28,2012-12-31,253,2011-12-28,2012-12-31,252,consistent_overlap,3.733302826175234e-05,False,yahoo,complete,legacy_symbol_unattributed
2012,2012-12-31,FOXA,,,253,0,,,0,,,0,insufficient_overlap,,False,,identity_unresolved,legacy_symbol_unattributed
2012,2012-12-31,FRX,0000038074,corroborated_candidate,253,0,,,253,2011-12-28,2012-12-31,0,insufficient_overlap,,False,,archive_adjustment_unverified,legacy_symbol_unattributed
2012,2012-12-31,FSLR,0001274494,corroborated_candidate,253,253,2011-12-28,2012-12-31,253,2011-12-28,2012-12-31,252,consistent_overlap,0.00041147979919158983,False,yahoo,complete,legacy_symbol_unattributed
2012,2012-12-31,FTI,,,253,253,2011-12-28,2012-12-31,253,2011-12-28,2012-12-31,252,consistent_overlap,4.344134152468593e-06,False,,identity_unresolved,legacy_symbol_unattributed
2012,2012-12-31,FTR,0000020520,corroborated_candidate,253,0,,,253,2011-12-28,2012-12-31,0,insufficient_overlap,,False,,archive_adjustment_unverified,legacy_symbol_unattributed
2012,2012-12-31,GAS,0001004155,corroborated_candidate,253,0,,,253,2011-12-28,2012-12-31,0,insufficient_overlap,,False,,archive_adjustment_unverified,legacy_symbol_unattributed
2012,2012-12-31,GD,0000040533,confirmed_by_multiple_evidence,253,253,2011-12-28,2012-12-31,253,2011-12-28,2012-12-31,252,consistent_overlap,1.996426443197088e-06,False,yahoo,complete,legacy_symbol_unattributed
2012,2012-12-31,GE,0000040545,confirmed_by_multiple_evidence,253,253,2011-12-28,2012-12-31,253,2011-12-28,2012-12-31,252,consistent_overlap,1.952605133561658e-06,False,yahoo,complete,legacy_symbol_unattributed
2012,2012-12-31,GHC,,,253,253,2011-12-28,2012-12-31,253,2011-12-28,2012-12-31,252,consistent_overlap,9.566251533321692e-07,False,,identity_unresolved,legacy_symbol_unattributed
2012,2012-12-31,GILD,0000882095,corroborated_candidate,253,253,2011-12-28,2012-12-31,253,2011-12-28,2012-12-31,252,consistent_overlap,4.877688675749562e-06,False,yahoo,complete,legacy_symbol_unattributed
2012,2012-12-31,GIS,0000040704,corroborated_candidate,253,253,2011-12-28,2012-12-31,253,2011-12-28,2012-12-31,252,consistent_overlap,3.373547192903062e-06,False,yahoo,complete,legacy_symbol_unattributed
2012,2012-12-31,GLW,0000024741,corroborated_candidate,253,253,2011-12-28,2012-12-31,253,2011-12-28,2012-12-31,252,consistent_overlap,0.00037356484344635237,False,yahoo,complete,legacy_symbol_unattributed
2012,2012-12-31,GME,0001326380,confirmed_by_multiple_evidence,253,253,2011-12-28,2012-12-31,253,2011-12-28,2012-12-31,252,consistent_overlap,2.520729173944414e-05,False,yahoo,complete,legacy_symbol_unattributed
2012,2012-12-31,GNW,0001276520,confirmed_by_multiple_evidence,253,253,2011-12-28,2012-12-31,253,2011-12-28,2012-12-31,252,consistent_overlap,0.0005916053352325768,False,yahoo,complete,legacy_symbol_unattributed
2012,2012-12-31,GOOGL,,,253,253,2011-12-28,2012-12-31,253,2011-12-28,2012-12-31,252,consistent_overlap,1.0241435636734193e-05,False,,identity_unresolved,legacy_symbol_unattributed
2012,2012-12-31,GPC,0000040987,confirmed_by_multiple_evidence,253,253,2011-12-28,2012-12-31,253,2011-12-28,2012-12-31,252,consistent_overlap,2.1945844470638863e-06,False,yahoo,complete,legacy_symbol_unattributed
2012,2012-12-31,GPS,0000039911,confirmed_by_multiple_evidence,253,0,,,253,2011-12-28,2012-12-31,0,insufficient_overlap,,False,,archive_adjustment_unverified,legacy_symbol_unattributed
2012,2012-12-31,GRMN,0001121788,confirmed_by_multiple_evidence,253,253,2011-12-28,2012-12-31,253,2011-12-28,2012-12-31,252,consistent_overlap,0.0001176459624758286,False,yahoo,complete,legacy_symbol_unattributed
2012,2012-12-31,GS,0000886982,corroborated_candidate,253,253,2011-12-28,2012-12-31,253,2011-12-28,2012-12-31,252,consistent_overlap,8.104799892253556e-06,False,yahoo,complete,legacy_symbol_unattributed
2012,2012-12-31,GT,0000042582,corroborated_candidate,253,253,2011-12-28,2012-12-31,253,2011-12-28,2012-12-31,252,consistent_overlap,7.954635728144591e-06,False,yahoo,complete,legacy_symbol_unattributed
2012,2012-12-31,GWW,0000277135,corroborated_candidate,253,253,2011-12-28,2012-12-31,253,2011-12-28,2012-12-31,252,consistent_overlap,8.962158315672933e-07,False,yahoo,complete,legacy_symbol_unattributed
2012,2012-12-31,HAL,0000045012,corroborated_candidate,253,253,2011-12-28,2012-12-31,253,2011-12-28,2012-12-31,252,consistent_overlap,3.807906634994975e-06,False,yahoo,complete,legacy_symbol_unattributed
2012,2012-12-31,HAR,0000800459,confirmed_by_multiple_evidence,253,0,,,253,2011-12-28,2012-12-31,0,insufficient_overlap,,False,,archive_adjustment_unverified,legacy_symbol_unattributed
2012,2012-12-31,HAS,0000046080,corroborated_candidate,253,253,2011-12-28,2012-12-31,253,2011-12-28,2012-12-31,252,consistent_overlap,0.00021047454321597594,False,yahoo,complete,legacy_symbol_unattributed
2012,2012-12-31,HBAN,0000049196,corroborated_candidate,253,253,2011-12-28,2012-12-31,253,2011-12-28,2012-12-31,252,consistent_overlap,0.0008935942325802082,False,yahoo,complete,legacy_symbol_unattributed
2012,2012-12-31,HCBK,0000921847,confirmed_by_multiple_evidence,253,0,,,253,2011-12-28,2012-12-31,0,insufficient_overlap,,False,,archive_adjustment_unverified,legacy_symbol_unattributed
2012,2012-12-31,HCP,0000765880,corroborated_candidate,253,0,,,0,,,0,insufficient_overlap,,False,,incomplete_prices,legacy_symbol_unattributed
2012,2012-12-31,HD,0000354950,confirmed_by_multiple_evidence,253,253,2011-12-28,2012-12-31,253,2011-12-28,2012-12-31,252,consistent_overlap,2.5063371447164862e-06,False,yahoo,complete,legacy_symbol_unattributed
2012,2012-12-31,HES,0000004447,confirmed_by_multiple_evidence,253,0,,,253,2011-12-28,2012-12-31,0,insufficient_overlap,,False,,archive_adjustment_unverified,legacy_symbol_unattributed
2012,2012-12-31,HIG,0000874766,corroborated_candidate,253,253,2011-12-28,2012-12-31,253,2011-12-28,2012-12-31,252,consistent_overlap,6.096753319668747e-06,False,yahoo,complete,legacy_symbol_unattributed
2012,2012-12-31,HNZ,0000046640,corroborated_candidate,253,0,,,253,2011-12-28,2012-12-31,0,insufficient_overlap,,False,,archive_adjustment_unverified,legacy_symbol_unattributed
2012,2012-12-31,HOG,0000793952,corroborated_candidate,253,253,2011-12-28,2012-12-31,253,2011-12-28,2012-12-31,252,consistent_overlap,4.5666196884702016e-05,False,yahoo,complete,legacy_symbol_unattributed
2012,2012-12-31,HON,0000773840,corroborated_candidate,253,253,2011-12-28,2012-12-31,253,2011-12-28,2012-12-31,252,divergent_overlap,0.006349044370580333,False,yahoo,complete,legacy_symbol_unattributed
2012,2012-12-31,HOT,0000316206,confirmed_by_multiple_evidence,253,0,,,253,2011-12-28,2012-12-31,0,insufficient_overlap,,False,,archive_adjustment_unverified,legacy_symbol_unattributed
2012,2012-12-31,HP,0000046765,corroborated_candidate,253,253,2011-12-28,2012-12-31,253,2011-12-28,2012-12-31,252,consistent_overlap,3.260041535517733e-06,False,yahoo,complete,legacy_symbol_unattributed
2012,2012-12-31,HPQ,0000047217,corroborated_candidate,253,253,2011-12-28,2012-12-31,253,2011-12-28,2012-12-31,252,consistent_overlap,2.1634873244414956e-05,False,yahoo,complete,legacy_symbol_unattributed
2012,2012-12-31,HRB,0000012659,corroborated_candidate,253,253,2011-12-28,2012-12-31,253,2011-12-28,2012-12-31,252,consistent_overlap,8.372390386846009e-06,False,yahoo,complete,legacy_symbol_unattributed
2012,2012-12-31,HRL,0000048465,corroborated_candidate,253,253,2011-12-28,2012-12-31,253,2011-12-28,2012-12-31,252,consistent_overlap,7.80066067512908e-06,False,yahoo,complete,legacy_symbol_unattributed
2012,2012-12-31,HRS,0000202058,corroborated_candidate,253,0,,,253,2011-12-28,2012-12-31,0,insufficient_overlap,,False,,archive_adjustment_unverified,legacy_symbol_unattributed
2012,2012-12-31,HSP,0001274057,corroborated_candidate,253,0,,,253,2011-12-28,2012-12-31,0,insufficient_overlap,,False,,archive_adjustment_unverified,legacy_symbol_unattributed
2012,2012-12-31,HST,0001070750,confirmed_by_multiple_evidence,253,253,2011-12-28,2012-12-31,253,2011-12-28,2012-12-31,252,consistent_overlap,8.887837994511212e-06,False,yahoo,complete,legacy_symbol_unattributed
2012,2012-12-31,HSY,0000047111,corroborated_candidate,253,253,2011-12-28,2012-12-31,253,2011-12-28,2012-12-31,252,consistent_overlap,1.8069362002526295e-06,False,yahoo,complete,legacy_symbol_unattributed
2012,2012-12-31,HUM,0000049071,confirmed_by_multiple_evidence,253,253,2011-12-28,2012-12-31,253,2011-12-28,2012-12-31,252,consistent_overlap,1.4568888762711565e-06,False,yahoo,complete,legacy_symbol_unattributed
2012,2012-12-31,IBM,0000051143,corroborated_candidate,253,253,2011-12-28,2012-12-31,253,2011-12-28,2012-12-31,252,consistent_overlap,1.1783229386908017e-06,False,yahoo,complete,legacy_symbol_unattributed
2012,2012-12-31,ICE,0001571949,corroborated_candidate,253,253,2011-12-28,2012-12-31,253,2011-12-28,2012-12-31,252,consistent_overlap,4.186758380473335e-06,False,yahoo,complete,legacy_symbol_unattributed
2012,2012-12-31,IFF,0000051253,corroborated_candidate,253,253,2011-12-28,2012-12-31,253,2011-12-28,2012-12-31,252,consistent_overlap,2.3089298850143004e-06,False,yahoo,complete,legacy_symbol_unattributed
2012,2012-12-31,IGT,0000353944,corroborated_candidate,253,0,,,253,2011-12-28,2012-12-31,0,insufficient_overlap,,False,,archive_adjustment_unverified,legacy_symbol_unattributed
2012,2012-12-31,INTC,0000050863,corroborated_candidate,253,253,2011-12-28,2012-12-31,253,2011-12-28,2012-12-31,252,consistent_overlap,0.00025223617300269786,False,yahoo,complete,legacy_symbol_unattributed
2012,2012-12-31,INTU,0000896878,corroborated_candidate,253,253,2011-12-28,2012-12-31,253,2011-12-28,2012-12-31,252,consistent_overlap,1.8968007513242576e-06,False,yahoo,complete,legacy_symbol_unattributed
2012,2012-12-31,IP,0000051434,confirmed_by_multiple_evidence,253,253,2011-12-28,2012-12-31,253,2011-12-28,2012-12-31,252,divergent_overlap,0.008472706689244264,False,yahoo,complete,legacy_symbol_unattributed
2012,2012-12-31,IPG,0000051644,corroborated_candidate,253,0,,,253,2011-12-28,2012-12-31,0,insufficient_overlap,,False,,archive_adjustment_unverified,legacy_symbol_unattributed
2012,2012-12-31,IR,,,253,0,,,0,,,0,insufficient_overlap,,False,,identity_unresolved,legacy_symbol_unattributed
2012,2012-12-31,IRM,0001020569,corroborated_candidate,253,253,2011-12-28,2012-12-31,253,2011-12-28,2012-12-31,252,consistent_overlap,7.65778469183687e-06,False,yahoo,complete,legacy_symbol_unattributed
2012,2012-12-31,ISRG,0001035267,confirmed_by_multiple_evidence,253,253,2011-12-28,2012-12-31,253,2011-12-28,2012-12-31,252,consistent_overlap,6.050294839250127e-05,False,yahoo,complete,legacy_symbol_unattributed
2012,2012-12-31,ITW,0000049826,corroborated_candidate,253,253,2011-12-28,2012-12-31,253,2011-12-28,2012-12-31,252,consistent_overlap,2.339536863763536e-06,False,yahoo,complete,legacy_symbol_unattributed
2012,2012-12-31,IVZ,0000914208,corroborated_candidate,253,253,2011-12-28,2012-12-31,253,2011-12-28,2012-12-31,252,consistent_overlap,7.0944267683104044e-06,False,yahoo,complete,legacy_symbol_unattributed
2012,2012-12-31,JBL,0000898293,confirmed_by_multiple_evidence,253,253,2011-12-28,2012-12-31,253,2011-12-28,2012-12-31,252,consistent_overlap,3.005305464225107e-05,False,yahoo,complete,legacy_symbol_unattributed
2012,2012-12-31,JCI,0000833444,corroborated_candidate,253,253,2011-12-28,2012-12-31,253,2011-12-28,2012-12-31,252,divergent_overlap,0.0066707710424983545,False,yahoo,complete,legacy_symbol_unattributed
2012,2012-12-31,JCP,0001166126,confirmed_by_multiple_evidence,253,0,,,253,2011-12-28,2012-12-31,0,insufficient_overlap,,False,,archive_adjustment_unverified,legacy_symbol_unattributed
2012,2012-12-31,JEC,0000052988,confirmed_by_multiple_evidence,253,0,,,253,2011-12-28,2012-12-31,0,insufficient_overlap,,False,,archive_adjustment_unverified,legacy_symbol_unattributed
2012,2012-12-31,JEF,0000096223,corroborated_candidate,253,253,2011-12-28,2012-12-31,253,2011-12-28,2012-12-31,252,consistent_overlap,6.7560855127057914e-06,False,yahoo,complete,legacy_symbol_unattributed
2012,2012-12-31,JNJ,0000200406,corroborated_candidate,253,253,2011-12-28,2012-12-31,253,2011-12-28,2012-12-31,252,consistent_overlap,1.907473121686154e-06,False,yahoo,complete,legacy_symbol_unattributed
2012,2012-12-31,JNPR,0001043604,corroborated_candidate,253,0,,,253,2011-12-28,2012-12-31,0,insufficient_overlap,,False,,archive_adjustment_unverified,legacy_symbol_unattributed
2012,2012-12-31,JOY,0000801898,corroborated_candidate,253,0,,,253,2011-12-28,2012-12-31,0,insufficient_overlap,,False,,archive_adjustment_unverified,legacy_symbol_unattributed
2012,2012-12-31,JPM,0000019617,corroborated_candidate,253,253,2011-12-28,2012-12-31,253,2011-12-28,2012-12-31,252,consistent_overlap,3.7796747967511247e-06,False,yahoo,complete,legacy_symbol_unattributed
2012,2012-12-31,JWN,0000072333,corroborated_candidate,253,0,,,253,2011-12-28,2012-12-31,0,insufficient_overlap,,False,,archive_adjustment_unverified,legacy_symbol_unattributed
2012,2012-12-31,K,0000055067,confirmed_by_multiple_evidence,253,0,,,253,2011-12-28,2012-12-31,0,insufficient_overlap,,False,,archive_adjustment_unverified,legacy_symbol_unattributed
2012,2012-12-31,KDP,,,253,253,2011-12-28,2012-12-31,253,2011-12-28,2012-12-31,252,consistent_overlap,2.97529955753495e-06,False,,identity_unresolved,legacy_symbol_unattributed
2012,2012-12-31,KEY,0000091576,confirmed_by_multiple_evidence,253,253,2011-12-28,2012-12-31,253,2011-12-28,2012-12-31,252,consistent_overlap,0.0006328410554229202,False,yahoo,complete,legacy_symbol_unattributed
2012,2012-12-31,KIM,0000879101,corroborated_candidate,253,253,2011-12-28,2012-12-31,253,2011-12-28,2012-12-31,252,consistent_overlap,9.901966251574247e-06,False,yahoo,complete,legacy_symbol_unattributed
2012,2012-12-31,KLAC,0000319201,confirmed_by_multiple_evidence,253,253,2011-12-28,2012-12-31,253,2011-12-28,2012-12-31,252,consistent_overlap,0.00011097489400803133,False,yahoo,complete,legacy_symbol_unattributed
2012,2012-12-31,KMB,0000055785,corroborated_candidate,253,253,2011-12-28,2012-12-31,253,2011-12-28,2012-12-31,252,divergent_overlap,0.008694045140542258,False,yahoo,complete,legacy_symbol_unattributed
2012,2012-12-31,KMI,0001506307,corroborated_candidate,253,253,2011-12-28,2012-12-31,253,2011-12-28,2012-12-31,252,consistent_overlap,4.930997917966806e-06,False,yahoo,complete,legacy_symbol_unattributed
2012,2012-12-31,KMX,0001170010,corroborated_candidate,253,253,2011-12-28,2012-12-31,253,2011-12-28,2012-12-31,252,consistent_overlap,9.777241872566126e-08,False,yahoo,complete,legacy_symbol_unattributed
2012,2012-12-31,KO,0000021344,corroborated_candidate,253,253,2011-12-28,2012-12-31,253,2011-12-28,2012-12-31,252,consistent_overlap,3.859952698370694e-06,False,yahoo,complete,legacy_symbol_unattributed
2012,2012-12-31,KR,0000056873,corroborated_candidate,253,253,2011-12-28,2012-12-31,253,2011-12-28,2012-12-31,252,consistent_overlap,1.0417943654892348e-05,False,yahoo,complete,legacy_symbol_unattributed
2012,2012-12-31,KRFT,0001545158,confirmed_by_multiple_evidence,253,0,,,72,2012-09-17,2012-12-31,0,insufficient_overlap,,False,,incomplete_prices,legacy_symbol_unattributed
2012,2012-12-31,KSS,0000885639,confirmed_by_multiple_evidence,253,253,2011-12-28,2012-12-31,253,2011-12-28,2012-12-31,252,consistent_overlap,3.94046716313046e-06,False,yahoo,complete,legacy_symbol_unattributed
2012,2012-12-31,L,0000060086,confirmed_by_multiple_evidence,253,253,2011-12-28,2012-12-31,253,2011-12-28,2012-12-31,252,consistent_overlap,2.806647494082438e-06,False,yahoo,complete,legacy_symbol_unattributed
2012,2012-12-31,LB,,,253,0,,,0,,,0,insufficient_overlap,,False,,identity_unresolved,legacy_symbol_unattributed
2012,2012-12-31,LDOS,,,253,253,2011-12-28,2012-12-31,253,2011-12-28,2012-12-31,252,consistent_overlap,0.0004813814411407002,False,,identity_unresolved,legacy_symbol_unattributed
2012,2012-12-31,LEG,0000058492,confirmed_by_multiple_evidence,253,0,,,253,2011-12-28,2012-12-31,0,insufficient_overlap,,False,,archive_adjustment_unverified,legacy_symbol_unattributed
2012,2012-12-31,LEN,0000920760,corroborated_candidate,253,253,2011-12-28,2012-12-31,253,2011-12-28,2012-12-31,252,consistent_overlap,5.344168706158395e-06,False,yahoo,complete,legacy_symbol_unattributed
2012,2012-12-31,LH,0000920148,corroborated_candidate,253,253,2011-12-28,2012-12-31,253,2011-12-28,2012-12-31,252,consistent_overlap,1.975425040715573e-06,False,yahoo,complete,legacy_symbol_unattributed
2012,2012-12-31,LIFE,0001073431,confirmed_by_multiple_evidence,253,0,,,0,,,0,insufficient_overlap,,False,,incomplete_prices,legacy_symbol_unattributed
2012,2012-12-31,LLL,,,253,0,,,0,,,0,insufficient_overlap,,False,,identity_unresolved,legacy_symbol_unattributed
2012,2012-12-31,LLTC,0000791907,corroborated_candidate,253,0,,,253,2011-12-28,2012-12-31,0,insufficient_overlap,,False,,archive_adjustment_unverified,legacy_symbol_unattributed
2012,2012-12-31,LLY,0000059478,corroborated_candidate,253,253,2011-12-28,2012-12-31,253,2011-12-28,2012-12-31,252,consistent_overlap,3.2152608960556174e-06,False,yahoo,complete,legacy_symbol_unattributed
2012,2012-12-31,LM,0000704051,confirmed_by_multiple_evidence,253,0,,,253,2011-12-28,2012-12-31,0,insufficient_overlap,,False,,archive_adjustment_unverified,legacy_symbol_unattributed
2012,2012-12-31,LMT,0000936468,confirmed_by_multiple_evidence,253,253,2011-12-28,2012-12-31,253,2011-12-28,2012-12-31,252,consistent_overlap,1.780862017712881e-06,False,yahoo,complete,legacy_symbol_unattributed
2012,2012-12-31,LNC,0000059558,corroborated_candidate,253,253,2011-12-28,2012-12-31,253,2011-12-28,2012-12-31,252,consistent_overlap,5.902379314974837e-06,False,yahoo,complete,legacy_symbol_unattributed
2012,2012-12-31,LO,0001424847,corroborated_candidate,253,0,,,253,2011-12-28,2012-12-31,0,insufficient_overlap,,False,,archive_adjustment_unverified,legacy_symbol_unattributed
2012,2012-12-31,LOW,0000060667,corroborated_candidate,253,253,2011-12-28,2012-12-31,253,2011-12-28,2012-12-31,252,consistent_overlap,4.285685750249349e-06,False,yahoo,complete,legacy_symbol_unattributed
2012,2012-12-31,LRCX,0000707549,confirmed_by_multiple_evidence,253,253,2011-12-28,2012-12-31,253,2011-12-28,2012-12-31,252,consistent_overlap,3.092161800146043e-05,False,yahoo,complete,legacy_symbol_unattributed
2012,2012-12-31,LSI,0000703360,corroborated_candidate,253,0,,,253,2011-12-28,2012-12-31,0,insufficient_overlap,,False,,archive_adjustment_unverified,legacy_symbol_unattributed
2012,2012-12-31,LUV,0000092380,corroborated_candidate,253,253,2011-12-28,2012-12-31,253,2011-12-28,2012-12-31,252,consistent_overlap,1.1531251755866336e-05,False,yahoo,complete,legacy_symbol_unattributed
2012,2012-12-31,LYB,0001489393,corroborated_candidate,253,253,2011-12-28,2012-12-31,253,2011-12-28,2012-12-31,252,consistent_overlap,6.880488325466953e-06,False,yahoo,complete,legacy_symbol_unattributed
2012,2012-12-31,M,0000794367,confirmed_by_multiple_evidence,253,253,2011-12-28,2012-12-31,253,2011-12-28,2012-12-31,252,consistent_overlap,4.198539911475231e-06,False,yahoo,complete,legacy_symbol_unattributed
2012,2012-12-31,MA,0001141391,confirmed_by_multiple_evidence,253,253,2011-12-28,2012-12-31,253,2011-12-28,2012-12-31,252,consistent_overlap,2.5716351162374805e-06,False,yahoo,complete,legacy_symbol_unattributed
2012,2012-12-31,MAR,0001048286,confirmed_by_multiple_evidence,253,253,2011-12-28,2012-12-31,253,2011-12-28,2012-12-31,252,consistent_overlap,2.9318836165070916e-06,False,yahoo,complete,legacy_symbol_unattributed
2012,2012-12-31,MAS,0000062996,corroborated_candidate,253,253,2011-12-28,2012-12-31,253,2011-12-28,2012-12-31,252,divergent_overlap,0.005125924973648983,False,yahoo,complete,legacy_symbol_unattributed
2012,2012-12-31,MAT,0000063276,confirmed_by_multiple_evidence,253,253,2011-12-28,2012-12-31,253,2011-12-28,2012-12-31,252,consistent_overlap,0.00017547339963085775,False,yahoo,complete,legacy_symbol_unattributed
2012,2012-12-31,MCD,0000063908,confirmed_by_multiple_evidence,253,253,2011-12-28,2012-12-31,253,2011-12-28,2012-12-31,252,consistent_overlap,2.4713377733304185e-05,False,yahoo,complete,legacy_symbol_unattributed
2012,2012-12-31,MCHP,0000827054,corroborated_candidate,253,253,2011-12-28,2012-12-31,253,2011-12-28,2012-12-31,252,consistent_overlap,0.00015841415508783375,False,yahoo,complete,legacy_symbol_unattributed
2012,2012-12-31,MCK,0000927653,corroborated_candidate,253,253,2011-12-28,2012-12-31,253,2011-12-28,2012-12-31,252,consistent_overlap,1.390565314051129e-06,False,yahoo,complete,legacy_symbol_unattributed
2012,2012-12-31,MCO,0001059556,confirmed_by_multiple_evidence,253,253,2011-12-28,2012-12-31,253,2011-12-28,2012-12-31,252,consistent_overlap,2.7167947387884976e-06,False,yahoo,complete,legacy_symbol_unattributed
2012,2012-12-31,MDLZ,0001103982,confirmed_by_multiple_evidence,253,253,2011-12-28,2012-12-31,253,2011-12-28,2012-12-31,252,consistent_overlap,0.002572079232015469,False,yahoo,complete,legacy_symbol_unattributed
2012,2012-12-31,MDT,0001613103,corroborated_candidate,253,253,2011-12-28,2012-12-31,253,2011-12-28,2012-12-31,252,consistent_overlap,2.9088362676510384e-06,False,yahoo,complete,legacy_symbol_unattributed
2012,2012-12-31,MET,0001099219,corroborated_candidate,253,253,2011-12-28,2012-12-31,253,2011-12-28,2012-12-31,252,consistent_overlap,4.41387250991632e-06,False,yahoo,complete,legacy_symbol_unattributed
2012,2012-12-31,MJN,0001452575,corroborated_candidate,253,0,,,253,2011-12-28,2012-12-31,0,insufficient_overlap,,False,,archive_adjustment_unverified,legacy_symbol_unattributed
2012,2012-12-31,MKC,0000063754,corroborated_candidate,253,253,2011-12-28,2012-12-31,253,2011-12-28,2012-12-31,252,consistent_overlap,4.392078409372058e-06,False,yahoo,complete,legacy_symbol_unattributed
2012,2012-12-31,MMC,0000062709,confirmed_by_multiple_evidence,253,253,2011-12-28,2012-12-31,253,2011-12-28,2012-12-31,252,consistent_overlap,6.513591389708568e-06,False,yahoo,complete,legacy_symbol_unattributed
2012,2012-12-31,MMM,0000066740,corroborated_candidate,253,253,2011-12-28,2012-12-31,253,2011-12-28,2012-12-31,252,consistent_overlap,2.6001844266521105e-06,False,yahoo,complete,legacy_symbol_unattributed
2012,2012-12-31,MNST,0000865752,corroborated_candidate,253,253,2011-12-28,2012-12-31,253,2011-12-28,2012-12-31,252,consistent_overlap,0.00010025897946469356,False,yahoo,complete,legacy_symbol_unattributed
2012,2012-12-31,MO,0000764180,confirmed_by_multiple_evidence,253,253,2011-12-28,2012-12-31,253,2011-12-28,2012-12-31,252,consistent_overlap,0.0001369836590244056,False,yahoo,complete,legacy_symbol_unattributed
2012,2012-12-31,MOLX,0000067472,corroborated_candidate,253,0,,,253,2011-12-28,2012-12-31,0,insufficient_overlap,,False,,archive_adjustment_unverified,legacy_symbol_unattributed
2012,2012-12-31,MON,0001110783,corroborated_candidate,253,0,,,0,,,0,insufficient_overlap,,False,,incomplete_prices,legacy_symbol_unattributed
2012,2012-12-31,MOS,0001285785,corroborated_candidate,253,253,2011-12-28,2012-12-31,253,2011-12-28,2012-12-31,252,consistent_overlap,2.8312024842680476e-06,False,yahoo,complete,legacy_symbol_unattributed
2012,2012-12-31,MPC,0001510295,confirmed_by_multiple_evidence,253,253,2011-12-28,2012-12-31,253,2011-12-28,2012-12-31,252,consistent_overlap,6.469416389051078e-06,False,yahoo,complete,legacy_symbol_unattributed
2012,2012-12-31,MRK,0000310158,confirmed_by_multiple_evidence,253,253,2011-12-28,2012-12-31,253,2011-12-28,2012-12-31,252,consistent_overlap,4.977384064281943e-06,False,yahoo,complete,legacy_symbol_unattributed
2012,2012-12-31,MRO,0000101778,corroborated_candidate,253,0,,,253,2011-12-28,2012-12-31,0,insufficient_overlap,,False,,archive_adjustment_unverified,legacy_symbol_unattributed
2012,2012-12-31,MS,0000895421,confirmed_by_multiple_evidence,253,253,2011-12-28,2012-12-31,253,2011-12-28,2012-12-31,252,consistent_overlap,7.625616724331598e-06,False,yahoo,complete,legacy_symbol_unattributed
2012,2012-12-31,MSFT,0000789019,confirmed_by_multiple_evidence,253,253,2011-12-28,2012-12-31,253,2011-12-28,2012-12-31,252,consistent_overlap,3.952804126068355e-06,False,yahoo,complete,legacy_symbol_unattributed
2012,2012-12-31,MSI,0000068505,corroborated_candidate,253,253,2011-12-28,2012-12-31,253,2011-12-28,2012-12-31,252,consistent_overlap,2.5056702384052e-06,False,yahoo,complete,legacy_symbol_unattributed
2012,2012-12-31,MTB,0000036270,confirmed_by_multiple_evidence,253,253,2011-12-28,2012-12-31,253,2011-12-28,2012-12-31,252,consistent_overlap,1.7371146207811884e-06,False,yahoo,complete,legacy_symbol_unattributed
2012,2012-12-31,MU,0000723125,corroborated_candidate,253,253,2011-12-28,2012-12-31,253,2011-12-28,2012-12-31,252,consistent_overlap,0.0009206577597172916,False,yahoo,complete,legacy_symbol_unattributed
2012,2012-12-31,MUR,0000717423,confirmed_by_multiple_evidence,253,253,2011-12-28,2012-12-31,253,2011-12-28,2012-12-31,252,consistent_overlap,0.004983025478301015,False,yahoo,complete,legacy_symbol_unattributed
2012,2012-12-31,MWV,0001159297,confirmed_by_multiple_evidence,253,0,,,253,2011-12-28,2012-12-31,0,insufficient_overlap,,False,,archive_adjustment_unverified,legacy_symbol_unattributed
2012,2012-12-31,MYL,0001623613,corroborated_candidate,253,0,,,253,2011-12-28,2012-12-31,0,insufficient_overlap,,False,,archive_adjustment_unverified,legacy_symbol_unattributed
2012,2012-12-31,NBL,0000072207,corroborated_candidate,253,0,,,253,2011-12-28,2012-12-31,0,insufficient_overlap,,False,,archive_adjustment_unverified,legacy_symbol_unattributed
2012,2012-12-31,NBR,0001163739,corroborated_candidate,253,253,2011-12-28,2012-12-31,253,2011-12-28,2012-12-31,252,consistent_overlap,6.09303508909421e-07,False,yahoo,complete,legacy_symbol_unattributed
2012,2012-12-31,NDAQ,0001120193,confirmed_by_multiple_evidence,253,253,2011-12-28,2012-12-31,253,2011-12-28,2012-12-31,252,consistent_overlap,0.00022005018970951753,False,yahoo,complete,legacy_symbol_unattributed
2012,2012-12-31,NE,0001458891,confirmed_by_multiple_evidence,253,0,,,0,,,0,insufficient_overlap,,False,,incomplete_prices,legacy_symbol_unattributed
2012,2012-12-31,NEE,0000753308,corroborated_candidate,253,253,2011-12-28,2012-12-31,253,2011-12-28,2012-12-31,252,consistent_overlap,1.2458966966950638e-05,False,yahoo,complete,legacy_symbol_unattributed
2012,2012-12-31,NEM,0001164727,corroborated_candidate,253,253,2011-12-28,2012-12-31,253,2011-12-28,2012-12-31,252,consistent_overlap,2.7907760919432256e-06,False,yahoo,complete,legacy_symbol_unattributed
2012,2012-12-31,NFLX,0001065280,corroborated_candidate,253,253,2011-12-28,2012-12-31,253,2011-12-28,2012-12-31,252,consistent_overlap,6.498551612787898e-05,False,yahoo,complete,legacy_symbol_unattributed
2012,2012-12-31,NFX,0000912750,corroborated_candidate,253,0,,,253,2011-12-28,2012-12-31,0,insufficient_overlap,,False,,archive_adjustment_unverified,legacy_symbol_unattributed
2012,2012-12-31,NI,0001111711,corroborated_candidate,253,253,2011-12-28,2012-12-31,253,2011-12-28,2012-12-31,252,consistent_overlap,1.830991280484362e-05,False,yahoo,complete,legacy_symbol_unattributed
2012,2012-12-31,NKE,0000320187,confirmed_by_multiple_evidence,253,253,2011-12-28,2012-12-31,253,2011-12-28,2012-12-31,252,consistent_overlap,0.0034076585977720563,False,yahoo,complete,legacy_symbol_unattributed
2012,2012-12-31,NOC,0001133421,corroborated_candidate,253,253,2011-12-28,2012-12-31,253,2011-12-28,2012-12-31,252,consistent_overlap,1.8945577288431724e-06,False,yahoo,complete,legacy_symbol_unattributed
2012,2012-12-31,NOV,0001021860,confirmed_by_multiple_evidence,253,253,2011-12-28,2012-12-31,253,2011-12-28,2012-12-31,252,consistent_overlap,1.7778083000830065e-06,False,yahoo,complete,legacy_symbol_unattributed
2012,2012-12-31,NRG,0001013871,corroborated_candidate,253,253,2011-12-28,2012-12-31,253,2011-12-28,2012-12-31,252,consistent_overlap,6.520993214210742e-06,False,yahoo,complete,legacy_symbol_unattributed
2012,2012-12-31,NSC,0000702165,corroborated_candidate,253,253,2011-12-28,2012-12-31,253,2011-12-28,2012-12-31,252,consistent_overlap,2.1341300298716172e-06,False,yahoo,complete,legacy_symbol_unattributed
2012,2012-12-31,NTAP,0001002047,confirmed_by_multiple_evidence,253,253,2011-12-28,2012-12-31,253,2011-12-28,2012-12-31,252,consistent_overlap,0.0001834979211491861,False,yahoo,complete,legacy_symbol_unattributed
2012,2012-12-31,NTRS,0000073124,confirmed_by_multiple_evidence,253,253,2011-12-28,2012-12-31,253,2011-12-28,2012-12-31,252,consistent_overlap,0.00011887243700136276,False,yahoo,complete,legacy_symbol_unattributed
2012,2012-12-31,NUE,0000073309,confirmed_by_multiple_evidence,253,253,2011-12-28,2012-12-31,253,2011-12-28,2012-12-31,252,consistent_overlap,3.329624257403241e-06,False,yahoo,complete,legacy_symbol_unattributed
2012,2012-12-31,NVDA,0001045810,corroborated_candidate,253,253,2011-12-28,2012-12-31,253,2011-12-28,2012-12-31,252,consistent_overlap,0.0006201048080890795,False,yahoo,complete,legacy_symbol_unattributed
2012,2012-12-31,NWL,0000814453,confirmed_by_multiple_evidence,253,253,2011-12-28,2012-12-31,253,2011-12-28,2012-12-31,252,consistent_overlap,7.58559381443536e-06,False,yahoo,complete,legacy_symbol_unattributed
2012,2012-12-31,NYX,0001368007,corroborated_candidate,253,0,,,253,2011-12-28,2012-12-31,0,insufficient_overlap,,False,,archive_adjustment_unverified,legacy_symbol_unattributed
2012,2012-12-31,OI,0000812074,corroborated_candidate,253,253,2011-12-28,2012-12-31,253,2011-12-28,2012-12-31,252,consistent_overlap,4.82884915716242e-06,False,yahoo,complete,legacy_symbol_unattributed
2012,2012-12-31,OKE,0001039684,corroborated_candidate,253,253,2011-12-28,2012-12-31,253,2011-12-28,2012-12-31,252,divergent_overlap,0.006838822948727122,False,yahoo,complete,legacy_symbol_unattributed
2012,2012-12-31,OMC,0000029989,corroborated_candidate,253,253,2011-12-28,2012-12-31,253,2011-12-28,2012-12-31,252,consistent_overlap,2.8251673148993464e-06,False,yahoo,complete,legacy_symbol_unattributed
2012,2012-12-31,ORCL,0001341439,confirmed_by_multiple_evidence,253,253,2011-12-28,2012-12-31,253,2011-12-28,2012-12-31,252,consistent_overlap,0.0022301380868661605,False,yahoo,complete,legacy_symbol_unattributed
2012,2012-12-31,ORLY,0000898173,corroborated_candidate,253,253,2011-12-28,2012-12-31,253,2011-12-28,2012-12-31,252,consistent_overlap,1.763865000492527e-07,False,yahoo,complete,legacy_symbol_unattributed
2012,2012-12-31,OXY,0000797468,corroborated_candidate,253,253,2011-12-28,2012-12-31,253,2011-12-28,2012-12-31,252,consistent_overlap,1.8557483920855773e-06,False,yahoo,complete,legacy_symbol_unattributed
2012,2012-12-31,PAYX,0000723531,corroborated_candidate,253,253,2011-12-28,2012-12-31,253,2011-12-28,2012-12-31,252,consistent_overlap,0.00015721517227721638,False,yahoo,complete,legacy_symbol_unattributed
2012,2012-12-31,PBCT,0001378946,confirmed_by_multiple_evidence,253,0,,,253,2011-12-28,2012-12-31,0,insufficient_overlap,,False,,archive_adjustment_unverified,legacy_symbol_unattributed
2012,2012-12-31,PBI,0000078814,corroborated_candidate,253,253,2011-12-28,2012-12-31,253,2011-12-28,2012-12-31,252,consistent_overlap,1.2082014829345463e-05,False,yahoo,complete,legacy_symbol_unattributed
2012,2012-12-31,PCAR,0000075362,confirmed_by_multiple_evidence,253,253,2011-12-28,2012-12-31,253,2011-12-28,2012-12-31,252,consistent_overlap,0.00012842654685711003,False,yahoo,complete,legacy_symbol_unattributed
2012,2012-12-31,PCG,0001004980,corroborated_candidate,253,253,2011-12-28,2012-12-31,253,2011-12-28,2012-12-31,252,consistent_overlap,2.657242767244439e-06,False,yahoo,complete,legacy_symbol_unattributed
2012,2012-12-31,PCL,0000849213,corroborated_candidate,253,0,,,253,2011-12-28,2012-12-31,0,insufficient_overlap,,False,,archive_adjustment_unverified,legacy_symbol_unattributed
2012,2012-12-31,PCP,0000079958,confirmed_by_multiple_evidence,253,0,,,253,2011-12-28,2012-12-31,0,insufficient_overlap,,False,,archive_adjustment_unverified,legacy_symbol_unattributed
2012,2012-12-31,PDCO,0000891024,confirmed_by_multiple_evidence,253,0,,,253,2011-12-28,2012-12-31,0,insufficient_overlap,,False,,archive_adjustment_unverified,legacy_symbol_unattributed
2012,2012-12-31,PEG,0000788784,confirmed_by_multiple_evidence,253,253,2011-12-28,2012-12-31,253,2011-12-28,2012-12-31,252,consistent_overlap,4.466327602319354e-06,False,yahoo,complete,legacy_symbol_unattributed
2012,2012-12-31,PEP,0000077476,confirmed_by_multiple_evidence,253,253,2011-12-28,2012-12-31,253,2011-12-28,2012-12-31,252,consistent_overlap,8.515501227712724e-06,False,yahoo,complete,legacy_symbol_unattributed
2012,2012-12-31,PETM,0000863157,corroborated_candidate,253,0,,,253,2011-12-28,2012-12-31,0,insufficient_overlap,,False,,archive_adjustment_unverified,legacy_symbol_unattributed
2012,2012-12-31,PFE,0000078003,confirmed_by_multiple_evidence,253,253,2011-12-28,2012-12-31,253,2011-12-28,2012-12-31,252,consistent_overlap,0.00023926594367035261,False,yahoo,complete,legacy_symbol_unattributed
2012,2012-12-31,PFG,0001126328,corroborated_candidate,253,253,2011-12-28,2012-12-31,253,2011-12-28,2012-12-31,252,consistent_overlap,5.375358826531508e-06,False,yahoo,complete,legacy_symbol_unattributed
2012,2012-12-31,PG,0000080424,confirmed_by_multiple_evidence,253,253,2011-12-28,2012-12-31,253,2011-12-28,2012-12-31,252,consistent_overlap,2.101251109182245e-06,False,yahoo,complete,legacy_symbol_unattributed
2012,2012-12-31,PGR,0000080661,confirmed_by_multiple_evidence,253,253,2011-12-28,2012-12-31,253,2011-12-28,2012-12-31,252,consistent_overlap,6.323207333318594e-06,False,yahoo,complete,legacy_symbol_unattributed
2012,2012-12-31,PH,0000076334,confirmed_by_multiple_evidence,253,253,2011-12-28,2012-12-31,253,2011-12-28,2012-12-31,252,consistent_overlap,1.3890517954284753e-06,False,yahoo,complete,legacy_symbol_unattributed
2012,2012-12-31,PHM,0000822416,corroborated_candidate,253,253,2011-12-28,2012-12-31,253,2011-12-28,2012-12-31,252,consistent_overlap,1.216519102759106e-05,False,yahoo,complete,legacy_symbol_unattributed
2012,2012-12-31,PKI,0000031791,corroborated_candidate,253,0,,,253,2011-12-28,2012-12-31,0,insufficient_overlap,,False,,archive_adjustment_unverified,legacy_symbol_unattributed
2012,2012-12-31,PLD,0001045609,confirmed_by_multiple_evidence,253,253,2011-12-28,2012-12-31,253,2011-12-28,2012-12-31,252,consistent_overlap,3.963681455173563e-06,False,yahoo,complete,legacy_symbol_unattributed
2012,2012-12-31,PLL,0000075829,corroborated_candidate,253,0,,,0,,,0,insufficient_overlap,,False,,incomplete_prices,legacy_symbol_unattributed
2012,2012-12-31,PM,0001413329,corroborated_candidate,253,253,2011-12-28,2012-12-31,253,2011-12-28,2012-12-31,252,consistent_overlap,2.3603207012334873e-06,False,yahoo,complete,legacy_symbol_unattributed
2012,2012-12-31,PNC,0000713676,confirmed_by_multiple_evidence,253,253,2011-12-28,2012-12-31,253,2011-12-28,2012-12-31,252,consistent_overlap,1.9133714674923755e-05,False,yahoo,complete,legacy_symbol_unattributed
2012,2012-12-31,PNR,0000077360,confirmed_by_multiple_evidence,253,253,2011-12-28,2012-12-31,253,2011-12-28,2012-12-31,252,consistent_overlap,3.902686296076709e-06,False,yahoo,complete,legacy_symbol_unattributed
2012,2012-12-31,PNW,0000764622,corroborated_candidate,253,253,2011-12-28,2012-12-31,253,2011-12-28,2012-12-31,252,consistent_overlap,3.3560992313819168e-06,False,yahoo,complete,legacy_symbol_unattributed
2012,2012-12-31,POM,0001135971,confirmed_by_multiple_evidence,253,0,,,253,2011-12-28,2012-12-31,0,insufficient_overlap,,False,,archive_adjustment_unverified,legacy_symbol_unattributed
2012,2012-12-31,PPG,0000079879,confirmed_by_multiple_evidence,253,253,2011-12-28,2012-12-31,253,2011-12-28,2012-12-31,252,consistent_overlap,2.4160017112850878e-06,False,yahoo,complete,legacy_symbol_unattributed
2012,2012-12-31,PPL,0000922224,corroborated_candidate,253,253,2011-12-28,2012-12-31,253,2011-12-28,2012-12-31,252,consistent_overlap,4.671095227962498e-05,False,yahoo,complete,legacy_symbol_unattributed
2012,2012-12-31,PRGO,0001585364,corroborated_candidate,253,253,2011-12-28,2012-12-31,253,2011-12-28,2012-12-31,252,consistent_overlap,4.419719990882754e-05,False,yahoo,complete,legacy_symbol_unattributed
2012,2012-12-31,PRU,0001137774,confirmed_by_multiple_evidence,253,253,2011-12-28,2012-12-31,253,2011-12-28,2012-12-31,252,consistent_overlap,2.857338834940661e-06,False,yahoo,complete,legacy_symbol_unattributed
2012,2012-12-31,PSA,0001393311,corroborated_candidate,253,253,2011-12-28,2012-12-31,253,2011-12-28,2012-12-31,252,consistent_overlap,1.2159866960870236e-06,False,yahoo,complete,legacy_symbol_unattributed
2012,2012-12-31,PSX,0001534701,confirmed_by_multiple_evidence,253,181,2012-04-12,2012-12-31,181,2012-04-12,2012-12-31,180,consistent_overlap,3.4905144451369297e-06,False,,incomplete_prices,legacy_symbol_unattributed
2012,2012-12-31,PWR,0001050915,confirmed_by_multiple_evidence,253,253,2011-12-28,2012-12-31,253,2011-12-28,2012-12-31,252,consistent_overlap,3.97308296771648e-06,False,yahoo,complete,legacy_symbol_unattributed
2012,2012-12-31,PX,0000884905,confirmed_by_multiple_evidence,253,0,,,0,,,0,insufficient_overlap,,False,,incomplete_prices,legacy_symbol_unattributed
2012,2012-12-31,PXD,0001038357,confirmed_by_multiple_evidence,253,0,,,253,2011-12-28,2012-12-31,0,insufficient_overlap,,False,,archive_adjustment_unverified,legacy_symbol_unattributed
2012,2012-12-31,QCOM,0000804328,corroborated_candidate,253,253,2011-12-28,2012-12-31,253,2011-12-28,2012-12-31,252,consistent_overlap,9.143615422182228e-05,False,yahoo,complete,legacy_symbol_unattributed
2012,2012-12-31,QEP,0001108827,corroborated_candidate,253,0,,,253,2011-12-28,2012-12-31,0,insufficient_overlap,,False,,archive_adjustment_unverified,legacy_symbol_unattributed
2012,2012-12-31,R,0000085961,corroborated_candidate,253,253,2011-12-28,2012-12-31,253,2011-12-28,2012-12-31,252,consistent_overlap,2.877826923255446e-06,False,yahoo,complete,legacy_symbol_unattributed
2012,2012-12-31,RAI,0001275283,corroborated_candidate,253,0,,,253,2011-12-28,2012-12-31,0,insufficient_overlap,,False,,archive_adjustment_unverified,legacy_symbol_unattributed
2012,2012-12-31,RDC,,,253,0,,,253,2011-12-28,2012-12-31,0,insufficient_overlap,,False,,identity_unresolved,legacy_symbol_unattributed
2012,2012-12-31,RF,0001281761,confirmed_by_multiple_evidence,253,253,2011-12-28,2012-12-31,253,2011-12-28,2012-12-31,252,consistent_overlap,0.0006767726506816386,False,yahoo,complete,legacy_symbol_unattributed
2012,2012-12-31,RHI,0000315213,confirmed_by_multiple_evidence,253,253,2011-12-28,2012-12-31,253,2011-12-28,2012-12-31,252,consistent_overlap,4.103707236329246e-06,False,yahoo,complete,legacy_symbol_unattributed
2012,2012-12-31,RHT,0001087423,confirmed_by_multiple_evidence,253,0,,,253,2011-12-28,2012-12-31,0,insufficient_overlap,,False,,archive_adjustment_unverified,legacy_symbol_unattributed
2012,2012-12-31,RL,0001037038,corroborated_candidate,253,253,2011-12-28,2012-12-31,253,2011-12-28,2012-12-31,252,consistent_overlap,1.0761379932033868e-06,False,yahoo,complete,legacy_symbol_unattributed
2012,2012-12-31,ROK,0001024478,corroborated_candidate,253,253,2011-12-28,2012-12-31,253,2011-12-28,2012-12-31,252,consistent_overlap,1.732715201742119e-06,False,yahoo,complete,legacy_symbol_unattributed
2012,2012-12-31,ROP,0000882835,corroborated_candidate,253,253,2011-12-28,2012-12-31,253,2011-12-28,2012-12-31,252,consistent_overlap,1.1333923790823884e-06,False,yahoo,complete,legacy_symbol_unattributed
2012,2012-12-31,ROST,0000745732,corroborated_candidate,253,253,2011-12-28,2012-12-31,253,2011-12-28,2012-12-31,252,consistent_overlap,8.82235875327242e-05,False,yahoo,complete,legacy_symbol_unattributed
2012,2012-12-31,RRC,0000315852,confirmed_by_multiple_evidence,253,253,2011-12-28,2012-12-31,253,2011-12-28,2012-12-31,252,consistent_overlap,1.5769950910660143e-06,False,yahoo,complete,legacy_symbol_unattributed
2012,2012-12-31,RSG,0001060391,corroborated_candidate,253,253,2011-12-28,2012-12-31,253,2011-12-28,2012-12-31,252,consistent_overlap,4.394397259820383e-06,False,yahoo,complete,legacy_symbol_unattributed
2012,2012-12-31,RTN,0001047122,confirmed_by_multiple_evidence,253,0,,,253,2011-12-28,2012-12-31,0,insufficient_overlap,,False,,archive_adjustment_unverified,legacy_symbol_unattributed
2012,2012-12-31,S,0000101830,confirmed_by_multiple_evidence,253,0,,,0,,,0,insufficient_overlap,,False,,incomplete_prices,legacy_symbol_unattributed
2012,2012-12-31,SBUX,0000829224,corroborated_candidate,253,253,2011-12-28,2012-12-31,253,2011-12-28,2012-12-31,252,consistent_overlap,0.0032897980349708886,False,yahoo,complete,legacy_symbol_unattributed
2012,2012-12-31,SCG,0000754737,corroborated_candidate,253,0,,,253,2011-12-28,2012-12-31,0,insufficient_overlap,,False,,archive_adjustment_unverified,legacy_symbol_unattributed
2012,2012-12-31,SCHW,0000316709,confirmed_by_multiple_evidence,253,253,2011-12-28,2012-12-31,253,2011-12-28,2012-12-31,252,consistent_overlap,0.000416373910796295,False,yahoo,complete,legacy_symbol_unattributed
2012,2012-12-31,SE,0001373835,confirmed_by_multiple_evidence,253,0,,,0,,,0,insufficient_overlap,,False,,incomplete_prices,legacy_symbol_unattributed
2012,2012-12-31,SEE,0001012100,confirmed_by_multiple_evidence,253,0,,,253,2011-12-28,2012-12-31,0,insufficient_overlap,,False,,archive_adjustment_unverified,legacy_symbol_unattributed
2012,2012-12-31,SHW,0000089800,corroborated_candidate,253,253,2011-12-28,2012-12-31,253,2011-12-28,2012-12-31,252,consistent_overlap,3.0744436025154104e-06,False,yahoo,complete,legacy_symbol_unattributed
2012,2012-12-31,SIAL,0000090185,corroborated_candidate,253,0,,,253,2011-12-28,2012-12-31,0,insufficient_overlap,,False,,archive_adjustment_unverified,legacy_symbol_unattributed
2012,2012-12-31,SJM,0000091419,corroborated_candidate,253,253,2011-12-28,2012-12-31,253,2011-12-28,2012-12-31,252,consistent_overlap,1.7152678345844221e-06,False,yahoo,complete,legacy_symbol_unattributed
2012,2012-12-31,SLB,0000087347,confirmed_by_multiple_evidence,253,253,2011-12-28,2012-12-31,253,2011-12-28,2012-12-31,252,consistent_overlap,1.796483777746217e-06,False,yahoo,complete,legacy_symbol_unattributed
2012,2012-12-31,SLM,0001032033,corroborated_candidate,253,253,2011-12-28,2012-12-31,253,2011-12-28,2012-12-31,252,consistent_overlap,0.0003551514400862366,False,yahoo,complete,legacy_symbol_unattributed
2012,2012-12-31,SNA,0000091440,confirmed_by_multiple_evidence,253,253,2011-12-28,2012-12-31,253,2011-12-28,2012-12-31,252,consistent_overlap,1.9396606423727203e-06,False,yahoo,complete,legacy_symbol_unattributed
2012,2012-12-31,SNDK,0001000180,corroborated_candidate,253,0,,,0,,,0,insufficient_overlap,,False,,incomplete_prices,legacy_symbol_unattributed
2012,2012-12-31,SNI,0001430602,corroborated_candidate,253,0,,,253,2011-12-28,2012-12-31,0,insufficient_overlap,,False,,archive_adjustment_unverified,legacy_symbol_unattributed
2012,2012-12-31,SO,0000092122,corroborated_candidate,253,253,2011-12-28,2012-12-31,253,2011-12-28,2012-12-31,252,consistent_overlap,3.760860370831676e-06,False,yahoo,complete,legacy_symbol_unattributed
2012,2012-12-31,SPG,0001063761,corroborated_candidate,253,253,2011-12-28,2012-12-31,253,2011-12-28,2012-12-31,252,consistent_overlap,3.1680108115739236e-06,False,yahoo,complete,legacy_symbol_unattributed
2012,2012-12-31,SPGI,0000064040,corroborated_candidate,253,253,2011-12-28,2012-12-31,253,2011-12-28,2012-12-31,252,consistent_overlap,2.3624152875745265e-06,False,yahoo,complete,legacy_symbol_unattributed
2012,2012-12-31,SPLS,0000791519,corroborated_candidate,253,0,,,253,2011-12-28,2012-12-31,0,insufficient_overlap,,False,,archive_adjustment_unverified,legacy_symbol_unattributed
2012,2012-12-31,SRCL,0000861878,confirmed_by_multiple_evidence,253,0,,,253,2011-12-28,2012-12-31,0,insufficient_overlap,,False,,archive_adjustment_unverified,legacy_symbol_unattributed
2012,2012-12-31,SRE,,,253,253,2011-12-28,2012-12-31,253,2011-12-28,2012-12-31,252,consistent_overlap,6.091862645727476e-05,False,,identity_unresolved,legacy_symbol_unattributed
2012,2012-12-31,STI,0000750556,confirmed_by_multiple_evidence,253,0,,,0,,,0,insufficient_overlap,,False,,incomplete_prices,legacy_symbol_unattributed
2012,2012-12-31,STJ,0000203077,corroborated_candidate,253,0,,,253,2011-12-28,2012-12-31,0,insufficient_overlap,,False,,archive_adjustment_unverified,legacy_symbol_unattributed
2012,2012-12-31,STT,0000093751,corroborated_candidate,253,253,2011-12-28,2012-12-31,253,2011-12-28,2012-12-31,252,consistent_overlap,3.0006057164899697e-06,False,yahoo,complete,legacy_symbol_unattributed
2012,2012-12-31,STX,0001137789,corroborated_candidate,253,253,2011-12-28,2012-12-31,253,2011-12-28,2012-12-31,252,consistent_overlap,0.0002446910662147366,False,yahoo,complete,legacy_symbol_unattributed
2012,2012-12-31,STZ,0000016918,corroborated_candidate,253,253,2011-12-28,2012-12-31,253,2011-12-28,2012-12-31,252,consistent_overlap,4.359358388940085e-06,False,yahoo,complete,legacy_symbol_unattributed
2012,2012-12-31,SWK,0000093556,confirmed_by_multiple_evidence,253,253,2011-12-28,2012-12-31,253,2011-12-28,2012-12-31,252,consistent_overlap,1.9184349726308896e-06,False,yahoo,complete,legacy_symbol_unattributed
2012,2012-12-31,SWN,0000007332,confirmed_by_multiple_evidence,253,0,,,253,2011-12-28,2012-12-31,0,insufficient_overlap,,False,,archive_adjustment_unverified,legacy_symbol_unattributed
2012,2012-12-31,SWY,0000086144,corroborated_candidate,253,0,,,253,2011-12-28,2012-12-31,0,insufficient_overlap,,False,,archive_adjustment_unverified,legacy_symbol_unattributed
2012,2012-12-31,SYK,0000310764,confirmed_by_multiple_evidence,253,253,2011-12-28,2012-12-31,253,2011-12-28,2012-12-31,252,consistent_overlap,5.144876627186708e-06,False,yahoo,complete,legacy_symbol_unattributed
2012,2012-12-31,SYMC,0000849399,corroborated_candidate,253,0,,,253,2011-12-28,2012-12-31,0,insufficient_overlap,,False,,archive_adjustment_unverified,legacy_symbol_unattributed
2012,2012-12-31,SYY,0000096021,corroborated_candidate,253,253,2011-12-28,2012-12-31,253,2011-12-28,2012-12-31,252,consistent_overlap,4.47172312944222e-06,False,yahoo,complete,legacy_symbol_unattributed
2012,2012-12-31,T,0000732717,corroborated_candidate,253,253,2011-12-28,2012-12-31,253,2011-12-28,2012-12-31,252,consistent_overlap,0.003917403225135087,False,yahoo,complete,legacy_symbol_unattributed
2012,2012-12-31,TAP,0000024545,confirmed_by_multiple_evidence,253,253,2011-12-28,2012-12-31,253,2011-12-28,2012-12-31,252,consistent_overlap,2.8889877661097963e-06,False,yahoo,complete,legacy_symbol_unattributed
2012,2012-12-31,TDC,0000816761,confirmed_by_multiple_evidence,253,253,2011-12-28,2012-12-31,253,2011-12-28,2012-12-31,252,consistent_overlap,1.6678222184318696e-06,False,yahoo,complete,legacy_symbol_unattributed
2012,2012-12-31,TE,0000350563,confirmed_by_multiple_evidence,253,0,,,0,,,0,insufficient_overlap,,False,,incomplete_prices,legacy_symbol_unattributed
2012,2012-12-31,TEG,0000916863,corroborated_candidate,253,0,,,253,2011-12-28,2012-12-31,0,insufficient_overlap,,False,,archive_adjustment_unverified,legacy_symbol_unattributed
2012,2012-12-31,TEL,0001385157,corroborated_candidate,253,253,2011-12-28,2012-12-31,253,2011-12-28,2012-12-31,252,consistent_overlap,3.7611791315328437e-06,False,yahoo,complete,legacy_symbol_unattributed
2012,2012-12-31,TER,0000097210,confirmed_by_multiple_evidence,253,253,2011-12-28,2012-12-31,253,2011-12-28,2012-12-31,252,consistent_overlap,6.380567735855271e-06,False,yahoo,complete,legacy_symbol_unattributed
2012,2012-12-31,TGNA,,,253,0,,,253,2011-12-28,2012-12-31,0,insufficient_overlap,,False,,identity_unresolved,legacy_symbol_unattributed
2012,2012-12-31,TGT,0000027419,corroborated_candidate,253,253,2011-12-28,2012-12-31,253,2011-12-28,2012-12-31,252,consistent_overlap,2.950303566890973e-06,False,yahoo,complete,legacy_symbol_unattributed
2012,2012-12-31,THC,0000070318,corroborated_candidate,253,253,2011-12-28,2012-12-31,253,2011-12-28,2012-12-31,252,consistent_overlap,7.640360759175736e-08,False,yahoo,complete,legacy_symbol_unattributed
2012,2012-12-31,TIF,0000098246,confirmed_by_multiple_evidence,253,0,,,253,2011-12-28,2012-12-31,0,insufficient_overlap,,False,,archive_adjustment_unverified,legacy_symbol_unattributed
2012,2012-12-31,TJX,0000109198,confirmed_by_multiple_evidence,253,253,2011-12-28,2012-12-31,253,2011-12-28,2012-12-31,252,consistent_overlap,4.9520099472455396e-06,False,yahoo,complete,legacy_symbol_unattributed
2012,2012-12-31,TMK,0000320335,confirmed_by_multiple_evidence,253,0,,,253,2011-12-28,2012-12-31,0,insufficient_overlap,,False,,archive_adjustment_unverified,legacy_symbol_unattributed
2012,2012-12-31,TMO,0000097745,corroborated_candidate,253,253,2011-12-28,2012-12-31,253,2011-12-28,2012-12-31,252,consistent_overlap,1.941537460321554e-06,False,yahoo,complete,legacy_symbol_unattributed
2012,2012-12-31,TMUS,,,253,253,2011-12-28,2012-12-31,253,2011-12-28,2012-12-31,252,consistent_overlap,1.1825037679211728e-05,False,,identity_unresolved,legacy_symbol_unattributed
2012,2012-12-31,TPR,,,253,253,2011-12-28,2012-12-31,253,2011-12-28,2012-12-31,252,consistent_overlap,2.323600359097623e-06,False,,identity_unresolved,legacy_symbol_unattributed
2012,2012-12-31,TRIP,0001526520,corroborated_candidate,253,253,2011-12-28,2012-12-31,253,2011-12-28,2012-12-31,252,consistent_overlap,7.501515493317901e-05,False,yahoo,complete,legacy_symbol_unattributed
2012,2012-12-31,TROW,,,253,253,2011-12-28,2012-12-31,253,2011-12-28,2012-12-31,252,consistent_overlap,8.714461833519539e-05,False,,identity_unresolved,legacy_symbol_unattributed
2012,2012-12-31,TRV,0000086312,corroborated_candidate,253,253,2011-12-28,2012-12-31,253,2011-12-28,2012-12-31,252,consistent_overlap,1.906540429869043e-06,False,yahoo,complete,legacy_symbol_unattributed
2012,2012-12-31,TSN,0000100493,corroborated_candidate,253,253,2011-12-28,2012-12-31,253,2011-12-28,2012-12-31,252,consistent_overlap,8.321671741313714e-06,False,yahoo,complete,legacy_symbol_unattributed
2012,2012-12-31,TSS,0000721683,confirmed_by_multiple_evidence,253,0,,,253,2011-12-28,2012-12-31,0,insufficient_overlap,,False,,archive_adjustment_unverified,legacy_symbol_unattributed
2012,2012-12-31,TWC,0001377013,corroborated_candidate,253,0,,,253,2011-12-28,2012-12-31,0,insufficient_overlap,,False,,archive_adjustment_unverified,legacy_symbol_unattributed
2012,2012-12-31,TWX,0001105705,corroborated_candidate,253,0,,,253,2011-12-28,2012-12-31,0,insufficient_overlap,,False,,archive_adjustment_unverified,legacy_symbol_unattributed
2012,2012-12-31,TXN,0000097476,corroborated_candidate,253,253,2011-12-28,2012-12-31,253,2011-12-28,2012-12-31,252,consistent_overlap,4.2394213682928075e-06,False,yahoo,complete,legacy_symbol_unattributed
2012,2012-12-31,TXT,0000217346,corroborated_candidate,253,253,2011-12-28,2012-12-31,253,2011-12-28,2012-12-31,252,consistent_overlap,3.7702253949567507e-06,False,yahoo,complete,legacy_symbol_unattributed
2012,2012-12-31,UNH,0000731766,corroborated_candidate,253,253,2011-12-28,2012-12-31,253,2011-12-28,2012-12-31,252,consistent_overlap,8.778014959298653e-06,False,yahoo,complete,legacy_symbol_unattributed
2012,2012-12-31,UNM,0000005513,confirmed_by_multiple_evidence,253,253,2011-12-28,2012-12-31,253,2011-12-28,2012-12-31,252,consistent_overlap,6.397880193091955e-06,False,yahoo,complete,legacy_symbol_unattributed
2012,2012-12-31,UNP,0000100885,corroborated_candidate,253,253,2011-12-28,2012-12-31,253,2011-12-28,2012-12-31,252,consistent_overlap,2.1905793065812865e-06,False,yahoo,complete,legacy_symbol_unattributed
2012,2012-12-31,UPS,0001090727,confirmed_by_multiple_evidence,253,253,2011-12-28,2012-12-31,253,2011-12-28,2012-12-31,252,consistent_overlap,1.200967836808343e-05,False,yahoo,complete,legacy_symbol_unattributed
2012,2012-12-31,URBN,0000912615,confirmed_by_multiple_evidence,253,253,2011-12-28,2012-12-31,253,2011-12-28,2012-12-31,252,consistent_overlap,8.339849149718863e-08,False,yahoo,complete,legacy_symbol_unattributed
2012,2012-12-31,USB,0000036104,confirmed_by_multiple_evidence,253,253,2011-12-28,2012-12-31,253,2011-12-28,2012-12-31,252,consistent_overlap,0.00015257372024806925,False,yahoo,complete,legacy_symbol_unattributed
2012,2012-12-31,UTX,0000101829,corroborated_candidate,253,0,,,253,2011-12-28,2012-12-31,0,insufficient_overlap,,False,,archive_adjustment_unverified,legacy_symbol_unattributed
2012,2012-12-31,V,0001403161,corroborated_candidate,253,253,2011-12-28,2012-12-31,253,2011-12-28,2012-12-31,252,consistent_overlap,3.526632256728446e-06,False,yahoo,complete,legacy_symbol_unattributed
2012,2012-12-31,VAR,0000203527,confirmed_by_multiple_evidence,253,0,,,253,2011-12-28,2012-12-31,0,insufficient_overlap,,False,,archive_adjustment_unverified,legacy_symbol_unattributed
2012,2012-12-31,VFC,0000103379,confirmed_by_multiple_evidence,253,253,2011-12-28,2012-12-31,253,2011-12-28,2012-12-31,252,consistent_overlap,4.0059674233050584e-06,False,yahoo,complete,legacy_symbol_unattributed
2012,2012-12-31,VIAB,0001339947,corroborated_candidate,253,0,,,253,2011-12-28,2012-12-31,0,insufficient_overlap,,False,,archive_adjustment_unverified,legacy_symbol_unattributed
2012,2012-12-31,VIAV,,,253,0,,,253,2011-12-28,2012-12-31,0,insufficient_overlap,,False,,identity_unresolved,legacy_symbol_unattributed
2012,2012-12-31,VLO,0001035002,corroborated_candidate,253,253,2011-12-28,2012-12-31,253,2011-12-28,2012-12-31,252,divergent_overlap,0.005961131685117288,False,yahoo,complete,legacy_symbol_unattributed
2012,2012-12-31,VMC,0001396009,confirmed_by_multiple_evidence,253,253,2011-12-28,2012-12-31,253,2011-12-28,2012-12-31,252,consistent_overlap,2.262448117789085e-06,False,yahoo,complete,legacy_symbol_unattributed
2012,2012-12-31,VNO,0000899689,corroborated_candidate,253,253,2011-12-28,2012-12-31,253,2011-12-28,2012-12-31,252,consistent_overlap,4.034399737370414e-06,False,yahoo,complete,legacy_symbol_unattributed
2012,2012-12-31,VRSN,0001014473,corroborated_candidate,253,253,2011-12-28,2012-12-31,253,2011-12-28,2012-12-31,252,consistent_overlap,0.00010535103099608145,False,yahoo,complete,legacy_symbol_unattributed
2012,2012-12-31,VTR,0000740260,corroborated_candidate,253,253,2011-12-28,2012-12-31,253,2011-12-28,2012-12-31,252,consistent_overlap,0.00017777387344354413,False,yahoo,complete,legacy_symbol_unattributed
2012,2012-12-31,VZ,0000732712,confirmed_by_multiple_evidence,253,253,2011-12-28,2012-12-31,253,2011-12-28,2012-12-31,252,consistent_overlap,4.106213976731167e-06,False,yahoo,complete,legacy_symbol_unattributed
2012,2012-12-31,WAT,0001000697,corroborated_candidate,253,253,2011-12-28,2012-12-31,253,2011-12-28,2012-12-31,252,consistent_overlap,7.989477656789036e-08,False,yahoo,complete,legacy_symbol_unattributed
2012,2012-12-31,WBA,0001618921,corroborated_candidate,253,0,,,253,2011-12-28,2012-12-31,0,insufficient_overlap,,False,,archive_adjustment_unverified,legacy_symbol_unattributed
2012,2012-12-31,WDC,0000106040,confirmed_by_multiple_evidence,253,253,2011-12-28,2012-12-31,253,2011-12-28,2012-12-31,252,consistent_overlap,5.330506559608761e-06,False,yahoo,complete,legacy_symbol_unattributed
2012,2012-12-31,WEC,0000783325,corroborated_candidate,253,253,2011-12-28,2012-12-31,253,2011-12-28,2012-12-31,252,consistent_overlap,3.7425041089167444e-06,False,yahoo,complete,legacy_symbol_unattributed
2012,2012-12-31,WELL,0000766704,corroborated_candidate,253,253,2011-12-28,2012-12-31,253,2011-12-28,2012-12-31,252,consistent_overlap,3.0245640693715737e-06,False,yahoo,complete,legacy_symbol_unattributed
2012,2012-12-31,WFC,0000072971,corroborated_candidate,253,253,2011-12-28,2012-12-31,253,2011-12-28,2012-12-31,252,consistent_overlap,3.7967047950204797e-06,False,yahoo,complete,legacy_symbol_unattributed
2012,2012-12-31,WFM,0000865436,corroborated_candidate,253,0,,,253,2011-12-28,2012-12-31,0,insufficient_overlap,,False,,archive_adjustment_unverified,legacy_symbol_unattributed
2012,2012-12-31,WHR,0000106640,corroborated_candidate,253,253,2011-12-28,2012-12-31,253,2011-12-28,2012-12-31,252,consistent_overlap,2.0561107606265064e-06,False,yahoo,complete,legacy_symbol_unattributed
2012,2012-12-31,WIN,0001282266,corroborated_candidate,253,0,,,253,2011-12-28,2012-12-31,0,insufficient_overlap,,False,,archive_adjustment_unverified,legacy_symbol_unattributed
2012,2012-12-31,WLP,0001156039,reviewed_alias,253,0,,,0,,,0,insufficient_overlap,,False,,incomplete_prices,legacy_symbol_unattributed
2012,2012-12-31,WM,0000823768,confirmed_by_multiple_evidence,253,253,2011-12-28,2012-12-31,253,2011-12-28,2012-12-31,252,consistent_overlap,3.7343157918812156e-06,False,yahoo,complete,legacy_symbol_unattributed
2012,2012-12-31,WMB,0000107263,corroborated_candidate,253,253,2011-12-28,2012-12-31,253,2011-12-28,2012-12-31,252,consistent_overlap,5.673028844094267e-06,False,yahoo,complete,legacy_symbol_unattributed
2012,2012-12-31,WMT,0000104169,corroborated_candidate,253,253,2011-12-28,2012-12-31,253,2011-12-28,2012-12-31,252,consistent_overlap,4.663515713392519e-05,False,yahoo,complete,legacy_symbol_unattributed
2012,2012-12-31,WPX,0001518832,confirmed_by_multiple_evidence,253,0,,,253,2011-12-28,2012-12-31,0,insufficient_overlap,,False,,archive_adjustment_unverified,legacy_symbol_unattributed
2012,2012-12-31,WU,0001365135,corroborated_candidate,253,253,2011-12-28,2012-12-31,253,2011-12-28,2012-12-31,252,consistent_overlap,0.00027985307072467383,False,yahoo,complete,legacy_symbol_unattributed
2012,2012-12-31,WY,0000106535,confirmed_by_multiple_evidence,253,253,2011-12-28,2012-12-31,253,2011-12-28,2012-12-31,252,consistent_overlap,6.329334367255472e-06,False,yahoo,complete,legacy_symbol_unattributed
2012,2012-12-31,WYND,,,253,0,,,0,,,0,insufficient_overlap,,False,,identity_unresolved,legacy_symbol_unattributed
2012,2012-12-31,WYNN,0001174922,confirmed_by_multiple_evidence,253,253,2011-12-28,2012-12-31,253,2011-12-28,2012-12-31,252,consistent_overlap,3.999837455693656e-05,False,yahoo,complete,legacy_symbol_unattributed
2012,2012-12-31,X,0001163302,confirmed_by_multiple_evidence,253,0,,,253,2011-12-28,2012-12-31,0,insufficient_overlap,,False,,archive_adjustment_unverified,legacy_symbol_unattributed
2012,2012-12-31,XEL,0000072903,corroborated_candidate,253,253,2011-12-28,2012-12-31,253,2011-12-28,2012-12-31,252,consistent_overlap,4.81008261621119e-06,False,yahoo,complete,legacy_symbol_unattributed
2012,2012-12-31,XL,0000875159,corroborated_candidate,253,0,,,0,,,0,insufficient_overlap,,False,,incomplete_prices,legacy_symbol_unattributed
2012,2012-12-31,XLNX,0000743988,corroborated_candidate,253,0,,,253,2011-12-28,2012-12-31,0,insufficient_overlap,,False,,archive_adjustment_unverified,legacy_symbol_unattributed
2012,2012-12-31,XOM,,,253,253,2011-12-28,2012-12-31,253,2011-12-28,2012-12-31,252,consistent_overlap,5.3258360610453105e-06,False,,identity_unresolved,legacy_symbol_unattributed
2012,2012-12-31,XRAY,0000818479,confirmed_by_multiple_evidence,253,253,2011-12-28,2012-12-31,253,2011-12-28,2012-12-31,252,consistent_overlap,0.00013769364966443432,False,yahoo,complete,legacy_symbol_unattributed
2012,2012-12-31,XRX,,,253,253,2011-12-28,2012-12-31,253,2011-12-28,2012-12-31,252,consistent_overlap,6.0759743618773504e-05,False,,identity_unresolved,legacy_symbol_unattributed
2012,2012-12-31,XYL,0001524472,corroborated_candidate,253,253,2011-12-28,2012-12-31,253,2011-12-28,2012-12-31,252,consistent_overlap,4.261193157802934e-06,False,yahoo,complete,legacy_symbol_unattributed
2012,2012-12-31,YUM,0001041061,corroborated_candidate,253,253,2011-12-28,2012-12-31,253,2011-12-28,2012-12-31,252,consistent_overlap,0.004368916594551882,False,yahoo,complete,legacy_symbol_unattributed
2012,2012-12-31,ZBH,,,253,253,2011-12-28,2012-12-31,253,2011-12-28,2012-12-31,252,consistent_overlap,2.0576446083186996e-06,False,,identity_unresolved,legacy_symbol_unattributed
2012,2012-12-31,ZION,0000109380,confirmed_by_multiple_evidence,253,253,2011-12-28,2012-12-31,253,2011-12-28,2012-12-31,252,consistent_overlap,0.0002768201300578033,False,yahoo,complete,legacy_symbol_unattributed
2012,2012-12-31,SPY,,benchmark,253,253,2011-12-28,2012-12-31,0,,,0,not_applicable,,False,yahoo,complete,benchmark
2013,2013-12-31,A,0001090872,corroborated_candidate,253,253,2012-12-31,2013-12-31,253,2012-12-31,2013-12-31,252,consistent_overlap,4.1238952844468995e-06,False,yahoo,complete,legacy_symbol_unattributed
2013,2013-12-31,AABA,,,253,0,,,253,2012-12-31,2013-12-31,0,insufficient_overlap,,False,,identity_unresolved,legacy_symbol_unattributed
2013,2013-12-31,AAPL,0000320193,confirmed_by_multiple_evidence,253,253,2012-12-31,2013-12-31,253,2012-12-31,2013-12-31,252,consistent_overlap,8.57281076868999e-06,False,yahoo,complete,legacy_symbol_unattributed
2013,2013-12-31,ABBV,0001551152,corroborated_candidate,253,252,2013-01-02,2013-12-31,253,2012-12-31,2013-12-31,251,consistent_overlap,4.388486598894126e-06,False,,archive_boundary_unverified,legacy_symbol_unattributed
2013,2013-12-31,ABC,0001140859,corroborated_candidate,253,0,,,253,2012-12-31,2013-12-31,0,insufficient_overlap,,False,,archive_adjustment_unverified,legacy_symbol_unattributed
2013,2013-12-31,ABT,0000001800,corroborated_candidate,253,253,2012-12-31,2013-12-31,253,2012-12-31,2013-12-31,252,consistent_overlap,3.423270377759247e-06,False,yahoo,complete,legacy_symbol_unattributed
2013,2013-12-31,ACN,0001467373,confirmed_by_multiple_evidence,253,253,2012-12-31,2013-12-31,253,2012-12-31,2013-12-31,252,consistent_overlap,1.5363017445779736e-06,False,yahoo,complete,legacy_symbol_unattributed
2013,2013-12-31,ADBE,0000796343,corroborated_candidate,253,253,2012-12-31,2013-12-31,253,2012-12-31,2013-12-31,252,consistent_overlap,0.00012845743563595248,False,yahoo,complete,legacy_symbol_unattributed
2013,2013-12-31,ADI,0000006281,corroborated_candidate,253,253,2012-12-31,2013-12-31,253,2012-12-31,2013-12-31,252,consistent_overlap,2.79887028855952e-06,False,yahoo,complete,legacy_symbol_unattributed
2013,2013-12-31,ADM,0000007084,corroborated_candidate,253,253,2012-12-31,2013-12-31,253,2012-12-31,2013-12-31,252,consistent_overlap,4.041013049108646e-06,False,yahoo,complete,legacy_symbol_unattributed
2013,2013-12-31,ADP,0000008670,corroborated_candidate,253,253,2012-12-31,2013-12-31,253,2012-12-31,2013-12-31,252,consistent_overlap,2.8439678617608884e-06,False,yahoo,complete,legacy_symbol_unattributed
2013,2013-12-31,ADS,0001101215,corroborated_candidate,253,0,,,253,2012-12-31,2013-12-31,0,insufficient_overlap,,False,,archive_adjustment_unverified,legacy_symbol_unattributed
2013,2013-12-31,ADSK,0000769397,confirmed_by_multiple_evidence,253,253,2012-12-31,2013-12-31,253,2012-12-31,2013-12-31,252,consistent_overlap,0.0001364442060498594,False,yahoo,complete,legacy_symbol_unattributed
2013,2013-12-31,ADT,0001546640,confirmed_by_multiple_evidence,253,0,,,0,,,0,insufficient_overlap,,False,,incomplete_prices,legacy_symbol_unattributed
2013,2013-12-31,AEE,0001002910,confirmed_by_multiple_evidence,253,253,2012-12-31,2013-12-31,253,2012-12-31,2013-12-31,252,consistent_overlap,3.833686012104654e-06,False,yahoo,complete,legacy_symbol_unattributed
2013,2013-12-31,AEP,0000004904,corroborated_candidate,253,253,2012-12-31,2013-12-31,253,2012-12-31,2013-12-31,252,consistent_overlap,2.689098299641925e-06,False,yahoo,complete,legacy_symbol_unattributed
2013,2013-12-31,AES,0000874761,confirmed_by_multiple_evidence,253,253,2012-12-31,2013-12-31,253,2012-12-31,2013-12-31,252,consistent_overlap,1.0310458058611084e-05,False,yahoo,complete,legacy_symbol_unattributed
2013,2013-12-31,AET,0001122304,corroborated_candidate,253,0,,,253,2012-12-31,2013-12-31,0,insufficient_overlap,,False,,archive_adjustment_unverified,legacy_symbol_unattributed
2013,2013-12-31,AFL,0000004977,confirmed_by_multiple_evidence,253,253,2012-12-31,2013-12-31,253,2012-12-31,2013-12-31,252,consistent_overlap,4.982475121475539e-06,False,yahoo,complete,legacy_symbol_unattributed
2013,2013-12-31,AGN,,,253,0,,,253,2012-12-31,2013-12-31,0,insufficient_overlap,,True,,ticker_recycled,legacy_symbol_unattributed
2013,2013-12-31,AIG,0000005272,corroborated_candidate,253,253,2012-12-31,2013-12-31,253,2012-12-31,2013-12-31,252,consistent_overlap,2.587510674375571e-06,False,yahoo,complete,legacy_symbol_unattributed
2013,2013-12-31,AIV,0000922864,corroborated_candidate,253,253,2012-12-31,2013-12-31,253,2012-12-31,2013-12-31,252,divergent_overlap,0.007809759778119712,False,yahoo,complete,legacy_symbol_unattributed
2013,2013-12-31,AIZ,0001267238,confirmed_by_multiple_evidence,253,253,2012-12-31,2013-12-31,253,2012-12-31,2013-12-31,252,consistent_overlap,2.742420361774302e-06,False,yahoo,complete,legacy_symbol_unattributed
2013,2013-12-31,AKAM,0001086222,corroborated_candidate,253,253,2012-12-31,2013-12-31,253,2012-12-31,2013-12-31,252,consistent_overlap,0.0001250741075279749,False,yahoo,complete,legacy_symbol_unattributed
2013,2013-12-31,ALL,0000899051,corroborated_candidate,253,253,2012-12-31,2013-12-31,253,2012-12-31,2013-12-31,252,consistent_overlap,2.3938973001635947e-06,False,yahoo,complete,legacy_symbol_unattributed
2013,2013-12-31,ALLE,0001579241,corroborated_candidate,253,30,2013-11-18,2013-12-31,30,2013-11-18,2013-12-31,29,insufficient_overlap,,False,,incomplete_prices,legacy_symbol_unattributed
2013,2013-12-31,ALTR,0000768251,corroborated_candidate,253,0,,,0,,,0,insufficient_overlap,,False,,incomplete_prices,legacy_symbol_unattributed
2013,2013-12-31,ALXN,0000899866,corroborated_candidate,253,0,,,253,2012-12-31,2013-12-31,0,insufficient_overlap,,False,,archive_adjustment_unverified,legacy_symbol_unattributed
2013,2013-12-31,AMAT,0000006951,corroborated_candidate,253,253,2012-12-31,2013-12-31,253,2012-12-31,2013-12-31,252,consistent_overlap,0.00043097826940339943,False,yahoo,complete,legacy_symbol_unattributed
2013,2013-12-31,AME,0001037868,confirmed_by_multiple_evidence,253,253,2012-12-31,2013-12-31,253,2012-12-31,2013-12-31,252,consistent_overlap,2.077692333999348e-06,False,yahoo,complete,legacy_symbol_unattributed
2013,2013-12-31,AMGN,0000318154,corroborated_candidate,253,253,2012-12-31,2013-12-31,253,2012-12-31,2013-12-31,252,consistent_overlap,1.4027251254322694e-06,False,yahoo,complete,legacy_symbol_unattributed
2013,2013-12-31,AMP,0000820027,corroborated_candidate,253,253,2012-12-31,2013-12-31,253,2012-12-31,2013-12-31,252,consistent_overlap,1.9729845838312172e-06,False,yahoo,complete,legacy_symbol_unattributed
2013,2013-12-31,AMT,0001053507,corroborated_candidate,253,253,2012-12-31,2013-12-31,253,2012-12-31,2013-12-31,252,consistent_overlap,1.5649359598612916e-06,False,yahoo,complete,legacy_symbol_unattributed
2013,2013-12-31,AMZN,0001018724,confirmed_by_multiple_evidence,253,253,2012-12-31,2013-12-31,253,2012-12-31,2013-12-31,252,consistent_overlap,1.4825437744779857e-05,False,yahoo,complete,legacy_symbol_unattributed
2013,2013-12-31,AN,0000350698,confirmed_by_multiple_evidence,253,253,2012-12-31,2013-12-31,253,2012-12-31,2013-12-31,252,consistent_overlap,7.19566614593159e-08,False,yahoo,complete,legacy_symbol_unattributed
2013,2013-12-31,ANDV,0000050104,corroborated_candidate,253,0,,,253,2012-12-31,2013-12-31,0,insufficient_overlap,,False,,archive_adjustment_unverified,legacy_symbol_unattributed
2013,2013-12-31,AON,0000315293,corroborated_candidate,253,253,2012-12-31,2013-12-31,253,2012-12-31,2013-12-31,252,consistent_overlap,1.7649238329653383e-06,False,yahoo,complete,legacy_symbol_unattributed
2013,2013-12-31,APA,,,253,253,2012-12-31,2013-12-31,253,2012-12-31,2013-12-31,252,consistent_overlap,1.5150649443618218e-06,False,,identity_unresolved,legacy_symbol_unattributed
2013,2013-12-31,APC,0000773910,confirmed_by_multiple_evidence,253,0,,,253,2012-12-31,2013-12-31,0,insufficient_overlap,,False,,archive_adjustment_unverified,legacy_symbol_unattributed
2013,2013-12-31,APD,0000002969,corroborated_candidate,253,253,2012-12-31,2013-12-31,253,2012-12-31,2013-12-31,252,divergent_overlap,0.0062963743247535075,False,yahoo,complete,legacy_symbol_unattributed
2013,2013-12-31,APH,0000820313,corroborated_candidate,253,253,2012-12-31,2013-12-31,253,2012-12-31,2013-12-31,252,consistent_overlap,1.7215726396876413e-05,False,yahoo,complete,legacy_symbol_unattributed
2013,2013-12-31,APTV,0001521332,corroborated_candidate,253,253,2012-12-31,2013-12-31,253,2012-12-31,2013-12-31,252,consistent_overlap,2.7699652955726093e-06,False,yahoo,complete,legacy_symbol_unattributed
2013,2013-12-31,ARG,0000804212,confirmed_by_multiple_evidence,253,0,,,253,2012-12-31,2013-12-31,0,insufficient_overlap,,False,,archive_adjustment_unverified,legacy_symbol_unattributed
2013,2013-12-31,ARNC,,,253,0,,,0,,,0,insufficient_overlap,,False,,identity_unresolved,legacy_symbol_unattributed
2013,2013-12-31,ATI,0001018963,corroborated_candidate,253,253,2012-12-31,2013-12-31,253,2012-12-31,2013-12-31,252,consistent_overlap,3.342743630820877e-06,False,yahoo,complete,legacy_symbol_unattributed
2013,2013-12-31,AVB,0000915912,corroborated_candidate,253,0,,,253,2012-12-31,2013-12-31,0,insufficient_overlap,,False,,archive_adjustment_unverified,legacy_symbol_unattributed
2013,2013-12-31,AVP,0000008868,corroborated_candidate,253,0,,,253,2012-12-31,2013-12-31,0,insufficient_overlap,,False,,archive_adjustment_unverified,legacy_symbol_unattributed
2013,2013-12-31,AVY,0000008818,corroborated_candidate,253,253,2012-12-31,2013-12-31,253,2012-12-31,2013-12-31,252,consistent_overlap,3.108796262747405e-06,False,yahoo,complete,legacy_symbol_unattributed
2013,2013-12-31,AXP,0000004962,confirmed_by_multiple_evidence,253,253,2012-12-31,2013-12-31,253,2012-12-31,2013-12-31,252,consistent_overlap,1.8537095892456894e-06,False,yahoo,complete,legacy_symbol_unattributed
2013,2013-12-31,AZO,0000866787,confirmed_by_multiple_evidence,253,253,2012-12-31,2013-12-31,253,2012-12-31,2013-12-31,252,consistent_overlap,6.670367836636438e-08,False,yahoo,complete,legacy_symbol_unattributed
2013,2013-12-31,BA,0000012927,corroborated_candidate,253,253,2012-12-31,2013-12-31,253,2012-12-31,2013-12-31,252,consistent_overlap,1.389001452808403e-06,False,yahoo,complete,legacy_symbol_unattributed
2013,2013-12-31,BAC,0000070858,corroborated_candidate,253,253,2012-12-31,2013-12-31,253,2012-12-31,2013-12-31,252,consistent_overlap,0.0003454688324362443,False,yahoo,complete,legacy_symbol_unattributed
2013,2013-12-31,BAX,0000010456,confirmed_by_multiple_evidence,253,253,2012-12-31,2013-12-31,253,2012-12-31,2013-12-31,252,divergent_overlap,0.006693984661844344,False,yahoo,complete,legacy_symbol_unattributed
2013,2013-12-31,BBBY,0000886158,corroborated_candidate,253,0,,,253,2012-12-31,2013-12-31,0,insufficient_overlap,,False,,archive_adjustment_unverified,legacy_symbol_unattributed
2013,2013-12-31,BBT,0000092230,corroborated_candidate,253,253,2012-12-31,2013-12-31,253,2012-12-31,2013-12-31,252,divergent_overlap,0.03241211591607274,False,yahoo,complete,legacy_symbol_unattributed
2013,2013-12-31,BBY,0000764478,corroborated_candidate,253,253,2012-12-31,2013-12-31,253,2012-12-31,2013-12-31,252,consistent_overlap,7.868101437064069e-06,False,yahoo,complete,legacy_symbol_unattributed
2013,2013-12-31,BCR,0000009892,confirmed_by_multiple_evidence,253,0,,,253,2012-12-31,2013-12-31,0,insufficient_overlap,,False,,archive_adjustment_unverified,legacy_symbol_unattributed
2013,2013-12-31,BDX,0000010795,corroborated_candidate,253,253,2012-12-31,2013-12-31,253,2012-12-31,2013-12-31,252,consistent_overlap,3.009722802722605e-06,False,yahoo,complete,legacy_symbol_unattributed
2013,2013-12-31,BEAM,0000789073,confirmed_by_multiple_evidence,253,0,,,0,,,0,insufficient_overlap,,False,,incomplete_prices,legacy_symbol_unattributed
2013,2013-12-31,BEN,0000038777,corroborated_candidate,253,253,2012-12-31,2013-12-31,253,2012-12-31,2013-12-31,252,consistent_overlap,2.8950702918684196e-06,False,yahoo,complete,legacy_symbol_unattributed
2013,2013-12-31,BF-B,0000014693,corroborated_candidate,253,253,2012-12-31,2013-12-31,0,,,0,insufficient_overlap,,False,yahoo,complete,legacy_symbol_unattributed
2013,2013-12-31,BHGE,,,253,0,,,0,,,0,insufficient_overlap,,False,,identity_unresolved,legacy_symbol_unattributed
2013,2013-12-31,BIIB,0000875045,corroborated_candidate,253,253,2012-12-31,2013-12-31,253,2012-12-31,2013-12-31,252,consistent_overlap,8.132968385421436e-08,False,yahoo,complete,legacy_symbol_unattributed
2013,2013-12-31,BK,0001390777,confirmed_by_multiple_evidence,253,253,2012-12-31,2013-12-31,253,2012-12-31,2013-12-31,252,consistent_overlap,4.263371692267983e-06,False,yahoo,complete,legacy_symbol_unattributed
2013,2013-12-31,BKNG,0001075531,corroborated_candidate,253,253,2012-12-31,2013-12-31,253,2012-12-31,2013-12-31,252,consistent_overlap,5.857146781429458e-06,False,yahoo,complete,legacy_symbol_unattributed
2013,2013-12-31,BLK,,,253,253,2012-12-31,2013-12-31,253,2012-12-31,2013-12-31,252,consistent_overlap,9.247218153540798e-07,False,,identity_unresolved,legacy_symbol_unattributed
2013,2013-12-31,BLL,0000009389,corroborated_candidate,253,0,,,253,2012-12-31,2013-12-31,0,insufficient_overlap,,False,,archive_adjustment_unverified,legacy_symbol_unattributed
2013,2013-12-31,BMS,0000011199,corroborated_candidate,253,0,,,253,2012-12-31,2013-12-31,0,insufficient_overlap,,False,,archive_adjustment_unverified,legacy_symbol_unattributed
2013,2013-12-31,BMY,0000014272,corroborated_candidate,253,253,2012-12-31,2013-12-31,253,2012-12-31,2013-12-31,252,consistent_overlap,2.992825501075825e-06,False,yahoo,complete,legacy_symbol_unattributed
2013,2013-12-31,BRCM,0001054374,corroborated_candidate,253,0,,,253,2012-12-31,2013-12-31,0,insufficient_overlap,,False,,archive_adjustment_unverified,legacy_symbol_unattributed
2013,2013-12-31,BRK-B,,,253,253,2012-12-31,2013-12-31,0,,,0,insufficient_overlap,,False,,identity_unresolved,legacy_symbol_unattributed
2013,2013-12-31,BSX,0000885725,corroborated_candidate,253,253,2012-12-31,2013-12-31,253,2012-12-31,2013-12-31,252,consistent_overlap,6.92162351034753e-08,False,yahoo,complete,legacy_symbol_unattributed
2013,2013-12-31,BTUUQ,,,253,0,,,253,2012-12-31,2013-12-31,0,insufficient_overlap,,False,,identity_unresolved,legacy_symbol_unattributed
2013,2013-12-31,BWA,0000908255,corroborated_candidate,253,253,2012-12-31,2013-12-31,253,2012-12-31,2013-12-31,252,consistent_overlap,3.0044949628371696e-06,False,yahoo,complete,legacy_symbol_unattributed
2013,2013-12-31,BXP,0001037540,corroborated_candidate,253,253,2012-12-31,2013-12-31,253,2012-12-31,2013-12-31,252,consistent_overlap,1.4605737619488586e-06,False,yahoo,complete,legacy_symbol_unattributed
2013,2013-12-31,C,0000831001,corroborated_candidate,253,253,2012-12-31,2013-12-31,253,2012-12-31,2013-12-31,252,consistent_overlap,2.8400224897384713e-06,False,yahoo,complete,legacy_symbol_unattributed
2013,2013-12-31,CA,0000356028,corroborated_candidate,253,0,,,0,,,0,insufficient_overlap,,False,,incomplete_prices,legacy_symbol_unattributed
2013,2013-12-31,CAG,0000023217,corroborated_candidate,253,253,2012-12-31,2013-12-31,253,2012-12-31,2013-12-31,252,consistent_overlap,5.257416889581368e-06,False,yahoo,complete,legacy_symbol_unattributed
2013,2013-12-31,CAH,0000721371,confirmed_by_multiple_evidence,253,253,2012-12-31,2013-12-31,253,2012-12-31,2013-12-31,252,consistent_overlap,5.1488634446528565e-06,False,yahoo,complete,legacy_symbol_unattributed
2013,2013-12-31,CAM,0000941548,corroborated_candidate,253,0,,,253,2012-12-31,2013-12-31,0,insufficient_overlap,,False,,archive_adjustment_unverified,legacy_symbol_unattributed
2013,2013-12-31,CAT,0000018230,corroborated_candidate,253,253,2012-12-31,2013-12-31,253,2012-12-31,2013-12-31,252,consistent_overlap,1.7544202689823163e-06,False,yahoo,complete,legacy_symbol_unattributed
2013,2013-12-31,CB,,,253,253,2012-12-31,2013-12-31,253,2012-12-31,2013-12-31,252,consistent_overlap,1.4714010217353747e-06,False,,identity_unresolved,legacy_symbol_unattributed
2013,2013-12-31,CBRE,,,253,253,2012-12-31,2013-12-31,253,2012-12-31,2013-12-31,252,consistent_overlap,7.291559441791052e-08,False,,identity_unresolved,legacy_symbol_unattributed
2013,2013-12-31,CBS,0000813828,corroborated_candidate,253,0,,,253,2012-12-31,2013-12-31,0,insufficient_overlap,,False,,archive_adjustment_unverified,legacy_symbol_unattributed
2013,2013-12-31,CCE,0001491675,corroborated_candidate,253,0,,,253,2012-12-31,2013-12-31,0,insufficient_overlap,,False,,archive_adjustment_unverified,legacy_symbol_unattributed
2013,2013-12-31,CCI,0001051470,corroborated_candidate,253,253,2012-12-31,2013-12-31,253,2012-12-31,2013-12-31,252,consistent_overlap,1.972870173307939e-06,False,yahoo,complete,legacy_symbol_unattributed
2013,2013-12-31,CCL,0000815097,corroborated_candidate,253,253,2012-12-31,2013-12-31,253,2012-12-31,2013-12-31,252,consistent_overlap,3.251390286476142e-06,False,yahoo,complete,legacy_symbol_unattributed
2013,2013-12-31,CELG,0000816284,corroborated_candidate,253,0,,,253,2012-12-31,2013-12-31,0,insufficient_overlap,,False,,archive_adjustment_unverified,legacy_symbol_unattributed
2013,2013-12-31,CERN,0000804753,corroborated_candidate,253,0,,,253,2012-12-31,2013-12-31,0,insufficient_overlap,,False,,archive_adjustment_unverified,legacy_symbol_unattributed
2013,2013-12-31,CF,0001324404,corroborated_candidate,253,253,2012-12-31,2013-12-31,253,2012-12-31,2013-12-31,252,consistent_overlap,3.003381609143487e-06,False,yahoo,complete,legacy_symbol_unattributed
2013,2013-12-31,CFN,0001457543,confirmed_by_multiple_evidence,253,0,,,253,2012-12-31,2013-12-31,0,insufficient_overlap,,False,,archive_adjustment_unverified,legacy_symbol_unattributed
2013,2013-12-31,CHK,0000895126,confirmed_by_multiple_evidence,253,0,,,0,,,0,insufficient_overlap,,False,,incomplete_prices,legacy_symbol_unattributed
2013,2013-12-31,CHRW,0001043277,confirmed_by_multiple_evidence,253,253,2012-12-31,2013-12-31,253,2012-12-31,2013-12-31,252,consistent_overlap,2.1610022117868333e-06,False,yahoo,complete,legacy_symbol_unattributed
2013,2013-12-31,CI,,,253,253,2012-12-31,2013-12-31,253,2012-12-31,2013-12-31,252,consistent_overlap,1.5949507232693174e-06,False,,identity_unresolved,legacy_symbol_unattributed
2013,2013-12-31,CINF,0000020286,confirmed_by_multiple_evidence,253,253,2012-12-31,2013-12-31,253,2012-12-31,2013-12-31,252,consistent_overlap,2.7806810650055092e-06,False,yahoo,complete,legacy_symbol_unattributed
2013,2013-12-31,CL,0000021665,corroborated_candidate,253,253,2012-12-31,2013-12-31,253,2012-12-31,2013-12-31,252,consistent_overlap,2.085590397630233e-06,False,yahoo,complete,legacy_symbol_unattributed
2013,2013-12-31,CLF,,,253,253,2012-12-31,2013-12-31,253,2012-12-31,2013-12-31,252,consistent_overlap,4.9066931699759396e-06,False,,identity_unresolved,legacy_symbol_unattributed
2013,2013-12-31,CLX,0000021076,corroborated_candidate,253,253,2012-12-31,2013-12-31,253,2012-12-31,2013-12-31,252,consistent_overlap,1.7056641224910692e-06,False,yahoo,complete,legacy_symbol_unattributed
2013,2013-12-31,CMA,0000028412,corroborated_candidate,253,0,,,253,2012-12-31,2013-12-31,0,insufficient_overlap,,False,,archive_adjustment_unverified,legacy_symbol_unattributed
2013,2013-12-31,CMCSA,0001166691,confirmed_by_multiple_evidence,253,253,2012-12-31,2013-12-31,253,2012-12-31,2013-12-31,252,consistent_overlap,0.00012324797850112978,False,yahoo,complete,legacy_symbol_unattributed
2013,2013-12-31,CME,0001156375,corroborated_candidate,253,253,2012-12-31,2013-12-31,253,2012-12-31,2013-12-31,252,consistent_overlap,2.7587945755036565e-06,False,yahoo,complete,legacy_symbol_unattributed
2013,2013-12-31,CMG,0001058090,corroborated_candidate,253,253,2012-12-31,2013-12-31,253,2012-12-31,2013-12-31,252,consistent_overlap,9.874559977252072e-08,False,yahoo,complete,legacy_symbol_unattributed
2013,2013-12-31,CMI,0000026172,corroborated_candidate,253,253,2012-12-31,2013-12-31,253,2012-12-31,2013-12-31,252,consistent_overlap,1.2061986056932652e-06,False,yahoo,complete,legacy_symbol_unattributed
2013,2013-12-31,CMS,0000811156,confirmed_by_multiple_evidence,253,253,2012-12-31,2013-12-31,253,2012-12-31,2013-12-31,252,consistent_overlap,4.291719522688808e-06,False,yahoo,complete,legacy_symbol_unattributed
2013,2013-12-31,CNP,0001130310,corroborated_candidate,253,253,2012-12-31,2013-12-31,253,2012-12-31,2013-12-31,252,consistent_overlap,6.300224851051306e-06,False,yahoo,complete,legacy_symbol_unattributed
2013,2013-12-31,CNX,0001070412,corroborated_candidate,253,253,2012-12-31,2013-12-31,253,2012-12-31,2013-12-31,252,consistent_overlap,3.5314925270890643e-06,False,yahoo,complete,legacy_symbol_unattributed
2013,2013-12-31,COF,0000927628,confirmed_by_multiple_evidence,253,253,2012-12-31,2013-12-31,253,2012-12-31,2013-12-31,252,consistent_overlap,2.127209857215595e-06,False,yahoo,complete,legacy_symbol_unattributed
2013,2013-12-31,COG,0000858470,corroborated_candidate,253,0,,,253,2012-12-31,2013-12-31,0,insufficient_overlap,,False,,archive_adjustment_unverified,legacy_symbol_unattributed
2013,2013-12-31,COL,0001137411,corroborated_candidate,253,0,,,253,2012-12-31,2013-12-31,0,insufficient_overlap,,False,,archive_adjustment_unverified,legacy_symbol_unattributed
2013,2013-12-31,COP,0001163165,corroborated_candidate,253,253,2012-12-31,2013-12-31,253,2012-12-31,2013-12-31,252,consistent_overlap,2.2776732549367744e-06,False,yahoo,complete,legacy_symbol_unattributed
2013,2013-12-31,COST,0000909832,confirmed_by_multiple_evidence,253,253,2012-12-31,2013-12-31,253,2012-12-31,2013-12-31,252,consistent_overlap,1.226337769965059e-06,False,yahoo,complete,legacy_symbol_unattributed
2013,2013-12-31,COV,0001385187,confirmed_by_multiple_evidence,253,0,,,0,,,0,insufficient_overlap,,False,,incomplete_prices,legacy_symbol_unattributed
2013,2013-12-31,CPB,0000016732,corroborated_candidate,253,253,2012-12-31,2013-12-31,253,2012-12-31,2013-12-31,252,consistent_overlap,2.827643780682899e-06,False,yahoo,complete,legacy_symbol_unattributed
2013,2013-12-31,CRM,0001108524,confirmed_by_multiple_evidence,253,253,2012-12-31,2013-12-31,253,2012-12-31,2013-12-31,252,consistent_overlap,2.0414762344078686e-06,False,yahoo,complete,legacy_symbol_unattributed
2013,2013-12-31,CSCO,0000858877,confirmed_by_multiple_evidence,253,253,2012-12-31,2013-12-31,253,2012-12-31,2013-12-31,252,consistent_overlap,0.0004110010299234148,False,yahoo,complete,legacy_symbol_unattributed
2013,2013-12-31,CSX,0000277948,corroborated_candidate,253,253,2012-12-31,2013-12-31,253,2012-12-31,2013-12-31,252,consistent_overlap,1.890969845448787e-05,False,yahoo,complete,legacy_symbol_unattributed
2013,2013-12-31,CTAS,0000723254,corroborated_candidate,253,253,2012-12-31,2013-12-31,253,2012-12-31,2013-12-31,252,consistent_overlap,9.32790909202841e-06,False,yahoo,complete,legacy_symbol_unattributed
2013,2013-12-31,CTL,0000018926,corroborated_candidate,253,0,,,253,2012-12-31,2013-12-31,0,insufficient_overlap,,False,,archive_adjustment_unverified,legacy_symbol_unattributed
2013,2013-12-31,CTSH,0001058290,confirmed_by_multiple_evidence,253,253,2012-12-31,2013-12-31,253,2012-12-31,2013-12-31,252,consistent_overlap,6.326524824821102e-05,False,yahoo,complete,legacy_symbol_unattributed
2013,2013-12-31,CTXS,0000877890,confirmed_by_multiple_evidence,253,0,,,253,2012-12-31,2013-12-31,0,insufficient_overlap,,False,,archive_adjustment_unverified,legacy_symbol_unattributed
2013,2013-12-31,CVC,0001053112,corroborated_candidate,253,0,,,253,2012-12-31,2013-12-31,0,insufficient_overlap,,False,,archive_adjustment_unverified,legacy_symbol_unattributed
2013,2013-12-31,CVS,0000064803,corroborated_candidate,253,253,2012-12-31,2013-12-31,253,2012-12-31,2013-12-31,252,consistent_overlap,2.282006014895366e-06,False,yahoo,complete,legacy_symbol_unattributed
2013,2013-12-31,CVX,0000093410,corroborated_candidate,253,253,2012-12-31,2013-12-31,253,2012-12-31,2013-12-31,252,consistent_overlap,1.6679682101838903e-06,False,yahoo,complete,legacy_symbol_unattributed
2013,2013-12-31,D,,,253,253,2012-12-31,2013-12-31,253,2012-12-31,2013-12-31,252,consistent_overlap,6.9235957024238646e-06,False,,identity_unresolved,legacy_symbol_unattributed
2013,2013-12-31,DAL,0000027904,corroborated_candidate,253,253,2012-12-31,2013-12-31,253,2012-12-31,2013-12-31,252,consistent_overlap,6.583311469203775e-06,False,yahoo,complete,legacy_symbol_unattributed
2013,2013-12-31,DD,0000030554,corroborated_candidate,253,253,2012-12-31,2013-12-31,253,2012-12-31,2013-12-31,252,divergent_overlap,0.0119583325817656,False,yahoo,complete,legacy_symbol_unattributed
2013,2013-12-31,DE,0000315189,corroborated_candidate,253,253,2012-12-31,2013-12-31,253,2012-12-31,2013-12-31,252,consistent_overlap,1.5864017724176449e-06,False,yahoo,complete,legacy_symbol_unattributed
2013,2013-12-31,DFS,0001393612,corroborated_candidate,253,0,,,253,2012-12-31,2013-12-31,0,insufficient_overlap,,False,,archive_adjustment_unverified,legacy_symbol_unattributed
2013,2013-12-31,DG,0000029534,corroborated_candidate,253,253,2012-12-31,2013-12-31,253,2012-12-31,2013-12-31,252,consistent_overlap,2.0459624051005774e-06,False,yahoo,complete,legacy_symbol_unattributed
2013,2013-12-31,DGX,0001022079,corroborated_candidate,253,253,2012-12-31,2013-12-31,253,2012-12-31,2013-12-31,252,consistent_overlap,2.052377749952595e-06,False,yahoo,complete,legacy_symbol_unattributed
2013,2013-12-31,DHI,0000882184,corroborated_candidate,253,253,2012-12-31,2013-12-31,253,2012-12-31,2013-12-31,252,consistent_overlap,5.243492465307754e-06,False,yahoo,complete,legacy_symbol_unattributed
2013,2013-12-31,DHR,0000313616,confirmed_by_multiple_evidence,253,253,2012-12-31,2013-12-31,253,2012-12-31,2013-12-31,252,consistent_overlap,4.800931738585537e-06,False,yahoo,complete,legacy_symbol_unattributed
2013,2013-12-31,DIS,,,253,253,2012-12-31,2013-12-31,253,2012-12-31,2013-12-31,252,consistent_overlap,1.602436076676428e-06,False,,identity_unresolved,legacy_symbol_unattributed
2013,2013-12-31,DISCA,0001437107,corroborated_candidate,253,0,,,253,2012-12-31,2013-12-31,0,insufficient_overlap,,False,,archive_adjustment_unverified,legacy_symbol_unattributed
2013,2013-12-31,DLTR,0000935703,corroborated_candidate,253,253,2012-12-31,2013-12-31,253,2012-12-31,2013-12-31,252,consistent_overlap,7.033028470493366e-08,False,yahoo,complete,legacy_symbol_unattributed
2013,2013-12-31,DNB,0001115222,confirmed_by_multiple_evidence,253,0,,,0,,,0,insufficient_overlap,,False,,incomplete_prices,legacy_symbol_unattributed
2013,2013-12-31,DNR,0000945764,corroborated_candidate,253,0,,,253,2012-12-31,2013-12-31,0,insufficient_overlap,,False,,archive_adjustment_unverified,legacy_symbol_unattributed
2013,2013-12-31,DO,0000949039,confirmed_by_multiple_evidence,253,0,,,0,,,0,insufficient_overlap,,False,,incomplete_prices,legacy_symbol_unattributed
2013,2013-12-31,DOV,0000029905,corroborated_candidate,253,253,2012-12-31,2013-12-31,253,2012-12-31,2013-12-31,252,consistent_overlap,0.004220389078272957,False,yahoo,complete,legacy_symbol_unattributed
2013,2013-12-31,DOW,0000029915,corroborated_candidate,253,0,,,0,,,0,insufficient_overlap,,False,,incomplete_prices,legacy_symbol_unattributed
2013,2013-12-31,DRI,0000940944,corroborated_candidate,253,253,2012-12-31,2013-12-31,253,2012-12-31,2013-12-31,252,consistent_overlap,1.680558282495583e-05,False,yahoo,complete,legacy_symbol_unattributed
2013,2013-12-31,DTE,0000936340,corroborated_candidate,253,253,2012-12-31,2013-12-31,253,2012-12-31,2013-12-31,252,consistent_overlap,3.327016712402213e-06,False,yahoo,complete,legacy_symbol_unattributed
2013,2013-12-31,DTV,0001465112,corroborated_candidate,253,0,,,0,,,0,insufficient_overlap,,False,,incomplete_prices,legacy_symbol_unattributed
2013,2013-12-31,DUK,0001326160,corroborated_candidate,253,253,2012-12-31,2013-12-31,253,2012-12-31,2013-12-31,252,consistent_overlap,2.305511476422553e-06,False,yahoo,complete,legacy_symbol_unattributed
2013,2013-12-31,DVA,0000927066,confirmed_by_multiple_evidence,253,253,2012-12-31,2013-12-31,253,2012-12-31,2013-12-31,252,consistent_overlap,5.9343543240553143e-08,False,yahoo,complete,legacy_symbol_unattributed
2013,2013-12-31,DVN,0001090012,corroborated_candidate,253,253,2012-12-31,2013-12-31,253,2012-12-31,2013-12-31,252,consistent_overlap,2.3775259881197996e-06,False,yahoo,complete,legacy_symbol_unattributed
2013,2013-12-31,DXC,,,253,253,2012-12-31,2013-12-31,253,2012-12-31,2013-12-31,252,consistent_overlap,0.0037729964177230413,False,,identity_unresolved,legacy_symbol_unattributed
2013,2013-12-31,EA,,,253,0,,,253,2012-12-31,2013-12-31,0,insufficient_overlap,,False,,identity_unresolved,legacy_symbol_unattributed
2013,2013-12-31,EBAY,0001065088,confirmed_by_multiple_evidence,253,253,2012-12-31,2013-12-31,253,2012-12-31,2013-12-31,252,consistent_overlap,9.887139774854114e-05,False,yahoo,complete,legacy_symbol_unattributed
2013,2013-12-31,ECL,0000031462,corroborated_candidate,253,253,2012-12-31,2013-12-31,253,2012-12-31,2013-12-31,252,consistent_overlap,1.455294304033572e-06,False,yahoo,complete,legacy_symbol_unattributed
2013,2013-12-31,ED,0001047862,confirmed_by_multiple_evidence,253,253,2012-12-31,2013-12-31,253,2012-12-31,2013-12-31,252,consistent_overlap,2.595518777690487e-06,False,yahoo,complete,legacy_symbol_unattributed
2013,2013-12-31,EFX,0000033185,confirmed_by_multiple_evidence,253,253,2012-12-31,2013-12-31,253,2012-12-31,2013-12-31,252,consistent_overlap,1.7362237312179564e-06,False,yahoo,complete,legacy_symbol_unattributed
2013,2013-12-31,EIX,0000827052,corroborated_candidate,253,253,2012-12-31,2013-12-31,253,2012-12-31,2013-12-31,252,consistent_overlap,5.35961970941083e-06,False,yahoo,complete,legacy_symbol_unattributed
2013,2013-12-31,EL,0001001250,corroborated_candidate,253,253,2012-12-31,2013-12-31,253,2012-12-31,2013-12-31,252,consistent_overlap,1.6688239053830325e-06,False,yahoo,complete,legacy_symbol_unattributed
2013,2013-12-31,EMC,0000790070,confirmed_by_multiple_evidence,253,0,,,0,,,0,insufficient_overlap,,False,,incomplete_prices,legacy_symbol_unattributed
2013,2013-12-31,EMN,0000915389,corroborated_candidate,253,253,2012-12-31,2013-12-31,253,2012-12-31,2013-12-31,252,consistent_overlap,1.6559876154964574e-06,False,yahoo,complete,legacy_symbol_unattributed
2013,2013-12-31,EMR,0000032604,corroborated_candidate,253,253,2012-12-31,2013-12-31,253,2012-12-31,2013-12-31,252,consistent_overlap,2.305137205291797e-06,False,yahoo,complete,legacy_symbol_unattributed
2013,2013-12-31,EOG,0000821189,corroborated_candidate,253,253,2012-12-31,2013-12-31,253,2012-12-31,2013-12-31,252,consistent_overlap,2.6387537774030886e-06,False,yahoo,complete,legacy_symbol_unattributed
2013,2013-12-31,EQR,0000906107,corroborated_candidate,253,253,2012-12-31,2013-12-31,253,2012-12-31,2013-12-31,252,consistent_overlap,2.8524274210273162e-06,False,yahoo,complete,legacy_symbol_unattributed
2013,2013-12-31,EQT,0000033213,corroborated_candidate,253,253,2012-12-31,2013-12-31,253,2012-12-31,2013-12-31,252,consistent_overlap,0.00035668133933788095,False,yahoo,complete,legacy_symbol_unattributed
2013,2013-12-31,ES,0000072741,corroborated_candidate,253,253,2012-12-31,2013-12-31,253,2012-12-31,2013-12-31,252,consistent_overlap,1.0454153143499847e-05,False,yahoo,complete,legacy_symbol_unattributed
2013,2013-12-31,ESRX,0001532063,confirmed_by_multiple_evidence,253,0,,,253,2012-12-31,2013-12-31,0,insufficient_overlap,,False,,archive_adjustment_unverified,legacy_symbol_unattributed
2013,2013-12-31,ESV,0000314808,corroborated_candidate,253,0,,,253,2012-12-31,2013-12-31,0,insufficient_overlap,,False,,archive_adjustment_unverified,legacy_symbol_unattributed
2013,2013-12-31,ETFC,0001015780,corroborated_candidate,253,0,,,253,2012-12-31,2013-12-31,0,insufficient_overlap,,False,,archive_adjustment_unverified,legacy_symbol_unattributed
2013,2013-12-31,ETN,0001551182,confirmed_by_multiple_evidence,253,253,2012-12-31,2013-12-31,253,2012-12-31,2013-12-31,252,consistent_overlap,1.98530863861124e-06,False,yahoo,complete,legacy_symbol_unattributed
2013,2013-12-31,ETR,0000065984,corroborated_candidate,253,253,2012-12-31,2013-12-31,253,2012-12-31,2013-12-31,252,consistent_overlap,4.7508829783171634e-06,False,yahoo,complete,legacy_symbol_unattributed
2013,2013-12-31,EW,0001099800,corroborated_candidate,253,253,2012-12-31,2013-12-31,253,2012-12-31,2013-12-31,252,consistent_overlap,6.174917126701152e-06,False,yahoo,complete,legacy_symbol_unattributed
2013,2013-12-31,EXC,0001109357,confirmed_by_multiple_evidence,253,253,2012-12-31,2013-12-31,253,2012-12-31,2013-12-31,252,consistent_overlap,8.576581645339815e-06,False,yahoo,complete,legacy_symbol_unattributed
2013,2013-12-31,EXPD,0000746515,confirmed_by_multiple_evidence,253,253,2012-12-31,2013-12-31,253,2012-12-31,2013-12-31,252,consistent_overlap,2.7441587293508546e-06,False,yahoo,complete,legacy_symbol_unattributed
2013,2013-12-31,EXPE,0001324424,confirmed_by_multiple_evidence,253,253,2012-12-31,2013-12-31,253,2012-12-31,2013-12-31,252,consistent_overlap,0.00013926764377287376,False,yahoo,complete,legacy_symbol_unattributed
2013,2013-12-31,F,0000037996,confirmed_by_multiple_evidence,253,253,2012-12-31,2013-12-31,253,2012-12-31,2013-12-31,252,consistent_overlap,1.091546846143876e-05,False,yahoo,complete,legacy_symbol_unattributed
2013,2013-12-31,FAST,0000815556,confirmed_by_multiple_evidence,253,253,2012-12-31,2013-12-31,253,2012-12-31,2013-12-31,252,consistent_overlap,0.00010127044348920755,False,yahoo,complete,legacy_symbol_unattributed
2013,2013-12-31,FB,0001326801,confirmed_by_multiple_evidence,253,0,,,253,2012-12-31,2013-12-31,0,insufficient_overlap,,False,,archive_adjustment_unverified,legacy_symbol_unattributed
2013,2013-12-31,FCX,0000831259,corroborated_candidate,253,253,2012-12-31,2013-12-31,253,2012-12-31,2013-12-31,252,consistent_overlap,3.545205164887655e-06,False,yahoo,complete,legacy_symbol_unattributed
2013,2013-12-31,FDO,0000034408,confirmed_by_multiple_evidence,253,0,,,253,2012-12-31,2013-12-31,0,insufficient_overlap,,False,,archive_adjustment_unverified,legacy_symbol_unattributed
2013,2013-12-31,FDX,0001048911,corroborated_candidate,253,253,2012-12-31,2013-12-31,253,2012-12-31,2013-12-31,252,consistent_overlap,1.2004077520288982e-06,False,yahoo,complete,legacy_symbol_unattributed
2013,2013-12-31,FE,0001031296,corroborated_candidate,253,253,2012-12-31,2013-12-31,253,2012-12-31,2013-12-31,252,consistent_overlap,4.4279781303757665e-06,False,yahoo,complete,legacy_symbol_unattributed
2013,2013-12-31,FFIV,0001048695,corroborated_candidate,253,253,2012-12-31,2013-12-31,253,2012-12-31,2013-12-31,252,consistent_overlap,4.407299276438681e-05,False,yahoo,complete,legacy_symbol_unattributed
2013,2013-12-31,FIS,0001136893,corroborated_candidate,253,253,2012-12-31,2013-12-31,253,2012-12-31,2013-12-31,252,consistent_overlap,2.658618609867603e-06,False,yahoo,complete,legacy_symbol_unattributed
2013,2013-12-31,FISV,0000798354,confirmed_by_multiple_evidence,253,253,2012-12-31,2013-12-31,253,2012-12-31,2013-12-31,252,consistent_overlap,3.934453234538479e-05,False,yahoo,complete,legacy_symbol_unattributed
2013,2013-12-31,FITB,0000035527,confirmed_by_multiple_evidence,253,253,2012-12-31,2013-12-31,253,2012-12-31,2013-12-31,252,consistent_overlap,0.0003152063847895815,False,yahoo,complete,legacy_symbol_unattributed
2013,2013-12-31,FLIR,0000354908,confirmed_by_multiple_evidence,253,0,,,253,2012-12-31,2013-12-31,0,insufficient_overlap,,False,,archive_adjustment_unverified,legacy_symbol_unattributed
2013,2013-12-31,FLR,0001124198,corroborated_candidate,253,253,2012-12-31,2013-12-31,253,2012-12-31,2013-12-31,252,consistent_overlap,1.7188872741702451e-06,False,yahoo,complete,legacy_symbol_unattributed
2013,2013-12-31,FLS,0000030625,corroborated_candidate,253,253,2012-12-31,2013-12-31,253,2012-12-31,2013-12-31,252,consistent_overlap,2.1777647631304747e-06,False,yahoo,complete,legacy_symbol_unattributed
2013,2013-12-31,FMC,0000037785,corroborated_candidate,253,253,2012-12-31,2013-12-31,253,2012-12-31,2013-12-31,252,consistent_overlap,2.0768292251271974e-06,False,yahoo,complete,legacy_symbol_unattributed
2013,2013-12-31,FOSL,0000883569,corroborated_candidate,253,253,2012-12-31,2013-12-31,253,2012-12-31,2013-12-31,252,consistent_overlap,1.908984393935942e-05,False,yahoo,complete,legacy_symbol_unattributed
2013,2013-12-31,FOXA,,,253,0,,,0,,,0,insufficient_overlap,,False,,identity_unresolved,legacy_symbol_unattributed
2013,2013-12-31,FRX,0000038074,corroborated_candidate,253,0,,,253,2012-12-31,2013-12-31,0,insufficient_overlap,,False,,archive_adjustment_unverified,legacy_symbol_unattributed
2013,2013-12-31,FSLR,0001274494,corroborated_candidate,253,253,2012-12-31,2013-12-31,253,2012-12-31,2013-12-31,252,consistent_overlap,0.0001878324558084821,False,yahoo,complete,legacy_symbol_unattributed
2013,2013-12-31,FTI,,,253,253,2012-12-31,2013-12-31,253,2012-12-31,2013-12-31,252,consistent_overlap,3.394258065716472e-06,False,,identity_unresolved,legacy_symbol_unattributed
2013,2013-12-31,FTR,0000020520,corroborated_candidate,253,0,,,253,2012-12-31,2013-12-31,0,insufficient_overlap,,False,,archive_adjustment_unverified,legacy_symbol_unattributed
2013,2013-12-31,GAS,0001004155,corroborated_candidate,253,0,,,253,2012-12-31,2013-12-31,0,insufficient_overlap,,False,,archive_adjustment_unverified,legacy_symbol_unattributed
2013,2013-12-31,GD,0000040533,confirmed_by_multiple_evidence,253,253,2012-12-31,2013-12-31,253,2012-12-31,2013-12-31,252,consistent_overlap,1.6379501800534162e-06,False,yahoo,complete,legacy_symbol_unattributed
2013,2013-12-31,GE,0000040545,confirmed_by_multiple_evidence,253,253,2012-12-31,2013-12-31,253,2012-12-31,2013-12-31,252,consistent_overlap,1.4418710232488864e-06,False,yahoo,complete,legacy_symbol_unattributed
2013,2013-12-31,GGP,0001496048,corroborated_candidate,253,0,,,253,2012-12-31,2013-12-31,0,insufficient_overlap,,False,,archive_adjustment_unverified,legacy_symbol_unattributed
2013,2013-12-31,GHC,0000104889,confirmed_by_multiple_evidence,253,253,2012-12-31,2013-12-31,252,2012-12-31,2013-12-31,251,consistent_overlap,1.1836471384141234e-06,False,yahoo,complete,legacy_symbol_unattributed
2013,2013-12-31,GILD,0000882095,corroborated_candidate,253,253,2012-12-31,2013-12-31,253,2012-12-31,2013-12-31,252,consistent_overlap,3.0046293610985782e-06,False,yahoo,complete,legacy_symbol_unattributed
2013,2013-12-31,GIS,0000040704,corroborated_candidate,253,253,2012-12-31,2013-12-31,253,2012-12-31,2013-12-31,252,consistent_overlap,3.228123309242382e-06,False,yahoo,complete,legacy_symbol_unattributed
2013,2013-12-31,GLW,0000024741,corroborated_candidate,253,253,2012-12-31,2013-12-31,253,2012-12-31,2013-12-31,252,consistent_overlap,8.799856201012758e-06,False,yahoo,complete,legacy_symbol_unattributed
2013,2013-12-31,GM,0001467858,corroborated_candidate,253,253,2012-12-31,2013-12-31,253,2012-12-31,2013-12-31,252,consistent_overlap,3.6526511670953443e-06,False,yahoo,complete,legacy_symbol_unattributed
2013,2013-12-31,GME,0001326380,confirmed_by_multiple_evidence,253,253,2012-12-31,2013-12-31,253,2012-12-31,2013-12-31,252,consistent_overlap,2.050216773597069e-05,False,yahoo,complete,legacy_symbol_unattributed
2013,2013-12-31,GNW,0001276520,confirmed_by_multiple_evidence,253,253,2012-12-31,2013-12-31,253,2012-12-31,2013-12-31,252,consistent_overlap,0.00035291233902843503,False,yahoo,complete,legacy_symbol_unattributed
2013,2013-12-31,GOOGL,,,253,253,2012-12-31,2013-12-31,253,2012-12-31,2013-12-31,252,consistent_overlap,1.6393820265201456e-05,False,,identity_unresolved,legacy_symbol_unattributed
2013,2013-12-31,GPC,0000040987,confirmed_by_multiple_evidence,253,253,2012-12-31,2013-12-31,253,2012-12-31,2013-12-31,252,consistent_overlap,1.8743225948547609e-06,False,yahoo,complete,legacy_symbol_unattributed
2013,2013-12-31,GPS,0000039911,confirmed_by_multiple_evidence,253,0,,,253,2012-12-31,2013-12-31,0,insufficient_overlap,,False,,archive_adjustment_unverified,legacy_symbol_unattributed
2013,2013-12-31,GRMN,0001121788,confirmed_by_multiple_evidence,253,253,2012-12-31,2013-12-31,253,2012-12-31,2013-12-31,252,consistent_overlap,0.00011066913440927364,False,yahoo,complete,legacy_symbol_unattributed
2013,2013-12-31,GS,0000886982,corroborated_candidate,253,253,2012-12-31,2013-12-31,253,2012-12-31,2013-12-31,252,consistent_overlap,1.0121562845366585e-06,False,yahoo,complete,legacy_symbol_unattributed
2013,2013-12-31,GT,0000042582,corroborated_candidate,253,253,2012-12-31,2013-12-31,253,2012-12-31,2013-12-31,252,consistent_overlap,7.711660259562832e-06,False,yahoo,complete,legacy_symbol_unattributed
2013,2013-12-31,GWW,0000277135,corroborated_candidate,253,253,2012-12-31,2013-12-31,253,2012-12-31,2013-12-31,252,consistent_overlap,6.755890923715314e-07,False,yahoo,complete,legacy_symbol_unattributed
2013,2013-12-31,HAL,0000045012,corroborated_candidate,253,253,2012-12-31,2013-12-31,253,2012-12-31,2013-12-31,252,consistent_overlap,2.7623824828870724e-06,False,yahoo,complete,legacy_symbol_unattributed
2013,2013-12-31,HAR,0000800459,confirmed_by_multiple_evidence,253,0,,,253,2012-12-31,2013-12-31,0,insufficient_overlap,,False,,archive_adjustment_unverified,legacy_symbol_unattributed
2013,2013-12-31,HAS,0000046080,corroborated_candidate,253,253,2012-12-31,2013-12-31,253,2012-12-31,2013-12-31,252,consistent_overlap,0.00011110340494608907,False,yahoo,complete,legacy_symbol_unattributed
2013,2013-12-31,HBAN,0000049196,corroborated_candidate,253,253,2012-12-31,2013-12-31,253,2012-12-31,2013-12-31,252,consistent_overlap,0.0007030572917593438,False,yahoo,complete,legacy_symbol_unattributed
2013,2013-12-31,HCBK,0000921847,confirmed_by_multiple_evidence,253,0,,,253,2012-12-31,2013-12-31,0,insufficient_overlap,,False,,archive_adjustment_unverified,legacy_symbol_unattributed
2013,2013-12-31,HCP,0000765880,corroborated_candidate,253,0,,,0,,,0,insufficient_overlap,,False,,incomplete_prices,legacy_symbol_unattributed
2013,2013-12-31,HD,0000354950,confirmed_by_multiple_evidence,253,253,2012-12-31,2013-12-31,253,2012-12-31,2013-12-31,252,consistent_overlap,9.533723804018428e-06,False,yahoo,complete,legacy_symbol_unattributed
2013,2013-12-31,HES,0000004447,confirmed_by_multiple_evidence,253,0,,,253,2012-12-31,2013-12-31,0,insufficient_overlap,,False,,archive_adjustment_unverified,legacy_symbol_unattributed
2013,2013-12-31,HIG,0000874766,corroborated_candidate,253,253,2012-12-31,2013-12-31,253,2012-12-31,2013-12-31,252,consistent_overlap,4.356898277573241e-06,False,yahoo,complete,legacy_symbol_unattributed
2013,2013-12-31,HOG,0000793952,corroborated_candidate,253,253,2012-12-31,2013-12-31,253,2012-12-31,2013-12-31,252,consistent_overlap,2.2151433821837606e-06,False,yahoo,complete,legacy_symbol_unattributed
2013,2013-12-31,HON,0000773840,corroborated_candidate,253,253,2012-12-31,2013-12-31,253,2012-12-31,2013-12-31,252,divergent_overlap,0.005035044790376641,False,yahoo,complete,legacy_symbol_unattributed
2013,2013-12-31,HOT,0000316206,confirmed_by_multiple_evidence,253,0,,,253,2012-12-31,2013-12-31,0,insufficient_overlap,,False,,archive_adjustment_unverified,legacy_symbol_unattributed
2013,2013-12-31,HP,0000046765,corroborated_candidate,253,253,2012-12-31,2013-12-31,253,2012-12-31,2013-12-31,252,consistent_overlap,2.3364538196046785e-06,False,yahoo,complete,legacy_symbol_unattributed
2013,2013-12-31,HPQ,0000047217,corroborated_candidate,253,253,2012-12-31,2013-12-31,253,2012-12-31,2013-12-31,252,consistent_overlap,1.896743009716207e-05,False,yahoo,complete,legacy_symbol_unattributed
2013,2013-12-31,HRB,0000012659,corroborated_candidate,253,253,2012-12-31,2013-12-31,253,2012-12-31,2013-12-31,252,consistent_overlap,5.245023503892554e-06,False,yahoo,complete,legacy_symbol_unattributed
2013,2013-12-31,HRL,0000048465,corroborated_candidate,253,253,2012-12-31,2013-12-31,253,2012-12-31,2013-12-31,252,consistent_overlap,6.503880302489718e-06,False,yahoo,complete,legacy_symbol_unattributed
2013,2013-12-31,HRS,0000202058,corroborated_candidate,253,0,,,253,2012-12-31,2013-12-31,0,insufficient_overlap,,False,,archive_adjustment_unverified,legacy_symbol_unattributed
2013,2013-12-31,HSP,0001274057,corroborated_candidate,253,0,,,253,2012-12-31,2013-12-31,0,insufficient_overlap,,False,,archive_adjustment_unverified,legacy_symbol_unattributed
2013,2013-12-31,HST,0001070750,confirmed_by_multiple_evidence,253,253,2012-12-31,2013-12-31,253,2012-12-31,2013-12-31,252,consistent_overlap,7.945741867199097e-06,False,yahoo,complete,legacy_symbol_unattributed
2013,2013-12-31,HSY,0000047111,corroborated_candidate,253,253,2012-12-31,2013-12-31,253,2012-12-31,2013-12-31,252,consistent_overlap,1.6114044227666382e-06,False,yahoo,complete,legacy_symbol_unattributed
2013,2013-12-31,HUM,0000049071,confirmed_by_multiple_evidence,253,253,2012-12-31,2013-12-31,253,2012-12-31,2013-12-31,252,consistent_overlap,1.4347343492904237e-06,False,yahoo,complete,legacy_symbol_unattributed
2013,2013-12-31,IBM,0000051143,corroborated_candidate,253,253,2012-12-31,2013-12-31,253,2012-12-31,2013-12-31,252,consistent_overlap,1.2713217529003458e-06,False,yahoo,complete,legacy_symbol_unattributed
2013,2013-12-31,ICE,0001571949,corroborated_candidate,253,253,2012-12-31,2013-12-31,253,2012-12-31,2013-12-31,252,consistent_overlap,2.8845967884982846e-06,False,yahoo,complete,legacy_symbol_unattributed
2013,2013-12-31,IFF,0000051253,corroborated_candidate,253,253,2012-12-31,2013-12-31,253,2012-12-31,2013-12-31,252,consistent_overlap,1.7998120399842506e-06,False,yahoo,complete,legacy_symbol_unattributed
2013,2013-12-31,IGT,0000353944,corroborated_candidate,253,0,,,253,2012-12-31,2013-12-31,0,insufficient_overlap,,False,,archive_adjustment_unverified,legacy_symbol_unattributed
2013,2013-12-31,INTC,0000050863,corroborated_candidate,253,253,2012-12-31,2013-12-31,253,2012-12-31,2013-12-31,252,consistent_overlap,0.00024826870378426795,False,yahoo,complete,legacy_symbol_unattributed
2013,2013-12-31,INTU,0000896878,corroborated_candidate,253,253,2012-12-31,2013-12-31,253,2012-12-31,2013-12-31,252,consistent_overlap,1.5947437704411097e-06,False,yahoo,complete,legacy_symbol_unattributed
2013,2013-12-31,IP,0000051434,confirmed_by_multiple_evidence,253,253,2012-12-31,2013-12-31,253,2012-12-31,2013-12-31,252,divergent_overlap,0.0061990176277651144,False,yahoo,complete,legacy_symbol_unattributed
2013,2013-12-31,IPG,0000051644,corroborated_candidate,253,0,,,253,2012-12-31,2013-12-31,0,insufficient_overlap,,False,,archive_adjustment_unverified,legacy_symbol_unattributed
2013,2013-12-31,IR,,,253,0,,,0,,,0,insufficient_overlap,,False,,identity_unresolved,legacy_symbol_unattributed
2013,2013-12-31,IRM,0001020569,corroborated_candidate,253,253,2012-12-31,2013-12-31,253,2012-12-31,2013-12-31,252,consistent_overlap,7.77829278855724e-06,False,yahoo,complete,legacy_symbol_unattributed
2013,2013-12-31,ISRG,0001035267,confirmed_by_multiple_evidence,253,253,2012-12-31,2013-12-31,253,2012-12-31,2013-12-31,252,consistent_overlap,1.060979878938717e-05,False,yahoo,complete,legacy_symbol_unattributed
2013,2013-12-31,ITW,0000049826,corroborated_candidate,253,253,2012-12-31,2013-12-31,253,2012-12-31,2013-12-31,252,consistent_overlap,1.7449168912342385e-06,False,yahoo,complete,legacy_symbol_unattributed
2013,2013-12-31,IVZ,0000914208,corroborated_candidate,253,253,2012-12-31,2013-12-31,253,2012-12-31,2013-12-31,252,consistent_overlap,5.173193459830916e-06,False,yahoo,complete,legacy_symbol_unattributed
2013,2013-12-31,JBL,0000898293,confirmed_by_multiple_evidence,253,253,2012-12-31,2013-12-31,253,2012-12-31,2013-12-31,252,consistent_overlap,5.322293261134093e-06,False,yahoo,complete,legacy_symbol_unattributed
2013,2013-12-31,JCI,0000833444,corroborated_candidate,253,253,2012-12-31,2013-12-31,253,2012-12-31,2013-12-31,252,divergent_overlap,0.005740465487199884,False,yahoo,complete,legacy_symbol_unattributed
2013,2013-12-31,JEC,0000052988,confirmed_by_multiple_evidence,253,0,,,253,2012-12-31,2013-12-31,0,insufficient_overlap,,False,,archive_adjustment_unverified,legacy_symbol_unattributed
2013,2013-12-31,JEF,0000096223,corroborated_candidate,253,253,2012-12-31,2013-12-31,253,2012-12-31,2013-12-31,252,consistent_overlap,0.0022757728644291013,False,yahoo,complete,legacy_symbol_unattributed
2013,2013-12-31,JNJ,0000200406,corroborated_candidate,253,253,2012-12-31,2013-12-31,253,2012-12-31,2013-12-31,252,consistent_overlap,1.7629087613135756e-06,False,yahoo,complete,legacy_symbol_unattributed
2013,2013-12-31,JNPR,0001043604,corroborated_candidate,253,0,,,253,2012-12-31,2013-12-31,0,insufficient_overlap,,False,,archive_adjustment_unverified,legacy_symbol_unattributed
2013,2013-12-31,JOY,0000801898,corroborated_candidate,253,0,,,253,2012-12-31,2013-12-31,0,insufficient_overlap,,False,,archive_adjustment_unverified,legacy_symbol_unattributed
2013,2013-12-31,JPM,0000019617,corroborated_candidate,253,253,2012-12-31,2013-12-31,253,2012-12-31,2013-12-31,252,consistent_overlap,2.888595069138191e-06,False,yahoo,complete,legacy_symbol_unattributed
2013,2013-12-31,JWN,0000072333,corroborated_candidate,253,0,,,253,2012-12-31,2013-12-31,0,insufficient_overlap,,False,,archive_adjustment_unverified,legacy_symbol_unattributed
2013,2013-12-31,K,0000055067,confirmed_by_multiple_evidence,253,0,,,253,2012-12-31,2013-12-31,0,insufficient_overlap,,False,,archive_adjustment_unverified,legacy_symbol_unattributed
2013,2013-12-31,KDP,,,253,253,2012-12-31,2013-12-31,253,2012-12-31,2013-12-31,252,consistent_overlap,2.617851169246511e-06,False,,identity_unresolved,legacy_symbol_unattributed
2013,2013-12-31,KEY,0000091576,confirmed_by_multiple_evidence,253,253,2012-12-31,2013-12-31,253,2012-12-31,2013-12-31,252,consistent_overlap,0.000398876000055004,False,yahoo,complete,legacy_symbol_unattributed
2013,2013-12-31,KIM,0000879101,corroborated_candidate,253,253,2012-12-31,2013-12-31,253,2012-12-31,2013-12-31,252,consistent_overlap,7.366504171826273e-06,False,yahoo,complete,legacy_symbol_unattributed
2013,2013-12-31,KLAC,0000319201,confirmed_by_multiple_evidence,253,253,2012-12-31,2013-12-31,253,2012-12-31,2013-12-31,252,consistent_overlap,7.869813946778104e-05,False,yahoo,complete,legacy_symbol_unattributed
2013,2013-12-31,KMB,0000055785,corroborated_candidate,253,253,2012-12-31,2013-12-31,253,2012-12-31,2013-12-31,252,divergent_overlap,0.007847606728709974,False,yahoo,complete,legacy_symbol_unattributed
2013,2013-12-31,KMI,0001506307,corroborated_candidate,253,253,2012-12-31,2013-12-31,253,2012-12-31,2013-12-31,252,consistent_overlap,4.294674043261449e-06,False,yahoo,complete,legacy_symbol_unattributed
2013,2013-12-31,KMX,0001170010,corroborated_candidate,253,253,2012-12-31,2013-12-31,253,2012-12-31,2013-12-31,252,consistent_overlap,7.544026066508283e-08,False,yahoo,complete,legacy_symbol_unattributed
2013,2013-12-31,KO,0000021344,corroborated_candidate,253,253,2012-12-31,2013-12-31,253,2012-12-31,2013-12-31,252,consistent_overlap,3.2510142910702205e-06,False,yahoo,complete,legacy_symbol_unattributed
2013,2013-12-31,KORS,0001530721,confirmed_by_multiple_evidence,253,0,,,253,2012-12-31,2013-12-31,0,insufficient_overlap,,False,,archive_adjustment_unverified,legacy_symbol_unattributed
2013,2013-12-31,KR,0000056873,corroborated_candidate,253,253,2012-12-31,2013-12-31,253,2012-12-31,2013-12-31,252,consistent_overlap,8.06556947034909e-06,False,yahoo,complete,legacy_symbol_unattributed
2013,2013-12-31,KRFT,0001545158,confirmed_by_multiple_evidence,253,0,,,253,2012-12-31,2013-12-31,0,insufficient_overlap,,False,,archive_adjustment_unverified,legacy_symbol_unattributed
2013,2013-12-31,KSS,0000885639,confirmed_by_multiple_evidence,253,253,2012-12-31,2013-12-31,253,2012-12-31,2013-12-31,252,consistent_overlap,3.474608718669892e-06,False,yahoo,complete,legacy_symbol_unattributed
2013,2013-12-31,KSU,0000054480,corroborated_candidate,253,0,,,253,2012-12-31,2013-12-31,0,insufficient_overlap,,False,,archive_adjustment_unverified,legacy_symbol_unattributed
2013,2013-12-31,L,0000060086,confirmed_by_multiple_evidence,253,253,2012-12-31,2013-12-31,253,2012-12-31,2013-12-31,252,consistent_overlap,2.3625572605323628e-06,False,yahoo,complete,legacy_symbol_unattributed
2013,2013-12-31,LB,,,253,0,,,0,,,0,insufficient_overlap,,False,,identity_unresolved,legacy_symbol_unattributed
2013,2013-12-31,LEG,0000058492,confirmed_by_multiple_evidence,253,0,,,253,2012-12-31,2013-12-31,0,insufficient_overlap,,False,,archive_adjustment_unverified,legacy_symbol_unattributed
2013,2013-12-31,LEN,0000920760,corroborated_candidate,253,253,2012-12-31,2013-12-31,253,2012-12-31,2013-12-31,252,consistent_overlap,1.8587922545923152e-05,False,yahoo,complete,legacy_symbol_unattributed
2013,2013-12-31,LH,0000920148,corroborated_candidate,253,253,2012-12-31,2013-12-31,253,2012-12-31,2013-12-31,252,consistent_overlap,1.7959697162428525e-06,False,yahoo,complete,legacy_symbol_unattributed
2013,2013-12-31,LIFE,0001073431,confirmed_by_multiple_evidence,253,0,,,0,,,0,insufficient_overlap,,False,,incomplete_prices,legacy_symbol_unattributed
2013,2013-12-31,LLL,,,253,0,,,0,,,0,insufficient_overlap,,False,,identity_unresolved,legacy_symbol_unattributed
2013,2013-12-31,LLTC,0000791907,corroborated_candidate,253,0,,,253,2012-12-31,2013-12-31,0,insufficient_overlap,,False,,archive_adjustment_unverified,legacy_symbol_unattributed
2013,2013-12-31,LLY,0000059478,corroborated_candidate,253,253,2012-12-31,2013-12-31,253,2012-12-31,2013-12-31,252,consistent_overlap,2.3301462048119783e-06,False,yahoo,complete,legacy_symbol_unattributed
2013,2013-12-31,LM,0000704051,confirmed_by_multiple_evidence,253,0,,,253,2012-12-31,2013-12-31,0,insufficient_overlap,,False,,archive_adjustment_unverified,legacy_symbol_unattributed
2013,2013-12-31,LMT,0000936468,confirmed_by_multiple_evidence,253,253,2012-12-31,2013-12-31,253,2012-12-31,2013-12-31,252,consistent_overlap,1.2829775715128555e-06,False,yahoo,complete,legacy_symbol_unattributed
2013,2013-12-31,LNC,0000059558,corroborated_candidate,253,253,2012-12-31,2013-12-31,253,2012-12-31,2013-12-31,252,consistent_overlap,4.079768185489832e-06,False,yahoo,complete,legacy_symbol_unattributed
2013,2013-12-31,LO,0001424847,corroborated_candidate,253,0,,,253,2012-12-31,2013-12-31,0,insufficient_overlap,,False,,archive_adjustment_unverified,legacy_symbol_unattributed
2013,2013-12-31,LOW,0000060667,corroborated_candidate,253,253,2012-12-31,2013-12-31,253,2012-12-31,2013-12-31,252,consistent_overlap,2.6845358457294747e-06,False,yahoo,complete,legacy_symbol_unattributed
2013,2013-12-31,LRCX,0000707549,confirmed_by_multiple_evidence,253,253,2012-12-31,2013-12-31,253,2012-12-31,2013-12-31,252,consistent_overlap,2.4623627626966242e-05,False,yahoo,complete,legacy_symbol_unattributed
2013,2013-12-31,LSI,0000703360,corroborated_candidate,253,0,,,253,2012-12-31,2013-12-31,0,insufficient_overlap,,False,,archive_adjustment_unverified,legacy_symbol_unattributed
2013,2013-12-31,LUV,0000092380,corroborated_candidate,253,253,2012-12-31,2013-12-31,253,2012-12-31,2013-12-31,252,consistent_overlap,7.864956225811518e-06,False,yahoo,complete,legacy_symbol_unattributed
2013,2013-12-31,LYB,0001489393,corroborated_candidate,253,253,2012-12-31,2013-12-31,253,2012-12-31,2013-12-31,252,consistent_overlap,3.0088478027257004e-06,False,yahoo,complete,legacy_symbol_unattributed
2013,2013-12-31,M,0000794367,confirmed_by_multiple_evidence,253,253,2012-12-31,2013-12-31,253,2012-12-31,2013-12-31,252,consistent_overlap,3.473694950767439e-06,False,yahoo,complete,legacy_symbol_unattributed
2013,2013-12-31,MA,0001141391,confirmed_by_multiple_evidence,253,253,2012-12-31,2013-12-31,253,2012-12-31,2013-12-31,252,consistent_overlap,1.939042655145773e-06,False,yahoo,complete,legacy_symbol_unattributed
2013,2013-12-31,MAC,0000912242,corroborated_candidate,253,253,2012-12-31,2013-12-31,253,2012-12-31,2013-12-31,252,consistent_overlap,2.965173046665105e-06,False,yahoo,complete,legacy_symbol_unattributed
2013,2013-12-31,MAR,0001048286,confirmed_by_multiple_evidence,253,253,2012-12-31,2013-12-31,253,2012-12-31,2013-12-31,252,consistent_overlap,0.00010507207060275639,False,yahoo,complete,legacy_symbol_unattributed
2013,2013-12-31,MAS,0000062996,corroborated_candidate,253,253,2012-12-31,2013-12-31,253,2012-12-31,2013-12-31,252,consistent_overlap,0.0036960725298080597,False,yahoo,complete,legacy_symbol_unattributed
2013,2013-12-31,MAT,0000063276,confirmed_by_multiple_evidence,253,253,2012-12-31,2013-12-31,253,2012-12-31,2013-12-31,252,consistent_overlap,0.00011189211690955326,False,yahoo,complete,legacy_symbol_unattributed
2013,2013-12-31,MCD,0000063908,confirmed_by_multiple_evidence,253,253,2012-12-31,2013-12-31,253,2012-12-31,2013-12-31,252,consistent_overlap,1.5351749042302769e-06,False,yahoo,complete,legacy_symbol_unattributed
2013,2013-12-31,MCHP,0000827054,corroborated_candidate,253,253,2012-12-31,2013-12-31,253,2012-12-31,2013-12-31,252,consistent_overlap,0.00013706988600497132,False,yahoo,complete,legacy_symbol_unattributed
2013,2013-12-31,MCK,0000927653,corroborated_candidate,253,253,2012-12-31,2013-12-31,253,2012-12-31,2013-12-31,252,consistent_overlap,1.094534418493165e-06,False,yahoo,complete,legacy_symbol_unattributed
2013,2013-12-31,MCO,0001059556,confirmed_by_multiple_evidence,253,253,2012-12-31,2013-12-31,253,2012-12-31,2013-12-31,252,consistent_overlap,1.964075466269755e-06,False,yahoo,complete,legacy_symbol_unattributed
2013,2013-12-31,MDLZ,0001103982,confirmed_by_multiple_evidence,253,253,2012-12-31,2013-12-31,253,2012-12-31,2013-12-31,252,consistent_overlap,3.840941817851995e-06,False,yahoo,complete,legacy_symbol_unattributed
2013,2013-12-31,MDT,0001613103,corroborated_candidate,253,253,2012-12-31,2013-12-31,253,2012-12-31,2013-12-31,252,consistent_overlap,2.4425510223669013e-06,False,yahoo,complete,legacy_symbol_unattributed
2013,2013-12-31,MET,0001099219,corroborated_candidate,253,253,2012-12-31,2013-12-31,253,2012-12-31,2013-12-31,252,divergent_overlap,0.005147193701106191,False,yahoo,complete,legacy_symbol_unattributed
2013,2013-12-31,MHK,0000851968,corroborated_candidate,253,253,2012-12-31,2013-12-31,253,2012-12-31,2013-12-31,252,consistent_overlap,8.393762448988265e-08,False,yahoo,complete,legacy_symbol_unattributed
2013,2013-12-31,MJN,0001452575,corroborated_candidate,253,0,,,253,2012-12-31,2013-12-31,0,insufficient_overlap,,False,,archive_adjustment_unverified,legacy_symbol_unattributed
2013,2013-12-31,MKC,0000063754,corroborated_candidate,253,253,2012-12-31,2013-12-31,253,2012-12-31,2013-12-31,252,consistent_overlap,3.477876951646365e-06,False,yahoo,complete,legacy_symbol_unattributed
2013,2013-12-31,MMC,0000062709,confirmed_by_multiple_evidence,253,253,2012-12-31,2013-12-31,253,2012-12-31,2013-12-31,252,consistent_overlap,2.8283130071393716e-06,False,yahoo,complete,legacy_symbol_unattributed
2013,2013-12-31,MMM,0000066740,corroborated_candidate,253,253,2012-12-31,2013-12-31,253,2012-12-31,2013-12-31,252,consistent_overlap,2.098017335633308e-06,False,yahoo,complete,legacy_symbol_unattributed
2013,2013-12-31,MNST,0000865752,corroborated_candidate,253,253,2012-12-31,2013-12-31,253,2012-12-31,2013-12-31,252,consistent_overlap,6.322572161028945e-05,False,yahoo,complete,legacy_symbol_unattributed
2013,2013-12-31,MO,0000764180,confirmed_by_multiple_evidence,253,253,2012-12-31,2013-12-31,253,2012-12-31,2013-12-31,252,consistent_overlap,5.477266819728933e-06,False,yahoo,complete,legacy_symbol_unattributed
2013,2013-12-31,MON,0001110783,corroborated_candidate,253,0,,,0,,,0,insufficient_overlap,,False,,incomplete_prices,legacy_symbol_unattributed
2013,2013-12-31,MOS,0001285785,corroborated_candidate,253,253,2012-12-31,2013-12-31,253,2012-12-31,2013-12-31,252,consistent_overlap,2.345013379155827e-06,False,yahoo,complete,legacy_symbol_unattributed
2013,2013-12-31,MPC,0001510295,confirmed_by_multiple_evidence,253,253,2012-12-31,2013-12-31,253,2012-12-31,2013-12-31,252,consistent_overlap,3.4998260482244087e-06,False,yahoo,complete,legacy_symbol_unattributed
2013,2013-12-31,MRK,0000310158,confirmed_by_multiple_evidence,253,253,2012-12-31,2013-12-31,253,2012-12-31,2013-12-31,252,consistent_overlap,4.1966002010951396e-06,False,yahoo,complete,legacy_symbol_unattributed
2013,2013-12-31,MRO,0000101778,corroborated_candidate,253,0,,,253,2012-12-31,2013-12-31,0,insufficient_overlap,,False,,archive_adjustment_unverified,legacy_symbol_unattributed
2013,2013-12-31,MS,0000895421,confirmed_by_multiple_evidence,253,253,2012-12-31,2013-12-31,253,2012-12-31,2013-12-31,252,consistent_overlap,4.933742962818234e-06,False,yahoo,complete,legacy_symbol_unattributed
2013,2013-12-31,MSFT,0000789019,confirmed_by_multiple_evidence,253,253,2012-12-31,2013-12-31,253,2012-12-31,2013-12-31,252,consistent_overlap,3.98926489057594e-06,False,yahoo,complete,legacy_symbol_unattributed
2013,2013-12-31,MSI,0000068505,corroborated_candidate,253,253,2012-12-31,2013-12-31,253,2012-12-31,2013-12-31,252,consistent_overlap,1.9408411542176656e-06,False,yahoo,complete,legacy_symbol_unattributed
2013,2013-12-31,MTB,0000036270,confirmed_by_multiple_evidence,253,253,2012-12-31,2013-12-31,253,2012-12-31,2013-12-31,252,consistent_overlap,1.2325143934577288e-06,False,yahoo,complete,legacy_symbol_unattributed
2013,2013-12-31,MU,0000723125,corroborated_candidate,253,253,2012-12-31,2013-12-31,253,2012-12-31,2013-12-31,252,consistent_overlap,0.0006253355711158581,False,yahoo,complete,legacy_symbol_unattributed
2013,2013-12-31,MUR,0000717423,confirmed_by_multiple_evidence,253,253,2012-12-31,2013-12-31,253,2012-12-31,2013-12-31,252,consistent_overlap,0.002563121416213036,False,yahoo,complete,legacy_symbol_unattributed
2013,2013-12-31,MWV,0001159297,confirmed_by_multiple_evidence,253,0,,,253,2012-12-31,2013-12-31,0,insufficient_overlap,,False,,archive_adjustment_unverified,legacy_symbol_unattributed
2013,2013-12-31,MYL,0001623613,corroborated_candidate,253,0,,,253,2012-12-31,2013-12-31,0,insufficient_overlap,,False,,archive_adjustment_unverified,legacy_symbol_unattributed
2013,2013-12-31,NBL,0000072207,corroborated_candidate,253,0,,,253,2012-12-31,2013-12-31,0,insufficient_overlap,,False,,archive_adjustment_unverified,legacy_symbol_unattributed
2013,2013-12-31,NBR,0001163739,corroborated_candidate,253,253,2012-12-31,2013-12-31,253,2012-12-31,2013-12-31,252,consistent_overlap,3.9546617005226104e-07,False,yahoo,complete,legacy_symbol_unattributed
2013,2013-12-31,NDAQ,0001120193,confirmed_by_multiple_evidence,253,253,2012-12-31,2013-12-31,253,2012-12-31,2013-12-31,252,consistent_overlap,0.00015696125477209,False,yahoo,complete,legacy_symbol_unattributed
2013,2013-12-31,NE,0001458891,confirmed_by_multiple_evidence,253,0,,,0,,,0,insufficient_overlap,,False,,incomplete_prices,legacy_symbol_unattributed
2013,2013-12-31,NEE,0000753308,corroborated_candidate,253,253,2012-12-31,2013-12-31,253,2012-12-31,2013-12-31,252,consistent_overlap,6.484803301601838e-06,False,yahoo,complete,legacy_symbol_unattributed
2013,2013-12-31,NEM,0001164727,corroborated_candidate,253,253,2012-12-31,2013-12-31,253,2012-12-31,2013-12-31,252,consistent_overlap,3.8172688789206476e-06,False,yahoo,complete,legacy_symbol_unattributed
2013,2013-12-31,NFLX,0001065280,corroborated_candidate,253,253,2012-12-31,2013-12-31,253,2012-12-31,2013-12-31,252,consistent_overlap,3.6684384621752446e-05,False,yahoo,complete,legacy_symbol_unattributed
2013,2013-12-31,NFX,0000912750,corroborated_candidate,253,0,,,253,2012-12-31,2013-12-31,0,insufficient_overlap,,False,,archive_adjustment_unverified,legacy_symbol_unattributed
2013,2013-12-31,NI,0001111711,corroborated_candidate,253,253,2012-12-31,2013-12-31,253,2012-12-31,2013-12-31,252,consistent_overlap,1.3075511842801647e-05,False,yahoo,complete,legacy_symbol_unattributed
2013,2013-12-31,NKE,0000320187,confirmed_by_multiple_evidence,253,253,2012-12-31,2013-12-31,253,2012-12-31,2013-12-31,252,consistent_overlap,3.3103216172891693e-06,False,yahoo,complete,legacy_symbol_unattributed
2013,2013-12-31,NLSN,,,253,0,,,253,2012-12-31,2013-12-31,0,insufficient_overlap,,False,,identity_unresolved,legacy_symbol_unattributed
2013,2013-12-31,NOC,0001133421,corroborated_candidate,253,253,2012-12-31,2013-12-31,253,2012-12-31,2013-12-31,252,consistent_overlap,1.5944804764744808e-06,False,yahoo,complete,legacy_symbol_unattributed
2013,2013-12-31,NOV,0001021860,confirmed_by_multiple_evidence,253,253,2012-12-31,2013-12-31,253,2012-12-31,2013-12-31,252,consistent_overlap,1.748259647176287e-06,False,yahoo,complete,legacy_symbol_unattributed
2013,2013-12-31,NRG,0001013871,corroborated_candidate,253,253,2012-12-31,2013-12-31,253,2012-12-31,2013-12-31,252,consistent_overlap,4.432298697226725e-06,False,yahoo,complete,legacy_symbol_unattributed
2013,2013-12-31,NSC,0000702165,corroborated_candidate,253,253,2012-12-31,2013-12-31,253,2012-12-31,2013-12-31,252,consistent_overlap,1.6670418771014276e-06,False,yahoo,complete,legacy_symbol_unattributed
2013,2013-12-31,NTAP,0001002047,confirmed_by_multiple_evidence,253,253,2012-12-31,2013-12-31,253,2012-12-31,2013-12-31,252,consistent_overlap,0.000145566223524205,False,yahoo,complete,legacy_symbol_unattributed
2013,2013-12-31,NTRS,0000073124,confirmed_by_multiple_evidence,253,253,2012-12-31,2013-12-31,253,2012-12-31,2013-12-31,252,consistent_overlap,8.968912758444026e-05,False,yahoo,complete,legacy_symbol_unattributed
2013,2013-12-31,NUE,0000073309,confirmed_by_multiple_evidence,253,253,2012-12-31,2013-12-31,253,2012-12-31,2013-12-31,252,consistent_overlap,6.409801855163996e-06,False,yahoo,complete,legacy_symbol_unattributed
2013,2013-12-31,NVDA,0001045810,corroborated_candidate,253,253,2012-12-31,2013-12-31,253,2012-12-31,2013-12-31,252,consistent_overlap,0.0005075464547874453,False,yahoo,complete,legacy_symbol_unattributed
2013,2013-12-31,NWL,0000814453,confirmed_by_multiple_evidence,253,253,2012-12-31,2013-12-31,253,2012-12-31,2013-12-31,252,consistent_overlap,4.910814593790392e-06,False,yahoo,complete,legacy_symbol_unattributed
2013,2013-12-31,NWSA,,,253,136,2013-06-19,2013-12-31,136,2013-06-19,2013-12-31,135,consistent_overlap,0.00035084292296464257,False,,identity_unresolved,legacy_symbol_unattributed
2013,2013-12-31,OI,0000812074,corroborated_candidate,253,253,2012-12-31,2013-12-31,253,2012-12-31,2013-12-31,252,consistent_overlap,3.1591227623817287e-06,False,yahoo,complete,legacy_symbol_unattributed
2013,2013-12-31,OKE,0001039684,corroborated_candidate,253,253,2012-12-31,2013-12-31,253,2012-12-31,2013-12-31,252,divergent_overlap,0.006820600727570597,False,yahoo,complete,legacy_symbol_unattributed
2013,2013-12-31,OMC,0000029989,corroborated_candidate,253,253,2012-12-31,2013-12-31,253,2012-12-31,2013-12-31,252,consistent_overlap,2.0495393046915396e-06,False,yahoo,complete,legacy_symbol_unattributed
2013,2013-12-31,ORCL,0001341439,confirmed_by_multiple_evidence,253,253,2012-12-31,2013-12-31,253,2012-12-31,2013-12-31,252,consistent_overlap,0.00016348023651069804,False,yahoo,complete,legacy_symbol_unattributed
2013,2013-12-31,ORLY,0000898173,corroborated_candidate,253,253,2012-12-31,2013-12-31,253,2012-12-31,2013-12-31,252,consistent_overlap,1.4253729514135396e-07,False,yahoo,complete,legacy_symbol_unattributed
2013,2013-12-31,OXY,0000797468,corroborated_candidate,253,253,2012-12-31,2013-12-31,253,2012-12-31,2013-12-31,252,consistent_overlap,1.8051884048342353e-06,False,yahoo,complete,legacy_symbol_unattributed
2013,2013-12-31,PAYX,0000723531,corroborated_candidate,253,253,2012-12-31,2013-12-31,253,2012-12-31,2013-12-31,252,consistent_overlap,0.00015145924499803564,False,yahoo,complete,legacy_symbol_unattributed
2013,2013-12-31,PBCT,0001378946,confirmed_by_multiple_evidence,253,0,,,253,2012-12-31,2013-12-31,0,insufficient_overlap,,False,,archive_adjustment_unverified,legacy_symbol_unattributed
2013,2013-12-31,PBI,0000078814,corroborated_candidate,253,253,2012-12-31,2013-12-31,253,2012-12-31,2013-12-31,252,consistent_overlap,1.610541446981148e-05,False,yahoo,complete,legacy_symbol_unattributed
2013,2013-12-31,PCAR,0000075362,confirmed_by_multiple_evidence,253,253,2012-12-31,2013-12-31,253,2012-12-31,2013-12-31,252,consistent_overlap,8.834986256880174e-05,False,yahoo,complete,legacy_symbol_unattributed
2013,2013-12-31,PCG,0001004980,corroborated_candidate,253,253,2012-12-31,2013-12-31,253,2012-12-31,2013-12-31,252,consistent_overlap,2.55850648520406e-06,False,yahoo,complete,legacy_symbol_unattributed
2013,2013-12-31,PCL,0000849213,corroborated_candidate,253,0,,,253,2012-12-31,2013-12-31,0,insufficient_overlap,,False,,archive_adjustment_unverified,legacy_symbol_unattributed
2013,2013-12-31,PCP,0000079958,confirmed_by_multiple_evidence,253,0,,,253,2012-12-31,2013-12-31,0,insufficient_overlap,,False,,archive_adjustment_unverified,legacy_symbol_unattributed
2013,2013-12-31,PDCO,0000891024,confirmed_by_multiple_evidence,253,0,,,253,2012-12-31,2013-12-31,0,insufficient_overlap,,False,,archive_adjustment_unverified,legacy_symbol_unattributed
2013,2013-12-31,PEG,0000788784,confirmed_by_multiple_evidence,253,253,2012-12-31,2013-12-31,253,2012-12-31,2013-12-31,252,consistent_overlap,4.324676525786498e-06,False,yahoo,complete,legacy_symbol_unattributed
2013,2013-12-31,PEP,0000077476,confirmed_by_multiple_evidence,253,253,2012-12-31,2013-12-31,253,2012-12-31,2013-12-31,252,consistent_overlap,5.395497901212746e-06,False,yahoo,complete,legacy_symbol_unattributed
2013,2013-12-31,PETM,0000863157,corroborated_candidate,253,0,,,253,2012-12-31,2013-12-31,0,insufficient_overlap,,False,,archive_adjustment_unverified,legacy_symbol_unattributed
2013,2013-12-31,PFE,0000078003,confirmed_by_multiple_evidence,253,253,2012-12-31,2013-12-31,253,2012-12-31,2013-12-31,252,consistent_overlap,0.000173301907327702,False,yahoo,complete,legacy_symbol_unattributed
2013,2013-12-31,PFG,0001126328,corroborated_candidate,253,253,2012-12-31,2013-12-31,253,2012-12-31,2013-12-31,252,consistent_overlap,4.2312329045146625e-06,False,yahoo,complete,legacy_symbol_unattributed
2013,2013-12-31,PG,0000080424,confirmed_by_multiple_evidence,253,253,2012-12-31,2013-12-31,253,2012-12-31,2013-12-31,252,consistent_overlap,1.6039520799071572e-06,False,yahoo,complete,legacy_symbol_unattributed
2013,2013-12-31,PGR,0000080661,confirmed_by_multiple_evidence,253,253,2012-12-31,2013-12-31,253,2012-12-31,2013-12-31,252,consistent_overlap,5.929558616355473e-06,False,yahoo,complete,legacy_symbol_unattributed
2013,2013-12-31,PH,0000076334,confirmed_by_multiple_evidence,253,253,2012-12-31,2013-12-31,253,2012-12-31,2013-12-31,252,consistent_overlap,1.3144234413753346e-06,False,yahoo,complete,legacy_symbol_unattributed
2013,2013-12-31,PHM,0000822416,corroborated_candidate,253,253,2012-12-31,2013-12-31,253,2012-12-31,2013-12-31,252,consistent_overlap,5.8026838782399014e-06,False,yahoo,complete,legacy_symbol_unattributed
2013,2013-12-31,PKI,0000031791,corroborated_candidate,253,0,,,253,2012-12-31,2013-12-31,0,insufficient_overlap,,False,,archive_adjustment_unverified,legacy_symbol_unattributed
2013,2013-12-31,PLD,0001045609,confirmed_by_multiple_evidence,253,253,2012-12-31,2013-12-31,253,2012-12-31,2013-12-31,252,consistent_overlap,3.518805811610906e-06,False,yahoo,complete,legacy_symbol_unattributed
2013,2013-12-31,PLL,0000075829,corroborated_candidate,253,0,,,0,,,0,insufficient_overlap,,False,,incomplete_prices,legacy_symbol_unattributed
2013,2013-12-31,PM,0001413329,corroborated_candidate,253,253,2012-12-31,2013-12-31,253,2012-12-31,2013-12-31,252,consistent_overlap,1.890780764868261e-06,False,yahoo,complete,legacy_symbol_unattributed
2013,2013-12-31,PNC,0000713676,confirmed_by_multiple_evidence,253,253,2012-12-31,2013-12-31,253,2012-12-31,2013-12-31,252,consistent_overlap,1.93585736981472e-06,False,yahoo,complete,legacy_symbol_unattributed
2013,2013-12-31,PNR,0000077360,confirmed_by_multiple_evidence,253,253,2012-12-31,2013-12-31,253,2012-12-31,2013-12-31,252,consistent_overlap,2.9666334168321216e-06,False,yahoo,complete,legacy_symbol_unattributed
2013,2013-12-31,PNW,0000764622,corroborated_candidate,253,253,2012-12-31,2013-12-31,253,2012-12-31,2013-12-31,252,consistent_overlap,2.8137741876510534e-06,False,yahoo,complete,legacy_symbol_unattributed
2013,2013-12-31,POM,0001135971,confirmed_by_multiple_evidence,253,0,,,253,2012-12-31,2013-12-31,0,insufficient_overlap,,False,,archive_adjustment_unverified,legacy_symbol_unattributed
2013,2013-12-31,PPG,0000079879,confirmed_by_multiple_evidence,253,253,2012-12-31,2013-12-31,253,2012-12-31,2013-12-31,252,consistent_overlap,1.7128948649891568e-06,False,yahoo,complete,legacy_symbol_unattributed
2013,2013-12-31,PPL,0000922224,corroborated_candidate,253,253,2012-12-31,2013-12-31,253,2012-12-31,2013-12-31,252,consistent_overlap,4.245123033903343e-05,False,yahoo,complete,legacy_symbol_unattributed
2013,2013-12-31,PRGO,0001585364,corroborated_candidate,253,253,2012-12-31,2013-12-31,253,2012-12-31,2013-12-31,252,consistent_overlap,4.412623973488961e-05,False,yahoo,complete,legacy_symbol_unattributed
2013,2013-12-31,PRU,0001137774,confirmed_by_multiple_evidence,253,253,2012-12-31,2013-12-31,253,2012-12-31,2013-12-31,252,consistent_overlap,2.8122164694832648e-06,False,yahoo,complete,legacy_symbol_unattributed
2013,2013-12-31,PSA,0001393311,corroborated_candidate,253,253,2012-12-31,2013-12-31,253,2012-12-31,2013-12-31,252,consistent_overlap,1.1206845714539785e-06,False,yahoo,complete,legacy_symbol_unattributed
2013,2013-12-31,PSX,0001534701,confirmed_by_multiple_evidence,253,253,2012-12-31,2013-12-31,253,2012-12-31,2013-12-31,252,consistent_overlap,2.255241539920183e-06,False,yahoo,complete,legacy_symbol_unattributed
2013,2013-12-31,PVH,0000078239,corroborated_candidate,253,253,2012-12-31,2013-12-31,253,2012-12-31,2013-12-31,252,consistent_overlap,8.999173763402095e-07,False,yahoo,complete,legacy_symbol_unattributed
2013,2013-12-31,PWR,0001050915,confirmed_by_multiple_evidence,253,253,2012-12-31,2013-12-31,253,2012-12-31,2013-12-31,252,consistent_overlap,3.19705048468566e-06,False,yahoo,complete,legacy_symbol_unattributed
2013,2013-12-31,PX,0000884905,confirmed_by_multiple_evidence,253,0,,,0,,,0,insufficient_overlap,,False,,incomplete_prices,legacy_symbol_unattributed
2013,2013-12-31,PXD,0001038357,confirmed_by_multiple_evidence,253,0,,,253,2012-12-31,2013-12-31,0,insufficient_overlap,,False,,archive_adjustment_unverified,legacy_symbol_unattributed
2013,2013-12-31,QCOM,0000804328,corroborated_candidate,253,253,2012-12-31,2013-12-31,253,2012-12-31,2013-12-31,252,consistent_overlap,7.978733213964475e-05,False,yahoo,complete,legacy_symbol_unattributed
2013,2013-12-31,QEP,0001108827,corroborated_candidate,253,0,,,253,2012-12-31,2013-12-31,0,insufficient_overlap,,False,,archive_adjustment_unverified,legacy_symbol_unattributed
2013,2013-12-31,R,0000085961,corroborated_candidate,253,253,2012-12-31,2013-12-31,253,2012-12-31,2013-12-31,252,consistent_overlap,2.1483936402300066e-06,False,yahoo,complete,legacy_symbol_unattributed
2013,2013-12-31,RAI,0001275283,corroborated_candidate,253,0,,,253,2012-12-31,2013-12-31,0,insufficient_overlap,,False,,archive_adjustment_unverified,legacy_symbol_unattributed
2013,2013-12-31,RDC,,,253,0,,,253,2012-12-31,2013-12-31,0,insufficient_overlap,,False,,identity_unresolved,legacy_symbol_unattributed
2013,2013-12-31,REGN,0000872589,corroborated_candidate,253,253,2012-12-31,2013-12-31,253,2012-12-31,2013-12-31,252,consistent_overlap,4.970889750643972e-07,False,yahoo,complete,legacy_symbol_unattributed
2013,2013-12-31,RF,0001281761,confirmed_by_multiple_evidence,253,253,2012-12-31,2013-12-31,253,2012-12-31,2013-12-31,252,consistent_overlap,1.7442220868535423e-05,False,yahoo,complete,legacy_symbol_unattributed
2013,2013-12-31,RHI,0000315213,confirmed_by_multiple_evidence,253,253,2012-12-31,2013-12-31,253,2012-12-31,2013-12-31,252,consistent_overlap,3.2443215726041267e-06,False,yahoo,complete,legacy_symbol_unattributed
2013,2013-12-31,RHT,0001087423,confirmed_by_multiple_evidence,253,0,,,253,2012-12-31,2013-12-31,0,insufficient_overlap,,False,,archive_adjustment_unverified,legacy_symbol_unattributed
2013,2013-12-31,RIG,0001451505,corroborated_candidate,253,253,2012-12-31,2013-12-31,253,2012-12-31,2013-12-31,252,consistent_overlap,2.152038820091296e-06,False,yahoo,complete,legacy_symbol_unattributed
2013,2013-12-31,RL,0001037038,corroborated_candidate,253,253,2012-12-31,2013-12-31,253,2012-12-31,2013-12-31,252,consistent_overlap,9.454249911300395e-07,False,yahoo,complete,legacy_symbol_unattributed
2013,2013-12-31,ROK,0001024478,corroborated_candidate,253,253,2012-12-31,2013-12-31,253,2012-12-31,2013-12-31,252,consistent_overlap,1.4181497977350248e-06,False,yahoo,complete,legacy_symbol_unattributed
2013,2013-12-31,ROP,0000882835,corroborated_candidate,253,253,2012-12-31,2013-12-31,253,2012-12-31,2013-12-31,252,consistent_overlap,1.0017837654685568e-06,False,yahoo,complete,legacy_symbol_unattributed
2013,2013-12-31,ROST,0000745732,corroborated_candidate,253,253,2012-12-31,2013-12-31,253,2012-12-31,2013-12-31,252,consistent_overlap,8.485781021972839e-05,False,yahoo,complete,legacy_symbol_unattributed
2013,2013-12-31,RRC,0000315852,confirmed_by_multiple_evidence,253,253,2012-12-31,2013-12-31,253,2012-12-31,2013-12-31,252,consistent_overlap,1.3397130575598664e-06,False,yahoo,complete,legacy_symbol_unattributed
2013,2013-12-31,RSG,0001060391,corroborated_candidate,253,253,2012-12-31,2013-12-31,253,2012-12-31,2013-12-31,252,consistent_overlap,3.450481337676781e-06,False,yahoo,complete,legacy_symbol_unattributed
2013,2013-12-31,RTN,0001047122,confirmed_by_multiple_evidence,253,0,,,253,2012-12-31,2013-12-31,0,insufficient_overlap,,False,,archive_adjustment_unverified,legacy_symbol_unattributed
2013,2013-12-31,SBUX,0000829224,corroborated_candidate,253,253,2012-12-31,2013-12-31,253,2012-12-31,2013-12-31,252,consistent_overlap,0.0029699165765038225,False,yahoo,complete,legacy_symbol_unattributed
2013,2013-12-31,SCG,0000754737,corroborated_candidate,253,0,,,253,2012-12-31,2013-12-31,0,insufficient_overlap,,False,,archive_adjustment_unverified,legacy_symbol_unattributed
2013,2013-12-31,SCHW,0000316709,confirmed_by_multiple_evidence,253,253,2012-12-31,2013-12-31,253,2012-12-31,2013-12-31,252,consistent_overlap,6.424047575139813e-06,False,yahoo,complete,legacy_symbol_unattributed
2013,2013-12-31,SE,0001373835,confirmed_by_multiple_evidence,253,0,,,0,,,0,insufficient_overlap,,False,,incomplete_prices,legacy_symbol_unattributed
2013,2013-12-31,SEE,0001012100,confirmed_by_multiple_evidence,253,0,,,253,2012-12-31,2013-12-31,0,insufficient_overlap,,False,,archive_adjustment_unverified,legacy_symbol_unattributed
2013,2013-12-31,SHW,0000089800,corroborated_candidate,253,253,2012-12-31,2013-12-31,253,2012-12-31,2013-12-31,252,consistent_overlap,1.8458470162507904e-06,False,yahoo,complete,legacy_symbol_unattributed
2013,2013-12-31,SIAL,0000090185,corroborated_candidate,253,0,,,253,2012-12-31,2013-12-31,0,insufficient_overlap,,False,,archive_adjustment_unverified,legacy_symbol_unattributed
2013,2013-12-31,SJM,0000091419,corroborated_candidate,253,253,2012-12-31,2013-12-31,253,2012-12-31,2013-12-31,252,consistent_overlap,1.5255722142371034e-06,False,yahoo,complete,legacy_symbol_unattributed
2013,2013-12-31,SLB,0000087347,confirmed_by_multiple_evidence,253,253,2012-12-31,2013-12-31,253,2012-12-31,2013-12-31,252,consistent_overlap,5.923412241061194e-06,False,yahoo,complete,legacy_symbol_unattributed
2013,2013-12-31,SLM,0001032033,corroborated_candidate,253,253,2012-12-31,2013-12-31,253,2012-12-31,2013-12-31,252,consistent_overlap,0.0002550800848963486,False,yahoo,complete,legacy_symbol_unattributed
2013,2013-12-31,SNA,0000091440,confirmed_by_multiple_evidence,253,253,2012-12-31,2013-12-31,253,2012-12-31,2013-12-31,252,consistent_overlap,1.6386618898245332e-06,False,yahoo,complete,legacy_symbol_unattributed
2013,2013-12-31,SNDK,0001000180,corroborated_candidate,253,0,,,0,,,0,insufficient_overlap,,False,,incomplete_prices,legacy_symbol_unattributed
2013,2013-12-31,SNI,0001430602,corroborated_candidate,253,0,,,253,2012-12-31,2013-12-31,0,insufficient_overlap,,False,,archive_adjustment_unverified,legacy_symbol_unattributed
2013,2013-12-31,SO,0000092122,corroborated_candidate,253,253,2012-12-31,2013-12-31,253,2012-12-31,2013-12-31,252,consistent_overlap,3.7114029850893186e-06,False,yahoo,complete,legacy_symbol_unattributed
2013,2013-12-31,SPG,0001063761,corroborated_candidate,253,253,2012-12-31,2013-12-31,253,2012-12-31,2013-12-31,252,consistent_overlap,3.069971309659362e-06,False,yahoo,complete,legacy_symbol_unattributed
2013,2013-12-31,SPGI,0000064040,corroborated_candidate,253,253,2012-12-31,2013-12-31,253,2012-12-31,2013-12-31,252,consistent_overlap,1.8466949050388596e-06,False,yahoo,complete,legacy_symbol_unattributed
2013,2013-12-31,SPLS,0000791519,corroborated_candidate,253,0,,,253,2012-12-31,2013-12-31,0,insufficient_overlap,,False,,archive_adjustment_unverified,legacy_symbol_unattributed
2013,2013-12-31,SRCL,0000861878,confirmed_by_multiple_evidence,253,0,,,253,2012-12-31,2013-12-31,0,insufficient_overlap,,False,,archive_adjustment_unverified,legacy_symbol_unattributed
2013,2013-12-31,SRE,,,253,253,2012-12-31,2013-12-31,253,2012-12-31,2013-12-31,252,consistent_overlap,5.1063459707737516e-05,False,,identity_unresolved,legacy_symbol_unattributed
2013,2013-12-31,STI,0000750556,confirmed_by_multiple_evidence,253,0,,,0,,,0,insufficient_overlap,,False,,incomplete_prices,legacy_symbol_unattributed
2013,2013-12-31,STJ,0000203077,corroborated_candidate,253,0,,,253,2012-12-31,2013-12-31,0,insufficient_overlap,,False,,archive_adjustment_unverified,legacy_symbol_unattributed
2013,2013-12-31,STT,0000093751,corroborated_candidate,253,253,2012-12-31,2013-12-31,253,2012-12-31,2013-12-31,252,consistent_overlap,1.9523443983449074e-06,False,yahoo,complete,legacy_symbol_unattributed
2013,2013-12-31,STX,0001137789,corroborated_candidate,253,253,2012-12-31,2013-12-31,253,2012-12-31,2013-12-31,252,consistent_overlap,0.00014568090478194295,False,yahoo,complete,legacy_symbol_unattributed
2013,2013-12-31,STZ,0000016918,corroborated_candidate,253,253,2012-12-31,2013-12-31,253,2012-12-31,2013-12-31,252,consistent_overlap,2.2493126694889137e-06,False,yahoo,complete,legacy_symbol_unattributed
2013,2013-12-31,SWK,0000093556,confirmed_by_multiple_evidence,253,253,2012-12-31,2013-12-31,253,2012-12-31,2013-12-31,252,consistent_overlap,1.9046895265661946e-06,False,yahoo,complete,legacy_symbol_unattributed
2013,2013-12-31,SWN,0000007332,confirmed_by_multiple_evidence,253,0,,,253,2012-12-31,2013-12-31,0,insufficient_overlap,,False,,archive_adjustment_unverified,legacy_symbol_unattributed
2013,2013-12-31,SWY,0000086144,corroborated_candidate,253,0,,,253,2012-12-31,2013-12-31,0,insufficient_overlap,,False,,archive_adjustment_unverified,legacy_symbol_unattributed
2013,2013-12-31,SYK,0000310764,confirmed_by_multiple_evidence,253,253,2012-12-31,2013-12-31,253,2012-12-31,2013-12-31,252,consistent_overlap,1.8348402594470246e-06,False,yahoo,complete,legacy_symbol_unattributed
2013,2013-12-31,SYMC,0000849399,corroborated_candidate,253,0,,,253,2012-12-31,2013-12-31,0,insufficient_overlap,,False,,archive_adjustment_unverified,legacy_symbol_unattributed
2013,2013-12-31,SYY,0000096021,corroborated_candidate,253,253,2012-12-31,2013-12-31,253,2012-12-31,2013-12-31,252,consistent_overlap,3.6735040610291763e-06,False,yahoo,complete,legacy_symbol_unattributed
2013,2013-12-31,T,0000732717,corroborated_candidate,253,253,2012-12-31,2013-12-31,253,2012-12-31,2013-12-31,252,consistent_overlap,0.0040098647872441546,False,yahoo,complete,legacy_symbol_unattributed
2013,2013-12-31,TAP,0000024545,confirmed_by_multiple_evidence,253,253,2012-12-31,2013-12-31,253,2012-12-31,2013-12-31,252,consistent_overlap,2.5836128005884977e-06,False,yahoo,complete,legacy_symbol_unattributed
2013,2013-12-31,TDC,0000816761,confirmed_by_multiple_evidence,253,253,2012-12-31,2013-12-31,253,2012-12-31,2013-12-31,252,consistent_overlap,1.8336006781127797e-06,False,yahoo,complete,legacy_symbol_unattributed
2013,2013-12-31,TE,0000350563,confirmed_by_multiple_evidence,253,0,,,0,,,0,insufficient_overlap,,False,,incomplete_prices,legacy_symbol_unattributed
2013,2013-12-31,TEG,0000916863,corroborated_candidate,253,0,,,253,2012-12-31,2013-12-31,0,insufficient_overlap,,False,,archive_adjustment_unverified,legacy_symbol_unattributed
2013,2013-12-31,TEL,0001385157,corroborated_candidate,253,253,2012-12-31,2013-12-31,253,2012-12-31,2013-12-31,252,consistent_overlap,2.7315602159783133e-06,False,yahoo,complete,legacy_symbol_unattributed
2013,2013-12-31,TGNA,,,253,0,,,253,2012-12-31,2013-12-31,0,insufficient_overlap,,False,,identity_unresolved,legacy_symbol_unattributed
2013,2013-12-31,TGT,0000027419,corroborated_candidate,253,253,2012-12-31,2013-12-31,253,2012-12-31,2013-12-31,252,consistent_overlap,1.945684171442697e-06,False,yahoo,complete,legacy_symbol_unattributed
2013,2013-12-31,THC,0000070318,corroborated_candidate,253,253,2012-12-31,2013-12-31,253,2012-12-31,2013-12-31,252,consistent_overlap,7.529962613106457e-08,False,yahoo,complete,legacy_symbol_unattributed
2013,2013-12-31,TIF,0000098246,confirmed_by_multiple_evidence,253,0,,,253,2012-12-31,2013-12-31,0,insufficient_overlap,,False,,archive_adjustment_unverified,legacy_symbol_unattributed
2013,2013-12-31,TJX,0000109198,confirmed_by_multiple_evidence,253,253,2012-12-31,2013-12-31,253,2012-12-31,2013-12-31,252,consistent_overlap,4.1772874439327545e-06,False,yahoo,complete,legacy_symbol_unattributed
2013,2013-12-31,TMK,0000320335,confirmed_by_multiple_evidence,253,0,,,253,2012-12-31,2013-12-31,0,insufficient_overlap,,False,,archive_adjustment_unverified,legacy_symbol_unattributed
2013,2013-12-31,TMO,0000097745,corroborated_candidate,253,253,2012-12-31,2013-12-31,253,2012-12-31,2013-12-31,252,consistent_overlap,1.415515920073496e-06,False,yahoo,complete,legacy_symbol_unattributed
2013,2013-12-31,TPR,,,253,253,2012-12-31,2013-12-31,253,2012-12-31,2013-12-31,252,consistent_overlap,4.948899282142301e-06,False,,identity_unresolved,legacy_symbol_unattributed
2013,2013-12-31,TRIP,0001526520,corroborated_candidate,253,253,2012-12-31,2013-12-31,253,2012-12-31,2013-12-31,252,consistent_overlap,0.00010976890214355217,False,yahoo,complete,legacy_symbol_unattributed
2013,2013-12-31,TROW,,,253,253,2012-12-31,2013-12-31,253,2012-12-31,2013-12-31,252,consistent_overlap,2.8510050151052968e-05,False,,identity_unresolved,legacy_symbol_unattributed
2013,2013-12-31,TRV,0000086312,corroborated_candidate,253,253,2012-12-31,2013-12-31,253,2012-12-31,2013-12-31,252,consistent_overlap,1.4767791513514707e-06,False,yahoo,complete,legacy_symbol_unattributed
2013,2013-12-31,TSN,0000100493,corroborated_candidate,253,253,2012-12-31,2013-12-31,253,2012-12-31,2013-12-31,252,consistent_overlap,4.8049355566282e-06,False,yahoo,complete,legacy_symbol_unattributed
2013,2013-12-31,TSS,0000721683,confirmed_by_multiple_evidence,253,0,,,253,2012-12-31,2013-12-31,0,insufficient_overlap,,False,,archive_adjustment_unverified,legacy_symbol_unattributed
2013,2013-12-31,TWC,0001377013,corroborated_candidate,253,0,,,253,2012-12-31,2013-12-31,0,insufficient_overlap,,False,,archive_adjustment_unverified,legacy_symbol_unattributed
2013,2013-12-31,TWX,0001105705,corroborated_candidate,253,0,,,253,2012-12-31,2013-12-31,0,insufficient_overlap,,False,,archive_adjustment_unverified,legacy_symbol_unattributed
2013,2013-12-31,TXN,0000097476,corroborated_candidate,253,253,2012-12-31,2013-12-31,253,2012-12-31,2013-12-31,252,consistent_overlap,3.2288212447184613e-06,False,yahoo,complete,legacy_symbol_unattributed
2013,2013-12-31,TXT,0000217346,corroborated_candidate,253,253,2012-12-31,2013-12-31,253,2012-12-31,2013-12-31,252,consistent_overlap,3.1289668397505027e-06,False,yahoo,complete,legacy_symbol_unattributed
2013,2013-12-31,UNH,0000731766,corroborated_candidate,253,253,2012-12-31,2013-12-31,253,2012-12-31,2013-12-31,252,consistent_overlap,2.0948811097420987e-06,False,yahoo,complete,legacy_symbol_unattributed
2013,2013-12-31,UNM,0000005513,confirmed_by_multiple_evidence,253,253,2012-12-31,2013-12-31,253,2012-12-31,2013-12-31,252,consistent_overlap,4.680556036646971e-06,False,yahoo,complete,legacy_symbol_unattributed
2013,2013-12-31,UNP,0000100885,corroborated_candidate,253,253,2012-12-31,2013-12-31,253,2012-12-31,2013-12-31,252,consistent_overlap,1.675081483782926e-06,False,yahoo,complete,legacy_symbol_unattributed
2013,2013-12-31,UPS,0001090727,confirmed_by_multiple_evidence,253,253,2012-12-31,2013-12-31,253,2012-12-31,2013-12-31,252,consistent_overlap,1.819616779231704e-06,False,yahoo,complete,legacy_symbol_unattributed
2013,2013-12-31,URBN,0000912615,confirmed_by_multiple_evidence,253,253,2012-12-31,2013-12-31,253,2012-12-31,2013-12-31,252,consistent_overlap,8.216409831174333e-08,False,yahoo,complete,legacy_symbol_unattributed
2013,2013-12-31,USB,0000036104,confirmed_by_multiple_evidence,253,253,2012-12-31,2013-12-31,253,2012-12-31,2013-12-31,252,consistent_overlap,3.891197308233397e-06,False,yahoo,complete,legacy_symbol_unattributed
2013,2013-12-31,UTX,0000101829,corroborated_candidate,253,0,,,253,2012-12-31,2013-12-31,0,insufficient_overlap,,False,,archive_adjustment_unverified,legacy_symbol_unattributed
2013,2013-12-31,V,0001403161,corroborated_candidate,253,253,2012-12-31,2013-12-31,253,2012-12-31,2013-12-31,252,consistent_overlap,2.212385556150665e-06,False,yahoo,complete,legacy_symbol_unattributed
2013,2013-12-31,VAR,0000203527,confirmed_by_multiple_evidence,253,0,,,253,2012-12-31,2013-12-31,0,insufficient_overlap,,False,,archive_adjustment_unverified,legacy_symbol_unattributed
2013,2013-12-31,VFC,0000103379,confirmed_by_multiple_evidence,253,253,2012-12-31,2013-12-31,253,2012-12-31,2013-12-31,252,consistent_overlap,3.05157344542506e-06,False,yahoo,complete,legacy_symbol_unattributed
2013,2013-12-31,VIAB,0001339947,corroborated_candidate,253,0,,,253,2012-12-31,2013-12-31,0,insufficient_overlap,,False,,archive_adjustment_unverified,legacy_symbol_unattributed
2013,2013-12-31,VLO,0001035002,corroborated_candidate,253,253,2012-12-31,2013-12-31,253,2012-12-31,2013-12-31,252,consistent_overlap,4.654672613757521e-06,False,yahoo,complete,legacy_symbol_unattributed
2013,2013-12-31,VMC,0001396009,confirmed_by_multiple_evidence,253,253,2012-12-31,2013-12-31,253,2012-12-31,2013-12-31,252,consistent_overlap,1.8113555186638493e-06,False,yahoo,complete,legacy_symbol_unattributed
2013,2013-12-31,VNO,0000899689,corroborated_candidate,253,253,2012-12-31,2013-12-31,253,2012-12-31,2013-12-31,252,consistent_overlap,2.481594155202549e-06,False,yahoo,complete,legacy_symbol_unattributed
2013,2013-12-31,VRSN,0001014473,corroborated_candidate,253,253,2012-12-31,2013-12-31,253,2012-12-31,2013-12-31,252,consistent_overlap,2.3827194515102514e-07,False,yahoo,complete,legacy_symbol_unattributed
2013,2013-12-31,VRTX,0000875320,corroborated_candidate,253,253,2012-12-31,2013-12-31,253,2012-12-31,2013-12-31,252,consistent_overlap,0.00016179200509249485,False,yahoo,complete,legacy_symbol_unattributed
2013,2013-12-31,VTR,0000740260,corroborated_candidate,253,253,2012-12-31,2013-12-31,253,2012-12-31,2013-12-31,252,consistent_overlap,0.00015055421890139423,False,yahoo,complete,legacy_symbol_unattributed
2013,2013-12-31,VZ,0000732712,confirmed_by_multiple_evidence,253,253,2012-12-31,2013-12-31,253,2012-12-31,2013-12-31,252,consistent_overlap,3.4460643740164007e-06,False,yahoo,complete,legacy_symbol_unattributed
2013,2013-12-31,WAT,0001000697,corroborated_candidate,253,253,2012-12-31,2013-12-31,253,2012-12-31,2013-12-31,252,consistent_overlap,7.08815457362011e-08,False,yahoo,complete,legacy_symbol_unattributed
2013,2013-12-31,WBA,0001618921,corroborated_candidate,253,0,,,253,2012-12-31,2013-12-31,0,insufficient_overlap,,False,,archive_adjustment_unverified,legacy_symbol_unattributed
2013,2013-12-31,WDC,0000106040,confirmed_by_multiple_evidence,253,253,2012-12-31,2013-12-31,253,2012-12-31,2013-12-31,252,consistent_overlap,5.009751975700861e-06,False,yahoo,complete,legacy_symbol_unattributed
2013,2013-12-31,WEC,0000783325,corroborated_candidate,253,253,2012-12-31,2013-12-31,253,2012-12-31,2013-12-31,252,consistent_overlap,3.3963373692169627e-06,False,yahoo,complete,legacy_symbol_unattributed
2013,2013-12-31,WELL,0000766704,corroborated_candidate,253,253,2012-12-31,2013-12-31,253,2012-12-31,2013-12-31,252,consistent_overlap,2.1389761540535624e-06,False,yahoo,complete,legacy_symbol_unattributed
2013,2013-12-31,WFC,0000072971,corroborated_candidate,253,253,2012-12-31,2013-12-31,253,2012-12-31,2013-12-31,252,consistent_overlap,3.2186877801920757e-06,False,yahoo,complete,legacy_symbol_unattributed
2013,2013-12-31,WFM,0000865436,corroborated_candidate,253,0,,,253,2012-12-31,2013-12-31,0,insufficient_overlap,,False,,archive_adjustment_unverified,legacy_symbol_unattributed
2013,2013-12-31,WHR,0000106640,corroborated_candidate,253,253,2012-12-31,2013-12-31,253,2012-12-31,2013-12-31,252,consistent_overlap,1.2724095221106082e-06,False,yahoo,complete,legacy_symbol_unattributed
2013,2013-12-31,WIN,0001282266,corroborated_candidate,253,0,,,253,2012-12-31,2013-12-31,0,insufficient_overlap,,False,,archive_adjustment_unverified,legacy_symbol_unattributed
2013,2013-12-31,WLP,0001156039,reviewed_alias,253,0,,,0,,,0,insufficient_overlap,,False,,incomplete_prices,legacy_symbol_unattributed
2013,2013-12-31,WM,0000823768,confirmed_by_multiple_evidence,253,253,2012-12-31,2013-12-31,253,2012-12-31,2013-12-31,252,consistent_overlap,3.2516764101409026e-06,False,yahoo,complete,legacy_symbol_unattributed
2013,2013-12-31,WMB,0000107263,corroborated_candidate,253,253,2012-12-31,2013-12-31,253,2012-12-31,2013-12-31,252,consistent_overlap,4.691278219135512e-06,False,yahoo,complete,legacy_symbol_unattributed
2013,2013-12-31,WMT,0000104169,corroborated_candidate,253,253,2012-12-31,2013-12-31,253,2012-12-31,2013-12-31,252,consistent_overlap,4.152803579396515e-05,False,yahoo,complete,legacy_symbol_unattributed
2013,2013-12-31,WPX,0001518832,confirmed_by_multiple_evidence,253,0,,,253,2012-12-31,2013-12-31,0,insufficient_overlap,,False,,archive_adjustment_unverified,legacy_symbol_unattributed
2013,2013-12-31,WU,0001365135,corroborated_candidate,253,253,2012-12-31,2013-12-31,253,2012-12-31,2013-12-31,252,consistent_overlap,9.759630916350572e-06,False,yahoo,complete,legacy_symbol_unattributed
2013,2013-12-31,WY,0000106535,confirmed_by_multiple_evidence,253,253,2012-12-31,2013-12-31,253,2012-12-31,2013-12-31,252,consistent_overlap,4.893894011821498e-06,False,yahoo,complete,legacy_symbol_unattributed
2013,2013-12-31,WYND,,,253,0,,,0,,,0,insufficient_overlap,,False,,identity_unresolved,legacy_symbol_unattributed
2013,2013-12-31,WYNN,0001174922,confirmed_by_multiple_evidence,253,253,2012-12-31,2013-12-31,253,2012-12-31,2013-12-31,252,consistent_overlap,3.498596770754148e-05,False,yahoo,complete,legacy_symbol_unattributed
2013,2013-12-31,X,0001163302,confirmed_by_multiple_evidence,253,0,,,253,2012-12-31,2013-12-31,0,insufficient_overlap,,False,,archive_adjustment_unverified,legacy_symbol_unattributed
2013,2013-12-31,XEL,0000072903,corroborated_candidate,253,253,2012-12-31,2013-12-31,253,2012-12-31,2013-12-31,252,consistent_overlap,4.702020272597808e-06,False,yahoo,complete,legacy_symbol_unattributed
2013,2013-12-31,XL,0000875159,corroborated_candidate,253,0,,,0,,,0,insufficient_overlap,,False,,incomplete_prices,legacy_symbol_unattributed
2013,2013-12-31,XLNX,0000743988,corroborated_candidate,253,0,,,253,2012-12-31,2013-12-31,0,insufficient_overlap,,False,,archive_adjustment_unverified,legacy_symbol_unattributed
2013,2013-12-31,XOM,,,253,253,2012-12-31,2013-12-31,253,2012-12-31,2013-12-31,252,consistent_overlap,1.571311366077577e-06,False,,identity_unresolved,legacy_symbol_unattributed
2013,2013-12-31,XRAY,0000818479,confirmed_by_multiple_evidence,253,253,2012-12-31,2013-12-31,253,2012-12-31,2013-12-31,252,consistent_overlap,0.00011525054407249158,False,yahoo,complete,legacy_symbol_unattributed
2013,2013-12-31,XRX,,,253,253,2012-12-31,2013-12-31,253,2012-12-31,2013-12-31,252,consistent_overlap,4.541312138649727e-05,False,,identity_unresolved,legacy_symbol_unattributed
2013,2013-12-31,XYL,0001524472,corroborated_candidate,253,253,2012-12-31,2013-12-31,253,2012-12-31,2013-12-31,252,consistent_overlap,3.6618191015291855e-06,False,yahoo,complete,legacy_symbol_unattributed
2013,2013-12-31,YUM,0001041061,corroborated_candidate,253,253,2012-12-31,2013-12-31,253,2012-12-31,2013-12-31,252,consistent_overlap,0.004689414498114771,False,yahoo,complete,legacy_symbol_unattributed
2013,2013-12-31,ZBH,,,253,253,2012-12-31,2013-12-31,253,2012-12-31,2013-12-31,252,consistent_overlap,2.1633606304494183e-06,False,,identity_unresolved,legacy_symbol_unattributed
2013,2013-12-31,ZION,0000109380,confirmed_by_multiple_evidence,253,253,2012-12-31,2013-12-31,253,2012-12-31,2013-12-31,252,consistent_overlap,0.00019759393340819669,False,yahoo,complete,legacy_symbol_unattributed
2013,2013-12-31,ZTS,0001555280,confirmed_by_multiple_evidence,253,231,2013-02-01,2013-12-31,231,2013-02-01,2013-12-31,230,consistent_overlap,3.0580224914911204e-06,False,,incomplete_prices,legacy_symbol_unattributed
2013,2013-12-31,SPY,,benchmark,253,253,2012-12-31,2013-12-31,0,,,0,not_applicable,,False,yahoo,complete,benchmark
2014,2014-12-31,A,0001090872,corroborated_candidate,253,253,2013-12-31,2014-12-31,253,2013-12-31,2014-12-31,252,consistent_overlap,3.443451337424853e-06,False,yahoo,complete,legacy_symbol_unattributed
2014,2014-12-31,AABA,,,253,0,,,253,2013-12-31,2014-12-31,0,insufficient_overlap,,False,,identity_unresolved,legacy_symbol_unattributed
2014,2014-12-31,AAPL,0000320193,confirmed_by_multiple_evidence,253,253,2013-12-31,2014-12-31,253,2013-12-31,2014-12-31,252,consistent_overlap,6.986372595864103e-06,False,yahoo,complete,legacy_symbol_unattributed
2014,2014-12-31,ABBV,0001551152,corroborated_candidate,253,253,2013-12-31,2014-12-31,253,2013-12-31,2014-12-31,252,consistent_overlap,2.5080546115063838e-06,False,yahoo,complete,legacy_symbol_unattributed
2014,2014-12-31,ABC,0001140859,corroborated_candidate,253,0,,,253,2013-12-31,2014-12-31,0,insufficient_overlap,,False,,archive_adjustment_unverified,legacy_symbol_unattributed
2014,2014-12-31,ABT,0000001800,corroborated_candidate,253,253,2013-12-31,2014-12-31,253,2013-12-31,2014-12-31,252,consistent_overlap,2.904296999478585e-06,False,yahoo,complete,legacy_symbol_unattributed
2014,2014-12-31,ACN,0001467373,confirmed_by_multiple_evidence,253,253,2013-12-31,2014-12-31,253,2013-12-31,2014-12-31,252,consistent_overlap,1.3716617614756291e-06,False,yahoo,complete,legacy_symbol_unattributed
2014,2014-12-31,ADBE,0000796343,corroborated_candidate,253,253,2013-12-31,2014-12-31,253,2013-12-31,2014-12-31,252,consistent_overlap,7.564879076506384e-05,False,yahoo,complete,legacy_symbol_unattributed
2014,2014-12-31,ADI,0000006281,corroborated_candidate,253,253,2013-12-31,2014-12-31,253,2013-12-31,2014-12-31,252,consistent_overlap,2.3288640037355543e-06,False,yahoo,complete,legacy_symbol_unattributed
2014,2014-12-31,ADM,0000007084,corroborated_candidate,253,253,2013-12-31,2014-12-31,253,2013-12-31,2014-12-31,252,consistent_overlap,2.998832997835877e-06,False,yahoo,complete,legacy_symbol_unattributed
2014,2014-12-31,ADP,0000008670,corroborated_candidate,253,253,2013-12-31,2014-12-31,253,2013-12-31,2014-12-31,252,consistent_overlap,1.9912702162405703e-06,False,yahoo,complete,legacy_symbol_unattributed
2014,2014-12-31,ADS,0001101215,corroborated_candidate,253,0,,,253,2013-12-31,2014-12-31,0,insufficient_overlap,,False,,archive_adjustment_unverified,legacy_symbol_unattributed
2014,2014-12-31,ADSK,0000769397,confirmed_by_multiple_evidence,253,253,2013-12-31,2014-12-31,253,2013-12-31,2014-12-31,252,consistent_overlap,8.193889126049126e-05,False,yahoo,complete,legacy_symbol_unattributed
2014,2014-12-31,ADT,0001546640,confirmed_by_multiple_evidence,253,0,,,0,,,0,insufficient_overlap,,False,,incomplete_prices,legacy_symbol_unattributed
2014,2014-12-31,AEE,0001002910,confirmed_by_multiple_evidence,253,253,2013-12-31,2014-12-31,253,2013-12-31,2014-12-31,252,consistent_overlap,2.9786990532765235e-06,False,yahoo,complete,legacy_symbol_unattributed
2014,2014-12-31,AEP,0000004904,corroborated_candidate,253,253,2013-12-31,2014-12-31,253,2013-12-31,2014-12-31,252,consistent_overlap,2.520069404990944e-06,False,yahoo,complete,legacy_symbol_unattributed
2014,2014-12-31,AES,0000874761,confirmed_by_multiple_evidence,253,253,2013-12-31,2014-12-31,253,2013-12-31,2014-12-31,252,consistent_overlap,8.999445391211225e-06,False,yahoo,complete,legacy_symbol_unattributed
2014,2014-12-31,AET,0001122304,corroborated_candidate,253,0,,,253,2013-12-31,2014-12-31,0,insufficient_overlap,,False,,archive_adjustment_unverified,legacy_symbol_unattributed
2014,2014-12-31,AFL,0000004977,confirmed_by_multiple_evidence,253,253,2013-12-31,2014-12-31,253,2013-12-31,2014-12-31,252,consistent_overlap,3.871133645687586e-06,False,yahoo,complete,legacy_symbol_unattributed
2014,2014-12-31,AGN,,,253,0,,,253,2013-12-31,2014-12-31,0,insufficient_overlap,,True,,ticker_recycled,legacy_symbol_unattributed
2014,2014-12-31,AIG,0000005272,corroborated_candidate,253,253,2013-12-31,2014-12-31,253,2013-12-31,2014-12-31,252,consistent_overlap,2.266255343489343e-06,False,yahoo,complete,legacy_symbol_unattributed
2014,2014-12-31,AIV,0000922864,corroborated_candidate,253,253,2013-12-31,2014-12-31,253,2013-12-31,2014-12-31,252,divergent_overlap,0.007498621179385413,False,yahoo,complete,legacy_symbol_unattributed
2014,2014-12-31,AIZ,0001267238,confirmed_by_multiple_evidence,253,253,2013-12-31,2014-12-31,253,2013-12-31,2014-12-31,252,consistent_overlap,1.8565218482935465e-06,False,yahoo,complete,legacy_symbol_unattributed
2014,2014-12-31,AKAM,0001086222,corroborated_candidate,253,253,2013-12-31,2014-12-31,253,2013-12-31,2014-12-31,252,consistent_overlap,8.49965799108432e-05,False,yahoo,complete,legacy_symbol_unattributed
2014,2014-12-31,ALL,0000899051,corroborated_candidate,253,253,2013-12-31,2014-12-31,253,2013-12-31,2014-12-31,252,consistent_overlap,2.003828372061368e-06,False,yahoo,complete,legacy_symbol_unattributed
2014,2014-12-31,ALLE,0001579241,corroborated_candidate,253,253,2013-12-31,2014-12-31,253,2013-12-31,2014-12-31,252,consistent_overlap,2.194261091320593e-06,False,yahoo,complete,legacy_symbol_unattributed
2014,2014-12-31,ALTR,0000768251,corroborated_candidate,253,0,,,0,,,0,insufficient_overlap,,False,,incomplete_prices,legacy_symbol_unattributed
2014,2014-12-31,ALXN,0000899866,corroborated_candidate,253,0,,,253,2013-12-31,2014-12-31,0,insufficient_overlap,,False,,archive_adjustment_unverified,legacy_symbol_unattributed
2014,2014-12-31,AMAT,0000006951,corroborated_candidate,253,253,2013-12-31,2014-12-31,253,2013-12-31,2014-12-31,252,consistent_overlap,0.0002519975954238085,False,yahoo,complete,legacy_symbol_unattributed
2014,2014-12-31,AME,0001037868,confirmed_by_multiple_evidence,253,253,2013-12-31,2014-12-31,253,2013-12-31,2014-12-31,252,consistent_overlap,1.8734135692088929e-06,False,yahoo,complete,legacy_symbol_unattributed
2014,2014-12-31,AMG,0001004434,corroborated_candidate,253,253,2013-12-31,2014-12-31,253,2013-12-31,2014-12-31,252,consistent_overlap,7.363591703168926e-07,False,yahoo,complete,legacy_symbol_unattributed
2014,2014-12-31,AMGN,0000318154,corroborated_candidate,253,253,2013-12-31,2014-12-31,253,2013-12-31,2014-12-31,252,consistent_overlap,1.0784583908118872e-06,False,yahoo,complete,legacy_symbol_unattributed
2014,2014-12-31,AMP,0000820027,corroborated_candidate,253,253,2013-12-31,2014-12-31,253,2013-12-31,2014-12-31,252,consistent_overlap,1.0817072588831255e-06,False,yahoo,complete,legacy_symbol_unattributed
2014,2014-12-31,AMT,0001053507,corroborated_candidate,253,253,2013-12-31,2014-12-31,253,2013-12-31,2014-12-31,252,consistent_overlap,1.3183951129303041e-06,False,yahoo,complete,legacy_symbol_unattributed
2014,2014-12-31,AMZN,0001018724,confirmed_by_multiple_evidence,253,253,2013-12-31,2014-12-31,253,2013-12-31,2014-12-31,252,consistent_overlap,1.2993193794256232e-05,False,yahoo,complete,legacy_symbol_unattributed
2014,2014-12-31,AN,0000350698,confirmed_by_multiple_evidence,253,253,2013-12-31,2014-12-31,253,2013-12-31,2014-12-31,252,consistent_overlap,6.538965925839694e-08,False,yahoo,complete,legacy_symbol_unattributed
2014,2014-12-31,ANDV,0000050104,corroborated_candidate,253,0,,,253,2013-12-31,2014-12-31,0,insufficient_overlap,,False,,archive_adjustment_unverified,legacy_symbol_unattributed
2014,2014-12-31,ANTM,0001156039,corroborated_candidate,253,0,,,253,2013-12-31,2014-12-31,0,insufficient_overlap,,False,,archive_adjustment_unverified,legacy_symbol_unattributed
2014,2014-12-31,AON,0000315293,corroborated_candidate,253,253,2013-12-31,2014-12-31,253,2013-12-31,2014-12-31,252,consistent_overlap,1.373897957885895e-06,False,yahoo,complete,legacy_symbol_unattributed
2014,2014-12-31,APA,,,253,253,2013-12-31,2014-12-31,253,2013-12-31,2014-12-31,252,consistent_overlap,1.5390692108452342e-06,False,,identity_unresolved,legacy_symbol_unattributed
2014,2014-12-31,APC,0000773910,confirmed_by_multiple_evidence,253,0,,,253,2013-12-31,2014-12-31,0,insufficient_overlap,,False,,archive_adjustment_unverified,legacy_symbol_unattributed
2014,2014-12-31,APD,0000002969,corroborated_candidate,253,253,2013-12-31,2014-12-31,253,2013-12-31,2014-12-31,252,divergent_overlap,0.005407821611839961,False,yahoo,complete,legacy_symbol_unattributed
2014,2014-12-31,APH,0000820313,corroborated_candidate,253,253,2013-12-31,2014-12-31,253,2013-12-31,2014-12-31,252,consistent_overlap,1.2603179853803992e-05,False,yahoo,complete,legacy_symbol_unattributed
2014,2014-12-31,APTV,0001521332,corroborated_candidate,253,253,2013-12-31,2014-12-31,253,2013-12-31,2014-12-31,252,consistent_overlap,1.8506511170990352e-06,False,yahoo,complete,legacy_symbol_unattributed
2014,2014-12-31,ARG,0000804212,confirmed_by_multiple_evidence,253,0,,,253,2013-12-31,2014-12-31,0,insufficient_overlap,,False,,archive_adjustment_unverified,legacy_symbol_unattributed
2014,2014-12-31,ARNC,,,253,0,,,0,,,0,insufficient_overlap,,False,,identity_unresolved,legacy_symbol_unattributed
2014,2014-12-31,ATI,0001018963,corroborated_candidate,253,253,2013-12-31,2014-12-31,253,2013-12-31,2014-12-31,252,consistent_overlap,2.7091476988705407e-06,False,yahoo,complete,legacy_symbol_unattributed
2014,2014-12-31,AVB,0000915912,corroborated_candidate,253,0,,,253,2013-12-31,2014-12-31,0,insufficient_overlap,,False,,archive_adjustment_unverified,legacy_symbol_unattributed
2014,2014-12-31,AVGO,,,253,253,2013-12-31,2014-12-31,253,2013-12-31,2014-12-31,252,consistent_overlap,6.302228790445064e-05,False,,identity_unresolved,legacy_symbol_unattributed
2014,2014-12-31,AVP,0000008868,corroborated_candidate,253,0,,,253,2013-12-31,2014-12-31,0,insufficient_overlap,,False,,archive_adjustment_unverified,legacy_symbol_unattributed
2014,2014-12-31,AVY,0000008818,corroborated_candidate,253,253,2013-12-31,2014-12-31,253,2013-12-31,2014-12-31,252,consistent_overlap,2.5395716683451764e-06,False,yahoo,complete,legacy_symbol_unattributed
2014,2014-12-31,AXP,0000004962,confirmed_by_multiple_evidence,253,253,2013-12-31,2014-12-31,253,2013-12-31,2014-12-31,252,consistent_overlap,1.494190802413531e-06,False,yahoo,complete,legacy_symbol_unattributed
2014,2014-12-31,AZO,0000866787,confirmed_by_multiple_evidence,253,253,2013-12-31,2014-12-31,253,2013-12-31,2014-12-31,252,consistent_overlap,1.0024944850695051e-07,False,yahoo,complete,legacy_symbol_unattributed
2014,2014-12-31,BA,0000012927,corroborated_candidate,253,253,2013-12-31,2014-12-31,253,2013-12-31,2014-12-31,252,consistent_overlap,9.899956315995163e-07,False,yahoo,complete,legacy_symbol_unattributed
2014,2014-12-31,BAC,0000070858,corroborated_candidate,253,253,2013-12-31,2014-12-31,253,2013-12-31,2014-12-31,252,consistent_overlap,7.1195412051017215e-06,False,yahoo,complete,legacy_symbol_unattributed
2014,2014-12-31,BAX,0000010456,confirmed_by_multiple_evidence,253,253,2013-12-31,2014-12-31,253,2013-12-31,2014-12-31,252,divergent_overlap,0.006998705426720716,False,yahoo,complete,legacy_symbol_unattributed
2014,2014-12-31,BBBY,0000886158,corroborated_candidate,253,0,,,253,2013-12-31,2014-12-31,0,insufficient_overlap,,False,,archive_adjustment_unverified,legacy_symbol_unattributed
2014,2014-12-31,BBT,0000092230,corroborated_candidate,253,253,2013-12-31,2014-12-31,253,2013-12-31,2014-12-31,252,divergent_overlap,0.034719022166643985,False,yahoo,complete,legacy_symbol_unattributed
2014,2014-12-31,BBY,0000764478,corroborated_candidate,253,253,2013-12-31,2014-12-31,253,2013-12-31,2014-12-31,252,consistent_overlap,4.281609382776885e-06,False,yahoo,complete,legacy_symbol_unattributed
2014,2014-12-31,BCR,0000009892,confirmed_by_multiple_evidence,253,0,,,253,2013-12-31,2014-12-31,0,insufficient_overlap,,False,,archive_adjustment_unverified,legacy_symbol_unattributed
2014,2014-12-31,BDX,0000010795,corroborated_candidate,253,253,2013-12-31,2014-12-31,253,2013-12-31,2014-12-31,252,consistent_overlap,2.758784993929233e-06,False,yahoo,complete,legacy_symbol_unattributed
2014,2014-12-31,BEN,0000038777,corroborated_candidate,253,253,2013-12-31,2014-12-31,253,2013-12-31,2014-12-31,252,consistent_overlap,2.603916497976312e-06,False,yahoo,complete,legacy_symbol_unattributed
2014,2014-12-31,BF-B,0000014693,corroborated_candidate,253,253,2013-12-31,2014-12-31,0,,,0,insufficient_overlap,,False,yahoo,complete,legacy_symbol_unattributed
2014,2014-12-31,BHGE,,,253,0,,,0,,,0,insufficient_overlap,,False,,identity_unresolved,legacy_symbol_unattributed
2014,2014-12-31,BIIB,0000875045,corroborated_candidate,253,253,2013-12-31,2014-12-31,253,2013-12-31,2014-12-31,252,consistent_overlap,8.293294431083176e-08,False,yahoo,complete,legacy_symbol_unattributed
2014,2014-12-31,BK,0001390777,confirmed_by_multiple_evidence,253,253,2013-12-31,2014-12-31,253,2013-12-31,2014-12-31,252,consistent_overlap,3.0694827277333303e-06,False,yahoo,complete,legacy_symbol_unattributed
2014,2014-12-31,BKNG,0001075531,corroborated_candidate,253,253,2013-12-31,2014-12-31,253,2013-12-31,2014-12-31,252,consistent_overlap,4.123238594083703e-06,False,yahoo,complete,legacy_symbol_unattributed
2014,2014-12-31,BLK,,,253,253,2013-12-31,2014-12-31,253,2013-12-31,2014-12-31,252,consistent_overlap,7.711335314630758e-07,False,,identity_unresolved,legacy_symbol_unattributed
2014,2014-12-31,BLL,0000009389,corroborated_candidate,253,0,,,253,2013-12-31,2014-12-31,0,insufficient_overlap,,False,,archive_adjustment_unverified,legacy_symbol_unattributed
2014,2014-12-31,BMY,0000014272,corroborated_candidate,253,253,2013-12-31,2014-12-31,253,2013-12-31,2014-12-31,252,consistent_overlap,2.4180666245743335e-06,False,yahoo,complete,legacy_symbol_unattributed
2014,2014-12-31,BRCM,0001054374,corroborated_candidate,253,0,,,253,2013-12-31,2014-12-31,0,insufficient_overlap,,False,,archive_adjustment_unverified,legacy_symbol_unattributed
2014,2014-12-31,BRK-B,,,253,253,2013-12-31,2014-12-31,0,,,0,insufficient_overlap,,False,,identity_unresolved,legacy_symbol_unattributed
2014,2014-12-31,BSX,0000885725,corroborated_candidate,253,253,2013-12-31,2014-12-31,253,2013-12-31,2014-12-31,252,consistent_overlap,6.59003043579354e-08,False,yahoo,complete,legacy_symbol_unattributed
2014,2014-12-31,BWA,0000908255,corroborated_candidate,253,253,2013-12-31,2014-12-31,253,2013-12-31,2014-12-31,252,consistent_overlap,2.2559459111892725e-06,False,yahoo,complete,legacy_symbol_unattributed
2014,2014-12-31,BXP,0001037540,corroborated_candidate,253,253,2013-12-31,2014-12-31,253,2013-12-31,2014-12-31,252,consistent_overlap,1.3819454785235499e-06,False,yahoo,complete,legacy_symbol_unattributed
2014,2014-12-31,C,0000831001,corroborated_candidate,253,253,2013-12-31,2014-12-31,253,2013-12-31,2014-12-31,252,consistent_overlap,2.3778113210548575e-06,False,yahoo,complete,legacy_symbol_unattributed
2014,2014-12-31,CA,0000356028,corroborated_candidate,253,0,,,0,,,0,insufficient_overlap,,False,,incomplete_prices,legacy_symbol_unattributed
2014,2014-12-31,CAG,0000023217,corroborated_candidate,253,253,2013-12-31,2014-12-31,253,2013-12-31,2014-12-31,252,consistent_overlap,5.480348963350368e-06,False,yahoo,complete,legacy_symbol_unattributed
2014,2014-12-31,CAH,0000721371,confirmed_by_multiple_evidence,253,253,2013-12-31,2014-12-31,253,2013-12-31,2014-12-31,252,consistent_overlap,6.833049139240988e-06,False,yahoo,complete,legacy_symbol_unattributed
2014,2014-12-31,CAM,0000941548,corroborated_candidate,253,0,,,253,2013-12-31,2014-12-31,0,insufficient_overlap,,False,,archive_adjustment_unverified,legacy_symbol_unattributed
2014,2014-12-31,CAT,0000018230,corroborated_candidate,253,253,2013-12-31,2014-12-31,253,2013-12-31,2014-12-31,252,consistent_overlap,1.399904476024894e-06,False,yahoo,complete,legacy_symbol_unattributed
2014,2014-12-31,CB,,,253,253,2013-12-31,2014-12-31,253,2013-12-31,2014-12-31,252,consistent_overlap,1.1681846070343843e-06,False,,identity_unresolved,legacy_symbol_unattributed
2014,2014-12-31,CBRE,,,253,253,2013-12-31,2014-12-31,253,2013-12-31,2014-12-31,252,consistent_overlap,9.709525287338041e-08,False,,identity_unresolved,legacy_symbol_unattributed
2014,2014-12-31,CBS,0000813828,corroborated_candidate,253,0,,,253,2013-12-31,2014-12-31,0,insufficient_overlap,,False,,archive_adjustment_unverified,legacy_symbol_unattributed
2014,2014-12-31,CCE,0001491675,corroborated_candidate,253,0,,,253,2013-12-31,2014-12-31,0,insufficient_overlap,,False,,archive_adjustment_unverified,legacy_symbol_unattributed
2014,2014-12-31,CCI,0001051470,corroborated_candidate,253,253,2013-12-31,2014-12-31,253,2013-12-31,2014-12-31,252,consistent_overlap,1.9174442500036196e-06,False,yahoo,complete,legacy_symbol_unattributed
2014,2014-12-31,CCL,0000815097,corroborated_candidate,253,253,2013-12-31,2014-12-31,253,2013-12-31,2014-12-31,252,consistent_overlap,3.0793893366398707e-06,False,yahoo,complete,legacy_symbol_unattributed
2014,2014-12-31,CELG,0000816284,corroborated_candidate,253,0,,,253,2013-12-31,2014-12-31,0,insufficient_overlap,,False,,archive_adjustment_unverified,legacy_symbol_unattributed
2014,2014-12-31,CERN,0000804753,corroborated_candidate,253,0,,,253,2013-12-31,2014-12-31,0,insufficient_overlap,,False,,archive_adjustment_unverified,legacy_symbol_unattributed
2014,2014-12-31,CF,0001324404,corroborated_candidate,253,253,2013-12-31,2014-12-31,253,2013-12-31,2014-12-31,252,consistent_overlap,2.6224637284189e-06,False,yahoo,complete,legacy_symbol_unattributed
2014,2014-12-31,CFN,0001457543,confirmed_by_multiple_evidence,253,0,,,253,2013-12-31,2014-12-31,0,insufficient_overlap,,False,,archive_adjustment_unverified,legacy_symbol_unattributed
2014,2014-12-31,CHK,0000895126,confirmed_by_multiple_evidence,253,0,,,0,,,0,insufficient_overlap,,False,,incomplete_prices,legacy_symbol_unattributed
2014,2014-12-31,CHRW,0001043277,confirmed_by_multiple_evidence,253,253,2013-12-31,2014-12-31,253,2013-12-31,2014-12-31,252,consistent_overlap,8.634428162281993e-05,False,yahoo,complete,legacy_symbol_unattributed
2014,2014-12-31,CI,,,253,253,2013-12-31,2014-12-31,253,2013-12-31,2014-12-31,252,consistent_overlap,1.3183392021776102e-06,False,,identity_unresolved,legacy_symbol_unattributed
2014,2014-12-31,CINF,0000020286,confirmed_by_multiple_evidence,253,253,2013-12-31,2014-12-31,253,2013-12-31,2014-12-31,252,consistent_overlap,0.00010624511268200633,False,yahoo,complete,legacy_symbol_unattributed
2014,2014-12-31,CL,0000021665,corroborated_candidate,253,253,2013-12-31,2014-12-31,253,2013-12-31,2014-12-31,252,consistent_overlap,1.697208819859686e-06,False,yahoo,complete,legacy_symbol_unattributed
2014,2014-12-31,CLX,0000021076,corroborated_candidate,253,253,2013-12-31,2014-12-31,253,2013-12-31,2014-12-31,252,consistent_overlap,1.6412239553087467e-06,False,yahoo,complete,legacy_symbol_unattributed
2014,2014-12-31,CMA,0000028412,corroborated_candidate,253,0,,,253,2013-12-31,2014-12-31,0,insufficient_overlap,,False,,archive_adjustment_unverified,legacy_symbol_unattributed
2014,2014-12-31,CMCSA,0001166691,confirmed_by_multiple_evidence,253,253,2013-12-31,2014-12-31,253,2013-12-31,2014-12-31,252,consistent_overlap,9.690935820164894e-05,False,yahoo,complete,legacy_symbol_unattributed
2014,2014-12-31,CME,0001156375,corroborated_candidate,253,253,2013-12-31,2014-12-31,253,2013-12-31,2014-12-31,252,consistent_overlap,6.930890257055957e-05,False,yahoo,complete,legacy_symbol_unattributed
2014,2014-12-31,CMG,0001058090,corroborated_candidate,253,253,2013-12-31,2014-12-31,253,2013-12-31,2014-12-31,252,consistent_overlap,8.092301195028465e-08,False,yahoo,complete,legacy_symbol_unattributed
2014,2014-12-31,CMI,0000026172,corroborated_candidate,253,253,2013-12-31,2014-12-31,253,2013-12-31,2014-12-31,252,consistent_overlap,1.1245015966188106e-06,False,yahoo,complete,legacy_symbol_unattributed
2014,2014-12-31,CMS,0000811156,confirmed_by_multiple_evidence,253,253,2013-12-31,2014-12-31,253,2013-12-31,2014-12-31,252,consistent_overlap,3.8688209013892926e-06,False,yahoo,complete,legacy_symbol_unattributed
2014,2014-12-31,CNP,0001130310,corroborated_candidate,253,253,2013-12-31,2014-12-31,253,2013-12-31,2014-12-31,252,consistent_overlap,5.485682121106895e-06,False,yahoo,complete,legacy_symbol_unattributed
2014,2014-12-31,CNX,0001070412,corroborated_candidate,253,253,2013-12-31,2014-12-31,253,2013-12-31,2014-12-31,252,consistent_overlap,3.047413800731925e-06,False,yahoo,complete,legacy_symbol_unattributed
2014,2014-12-31,COF,0000927628,confirmed_by_multiple_evidence,253,253,2013-12-31,2014-12-31,253,2013-12-31,2014-12-31,252,consistent_overlap,1.7054151763029606e-06,False,yahoo,complete,legacy_symbol_unattributed
2014,2014-12-31,COG,0000858470,corroborated_candidate,253,0,,,253,2013-12-31,2014-12-31,0,insufficient_overlap,,False,,archive_adjustment_unverified,legacy_symbol_unattributed
2014,2014-12-31,COL,0001137411,corroborated_candidate,253,0,,,253,2013-12-31,2014-12-31,0,insufficient_overlap,,False,,archive_adjustment_unverified,legacy_symbol_unattributed
2014,2014-12-31,COP,0001163165,corroborated_candidate,253,253,2013-12-31,2014-12-31,253,2013-12-31,2014-12-31,252,consistent_overlap,1.9231558904120323e-06,False,yahoo,complete,legacy_symbol_unattributed
2014,2014-12-31,COST,0000909832,confirmed_by_multiple_evidence,253,253,2013-12-31,2014-12-31,253,2013-12-31,2014-12-31,252,consistent_overlap,1.080142968405973e-06,False,yahoo,complete,legacy_symbol_unattributed
2014,2014-12-31,COV,0001385187,confirmed_by_multiple_evidence,253,0,,,0,,,0,insufficient_overlap,,False,,incomplete_prices,legacy_symbol_unattributed
2014,2014-12-31,CPB,0000016732,corroborated_candidate,253,253,2013-12-31,2014-12-31,253,2013-12-31,2014-12-31,252,consistent_overlap,2.89836832979007e-06,False,yahoo,complete,legacy_symbol_unattributed
2014,2014-12-31,CRM,0001108524,confirmed_by_multiple_evidence,253,253,2013-12-31,2014-12-31,253,2013-12-31,2014-12-31,252,consistent_overlap,1.515135473544316e-06,False,yahoo,complete,legacy_symbol_unattributed
2014,2014-12-31,CSCO,0000858877,confirmed_by_multiple_evidence,253,253,2013-12-31,2014-12-31,253,2013-12-31,2014-12-31,252,consistent_overlap,0.00021692911716644447,False,yahoo,complete,legacy_symbol_unattributed
2014,2014-12-31,CSX,0000277948,corroborated_candidate,253,253,2013-12-31,2014-12-31,253,2013-12-31,2014-12-31,252,consistent_overlap,1.4896493955033342e-05,False,yahoo,complete,legacy_symbol_unattributed
2014,2014-12-31,CTAS,0000723254,corroborated_candidate,253,253,2013-12-31,2014-12-31,253,2013-12-31,2014-12-31,252,consistent_overlap,6.413181862912065e-06,False,yahoo,complete,legacy_symbol_unattributed
2014,2014-12-31,CTL,0000018926,corroborated_candidate,253,0,,,253,2013-12-31,2014-12-31,0,insufficient_overlap,,False,,archive_adjustment_unverified,legacy_symbol_unattributed
2014,2014-12-31,CTSH,0001058290,confirmed_by_multiple_evidence,253,253,2013-12-31,2014-12-31,253,2013-12-31,2014-12-31,252,consistent_overlap,0.00011077386667003978,False,yahoo,complete,legacy_symbol_unattributed
2014,2014-12-31,CTXS,0000877890,confirmed_by_multiple_evidence,253,0,,,253,2013-12-31,2014-12-31,0,insufficient_overlap,,False,,archive_adjustment_unverified,legacy_symbol_unattributed
2014,2014-12-31,CVC,0001053112,corroborated_candidate,253,0,,,253,2013-12-31,2014-12-31,0,insufficient_overlap,,False,,archive_adjustment_unverified,legacy_symbol_unattributed
2014,2014-12-31,CVS,0000064803,corroborated_candidate,253,253,2013-12-31,2014-12-31,253,2013-12-31,2014-12-31,252,consistent_overlap,1.5939659163244362e-06,False,yahoo,complete,legacy_symbol_unattributed
2014,2014-12-31,CVX,0000093410,corroborated_candidate,253,253,2013-12-31,2014-12-31,253,2013-12-31,2014-12-31,252,consistent_overlap,1.3686749150276803e-06,False,yahoo,complete,legacy_symbol_unattributed
2014,2014-12-31,D,,,253,253,2013-12-31,2014-12-31,253,2013-12-31,2014-12-31,252,consistent_overlap,2.2508106579555156e-06,False,,identity_unresolved,legacy_symbol_unattributed
2014,2014-12-31,DAL,0000027904,corroborated_candidate,253,253,2013-12-31,2014-12-31,253,2013-12-31,2014-12-31,252,consistent_overlap,3.1022244371214935e-06,False,yahoo,complete,legacy_symbol_unattributed
2014,2014-12-31,DD,0000030554,corroborated_candidate,253,253,2013-12-31,2014-12-31,253,2013-12-31,2014-12-31,252,divergent_overlap,0.009161818240362768,False,yahoo,complete,legacy_symbol_unattributed
2014,2014-12-31,DE,0000315189,corroborated_candidate,253,253,2013-12-31,2014-12-31,253,2013-12-31,2014-12-31,252,consistent_overlap,1.5425491840637131e-06,False,yahoo,complete,legacy_symbol_unattributed
2014,2014-12-31,DFS,0001393612,corroborated_candidate,253,0,,,253,2013-12-31,2014-12-31,0,insufficient_overlap,,False,,archive_adjustment_unverified,legacy_symbol_unattributed
2014,2014-12-31,DG,0000029534,corroborated_candidate,253,253,2013-12-31,2014-12-31,253,2013-12-31,2014-12-31,252,consistent_overlap,1.7043517402948185e-06,False,yahoo,complete,legacy_symbol_unattributed
2014,2014-12-31,DGX,0001022079,corroborated_candidate,253,253,2013-12-31,2014-12-31,253,2013-12-31,2014-12-31,252,consistent_overlap,1.8621095520421353e-06,False,yahoo,complete,legacy_symbol_unattributed
2014,2014-12-31,DHI,0000882184,corroborated_candidate,253,253,2013-12-31,2014-12-31,253,2013-12-31,2014-12-31,252,consistent_overlap,4.7745764453377425e-06,False,yahoo,complete,legacy_symbol_unattributed
2014,2014-12-31,DHR,0000313616,confirmed_by_multiple_evidence,253,253,2013-12-31,2014-12-31,253,2013-12-31,2014-12-31,252,consistent_overlap,3.6470214499706457e-06,False,yahoo,complete,legacy_symbol_unattributed
2014,2014-12-31,DIS,,,253,253,2013-12-31,2014-12-31,253,2013-12-31,2014-12-31,252,consistent_overlap,1.2751279282885443e-06,False,,identity_unresolved,legacy_symbol_unattributed
2014,2014-12-31,DISCA,0001437107,corroborated_candidate,253,0,,,253,2013-12-31,2014-12-31,0,insufficient_overlap,,False,,archive_adjustment_unverified,legacy_symbol_unattributed
2014,2014-12-31,DISCK,0001437107,corroborated_candidate,253,0,,,253,2013-12-31,2014-12-31,0,insufficient_overlap,,False,,archive_adjustment_unverified,legacy_symbol_unattributed
2014,2014-12-31,DLTR,0000935703,corroborated_candidate,253,253,2013-12-31,2014-12-31,253,2013-12-31,2014-12-31,252,consistent_overlap,0.00018263994409369768,False,yahoo,complete,legacy_symbol_unattributed
2014,2014-12-31,DNB,0001115222,confirmed_by_multiple_evidence,253,0,,,0,,,0,insufficient_overlap,,False,,incomplete_prices,legacy_symbol_unattributed
2014,2014-12-31,DNR,0000945764,corroborated_candidate,253,0,,,253,2013-12-31,2014-12-31,0,insufficient_overlap,,False,,archive_adjustment_unverified,legacy_symbol_unattributed
2014,2014-12-31,DO,0000949039,confirmed_by_multiple_evidence,253,0,,,0,,,0,insufficient_overlap,,False,,incomplete_prices,legacy_symbol_unattributed
2014,2014-12-31,DOV,0000029905,corroborated_candidate,253,253,2013-12-31,2014-12-31,253,2013-12-31,2014-12-31,252,consistent_overlap,0.004373222290071969,False,yahoo,complete,legacy_symbol_unattributed
2014,2014-12-31,DOW,0000029915,corroborated_candidate,253,0,,,0,,,0,insufficient_overlap,,False,,incomplete_prices,legacy_symbol_unattributed
2014,2014-12-31,DRI,0000940944,corroborated_candidate,253,253,2013-12-31,2014-12-31,253,2013-12-31,2014-12-31,252,consistent_overlap,1.5972108410577972e-05,False,yahoo,complete,legacy_symbol_unattributed
2014,2014-12-31,DTE,0000936340,corroborated_candidate,253,253,2013-12-31,2014-12-31,253,2013-12-31,2014-12-31,252,consistent_overlap,2.6839979351256373e-06,False,yahoo,complete,legacy_symbol_unattributed
2014,2014-12-31,DTV,0001465112,corroborated_candidate,253,0,,,0,,,0,insufficient_overlap,,False,,incomplete_prices,legacy_symbol_unattributed
2014,2014-12-31,DUK,0001326160,corroborated_candidate,253,253,2013-12-31,2014-12-31,253,2013-12-31,2014-12-31,252,consistent_overlap,2.2429280643199166e-06,False,yahoo,complete,legacy_symbol_unattributed
2014,2014-12-31,DVA,0000927066,confirmed_by_multiple_evidence,253,253,2013-12-31,2014-12-31,253,2013-12-31,2014-12-31,252,consistent_overlap,9.172581851957244e-08,False,yahoo,complete,legacy_symbol_unattributed
2014,2014-12-31,DVN,0001090012,corroborated_candidate,253,253,2013-12-31,2014-12-31,253,2013-12-31,2014-12-31,252,consistent_overlap,1.8795765579016087e-06,False,yahoo,complete,legacy_symbol_unattributed
2014,2014-12-31,DXC,,,253,253,2013-12-31,2014-12-31,253,2013-12-31,2014-12-31,252,consistent_overlap,0.0033239533465162594,False,,identity_unresolved,legacy_symbol_unattributed
2014,2014-12-31,EA,,,253,0,,,253,2013-12-31,2014-12-31,0,insufficient_overlap,,False,,identity_unresolved,legacy_symbol_unattributed
2014,2014-12-31,EBAY,0001065088,confirmed_by_multiple_evidence,253,253,2013-12-31,2014-12-31,253,2013-12-31,2014-12-31,252,consistent_overlap,9.878529496144762e-05,False,yahoo,complete,legacy_symbol_unattributed
2014,2014-12-31,ECL,0000031462,corroborated_candidate,253,253,2013-12-31,2014-12-31,253,2013-12-31,2014-12-31,252,consistent_overlap,1.241320471683239e-06,False,yahoo,complete,legacy_symbol_unattributed
2014,2014-12-31,ED,0001047862,confirmed_by_multiple_evidence,253,253,2013-12-31,2014-12-31,253,2013-12-31,2014-12-31,252,consistent_overlap,2.6520342823432853e-06,False,yahoo,complete,legacy_symbol_unattributed
2014,2014-12-31,EFX,0000033185,confirmed_by_multiple_evidence,253,253,2013-12-31,2014-12-31,253,2013-12-31,2014-12-31,252,consistent_overlap,1.6326722113424465e-06,False,yahoo,complete,legacy_symbol_unattributed
2014,2014-12-31,EIX,0000827052,corroborated_candidate,253,253,2013-12-31,2014-12-31,253,2013-12-31,2014-12-31,252,consistent_overlap,2.608583440719682e-06,False,yahoo,complete,legacy_symbol_unattributed
2014,2014-12-31,EL,0001001250,corroborated_candidate,253,253,2013-12-31,2014-12-31,253,2013-12-31,2014-12-31,252,consistent_overlap,1.5210259416331695e-06,False,yahoo,complete,legacy_symbol_unattributed
2014,2014-12-31,EMC,0000790070,confirmed_by_multiple_evidence,253,0,,,0,,,0,insufficient_overlap,,False,,incomplete_prices,legacy_symbol_unattributed
2014,2014-12-31,EMN,0000915389,corroborated_candidate,253,253,2013-12-31,2014-12-31,253,2013-12-31,2014-12-31,252,consistent_overlap,1.5940394048197251e-06,False,yahoo,complete,legacy_symbol_unattributed
2014,2014-12-31,EMR,0000032604,corroborated_candidate,253,253,2013-12-31,2014-12-31,253,2013-12-31,2014-12-31,252,consistent_overlap,1.9439872311166626e-06,False,yahoo,complete,legacy_symbol_unattributed
2014,2014-12-31,EOG,0000821189,corroborated_candidate,253,253,2013-12-31,2014-12-31,253,2013-12-31,2014-12-31,252,consistent_overlap,1.5703235949082741e-06,False,yahoo,complete,legacy_symbol_unattributed
2014,2014-12-31,EQR,0000906107,corroborated_candidate,253,253,2013-12-31,2014-12-31,253,2013-12-31,2014-12-31,252,consistent_overlap,2.4240440019884797e-06,False,yahoo,complete,legacy_symbol_unattributed
2014,2014-12-31,EQT,0000033213,corroborated_candidate,253,253,2013-12-31,2014-12-31,253,2013-12-31,2014-12-31,252,consistent_overlap,0.00029551352778131384,False,yahoo,complete,legacy_symbol_unattributed
2014,2014-12-31,ES,0000072741,corroborated_candidate,253,253,2013-12-31,2014-12-31,253,2013-12-31,2014-12-31,252,consistent_overlap,1.0666972563846417e-05,False,yahoo,complete,legacy_symbol_unattributed
2014,2014-12-31,ESRX,0001532063,confirmed_by_multiple_evidence,253,0,,,253,2013-12-31,2014-12-31,0,insufficient_overlap,,False,,archive_adjustment_unverified,legacy_symbol_unattributed
2014,2014-12-31,ESS,0000920522,corroborated_candidate,253,253,2013-12-31,2014-12-31,253,2013-12-31,2014-12-31,252,consistent_overlap,1.010989816419006e-06,False,yahoo,complete,legacy_symbol_unattributed
2014,2014-12-31,ESV,0000314808,corroborated_candidate,253,0,,,253,2013-12-31,2014-12-31,0,insufficient_overlap,,False,,archive_adjustment_unverified,legacy_symbol_unattributed
2014,2014-12-31,ETFC,0001015780,corroborated_candidate,253,0,,,253,2013-12-31,2014-12-31,0,insufficient_overlap,,False,,archive_adjustment_unverified,legacy_symbol_unattributed
2014,2014-12-31,ETN,0001551182,confirmed_by_multiple_evidence,253,253,2013-12-31,2014-12-31,253,2013-12-31,2014-12-31,252,consistent_overlap,1.8602010523427476e-06,False,yahoo,complete,legacy_symbol_unattributed
2014,2014-12-31,ETR,0000065984,corroborated_candidate,253,253,2013-12-31,2014-12-31,253,2013-12-31,2014-12-31,252,consistent_overlap,3.861530067068576e-06,False,yahoo,complete,legacy_symbol_unattributed
2014,2014-12-31,EW,0001099800,corroborated_candidate,253,253,2013-12-31,2014-12-31,253,2013-12-31,2014-12-31,252,consistent_overlap,5.928594646039676e-06,False,yahoo,complete,legacy_symbol_unattributed
2014,2014-12-31,EXC,0001109357,confirmed_by_multiple_evidence,253,253,2013-12-31,2014-12-31,253,2013-12-31,2014-12-31,252,consistent_overlap,7.854108560044761e-06,False,yahoo,complete,legacy_symbol_unattributed
2014,2014-12-31,EXPD,0000746515,confirmed_by_multiple_evidence,253,253,2013-12-31,2014-12-31,253,2013-12-31,2014-12-31,252,consistent_overlap,2.5853320926927383e-06,False,yahoo,complete,legacy_symbol_unattributed
2014,2014-12-31,EXPE,0001324424,confirmed_by_multiple_evidence,253,253,2013-12-31,2014-12-31,253,2013-12-31,2014-12-31,252,consistent_overlap,6.767762059918137e-05,False,yahoo,complete,legacy_symbol_unattributed
2014,2014-12-31,F,0000037996,confirmed_by_multiple_evidence,253,253,2013-12-31,2014-12-31,253,2013-12-31,2014-12-31,252,consistent_overlap,1.0544317543368381e-05,False,yahoo,complete,legacy_symbol_unattributed
2014,2014-12-31,FAST,0000815556,confirmed_by_multiple_evidence,253,253,2013-12-31,2014-12-31,253,2013-12-31,2014-12-31,252,consistent_overlap,0.00011460555828814334,False,yahoo,complete,legacy_symbol_unattributed
2014,2014-12-31,FB,0001326801,confirmed_by_multiple_evidence,253,0,,,253,2013-12-31,2014-12-31,0,insufficient_overlap,,False,,archive_adjustment_unverified,legacy_symbol_unattributed
2014,2014-12-31,FCX,0000831259,corroborated_candidate,253,253,2013-12-31,2014-12-31,253,2013-12-31,2014-12-31,252,consistent_overlap,4.042459195452432e-06,False,yahoo,complete,legacy_symbol_unattributed
2014,2014-12-31,FDO,0000034408,confirmed_by_multiple_evidence,253,0,,,253,2013-12-31,2014-12-31,0,insufficient_overlap,,False,,archive_adjustment_unverified,legacy_symbol_unattributed
2014,2014-12-31,FDX,0001048911,corroborated_candidate,253,253,2013-12-31,2014-12-31,253,2013-12-31,2014-12-31,252,consistent_overlap,1.1573992597691e-06,False,yahoo,complete,legacy_symbol_unattributed
2014,2014-12-31,FE,0001031296,corroborated_candidate,253,253,2013-12-31,2014-12-31,253,2013-12-31,2014-12-31,252,consistent_overlap,4.076013954501524e-06,False,yahoo,complete,legacy_symbol_unattributed
2014,2014-12-31,FFIV,0001048695,corroborated_candidate,253,253,2013-12-31,2014-12-31,253,2013-12-31,2014-12-31,252,consistent_overlap,3.803889158094709e-05,False,yahoo,complete,legacy_symbol_unattributed
2014,2014-12-31,FIS,0001136893,corroborated_candidate,253,253,2013-12-31,2014-12-31,253,2013-12-31,2014-12-31,252,consistent_overlap,1.8714520819318465e-06,False,yahoo,complete,legacy_symbol_unattributed
2014,2014-12-31,FISV,0000798354,confirmed_by_multiple_evidence,253,253,2013-12-31,2014-12-31,253,2013-12-31,2014-12-31,252,divergent_overlap,0.015515347356142946,False,yahoo,complete,legacy_symbol_unattributed
2014,2014-12-31,FITB,0000035527,confirmed_by_multiple_evidence,253,253,2013-12-31,2014-12-31,253,2013-12-31,2014-12-31,252,consistent_overlap,0.00025474417307080335,False,yahoo,complete,legacy_symbol_unattributed
2014,2014-12-31,FLIR,0000354908,confirmed_by_multiple_evidence,253,0,,,253,2013-12-31,2014-12-31,0,insufficient_overlap,,False,,archive_adjustment_unverified,legacy_symbol_unattributed
2014,2014-12-31,FLR,0001124198,corroborated_candidate,253,253,2013-12-31,2014-12-31,253,2013-12-31,2014-12-31,252,consistent_overlap,1.4302542697286484e-06,False,yahoo,complete,legacy_symbol_unattributed
2014,2014-12-31,FLS,0000030625,corroborated_candidate,253,253,2013-12-31,2014-12-31,253,2013-12-31,2014-12-31,252,consistent_overlap,1.7474233528225202e-06,False,yahoo,complete,legacy_symbol_unattributed
2014,2014-12-31,FMC,0000037785,corroborated_candidate,253,253,2013-12-31,2014-12-31,253,2013-12-31,2014-12-31,252,consistent_overlap,2.000719848180844e-06,False,yahoo,complete,legacy_symbol_unattributed
2014,2014-12-31,FOSL,0000883569,corroborated_candidate,253,253,2013-12-31,2014-12-31,253,2013-12-31,2014-12-31,252,consistent_overlap,4.860843150960692e-05,False,yahoo,complete,legacy_symbol_unattributed
2014,2014-12-31,FOXA,,,253,0,,,0,,,0,insufficient_overlap,,False,,identity_unresolved,legacy_symbol_unattributed
2014,2014-12-31,FSLR,0001274494,corroborated_candidate,253,253,2013-12-31,2014-12-31,253,2013-12-31,2014-12-31,252,consistent_overlap,8.295960111022864e-05,False,yahoo,complete,legacy_symbol_unattributed
2014,2014-12-31,FTI,,,253,253,2013-12-31,2014-12-31,253,2013-12-31,2014-12-31,252,consistent_overlap,4.099307517262399e-06,False,,identity_unresolved,legacy_symbol_unattributed
2014,2014-12-31,FTR,0000020520,corroborated_candidate,253,0,,,253,2013-12-31,2014-12-31,0,insufficient_overlap,,False,,archive_adjustment_unverified,legacy_symbol_unattributed
2014,2014-12-31,GAS,0001004155,corroborated_candidate,253,0,,,253,2013-12-31,2014-12-31,0,insufficient_overlap,,False,,archive_adjustment_unverified,legacy_symbol_unattributed
2014,2014-12-31,GD,0000040533,confirmed_by_multiple_evidence,253,253,2013-12-31,2014-12-31,253,2013-12-31,2014-12-31,252,consistent_overlap,1.124836392267792e-06,False,yahoo,complete,legacy_symbol_unattributed
2014,2014-12-31,GE,0000040545,confirmed_by_multiple_evidence,253,253,2013-12-31,2014-12-31,253,2013-12-31,2014-12-31,252,consistent_overlap,1.3177577233758344e-06,False,yahoo,complete,legacy_symbol_unattributed
2014,2014-12-31,GGP,0001496048,corroborated_candidate,253,0,,,253,2013-12-31,2014-12-31,0,insufficient_overlap,,False,,archive_adjustment_unverified,legacy_symbol_unattributed
2014,2014-12-31,GILD,0000882095,corroborated_candidate,253,253,2013-12-31,2014-12-31,253,2013-12-31,2014-12-31,252,consistent_overlap,1.608665466723559e-06,False,yahoo,complete,legacy_symbol_unattributed
2014,2014-12-31,GIS,0000040704,corroborated_candidate,253,253,2013-12-31,2014-12-31,253,2013-12-31,2014-12-31,252,consistent_overlap,2.2892194729684513e-06,False,yahoo,complete,legacy_symbol_unattributed
2014,2014-12-31,GLW,0000024741,corroborated_candidate,253,253,2013-12-31,2014-12-31,253,2013-12-31,2014-12-31,252,consistent_overlap,5.923048400213742e-06,False,yahoo,complete,legacy_symbol_unattributed
2014,2014-12-31,GM,0001467858,corroborated_candidate,253,253,2013-12-31,2014-12-31,253,2013-12-31,2014-12-31,252,consistent_overlap,3.3705483544987927e-06,False,yahoo,complete,legacy_symbol_unattributed
2014,2014-12-31,GMCR,0000909954,corroborated_candidate,253,0,,,253,2013-12-31,2014-12-31,0,insufficient_overlap,,False,,archive_adjustment_unverified,legacy_symbol_unattributed
2014,2014-12-31,GME,0001326380,confirmed_by_multiple_evidence,253,253,2013-12-31,2014-12-31,253,2013-12-31,2014-12-31,252,consistent_overlap,1.2833175167905609e-05,False,yahoo,complete,legacy_symbol_unattributed
2014,2014-12-31,GNW,0001276520,confirmed_by_multiple_evidence,253,253,2013-12-31,2014-12-31,253,2013-12-31,2014-12-31,252,consistent_overlap,8.927996486329805e-08,False,yahoo,complete,legacy_symbol_unattributed
2014,2014-12-31,GOOG,,,253,253,2013-12-31,2014-12-31,253,2013-12-31,2014-12-31,252,consistent_overlap,5.22197765573385e-06,False,,identity_unresolved,legacy_symbol_unattributed
2014,2014-12-31,GOOGL,,,253,253,2013-12-31,2014-12-31,253,2013-12-31,2014-12-31,252,consistent_overlap,7.338526435185512e-06,False,,identity_unresolved,legacy_symbol_unattributed
2014,2014-12-31,GPC,0000040987,confirmed_by_multiple_evidence,253,253,2013-12-31,2014-12-31,253,2013-12-31,2014-12-31,252,consistent_overlap,1.5533392328503936e-06,False,yahoo,complete,legacy_symbol_unattributed
2014,2014-12-31,GPS,0000039911,confirmed_by_multiple_evidence,253,0,,,253,2013-12-31,2014-12-31,0,insufficient_overlap,,False,,archive_adjustment_unverified,legacy_symbol_unattributed
2014,2014-12-31,GRMN,0001121788,confirmed_by_multiple_evidence,253,253,2013-12-31,2014-12-31,253,2013-12-31,2014-12-31,252,consistent_overlap,9.160543548778157e-05,False,yahoo,complete,legacy_symbol_unattributed
2014,2014-12-31,GS,0000886982,corroborated_candidate,253,253,2013-12-31,2014-12-31,253,2013-12-31,2014-12-31,252,consistent_overlap,1.0054623197808265e-06,False,yahoo,complete,legacy_symbol_unattributed
2014,2014-12-31,GT,0000042582,corroborated_candidate,253,253,2013-12-31,2014-12-31,253,2013-12-31,2014-12-31,252,consistent_overlap,4.043538197568975e-06,False,yahoo,complete,legacy_symbol_unattributed
2014,2014-12-31,GWW,0000277135,corroborated_candidate,253,253,2013-12-31,2014-12-31,253,2013-12-31,2014-12-31,252,consistent_overlap,6.428113951884033e-07,False,yahoo,complete,legacy_symbol_unattributed
2014,2014-12-31,HAL,0000045012,corroborated_candidate,253,253,2013-12-31,2014-12-31,253,2013-12-31,2014-12-31,252,consistent_overlap,1.8763520171782848e-06,False,yahoo,complete,legacy_symbol_unattributed
2014,2014-12-31,HAR,0000800459,confirmed_by_multiple_evidence,253,0,,,253,2013-12-31,2014-12-31,0,insufficient_overlap,,False,,archive_adjustment_unverified,legacy_symbol_unattributed
2014,2014-12-31,HAS,0000046080,corroborated_candidate,253,253,2013-12-31,2014-12-31,253,2013-12-31,2014-12-31,252,consistent_overlap,9.639557193081183e-05,False,yahoo,complete,legacy_symbol_unattributed
2014,2014-12-31,HBAN,0000049196,corroborated_candidate,253,253,2013-12-31,2014-12-31,253,2013-12-31,2014-12-31,252,consistent_overlap,0.0005356993709815516,False,yahoo,complete,legacy_symbol_unattributed
2014,2014-12-31,HCBK,0000921847,confirmed_by_multiple_evidence,253,0,,,253,2013-12-31,2014-12-31,0,insufficient_overlap,,False,,archive_adjustment_unverified,legacy_symbol_unattributed
2014,2014-12-31,HCP,0000765880,corroborated_candidate,253,0,,,0,,,0,insufficient_overlap,,False,,incomplete_prices,legacy_symbol_unattributed
2014,2014-12-31,HD,0000354950,confirmed_by_multiple_evidence,253,253,2013-12-31,2014-12-31,253,2013-12-31,2014-12-31,252,consistent_overlap,1.5741646732836408e-06,False,yahoo,complete,legacy_symbol_unattributed
2014,2014-12-31,HES,0000004447,confirmed_by_multiple_evidence,253,0,,,253,2013-12-31,2014-12-31,0,insufficient_overlap,,False,,archive_adjustment_unverified,legacy_symbol_unattributed
2014,2014-12-31,HIG,0000874766,corroborated_candidate,253,253,2013-12-31,2014-12-31,253,2013-12-31,2014-12-31,252,consistent_overlap,3.310748495767292e-06,False,yahoo,complete,legacy_symbol_unattributed
2014,2014-12-31,HOG,0000793952,corroborated_candidate,253,253,2013-12-31,2014-12-31,253,2013-12-31,2014-12-31,252,consistent_overlap,2.0639808512024084e-06,False,yahoo,complete,legacy_symbol_unattributed
2014,2014-12-31,HON,0000773840,corroborated_candidate,253,253,2013-12-31,2014-12-31,253,2013-12-31,2014-12-31,252,consistent_overlap,0.004771113714487336,False,yahoo,complete,legacy_symbol_unattributed
2014,2014-12-31,HOT,0000316206,confirmed_by_multiple_evidence,253,0,,,253,2013-12-31,2014-12-31,0,insufficient_overlap,,False,,archive_adjustment_unverified,legacy_symbol_unattributed
2014,2014-12-31,HP,0000046765,corroborated_candidate,253,253,2013-12-31,2014-12-31,253,2013-12-31,2014-12-31,252,consistent_overlap,1.8745556674826256e-06,False,yahoo,complete,legacy_symbol_unattributed
2014,2014-12-31,HPQ,0000047217,corroborated_candidate,253,253,2013-12-31,2014-12-31,253,2013-12-31,2014-12-31,252,consistent_overlap,1.0114467552848617e-05,False,yahoo,complete,legacy_symbol_unattributed
2014,2014-12-31,HRB,0000012659,corroborated_candidate,253,253,2013-12-31,2014-12-31,253,2013-12-31,2014-12-31,252,consistent_overlap,4.735090696625924e-06,False,yahoo,complete,legacy_symbol_unattributed
2014,2014-12-31,HRL,0000048465,corroborated_candidate,253,253,2013-12-31,2014-12-31,253,2013-12-31,2014-12-31,252,consistent_overlap,4.567957903142128e-06,False,yahoo,complete,legacy_symbol_unattributed
2014,2014-12-31,HRS,0000202058,corroborated_candidate,253,0,,,253,2013-12-31,2014-12-31,0,insufficient_overlap,,False,,archive_adjustment_unverified,legacy_symbol_unattributed
2014,2014-12-31,HSP,0001274057,corroborated_candidate,253,0,,,253,2013-12-31,2014-12-31,0,insufficient_overlap,,False,,archive_adjustment_unverified,legacy_symbol_unattributed
2014,2014-12-31,HST,0001070750,confirmed_by_multiple_evidence,253,253,2013-12-31,2014-12-31,253,2013-12-31,2014-12-31,252,consistent_overlap,6.864936549729756e-06,False,yahoo,complete,legacy_symbol_unattributed
2014,2014-12-31,HSY,0000047111,corroborated_candidate,253,253,2013-12-31,2014-12-31,253,2013-12-31,2014-12-31,252,consistent_overlap,1.4479575702486262e-06,False,yahoo,complete,legacy_symbol_unattributed
2014,2014-12-31,HUM,0000049071,confirmed_by_multiple_evidence,253,253,2013-12-31,2014-12-31,253,2013-12-31,2014-12-31,252,consistent_overlap,1.1266242404506245e-06,False,yahoo,complete,legacy_symbol_unattributed
2014,2014-12-31,IBM,0000051143,corroborated_candidate,253,253,2013-12-31,2014-12-31,253,2013-12-31,2014-12-31,252,consistent_overlap,1.2675034315834388e-06,False,yahoo,complete,legacy_symbol_unattributed
2014,2014-12-31,ICE,0001571949,corroborated_candidate,253,253,2013-12-31,2014-12-31,253,2013-12-31,2014-12-31,252,consistent_overlap,2.735768244650494e-06,False,yahoo,complete,legacy_symbol_unattributed
2014,2014-12-31,IFF,0000051253,corroborated_candidate,253,253,2013-12-31,2014-12-31,253,2013-12-31,2014-12-31,252,consistent_overlap,1.3002775032622265e-06,False,yahoo,complete,legacy_symbol_unattributed
2014,2014-12-31,INTC,0000050863,corroborated_candidate,253,253,2013-12-31,2014-12-31,253,2013-12-31,2014-12-31,252,consistent_overlap,0.0002007957165152741,False,yahoo,complete,legacy_symbol_unattributed
2014,2014-12-31,INTU,0000896878,corroborated_candidate,253,253,2013-12-31,2014-12-31,253,2013-12-31,2014-12-31,252,consistent_overlap,1.441385170294352e-06,False,yahoo,complete,legacy_symbol_unattributed
2014,2014-12-31,IP,0000051434,confirmed_by_multiple_evidence,253,253,2013-12-31,2014-12-31,253,2013-12-31,2014-12-31,252,divergent_overlap,0.007289035940275465,False,yahoo,complete,legacy_symbol_unattributed
2014,2014-12-31,IPG,0000051644,corroborated_candidate,253,0,,,253,2013-12-31,2014-12-31,0,insufficient_overlap,,False,,archive_adjustment_unverified,legacy_symbol_unattributed
2014,2014-12-31,IR,,,253,0,,,0,,,0,insufficient_overlap,,False,,identity_unresolved,legacy_symbol_unattributed
2014,2014-12-31,IRM,0001020569,corroborated_candidate,253,253,2013-12-31,2014-12-31,253,2013-12-31,2014-12-31,252,consistent_overlap,8.456696768684996e-06,False,yahoo,complete,legacy_symbol_unattributed
2014,2014-12-31,ISRG,0001035267,confirmed_by_multiple_evidence,253,253,2013-12-31,2014-12-31,253,2013-12-31,2014-12-31,252,consistent_overlap,7.328753311142177e-06,False,yahoo,complete,legacy_symbol_unattributed
2014,2014-12-31,ITW,0000049826,corroborated_candidate,253,253,2013-12-31,2014-12-31,253,2013-12-31,2014-12-31,252,consistent_overlap,1.504525151257985e-06,False,yahoo,complete,legacy_symbol_unattributed
2014,2014-12-31,IVZ,0000914208,corroborated_candidate,253,253,2013-12-31,2014-12-31,253,2013-12-31,2014-12-31,252,consistent_overlap,3.9614502523155355e-06,False,yahoo,complete,legacy_symbol_unattributed
2014,2014-12-31,JCI,0000833444,corroborated_candidate,253,253,2013-12-31,2014-12-31,253,2013-12-31,2014-12-31,252,divergent_overlap,0.005055352056653639,False,yahoo,complete,legacy_symbol_unattributed
2014,2014-12-31,JEC,0000052988,confirmed_by_multiple_evidence,253,0,,,253,2013-12-31,2014-12-31,0,insufficient_overlap,,False,,archive_adjustment_unverified,legacy_symbol_unattributed
2014,2014-12-31,JEF,0000096223,corroborated_candidate,253,253,2013-12-31,2014-12-31,253,2013-12-31,2014-12-31,252,consistent_overlap,0.0023728064851809105,False,yahoo,complete,legacy_symbol_unattributed
2014,2014-12-31,JNJ,0000200406,corroborated_candidate,253,253,2013-12-31,2014-12-31,253,2013-12-31,2014-12-31,252,consistent_overlap,1.4668633849002082e-06,False,yahoo,complete,legacy_symbol_unattributed
2014,2014-12-31,JNPR,0001043604,corroborated_candidate,253,0,,,253,2013-12-31,2014-12-31,0,insufficient_overlap,,False,,archive_adjustment_unverified,legacy_symbol_unattributed
2014,2014-12-31,JOY,0000801898,corroborated_candidate,253,0,,,253,2013-12-31,2014-12-31,0,insufficient_overlap,,False,,archive_adjustment_unverified,legacy_symbol_unattributed
2014,2014-12-31,JPM,0000019617,corroborated_candidate,253,253,2013-12-31,2014-12-31,253,2013-12-31,2014-12-31,252,consistent_overlap,2.133373616914903e-06,False,yahoo,complete,legacy_symbol_unattributed
2014,2014-12-31,JWN,0000072333,corroborated_candidate,253,0,,,253,2013-12-31,2014-12-31,0,insufficient_overlap,,False,,archive_adjustment_unverified,legacy_symbol_unattributed
2014,2014-12-31,K,0000055067,confirmed_by_multiple_evidence,253,0,,,253,2013-12-31,2014-12-31,0,insufficient_overlap,,False,,archive_adjustment_unverified,legacy_symbol_unattributed
2014,2014-12-31,KDP,,,253,253,2013-12-31,2014-12-31,253,2013-12-31,2014-12-31,252,consistent_overlap,2.1041046171532685e-06,False,,identity_unresolved,legacy_symbol_unattributed
2014,2014-12-31,KEY,0000091576,confirmed_by_multiple_evidence,253,253,2013-12-31,2014-12-31,253,2013-12-31,2014-12-31,252,consistent_overlap,9.437130215301793e-06,False,yahoo,complete,legacy_symbol_unattributed
2014,2014-12-31,KIM,0000879101,corroborated_candidate,253,253,2013-12-31,2014-12-31,253,2013-12-31,2014-12-31,252,consistent_overlap,6.63389896646494e-06,False,yahoo,complete,legacy_symbol_unattributed
2014,2014-12-31,KLAC,0000319201,confirmed_by_multiple_evidence,253,253,2013-12-31,2014-12-31,253,2013-12-31,2014-12-31,252,consistent_overlap,7.39026094502393e-05,False,yahoo,complete,legacy_symbol_unattributed
2014,2014-12-31,KMB,0000055785,corroborated_candidate,253,253,2013-12-31,2014-12-31,253,2013-12-31,2014-12-31,252,consistent_overlap,0.003831672212236859,False,yahoo,complete,legacy_symbol_unattributed
2014,2014-12-31,KMI,0001506307,corroborated_candidate,253,253,2013-12-31,2014-12-31,253,2013-12-31,2014-12-31,252,consistent_overlap,3.988954462730288e-06,False,yahoo,complete,legacy_symbol_unattributed
2014,2014-12-31,KMX,0001170010,corroborated_candidate,253,253,2013-12-31,2014-12-31,253,2013-12-31,2014-12-31,252,consistent_overlap,6.732848893298283e-08,False,yahoo,complete,legacy_symbol_unattributed
2014,2014-12-31,KO,0000021344,corroborated_candidate,253,253,2013-12-31,2014-12-31,253,2013-12-31,2014-12-31,252,consistent_overlap,3.014115729723655e-06,False,yahoo,complete,legacy_symbol_unattributed
2014,2014-12-31,KORS,0001530721,confirmed_by_multiple_evidence,253,0,,,253,2013-12-31,2014-12-31,0,insufficient_overlap,,False,,archive_adjustment_unverified,legacy_symbol_unattributed
2014,2014-12-31,KR,0000056873,corroborated_candidate,253,253,2013-12-31,2014-12-31,253,2013-12-31,2014-12-31,252,consistent_overlap,5.9158825438876425e-06,False,yahoo,complete,legacy_symbol_unattributed
2014,2014-12-31,KRFT,0001545158,confirmed_by_multiple_evidence,253,0,,,253,2013-12-31,2014-12-31,0,insufficient_overlap,,False,,archive_adjustment_unverified,legacy_symbol_unattributed
2014,2014-12-31,KSS,0000885639,confirmed_by_multiple_evidence,253,253,2013-12-31,2014-12-31,253,2013-12-31,2014-12-31,252,consistent_overlap,2.8269997870777894e-06,False,yahoo,complete,legacy_symbol_unattributed
2014,2014-12-31,KSU,0000054480,corroborated_candidate,253,0,,,253,2013-12-31,2014-12-31,0,insufficient_overlap,,False,,archive_adjustment_unverified,legacy_symbol_unattributed
2014,2014-12-31,L,0000060086,confirmed_by_multiple_evidence,253,253,2013-12-31,2014-12-31,253,2013-12-31,2014-12-31,252,consistent_overlap,2.2770344069611427e-06,False,yahoo,complete,legacy_symbol_unattributed
2014,2014-12-31,LB,,,253,0,,,0,,,0,insufficient_overlap,,False,,identity_unresolved,legacy_symbol_unattributed
2014,2014-12-31,LEG,0000058492,confirmed_by_multiple_evidence,253,0,,,253,2013-12-31,2014-12-31,0,insufficient_overlap,,False,,archive_adjustment_unverified,legacy_symbol_unattributed
2014,2014-12-31,LEN,0000920760,corroborated_candidate,253,253,2013-12-31,2014-12-31,253,2013-12-31,2014-12-31,252,consistent_overlap,1.6990131457074418e-05,False,yahoo,complete,legacy_symbol_unattributed
2014,2014-12-31,LH,0000920148,corroborated_candidate,253,253,2013-12-31,2014-12-31,253,2013-12-31,2014-12-31,252,consistent_overlap,1.5035769396642976e-06,False,yahoo,complete,legacy_symbol_unattributed
2014,2014-12-31,LLL,,,253,0,,,0,,,0,insufficient_overlap,,False,,identity_unresolved,legacy_symbol_unattributed
2014,2014-12-31,LLTC,0000791907,corroborated_candidate,253,0,,,253,2013-12-31,2014-12-31,0,insufficient_overlap,,False,,archive_adjustment_unverified,legacy_symbol_unattributed
2014,2014-12-31,LLY,0000059478,corroborated_candidate,253,253,2013-12-31,2014-12-31,253,2013-12-31,2014-12-31,252,consistent_overlap,2.1025081244574474e-06,False,yahoo,complete,legacy_symbol_unattributed
2014,2014-12-31,LM,0000704051,confirmed_by_multiple_evidence,253,0,,,253,2013-12-31,2014-12-31,0,insufficient_overlap,,False,,archive_adjustment_unverified,legacy_symbol_unattributed
2014,2014-12-31,LMT,0000936468,confirmed_by_multiple_evidence,253,253,2013-12-31,2014-12-31,253,2013-12-31,2014-12-31,252,consistent_overlap,9.954114843813145e-07,False,yahoo,complete,legacy_symbol_unattributed
2014,2014-12-31,LNC,0000059558,corroborated_candidate,253,253,2013-12-31,2014-12-31,253,2013-12-31,2014-12-31,252,consistent_overlap,2.734824568988437e-06,False,yahoo,complete,legacy_symbol_unattributed
2014,2014-12-31,LO,0001424847,corroborated_candidate,253,0,,,253,2013-12-31,2014-12-31,0,insufficient_overlap,,False,,archive_adjustment_unverified,legacy_symbol_unattributed
2014,2014-12-31,LOW,0000060667,corroborated_candidate,253,253,2013-12-31,2014-12-31,253,2013-12-31,2014-12-31,252,consistent_overlap,2.3691458630448224e-06,False,yahoo,complete,legacy_symbol_unattributed
2014,2014-12-31,LRCX,0000707549,confirmed_by_multiple_evidence,253,253,2013-12-31,2014-12-31,253,2013-12-31,2014-12-31,252,consistent_overlap,1.897861429857817e-05,False,yahoo,complete,legacy_symbol_unattributed
2014,2014-12-31,LUV,0000092380,corroborated_candidate,253,253,2013-12-31,2014-12-31,253,2013-12-31,2014-12-31,252,consistent_overlap,4.34137957191827e-06,False,yahoo,complete,legacy_symbol_unattributed
2014,2014-12-31,LVLT,0000794323,corroborated_candidate,253,0,,,253,2013-12-31,2014-12-31,0,insufficient_overlap,,False,,archive_adjustment_unverified,legacy_symbol_unattributed
2014,2014-12-31,LYB,0001489393,corroborated_candidate,253,253,2013-12-31,2014-12-31,253,2013-12-31,2014-12-31,252,consistent_overlap,2.263472486814246e-06,False,yahoo,complete,legacy_symbol_unattributed
2014,2014-12-31,M,0000794367,confirmed_by_multiple_evidence,253,253,2013-12-31,2014-12-31,253,2013-12-31,2014-12-31,252,consistent_overlap,2.53670104604753e-06,False,yahoo,complete,legacy_symbol_unattributed
2014,2014-12-31,MA,0001141391,confirmed_by_multiple_evidence,253,253,2013-12-31,2014-12-31,253,2013-12-31,2014-12-31,252,consistent_overlap,1.4052992891921981e-06,False,yahoo,complete,legacy_symbol_unattributed
2014,2014-12-31,MAC,0000912242,corroborated_candidate,253,253,2013-12-31,2014-12-31,253,2013-12-31,2014-12-31,252,consistent_overlap,2.545528725815816e-06,False,yahoo,complete,legacy_symbol_unattributed
2014,2014-12-31,MAR,0001048286,confirmed_by_multiple_evidence,253,253,2013-12-31,2014-12-31,253,2013-12-31,2014-12-31,252,consistent_overlap,9.930824681587238e-05,False,yahoo,complete,legacy_symbol_unattributed
2014,2014-12-31,MAS,0000062996,corroborated_candidate,253,253,2013-12-31,2014-12-31,253,2013-12-31,2014-12-31,252,consistent_overlap,0.0033939336169951898,False,yahoo,complete,legacy_symbol_unattributed
2014,2014-12-31,MAT,0000063276,confirmed_by_multiple_evidence,253,253,2013-12-31,2014-12-31,253,2013-12-31,2014-12-31,252,consistent_overlap,0.00016656783143199186,False,yahoo,complete,legacy_symbol_unattributed
2014,2014-12-31,MCD,0000063908,confirmed_by_multiple_evidence,253,253,2013-12-31,2014-12-31,253,2013-12-31,2014-12-31,252,consistent_overlap,1.3762946220419186e-06,False,yahoo,complete,legacy_symbol_unattributed
2014,2014-12-31,MCHP,0000827054,corroborated_candidate,253,253,2013-12-31,2014-12-31,253,2013-12-31,2014-12-31,252,consistent_overlap,0.00011602669959186574,False,yahoo,complete,legacy_symbol_unattributed
2014,2014-12-31,MCK,0000927653,corroborated_candidate,253,253,2013-12-31,2014-12-31,253,2013-12-31,2014-12-31,252,consistent_overlap,7.55402677591333e-07,False,yahoo,complete,legacy_symbol_unattributed
2014,2014-12-31,MCO,0001059556,confirmed_by_multiple_evidence,253,253,2013-12-31,2014-12-31,253,2013-12-31,2014-12-31,252,consistent_overlap,1.367437091086554e-06,False,yahoo,complete,legacy_symbol_unattributed
2014,2014-12-31,MDLZ,0001103982,confirmed_by_multiple_evidence,253,253,2013-12-31,2014-12-31,253,2013-12-31,2014-12-31,252,consistent_overlap,3.336973670138299e-06,False,yahoo,complete,legacy_symbol_unattributed
2014,2014-12-31,MDT,0001613103,corroborated_candidate,253,253,2013-12-31,2014-12-31,253,2013-12-31,2014-12-31,252,consistent_overlap,1.9574093338103894e-06,False,yahoo,complete,legacy_symbol_unattributed
2014,2014-12-31,MET,0001099219,corroborated_candidate,253,253,2013-12-31,2014-12-31,253,2013-12-31,2014-12-31,252,divergent_overlap,0.006245946928177726,False,yahoo,complete,legacy_symbol_unattributed
2014,2014-12-31,MHK,0000851968,corroborated_candidate,253,253,2013-12-31,2014-12-31,253,2013-12-31,2014-12-31,252,consistent_overlap,9.252417109140154e-08,False,yahoo,complete,legacy_symbol_unattributed
2014,2014-12-31,MJN,0001452575,corroborated_candidate,253,0,,,253,2013-12-31,2014-12-31,0,insufficient_overlap,,False,,archive_adjustment_unverified,legacy_symbol_unattributed
2014,2014-12-31,MKC,0000063754,corroborated_candidate,253,253,2013-12-31,2014-12-31,253,2013-12-31,2014-12-31,252,consistent_overlap,3.3201066722621256e-06,False,yahoo,complete,legacy_symbol_unattributed
2014,2014-12-31,MLM,0000916076,confirmed_by_multiple_evidence,253,253,2013-12-31,2014-12-31,253,2013-12-31,2014-12-31,252,consistent_overlap,1.0200184537545453e-06,False,yahoo,complete,legacy_symbol_unattributed
2014,2014-12-31,MMC,0000062709,confirmed_by_multiple_evidence,253,253,2013-12-31,2014-12-31,253,2013-12-31,2014-12-31,252,consistent_overlap,2.425147403537498e-06,False,yahoo,complete,legacy_symbol_unattributed
2014,2014-12-31,MMM,0000066740,corroborated_candidate,253,253,2013-12-31,2014-12-31,253,2013-12-31,2014-12-31,252,consistent_overlap,1.496850611437675e-06,False,yahoo,complete,legacy_symbol_unattributed
2014,2014-12-31,MNK,0001567892,confirmed_by_multiple_evidence,253,0,,,0,,,0,insufficient_overlap,,False,,incomplete_prices,legacy_symbol_unattributed
2014,2014-12-31,MNST,0000865752,corroborated_candidate,253,253,2013-12-31,2014-12-31,253,2013-12-31,2014-12-31,252,consistent_overlap,4.7803846399163704e-05,False,yahoo,complete,legacy_symbol_unattributed
2014,2014-12-31,MO,0000764180,confirmed_by_multiple_evidence,253,253,2013-12-31,2014-12-31,253,2013-12-31,2014-12-31,252,consistent_overlap,4.482790629680712e-06,False,yahoo,complete,legacy_symbol_unattributed
2014,2014-12-31,MON,0001110783,corroborated_candidate,253,0,,,0,,,0,insufficient_overlap,,False,,incomplete_prices,legacy_symbol_unattributed
2014,2014-12-31,MOS,0001285785,corroborated_candidate,253,253,2013-12-31,2014-12-31,253,2013-12-31,2014-12-31,252,consistent_overlap,2.86719589313811e-06,False,yahoo,complete,legacy_symbol_unattributed
2014,2014-12-31,MPC,0001510295,confirmed_by_multiple_evidence,253,253,2013-12-31,2014-12-31,253,2013-12-31,2014-12-31,252,consistent_overlap,3.0174280470540715e-06,False,yahoo,complete,legacy_symbol_unattributed
2014,2014-12-31,MRK,0000310158,confirmed_by_multiple_evidence,253,253,2013-12-31,2014-12-31,253,2013-12-31,2014-12-31,252,consistent_overlap,3.379982344016153e-06,False,yahoo,complete,legacy_symbol_unattributed
2014,2014-12-31,MRO,0000101778,corroborated_candidate,253,0,,,253,2013-12-31,2014-12-31,0,insufficient_overlap,,False,,archive_adjustment_unverified,legacy_symbol_unattributed
2014,2014-12-31,MS,0000895421,confirmed_by_multiple_evidence,253,253,2013-12-31,2014-12-31,253,2013-12-31,2014-12-31,252,consistent_overlap,3.989214372175366e-06,False,yahoo,complete,legacy_symbol_unattributed
2014,2014-12-31,MSFT,0000789019,confirmed_by_multiple_evidence,253,253,2013-12-31,2014-12-31,253,2013-12-31,2014-12-31,252,consistent_overlap,2.7296404069465656e-06,False,yahoo,complete,legacy_symbol_unattributed
2014,2014-12-31,MSI,0000068505,corroborated_candidate,253,253,2013-12-31,2014-12-31,253,2013-12-31,2014-12-31,252,consistent_overlap,1.9241797081615e-06,False,yahoo,complete,legacy_symbol_unattributed
2014,2014-12-31,MTB,0000036270,confirmed_by_multiple_evidence,253,253,2013-12-31,2014-12-31,253,2013-12-31,2014-12-31,252,consistent_overlap,1.1160384130781687e-06,False,yahoo,complete,legacy_symbol_unattributed
2014,2014-12-31,MU,0000723125,corroborated_candidate,253,253,2013-12-31,2014-12-31,253,2013-12-31,2014-12-31,252,consistent_overlap,0.0001956452594704284,False,yahoo,complete,legacy_symbol_unattributed
2014,2014-12-31,MUR,0000717423,confirmed_by_multiple_evidence,253,253,2013-12-31,2014-12-31,253,2013-12-31,2014-12-31,252,consistent_overlap,5.0747050497146805e-06,False,yahoo,complete,legacy_symbol_unattributed
2014,2014-12-31,MWV,0001159297,confirmed_by_multiple_evidence,253,0,,,253,2013-12-31,2014-12-31,0,insufficient_overlap,,False,,archive_adjustment_unverified,legacy_symbol_unattributed
2014,2014-12-31,MYL,0001623613,corroborated_candidate,253,0,,,253,2013-12-31,2014-12-31,0,insufficient_overlap,,False,,archive_adjustment_unverified,legacy_symbol_unattributed
2014,2014-12-31,NAVI,0001593538,confirmed_by_multiple_evidence,253,179,2014-04-17,2014-12-31,179,2014-04-17,2014-12-31,178,consistent_overlap,9.319842894949249e-06,False,,incomplete_prices,legacy_symbol_unattributed
2014,2014-12-31,NBL,0000072207,corroborated_candidate,253,0,,,253,2013-12-31,2014-12-31,0,insufficient_overlap,,False,,archive_adjustment_unverified,legacy_symbol_unattributed
2014,2014-12-31,NBR,0001163739,corroborated_candidate,253,253,2013-12-31,2014-12-31,253,2013-12-31,2014-12-31,252,consistent_overlap,5.254160218515214e-07,False,yahoo,complete,legacy_symbol_unattributed
2014,2014-12-31,NDAQ,0001120193,confirmed_by_multiple_evidence,253,253,2013-12-31,2014-12-31,253,2013-12-31,2014-12-31,252,consistent_overlap,0.0001125544950714108,False,yahoo,complete,legacy_symbol_unattributed
2014,2014-12-31,NE,0001458891,confirmed_by_multiple_evidence,253,0,,,0,,,0,insufficient_overlap,,False,,incomplete_prices,legacy_symbol_unattributed
2014,2014-12-31,NEE,0000753308,corroborated_candidate,253,253,2013-12-31,2014-12-31,253,2013-12-31,2014-12-31,252,consistent_overlap,5.187225034556378e-06,False,yahoo,complete,legacy_symbol_unattributed
2014,2014-12-31,NEM,0001164727,corroborated_candidate,253,253,2013-12-31,2014-12-31,253,2013-12-31,2014-12-31,252,consistent_overlap,5.261378025437362e-06,False,yahoo,complete,legacy_symbol_unattributed
2014,2014-12-31,NFLX,0001065280,corroborated_candidate,253,253,2013-12-31,2014-12-31,253,2013-12-31,2014-12-31,252,consistent_overlap,1.6996350504783215e-06,False,yahoo,complete,legacy_symbol_unattributed
2014,2014-12-31,NFX,0000912750,corroborated_candidate,253,0,,,253,2013-12-31,2014-12-31,0,insufficient_overlap,,False,,archive_adjustment_unverified,legacy_symbol_unattributed
2014,2014-12-31,NI,0001111711,corroborated_candidate,253,253,2013-12-31,2014-12-31,253,2013-12-31,2014-12-31,252,consistent_overlap,1.0617325025789049e-05,False,yahoo,complete,legacy_symbol_unattributed
2014,2014-12-31,NKE,0000320187,confirmed_by_multiple_evidence,253,253,2013-12-31,2014-12-31,253,2013-12-31,2014-12-31,252,consistent_overlap,2.788417689917334e-06,False,yahoo,complete,legacy_symbol_unattributed
2014,2014-12-31,NLSN,,,253,0,,,253,2013-12-31,2014-12-31,0,insufficient_overlap,,False,,identity_unresolved,legacy_symbol_unattributed
2014,2014-12-31,NOC,0001133421,corroborated_candidate,253,253,2013-12-31,2014-12-31,253,2013-12-31,2014-12-31,252,consistent_overlap,1.0959785040776106e-06,False,yahoo,complete,legacy_symbol_unattributed
2014,2014-12-31,NOV,0001021860,confirmed_by_multiple_evidence,253,253,2013-12-31,2014-12-31,253,2013-12-31,2014-12-31,252,consistent_overlap,1.932589390749586e-06,False,yahoo,complete,legacy_symbol_unattributed
2014,2014-12-31,NRG,0001013871,corroborated_candidate,253,253,2013-12-31,2014-12-31,253,2013-12-31,2014-12-31,252,consistent_overlap,4.221121355640901e-06,False,yahoo,complete,legacy_symbol_unattributed
2014,2014-12-31,NSC,0000702165,corroborated_candidate,253,253,2013-12-31,2014-12-31,253,2013-12-31,2014-12-31,252,consistent_overlap,1.217640683978117e-06,False,yahoo,complete,legacy_symbol_unattributed
2014,2014-12-31,NTAP,0001002047,confirmed_by_multiple_evidence,253,253,2013-12-31,2014-12-31,253,2013-12-31,2014-12-31,252,consistent_overlap,0.00013811800950430222,False,yahoo,complete,legacy_symbol_unattributed
2014,2014-12-31,NTRS,0000073124,confirmed_by_multiple_evidence,253,253,2013-12-31,2014-12-31,253,2013-12-31,2014-12-31,252,consistent_overlap,7.465142196354524e-05,False,yahoo,complete,legacy_symbol_unattributed
2014,2014-12-31,NUE,0000073309,confirmed_by_multiple_evidence,253,253,2013-12-31,2014-12-31,253,2013-12-31,2014-12-31,252,consistent_overlap,2.4665877137886042e-06,False,yahoo,complete,legacy_symbol_unattributed
2014,2014-12-31,NVDA,0001045810,corroborated_candidate,253,253,2013-12-31,2014-12-31,253,2013-12-31,2014-12-31,252,consistent_overlap,0.0003736409806670549,False,yahoo,complete,legacy_symbol_unattributed
2014,2014-12-31,NWL,0000814453,confirmed_by_multiple_evidence,253,253,2013-12-31,2014-12-31,253,2013-12-31,2014-12-31,252,consistent_overlap,4.017716426014673e-06,False,yahoo,complete,legacy_symbol_unattributed
2014,2014-12-31,NWSA,,,253,253,2013-12-31,2014-12-31,253,2013-12-31,2014-12-31,252,consistent_overlap,0.00033804946009949213,False,,identity_unresolved,legacy_symbol_unattributed
2014,2014-12-31,OI,0000812074,corroborated_candidate,253,253,2013-12-31,2014-12-31,253,2013-12-31,2014-12-31,252,consistent_overlap,3.4196163819777414e-06,False,yahoo,complete,legacy_symbol_unattributed
2014,2014-12-31,OKE,0001039684,corroborated_candidate,253,253,2013-12-31,2014-12-31,253,2013-12-31,2014-12-31,252,consistent_overlap,3.1075468005303822e-06,False,yahoo,complete,legacy_symbol_unattributed
2014,2014-12-31,OMC,0000029989,corroborated_candidate,253,253,2013-12-31,2014-12-31,253,2013-12-31,2014-12-31,252,consistent_overlap,1.9167986567913967e-06,False,yahoo,complete,legacy_symbol_unattributed
2014,2014-12-31,ORCL,0001341439,confirmed_by_multiple_evidence,253,253,2013-12-31,2014-12-31,253,2013-12-31,2014-12-31,252,consistent_overlap,2.796083991920552e-06,False,yahoo,complete,legacy_symbol_unattributed
2014,2014-12-31,ORLY,0000898173,corroborated_candidate,253,253,2013-12-31,2014-12-31,253,2013-12-31,2014-12-31,252,consistent_overlap,1.4810780670337929e-07,False,yahoo,complete,legacy_symbol_unattributed
2014,2014-12-31,OXY,0000797468,corroborated_candidate,253,253,2013-12-31,2014-12-31,253,2013-12-31,2014-12-31,252,consistent_overlap,1.786685560055679e-06,False,yahoo,complete,legacy_symbol_unattributed
2014,2014-12-31,PAYX,0000723531,corroborated_candidate,253,253,2013-12-31,2014-12-31,253,2013-12-31,2014-12-31,252,consistent_overlap,0.0001196861851096187,False,yahoo,complete,legacy_symbol_unattributed
2014,2014-12-31,PBCT,0001378946,confirmed_by_multiple_evidence,253,0,,,253,2013-12-31,2014-12-31,0,insufficient_overlap,,False,,archive_adjustment_unverified,legacy_symbol_unattributed
2014,2014-12-31,PBI,0000078814,corroborated_candidate,253,253,2013-12-31,2014-12-31,253,2013-12-31,2014-12-31,252,consistent_overlap,2.0049503433613455e-05,False,yahoo,complete,legacy_symbol_unattributed
2014,2014-12-31,PCAR,0000075362,confirmed_by_multiple_evidence,253,253,2013-12-31,2014-12-31,253,2013-12-31,2014-12-31,252,consistent_overlap,8.197094467497945e-05,False,yahoo,complete,legacy_symbol_unattributed
2014,2014-12-31,PCG,0001004980,corroborated_candidate,253,253,2013-12-31,2014-12-31,253,2013-12-31,2014-12-31,252,consistent_overlap,2.4445109748272304e-06,False,yahoo,complete,legacy_symbol_unattributed
2014,2014-12-31,PCL,0000849213,corroborated_candidate,253,0,,,253,2013-12-31,2014-12-31,0,insufficient_overlap,,False,,archive_adjustment_unverified,legacy_symbol_unattributed
2014,2014-12-31,PCP,0000079958,confirmed_by_multiple_evidence,253,0,,,253,2013-12-31,2014-12-31,0,insufficient_overlap,,False,,archive_adjustment_unverified,legacy_symbol_unattributed
2014,2014-12-31,PDCO,0000891024,confirmed_by_multiple_evidence,253,0,,,253,2013-12-31,2014-12-31,0,insufficient_overlap,,False,,archive_adjustment_unverified,legacy_symbol_unattributed
2014,2014-12-31,PEG,0000788784,confirmed_by_multiple_evidence,253,253,2013-12-31,2014-12-31,253,2013-12-31,2014-12-31,252,consistent_overlap,3.7988465695426586e-06,False,yahoo,complete,legacy_symbol_unattributed
2014,2014-12-31,PEP,0000077476,confirmed_by_multiple_evidence,253,253,2013-12-31,2014-12-31,253,2013-12-31,2014-12-31,252,consistent_overlap,1.8746475086084403e-06,False,yahoo,complete,legacy_symbol_unattributed
2014,2014-12-31,PETM,0000863157,corroborated_candidate,253,0,,,253,2013-12-31,2014-12-31,0,insufficient_overlap,,False,,archive_adjustment_unverified,legacy_symbol_unattributed
2014,2014-12-31,PFE,0000078003,confirmed_by_multiple_evidence,253,253,2013-12-31,2014-12-31,253,2013-12-31,2014-12-31,252,consistent_overlap,1.2523637064614239e-05,False,yahoo,complete,legacy_symbol_unattributed
2014,2014-12-31,PFG,0001126328,corroborated_candidate,253,253,2013-12-31,2014-12-31,253,2013-12-31,2014-12-31,252,consistent_overlap,2.8625567876583457e-06,False,yahoo,complete,legacy_symbol_unattributed
2014,2014-12-31,PG,0000080424,confirmed_by_multiple_evidence,253,253,2013-12-31,2014-12-31,253,2013-12-31,2014-12-31,252,consistent_overlap,1.8002567066166542e-06,False,yahoo,complete,legacy_symbol_unattributed
2014,2014-12-31,PGR,0000080661,confirmed_by_multiple_evidence,253,253,2013-12-31,2014-12-31,253,2013-12-31,2014-12-31,252,consistent_overlap,4.821649240465132e-06,False,yahoo,complete,legacy_symbol_unattributed
2014,2014-12-31,PH,0000076334,confirmed_by_multiple_evidence,253,253,2013-12-31,2014-12-31,253,2013-12-31,2014-12-31,252,consistent_overlap,1.086740165987533e-06,False,yahoo,complete,legacy_symbol_unattributed
2014,2014-12-31,PHM,0000822416,corroborated_candidate,253,253,2013-12-31,2014-12-31,253,2013-12-31,2014-12-31,252,consistent_overlap,5.1787905899258755e-06,False,yahoo,complete,legacy_symbol_unattributed
2014,2014-12-31,PKI,0000031791,corroborated_candidate,253,0,,,253,2013-12-31,2014-12-31,0,insufficient_overlap,,False,,archive_adjustment_unverified,legacy_symbol_unattributed
2014,2014-12-31,PLD,0001045609,confirmed_by_multiple_evidence,253,253,2013-12-31,2014-12-31,253,2013-12-31,2014-12-31,252,consistent_overlap,3.3339951499855583e-06,False,yahoo,complete,legacy_symbol_unattributed
2014,2014-12-31,PLL,0000075829,corroborated_candidate,253,0,,,0,,,0,insufficient_overlap,,False,,incomplete_prices,legacy_symbol_unattributed
2014,2014-12-31,PM,0001413329,corroborated_candidate,253,253,2013-12-31,2014-12-31,253,2013-12-31,2014-12-31,252,consistent_overlap,1.9880807478145363e-06,False,yahoo,complete,legacy_symbol_unattributed
2014,2014-12-31,PNC,0000713676,confirmed_by_multiple_evidence,253,253,2013-12-31,2014-12-31,253,2013-12-31,2014-12-31,252,consistent_overlap,1.6632356203727384e-06,False,yahoo,complete,legacy_symbol_unattributed
2014,2014-12-31,PNR,0000077360,confirmed_by_multiple_evidence,253,253,2013-12-31,2014-12-31,253,2013-12-31,2014-12-31,252,consistent_overlap,2.43233888713057e-06,False,yahoo,complete,legacy_symbol_unattributed
2014,2014-12-31,PNW,0000764622,corroborated_candidate,253,253,2013-12-31,2014-12-31,253,2013-12-31,2014-12-31,252,consistent_overlap,2.6558348988203754e-06,False,yahoo,complete,legacy_symbol_unattributed
2014,2014-12-31,POM,0001135971,confirmed_by_multiple_evidence,253,0,,,253,2013-12-31,2014-12-31,0,insufficient_overlap,,False,,archive_adjustment_unverified,legacy_symbol_unattributed
2014,2014-12-31,PPG,0000079879,confirmed_by_multiple_evidence,253,253,2013-12-31,2014-12-31,253,2013-12-31,2014-12-31,252,consistent_overlap,1.269259574381288e-06,False,yahoo,complete,legacy_symbol_unattributed
2014,2014-12-31,PPL,0000922224,corroborated_candidate,253,253,2013-12-31,2014-12-31,253,2013-12-31,2014-12-31,252,consistent_overlap,3.8865209717877675e-05,False,yahoo,complete,legacy_symbol_unattributed
2014,2014-12-31,PRGO,0001585364,corroborated_candidate,253,253,2013-12-31,2014-12-31,253,2013-12-31,2014-12-31,252,consistent_overlap,1.0648367719179332e-06,False,yahoo,complete,legacy_symbol_unattributed
2014,2014-12-31,PRU,0001137774,confirmed_by_multiple_evidence,253,253,2013-12-31,2014-12-31,253,2013-12-31,2014-12-31,252,consistent_overlap,1.8438564981904113e-06,False,yahoo,complete,legacy_symbol_unattributed
2014,2014-12-31,PSA,0001393311,corroborated_candidate,253,253,2013-12-31,2014-12-31,253,2013-12-31,2014-12-31,252,consistent_overlap,9.588151016559631e-07,False,yahoo,complete,legacy_symbol_unattributed
2014,2014-12-31,PSX,0001534701,confirmed_by_multiple_evidence,253,253,2013-12-31,2014-12-31,253,2013-12-31,2014-12-31,252,consistent_overlap,1.9054935777640397e-06,False,yahoo,complete,legacy_symbol_unattributed
2014,2014-12-31,PVH,0000078239,corroborated_candidate,253,253,2013-12-31,2014-12-31,253,2013-12-31,2014-12-31,252,consistent_overlap,1.0371871052350393e-06,False,yahoo,complete,legacy_symbol_unattributed
2014,2014-12-31,PWR,0001050915,confirmed_by_multiple_evidence,253,253,2013-12-31,2014-12-31,253,2013-12-31,2014-12-31,252,consistent_overlap,2.7366627285618788e-06,False,yahoo,complete,legacy_symbol_unattributed
2014,2014-12-31,PX,0000884905,confirmed_by_multiple_evidence,253,0,,,0,,,0,insufficient_overlap,,False,,incomplete_prices,legacy_symbol_unattributed
2014,2014-12-31,PXD,0001038357,confirmed_by_multiple_evidence,253,0,,,253,2013-12-31,2014-12-31,0,insufficient_overlap,,False,,archive_adjustment_unverified,legacy_symbol_unattributed
2014,2014-12-31,QCOM,0000804328,corroborated_candidate,253,253,2013-12-31,2014-12-31,253,2013-12-31,2014-12-31,252,consistent_overlap,7.026435606038885e-05,False,yahoo,complete,legacy_symbol_unattributed
2014,2014-12-31,QEP,0001108827,corroborated_candidate,253,0,,,253,2013-12-31,2014-12-31,0,insufficient_overlap,,False,,archive_adjustment_unverified,legacy_symbol_unattributed
2014,2014-12-31,R,0000085961,corroborated_candidate,253,253,2013-12-31,2014-12-31,253,2013-12-31,2014-12-31,252,consistent_overlap,1.605300357347961e-06,False,yahoo,complete,legacy_symbol_unattributed
2014,2014-12-31,RAI,0001275283,corroborated_candidate,253,0,,,253,2013-12-31,2014-12-31,0,insufficient_overlap,,False,,archive_adjustment_unverified,legacy_symbol_unattributed
2014,2014-12-31,RCL,0000884887,corroborated_candidate,253,253,2013-12-31,2014-12-31,253,2013-12-31,2014-12-31,252,consistent_overlap,1.9198217751692513e-06,False,yahoo,complete,legacy_symbol_unattributed
2014,2014-12-31,REGN,0000872589,corroborated_candidate,253,253,2013-12-31,2014-12-31,253,2013-12-31,2014-12-31,252,consistent_overlap,3.737707691220394e-07,False,yahoo,complete,legacy_symbol_unattributed
2014,2014-12-31,RF,0001281761,confirmed_by_multiple_evidence,253,253,2013-12-31,2014-12-31,253,2013-12-31,2014-12-31,252,consistent_overlap,1.1945050314678962e-05,False,yahoo,complete,legacy_symbol_unattributed
2014,2014-12-31,RHI,0000315213,confirmed_by_multiple_evidence,253,253,2013-12-31,2014-12-31,253,2013-12-31,2014-12-31,252,consistent_overlap,2.5294439330125762e-06,False,yahoo,complete,legacy_symbol_unattributed
2014,2014-12-31,RHT,0001087423,confirmed_by_multiple_evidence,253,0,,,253,2013-12-31,2014-12-31,0,insufficient_overlap,,False,,archive_adjustment_unverified,legacy_symbol_unattributed
2014,2014-12-31,RIG,0001451505,corroborated_candidate,253,253,2013-12-31,2014-12-31,253,2013-12-31,2014-12-31,252,consistent_overlap,4.917072474950325e-06,False,yahoo,complete,legacy_symbol_unattributed
2014,2014-12-31,RL,0001037038,corroborated_candidate,253,253,2013-12-31,2014-12-31,253,2013-12-31,2014-12-31,252,consistent_overlap,8.519121295280656e-07,False,yahoo,complete,legacy_symbol_unattributed
2014,2014-12-31,ROK,0001024478,corroborated_candidate,253,253,2013-12-31,2014-12-31,253,2013-12-31,2014-12-31,252,consistent_overlap,1.1829688366049596e-06,False,yahoo,complete,legacy_symbol_unattributed
2014,2014-12-31,ROP,0000882835,corroborated_candidate,253,253,2013-12-31,2014-12-31,253,2013-12-31,2014-12-31,252,consistent_overlap,1.0457936868335518e-06,False,yahoo,complete,legacy_symbol_unattributed
2014,2014-12-31,ROST,0000745732,corroborated_candidate,253,253,2013-12-31,2014-12-31,253,2013-12-31,2014-12-31,252,consistent_overlap,5.5655990071263894e-05,False,yahoo,complete,legacy_symbol_unattributed
2014,2014-12-31,RRC,0000315852,confirmed_by_multiple_evidence,253,253,2013-12-31,2014-12-31,253,2013-12-31,2014-12-31,252,consistent_overlap,1.2645722324711174e-06,False,yahoo,complete,legacy_symbol_unattributed
2014,2014-12-31,RSG,0001060391,corroborated_candidate,253,253,2013-12-31,2014-12-31,253,2013-12-31,2014-12-31,252,consistent_overlap,3.067134444147969e-06,False,yahoo,complete,legacy_symbol_unattributed
2014,2014-12-31,RTN,0001047122,confirmed_by_multiple_evidence,253,0,,,253,2013-12-31,2014-12-31,0,insufficient_overlap,,False,,archive_adjustment_unverified,legacy_symbol_unattributed
2014,2014-12-31,SBUX,0000829224,corroborated_candidate,253,253,2013-12-31,2014-12-31,253,2013-12-31,2014-12-31,252,consistent_overlap,0.0034665211165264033,False,yahoo,complete,legacy_symbol_unattributed
2014,2014-12-31,SCG,0000754737,corroborated_candidate,253,0,,,253,2013-12-31,2014-12-31,0,insufficient_overlap,,False,,archive_adjustment_unverified,legacy_symbol_unattributed
2014,2014-12-31,SCHW,0000316709,confirmed_by_multiple_evidence,253,253,2013-12-31,2014-12-31,253,2013-12-31,2014-12-31,252,consistent_overlap,3.765839360061474e-06,False,yahoo,complete,legacy_symbol_unattributed
2014,2014-12-31,SE,0001373835,confirmed_by_multiple_evidence,253,0,,,0,,,0,insufficient_overlap,,False,,incomplete_prices,legacy_symbol_unattributed
2014,2014-12-31,SEE,0001012100,confirmed_by_multiple_evidence,253,0,,,253,2013-12-31,2014-12-31,0,insufficient_overlap,,False,,archive_adjustment_unverified,legacy_symbol_unattributed
2014,2014-12-31,SHW,0000089800,corroborated_candidate,253,253,2013-12-31,2014-12-31,253,2013-12-31,2014-12-31,252,consistent_overlap,1.7151828376660294e-06,False,yahoo,complete,legacy_symbol_unattributed
2014,2014-12-31,SIAL,0000090185,corroborated_candidate,253,0,,,253,2013-12-31,2014-12-31,0,insufficient_overlap,,False,,archive_adjustment_unverified,legacy_symbol_unattributed
2014,2014-12-31,SJM,0000091419,corroborated_candidate,253,253,2013-12-31,2014-12-31,253,2013-12-31,2014-12-31,252,consistent_overlap,1.7008106482996345e-06,False,yahoo,complete,legacy_symbol_unattributed
2014,2014-12-31,SLB,0000087347,confirmed_by_multiple_evidence,253,253,2013-12-31,2014-12-31,253,2013-12-31,2014-12-31,252,consistent_overlap,1.4375829991197798e-06,False,yahoo,complete,legacy_symbol_unattributed
2014,2014-12-31,SNA,0000091440,confirmed_by_multiple_evidence,253,253,2013-12-31,2014-12-31,253,2013-12-31,2014-12-31,252,consistent_overlap,1.3759319593575913e-06,False,yahoo,complete,legacy_symbol_unattributed
2014,2014-12-31,SNDK,0001000180,corroborated_candidate,253,0,,,0,,,0,insufficient_overlap,,False,,incomplete_prices,legacy_symbol_unattributed
2014,2014-12-31,SNI,0001430602,corroborated_candidate,253,0,,,253,2013-12-31,2014-12-31,0,insufficient_overlap,,False,,archive_adjustment_unverified,legacy_symbol_unattributed
2014,2014-12-31,SO,0000092122,corroborated_candidate,253,253,2013-12-31,2014-12-31,253,2013-12-31,2014-12-31,252,consistent_overlap,3.4739764705227223e-06,False,yahoo,complete,legacy_symbol_unattributed
2014,2014-12-31,SPG,0001063761,corroborated_candidate,253,253,2013-12-31,2014-12-31,253,2013-12-31,2014-12-31,252,consistent_overlap,3.745332968685401e-06,False,yahoo,complete,legacy_symbol_unattributed
2014,2014-12-31,SPGI,0000064040,corroborated_candidate,253,253,2013-12-31,2014-12-31,253,2013-12-31,2014-12-31,252,consistent_overlap,1.3249327231279473e-06,False,yahoo,complete,legacy_symbol_unattributed
2014,2014-12-31,SPLS,0000791519,corroborated_candidate,253,0,,,253,2013-12-31,2014-12-31,0,insufficient_overlap,,False,,archive_adjustment_unverified,legacy_symbol_unattributed
2014,2014-12-31,SRCL,0000861878,confirmed_by_multiple_evidence,253,0,,,253,2013-12-31,2014-12-31,0,insufficient_overlap,,False,,archive_adjustment_unverified,legacy_symbol_unattributed
2014,2014-12-31,SRE,,,253,253,2013-12-31,2014-12-31,253,2013-12-31,2014-12-31,252,consistent_overlap,2.6155368680935714e-06,False,,identity_unresolved,legacy_symbol_unattributed
2014,2014-12-31,STI,0000750556,confirmed_by_multiple_evidence,253,0,,,0,,,0,insufficient_overlap,,False,,incomplete_prices,legacy_symbol_unattributed
2014,2014-12-31,STJ,0000203077,corroborated_candidate,253,0,,,253,2013-12-31,2014-12-31,0,insufficient_overlap,,False,,archive_adjustment_unverified,legacy_symbol_unattributed
2014,2014-12-31,STT,0000093751,corroborated_candidate,253,253,2013-12-31,2014-12-31,253,2013-12-31,2014-12-31,252,consistent_overlap,1.7145451362809984e-06,False,yahoo,complete,legacy_symbol_unattributed
2014,2014-12-31,STX,0001137789,corroborated_candidate,253,253,2013-12-31,2014-12-31,253,2013-12-31,2014-12-31,252,consistent_overlap,8.944644328776954e-05,False,yahoo,complete,legacy_symbol_unattributed
2014,2014-12-31,STZ,0000016918,corroborated_candidate,253,253,2013-12-31,2014-12-31,253,2013-12-31,2014-12-31,252,consistent_overlap,1.3998714908836085e-06,False,yahoo,complete,legacy_symbol_unattributed
2014,2014-12-31,SWK,0000093556,confirmed_by_multiple_evidence,253,253,2013-12-31,2014-12-31,253,2013-12-31,2014-12-31,252,consistent_overlap,1.6594819505000303e-06,False,yahoo,complete,legacy_symbol_unattributed
2014,2014-12-31,SWN,0000007332,confirmed_by_multiple_evidence,253,0,,,253,2013-12-31,2014-12-31,0,insufficient_overlap,,False,,archive_adjustment_unverified,legacy_symbol_unattributed
2014,2014-12-31,SWY,0000086144,corroborated_candidate,253,0,,,253,2013-12-31,2014-12-31,0,insufficient_overlap,,False,,archive_adjustment_unverified,legacy_symbol_unattributed
2014,2014-12-31,SYK,0000310764,confirmed_by_multiple_evidence,253,253,2013-12-31,2014-12-31,253,2013-12-31,2014-12-31,252,consistent_overlap,1.2647845821600612e-06,False,yahoo,complete,legacy_symbol_unattributed
2014,2014-12-31,SYMC,0000849399,corroborated_candidate,253,0,,,253,2013-12-31,2014-12-31,0,insufficient_overlap,,False,,archive_adjustment_unverified,legacy_symbol_unattributed
2014,2014-12-31,SYY,0000096021,corroborated_candidate,253,253,2013-12-31,2014-12-31,253,2013-12-31,2014-12-31,252,consistent_overlap,3.313677477631006e-06,False,yahoo,complete,legacy_symbol_unattributed
2014,2014-12-31,T,0000732717,corroborated_candidate,253,253,2013-12-31,2014-12-31,253,2013-12-31,2014-12-31,252,consistent_overlap,0.00425528642524985,False,yahoo,complete,legacy_symbol_unattributed
2014,2014-12-31,TAP,0000024545,confirmed_by_multiple_evidence,253,253,2013-12-31,2014-12-31,253,2013-12-31,2014-12-31,252,consistent_overlap,1.890191673099562e-06,False,yahoo,complete,legacy_symbol_unattributed
2014,2014-12-31,TDC,0000816761,confirmed_by_multiple_evidence,253,253,2013-12-31,2014-12-31,253,2013-12-31,2014-12-31,252,consistent_overlap,2.251344259138755e-06,False,yahoo,complete,legacy_symbol_unattributed
2014,2014-12-31,TE,0000350563,confirmed_by_multiple_evidence,253,0,,,0,,,0,insufficient_overlap,,False,,incomplete_prices,legacy_symbol_unattributed
2014,2014-12-31,TEG,0000916863,corroborated_candidate,253,0,,,253,2013-12-31,2014-12-31,0,insufficient_overlap,,False,,archive_adjustment_unverified,legacy_symbol_unattributed
2014,2014-12-31,TEL,0001385157,corroborated_candidate,253,253,2013-12-31,2014-12-31,253,2013-12-31,2014-12-31,252,consistent_overlap,1.8734042426848952e-06,False,yahoo,complete,legacy_symbol_unattributed
2014,2014-12-31,TGNA,,,253,0,,,253,2013-12-31,2014-12-31,0,insufficient_overlap,,False,,identity_unresolved,legacy_symbol_unattributed
2014,2014-12-31,TGT,0000027419,corroborated_candidate,253,253,2013-12-31,2014-12-31,253,2013-12-31,2014-12-31,252,consistent_overlap,1.95703665935465e-06,False,yahoo,complete,legacy_symbol_unattributed
2014,2014-12-31,THC,0000070318,corroborated_candidate,253,253,2013-12-31,2014-12-31,253,2013-12-31,2014-12-31,252,consistent_overlap,7.498847853115726e-08,False,yahoo,complete,legacy_symbol_unattributed
2014,2014-12-31,TIF,0000098246,confirmed_by_multiple_evidence,253,0,,,253,2013-12-31,2014-12-31,0,insufficient_overlap,,False,,archive_adjustment_unverified,legacy_symbol_unattributed
2014,2014-12-31,TJX,0000109198,confirmed_by_multiple_evidence,253,253,2013-12-31,2014-12-31,253,2013-12-31,2014-12-31,252,consistent_overlap,3.721248581979309e-06,False,yahoo,complete,legacy_symbol_unattributed
2014,2014-12-31,TMK,0000320335,confirmed_by_multiple_evidence,253,0,,,253,2013-12-31,2014-12-31,0,insufficient_overlap,,False,,archive_adjustment_unverified,legacy_symbol_unattributed
2014,2014-12-31,TMO,0000097745,corroborated_candidate,253,253,2013-12-31,2014-12-31,253,2013-12-31,2014-12-31,252,consistent_overlap,1.014076686814969e-06,False,yahoo,complete,legacy_symbol_unattributed
2014,2014-12-31,TPR,,,253,253,2013-12-31,2014-12-31,253,2013-12-31,2014-12-31,252,consistent_overlap,1.1348234033421471e-05,False,,identity_unresolved,legacy_symbol_unattributed
2014,2014-12-31,TRIP,0001526520,corroborated_candidate,253,253,2013-12-31,2014-12-31,253,2013-12-31,2014-12-31,252,consistent_overlap,6.820876233096908e-05,False,yahoo,complete,legacy_symbol_unattributed
2014,2014-12-31,TROW,,,253,253,2013-12-31,2014-12-31,253,2013-12-31,2014-12-31,252,consistent_overlap,6.263554468123767e-05,False,,identity_unresolved,legacy_symbol_unattributed
2014,2014-12-31,TRV,0000086312,corroborated_candidate,253,253,2013-12-31,2014-12-31,253,2013-12-31,2014-12-31,252,consistent_overlap,1.3618500793199929e-06,False,yahoo,complete,legacy_symbol_unattributed
2014,2014-12-31,TSCO,0000916365,corroborated_candidate,253,253,2013-12-31,2014-12-31,253,2013-12-31,2014-12-31,252,consistent_overlap,7.627045583551433e-06,False,yahoo,complete,legacy_symbol_unattributed
2014,2014-12-31,TSN,0000100493,corroborated_candidate,253,253,2013-12-31,2014-12-31,253,2013-12-31,2014-12-31,252,consistent_overlap,2.9586389102653765e-06,False,yahoo,complete,legacy_symbol_unattributed
2014,2014-12-31,TSS,0000721683,confirmed_by_multiple_evidence,253,0,,,253,2013-12-31,2014-12-31,0,insufficient_overlap,,False,,archive_adjustment_unverified,legacy_symbol_unattributed
2014,2014-12-31,TWC,0001377013,corroborated_candidate,253,0,,,253,2013-12-31,2014-12-31,0,insufficient_overlap,,False,,archive_adjustment_unverified,legacy_symbol_unattributed
2014,2014-12-31,TWX,0001105705,corroborated_candidate,253,0,,,253,2013-12-31,2014-12-31,0,insufficient_overlap,,False,,archive_adjustment_unverified,legacy_symbol_unattributed
2014,2014-12-31,TXN,0000097476,corroborated_candidate,253,253,2013-12-31,2014-12-31,253,2013-12-31,2014-12-31,252,consistent_overlap,2.7166178050075382e-06,False,yahoo,complete,legacy_symbol_unattributed
2014,2014-12-31,TXT,0000217346,corroborated_candidate,253,253,2013-12-31,2014-12-31,253,2013-12-31,2014-12-31,252,consistent_overlap,2.6772299818533804e-06,False,yahoo,complete,legacy_symbol_unattributed
2014,2014-12-31,UAA,,,253,253,2013-12-31,2014-12-31,253,2013-12-31,2014-12-31,252,consistent_overlap,2.994449719284644e-06,False,,identity_unresolved,legacy_symbol_unattributed
2014,2014-12-31,UHS,0000352915,confirmed_by_multiple_evidence,253,253,2013-12-31,2014-12-31,253,2013-12-31,2014-12-31,252,consistent_overlap,1.3043876643503713e-06,False,yahoo,complete,legacy_symbol_unattributed
2014,2014-12-31,UNH,0000731766,corroborated_candidate,253,253,2013-12-31,2014-12-31,253,2013-12-31,2014-12-31,252,consistent_overlap,1.6377385236099341e-06,False,yahoo,complete,legacy_symbol_unattributed
2014,2014-12-31,UNM,0000005513,confirmed_by_multiple_evidence,253,253,2013-12-31,2014-12-31,253,2013-12-31,2014-12-31,252,consistent_overlap,3.5933730349024823e-06,False,yahoo,complete,legacy_symbol_unattributed
2014,2014-12-31,UNP,0000100885,corroborated_candidate,253,253,2013-12-31,2014-12-31,253,2013-12-31,2014-12-31,252,consistent_overlap,1.3266441926962358e-06,False,yahoo,complete,legacy_symbol_unattributed
2014,2014-12-31,UPS,0001090727,confirmed_by_multiple_evidence,253,253,2013-12-31,2014-12-31,253,2013-12-31,2014-12-31,252,consistent_overlap,1.5000856671898436e-06,False,yahoo,complete,legacy_symbol_unattributed
2014,2014-12-31,URBN,0000912615,confirmed_by_multiple_evidence,253,253,2013-12-31,2014-12-31,253,2013-12-31,2014-12-31,252,consistent_overlap,9.052472334847295e-08,False,yahoo,complete,legacy_symbol_unattributed
2014,2014-12-31,URI,0001067701,corroborated_candidate,253,253,2013-12-31,2014-12-31,253,2013-12-31,2014-12-31,252,consistent_overlap,1.019138597859737e-06,False,yahoo,complete,legacy_symbol_unattributed
2014,2014-12-31,USB,0000036104,confirmed_by_multiple_evidence,253,253,2013-12-31,2014-12-31,253,2013-12-31,2014-12-31,252,consistent_overlap,2.998200082491298e-06,False,yahoo,complete,legacy_symbol_unattributed
2014,2014-12-31,UTX,0000101829,corroborated_candidate,253,0,,,253,2013-12-31,2014-12-31,0,insufficient_overlap,,False,,archive_adjustment_unverified,legacy_symbol_unattributed
2014,2014-12-31,V,0001403161,corroborated_candidate,253,253,2013-12-31,2014-12-31,253,2013-12-31,2014-12-31,252,consistent_overlap,1.8857198873423206e-06,False,yahoo,complete,legacy_symbol_unattributed
2014,2014-12-31,VAR,0000203527,confirmed_by_multiple_evidence,253,0,,,253,2013-12-31,2014-12-31,0,insufficient_overlap,,False,,archive_adjustment_unverified,legacy_symbol_unattributed
2014,2014-12-31,VFC,0000103379,confirmed_by_multiple_evidence,253,253,2013-12-31,2014-12-31,253,2013-12-31,2014-12-31,252,consistent_overlap,2.344294372678137e-06,False,yahoo,complete,legacy_symbol_unattributed
2014,2014-12-31,VIAB,0001339947,corroborated_candidate,253,0,,,253,2013-12-31,2014-12-31,0,insufficient_overlap,,False,,archive_adjustment_unverified,legacy_symbol_unattributed
2014,2014-12-31,VLO,0001035002,corroborated_candidate,253,253,2013-12-31,2014-12-31,253,2013-12-31,2014-12-31,252,consistent_overlap,2.982070352020028e-06,False,yahoo,complete,legacy_symbol_unattributed
2014,2014-12-31,VMC,0001396009,confirmed_by_multiple_evidence,253,253,2013-12-31,2014-12-31,253,2013-12-31,2014-12-31,252,consistent_overlap,1.575440787926486e-06,False,yahoo,complete,legacy_symbol_unattributed
2014,2014-12-31,VNO,0000899689,corroborated_candidate,253,253,2013-12-31,2014-12-31,253,2013-12-31,2014-12-31,252,consistent_overlap,3.2651885109680237e-06,False,yahoo,complete,legacy_symbol_unattributed
2014,2014-12-31,VRSN,0001014473,corroborated_candidate,253,253,2013-12-31,2014-12-31,253,2013-12-31,2014-12-31,252,consistent_overlap,9.810909217314202e-05,False,yahoo,complete,legacy_symbol_unattributed
2014,2014-12-31,VRTX,0000875320,corroborated_candidate,253,253,2013-12-31,2014-12-31,253,2013-12-31,2014-12-31,252,consistent_overlap,8.484352079785045e-08,False,yahoo,complete,legacy_symbol_unattributed
2014,2014-12-31,VTR,0000740260,corroborated_candidate,253,253,2013-12-31,2014-12-31,253,2013-12-31,2014-12-31,252,consistent_overlap,0.0001693949107821791,False,yahoo,complete,legacy_symbol_unattributed
2014,2014-12-31,VZ,0000732712,confirmed_by_multiple_evidence,253,253,2013-12-31,2014-12-31,253,2013-12-31,2014-12-31,252,consistent_overlap,3.163575252909112e-06,False,yahoo,complete,legacy_symbol_unattributed
2014,2014-12-31,WAT,0001000697,corroborated_candidate,253,253,2013-12-31,2014-12-31,253,2013-12-31,2014-12-31,252,consistent_overlap,6.21020698277075e-08,False,yahoo,complete,legacy_symbol_unattributed
2014,2014-12-31,WBA,0001618921,corroborated_candidate,253,0,,,253,2013-12-31,2014-12-31,0,insufficient_overlap,,False,,archive_adjustment_unverified,legacy_symbol_unattributed
2014,2014-12-31,WDC,0000106040,confirmed_by_multiple_evidence,253,253,2013-12-31,2014-12-31,253,2013-12-31,2014-12-31,252,consistent_overlap,0.0005317194557891967,False,yahoo,complete,legacy_symbol_unattributed
2014,2014-12-31,WEC,0000783325,corroborated_candidate,253,253,2013-12-31,2014-12-31,253,2013-12-31,2014-12-31,252,consistent_overlap,2.921648324741844e-06,False,yahoo,complete,legacy_symbol_unattributed
2014,2014-12-31,WELL,0000766704,corroborated_candidate,253,253,2013-12-31,2014-12-31,253,2013-12-31,2014-12-31,252,consistent_overlap,2.304589677397662e-06,False,yahoo,complete,legacy_symbol_unattributed
2014,2014-12-31,WFC,0000072971,corroborated_candidate,253,253,2013-12-31,2014-12-31,253,2013-12-31,2014-12-31,252,consistent_overlap,2.7622127374915548e-06,False,yahoo,complete,legacy_symbol_unattributed
2014,2014-12-31,WFM,0000865436,corroborated_candidate,253,0,,,253,2013-12-31,2014-12-31,0,insufficient_overlap,,False,,archive_adjustment_unverified,legacy_symbol_unattributed
2014,2014-12-31,WHR,0000106640,corroborated_candidate,253,253,2013-12-31,2014-12-31,253,2013-12-31,2014-12-31,252,consistent_overlap,1.0352897049792368e-06,False,yahoo,complete,legacy_symbol_unattributed
2014,2014-12-31,WIN,0001282266,corroborated_candidate,253,0,,,253,2013-12-31,2014-12-31,0,insufficient_overlap,,False,,archive_adjustment_unverified,legacy_symbol_unattributed
2014,2014-12-31,WM,0000823768,confirmed_by_multiple_evidence,253,253,2013-12-31,2014-12-31,253,2013-12-31,2014-12-31,252,consistent_overlap,2.729797632476938e-06,False,yahoo,complete,legacy_symbol_unattributed
2014,2014-12-31,WMB,0000107263,corroborated_candidate,253,253,2013-12-31,2014-12-31,253,2013-12-31,2014-12-31,252,consistent_overlap,3.54117855348779e-06,False,yahoo,complete,legacy_symbol_unattributed
2014,2014-12-31,WMT,0000104169,corroborated_candidate,253,253,2013-12-31,2014-12-31,253,2013-12-31,2014-12-31,252,consistent_overlap,4.1474431204115996e-05,False,yahoo,complete,legacy_symbol_unattributed
2014,2014-12-31,WU,0001365135,corroborated_candidate,253,253,2013-12-31,2014-12-31,253,2013-12-31,2014-12-31,252,consistent_overlap,8.382651284739584e-06,False,yahoo,complete,legacy_symbol_unattributed
2014,2014-12-31,WY,0000106535,confirmed_by_multiple_evidence,253,253,2013-12-31,2014-12-31,253,2013-12-31,2014-12-31,252,consistent_overlap,4.3966048788091076e-06,False,yahoo,complete,legacy_symbol_unattributed
2014,2014-12-31,WYND,,,253,0,,,0,,,0,insufficient_overlap,,False,,identity_unresolved,legacy_symbol_unattributed
2014,2014-12-31,WYNN,0001174922,confirmed_by_multiple_evidence,253,253,2013-12-31,2014-12-31,253,2013-12-31,2014-12-31,252,consistent_overlap,2.7425304070757274e-05,False,yahoo,complete,legacy_symbol_unattributed
2014,2014-12-31,XEC,0001168054,corroborated_candidate,253,0,,,253,2013-12-31,2014-12-31,0,insufficient_overlap,,False,,archive_adjustment_unverified,legacy_symbol_unattributed
2014,2014-12-31,XEL,0000072903,corroborated_candidate,253,253,2013-12-31,2014-12-31,253,2013-12-31,2014-12-31,252,consistent_overlap,4.024219396552287e-06,False,yahoo,complete,legacy_symbol_unattributed
2014,2014-12-31,XL,0000875159,corroborated_candidate,253,0,,,0,,,0,insufficient_overlap,,False,,incomplete_prices,legacy_symbol_unattributed
2014,2014-12-31,XLNX,0000743988,corroborated_candidate,253,0,,,253,2013-12-31,2014-12-31,0,insufficient_overlap,,False,,archive_adjustment_unverified,legacy_symbol_unattributed
2014,2014-12-31,XOM,,,253,253,2013-12-31,2014-12-31,253,2013-12-31,2014-12-31,252,consistent_overlap,1.632905500126292e-06,False,,identity_unresolved,legacy_symbol_unattributed
2014,2014-12-31,XRAY,0000818479,confirmed_by_multiple_evidence,253,253,2013-12-31,2014-12-31,253,2013-12-31,2014-12-31,252,consistent_overlap,0.00010989080515837136,False,yahoo,complete,legacy_symbol_unattributed
2014,2014-12-31,XRX,,,253,253,2013-12-31,2014-12-31,253,2013-12-31,2014-12-31,252,consistent_overlap,3.707511779744044e-05,False,,identity_unresolved,legacy_symbol_unattributed
2014,2014-12-31,XYL,0001524472,corroborated_candidate,253,253,2013-12-31,2014-12-31,253,2013-12-31,2014-12-31,252,consistent_overlap,2.866996289740966e-06,False,yahoo,complete,legacy_symbol_unattributed
2014,2014-12-31,YUM,0001041061,corroborated_candidate,253,253,2013-12-31,2014-12-31,253,2013-12-31,2014-12-31,252,consistent_overlap,0.004732240377695897,False,yahoo,complete,legacy_symbol_unattributed
2014,2014-12-31,ZBH,,,253,253,2013-12-31,2014-12-31,253,2013-12-31,2014-12-31,252,consistent_overlap,1.536057726068135e-06,False,,identity_unresolved,legacy_symbol_unattributed
2014,2014-12-31,ZION,0000109380,confirmed_by_multiple_evidence,253,253,2013-12-31,2014-12-31,253,2013-12-31,2014-12-31,252,consistent_overlap,0.00018041452993180606,False,yahoo,complete,legacy_symbol_unattributed
2014,2014-12-31,ZTS,0001555280,confirmed_by_multiple_evidence,253,253,2013-12-31,2014-12-31,253,2013-12-31,2014-12-31,252,consistent_overlap,3.232167885623971e-06,False,yahoo,complete,legacy_symbol_unattributed
2014,2014-12-31,SPY,,benchmark,253,253,2013-12-31,2014-12-31,0,,,0,not_applicable,,False,yahoo,complete,benchmark
2015,2015-12-31,A,0001090872,corroborated_candidate,253,253,2014-12-31,2015-12-31,253,2014-12-31,2015-12-31,252,consistent_overlap,2.872896997776487e-06,False,yahoo,complete,legacy_symbol_unattributed
2015,2015-12-31,AABA,,,253,0,,,253,2014-12-31,2015-12-31,0,insufficient_overlap,,False,,identity_unresolved,legacy_symbol_unattributed
2015,2015-12-31,AAL,0000006201,confirmed_by_multiple_evidence,253,253,2014-12-31,2015-12-31,253,2014-12-31,2015-12-31,252,consistent_overlap,2.1007121479443843e-06,False,yahoo,complete,legacy_symbol_unattributed
2015,2015-12-31,AAP,0001158449,corroborated_candidate,253,253,2014-12-31,2015-12-31,253,2014-12-31,2015-12-31,252,consistent_overlap,8.998031799101194e-07,False,yahoo,complete,legacy_symbol_unattributed
2015,2015-12-31,AAPL,0000320193,confirmed_by_multiple_evidence,253,253,2014-12-31,2015-12-31,253,2014-12-31,2015-12-31,252,consistent_overlap,3.3308931559039586e-06,False,yahoo,complete,legacy_symbol_unattributed
2015,2015-12-31,ABBV,0001551152,corroborated_candidate,253,253,2014-12-31,2015-12-31,253,2014-12-31,2015-12-31,252,consistent_overlap,2.219774150662435e-06,False,yahoo,complete,legacy_symbol_unattributed
2015,2015-12-31,ABC,0001140859,corroborated_candidate,253,0,,,253,2014-12-31,2015-12-31,0,insufficient_overlap,,False,,archive_adjustment_unverified,legacy_symbol_unattributed
2015,2015-12-31,ABT,0000001800,corroborated_candidate,253,253,2014-12-31,2015-12-31,253,2014-12-31,2015-12-31,252,consistent_overlap,2.266298331274897e-06,False,yahoo,complete,legacy_symbol_unattributed
2015,2015-12-31,ACN,0001467373,confirmed_by_multiple_evidence,253,253,2014-12-31,2015-12-31,253,2014-12-31,2015-12-31,252,consistent_overlap,1.336693288260804e-06,False,yahoo,complete,legacy_symbol_unattributed
2015,2015-12-31,ADBE,0000796343,corroborated_candidate,253,253,2014-12-31,2015-12-31,253,2014-12-31,2015-12-31,252,consistent_overlap,6.567358744829166e-05,False,yahoo,complete,legacy_symbol_unattributed
2015,2015-12-31,ADI,0000006281,corroborated_candidate,253,253,2014-12-31,2015-12-31,253,2014-12-31,2015-12-31,252,consistent_overlap,1.9238703993751384e-06,False,yahoo,complete,legacy_symbol_unattributed
2015,2015-12-31,ADM,0000007084,corroborated_candidate,253,253,2014-12-31,2015-12-31,253,2014-12-31,2015-12-31,252,consistent_overlap,2.9285039702675614e-06,False,yahoo,complete,legacy_symbol_unattributed
2015,2015-12-31,ADP,0000008670,corroborated_candidate,253,253,2014-12-31,2015-12-31,253,2014-12-31,2015-12-31,252,consistent_overlap,1.4972084993170047e-06,False,yahoo,complete,legacy_symbol_unattributed
2015,2015-12-31,ADS,0001101215,corroborated_candidate,253,0,,,253,2014-12-31,2015-12-31,0,insufficient_overlap,,False,,archive_adjustment_unverified,legacy_symbol_unattributed
2015,2015-12-31,ADSK,0000769397,confirmed_by_multiple_evidence,253,253,2014-12-31,2015-12-31,253,2014-12-31,2015-12-31,252,consistent_overlap,9.568150594885916e-05,False,yahoo,complete,legacy_symbol_unattributed
2015,2015-12-31,ADT,0001546640,confirmed_by_multiple_evidence,253,0,,,0,,,0,insufficient_overlap,,False,,incomplete_prices,legacy_symbol_unattributed
2015,2015-12-31,AEE,0001002910,confirmed_by_multiple_evidence,253,253,2014-12-31,2015-12-31,253,2014-12-31,2015-12-31,252,consistent_overlap,3.1480551479567983e-06,False,yahoo,complete,legacy_symbol_unattributed
2015,2015-12-31,AEP,0000004904,corroborated_candidate,253,253,2014-12-31,2015-12-31,253,2014-12-31,2015-12-31,252,consistent_overlap,2.408265694949786e-06,False,yahoo,complete,legacy_symbol_unattributed
2015,2015-12-31,AES,0000874761,confirmed_by_multiple_evidence,253,253,2014-12-31,2015-12-31,253,2014-12-31,2015-12-31,252,consistent_overlap,9.920590328620361e-06,False,yahoo,complete,legacy_symbol_unattributed
2015,2015-12-31,AET,0001122304,corroborated_candidate,253,0,,,253,2014-12-31,2015-12-31,0,insufficient_overlap,,False,,archive_adjustment_unverified,legacy_symbol_unattributed
2015,2015-12-31,AFL,0000004977,confirmed_by_multiple_evidence,253,253,2014-12-31,2015-12-31,253,2014-12-31,2015-12-31,252,consistent_overlap,3.73806990000225e-06,False,yahoo,complete,legacy_symbol_unattributed
2015,2015-12-31,AGN,,,253,0,,,253,2014-12-31,2015-12-31,0,insufficient_overlap,,True,,ticker_recycled,legacy_symbol_unattributed
2015,2015-12-31,AIG,0000005272,corroborated_candidate,253,253,2014-12-31,2015-12-31,253,2014-12-31,2015-12-31,252,consistent_overlap,2.0741818296587956e-06,False,yahoo,complete,legacy_symbol_unattributed
2015,2015-12-31,AIV,0000922864,corroborated_candidate,253,253,2014-12-31,2015-12-31,253,2014-12-31,2015-12-31,252,divergent_overlap,0.007442891900729723,False,yahoo,complete,legacy_symbol_unattributed
2015,2015-12-31,AIZ,0001267238,confirmed_by_multiple_evidence,253,253,2014-12-31,2015-12-31,253,2014-12-31,2015-12-31,252,consistent_overlap,1.876193293124384e-06,False,yahoo,complete,legacy_symbol_unattributed
2015,2015-12-31,AKAM,0001086222,corroborated_candidate,253,253,2014-12-31,2015-12-31,253,2014-12-31,2015-12-31,252,consistent_overlap,9.371165496780411e-05,False,yahoo,complete,legacy_symbol_unattributed
2015,2015-12-31,ALL,0000899051,corroborated_candidate,253,253,2014-12-31,2015-12-31,253,2014-12-31,2015-12-31,252,consistent_overlap,1.895145426639156e-06,False,yahoo,complete,legacy_symbol_unattributed
2015,2015-12-31,ALLE,0001579241,corroborated_candidate,253,253,2014-12-31,2015-12-31,253,2014-12-31,2015-12-31,252,consistent_overlap,1.7567795492745565e-06,False,yahoo,complete,legacy_symbol_unattributed
2015,2015-12-31,ALXN,0000899866,corroborated_candidate,253,0,,,253,2014-12-31,2015-12-31,0,insufficient_overlap,,False,,archive_adjustment_unverified,legacy_symbol_unattributed
2015,2015-12-31,AMAT,0000006951,corroborated_candidate,253,253,2014-12-31,2015-12-31,253,2014-12-31,2015-12-31,252,consistent_overlap,0.00032282692919603296,False,yahoo,complete,legacy_symbol_unattributed
2015,2015-12-31,AME,0001037868,confirmed_by_multiple_evidence,253,253,2014-12-31,2015-12-31,253,2014-12-31,2015-12-31,252,consistent_overlap,1.821659121539199e-06,False,yahoo,complete,legacy_symbol_unattributed
2015,2015-12-31,AMG,0001004434,corroborated_candidate,253,253,2014-12-31,2015-12-31,253,2014-12-31,2015-12-31,252,consistent_overlap,7.321549078709305e-07,False,yahoo,complete,legacy_symbol_unattributed
2015,2015-12-31,AMGN,0000318154,corroborated_candidate,253,253,2014-12-31,2015-12-31,253,2014-12-31,2015-12-31,252,consistent_overlap,1.1767708562304695e-06,False,yahoo,complete,legacy_symbol_unattributed
2015,2015-12-31,AMP,0000820027,corroborated_candidate,253,253,2014-12-31,2015-12-31,253,2014-12-31,2015-12-31,252,consistent_overlap,1.0458262156665121e-06,False,yahoo,complete,legacy_symbol_unattributed
2015,2015-12-31,AMT,0001053507,corroborated_candidate,253,253,2014-12-31,2015-12-31,253,2014-12-31,2015-12-31,252,consistent_overlap,1.4838907027070472e-06,False,yahoo,complete,legacy_symbol_unattributed
2015,2015-12-31,AMZN,0001018724,confirmed_by_multiple_evidence,253,253,2014-12-31,2015-12-31,253,2014-12-31,2015-12-31,252,consistent_overlap,1.0773401973862562e-05,False,yahoo,complete,legacy_symbol_unattributed
2015,2015-12-31,AN,0000350698,confirmed_by_multiple_evidence,253,253,2014-12-31,2015-12-31,253,2014-12-31,2015-12-31,252,consistent_overlap,7.871359973155028e-08,False,yahoo,complete,legacy_symbol_unattributed
2015,2015-12-31,ANDV,0000050104,corroborated_candidate,253,0,,,253,2014-12-31,2015-12-31,0,insufficient_overlap,,False,,archive_adjustment_unverified,legacy_symbol_unattributed
2015,2015-12-31,ANTM,0001156039,corroborated_candidate,253,0,,,253,2014-12-31,2015-12-31,0,insufficient_overlap,,False,,archive_adjustment_unverified,legacy_symbol_unattributed
2015,2015-12-31,AON,0000315293,corroborated_candidate,253,253,2014-12-31,2015-12-31,253,2014-12-31,2015-12-31,252,consistent_overlap,1.2347693791170405e-06,False,yahoo,complete,legacy_symbol_unattributed
2015,2015-12-31,APA,,,253,253,2014-12-31,2015-12-31,253,2014-12-31,2015-12-31,252,consistent_overlap,2.417027432587428e-06,False,,identity_unresolved,legacy_symbol_unattributed
2015,2015-12-31,APC,0000773910,confirmed_by_multiple_evidence,253,0,,,253,2014-12-31,2015-12-31,0,insufficient_overlap,,False,,archive_adjustment_unverified,legacy_symbol_unattributed
2015,2015-12-31,APD,0000002969,corroborated_candidate,253,253,2014-12-31,2015-12-31,253,2014-12-31,2015-12-31,252,divergent_overlap,0.005449377265224244,False,yahoo,complete,legacy_symbol_unattributed
2015,2015-12-31,APH,0000820313,corroborated_candidate,253,253,2014-12-31,2015-12-31,253,2014-12-31,2015-12-31,252,consistent_overlap,7.080237508702015e-06,False,yahoo,complete,legacy_symbol_unattributed
2015,2015-12-31,APTV,0001521332,corroborated_candidate,253,253,2014-12-31,2015-12-31,253,2014-12-31,2015-12-31,252,consistent_overlap,1.4263050171647863e-06,False,yahoo,complete,legacy_symbol_unattributed
2015,2015-12-31,ARG,0000804212,confirmed_by_multiple_evidence,253,0,,,253,2014-12-31,2015-12-31,0,insufficient_overlap,,False,,archive_adjustment_unverified,legacy_symbol_unattributed
2015,2015-12-31,ARNC,,,253,0,,,0,,,0,insufficient_overlap,,False,,identity_unresolved,legacy_symbol_unattributed
2015,2015-12-31,ATVI,,,253,0,,,253,2014-12-31,2015-12-31,0,insufficient_overlap,,False,,identity_unresolved,legacy_symbol_unattributed
2015,2015-12-31,AVB,0000915912,corroborated_candidate,253,0,,,253,2014-12-31,2015-12-31,0,insufficient_overlap,,False,,archive_adjustment_unverified,legacy_symbol_unattributed
2015,2015-12-31,AVGO,,,253,253,2014-12-31,2015-12-31,253,2014-12-31,2015-12-31,252,consistent_overlap,4.388713790099756e-05,False,,identity_unresolved,legacy_symbol_unattributed
2015,2015-12-31,AVY,0000008818,corroborated_candidate,253,253,2014-12-31,2015-12-31,253,2014-12-31,2015-12-31,252,consistent_overlap,1.8537915117888826e-06,False,yahoo,complete,legacy_symbol_unattributed
2015,2015-12-31,AXP,0000004962,confirmed_by_multiple_evidence,253,253,2014-12-31,2015-12-31,253,2014-12-31,2015-12-31,252,consistent_overlap,1.5851236599073726e-06,False,yahoo,complete,legacy_symbol_unattributed
2015,2015-12-31,AZO,0000866787,confirmed_by_multiple_evidence,253,253,2014-12-31,2015-12-31,253,2014-12-31,2015-12-31,252,consistent_overlap,8.049572206791928e-08,False,yahoo,complete,legacy_symbol_unattributed
2015,2015-12-31,BA,0000012927,corroborated_candidate,253,253,2014-12-31,2015-12-31,253,2014-12-31,2015-12-31,252,consistent_overlap,8.898350488772968e-07,False,yahoo,complete,legacy_symbol_unattributed
2015,2015-12-31,BAC,0000070858,corroborated_candidate,253,253,2014-12-31,2015-12-31,253,2014-12-31,2015-12-31,252,consistent_overlap,6.435957642059176e-06,False,yahoo,complete,legacy_symbol_unattributed
2015,2015-12-31,BAX,0000010456,confirmed_by_multiple_evidence,253,253,2014-12-31,2015-12-31,253,2014-12-31,2015-12-31,252,consistent_overlap,7.158972596683315e-05,False,yahoo,complete,legacy_symbol_unattributed
2015,2015-12-31,BBBY,0000886158,corroborated_candidate,253,0,,,253,2014-12-31,2015-12-31,0,insufficient_overlap,,False,,archive_adjustment_unverified,legacy_symbol_unattributed
2015,2015-12-31,BBT,0000092230,corroborated_candidate,253,253,2014-12-31,2015-12-31,253,2014-12-31,2015-12-31,252,divergent_overlap,0.02853600518891028,False,yahoo,complete,legacy_symbol_unattributed
2015,2015-12-31,BBY,0000764478,corroborated_candidate,253,253,2014-12-31,2015-12-31,253,2014-12-31,2015-12-31,252,consistent_overlap,3.606753424627576e-06,False,yahoo,complete,legacy_symbol_unattributed
2015,2015-12-31,BCR,0000009892,confirmed_by_multiple_evidence,253,0,,,253,2014-12-31,2015-12-31,0,insufficient_overlap,,False,,archive_adjustment_unverified,legacy_symbol_unattributed
2015,2015-12-31,BDX,0000010795,corroborated_candidate,253,253,2014-12-31,2015-12-31,253,2014-12-31,2015-12-31,252,consistent_overlap,2.7859712681443955e-06,False,yahoo,complete,legacy_symbol_unattributed
2015,2015-12-31,BEN,0000038777,corroborated_candidate,253,253,2014-12-31,2015-12-31,253,2014-12-31,2015-12-31,252,consistent_overlap,3.2971635704381906e-06,False,yahoo,complete,legacy_symbol_unattributed
2015,2015-12-31,BF-B,0000014693,corroborated_candidate,253,253,2014-12-31,2015-12-31,0,,,0,insufficient_overlap,,False,yahoo,complete,legacy_symbol_unattributed
2015,2015-12-31,BHGE,,,253,0,,,0,,,0,insufficient_overlap,,False,,identity_unresolved,legacy_symbol_unattributed
2015,2015-12-31,BIIB,0000875045,corroborated_candidate,253,253,2014-12-31,2015-12-31,253,2014-12-31,2015-12-31,252,consistent_overlap,8.693327724351727e-08,False,yahoo,complete,legacy_symbol_unattributed
2015,2015-12-31,BK,0001390777,confirmed_by_multiple_evidence,253,253,2014-12-31,2015-12-31,253,2014-12-31,2015-12-31,252,consistent_overlap,2.8955746320169523e-06,False,yahoo,complete,legacy_symbol_unattributed
2015,2015-12-31,BKNG,0001075531,corroborated_candidate,253,253,2014-12-31,2015-12-31,253,2014-12-31,2015-12-31,252,consistent_overlap,3.034150773784106e-07,False,yahoo,complete,legacy_symbol_unattributed
2015,2015-12-31,BLK,,,253,253,2014-12-31,2015-12-31,253,2014-12-31,2015-12-31,252,consistent_overlap,7.63212603278607e-07,False,,identity_unresolved,legacy_symbol_unattributed
2015,2015-12-31,BLL,0000009389,corroborated_candidate,253,0,,,253,2014-12-31,2015-12-31,0,insufficient_overlap,,False,,archive_adjustment_unverified,legacy_symbol_unattributed
2015,2015-12-31,BMY,0000014272,corroborated_candidate,253,253,2014-12-31,2015-12-31,253,2014-12-31,2015-12-31,252,consistent_overlap,1.9321327559918002e-06,False,yahoo,complete,legacy_symbol_unattributed
2015,2015-12-31,BRCM,0001054374,corroborated_candidate,253,0,,,253,2014-12-31,2015-12-31,0,insufficient_overlap,,False,,archive_adjustment_unverified,legacy_symbol_unattributed
2015,2015-12-31,BRK-B,,,253,253,2014-12-31,2015-12-31,0,,,0,insufficient_overlap,,False,,identity_unresolved,legacy_symbol_unattributed
2015,2015-12-31,BSX,0000885725,corroborated_candidate,253,253,2014-12-31,2015-12-31,253,2014-12-31,2015-12-31,252,consistent_overlap,9.48179008564143e-08,False,yahoo,complete,legacy_symbol_unattributed
2015,2015-12-31,BWA,0000908255,corroborated_candidate,253,253,2014-12-31,2015-12-31,253,2014-12-31,2015-12-31,252,consistent_overlap,2.5526306236844934e-06,False,yahoo,complete,legacy_symbol_unattributed
2015,2015-12-31,BXLT,0001620546,confirmed_by_multiple_evidence,253,0,,,128,2015-07-01,2015-12-31,0,insufficient_overlap,,False,,incomplete_prices,legacy_symbol_unattributed
2015,2015-12-31,BXP,0001037540,corroborated_candidate,253,253,2014-12-31,2015-12-31,253,2014-12-31,2015-12-31,252,consistent_overlap,1.1930352131606093e-06,False,yahoo,complete,legacy_symbol_unattributed
2015,2015-12-31,C,0000831001,corroborated_candidate,253,253,2014-12-31,2015-12-31,253,2014-12-31,2015-12-31,252,consistent_overlap,2.3491042021606126e-06,False,yahoo,complete,legacy_symbol_unattributed
2015,2015-12-31,CA,0000356028,corroborated_candidate,253,0,,,0,,,0,insufficient_overlap,,False,,incomplete_prices,legacy_symbol_unattributed
2015,2015-12-31,CAG,0000023217,corroborated_candidate,253,253,2014-12-31,2015-12-31,253,2014-12-31,2015-12-31,252,consistent_overlap,4.163272566704015e-06,False,yahoo,complete,legacy_symbol_unattributed
2015,2015-12-31,CAH,0000721371,confirmed_by_multiple_evidence,253,253,2014-12-31,2015-12-31,253,2014-12-31,2015-12-31,252,consistent_overlap,1.614947088274256e-06,False,yahoo,complete,legacy_symbol_unattributed
2015,2015-12-31,CAM,0000941548,corroborated_candidate,253,0,,,253,2014-12-31,2015-12-31,0,insufficient_overlap,,False,,archive_adjustment_unverified,legacy_symbol_unattributed
2015,2015-12-31,CAT,0000018230,corroborated_candidate,253,253,2014-12-31,2015-12-31,253,2014-12-31,2015-12-31,252,consistent_overlap,1.554825132559224e-06,False,yahoo,complete,legacy_symbol_unattributed
2015,2015-12-31,CB,,,253,253,2014-12-31,2015-12-31,253,2014-12-31,2015-12-31,252,consistent_overlap,1.2091270983216614e-06,False,,identity_unresolved,legacy_symbol_unattributed
2015,2015-12-31,CBRE,,,253,253,2014-12-31,2015-12-31,253,2014-12-31,2015-12-31,252,consistent_overlap,9.121196065109416e-08,False,,identity_unresolved,legacy_symbol_unattributed
2015,2015-12-31,CBS,0000813828,corroborated_candidate,253,0,,,253,2014-12-31,2015-12-31,0,insufficient_overlap,,False,,archive_adjustment_unverified,legacy_symbol_unattributed
2015,2015-12-31,CCE,0001491675,corroborated_candidate,253,0,,,253,2014-12-31,2015-12-31,0,insufficient_overlap,,False,,archive_adjustment_unverified,legacy_symbol_unattributed
2015,2015-12-31,CCI,0001051470,corroborated_candidate,253,253,2014-12-31,2015-12-31,253,2014-12-31,2015-12-31,252,consistent_overlap,1.7772372072932816e-06,False,yahoo,complete,legacy_symbol_unattributed
2015,2015-12-31,CCL,0000815097,corroborated_candidate,253,253,2014-12-31,2015-12-31,253,2014-12-31,2015-12-31,252,consistent_overlap,2.1946166113706594e-06,False,yahoo,complete,legacy_symbol_unattributed
2015,2015-12-31,CELG,0000816284,corroborated_candidate,253,0,,,253,2014-12-31,2015-12-31,0,insufficient_overlap,,False,,archive_adjustment_unverified,legacy_symbol_unattributed
2015,2015-12-31,CERN,0000804753,corroborated_candidate,253,0,,,253,2014-12-31,2015-12-31,0,insufficient_overlap,,False,,archive_adjustment_unverified,legacy_symbol_unattributed
2015,2015-12-31,CF,0001324404,corroborated_candidate,253,253,2014-12-31,2015-12-31,253,2014-12-31,2015-12-31,252,consistent_overlap,2.83315743547008e-06,False,yahoo,complete,legacy_symbol_unattributed
2015,2015-12-31,CHD,,,253,253,2014-12-31,2015-12-31,253,2014-12-31,2015-12-31,252,consistent_overlap,2.4507663827433304e-06,False,,identity_unresolved,legacy_symbol_unattributed
2015,2015-12-31,CHK,0000895126,confirmed_by_multiple_evidence,253,0,,,0,,,0,insufficient_overlap,,False,,incomplete_prices,legacy_symbol_unattributed
2015,2015-12-31,CHRW,0001043277,confirmed_by_multiple_evidence,253,253,2014-12-31,2015-12-31,253,2014-12-31,2015-12-31,252,consistent_overlap,7.791286025286781e-05,False,yahoo,complete,legacy_symbol_unattributed
2015,2015-12-31,CI,,,253,253,2014-12-31,2015-12-31,253,2014-12-31,2015-12-31,252,consistent_overlap,9.360951712411584e-07,False,,identity_unresolved,legacy_symbol_unattributed
2015,2015-12-31,CINF,0000020286,confirmed_by_multiple_evidence,253,253,2014-12-31,2015-12-31,253,2014-12-31,2015-12-31,252,consistent_overlap,9.928847183175993e-05,False,yahoo,complete,legacy_symbol_unattributed
2015,2015-12-31,CL,0000021665,corroborated_candidate,253,253,2014-12-31,2015-12-31,253,2014-12-31,2015-12-31,252,consistent_overlap,1.9255247920113576e-06,False,yahoo,complete,legacy_symbol_unattributed
2015,2015-12-31,CLX,0000021076,corroborated_candidate,253,253,2014-12-31,2015-12-31,253,2014-12-31,2015-12-31,252,consistent_overlap,1.204754296615374e-06,False,yahoo,complete,legacy_symbol_unattributed
2015,2015-12-31,CMA,0000028412,corroborated_candidate,253,0,,,253,2014-12-31,2015-12-31,0,insufficient_overlap,,False,,archive_adjustment_unverified,legacy_symbol_unattributed
2015,2015-12-31,CMCSA,0001166691,confirmed_by_multiple_evidence,253,253,2014-12-31,2015-12-31,253,2014-12-31,2015-12-31,252,consistent_overlap,8.948042007415502e-05,False,yahoo,complete,legacy_symbol_unattributed
2015,2015-12-31,CME,0001156375,corroborated_candidate,253,253,2014-12-31,2015-12-31,253,2014-12-31,2015-12-31,252,consistent_overlap,5.6668559262021974e-05,False,yahoo,complete,legacy_symbol_unattributed
2015,2015-12-31,CMG,0001058090,corroborated_candidate,253,253,2014-12-31,2015-12-31,253,2014-12-31,2015-12-31,252,consistent_overlap,6.616720094831944e-08,False,yahoo,complete,legacy_symbol_unattributed
2015,2015-12-31,CMI,0000026172,corroborated_candidate,253,253,2014-12-31,2015-12-31,253,2014-12-31,2015-12-31,252,consistent_overlap,1.2371561158186499e-06,False,yahoo,complete,legacy_symbol_unattributed
2015,2015-12-31,CMS,0000811156,confirmed_by_multiple_evidence,253,253,2014-12-31,2015-12-31,253,2014-12-31,2015-12-31,252,consistent_overlap,3.5465828025083038e-06,False,yahoo,complete,legacy_symbol_unattributed
2015,2015-12-31,CNP,0001130310,corroborated_candidate,253,253,2014-12-31,2015-12-31,253,2014-12-31,2015-12-31,252,consistent_overlap,6.51984633038838e-06,False,yahoo,complete,legacy_symbol_unattributed
2015,2015-12-31,CNX,0001070412,corroborated_candidate,253,253,2014-12-31,2015-12-31,253,2014-12-31,2015-12-31,252,consistent_overlap,1.2263731307896612e-05,False,yahoo,complete,legacy_symbol_unattributed
2015,2015-12-31,COF,0000927628,confirmed_by_multiple_evidence,253,253,2014-12-31,2015-12-31,253,2014-12-31,2015-12-31,252,consistent_overlap,1.7057672063880447e-06,False,yahoo,complete,legacy_symbol_unattributed
2015,2015-12-31,COG,0000858470,corroborated_candidate,253,0,,,253,2014-12-31,2015-12-31,0,insufficient_overlap,,False,,archive_adjustment_unverified,legacy_symbol_unattributed
2015,2015-12-31,COL,0001137411,corroborated_candidate,253,0,,,253,2014-12-31,2015-12-31,0,insufficient_overlap,,False,,archive_adjustment_unverified,legacy_symbol_unattributed
2015,2015-12-31,COP,0001163165,corroborated_candidate,253,253,2014-12-31,2015-12-31,253,2014-12-31,2015-12-31,252,consistent_overlap,2.2719253951120067e-06,False,yahoo,complete,legacy_symbol_unattributed
2015,2015-12-31,COST,0000909832,confirmed_by_multiple_evidence,253,253,2014-12-31,2015-12-31,253,2014-12-31,2015-12-31,252,consistent_overlap,1.0033193086522738e-06,False,yahoo,complete,legacy_symbol_unattributed
2015,2015-12-31,CPB,0000016732,corroborated_candidate,253,253,2014-12-31,2015-12-31,253,2014-12-31,2015-12-31,252,consistent_overlap,2.5662609138699116e-06,False,yahoo,complete,legacy_symbol_unattributed
2015,2015-12-31,CPGX,0001629995,corroborated_candidate,253,0,,,127,2015-07-02,2015-12-31,0,insufficient_overlap,,False,,incomplete_prices,legacy_symbol_unattributed
2015,2015-12-31,CRM,0001108524,confirmed_by_multiple_evidence,253,253,2014-12-31,2015-12-31,253,2014-12-31,2015-12-31,252,consistent_overlap,1.5359918438928593e-06,False,yahoo,complete,legacy_symbol_unattributed
2015,2015-12-31,CSCO,0000858877,confirmed_by_multiple_evidence,253,253,2014-12-31,2015-12-31,253,2014-12-31,2015-12-31,252,consistent_overlap,0.00019095358920329097,False,yahoo,complete,legacy_symbol_unattributed
2015,2015-12-31,CSRA,,,253,0,,,32,2015-11-16,2015-12-31,0,insufficient_overlap,,False,,identity_unresolved,legacy_symbol_unattributed
2015,2015-12-31,CSX,0000277948,corroborated_candidate,253,253,2014-12-31,2015-12-31,253,2014-12-31,2015-12-31,252,consistent_overlap,1.512334641399217e-05,False,yahoo,complete,legacy_symbol_unattributed
2015,2015-12-31,CTAS,0000723254,corroborated_candidate,253,253,2014-12-31,2015-12-31,253,2014-12-31,2015-12-31,252,consistent_overlap,4.754167686982226e-06,False,yahoo,complete,legacy_symbol_unattributed
2015,2015-12-31,CTL,0000018926,corroborated_candidate,253,0,,,253,2014-12-31,2015-12-31,0,insufficient_overlap,,False,,archive_adjustment_unverified,legacy_symbol_unattributed
2015,2015-12-31,CTSH,0001058290,confirmed_by_multiple_evidence,253,253,2014-12-31,2015-12-31,253,2014-12-31,2015-12-31,252,consistent_overlap,9.219012340289323e-05,False,yahoo,complete,legacy_symbol_unattributed
2015,2015-12-31,CTXS,0000877890,confirmed_by_multiple_evidence,253,0,,,253,2014-12-31,2015-12-31,0,insufficient_overlap,,False,,archive_adjustment_unverified,legacy_symbol_unattributed
2015,2015-12-31,CVC,0001053112,corroborated_candidate,253,0,,,253,2014-12-31,2015-12-31,0,insufficient_overlap,,False,,archive_adjustment_unverified,legacy_symbol_unattributed
2015,2015-12-31,CVS,0000064803,corroborated_candidate,253,253,2014-12-31,2015-12-31,253,2014-12-31,2015-12-31,252,consistent_overlap,1.41903781962105e-06,False,yahoo,complete,legacy_symbol_unattributed
2015,2015-12-31,CVX,0000093410,corroborated_candidate,253,253,2014-12-31,2015-12-31,253,2014-12-31,2015-12-31,252,consistent_overlap,1.6072718832305105e-06,False,yahoo,complete,legacy_symbol_unattributed
2015,2015-12-31,D,,,253,253,2014-12-31,2015-12-31,253,2014-12-31,2015-12-31,252,consistent_overlap,7.347327414860556e-06,False,,identity_unresolved,legacy_symbol_unattributed
2015,2015-12-31,DAL,0000027904,corroborated_candidate,253,253,2014-12-31,2015-12-31,253,2014-12-31,2015-12-31,252,consistent_overlap,2.22758093272546e-06,False,yahoo,complete,legacy_symbol_unattributed
2015,2015-12-31,DD,0000030554,corroborated_candidate,253,253,2014-12-31,2015-12-31,253,2014-12-31,2015-12-31,252,divergent_overlap,0.007960265308173993,False,yahoo,complete,legacy_symbol_unattributed
2015,2015-12-31,DE,0000315189,corroborated_candidate,253,253,2014-12-31,2015-12-31,253,2014-12-31,2015-12-31,252,consistent_overlap,1.4068172424408513e-06,False,yahoo,complete,legacy_symbol_unattributed
2015,2015-12-31,DFS,0001393612,corroborated_candidate,253,0,,,253,2014-12-31,2015-12-31,0,insufficient_overlap,,False,,archive_adjustment_unverified,legacy_symbol_unattributed
2015,2015-12-31,DG,0000029534,corroborated_candidate,253,253,2014-12-31,2015-12-31,253,2014-12-31,2015-12-31,252,consistent_overlap,1.5951742383302219e-06,False,yahoo,complete,legacy_symbol_unattributed
2015,2015-12-31,DGX,0001022079,corroborated_candidate,253,253,2014-12-31,2015-12-31,253,2014-12-31,2015-12-31,252,consistent_overlap,1.6536742245132355e-06,False,yahoo,complete,legacy_symbol_unattributed
2015,2015-12-31,DHI,0000882184,corroborated_candidate,253,253,2014-12-31,2015-12-31,253,2014-12-31,2015-12-31,252,consistent_overlap,3.846029842100585e-06,False,yahoo,complete,legacy_symbol_unattributed
2015,2015-12-31,DHR,0000313616,confirmed_by_multiple_evidence,253,253,2014-12-31,2015-12-31,253,2014-12-31,2015-12-31,252,consistent_overlap,3.573008672576039e-06,False,yahoo,complete,legacy_symbol_unattributed
2015,2015-12-31,DIS,,,253,253,2014-12-31,2015-12-31,253,2014-12-31,2015-12-31,252,consistent_overlap,9.429664578697318e-07,False,,identity_unresolved,legacy_symbol_unattributed
2015,2015-12-31,DISCA,0001437107,corroborated_candidate,253,0,,,253,2014-12-31,2015-12-31,0,insufficient_overlap,,False,,archive_adjustment_unverified,legacy_symbol_unattributed
2015,2015-12-31,DISCK,0001437107,corroborated_candidate,253,0,,,253,2014-12-31,2015-12-31,0,insufficient_overlap,,False,,archive_adjustment_unverified,legacy_symbol_unattributed
2015,2015-12-31,DLTR,0000935703,corroborated_candidate,253,253,2014-12-31,2015-12-31,253,2014-12-31,2015-12-31,252,consistent_overlap,0.0001242817383223438,False,yahoo,complete,legacy_symbol_unattributed
2015,2015-12-31,DNB,0001115222,confirmed_by_multiple_evidence,253,0,,,0,,,0,insufficient_overlap,,False,,incomplete_prices,legacy_symbol_unattributed
2015,2015-12-31,DO,0000949039,confirmed_by_multiple_evidence,253,0,,,0,,,0,insufficient_overlap,,False,,incomplete_prices,legacy_symbol_unattributed
2015,2015-12-31,DOV,0000029905,corroborated_candidate,253,253,2014-12-31,2015-12-31,253,2014-12-31,2015-12-31,252,divergent_overlap,0.005280395658531339,False,yahoo,complete,legacy_symbol_unattributed
2015,2015-12-31,DOW,0000029915,corroborated_candidate,253,0,,,0,,,0,insufficient_overlap,,False,,incomplete_prices,legacy_symbol_unattributed
2015,2015-12-31,DRI,0000940944,corroborated_candidate,253,253,2014-12-31,2015-12-31,253,2014-12-31,2015-12-31,252,consistent_overlap,1.413122852885307e-05,False,yahoo,complete,legacy_symbol_unattributed
2015,2015-12-31,DTE,0000936340,corroborated_candidate,253,253,2014-12-31,2015-12-31,253,2014-12-31,2015-12-31,252,consistent_overlap,2.3475865694067017e-06,False,yahoo,complete,legacy_symbol_unattributed
2015,2015-12-31,DUK,0001326160,corroborated_candidate,253,253,2014-12-31,2015-12-31,253,2014-12-31,2015-12-31,252,consistent_overlap,2.162407771060249e-06,False,yahoo,complete,legacy_symbol_unattributed
2015,2015-12-31,DVA,0000927066,confirmed_by_multiple_evidence,253,253,2014-12-31,2015-12-31,253,2014-12-31,2015-12-31,252,consistent_overlap,7.993258538951943e-08,False,yahoo,complete,legacy_symbol_unattributed
2015,2015-12-31,DVN,0001090012,corroborated_candidate,253,253,2014-12-31,2015-12-31,253,2014-12-31,2015-12-31,252,consistent_overlap,2.9953130944138122e-06,False,yahoo,complete,legacy_symbol_unattributed
2015,2015-12-31,EA,,,253,0,,,253,2014-12-31,2015-12-31,0,insufficient_overlap,,False,,identity_unresolved,legacy_symbol_unattributed
2015,2015-12-31,EBAY,0001065088,confirmed_by_multiple_evidence,253,253,2014-12-31,2015-12-31,253,2014-12-31,2015-12-31,252,consistent_overlap,0.00020194175504084977,False,yahoo,complete,legacy_symbol_unattributed
2015,2015-12-31,ECL,0000031462,corroborated_candidate,253,253,2014-12-31,2015-12-31,253,2014-12-31,2015-12-31,252,consistent_overlap,1.0107493328481713e-06,False,yahoo,complete,legacy_symbol_unattributed
2015,2015-12-31,ED,0001047862,confirmed_by_multiple_evidence,253,253,2014-12-31,2015-12-31,253,2014-12-31,2015-12-31,252,consistent_overlap,2.1600469669469383e-06,False,yahoo,complete,legacy_symbol_unattributed
2015,2015-12-31,EFX,0000033185,confirmed_by_multiple_evidence,253,253,2014-12-31,2015-12-31,253,2014-12-31,2015-12-31,252,consistent_overlap,1.2317473364631415e-06,False,yahoo,complete,legacy_symbol_unattributed
2015,2015-12-31,EIX,0000827052,corroborated_candidate,253,253,2014-12-31,2015-12-31,253,2014-12-31,2015-12-31,252,consistent_overlap,4.216767009868094e-06,False,yahoo,complete,legacy_symbol_unattributed
2015,2015-12-31,EL,0001001250,corroborated_candidate,253,253,2014-12-31,2015-12-31,253,2014-12-31,2015-12-31,252,consistent_overlap,1.4464186420204422e-06,False,yahoo,complete,legacy_symbol_unattributed
2015,2015-12-31,EMC,0000790070,confirmed_by_multiple_evidence,253,0,,,0,,,0,insufficient_overlap,,False,,incomplete_prices,legacy_symbol_unattributed
2015,2015-12-31,EMN,0000915389,corroborated_candidate,253,253,2014-12-31,2015-12-31,253,2014-12-31,2015-12-31,252,consistent_overlap,1.8300317075115045e-06,False,yahoo,complete,legacy_symbol_unattributed
2015,2015-12-31,EMR,0000032604,corroborated_candidate,253,253,2014-12-31,2015-12-31,253,2014-12-31,2015-12-31,252,consistent_overlap,2.2263585654791474e-06,False,yahoo,complete,legacy_symbol_unattributed
2015,2015-12-31,ENDP,,,253,0,,,253,2014-12-31,2015-12-31,0,insufficient_overlap,,False,,identity_unresolved,legacy_symbol_unattributed
2015,2015-12-31,EOG,0000821189,corroborated_candidate,253,253,2014-12-31,2015-12-31,253,2014-12-31,2015-12-31,252,consistent_overlap,5.886400287231647e-06,False,yahoo,complete,legacy_symbol_unattributed
2015,2015-12-31,EQIX,0001101239,confirmed_by_multiple_evidence,253,253,2014-12-31,2015-12-31,253,2014-12-31,2015-12-31,252,consistent_overlap,2.235509595654328e-05,False,yahoo,complete,legacy_symbol_unattributed
2015,2015-12-31,EQR,0000906107,corroborated_candidate,253,253,2014-12-31,2015-12-31,253,2014-12-31,2015-12-31,252,consistent_overlap,2.0489505572418574e-06,False,yahoo,complete,legacy_symbol_unattributed
2015,2015-12-31,EQT,0000033213,corroborated_candidate,253,253,2014-12-31,2015-12-31,253,2014-12-31,2015-12-31,252,consistent_overlap,0.00034138828962974974,False,yahoo,complete,legacy_symbol_unattributed
2015,2015-12-31,ES,0000072741,corroborated_candidate,253,253,2014-12-31,2015-12-31,253,2014-12-31,2015-12-31,252,consistent_overlap,1.0417115301696326e-05,False,yahoo,complete,legacy_symbol_unattributed
2015,2015-12-31,ESRX,0001532063,confirmed_by_multiple_evidence,253,0,,,253,2014-12-31,2015-12-31,0,insufficient_overlap,,False,,archive_adjustment_unverified,legacy_symbol_unattributed
2015,2015-12-31,ESS,0000920522,corroborated_candidate,253,253,2014-12-31,2015-12-31,253,2014-12-31,2015-12-31,252,consistent_overlap,8.031265387353774e-07,False,yahoo,complete,legacy_symbol_unattributed
2015,2015-12-31,ESV,0000314808,corroborated_candidate,253,0,,,253,2014-12-31,2015-12-31,0,insufficient_overlap,,False,,archive_adjustment_unverified,legacy_symbol_unattributed
2015,2015-12-31,ETFC,0001015780,corroborated_candidate,253,0,,,253,2014-12-31,2015-12-31,0,insufficient_overlap,,False,,archive_adjustment_unverified,legacy_symbol_unattributed
2015,2015-12-31,ETN,0001551182,confirmed_by_multiple_evidence,253,253,2014-12-31,2015-12-31,253,2014-12-31,2015-12-31,252,consistent_overlap,1.953548509682213e-06,False,yahoo,complete,legacy_symbol_unattributed
2015,2015-12-31,ETR,0000065984,corroborated_candidate,253,253,2014-12-31,2015-12-31,253,2014-12-31,2015-12-31,252,consistent_overlap,3.7855097573558095e-06,False,yahoo,complete,legacy_symbol_unattributed
2015,2015-12-31,EW,0001099800,corroborated_candidate,253,253,2014-12-31,2015-12-31,253,2014-12-31,2015-12-31,252,consistent_overlap,3.1905794873599016e-06,False,yahoo,complete,legacy_symbol_unattributed
2015,2015-12-31,EXC,0001109357,confirmed_by_multiple_evidence,253,253,2014-12-31,2015-12-31,253,2014-12-31,2015-12-31,252,consistent_overlap,7.554489291100589e-06,False,yahoo,complete,legacy_symbol_unattributed
2015,2015-12-31,EXPD,0000746515,confirmed_by_multiple_evidence,253,253,2014-12-31,2015-12-31,253,2014-12-31,2015-12-31,252,consistent_overlap,2.234613918047357e-06,False,yahoo,complete,legacy_symbol_unattributed
2015,2015-12-31,EXPE,0001324424,confirmed_by_multiple_evidence,253,253,2014-12-31,2015-12-31,253,2014-12-31,2015-12-31,252,consistent_overlap,5.4370649203021605e-05,False,yahoo,complete,legacy_symbol_unattributed
2015,2015-12-31,F,0000037996,confirmed_by_multiple_evidence,253,253,2014-12-31,2015-12-31,253,2014-12-31,2015-12-31,252,consistent_overlap,9.699926037382013e-06,False,yahoo,complete,legacy_symbol_unattributed
2015,2015-12-31,FAST,0000815556,confirmed_by_multiple_evidence,253,253,2014-12-31,2015-12-31,253,2014-12-31,2015-12-31,252,consistent_overlap,0.0001226744459621376,False,yahoo,complete,legacy_symbol_unattributed
2015,2015-12-31,FB,0001326801,confirmed_by_multiple_evidence,253,0,,,253,2014-12-31,2015-12-31,0,insufficient_overlap,,False,,archive_adjustment_unverified,legacy_symbol_unattributed
2015,2015-12-31,FCX,0000831259,corroborated_candidate,253,253,2014-12-31,2015-12-31,253,2014-12-31,2015-12-31,252,consistent_overlap,1.2591966141527473e-05,False,yahoo,complete,legacy_symbol_unattributed
2015,2015-12-31,FDX,0001048911,corroborated_candidate,253,253,2014-12-31,2015-12-31,253,2014-12-31,2015-12-31,252,consistent_overlap,9.065365144267371e-07,False,yahoo,complete,legacy_symbol_unattributed
2015,2015-12-31,FE,0001031296,corroborated_candidate,253,253,2014-12-31,2015-12-31,253,2014-12-31,2015-12-31,252,consistent_overlap,3.990088449833397e-06,False,yahoo,complete,legacy_symbol_unattributed
2015,2015-12-31,FFIV,0001048695,corroborated_candidate,253,253,2014-12-31,2015-12-31,253,2014-12-31,2015-12-31,252,consistent_overlap,4.314115769576521e-05,False,yahoo,complete,legacy_symbol_unattributed
2015,2015-12-31,FIS,0001136893,corroborated_candidate,253,253,2014-12-31,2015-12-31,253,2014-12-31,2015-12-31,252,consistent_overlap,1.7982846700892454e-06,False,yahoo,complete,legacy_symbol_unattributed
2015,2015-12-31,FISV,0000798354,confirmed_by_multiple_evidence,253,253,2014-12-31,2015-12-31,253,2014-12-31,2015-12-31,252,divergent_overlap,0.02050618481416395,False,yahoo,complete,legacy_symbol_unattributed
2015,2015-12-31,FITB,0000035527,confirmed_by_multiple_evidence,253,253,2014-12-31,2015-12-31,253,2014-12-31,2015-12-31,252,consistent_overlap,0.0002703813098147512,False,yahoo,complete,legacy_symbol_unattributed
2015,2015-12-31,FLIR,0000354908,confirmed_by_multiple_evidence,253,0,,,253,2014-12-31,2015-12-31,0,insufficient_overlap,,False,,archive_adjustment_unverified,legacy_symbol_unattributed
2015,2015-12-31,FLR,0001124198,corroborated_candidate,253,253,2014-12-31,2015-12-31,253,2014-12-31,2015-12-31,252,consistent_overlap,2.1072923947074164e-06,False,yahoo,complete,legacy_symbol_unattributed
2015,2015-12-31,FLS,0000030625,corroborated_candidate,253,253,2014-12-31,2015-12-31,253,2014-12-31,2015-12-31,252,consistent_overlap,2.63986893561108e-06,False,yahoo,complete,legacy_symbol_unattributed
2015,2015-12-31,FMC,0000037785,corroborated_candidate,253,253,2014-12-31,2015-12-31,253,2014-12-31,2015-12-31,252,consistent_overlap,2.997250510869965e-06,False,yahoo,complete,legacy_symbol_unattributed
2015,2015-12-31,FOSL,0000883569,corroborated_candidate,253,253,2014-12-31,2015-12-31,253,2014-12-31,2015-12-31,252,consistent_overlap,6.110160167371538e-05,False,yahoo,complete,legacy_symbol_unattributed
2015,2015-12-31,FOX,,,253,0,,,0,,,0,insufficient_overlap,,False,,identity_unresolved,legacy_symbol_unattributed
2015,2015-12-31,FOXA,,,253,0,,,0,,,0,insufficient_overlap,,False,,identity_unresolved,legacy_symbol_unattributed
2015,2015-12-31,FSLR,0001274494,corroborated_candidate,253,253,2014-12-31,2015-12-31,253,2014-12-31,2015-12-31,252,consistent_overlap,0.00011247763650267697,False,yahoo,complete,legacy_symbol_unattributed
2015,2015-12-31,FTI,,,253,253,2014-12-31,2015-12-31,253,2014-12-31,2015-12-31,252,consistent_overlap,5.695784804430337e-06,False,,identity_unresolved,legacy_symbol_unattributed
2015,2015-12-31,FTR,0000020520,corroborated_candidate,253,0,,,253,2014-12-31,2015-12-31,0,insufficient_overlap,,False,,archive_adjustment_unverified,legacy_symbol_unattributed
2015,2015-12-31,GAS,0001004155,corroborated_candidate,253,0,,,253,2014-12-31,2015-12-31,0,insufficient_overlap,,False,,archive_adjustment_unverified,legacy_symbol_unattributed
2015,2015-12-31,GD,0000040533,confirmed_by_multiple_evidence,253,253,2014-12-31,2015-12-31,253,2014-12-31,2015-12-31,252,consistent_overlap,9.8452785813441e-07,False,yahoo,complete,legacy_symbol_unattributed
2015,2015-12-31,GE,0000040545,confirmed_by_multiple_evidence,253,253,2014-12-31,2015-12-31,253,2014-12-31,2015-12-31,252,consistent_overlap,1.2359652704863057e-06,False,yahoo,complete,legacy_symbol_unattributed
2015,2015-12-31,GGP,0001496048,corroborated_candidate,253,0,,,253,2014-12-31,2015-12-31,0,insufficient_overlap,,False,,archive_adjustment_unverified,legacy_symbol_unattributed
2015,2015-12-31,GILD,0000882095,corroborated_candidate,253,253,2014-12-31,2015-12-31,253,2014-12-31,2015-12-31,252,consistent_overlap,1.394532827567741e-06,False,yahoo,complete,legacy_symbol_unattributed
2015,2015-12-31,GIS,0000040704,corroborated_candidate,253,253,2014-12-31,2015-12-31,253,2014-12-31,2015-12-31,252,consistent_overlap,2.2679311622153544e-06,False,yahoo,complete,legacy_symbol_unattributed
2015,2015-12-31,GLW,0000024741,corroborated_candidate,253,253,2014-12-31,2015-12-31,253,2014-12-31,2015-12-31,252,consistent_overlap,6.049200745416039e-06,False,yahoo,complete,legacy_symbol_unattributed
2015,2015-12-31,GM,0001467858,corroborated_candidate,253,253,2014-12-31,2015-12-31,253,2014-12-31,2015-12-31,252,consistent_overlap,3.3057064753394546e-06,False,yahoo,complete,legacy_symbol_unattributed
2015,2015-12-31,GMCR,0000909954,corroborated_candidate,253,0,,,253,2014-12-31,2015-12-31,0,insufficient_overlap,,False,,archive_adjustment_unverified,legacy_symbol_unattributed
2015,2015-12-31,GME,0001326380,confirmed_by_multiple_evidence,253,253,2014-12-31,2015-12-31,253,2014-12-31,2015-12-31,252,consistent_overlap,1.2646424271631764e-05,False,yahoo,complete,legacy_symbol_unattributed
2015,2015-12-31,GOOG,,,253,253,2014-12-31,2015-12-31,253,2014-12-31,2015-12-31,252,consistent_overlap,3.871603606810939e-06,False,,identity_unresolved,legacy_symbol_unattributed
2015,2015-12-31,GOOGL,,,253,253,2014-12-31,2015-12-31,253,2014-12-31,2015-12-31,252,consistent_overlap,1.0647676015269614e-05,False,,identity_unresolved,legacy_symbol_unattributed
2015,2015-12-31,GPC,0000040987,confirmed_by_multiple_evidence,253,253,2014-12-31,2015-12-31,253,2014-12-31,2015-12-31,252,consistent_overlap,1.6009971248620582e-06,False,yahoo,complete,legacy_symbol_unattributed
2015,2015-12-31,GPS,0000039911,confirmed_by_multiple_evidence,253,0,,,253,2014-12-31,2015-12-31,0,insufficient_overlap,,False,,archive_adjustment_unverified,legacy_symbol_unattributed
2015,2015-12-31,GRMN,0001121788,confirmed_by_multiple_evidence,253,253,2014-12-31,2015-12-31,253,2014-12-31,2015-12-31,252,consistent_overlap,0.00011016352823711272,False,yahoo,complete,legacy_symbol_unattributed
2015,2015-12-31,GS,0000886982,corroborated_candidate,253,253,2014-12-31,2015-12-31,253,2014-12-31,2015-12-31,252,consistent_overlap,7.963264285748562e-07,False,yahoo,complete,legacy_symbol_unattributed
2015,2015-12-31,GT,0000042582,corroborated_candidate,253,253,2014-12-31,2015-12-31,253,2014-12-31,2015-12-31,252,consistent_overlap,3.4243965720337505e-06,False,yahoo,complete,legacy_symbol_unattributed
2015,2015-12-31,GWW,0000277135,corroborated_candidate,253,253,2014-12-31,2015-12-31,253,2014-12-31,2015-12-31,252,consistent_overlap,6.767495162773866e-07,False,yahoo,complete,legacy_symbol_unattributed
2015,2015-12-31,HAL,0000045012,corroborated_candidate,253,253,2014-12-31,2015-12-31,253,2014-12-31,2015-12-31,252,consistent_overlap,2.831016957991484e-06,False,yahoo,complete,legacy_symbol_unattributed
2015,2015-12-31,HAR,0000800459,confirmed_by_multiple_evidence,253,0,,,253,2014-12-31,2015-12-31,0,insufficient_overlap,,False,,archive_adjustment_unverified,legacy_symbol_unattributed
2015,2015-12-31,HAS,0000046080,corroborated_candidate,253,253,2014-12-31,2015-12-31,253,2014-12-31,2015-12-31,252,consistent_overlap,8.39915190194751e-05,False,yahoo,complete,legacy_symbol_unattributed
2015,2015-12-31,HBAN,0000049196,corroborated_candidate,253,253,2014-12-31,2015-12-31,253,2014-12-31,2015-12-31,252,consistent_overlap,0.00047768075964148564,False,yahoo,complete,legacy_symbol_unattributed
2015,2015-12-31,HBI,0001359841,confirmed_by_multiple_evidence,253,0,,,253,2014-12-31,2015-12-31,0,insufficient_overlap,,False,,archive_adjustment_unverified,legacy_symbol_unattributed
2015,2015-12-31,HCA,0000860730,confirmed_by_multiple_evidence,253,253,2014-12-31,2015-12-31,253,2014-12-31,2015-12-31,252,consistent_overlap,1.3584024241142248e-06,False,yahoo,complete,legacy_symbol_unattributed
2015,2015-12-31,HCP,0000765880,corroborated_candidate,253,0,,,0,,,0,insufficient_overlap,,False,,incomplete_prices,legacy_symbol_unattributed
2015,2015-12-31,HD,0000354950,confirmed_by_multiple_evidence,253,253,2014-12-31,2015-12-31,253,2014-12-31,2015-12-31,252,consistent_overlap,1.1024417044624985e-06,False,yahoo,complete,legacy_symbol_unattributed
2015,2015-12-31,HES,0000004447,confirmed_by_multiple_evidence,253,0,,,253,2014-12-31,2015-12-31,0,insufficient_overlap,,False,,archive_adjustment_unverified,legacy_symbol_unattributed
2015,2015-12-31,HIG,0000874766,corroborated_candidate,253,253,2014-12-31,2015-12-31,253,2014-12-31,2015-12-31,252,consistent_overlap,2.5613031502802473e-06,False,yahoo,complete,legacy_symbol_unattributed
2015,2015-12-31,HOG,0000793952,corroborated_candidate,253,253,2014-12-31,2015-12-31,253,2014-12-31,2015-12-31,252,consistent_overlap,2.198531720242203e-06,False,yahoo,complete,legacy_symbol_unattributed
2015,2015-12-31,HON,0000773840,corroborated_candidate,253,253,2014-12-31,2015-12-31,253,2014-12-31,2015-12-31,252,consistent_overlap,0.004860656204414648,False,yahoo,complete,legacy_symbol_unattributed
2015,2015-12-31,HOT,0000316206,confirmed_by_multiple_evidence,253,0,,,253,2014-12-31,2015-12-31,0,insufficient_overlap,,False,,archive_adjustment_unverified,legacy_symbol_unattributed
2015,2015-12-31,HP,0000046765,corroborated_candidate,253,253,2014-12-31,2015-12-31,253,2014-12-31,2015-12-31,252,consistent_overlap,2.5467512535737327e-06,False,yahoo,complete,legacy_symbol_unattributed
2015,2015-12-31,HPE,,,253,52,2015-10-19,2015-12-31,52,2015-10-19,2015-12-31,51,insufficient_overlap,,False,,identity_unresolved,legacy_symbol_unattributed
2015,2015-12-31,HPQ,0000047217,corroborated_candidate,253,253,2014-12-31,2015-12-31,253,2014-12-31,2015-12-31,252,consistent_overlap,1.1513433141253641e-05,False,yahoo,complete,legacy_symbol_unattributed
2015,2015-12-31,HRB,0000012659,corroborated_candidate,253,253,2014-12-31,2015-12-31,253,2014-12-31,2015-12-31,252,consistent_overlap,3.971752891278602e-06,False,yahoo,complete,legacy_symbol_unattributed
2015,2015-12-31,HRL,0000048465,corroborated_candidate,253,253,2014-12-31,2015-12-31,253,2014-12-31,2015-12-31,252,consistent_overlap,3.832460580662779e-06,False,yahoo,complete,legacy_symbol_unattributed
2015,2015-12-31,HRS,0000202058,corroborated_candidate,253,0,,,253,2014-12-31,2015-12-31,0,insufficient_overlap,,False,,archive_adjustment_unverified,legacy_symbol_unattributed
2015,2015-12-31,HSIC,0001000228,confirmed_by_multiple_evidence,253,253,2014-12-31,2015-12-31,253,2014-12-31,2015-12-31,252,consistent_overlap,3.7235997559252886e-05,False,yahoo,complete,legacy_symbol_unattributed
2015,2015-12-31,HST,0001070750,confirmed_by_multiple_evidence,253,253,2014-12-31,2015-12-31,253,2014-12-31,2015-12-31,252,consistent_overlap,7.1075401969877826e-06,False,yahoo,complete,legacy_symbol_unattributed
2015,2015-12-31,HSY,0000047111,corroborated_candidate,253,253,2014-12-31,2015-12-31,253,2014-12-31,2015-12-31,252,consistent_overlap,1.2608662527824336e-06,False,yahoo,complete,legacy_symbol_unattributed
2015,2015-12-31,HUM,0000049071,confirmed_by_multiple_evidence,253,253,2014-12-31,2015-12-31,253,2014-12-31,2015-12-31,252,consistent_overlap,9.777593428716982e-07,False,yahoo,complete,legacy_symbol_unattributed
2015,2015-12-31,IBM,0000051143,corroborated_candidate,253,253,2014-12-31,2015-12-31,253,2014-12-31,2015-12-31,252,consistent_overlap,1.2305237190379793e-06,False,yahoo,complete,legacy_symbol_unattributed
2015,2015-12-31,ICE,0001571949,corroborated_candidate,253,253,2014-12-31,2015-12-31,253,2014-12-31,2015-12-31,252,consistent_overlap,2.048079849414908e-06,False,yahoo,complete,legacy_symbol_unattributed
2015,2015-12-31,IFF,0000051253,corroborated_candidate,253,253,2014-12-31,2015-12-31,253,2014-12-31,2015-12-31,252,consistent_overlap,1.133198912103284e-06,False,yahoo,complete,legacy_symbol_unattributed
2015,2015-12-31,ILMN,,,253,253,2014-12-31,2015-12-31,253,2014-12-31,2015-12-31,252,consistent_overlap,5.233152016637099e-07,False,,identity_unresolved,legacy_symbol_unattributed
2015,2015-12-31,INTC,0000050863,corroborated_candidate,253,253,2014-12-31,2015-12-31,253,2014-12-31,2015-12-31,252,consistent_overlap,0.00016450514955842932,False,yahoo,complete,legacy_symbol_unattributed
2015,2015-12-31,INTU,0000896878,corroborated_candidate,253,253,2014-12-31,2015-12-31,253,2014-12-31,2015-12-31,252,consistent_overlap,1.182562071444516e-06,False,yahoo,complete,legacy_symbol_unattributed
2015,2015-12-31,IP,0000051434,confirmed_by_multiple_evidence,253,253,2014-12-31,2015-12-31,253,2014-12-31,2015-12-31,252,divergent_overlap,0.00739286840643687,False,yahoo,complete,legacy_symbol_unattributed
2015,2015-12-31,IPG,0000051644,corroborated_candidate,253,0,,,253,2014-12-31,2015-12-31,0,insufficient_overlap,,False,,archive_adjustment_unverified,legacy_symbol_unattributed
2015,2015-12-31,IR,,,253,0,,,0,,,0,insufficient_overlap,,False,,identity_unresolved,legacy_symbol_unattributed
2015,2015-12-31,IRM,0001020569,corroborated_candidate,253,253,2014-12-31,2015-12-31,253,2014-12-31,2015-12-31,252,consistent_overlap,4.915654197531488e-06,False,yahoo,complete,legacy_symbol_unattributed
2015,2015-12-31,ISRG,0001035267,confirmed_by_multiple_evidence,253,253,2014-12-31,2015-12-31,253,2014-12-31,2015-12-31,252,consistent_overlap,9.619696970708529e-06,False,yahoo,complete,legacy_symbol_unattributed
2015,2015-12-31,ITW,0000049826,corroborated_candidate,253,253,2014-12-31,2015-12-31,253,2014-12-31,2015-12-31,252,consistent_overlap,1.473919453470752e-06,False,yahoo,complete,legacy_symbol_unattributed
2015,2015-12-31,IVZ,0000914208,corroborated_candidate,253,253,2014-12-31,2015-12-31,253,2014-12-31,2015-12-31,252,consistent_overlap,4.259043015105712e-06,False,yahoo,complete,legacy_symbol_unattributed
2015,2015-12-31,JBHT,0000728535,confirmed_by_multiple_evidence,253,253,2014-12-31,2015-12-31,253,2014-12-31,2015-12-31,252,consistent_overlap,6.236320932268225e-05,False,yahoo,complete,legacy_symbol_unattributed
2015,2015-12-31,JCI,0000833444,corroborated_candidate,253,253,2014-12-31,2015-12-31,253,2014-12-31,2015-12-31,252,divergent_overlap,0.00626182790728426,False,yahoo,complete,legacy_symbol_unattributed
2015,2015-12-31,JEC,0000052988,confirmed_by_multiple_evidence,253,0,,,253,2014-12-31,2015-12-31,0,insufficient_overlap,,False,,archive_adjustment_unverified,legacy_symbol_unattributed
2015,2015-12-31,JEF,0000096223,corroborated_candidate,253,253,2014-12-31,2015-12-31,253,2014-12-31,2015-12-31,252,consistent_overlap,0.0026472282482443827,False,yahoo,complete,legacy_symbol_unattributed
2015,2015-12-31,JNJ,0000200406,corroborated_candidate,253,253,2014-12-31,2015-12-31,253,2014-12-31,2015-12-31,252,consistent_overlap,1.419540338351011e-06,False,yahoo,complete,legacy_symbol_unattributed
2015,2015-12-31,JNPR,0001043604,corroborated_candidate,253,0,,,253,2014-12-31,2015-12-31,0,insufficient_overlap,,False,,archive_adjustment_unverified,legacy_symbol_unattributed
2015,2015-12-31,JPM,0000019617,corroborated_candidate,253,253,2014-12-31,2015-12-31,253,2014-12-31,2015-12-31,252,consistent_overlap,1.8892192511177354e-06,False,yahoo,complete,legacy_symbol_unattributed
2015,2015-12-31,JWN,0000072333,corroborated_candidate,253,0,,,253,2014-12-31,2015-12-31,0,insufficient_overlap,,False,,archive_adjustment_unverified,legacy_symbol_unattributed
2015,2015-12-31,K,0000055067,confirmed_by_multiple_evidence,253,0,,,253,2014-12-31,2015-12-31,0,insufficient_overlap,,False,,archive_adjustment_unverified,legacy_symbol_unattributed
2015,2015-12-31,KDP,,,253,253,2014-12-31,2015-12-31,253,2014-12-31,2015-12-31,252,consistent_overlap,1.5842696893686451e-06,False,,identity_unresolved,legacy_symbol_unattributed
2015,2015-12-31,KEY,0000091576,confirmed_by_multiple_evidence,253,253,2014-12-31,2015-12-31,253,2014-12-31,2015-12-31,252,consistent_overlap,9.438635951869445e-06,False,yahoo,complete,legacy_symbol_unattributed
2015,2015-12-31,KHC,0001637459,corroborated_candidate,253,126,2015-07-06,2015-12-31,253,2014-12-31,2015-12-31,125,consistent_overlap,1.9685454465889765e-06,False,,archive_boundary_unverified,legacy_symbol_unattributed
2015,2015-12-31,KIM,0000879101,corroborated_candidate,253,253,2014-12-31,2015-12-31,253,2014-12-31,2015-12-31,252,consistent_overlap,6.059419566467606e-06,False,yahoo,complete,legacy_symbol_unattributed
2015,2015-12-31,KLAC,0000319201,confirmed_by_multiple_evidence,253,253,2014-12-31,2015-12-31,253,2014-12-31,2015-12-31,252,consistent_overlap,8.809725566994776e-05,False,yahoo,complete,legacy_symbol_unattributed
2015,2015-12-31,KMB,0000055785,corroborated_candidate,253,253,2014-12-31,2015-12-31,253,2014-12-31,2015-12-31,252,consistent_overlap,1.2162051272457397e-06,False,yahoo,complete,legacy_symbol_unattributed
2015,2015-12-31,KMI,0001506307,corroborated_candidate,253,253,2014-12-31,2015-12-31,253,2014-12-31,2015-12-31,252,consistent_overlap,5.720115644147769e-06,False,yahoo,complete,legacy_symbol_unattributed
2015,2015-12-31,KMX,0001170010,corroborated_candidate,253,253,2014-12-31,2015-12-31,253,2014-12-31,2015-12-31,252,consistent_overlap,9.314335052024171e-08,False,yahoo,complete,legacy_symbol_unattributed
2015,2015-12-31,KO,0000021344,corroborated_candidate,253,253,2014-12-31,2015-12-31,253,2014-12-31,2015-12-31,252,consistent_overlap,3.189352014471015e-06,False,yahoo,complete,legacy_symbol_unattributed
2015,2015-12-31,KORS,0001530721,confirmed_by_multiple_evidence,253,0,,,253,2014-12-31,2015-12-31,0,insufficient_overlap,,False,,archive_adjustment_unverified,legacy_symbol_unattributed
2015,2015-12-31,KR,0000056873,corroborated_candidate,253,253,2014-12-31,2015-12-31,253,2014-12-31,2015-12-31,252,consistent_overlap,3.61122365994504e-06,False,yahoo,complete,legacy_symbol_unattributed
2015,2015-12-31,KSS,0000885639,confirmed_by_multiple_evidence,253,253,2014-12-31,2015-12-31,253,2014-12-31,2015-12-31,252,consistent_overlap,3.0824868688295044e-06,False,yahoo,complete,legacy_symbol_unattributed
2015,2015-12-31,KSU,0000054480,corroborated_candidate,253,0,,,253,2014-12-31,2015-12-31,0,insufficient_overlap,,False,,archive_adjustment_unverified,legacy_symbol_unattributed
2015,2015-12-31,L,0000060086,confirmed_by_multiple_evidence,253,253,2014-12-31,2015-12-31,253,2014-12-31,2015-12-31,252,consistent_overlap,2.3540555615397824e-06,False,yahoo,complete,legacy_symbol_unattributed
2015,2015-12-31,LB,,,253,0,,,0,,,0,insufficient_overlap,,False,,identity_unresolved,legacy_symbol_unattributed
2015,2015-12-31,LEG,0000058492,confirmed_by_multiple_evidence,253,0,,,253,2014-12-31,2015-12-31,0,insufficient_overlap,,False,,archive_adjustment_unverified,legacy_symbol_unattributed
2015,2015-12-31,LEN,0000920760,corroborated_candidate,253,253,2014-12-31,2015-12-31,253,2014-12-31,2015-12-31,252,consistent_overlap,3.058235625312822e-06,False,yahoo,complete,legacy_symbol_unattributed
2015,2015-12-31,LH,0000920148,corroborated_candidate,253,253,2014-12-31,2015-12-31,253,2014-12-31,2015-12-31,252,consistent_overlap,1.2052798319250886e-06,False,yahoo,complete,legacy_symbol_unattributed
2015,2015-12-31,LLL,,,253,0,,,0,,,0,insufficient_overlap,,False,,identity_unresolved,legacy_symbol_unattributed
2015,2015-12-31,LLTC,0000791907,corroborated_candidate,253,0,,,253,2014-12-31,2015-12-31,0,insufficient_overlap,,False,,archive_adjustment_unverified,legacy_symbol_unattributed
2015,2015-12-31,LLY,0000059478,corroborated_candidate,253,253,2014-12-31,2015-12-31,253,2014-12-31,2015-12-31,252,consistent_overlap,1.4699780582194679e-06,False,yahoo,complete,legacy_symbol_unattributed
2015,2015-12-31,LM,0000704051,confirmed_by_multiple_evidence,253,0,,,253,2014-12-31,2015-12-31,0,insufficient_overlap,,False,,archive_adjustment_unverified,legacy_symbol_unattributed
2015,2015-12-31,LMT,0000936468,confirmed_by_multiple_evidence,253,253,2014-12-31,2015-12-31,253,2014-12-31,2015-12-31,252,consistent_overlap,8.759217051801384e-07,False,yahoo,complete,legacy_symbol_unattributed
2015,2015-12-31,LNC,0000059558,corroborated_candidate,253,253,2014-12-31,2015-12-31,253,2014-12-31,2015-12-31,252,consistent_overlap,2.416835998376721e-06,False,yahoo,complete,legacy_symbol_unattributed
2015,2015-12-31,LOW,0000060667,corroborated_candidate,253,253,2014-12-31,2015-12-31,253,2014-12-31,2015-12-31,252,consistent_overlap,1.5532805283946522e-06,False,yahoo,complete,legacy_symbol_unattributed
2015,2015-12-31,LRCX,0000707549,confirmed_by_multiple_evidence,253,253,2014-12-31,2015-12-31,253,2014-12-31,2015-12-31,252,consistent_overlap,1.4387911865373367e-05,False,yahoo,complete,legacy_symbol_unattributed
2015,2015-12-31,LUV,0000092380,corroborated_candidate,253,253,2014-12-31,2015-12-31,253,2014-12-31,2015-12-31,252,consistent_overlap,2.9704847963230042e-06,False,yahoo,complete,legacy_symbol_unattributed
2015,2015-12-31,LVLT,0000794323,corroborated_candidate,253,0,,,253,2014-12-31,2015-12-31,0,insufficient_overlap,,False,,archive_adjustment_unverified,legacy_symbol_unattributed
2015,2015-12-31,LYB,0001489393,corroborated_candidate,253,253,2014-12-31,2015-12-31,253,2014-12-31,2015-12-31,252,consistent_overlap,2.4088071425243426e-06,False,yahoo,complete,legacy_symbol_unattributed
2015,2015-12-31,M,0000794367,confirmed_by_multiple_evidence,253,253,2014-12-31,2015-12-31,253,2014-12-31,2015-12-31,252,consistent_overlap,2.5944990408932617e-06,False,yahoo,complete,legacy_symbol_unattributed
2015,2015-12-31,MA,0001141391,confirmed_by_multiple_evidence,253,253,2014-12-31,2015-12-31,253,2014-12-31,2015-12-31,252,consistent_overlap,1.2216841408152493e-06,False,yahoo,complete,legacy_symbol_unattributed
2015,2015-12-31,MAC,0000912242,corroborated_candidate,253,253,2014-12-31,2015-12-31,253,2014-12-31,2015-12-31,252,consistent_overlap,2.0050210336797213e-06,False,yahoo,complete,legacy_symbol_unattributed
2015,2015-12-31,MAR,0001048286,confirmed_by_multiple_evidence,253,253,2014-12-31,2015-12-31,253,2014-12-31,2015-12-31,252,consistent_overlap,6.694811060941609e-05,False,yahoo,complete,legacy_symbol_unattributed
2015,2015-12-31,MAS,0000062996,corroborated_candidate,253,253,2014-12-31,2015-12-31,253,2014-12-31,2015-12-31,252,consistent_overlap,0.0002533383453328077,False,yahoo,complete,legacy_symbol_unattributed
2015,2015-12-31,MAT,0000063276,confirmed_by_multiple_evidence,253,253,2014-12-31,2015-12-31,253,2014-12-31,2015-12-31,252,consistent_overlap,0.00021196782210489596,False,yahoo,complete,legacy_symbol_unattributed
2015,2015-12-31,MCD,0000063908,confirmed_by_multiple_evidence,253,253,2014-12-31,2015-12-31,253,2014-12-31,2015-12-31,252,consistent_overlap,1.396048772983605e-06,False,yahoo,complete,legacy_symbol_unattributed
2015,2015-12-31,MCHP,0000827054,corroborated_candidate,253,253,2014-12-31,2015-12-31,253,2014-12-31,2015-12-31,252,consistent_overlap,0.00011051535143421166,False,yahoo,complete,legacy_symbol_unattributed
2015,2015-12-31,MCK,0000927653,corroborated_candidate,253,253,2014-12-31,2015-12-31,253,2014-12-31,2015-12-31,252,consistent_overlap,7.123624767935158e-07,False,yahoo,complete,legacy_symbol_unattributed
2015,2015-12-31,MCO,0001059556,confirmed_by_multiple_evidence,253,253,2014-12-31,2015-12-31,253,2014-12-31,2015-12-31,252,consistent_overlap,1.1091287467634996e-06,False,yahoo,complete,legacy_symbol_unattributed
2015,2015-12-31,MDLZ,0001103982,confirmed_by_multiple_evidence,253,253,2014-12-31,2015-12-31,253,2014-12-31,2015-12-31,252,consistent_overlap,3.1704401877474815e-06,False,yahoo,complete,legacy_symbol_unattributed
2015,2015-12-31,MDT,0001613103,corroborated_candidate,253,253,2014-12-31,2015-12-31,253,2014-12-31,2015-12-31,252,consistent_overlap,1.8394197364990372e-06,False,yahoo,complete,legacy_symbol_unattributed
2015,2015-12-31,MET,0001099219,corroborated_candidate,253,253,2014-12-31,2015-12-31,253,2014-12-31,2015-12-31,252,divergent_overlap,0.006908778169790561,False,yahoo,complete,legacy_symbol_unattributed
2015,2015-12-31,MHK,0000851968,corroborated_candidate,253,253,2014-12-31,2015-12-31,253,2014-12-31,2015-12-31,252,consistent_overlap,6.893419023601411e-08,False,yahoo,complete,legacy_symbol_unattributed
2015,2015-12-31,MJN,0001452575,corroborated_candidate,253,0,,,253,2014-12-31,2015-12-31,0,insufficient_overlap,,False,,archive_adjustment_unverified,legacy_symbol_unattributed
2015,2015-12-31,MKC,0000063754,corroborated_candidate,253,253,2014-12-31,2015-12-31,253,2014-12-31,2015-12-31,252,consistent_overlap,2.631925564264838e-06,False,yahoo,complete,legacy_symbol_unattributed
2015,2015-12-31,MLM,0000916076,confirmed_by_multiple_evidence,253,253,2014-12-31,2015-12-31,253,2014-12-31,2015-12-31,252,consistent_overlap,1.0488669020847237e-06,False,yahoo,complete,legacy_symbol_unattributed
2015,2015-12-31,MMC,0000062709,confirmed_by_multiple_evidence,253,253,2014-12-31,2015-12-31,253,2014-12-31,2015-12-31,252,consistent_overlap,2.0815304348031918e-06,False,yahoo,complete,legacy_symbol_unattributed
2015,2015-12-31,MMM,0000066740,corroborated_candidate,253,253,2014-12-31,2015-12-31,253,2014-12-31,2015-12-31,252,consistent_overlap,1.4120627502900446e-06,False,yahoo,complete,legacy_symbol_unattributed
2015,2015-12-31,MNK,0001567892,confirmed_by_multiple_evidence,253,0,,,0,,,0,insufficient_overlap,,False,,incomplete_prices,legacy_symbol_unattributed
2015,2015-12-31,MNST,0000865752,corroborated_candidate,253,253,2014-12-31,2015-12-31,253,2014-12-31,2015-12-31,252,consistent_overlap,4.36824023401039e-05,False,yahoo,complete,legacy_symbol_unattributed
2015,2015-12-31,MO,0000764180,confirmed_by_multiple_evidence,253,253,2014-12-31,2015-12-31,253,2014-12-31,2015-12-31,252,consistent_overlap,3.089845981466555e-06,False,yahoo,complete,legacy_symbol_unattributed
2015,2015-12-31,MON,0001110783,corroborated_candidate,253,0,,,0,,,0,insufficient_overlap,,False,,incomplete_prices,legacy_symbol_unattributed
2015,2015-12-31,MOS,0001285785,corroborated_candidate,253,253,2014-12-31,2015-12-31,253,2014-12-31,2015-12-31,252,consistent_overlap,3.0473145039389147e-06,False,yahoo,complete,legacy_symbol_unattributed
2015,2015-12-31,MPC,0001510295,confirmed_by_multiple_evidence,253,253,2014-12-31,2015-12-31,253,2014-12-31,2015-12-31,252,consistent_overlap,2.8443888311979754e-06,False,yahoo,complete,legacy_symbol_unattributed
2015,2015-12-31,MRK,0000310158,confirmed_by_multiple_evidence,253,253,2014-12-31,2015-12-31,253,2014-12-31,2015-12-31,252,consistent_overlap,3.187528064255707e-06,False,yahoo,complete,legacy_symbol_unattributed
2015,2015-12-31,MRO,0000101778,corroborated_candidate,253,0,,,253,2014-12-31,2015-12-31,0,insufficient_overlap,,False,,archive_adjustment_unverified,legacy_symbol_unattributed
2015,2015-12-31,MS,0000895421,confirmed_by_multiple_evidence,253,253,2014-12-31,2015-12-31,253,2014-12-31,2015-12-31,252,consistent_overlap,3.597258371902391e-06,False,yahoo,complete,legacy_symbol_unattributed
2015,2015-12-31,MSFT,0000789019,confirmed_by_multiple_evidence,253,253,2014-12-31,2015-12-31,253,2014-12-31,2015-12-31,252,consistent_overlap,2.375053043783827e-06,False,yahoo,complete,legacy_symbol_unattributed
2015,2015-12-31,MSI,0000068505,corroborated_candidate,253,253,2014-12-31,2015-12-31,253,2014-12-31,2015-12-31,252,consistent_overlap,1.8175065610259731e-06,False,yahoo,complete,legacy_symbol_unattributed
2015,2015-12-31,MTB,0000036270,confirmed_by_multiple_evidence,253,253,2014-12-31,2015-12-31,253,2014-12-31,2015-12-31,252,consistent_overlap,1.2348232495296152e-06,False,yahoo,complete,legacy_symbol_unattributed
2015,2015-12-31,MU,0000723125,corroborated_candidate,253,253,2014-12-31,2015-12-31,253,2014-12-31,2015-12-31,252,consistent_overlap,0.0002812231411362633,False,yahoo,complete,legacy_symbol_unattributed
2015,2015-12-31,MUR,0000717423,confirmed_by_multiple_evidence,253,253,2014-12-31,2015-12-31,253,2014-12-31,2015-12-31,252,consistent_overlap,4.525130985839623e-06,False,yahoo,complete,legacy_symbol_unattributed
2015,2015-12-31,MYL,0001623613,corroborated_candidate,253,0,,,253,2014-12-31,2015-12-31,0,insufficient_overlap,,False,,archive_adjustment_unverified,legacy_symbol_unattributed
2015,2015-12-31,NAVI,0001593538,confirmed_by_multiple_evidence,253,253,2014-12-31,2015-12-31,253,2014-12-31,2015-12-31,252,consistent_overlap,1.060752190915393e-05,False,yahoo,complete,legacy_symbol_unattributed
2015,2015-12-31,NBL,0000072207,corroborated_candidate,253,0,,,253,2014-12-31,2015-12-31,0,insufficient_overlap,,False,,archive_adjustment_unverified,legacy_symbol_unattributed
2015,2015-12-31,NDAQ,0001120193,confirmed_by_multiple_evidence,253,253,2014-12-31,2015-12-31,253,2014-12-31,2015-12-31,252,consistent_overlap,0.0001015402869302362,False,yahoo,complete,legacy_symbol_unattributed
2015,2015-12-31,NEE,0000753308,corroborated_candidate,253,253,2014-12-31,2015-12-31,253,2014-12-31,2015-12-31,252,consistent_overlap,4.69343000224387e-06,False,yahoo,complete,legacy_symbol_unattributed
2015,2015-12-31,NEM,0001164727,corroborated_candidate,253,253,2014-12-31,2015-12-31,253,2014-12-31,2015-12-31,252,consistent_overlap,6.194432748722895e-06,False,yahoo,complete,legacy_symbol_unattributed
2015,2015-12-31,NFLX,0001065280,corroborated_candidate,253,253,2014-12-31,2015-12-31,253,2014-12-31,2015-12-31,252,consistent_overlap,1.1748317231072837e-05,False,yahoo,complete,legacy_symbol_unattributed
2015,2015-12-31,NFX,0000912750,corroborated_candidate,253,0,,,253,2014-12-31,2015-12-31,0,insufficient_overlap,,False,,archive_adjustment_unverified,legacy_symbol_unattributed
2015,2015-12-31,NI,0001111711,corroborated_candidate,253,253,2014-12-31,2015-12-31,253,2014-12-31,2015-12-31,252,consistent_overlap,9.12873258272385e-06,False,yahoo,complete,legacy_symbol_unattributed
2015,2015-12-31,NKE,0000320187,confirmed_by_multiple_evidence,253,253,2014-12-31,2015-12-31,253,2014-12-31,2015-12-31,252,consistent_overlap,2.0264097781119704e-06,False,yahoo,complete,legacy_symbol_unattributed
2015,2015-12-31,NLSN,,,253,0,,,253,2014-12-31,2015-12-31,0,insufficient_overlap,,False,,identity_unresolved,legacy_symbol_unattributed
2015,2015-12-31,NOC,0001133421,corroborated_candidate,253,253,2014-12-31,2015-12-31,253,2014-12-31,2015-12-31,252,consistent_overlap,9.12003145342455e-07,False,yahoo,complete,legacy_symbol_unattributed
2015,2015-12-31,NOV,0001021860,confirmed_by_multiple_evidence,253,253,2014-12-31,2015-12-31,253,2014-12-31,2015-12-31,252,consistent_overlap,2.4585027905232876e-06,False,yahoo,complete,legacy_symbol_unattributed
2015,2015-12-31,NRG,0001013871,corroborated_candidate,253,253,2014-12-31,2015-12-31,253,2014-12-31,2015-12-31,252,consistent_overlap,7.245987006967436e-06,False,yahoo,complete,legacy_symbol_unattributed
2015,2015-12-31,NSC,0000702165,corroborated_candidate,253,253,2014-12-31,2015-12-31,253,2014-12-31,2015-12-31,252,consistent_overlap,1.5939455763280826e-06,False,yahoo,complete,legacy_symbol_unattributed
2015,2015-12-31,NTAP,0001002047,confirmed_by_multiple_evidence,253,253,2014-12-31,2015-12-31,253,2014-12-31,2015-12-31,252,consistent_overlap,0.0001618854756147304,False,yahoo,complete,legacy_symbol_unattributed
2015,2015-12-31,NTRS,0000073124,confirmed_by_multiple_evidence,253,253,2014-12-31,2015-12-31,253,2014-12-31,2015-12-31,252,consistent_overlap,7.602935660377064e-05,False,yahoo,complete,legacy_symbol_unattributed
2015,2015-12-31,NUE,0000073309,confirmed_by_multiple_evidence,253,253,2014-12-31,2015-12-31,253,2014-12-31,2015-12-31,252,consistent_overlap,6.581289526966863e-06,False,yahoo,complete,legacy_symbol_unattributed
2015,2015-12-31,NVDA,0001045810,corroborated_candidate,253,253,2014-12-31,2015-12-31,253,2014-12-31,2015-12-31,252,consistent_overlap,0.0003669186904425038,False,yahoo,complete,legacy_symbol_unattributed
2015,2015-12-31,NWL,0000814453,confirmed_by_multiple_evidence,253,253,2014-12-31,2015-12-31,253,2014-12-31,2015-12-31,252,consistent_overlap,3.3687370809332167e-06,False,yahoo,complete,legacy_symbol_unattributed
2015,2015-12-31,NWS,,,253,253,2014-12-31,2015-12-31,253,2014-12-31,2015-12-31,252,consistent_overlap,0.0003425688008125084,False,,identity_unresolved,legacy_symbol_unattributed
2015,2015-12-31,NWSA,,,253,253,2014-12-31,2015-12-31,253,2014-12-31,2015-12-31,252,consistent_overlap,0.0003666497510127357,False,,identity_unresolved,legacy_symbol_unattributed
2015,2015-12-31,O,0000726728,corroborated_candidate,253,253,2014-12-31,2015-12-31,253,2014-12-31,2015-12-31,252,consistent_overlap,0.0015377607448096942,False,yahoo,complete,legacy_symbol_unattributed
2015,2015-12-31,OI,0000812074,corroborated_candidate,253,253,2014-12-31,2015-12-31,253,2014-12-31,2015-12-31,252,consistent_overlap,4.1714142424997835e-06,False,yahoo,complete,legacy_symbol_unattributed
2015,2015-12-31,OKE,0001039684,corroborated_candidate,253,253,2014-12-31,2015-12-31,253,2014-12-31,2015-12-31,252,consistent_overlap,5.236633281744399e-06,False,yahoo,complete,legacy_symbol_unattributed
2015,2015-12-31,OMC,0000029989,corroborated_candidate,253,253,2014-12-31,2015-12-31,253,2014-12-31,2015-12-31,252,consistent_overlap,1.9099817815115844e-06,False,yahoo,complete,legacy_symbol_unattributed
2015,2015-12-31,ORCL,0001341439,confirmed_by_multiple_evidence,253,253,2014-12-31,2015-12-31,253,2014-12-31,2015-12-31,252,consistent_overlap,2.924486003192951e-06,False,yahoo,complete,legacy_symbol_unattributed
2015,2015-12-31,ORLY,0000898173,corroborated_candidate,253,253,2014-12-31,2015-12-31,253,2014-12-31,2015-12-31,252,consistent_overlap,1.157089226100361e-07,False,yahoo,complete,legacy_symbol_unattributed
2015,2015-12-31,OXY,0000797468,corroborated_candidate,253,253,2014-12-31,2015-12-31,253,2014-12-31,2015-12-31,252,consistent_overlap,1.7758877472706682e-06,False,yahoo,complete,legacy_symbol_unattributed
2015,2015-12-31,PAYX,0000723531,corroborated_candidate,253,253,2014-12-31,2015-12-31,253,2014-12-31,2015-12-31,252,consistent_overlap,0.00010627763479124309,False,yahoo,complete,legacy_symbol_unattributed
2015,2015-12-31,PBCT,0001378946,confirmed_by_multiple_evidence,253,0,,,253,2014-12-31,2015-12-31,0,insufficient_overlap,,False,,archive_adjustment_unverified,legacy_symbol_unattributed
2015,2015-12-31,PBI,0000078814,corroborated_candidate,253,253,2014-12-31,2015-12-31,253,2014-12-31,2015-12-31,252,consistent_overlap,2.059227479431214e-05,False,yahoo,complete,legacy_symbol_unattributed
2015,2015-12-31,PCAR,0000075362,confirmed_by_multiple_evidence,253,253,2014-12-31,2015-12-31,253,2014-12-31,2015-12-31,252,consistent_overlap,8.036943210863346e-05,False,yahoo,complete,legacy_symbol_unattributed
2015,2015-12-31,PCG,0001004980,corroborated_candidate,253,253,2014-12-31,2015-12-31,253,2014-12-31,2015-12-31,252,consistent_overlap,1.8225110637737353e-06,False,yahoo,complete,legacy_symbol_unattributed
2015,2015-12-31,PCL,0000849213,corroborated_candidate,253,0,,,253,2014-12-31,2015-12-31,0,insufficient_overlap,,False,,archive_adjustment_unverified,legacy_symbol_unattributed
2015,2015-12-31,PCP,0000079958,confirmed_by_multiple_evidence,253,0,,,253,2014-12-31,2015-12-31,0,insufficient_overlap,,False,,archive_adjustment_unverified,legacy_symbol_unattributed
2015,2015-12-31,PDCO,0000891024,confirmed_by_multiple_evidence,253,0,,,253,2014-12-31,2015-12-31,0,insufficient_overlap,,False,,archive_adjustment_unverified,legacy_symbol_unattributed
2015,2015-12-31,PEG,0000788784,confirmed_by_multiple_evidence,253,253,2014-12-31,2015-12-31,253,2014-12-31,2015-12-31,252,consistent_overlap,3.155308496147758e-06,False,yahoo,complete,legacy_symbol_unattributed
2015,2015-12-31,PEP,0000077476,confirmed_by_multiple_evidence,253,253,2014-12-31,2015-12-31,253,2014-12-31,2015-12-31,252,consistent_overlap,3.22641774586965e-06,False,yahoo,complete,legacy_symbol_unattributed
2015,2015-12-31,PFE,0000078003,confirmed_by_multiple_evidence,253,253,2014-12-31,2015-12-31,253,2014-12-31,2015-12-31,252,consistent_overlap,1.1597439778165984e-05,False,yahoo,complete,legacy_symbol_unattributed
2015,2015-12-31,PFG,0001126328,corroborated_candidate,253,253,2014-12-31,2015-12-31,253,2014-12-31,2015-12-31,252,consistent_overlap,2.8851234270299567e-06,False,yahoo,complete,legacy_symbol_unattributed
2015,2015-12-31,PG,0000080424,confirmed_by_multiple_evidence,253,253,2014-12-31,2015-12-31,253,2014-12-31,2015-12-31,252,consistent_overlap,1.776614220204698e-06,False,yahoo,complete,legacy_symbol_unattributed
2015,2015-12-31,PGR,0000080661,confirmed_by_multiple_evidence,253,253,2014-12-31,2015-12-31,253,2014-12-31,2015-12-31,252,consistent_overlap,3.7284737540177473e-06,False,yahoo,complete,legacy_symbol_unattributed
2015,2015-12-31,PH,0000076334,confirmed_by_multiple_evidence,253,253,2014-12-31,2015-12-31,253,2014-12-31,2015-12-31,252,consistent_overlap,1.0062453589454457e-06,False,yahoo,complete,legacy_symbol_unattributed
2015,2015-12-31,PHM,0000822416,corroborated_candidate,253,253,2014-12-31,2015-12-31,253,2014-12-31,2015-12-31,252,consistent_overlap,5.29246487270374e-06,False,yahoo,complete,legacy_symbol_unattributed
2015,2015-12-31,PKI,0000031791,corroborated_candidate,253,0,,,253,2014-12-31,2015-12-31,0,insufficient_overlap,,False,,archive_adjustment_unverified,legacy_symbol_unattributed
2015,2015-12-31,PLD,0001045609,confirmed_by_multiple_evidence,253,253,2014-12-31,2015-12-31,253,2014-12-31,2015-12-31,252,consistent_overlap,2.8058119570761885e-06,False,yahoo,complete,legacy_symbol_unattributed
2015,2015-12-31,PM,0001413329,corroborated_candidate,253,253,2014-12-31,2015-12-31,253,2014-12-31,2015-12-31,252,consistent_overlap,1.785696721983144e-06,False,yahoo,complete,legacy_symbol_unattributed
2015,2015-12-31,PNC,0000713676,confirmed_by_multiple_evidence,253,253,2014-12-31,2015-12-31,253,2014-12-31,2015-12-31,252,consistent_overlap,1.7416665489322635e-06,False,yahoo,complete,legacy_symbol_unattributed
2015,2015-12-31,PNR,0000077360,confirmed_by_multiple_evidence,253,253,2014-12-31,2015-12-31,253,2014-12-31,2015-12-31,252,consistent_overlap,2.815808746242654e-06,False,yahoo,complete,legacy_symbol_unattributed
2015,2015-12-31,PNW,0000764622,corroborated_candidate,253,253,2014-12-31,2015-12-31,253,2014-12-31,2015-12-31,252,consistent_overlap,2.06638224731992e-06,False,yahoo,complete,legacy_symbol_unattributed
2015,2015-12-31,POM,0001135971,confirmed_by_multiple_evidence,253,0,,,253,2014-12-31,2015-12-31,0,insufficient_overlap,,False,,archive_adjustment_unverified,legacy_symbol_unattributed
2015,2015-12-31,PPG,0000079879,confirmed_by_multiple_evidence,253,253,2014-12-31,2015-12-31,253,2014-12-31,2015-12-31,252,consistent_overlap,1.1327267189320538e-06,False,yahoo,complete,legacy_symbol_unattributed
2015,2015-12-31,PPL,0000922224,corroborated_candidate,253,253,2014-12-31,2015-12-31,253,2014-12-31,2015-12-31,252,consistent_overlap,2.123241156794549e-05,False,yahoo,complete,legacy_symbol_unattributed
2015,2015-12-31,PRGO,0001585364,corroborated_candidate,253,253,2014-12-31,2015-12-31,253,2014-12-31,2015-12-31,252,consistent_overlap,8.298037874088228e-07,False,yahoo,complete,legacy_symbol_unattributed
2015,2015-12-31,PRU,0001137774,confirmed_by_multiple_evidence,253,253,2014-12-31,2015-12-31,253,2014-12-31,2015-12-31,252,consistent_overlap,1.727489983343045e-06,False,yahoo,complete,legacy_symbol_unattributed
2015,2015-12-31,PSA,0001393311,corroborated_candidate,253,253,2014-12-31,2015-12-31,253,2014-12-31,2015-12-31,252,consistent_overlap,9.603041037908877e-07,False,yahoo,complete,legacy_symbol_unattributed
2015,2015-12-31,PSX,0001534701,confirmed_by_multiple_evidence,253,253,2014-12-31,2015-12-31,253,2014-12-31,2015-12-31,252,consistent_overlap,1.8411924852423946e-06,False,yahoo,complete,legacy_symbol_unattributed
2015,2015-12-31,PVH,0000078239,corroborated_candidate,253,253,2014-12-31,2015-12-31,253,2014-12-31,2015-12-31,252,consistent_overlap,1.0213338203124422e-06,False,yahoo,complete,legacy_symbol_unattributed
2015,2015-12-31,PWR,0001050915,confirmed_by_multiple_evidence,253,253,2014-12-31,2015-12-31,253,2014-12-31,2015-12-31,252,consistent_overlap,3.7515267752363805e-06,False,yahoo,complete,legacy_symbol_unattributed
2015,2015-12-31,PX,0000884905,confirmed_by_multiple_evidence,253,0,,,0,,,0,insufficient_overlap,,False,,incomplete_prices,legacy_symbol_unattributed
2015,2015-12-31,PXD,0001038357,confirmed_by_multiple_evidence,253,0,,,253,2014-12-31,2015-12-31,0,insufficient_overlap,,False,,archive_adjustment_unverified,legacy_symbol_unattributed
2015,2015-12-31,PYPL,0001633917,confirmed_by_multiple_evidence,253,126,2015-07-06,2015-12-31,126,2015-07-06,2015-12-31,125,consistent_overlap,0.00010411135710998456,False,,incomplete_prices,legacy_symbol_unattributed
2015,2015-12-31,QCOM,0000804328,corroborated_candidate,253,253,2014-12-31,2015-12-31,253,2014-12-31,2015-12-31,252,consistent_overlap,0.00010218919702182918,False,yahoo,complete,legacy_symbol_unattributed
2015,2015-12-31,QRVO,0001604778,corroborated_candidate,253,252,2015-01-02,2015-12-31,253,2014-12-31,2015-12-31,251,consistent_overlap,8.801917172895912e-08,False,,archive_boundary_unverified,legacy_symbol_unattributed
2015,2015-12-31,R,0000085961,corroborated_candidate,253,253,2014-12-31,2015-12-31,253,2014-12-31,2015-12-31,252,consistent_overlap,1.4518131059193533e-06,False,yahoo,complete,legacy_symbol_unattributed
2015,2015-12-31,RAI,0001275283,corroborated_candidate,253,0,,,253,2014-12-31,2015-12-31,0,insufficient_overlap,,False,,archive_adjustment_unverified,legacy_symbol_unattributed
2015,2015-12-31,RCL,0000884887,corroborated_candidate,253,253,2014-12-31,2015-12-31,253,2014-12-31,2015-12-31,252,consistent_overlap,1.3314709488942982e-06,False,yahoo,complete,legacy_symbol_unattributed
2015,2015-12-31,REGN,0000872589,corroborated_candidate,253,253,2014-12-31,2015-12-31,253,2014-12-31,2015-12-31,252,consistent_overlap,3.118808274782392e-07,False,yahoo,complete,legacy_symbol_unattributed
2015,2015-12-31,RF,0001281761,confirmed_by_multiple_evidence,253,253,2014-12-31,2015-12-31,253,2014-12-31,2015-12-31,252,consistent_overlap,1.3628771047949913e-05,False,yahoo,complete,legacy_symbol_unattributed
2015,2015-12-31,RHI,0000315213,confirmed_by_multiple_evidence,253,253,2014-12-31,2015-12-31,253,2014-12-31,2015-12-31,252,consistent_overlap,2.2529806434556936e-06,False,yahoo,complete,legacy_symbol_unattributed
2015,2015-12-31,RHT,0001087423,confirmed_by_multiple_evidence,253,0,,,253,2014-12-31,2015-12-31,0,insufficient_overlap,,False,,archive_adjustment_unverified,legacy_symbol_unattributed
2015,2015-12-31,RIG,0001451505,corroborated_candidate,253,253,2014-12-31,2015-12-31,253,2014-12-31,2015-12-31,252,consistent_overlap,5.071988879197245e-06,False,yahoo,complete,legacy_symbol_unattributed
2015,2015-12-31,RL,0001037038,corroborated_candidate,253,253,2014-12-31,2015-12-31,253,2014-12-31,2015-12-31,252,consistent_overlap,9.436468331291972e-07,False,yahoo,complete,legacy_symbol_unattributed
2015,2015-12-31,ROK,0001024478,corroborated_candidate,253,253,2014-12-31,2015-12-31,253,2014-12-31,2015-12-31,252,consistent_overlap,1.0529816727511411e-06,False,yahoo,complete,legacy_symbol_unattributed
2015,2015-12-31,ROP,0000882835,corroborated_candidate,253,253,2014-12-31,2015-12-31,253,2014-12-31,2015-12-31,252,consistent_overlap,8.317770185173324e-07,False,yahoo,complete,legacy_symbol_unattributed
2015,2015-12-31,ROST,0000745732,corroborated_candidate,253,253,2014-12-31,2015-12-31,253,2014-12-31,2015-12-31,252,consistent_overlap,0.00010051753277139475,False,yahoo,complete,legacy_symbol_unattributed
2015,2015-12-31,RRC,0000315852,confirmed_by_multiple_evidence,253,253,2014-12-31,2015-12-31,253,2014-12-31,2015-12-31,252,consistent_overlap,3.143371298760524e-06,False,yahoo,complete,legacy_symbol_unattributed
2015,2015-12-31,RSG,0001060391,corroborated_candidate,253,253,2014-12-31,2015-12-31,253,2014-12-31,2015-12-31,252,consistent_overlap,2.4336688520387727e-06,False,yahoo,complete,legacy_symbol_unattributed
2015,2015-12-31,RTN,0001047122,confirmed_by_multiple_evidence,253,0,,,253,2014-12-31,2015-12-31,0,insufficient_overlap,,False,,archive_adjustment_unverified,legacy_symbol_unattributed
2015,2015-12-31,SBUX,0000829224,corroborated_candidate,253,253,2014-12-31,2015-12-31,253,2014-12-31,2015-12-31,252,consistent_overlap,0.00010431262453386547,False,yahoo,complete,legacy_symbol_unattributed
2015,2015-12-31,SCG,0000754737,corroborated_candidate,253,0,,,253,2014-12-31,2015-12-31,0,insufficient_overlap,,False,,archive_adjustment_unverified,legacy_symbol_unattributed
2015,2015-12-31,SCHW,0000316709,confirmed_by_multiple_evidence,253,253,2014-12-31,2015-12-31,253,2014-12-31,2015-12-31,252,consistent_overlap,3.2698310446810378e-06,False,yahoo,complete,legacy_symbol_unattributed
2015,2015-12-31,SE,0001373835,confirmed_by_multiple_evidence,253,0,,,0,,,0,insufficient_overlap,,False,,incomplete_prices,legacy_symbol_unattributed
2015,2015-12-31,SEE,0001012100,confirmed_by_multiple_evidence,253,0,,,253,2014-12-31,2015-12-31,0,insufficient_overlap,,False,,archive_adjustment_unverified,legacy_symbol_unattributed
2015,2015-12-31,SHW,0000089800,corroborated_candidate,253,253,2014-12-31,2015-12-31,253,2014-12-31,2015-12-31,252,consistent_overlap,1.1559041860742526e-06,False,yahoo,complete,legacy_symbol_unattributed
2015,2015-12-31,SIG,0000832988,confirmed_by_multiple_evidence,253,253,2014-12-31,2015-12-31,253,2014-12-31,2015-12-31,252,consistent_overlap,1.0052755752498755e-06,False,yahoo,complete,legacy_symbol_unattributed
2015,2015-12-31,SJM,0000091419,corroborated_candidate,253,253,2014-12-31,2015-12-31,253,2014-12-31,2015-12-31,252,consistent_overlap,1.2425481749644974e-06,False,yahoo,complete,legacy_symbol_unattributed
2015,2015-12-31,SLB,0000087347,confirmed_by_multiple_evidence,253,253,2014-12-31,2015-12-31,253,2014-12-31,2015-12-31,252,consistent_overlap,1.5701923542255086e-06,False,yahoo,complete,legacy_symbol_unattributed
2015,2015-12-31,SLG,0001040971,corroborated_candidate,253,253,2014-12-31,2015-12-31,253,2014-12-31,2015-12-31,252,consistent_overlap,4.9532168690192e-06,False,yahoo,complete,legacy_symbol_unattributed
2015,2015-12-31,SNA,0000091440,confirmed_by_multiple_evidence,253,253,2014-12-31,2015-12-31,253,2014-12-31,2015-12-31,252,consistent_overlap,9.563118899835743e-07,False,yahoo,complete,legacy_symbol_unattributed
2015,2015-12-31,SNDK,0001000180,corroborated_candidate,253,0,,,0,,,0,insufficient_overlap,,False,,incomplete_prices,legacy_symbol_unattributed
2015,2015-12-31,SNI,0001430602,corroborated_candidate,253,0,,,253,2014-12-31,2015-12-31,0,insufficient_overlap,,False,,archive_adjustment_unverified,legacy_symbol_unattributed
2015,2015-12-31,SO,0000092122,corroborated_candidate,253,253,2014-12-31,2015-12-31,253,2014-12-31,2015-12-31,252,consistent_overlap,3.2890052420886385e-06,False,yahoo,complete,legacy_symbol_unattributed
2015,2015-12-31,SPG,0001063761,corroborated_candidate,253,253,2014-12-31,2015-12-31,253,2014-12-31,2015-12-31,252,consistent_overlap,1.0838168195648209e-06,False,yahoo,complete,legacy_symbol_unattributed
2015,2015-12-31,SPGI,0000064040,corroborated_candidate,253,253,2014-12-31,2015-12-31,253,2014-12-31,2015-12-31,252,consistent_overlap,1.2038209182851923e-06,False,yahoo,complete,legacy_symbol_unattributed
2015,2015-12-31,SPLS,0000791519,corroborated_candidate,253,0,,,253,2014-12-31,2015-12-31,0,insufficient_overlap,,False,,archive_adjustment_unverified,legacy_symbol_unattributed
2015,2015-12-31,SRCL,0000861878,confirmed_by_multiple_evidence,253,0,,,253,2014-12-31,2015-12-31,0,insufficient_overlap,,False,,archive_adjustment_unverified,legacy_symbol_unattributed
2015,2015-12-31,SRE,,,253,253,2014-12-31,2015-12-31,253,2014-12-31,2015-12-31,252,consistent_overlap,2.394219707719804e-06,False,,identity_unresolved,legacy_symbol_unattributed
2015,2015-12-31,STI,0000750556,confirmed_by_multiple_evidence,253,0,,,0,,,0,insufficient_overlap,,False,,incomplete_prices,legacy_symbol_unattributed
2015,2015-12-31,STJ,0000203077,corroborated_candidate,253,0,,,253,2014-12-31,2015-12-31,0,insufficient_overlap,,False,,archive_adjustment_unverified,legacy_symbol_unattributed
2015,2015-12-31,STT,0000093751,corroborated_candidate,253,253,2014-12-31,2015-12-31,253,2014-12-31,2015-12-31,252,consistent_overlap,1.6556960338975915e-06,False,yahoo,complete,legacy_symbol_unattributed
2015,2015-12-31,STX,0001137789,corroborated_candidate,253,253,2014-12-31,2015-12-31,253,2014-12-31,2015-12-31,252,consistent_overlap,9.518553317573455e-05,False,yahoo,complete,legacy_symbol_unattributed
2015,2015-12-31,STZ,0000016918,corroborated_candidate,253,253,2014-12-31,2015-12-31,253,2014-12-31,2015-12-31,252,consistent_overlap,1.121172994280606e-06,False,yahoo,complete,legacy_symbol_unattributed
2015,2015-12-31,SWK,0000093556,confirmed_by_multiple_evidence,253,253,2014-12-31,2015-12-31,253,2014-12-31,2015-12-31,252,consistent_overlap,1.435359997097319e-06,False,yahoo,complete,legacy_symbol_unattributed
2015,2015-12-31,SWKS,0000004127,corroborated_candidate,253,253,2014-12-31,2015-12-31,253,2014-12-31,2015-12-31,252,consistent_overlap,1.3797722068442656e-06,False,yahoo,complete,legacy_symbol_unattributed
2015,2015-12-31,SWN,0000007332,confirmed_by_multiple_evidence,253,0,,,253,2014-12-31,2015-12-31,0,insufficient_overlap,,False,,archive_adjustment_unverified,legacy_symbol_unattributed
2015,2015-12-31,SYF,,,253,253,2014-12-31,2015-12-31,253,2014-12-31,2015-12-31,252,consistent_overlap,3.5727162892751364e-06,False,,identity_unresolved,legacy_symbol_unattributed
2015,2015-12-31,SYK,0000310764,confirmed_by_multiple_evidence,253,253,2014-12-31,2015-12-31,253,2014-12-31,2015-12-31,252,consistent_overlap,1.255564644622176e-06,False,yahoo,complete,legacy_symbol_unattributed
2015,2015-12-31,SYMC,0000849399,corroborated_candidate,253,0,,,253,2014-12-31,2015-12-31,0,insufficient_overlap,,False,,archive_adjustment_unverified,legacy_symbol_unattributed
2015,2015-12-31,SYY,0000096021,corroborated_candidate,253,253,2014-12-31,2015-12-31,253,2014-12-31,2015-12-31,252,consistent_overlap,2.9581645705978332e-06,False,yahoo,complete,legacy_symbol_unattributed
2015,2015-12-31,T,0000732717,corroborated_candidate,253,253,2014-12-31,2015-12-31,253,2014-12-31,2015-12-31,252,consistent_overlap,0.004442894770292447,False,yahoo,complete,legacy_symbol_unattributed
2015,2015-12-31,TAP,0000024545,confirmed_by_multiple_evidence,253,253,2014-12-31,2015-12-31,253,2014-12-31,2015-12-31,252,consistent_overlap,1.7231452102861599e-06,False,yahoo,complete,legacy_symbol_unattributed
2015,2015-12-31,TDC,0000816761,confirmed_by_multiple_evidence,253,253,2014-12-31,2015-12-31,253,2014-12-31,2015-12-31,252,consistent_overlap,7.682193362223978e-08,False,yahoo,complete,legacy_symbol_unattributed
2015,2015-12-31,TE,0000350563,confirmed_by_multiple_evidence,253,0,,,0,,,0,insufficient_overlap,,False,,incomplete_prices,legacy_symbol_unattributed
2015,2015-12-31,TEL,0001385157,corroborated_candidate,253,253,2014-12-31,2015-12-31,253,2014-12-31,2015-12-31,252,consistent_overlap,1.7792801228078144e-06,False,yahoo,complete,legacy_symbol_unattributed
2015,2015-12-31,TGNA,,,253,0,,,253,2014-12-31,2015-12-31,0,insufficient_overlap,,False,,identity_unresolved,legacy_symbol_unattributed
2015,2015-12-31,TGT,0000027419,corroborated_candidate,253,253,2014-12-31,2015-12-31,253,2014-12-31,2015-12-31,252,consistent_overlap,1.6189692161061589e-06,False,yahoo,complete,legacy_symbol_unattributed
2015,2015-12-31,THC,0000070318,corroborated_candidate,253,253,2014-12-31,2015-12-31,253,2014-12-31,2015-12-31,252,consistent_overlap,7.402077659590669e-08,False,yahoo,complete,legacy_symbol_unattributed
2015,2015-12-31,TIF,0000098246,confirmed_by_multiple_evidence,253,0,,,253,2014-12-31,2015-12-31,0,insufficient_overlap,,False,,archive_adjustment_unverified,legacy_symbol_unattributed
2015,2015-12-31,TJX,0000109198,confirmed_by_multiple_evidence,253,253,2014-12-31,2015-12-31,253,2014-12-31,2015-12-31,252,consistent_overlap,2.6970543864712767e-06,False,yahoo,complete,legacy_symbol_unattributed
2015,2015-12-31,TMK,0000320335,confirmed_by_multiple_evidence,253,0,,,253,2014-12-31,2015-12-31,0,insufficient_overlap,,False,,archive_adjustment_unverified,legacy_symbol_unattributed
2015,2015-12-31,TMO,0000097745,corroborated_candidate,253,253,2014-12-31,2015-12-31,253,2014-12-31,2015-12-31,252,consistent_overlap,1.035715654182923e-06,False,yahoo,complete,legacy_symbol_unattributed
2015,2015-12-31,TPR,,,253,253,2014-12-31,2015-12-31,253,2014-12-31,2015-12-31,252,consistent_overlap,1.2737886912504993e-05,False,,identity_unresolved,legacy_symbol_unattributed
2015,2015-12-31,TRIP,0001526520,corroborated_candidate,253,253,2014-12-31,2015-12-31,253,2014-12-31,2015-12-31,252,consistent_overlap,6.40292895170691e-05,False,yahoo,complete,legacy_symbol_unattributed
2015,2015-12-31,TROW,,,253,253,2014-12-31,2015-12-31,253,2014-12-31,2015-12-31,252,consistent_overlap,6.311228095227329e-05,False,,identity_unresolved,legacy_symbol_unattributed
2015,2015-12-31,TRV,0000086312,corroborated_candidate,253,253,2014-12-31,2015-12-31,253,2014-12-31,2015-12-31,252,consistent_overlap,1.382823760591734e-06,False,yahoo,complete,legacy_symbol_unattributed
2015,2015-12-31,TSCO,0000916365,corroborated_candidate,253,253,2014-12-31,2015-12-31,253,2014-12-31,2015-12-31,252,consistent_overlap,5.770140562055826e-06,False,yahoo,complete,legacy_symbol_unattributed
2015,2015-12-31,TSN,0000100493,corroborated_candidate,253,253,2014-12-31,2015-12-31,253,2014-12-31,2015-12-31,252,consistent_overlap,3.094077902241478e-06,False,yahoo,complete,legacy_symbol_unattributed
2015,2015-12-31,TSS,0000721683,confirmed_by_multiple_evidence,253,0,,,253,2014-12-31,2015-12-31,0,insufficient_overlap,,False,,archive_adjustment_unverified,legacy_symbol_unattributed
2015,2015-12-31,TWC,0001377013,corroborated_candidate,253,0,,,253,2014-12-31,2015-12-31,0,insufficient_overlap,,False,,archive_adjustment_unverified,legacy_symbol_unattributed
2015,2015-12-31,TWX,0001105705,corroborated_candidate,253,0,,,253,2014-12-31,2015-12-31,0,insufficient_overlap,,False,,archive_adjustment_unverified,legacy_symbol_unattributed
2015,2015-12-31,TXN,0000097476,corroborated_candidate,253,253,2014-12-31,2015-12-31,253,2014-12-31,2015-12-31,252,consistent_overlap,2.209033424449558e-06,False,yahoo,complete,legacy_symbol_unattributed
2015,2015-12-31,TXT,0000217346,corroborated_candidate,253,253,2014-12-31,2015-12-31,253,2014-12-31,2015-12-31,252,consistent_overlap,2.3002745164080197e-06,False,yahoo,complete,legacy_symbol_unattributed
2015,2015-12-31,UAA,,,253,253,2014-12-31,2015-12-31,253,2014-12-31,2015-12-31,252,consistent_overlap,2.168401393178865e-06,False,,identity_unresolved,legacy_symbol_unattributed
2015,2015-12-31,UAL,,,253,253,2014-12-31,2015-12-31,253,2014-12-31,2015-12-31,252,consistent_overlap,8.898882379537731e-08,False,,identity_unresolved,legacy_symbol_unattributed
2015,2015-12-31,UHS,0000352915,confirmed_by_multiple_evidence,253,253,2014-12-31,2015-12-31,253,2014-12-31,2015-12-31,252,consistent_overlap,9.751012175618357e-07,False,yahoo,complete,legacy_symbol_unattributed
2015,2015-12-31,UNH,0000731766,corroborated_candidate,253,253,2014-12-31,2015-12-31,253,2014-12-31,2015-12-31,252,consistent_overlap,1.023042511698603e-06,False,yahoo,complete,legacy_symbol_unattributed
2015,2015-12-31,UNM,0000005513,confirmed_by_multiple_evidence,253,253,2014-12-31,2015-12-31,253,2014-12-31,2015-12-31,252,consistent_overlap,3.6239739681054323e-06,False,yahoo,complete,legacy_symbol_unattributed
2015,2015-12-31,UNP,0000100885,corroborated_candidate,253,253,2014-12-31,2015-12-31,253,2014-12-31,2015-12-31,252,consistent_overlap,1.2298305375946228e-06,False,yahoo,complete,legacy_symbol_unattributed
2015,2015-12-31,UPS,0001090727,confirmed_by_multiple_evidence,253,253,2014-12-31,2015-12-31,253,2014-12-31,2015-12-31,252,consistent_overlap,1.511205189461684e-06,False,yahoo,complete,legacy_symbol_unattributed
2015,2015-12-31,URBN,0000912615,confirmed_by_multiple_evidence,253,253,2014-12-31,2015-12-31,253,2014-12-31,2015-12-31,252,consistent_overlap,8.78662440162437e-08,False,yahoo,complete,legacy_symbol_unattributed
2015,2015-12-31,URI,0001067701,corroborated_candidate,253,253,2014-12-31,2015-12-31,253,2014-12-31,2015-12-31,252,consistent_overlap,1.2805847057129074e-06,False,yahoo,complete,legacy_symbol_unattributed
2015,2015-12-31,USB,0000036104,confirmed_by_multiple_evidence,253,253,2014-12-31,2015-12-31,253,2014-12-31,2015-12-31,252,consistent_overlap,3.0100002566035847e-06,False,yahoo,complete,legacy_symbol_unattributed
2015,2015-12-31,UTX,0000101829,corroborated_candidate,253,0,,,253,2014-12-31,2015-12-31,0,insufficient_overlap,,False,,archive_adjustment_unverified,legacy_symbol_unattributed
2015,2015-12-31,V,0001403161,corroborated_candidate,253,253,2014-12-31,2015-12-31,253,2014-12-31,2015-12-31,252,consistent_overlap,1.472712349022132e-06,False,yahoo,complete,legacy_symbol_unattributed
2015,2015-12-31,VAR,0000203527,confirmed_by_multiple_evidence,253,0,,,253,2014-12-31,2015-12-31,0,insufficient_overlap,,False,,archive_adjustment_unverified,legacy_symbol_unattributed
2015,2015-12-31,VFC,0000103379,confirmed_by_multiple_evidence,253,253,2014-12-31,2015-12-31,253,2014-12-31,2015-12-31,252,consistent_overlap,1.955314361119509e-06,False,yahoo,complete,legacy_symbol_unattributed
2015,2015-12-31,VIAB,0001339947,corroborated_candidate,253,0,,,253,2014-12-31,2015-12-31,0,insufficient_overlap,,False,,archive_adjustment_unverified,legacy_symbol_unattributed
2015,2015-12-31,VLO,0001035002,corroborated_candidate,253,253,2014-12-31,2015-12-31,253,2014-12-31,2015-12-31,252,consistent_overlap,2.615604017421891e-06,False,yahoo,complete,legacy_symbol_unattributed
2015,2015-12-31,VMC,0001396009,confirmed_by_multiple_evidence,253,253,2014-12-31,2015-12-31,253,2014-12-31,2015-12-31,252,consistent_overlap,1.4050875336801834e-06,False,yahoo,complete,legacy_symbol_unattributed
2015,2015-12-31,VNO,0000899689,corroborated_candidate,253,253,2014-12-31,2015-12-31,253,2014-12-31,2015-12-31,252,consistent_overlap,2.0965532351635572e-06,False,yahoo,complete,legacy_symbol_unattributed
2015,2015-12-31,VRSK,,,253,253,2014-12-31,2015-12-31,253,2014-12-31,2015-12-31,252,consistent_overlap,7.9193713937733e-05,False,,identity_unresolved,legacy_symbol_unattributed
2015,2015-12-31,VRSN,0001014473,corroborated_candidate,253,253,2014-12-31,2015-12-31,253,2014-12-31,2015-12-31,252,consistent_overlap,7.86952284631748e-05,False,yahoo,complete,legacy_symbol_unattributed
2015,2015-12-31,VRTX,0000875320,corroborated_candidate,253,253,2014-12-31,2015-12-31,252,2014-12-31,2015-12-31,251,consistent_overlap,7.809102934880352e-05,False,yahoo,complete,legacy_symbol_unattributed
2015,2015-12-31,VTR,0000740260,corroborated_candidate,253,253,2014-12-31,2015-12-31,253,2014-12-31,2015-12-31,252,consistent_overlap,0.00013393242084037139,False,yahoo,complete,legacy_symbol_unattributed
2015,2015-12-31,VZ,0000732712,confirmed_by_multiple_evidence,253,253,2014-12-31,2015-12-31,253,2014-12-31,2015-12-31,252,consistent_overlap,3.2452715273623148e-06,False,yahoo,complete,legacy_symbol_unattributed
2015,2015-12-31,WAT,0001000697,corroborated_candidate,253,253,2014-12-31,2015-12-31,253,2014-12-31,2015-12-31,252,consistent_overlap,9.890497864484261e-08,False,yahoo,complete,legacy_symbol_unattributed
2015,2015-12-31,WBA,0001618921,corroborated_candidate,253,0,,,253,2014-12-31,2015-12-31,0,insufficient_overlap,,False,,archive_adjustment_unverified,legacy_symbol_unattributed
2015,2015-12-31,WDC,0000106040,confirmed_by_multiple_evidence,253,253,2014-12-31,2015-12-31,253,2014-12-31,2015-12-31,252,consistent_overlap,2.67580587396621e-06,False,yahoo,complete,legacy_symbol_unattributed
2015,2015-12-31,WEC,0000783325,corroborated_candidate,253,253,2014-12-31,2015-12-31,253,2014-12-31,2015-12-31,252,consistent_overlap,7.999215777154693e-06,False,yahoo,complete,legacy_symbol_unattributed
2015,2015-12-31,WELL,0000766704,corroborated_candidate,253,253,2014-12-31,2015-12-31,253,2014-12-31,2015-12-31,252,consistent_overlap,1.952831533312827e-06,False,yahoo,complete,legacy_symbol_unattributed
2015,2015-12-31,WFC,0000072971,corroborated_candidate,253,253,2014-12-31,2015-12-31,253,2014-12-31,2015-12-31,252,consistent_overlap,2.3496490298136054e-06,False,yahoo,complete,legacy_symbol_unattributed
2015,2015-12-31,WFM,0000865436,corroborated_candidate,253,0,,,253,2014-12-31,2015-12-31,0,insufficient_overlap,,False,,archive_adjustment_unverified,legacy_symbol_unattributed
2015,2015-12-31,WHR,0000106640,corroborated_candidate,253,253,2014-12-31,2015-12-31,253,2014-12-31,2015-12-31,252,consistent_overlap,9.994791417677896e-07,False,yahoo,complete,legacy_symbol_unattributed
2015,2015-12-31,WM,0000823768,confirmed_by_multiple_evidence,253,253,2014-12-31,2015-12-31,253,2014-12-31,2015-12-31,252,consistent_overlap,2.081269626134086e-06,False,yahoo,complete,legacy_symbol_unattributed
2015,2015-12-31,WMB,0000107263,corroborated_candidate,253,253,2014-12-31,2015-12-31,253,2014-12-31,2015-12-31,252,consistent_overlap,3.927153411436015e-06,False,yahoo,complete,legacy_symbol_unattributed
2015,2015-12-31,WMT,0000104169,corroborated_candidate,253,253,2014-12-31,2015-12-31,253,2014-12-31,2015-12-31,252,consistent_overlap,4.418138103961412e-05,False,yahoo,complete,legacy_symbol_unattributed
2015,2015-12-31,WRK,,,253,0,,,253,2014-12-31,2015-12-31,0,insufficient_overlap,,False,,identity_unresolved,legacy_symbol_unattributed
2015,2015-12-31,WU,0001365135,corroborated_candidate,253,253,2014-12-31,2015-12-31,253,2014-12-31,2015-12-31,252,consistent_overlap,7.881324874694507e-06,False,yahoo,complete,legacy_symbol_unattributed
2015,2015-12-31,WY,0000106535,confirmed_by_multiple_evidence,253,253,2014-12-31,2015-12-31,253,2014-12-31,2015-12-31,252,consistent_overlap,4.560569460529962e-06,False,yahoo,complete,legacy_symbol_unattributed
2015,2015-12-31,WYND,,,253,0,,,0,,,0,insufficient_overlap,,False,,identity_unresolved,legacy_symbol_unattributed
2015,2015-12-31,WYNN,0001174922,confirmed_by_multiple_evidence,253,253,2014-12-31,2015-12-31,253,2014-12-31,2015-12-31,252,consistent_overlap,3.891695918951222e-05,False,yahoo,complete,legacy_symbol_unattributed
2015,2015-12-31,XEC,0001168054,corroborated_candidate,253,0,,,253,2014-12-31,2015-12-31,0,insufficient_overlap,,False,,archive_adjustment_unverified,legacy_symbol_unattributed
2015,2015-12-31,XEL,0000072903,corroborated_candidate,253,253,2014-12-31,2015-12-31,253,2014-12-31,2015-12-31,252,consistent_overlap,3.852735609077841e-06,False,yahoo,complete,legacy_symbol_unattributed
2015,2015-12-31,XL,0000875159,corroborated_candidate,253,0,,,0,,,0,insufficient_overlap,,False,,incomplete_prices,legacy_symbol_unattributed
2015,2015-12-31,XLNX,0000743988,corroborated_candidate,253,0,,,253,2014-12-31,2015-12-31,0,insufficient_overlap,,False,,archive_adjustment_unverified,legacy_symbol_unattributed
2015,2015-12-31,XOM,,,253,253,2014-12-31,2015-12-31,253,2014-12-31,2015-12-31,252,consistent_overlap,1.7123631355753235e-06,False,,identity_unresolved,legacy_symbol_unattributed
2015,2015-12-31,XRAY,0000818479,confirmed_by_multiple_evidence,253,253,2014-12-31,2015-12-31,253,2014-12-31,2015-12-31,252,consistent_overlap,9.730992926983651e-05,False,yahoo,complete,legacy_symbol_unattributed
2015,2015-12-31,XRX,,,253,253,2014-12-31,2015-12-31,253,2014-12-31,2015-12-31,252,consistent_overlap,6.805867795356414e-06,False,,identity_unresolved,legacy_symbol_unattributed
2015,2015-12-31,XYL,0001524472,corroborated_candidate,253,253,2014-12-31,2015-12-31,253,2014-12-31,2015-12-31,252,consistent_overlap,3.1827954410401656e-06,False,yahoo,complete,legacy_symbol_unattributed
2015,2015-12-31,YUM,0001041061,corroborated_candidate,253,253,2014-12-31,2015-12-31,253,2014-12-31,2015-12-31,252,consistent_overlap,0.004785593428258541,False,yahoo,complete,legacy_symbol_unattributed
2015,2015-12-31,ZBH,,,253,253,2014-12-31,2015-12-31,253,2014-12-31,2015-12-31,252,consistent_overlap,1.1032739681138284e-06,False,,identity_unresolved,legacy_symbol_unattributed
2015,2015-12-31,ZION,0000109380,confirmed_by_multiple_evidence,253,253,2014-12-31,2015-12-31,253,2014-12-31,2015-12-31,252,consistent_overlap,0.00019420394856574543,False,yahoo,complete,legacy_symbol_unattributed
2015,2015-12-31,ZTS,0001555280,confirmed_by_multiple_evidence,253,253,2014-12-31,2015-12-31,253,2014-12-31,2015-12-31,252,consistent_overlap,2.095966032281682e-06,False,yahoo,complete,legacy_symbol_unattributed
2015,2015-12-31,SPY,,benchmark,253,253,2014-12-31,2015-12-31,0,,,0,not_applicable,,False,yahoo,complete,benchmark
