symbol,cik,valid_from,valid_to,status,evidence_count,direct_ticker_proofs,sec_issuer_filings,first_filed,last_filed,name_match,official_name_chain_match,other_sec_tickers_same_cik,source_refs
A,0001090872,2010-01-01,2016-01-01,corroborated_candidate,23,0,23,2010-03-10,2015-12-21,True,False,[],"[{""accession"": ""0001104659-10-013535"", ""cik"": ""0001090872"", ""evidence_kind"": ""sec_bulk_issuer_name_no_ticker"", ""filed_date"": ""2010-03-10"", ""historical_name"": ""AGILENT TECHNOLOGIES INC"", ""sha256"": ""2a4db2340ab1662d5135d7e17be1a58352c5959017350f0ef2174135f9996125"", ""source_url"": ""https://www.sec.gov/files/dera/data/financial-statement-data-sets/2010q1.zip""}, {""accession"": ""0001090872-13-000013"", ""cik"": ""0001090872"", ""evidence_kind"": ""sec_bulk_issuer_name_no_ticker"", ""filed_date"": ""2013-06-03"", ""historical_name"": ""AGILENT TECHNOLOGIES INC"", ""sha256"": ""7cc764386ea9cb01d62e1a9f4fac38dc9c741e96886a953ddaad2def4eb489c7"", ""source_url"": ""https://www.sec.gov/files/dera/data/financial-statement-data-sets/2013q2.zip""}, {""accession"": ""0001104659-12-015665"", ""cik"": ""0001090872"", ""evidence_kind"": ""sec_bulk_issuer_name_no_ticker"", ""filed_date"": ""2012-03-05"", ""historical_name"": ""AGILENT TECHNOLOGIES INC"", ""sha256"": ""42ed1a5ecac978d4338bd51cd4bc15bf60cc821291eea492f8172fc4e803d5f6"", ""source_url"": ""https://www.sec.gov/files/dera/data/financial-statement-data-sets/2012q1.zip""}]"
AAL,0000006201,2015-03-23,2016-01-01,confirmed_by_multiple_evidence,3,3,3,2015-04-24,2015-10-23,True,False,[],"[{""accession"": ""0001193125-15-145178"", ""cik"": ""0000006201"", ""evidence_kind"": ""sec_dei_ticker"", ""filed_date"": ""2015-04-24"", ""sha256"": ""a3ff1926f7b4583534c09bd46e80bd5875ebf34330b3e8b786fffc4976d8ad9c"", ""source_url"": ""https://www.sec.gov/Archives/edgar/data/6201/000119312515145178/aal-20150331.xml""}, {""accession"": ""0001193125-15-261937"", ""cik"": ""0000006201"", ""evidence_kind"": ""sec_dei_ticker"", ""filed_date"": ""2015-07-24"", ""sha256"": ""7bdd760821237be0cbc327f8ebb72aa9906047ed3ef1465515a6b9601a033931"", ""source_url"": ""https://www.sec.gov/Archives/edgar/data/6201/000119312515261937/aal-20150630.xml""}, {""accession"": ""0001193125-15-351246"", ""cik"": ""0000006201"", ""evidence_kind"": ""sec_dei_ticker"", ""filed_date"": ""2015-10-23"", ""sha256"": ""4014d46fda5b268583a4da817c47c28a94f8a4c493ec162a104acbfa4d2d2274"", ""source_url"": ""https://www.sec.gov/Archives/edgar/data/6201/000119312515351246/aal-20150930.xml""}]"
AAP,0001158449,2015-07-09,2016-01-01,corroborated_candidate,2,0,2,2015-08-25,2015-11-17,True,False,[],"[{""accession"": ""0001158449-15-000167"", ""cik"": ""0001158449"", ""evidence_kind"": ""sec_bulk_issuer_name_no_ticker"", ""filed_date"": ""2015-08-25"", ""historical_name"": ""ADVANCE AUTO PARTS INC"", ""sha256"": ""9301fa2e346aa6b3a48a36cafab80d1aab5d7970e60bfd168d53ba852a4deca9"", ""source_url"": ""https://www.sec.gov/files/dera/data/financial-statement-data-sets/2015q3.zip""}, {""accession"": ""0001158449-15-000190"", ""cik"": ""0001158449"", ""evidence_kind"": ""sec_bulk_issuer_name_no_ticker"", ""filed_date"": ""2015-11-17"", ""historical_name"": ""ADVANCE AUTO PARTS INC"", ""sha256"": ""1723b41ef2a1d3ea6595f6052ef229a80e03cd183391ca9e297a894f9e589d83"", ""source_url"": ""https://www.sec.gov/files/dera/data/financial-statement-data-sets/2015q4.zip""}]"
AAPL,0000320193,2010-01-01,2016-01-01,confirmed_by_multiple_evidence,3,3,24,2010-01-25,2015-10-28,True,False,[],"[{""accession"": ""0001193125-10-012085"", ""cik"": ""0000320193"", ""evidence_kind"": ""sec_dei_ticker"", ""filed_date"": ""2010-01-25"", ""sha256"": ""4b60627130a74776fad85c8ae1c3888ba6e1f1e3ac70e8fd5d97fb67ff7cc420"", ""source_url"": ""https://www.sec.gov/Archives/edgar/data/320193/000119312510012085/aapl-20091226.xml""}, {""accession"": ""0001193125-13-022339"", ""cik"": ""0000320193"", ""evidence_kind"": ""sec_dei_ticker"", ""filed_date"": ""2013-01-24"", ""sha256"": ""6380fda9358c917587f5496cf0d19964f673b6d48712dead5fe37f27d345b6ef"", ""source_url"": ""https://www.sec.gov/Archives/edgar/data/320193/000119312513022339/aapl-20121229.xml""}, {""accession"": ""0001193125-15-356351"", ""cik"": ""0000320193"", ""evidence_kind"": ""sec_dei_ticker"", ""filed_date"": ""2015-10-28"", ""sha256"": ""7f6970330bd6577819580622a0f80fba17f1d24ae5c27d0437d6953c3f2ac5b3"", ""source_url"": ""https://www.sec.gov/Archives/edgar/data/320193/000119312515356351/aapl-20150926.xml""}, {""accession"": ""0001193125-13-168288"", ""cik"": ""0000320193"", ""evidence_kind"": ""sec_bulk_issuer_name_no_ticker"", ""filed_date"": ""2013-04-24"", ""historical_name"": ""APPLE INC"", ""sha256"": ""7cc764386ea9cb01d62e1a9f4fac38dc9c741e96886a953ddaad2def4eb489c7"", ""source_url"": ""https://www.sec.gov/files/dera/data/financial-statement-data-sets/2013q2.zip""}, {""accession"": ""0001193125-12-023398"", ""cik"": ""0000320193"", ""evidence_kind"": ""sec_bulk_issuer_name_no_ticker"", ""filed_date"": ""2012-01-25"", ""historical_name"": ""APPLE INC"", ""sha256"": ""42ed1a5ecac978d4338bd51cd4bc15bf60cc821291eea492f8172fc4e803d5f6"", ""source_url"": ""https://www.sec.gov/files/dera/data/financial-statement-data-sets/2012q1.zip""}]"
ABBV,0001551152,2013-01-02,2016-01-01,corroborated_candidate,11,0,11,2013-05-08,2015-11-06,True,False,[],"[{""accession"": ""0001104659-13-038917"", ""cik"": ""0001551152"", ""evidence_kind"": ""sec_bulk_issuer_name_no_ticker"", ""filed_date"": ""2013-05-08"", ""historical_name"": ""ABBVIE INC."", ""sha256"": ""7cc764386ea9cb01d62e1a9f4fac38dc9c741e96886a953ddaad2def4eb489c7"", ""source_url"": ""https://www.sec.gov/files/dera/data/financial-statement-data-sets/2013q2.zip""}, {""accession"": ""0001104659-14-058340"", ""cik"": ""0001551152"", ""evidence_kind"": ""sec_bulk_issuer_name_no_ticker"", ""filed_date"": ""2014-08-07"", ""historical_name"": ""ABBVIE INC."", ""sha256"": ""4d10510a2f17a6da8012d83f66bed7fbb434bca2529f7b2a92043c522d2c52b1"", ""source_url"": ""https://www.sec.gov/files/dera/data/financial-statement-data-sets/2014q3.zip""}, {""accession"": ""0001104659-15-076607"", ""cik"": ""0001551152"", ""evidence_kind"": ""sec_bulk_issuer_name_no_ticker"", ""filed_date"": ""2015-11-06"", ""historical_name"": ""ABBVIE INC."", ""sha256"": ""1723b41ef2a1d3ea6595f6052ef229a80e03cd183391ca9e297a894f9e589d83"", ""source_url"": ""https://www.sec.gov/files/dera/data/financial-statement-data-sets/2015q4.zip""}]"
ABC,0001140859,2010-01-01,2016-01-01,corroborated_candidate,24,1,24,2010-02-05,2015-11-24,True,False,[],"[{""accession"": ""0001047469-15-008939"", ""cik"": ""0001140859"", ""evidence_kind"": ""sec_dei_ticker"", ""filed_date"": ""2015-11-24"", ""sha256"": ""b56f882bf2c8e824b6dd90460768cf62f4976b7923b8e1d036dfbfb1443c94d7"", ""source_url"": ""https://www.sec.gov/Archives/edgar/data/1140859/000104746915008939/abc-20150930.xml""}, {""accession"": ""0000950123-10-009185"", ""cik"": ""0001140859"", ""evidence_kind"": ""sec_bulk_issuer_name_no_ticker"", ""filed_date"": ""2010-02-05"", ""historical_name"": ""AMERISOURCEBERGEN CORP"", ""sha256"": ""2a4db2340ab1662d5135d7e17be1a58352c5959017350f0ef2174135f9996125"", ""source_url"": ""https://www.sec.gov/files/dera/data/financial-statement-data-sets/2010q1.zip""}, {""accession"": ""0001104659-13-039347"", ""cik"": ""0001140859"", ""evidence_kind"": ""sec_bulk_issuer_name_no_ticker"", ""filed_date"": ""2013-05-09"", ""historical_name"": ""AMERISOURCEBERGEN CORP"", ""sha256"": ""7cc764386ea9cb01d62e1a9f4fac38dc9c741e96886a953ddaad2def4eb489c7"", ""source_url"": ""https://www.sec.gov/files/dera/data/financial-statement-data-sets/2013q2.zip""}, {""accession"": ""0001193125-12-042810"", ""cik"": ""0001140859"", ""evidence_kind"": ""sec_bulk_issuer_name_no_ticker"", ""filed_date"": ""2012-02-07"", ""historical_name"": ""AMERISOURCEBERGEN CORP"", ""sha256"": ""42ed1a5ecac978d4338bd51cd4bc15bf60cc821291eea492f8172fc4e803d5f6"", ""source_url"": ""https://www.sec.gov/files/dera/data/financial-statement-data-sets/2012q1.zip""}]"
ABT,0000001800,2010-01-01,2016-01-01,corroborated_candidate,24,0,24,2010-02-19,2015-11-05,True,False,[],"[{""accession"": ""0001047469-10-001018"", ""cik"": ""0000001800"", ""evidence_kind"": ""sec_bulk_issuer_name_no_ticker"", ""filed_date"": ""2010-02-19"", ""historical_name"": ""ABBOTT LABORATORIES"", ""sha256"": ""2a4db2340ab1662d5135d7e17be1a58352c5959017350f0ef2174135f9996125"", ""source_url"": ""https://www.sec.gov/files/dera/data/financial-statement-data-sets/2010q1.zip""}, {""accession"": ""0001104659-13-038811"", ""cik"": ""0000001800"", ""evidence_kind"": ""sec_bulk_issuer_name_no_ticker"", ""filed_date"": ""2013-05-08"", ""historical_name"": ""ABBOTT LABORATORIES"", ""sha256"": ""7cc764386ea9cb01d62e1a9f4fac38dc9c741e96886a953ddaad2def4eb489c7"", ""source_url"": ""https://www.sec.gov/files/dera/data/financial-statement-data-sets/2013q2.zip""}, {""accession"": ""0001047469-12-001216"", ""cik"": ""0000001800"", ""evidence_kind"": ""sec_bulk_issuer_name_no_ticker"", ""filed_date"": ""2012-02-21"", ""historical_name"": ""ABBOTT LABORATORIES"", ""sha256"": ""42ed1a5ecac978d4338bd51cd4bc15bf60cc821291eea492f8172fc4e803d5f6"", ""source_url"": ""https://www.sec.gov/files/dera/data/financial-statement-data-sets/2012q1.zip""}]"
ACN,0001467373,2011-07-06,2016-01-01,confirmed_by_multiple_evidence,3,3,18,2011-10-21,2015-12-17,True,False,[],"[{""accession"": ""0001193125-11-277309"", ""cik"": ""0001467373"", ""evidence_kind"": ""sec_dei_ticker"", ""filed_date"": ""2011-10-21"", ""sha256"": ""2455cf2463e9c60ccd689bfee9431b16222eb3cd2a34e0bac4a131de68ad0cdb"", ""source_url"": ""https://www.sec.gov/Archives/edgar/data/1467373/000119312511277309/acn-20110831.xml""}, {""accession"": ""0001467373-13-000578"", ""cik"": ""0001467373"", ""evidence_kind"": ""sec_dei_ticker"", ""filed_date"": ""2013-12-19"", ""sha256"": ""c62786c4180dfb660ed43f329324ed1b8d753caee02959a4d24b547bd7266dd4"", ""source_url"": ""https://www.sec.gov/Archives/edgar/data/1467373/000146737313000578/acn-20131130.xml""}, {""accession"": ""0001467373-15-000591"", ""cik"": ""0001467373"", ""evidence_kind"": ""sec_dei_ticker"", ""filed_date"": ""2015-12-17"", ""sha256"": ""5f5082db4199138ab97379e93ee3ed9157e81dc7ab7a71627aa2ae18c2a7eb2b"", ""source_url"": ""https://www.sec.gov/Archives/edgar/data/1467373/000146737315000591/acn-20151130.xml""}, {""accession"": ""0001467373-14-000163"", ""cik"": ""0001467373"", ""evidence_kind"": ""sec_bulk_issuer_name_no_ticker"", ""filed_date"": ""2014-03-27"", ""historical_name"": ""ACCENTURE PLC"", ""sha256"": ""bf55481c6e0088fb45e8efeb2d8de6912a9c3533da918376a24ca5f84144680f"", ""source_url"": ""https://www.sec.gov/files/dera/data/financial-statement-data-sets/2014q1.zip""}, {""accession"": ""0001193125-12-129729"", ""cik"": ""0001467373"", ""evidence_kind"": ""sec_bulk_issuer_name_no_ticker"", ""filed_date"": ""2012-03-23"", ""historical_name"": ""ACCENTURE PLC"", ""sha256"": ""42ed1a5ecac978d4338bd51cd4bc15bf60cc821291eea492f8172fc4e803d5f6"", ""source_url"": ""https://www.sec.gov/files/dera/data/financial-statement-data-sets/2012q1.zip""}]"
ACS,0000002135,2010-01-01,2010-02-08,unresolved,0,0,0,,,False,False,[],[]
ADBE,0000796343,2010-01-01,2016-01-01,corroborated_candidate,24,0,24,2010-01-22,2015-09-23,True,False,[],"[{""accession"": ""0000796343-10-000003"", ""cik"": ""0000796343"", ""evidence_kind"": ""sec_bulk_issuer_name_no_ticker"", ""filed_date"": ""2010-01-22"", ""historical_name"": ""ADOBE SYSTEMS INC"", ""sha256"": ""2a4db2340ab1662d5135d7e17be1a58352c5959017350f0ef2174135f9996125"", ""source_url"": ""https://www.sec.gov/files/dera/data/financial-statement-data-sets/2010q1.zip""}, {""accession"": ""0000796343-13-000044"", ""cik"": ""0000796343"", ""evidence_kind"": ""sec_bulk_issuer_name_no_ticker"", ""filed_date"": ""2013-06-28"", ""historical_name"": ""ADOBE SYSTEMS INC"", ""sha256"": ""7cc764386ea9cb01d62e1a9f4fac38dc9c741e96886a953ddaad2def4eb489c7"", ""source_url"": ""https://www.sec.gov/files/dera/data/financial-statement-data-sets/2013q2.zip""}, {""accession"": ""0000796343-12-000003"", ""cik"": ""0000796343"", ""evidence_kind"": ""sec_bulk_issuer_name_no_ticker"", ""filed_date"": ""2012-01-26"", ""historical_name"": ""ADOBE SYSTEMS INC"", ""sha256"": ""42ed1a5ecac978d4338bd51cd4bc15bf60cc821291eea492f8172fc4e803d5f6"", ""source_url"": ""https://www.sec.gov/files/dera/data/financial-statement-data-sets/2012q1.zip""}]"
ADI,0000006281,2010-01-01,2016-01-01,corroborated_candidate,24,0,24,2010-02-17,2015-11-24,True,False,[],"[{""accession"": ""0000950123-10-013755"", ""cik"": ""0000006281"", ""evidence_kind"": ""sec_bulk_issuer_name_no_ticker"", ""filed_date"": ""2010-02-17"", ""historical_name"": ""ANALOG DEVICES INC"", ""sha256"": ""2a4db2340ab1662d5135d7e17be1a58352c5959017350f0ef2174135f9996125"", ""source_url"": ""https://www.sec.gov/files/dera/data/financial-statement-data-sets/2010q1.zip""}, {""accession"": ""0000006281-13-000021"", ""cik"": ""0000006281"", ""evidence_kind"": ""sec_bulk_issuer_name_no_ticker"", ""filed_date"": ""2013-05-21"", ""historical_name"": ""ANALOG DEVICES INC"", ""sha256"": ""7cc764386ea9cb01d62e1a9f4fac38dc9c741e96886a953ddaad2def4eb489c7"", ""source_url"": ""https://www.sec.gov/files/dera/data/financial-statement-data-sets/2013q2.zip""}, {""accession"": ""0001193125-12-072732"", ""cik"": ""0000006281"", ""evidence_kind"": ""sec_bulk_issuer_name_no_ticker"", ""filed_date"": ""2012-02-22"", ""historical_name"": ""ANALOG DEVICES INC"", ""sha256"": ""42ed1a5ecac978d4338bd51cd4bc15bf60cc821291eea492f8172fc4e803d5f6"", ""source_url"": ""https://www.sec.gov/files/dera/data/financial-statement-data-sets/2012q1.zip""}]"
ADM,0000007084,2010-01-01,2016-01-01,corroborated_candidate,23,0,23,2010-02-08,2015-11-03,True,False,[],"[{""accession"": ""0000007084-10-000006"", ""cik"": ""0000007084"", ""evidence_kind"": ""sec_bulk_issuer_name_no_ticker"", ""filed_date"": ""2010-02-08"", ""historical_name"": ""ARCHER DANIELS MIDLAND CO"", ""sha256"": ""2a4db2340ab1662d5135d7e17be1a58352c5959017350f0ef2174135f9996125"", ""source_url"": ""https://www.sec.gov/files/dera/data/financial-statement-data-sets/2010q1.zip""}, {""accession"": ""0000007084-13-000022"", ""cik"": ""0000007084"", ""evidence_kind"": ""sec_bulk_issuer_name_no_ticker"", ""filed_date"": ""2013-05-07"", ""historical_name"": ""ARCHER DANIELS MIDLAND CO"", ""sha256"": ""7cc764386ea9cb01d62e1a9f4fac38dc9c741e96886a953ddaad2def4eb489c7"", ""source_url"": ""https://www.sec.gov/files/dera/data/financial-statement-data-sets/2013q2.zip""}, {""accession"": ""0000007084-12-000010"", ""cik"": ""0000007084"", ""evidence_kind"": ""sec_bulk_issuer_name_no_ticker"", ""filed_date"": ""2012-02-06"", ""historical_name"": ""ARCHER DANIELS MIDLAND CO"", ""sha256"": ""42ed1a5ecac978d4338bd51cd4bc15bf60cc821291eea492f8172fc4e803d5f6"", ""source_url"": ""https://www.sec.gov/files/dera/data/financial-statement-data-sets/2012q1.zip""}]"
ADP,0000008670,2010-01-01,2016-01-01,corroborated_candidate,23,0,23,2010-02-09,2015-11-05,True,False,[],"[{""accession"": ""0000008670-10-000005"", ""cik"": ""0000008670"", ""evidence_kind"": ""sec_bulk_issuer_name_no_ticker"", ""filed_date"": ""2010-02-09"", ""historical_name"": ""AUTOMATIC DATA PROCESSING INC"", ""sha256"": ""2a4db2340ab1662d5135d7e17be1a58352c5959017350f0ef2174135f9996125"", ""source_url"": ""https://www.sec.gov/files/dera/data/financial-statement-data-sets/2010q1.zip""}, {""accession"": ""0000008670-13-000007"", ""cik"": ""0000008670"", ""evidence_kind"": ""sec_bulk_issuer_name_no_ticker"", ""filed_date"": ""2013-05-03"", ""historical_name"": ""AUTOMATIC DATA PROCESSING INC"", ""sha256"": ""7cc764386ea9cb01d62e1a9f4fac38dc9c741e96886a953ddaad2def4eb489c7"", ""source_url"": ""https://www.sec.gov/files/dera/data/financial-statement-data-sets/2013q2.zip""}, {""accession"": ""0000008670-12-000002"", ""cik"": ""0000008670"", ""evidence_kind"": ""sec_bulk_issuer_name_no_ticker"", ""filed_date"": ""2012-02-07"", ""historical_name"": ""AUTOMATIC DATA PROCESSING INC"", ""sha256"": ""42ed1a5ecac978d4338bd51cd4bc15bf60cc821291eea492f8172fc4e803d5f6"", ""source_url"": ""https://www.sec.gov/files/dera/data/financial-statement-data-sets/2012q1.zip""}]"
ADS,0001101215,2013-12-23,2016-01-01,corroborated_candidate,8,0,8,2014-02-28,2015-11-05,True,False,[],"[{""accession"": ""0001101215-14-000058"", ""cik"": ""0001101215"", ""evidence_kind"": ""sec_bulk_issuer_name_no_ticker"", ""filed_date"": ""2014-02-28"", ""historical_name"": ""ALLIANCE DATA SYSTEMS CORP"", ""sha256"": ""bf55481c6e0088fb45e8efeb2d8de6912a9c3533da918376a24ca5f84144680f"", ""source_url"": ""https://www.sec.gov/files/dera/data/financial-statement-data-sets/2014q1.zip""}, {""accession"": ""0001101215-15-000063"", ""cik"": ""0001101215"", ""evidence_kind"": ""sec_bulk_issuer_name_no_ticker"", ""filed_date"": ""2015-02-27"", ""historical_name"": ""ALLIANCE DATA SYSTEMS CORP"", ""sha256"": ""baa9e434480b8299593b781e8156f855e0c4548677329f166f495cbae287e52e"", ""source_url"": ""https://www.sec.gov/files/dera/data/financial-statement-data-sets/2015q1.zip""}, {""accession"": ""0001101215-15-000227"", ""cik"": ""0001101215"", ""evidence_kind"": ""sec_bulk_issuer_name_no_ticker"", ""filed_date"": ""2015-11-05"", ""historical_name"": ""ALLIANCE DATA SYSTEMS CORP"", ""sha256"": ""1723b41ef2a1d3ea6595f6052ef229a80e03cd183391ca9e297a894f9e589d83"", ""source_url"": ""https://www.sec.gov/files/dera/data/financial-statement-data-sets/2015q4.zip""}]"
ADSK,0000769397,2010-01-01,2016-01-01,confirmed_by_multiple_evidence,2,2,23,2010-03-19,2015-12-09,True,False,[],"[{""accession"": ""0000769397-15-000050"", ""cik"": ""0000769397"", ""evidence_kind"": ""sec_dei_ticker"", ""filed_date"": ""2015-12-09"", ""sha256"": ""770373f4409ae41f49692f7001e7417d30ac4be9b5570faa7cbfd017f13933ff"", ""source_url"": ""https://www.sec.gov/Archives/edgar/data/769397/000076939715000050/adsk-20151031.xml""}, {""accession"": ""0001193125-10-061070"", ""cik"": ""0000769397"", ""evidence_kind"": ""sec_dei_ticker"", ""filed_date"": ""2010-03-19"", ""sha256"": ""b013d8388ecadafea21b62e0bd9f47e3ef26fb09a5b461939301fa9cc8485678"", ""source_url"": ""https://www.sec.gov/Archives/edgar/data/769397/000119312510061070/adsk-20100131.xml""}, {""accession"": ""0000769397-13-000036"", ""cik"": ""0000769397"", ""evidence_kind"": ""sec_bulk_issuer_name_no_ticker"", ""filed_date"": ""2013-06-05"", ""historical_name"": ""AUTODESK INC"", ""sha256"": ""7cc764386ea9cb01d62e1a9f4fac38dc9c741e96886a953ddaad2def4eb489c7"", ""source_url"": ""https://www.sec.gov/files/dera/data/financial-statement-data-sets/2013q2.zip""}, {""accession"": ""0000769397-12-000005"", ""cik"": ""0000769397"", ""evidence_kind"": ""sec_bulk_issuer_name_no_ticker"", ""filed_date"": ""2012-03-15"", ""historical_name"": ""AUTODESK INC"", ""sha256"": ""42ed1a5ecac978d4338bd51cd4bc15bf60cc821291eea492f8172fc4e803d5f6"", ""source_url"": ""https://www.sec.gov/files/dera/data/financial-statement-data-sets/2012q1.zip""}]"
ADT,0001546640,2012-10-02,2016-01-01,confirmed_by_multiple_evidence,9,9,12,2013-01-31,2015-11-12,True,False,[],"[{""accession"": ""0001546640-13-000022"", ""cik"": ""0001546640"", ""evidence_kind"": ""sec_dei_ticker"", ""filed_date"": ""2013-11-20"", ""sha256"": ""3df1e8c3a56f6a19fc231c5b4421bc6fecb42fbe16bc7ef02b8439e5620c6224"", ""source_url"": ""https://www.sec.gov/Archives/edgar/data/1546640/000154664013000022/adt-20130927.xml""}, {""accession"": ""0001546640-14-000005"", ""cik"": ""0001546640"", ""evidence_kind"": ""sec_dei_ticker"", ""filed_date"": ""2014-01-30"", ""sha256"": ""a929682b3fbf2ae9c74567112ff2c21759c6c9feb0c9218fabc8715166e225db"", ""source_url"": ""https://www.sec.gov/Archives/edgar/data/1546640/000154664014000005/adt-20131227.xml""}, {""accession"": ""0001546640-14-000011"", ""cik"": ""0001546640"", ""evidence_kind"": ""sec_dei_ticker"", ""filed_date"": ""2014-04-30"", ""sha256"": ""4aae9e984f1ab9c51e2339bbd50e9495624e1f915b5ce4dfc0299884fa4ae91c"", ""source_url"": ""https://www.sec.gov/Archives/edgar/data/1546640/000154664014000011/adt-20140328.xml""}, {""accession"": ""0001546640-14-000017"", ""cik"": ""0001546640"", ""evidence_kind"": ""sec_dei_ticker"", ""filed_date"": ""2014-07-30"", ""sha256"": ""6039f8dde2fb93151da48dea78ce5be23e09a0982df1d1c127875f5f45d3c19a"", ""source_url"": ""https://www.sec.gov/Archives/edgar/data/1546640/000154664014000017/adt-20140627.xml""}, {""accession"": ""0001546640-14-000023"", ""cik"": ""0001546640"", ""evidence_kind"": ""sec_dei_ticker"", ""filed_date"": ""2014-11-12"", ""sha256"": ""23ad9835258fbb02738e40207690114f94aca73a0df378203b5dbf6a9c73cc78"", ""source_url"": ""https://www.sec.gov/Archives/edgar/data/1546640/000154664014000023/adt-20140926.xml""}, {""accession"": ""0001546640-15-000010"", ""cik"": ""0001546640"", ""evidence_kind"": ""sec_dei_ticker"", ""filed_date"": ""2015-01-28"", ""sha256"": ""0ad6abfe1a13cd4c69bce331ed94930f8244db23d6007ce8ef1bffb3e2cc02f5"", ""source_url"": ""https://www.sec.gov/Archives/edgar/data/1546640/000154664015000010/adt-20141226.xml""}, {""accession"": ""0001546640-15-000018"", ""cik"": ""0001546640"", ""evidence_kind"": ""sec_dei_ticker"", ""filed_date"": ""2015-04-29"", ""sha256"": ""f7d3c30e6234aea63710f54d0bb66edeac79d804535d09960777bd0b7507ac9c"", ""source_url"": ""https://www.sec.gov/Archives/edgar/data/1546640/000154664015000018/adt-20150327.xml""}, {""accession"": ""0001546640-15-000024"", ""cik"": ""0001546640"", ""evidence_kind"": ""sec_dei_ticker"", ""filed_date"": ""2015-07-29"", ""sha256"": ""3d4268a9a953938a3c6faff0c56f94da808a3351923cb6f175d47b134f7a991b"", ""source_url"": ""https://www.sec.gov/Archives/edgar/data/1546640/000154664015000024/adt-20150626.xml""}, {""accession"": ""0001546640-15-000031"", ""cik"": ""0001546640"", ""evidence_kind"": ""sec_dei_ticker"", ""filed_date"": ""2015-11-12"", ""sha256"": ""456185997414b2a7e4a781d90a5ca8fa6d4d1d0ff57a58d74e6b000fd95ace9d"", ""source_url"": ""https://www.sec.gov/Archives/edgar/data/1546640/000154664015000031/adt-20150925.xml""}, {""accession"": ""0001546640-13-000004"", ""cik"": ""0001546640"", ""evidence_kind"": ""sec_bulk_issuer_name_no_ticker"", ""filed_date"": ""2013-01-31"", ""historical_name"": ""ADT CORP"", ""sha256"": ""329f4e3e40c0351001037ad1dea3fd28c07100f6f6d6d64d5998ea01b060a790"", ""source_url"": ""https://www.sec.gov/files/dera/data/financial-statement-data-sets/2013q1.zip""}]"
AEE,0001002910,2010-01-01,2016-01-01,confirmed_by_multiple_evidence,3,3,24,2010-02-26,2015-11-06,True,False,[],"[{""accession"": ""0001002910-15-000140"", ""cik"": ""0001002910"", ""evidence_kind"": ""sec_dei_ticker"", ""filed_date"": ""2015-11-06"", ""sha256"": ""194a7d55587f3a96c7b521546d3a7b7e0f94a49bcae69c758aa9b58f6ff25148"", ""source_url"": ""https://www.sec.gov/Archives/edgar/data/1002910/000100291015000140/aee-20150930.xml""}, {""accession"": ""0001193125-10-043155"", ""cik"": ""0001002910"", ""evidence_kind"": ""sec_dei_ticker"", ""filed_date"": ""2010-02-26"", ""sha256"": ""0e82020ed2b9a8ee8e815253f57b698f6e8b9e791f017a064befaaecc2d93f74"", ""source_url"": ""https://www.sec.gov/Archives/edgar/data/1002910/000119312510043155/aee-20091231.xml""}, {""accession"": ""0001445305-13-000414"", ""cik"": ""0001002910"", ""evidence_kind"": ""sec_dei_ticker"", ""filed_date"": ""2013-03-01"", ""sha256"": ""4353a683dcbee7e578877ed96ec479ad39af0d1976ae730c77bd6bf05edfdf66"", ""source_url"": ""https://www.sec.gov/Archives/edgar/data/1002910/000144530513000414/aee-20121231.xml""}, {""accession"": ""0001002910-13-000080"", ""cik"": ""0001002910"", ""evidence_kind"": ""sec_bulk_issuer_name_no_ticker"", ""filed_date"": ""2013-05-10"", ""historical_name"": ""AMEREN CORP"", ""sha256"": ""7cc764386ea9cb01d62e1a9f4fac38dc9c741e96886a953ddaad2def4eb489c7"", ""source_url"": ""https://www.sec.gov/files/dera/data/financial-statement-data-sets/2013q2.zip""}, {""accession"": ""0001193125-12-085489"", ""cik"": ""0001002910"", ""evidence_kind"": ""sec_bulk_issuer_name_no_ticker"", ""filed_date"": ""2012-02-28"", ""historical_name"": ""AMEREN CORP"", ""sha256"": ""42ed1a5ecac978d4338bd51cd4bc15bf60cc821291eea492f8172fc4e803d5f6"", ""source_url"": ""https://www.sec.gov/files/dera/data/financial-statement-data-sets/2012q1.zip""}]"
AEP,0000004904,2010-01-01,2016-01-01,corroborated_candidate,24,0,24,2010-02-26,2015-10-22,True,False,[],"[{""accession"": ""0000004904-10-000018"", ""cik"": ""0000004904"", ""evidence_kind"": ""sec_bulk_issuer_name_no_ticker"", ""filed_date"": ""2010-02-26"", ""historical_name"": ""AMERICAN ELECTRIC POWER CO INC"", ""sha256"": ""2a4db2340ab1662d5135d7e17be1a58352c5959017350f0ef2174135f9996125"", ""source_url"": ""https://www.sec.gov/files/dera/data/financial-statement-data-sets/2010q1.zip""}, {""accession"": ""0000004904-13-000050"", ""cik"": ""0000004904"", ""evidence_kind"": ""sec_bulk_issuer_name_no_ticker"", ""filed_date"": ""2013-04-26"", ""historical_name"": ""AMERICAN ELECTRIC POWER CO INC"", ""sha256"": ""7cc764386ea9cb01d62e1a9f4fac38dc9c741e96886a953ddaad2def4eb489c7"", ""source_url"": ""https://www.sec.gov/files/dera/data/financial-statement-data-sets/2013q2.zip""}, {""accession"": ""0000004904-12-000013"", ""cik"": ""0000004904"", ""evidence_kind"": ""sec_bulk_issuer_name_no_ticker"", ""filed_date"": ""2012-02-28"", ""historical_name"": ""AMERICAN ELECTRIC POWER CO INC"", ""sha256"": ""42ed1a5ecac978d4338bd51cd4bc15bf60cc821291eea492f8172fc4e803d5f6"", ""source_url"": ""https://www.sec.gov/files/dera/data/financial-statement-data-sets/2012q1.zip""}]"
AES,0000874761,2010-01-01,2016-01-01,confirmed_by_multiple_evidence,3,3,24,2010-02-26,2015-11-05,True,False,[],"[{""accession"": ""0000874761-15-000062"", ""cik"": ""0000874761"", ""evidence_kind"": ""sec_dei_ticker"", ""filed_date"": ""2015-11-05"", ""sha256"": ""27508f2e695c55c87b3ff5c0f3f2c1c30571ee1fef6c6332fbfb152c894597e2"", ""source_url"": ""https://www.sec.gov/Archives/edgar/data/874761/000087476115000062/aes-20150930.xml""}, {""accession"": ""0001193125-10-041006"", ""cik"": ""0000874761"", ""evidence_kind"": ""sec_dei_ticker"", ""filed_date"": ""2010-02-26"", ""sha256"": ""ca1ab743e427f5d5f428b8901200f6359744c2fb8f05e3c825e81c11ed1134d5"", ""source_url"": ""https://www.sec.gov/Archives/edgar/data/874761/000119312510041006/aes-20091231.xml""}, {""accession"": ""0001193125-13-077580"", ""cik"": ""0000874761"", ""evidence_kind"": ""sec_dei_ticker"", ""filed_date"": ""2013-02-27"", ""sha256"": ""656452fe37324845db152ef8eb619b4336bf42f27d2f3c1d7b8f28e04ad491a0"", ""source_url"": ""https://www.sec.gov/Archives/edgar/data/874761/000119312513077580/aes-20121231.xml""}, {""accession"": ""0001193125-13-207967"", ""cik"": ""0000874761"", ""evidence_kind"": ""sec_bulk_issuer_name_no_ticker"", ""filed_date"": ""2013-05-09"", ""historical_name"": ""AES CORP"", ""sha256"": ""7cc764386ea9cb01d62e1a9f4fac38dc9c741e96886a953ddaad2def4eb489c7"", ""source_url"": ""https://www.sec.gov/files/dera/data/financial-statement-data-sets/2013q2.zip""}, {""accession"": ""0001193125-12-078654"", ""cik"": ""0000874761"", ""evidence_kind"": ""sec_bulk_issuer_name_no_ticker"", ""filed_date"": ""2012-02-27"", ""historical_name"": ""AES CORP"", ""sha256"": ""42ed1a5ecac978d4338bd51cd4bc15bf60cc821291eea492f8172fc4e803d5f6"", ""source_url"": ""https://www.sec.gov/files/dera/data/financial-statement-data-sets/2012q1.zip""}]"
AET,0001122304,2010-01-01,2016-01-01,corroborated_candidate,24,0,24,2010-02-26,2015-10-29,True,False,[],"[{""accession"": ""0001122304-10-000024"", ""cik"": ""0001122304"", ""evidence_kind"": ""sec_bulk_issuer_name_no_ticker"", ""filed_date"": ""2010-02-26"", ""historical_name"": ""AETNA INC /PA/"", ""sha256"": ""2a4db2340ab1662d5135d7e17be1a58352c5959017350f0ef2174135f9996125"", ""source_url"": ""https://www.sec.gov/files/dera/data/financial-statement-data-sets/2010q1.zip""}, {""accession"": ""0001122304-13-000067"", ""cik"": ""0001122304"", ""evidence_kind"": ""sec_bulk_issuer_name_no_ticker"", ""filed_date"": ""2013-04-30"", ""historical_name"": ""AETNA INC /PA/"", ""sha256"": ""7cc764386ea9cb01d62e1a9f4fac38dc9c741e96886a953ddaad2def4eb489c7"", ""source_url"": ""https://www.sec.gov/files/dera/data/financial-statement-data-sets/2013q2.zip""}, {""accession"": ""0001122304-12-000045"", ""cik"": ""0001122304"", ""evidence_kind"": ""sec_bulk_issuer_name_no_ticker"", ""filed_date"": ""2012-02-24"", ""historical_name"": ""AETNA INC /PA/"", ""sha256"": ""42ed1a5ecac978d4338bd51cd4bc15bf60cc821291eea492f8172fc4e803d5f6"", ""source_url"": ""https://www.sec.gov/files/dera/data/financial-statement-data-sets/2012q1.zip""}]"
AFL,0000004977,2010-01-01,2016-01-01,confirmed_by_multiple_evidence,3,3,23,2010-02-26,2015-11-03,True,False,[],"[{""accession"": ""0000004977-13-000030"", ""cik"": ""0000004977"", ""evidence_kind"": ""sec_dei_ticker"", ""filed_date"": ""2013-02-27"", ""sha256"": ""db66f4356a4c823bf44eca981c4490215e03abe61be5c4ca9b6c3a1b5dc0a6d3"", ""source_url"": ""https://www.sec.gov/Archives/edgar/data/4977/000000497713000030/afl-20121231.xml""}, {""accession"": ""0000004977-15-000172"", ""cik"": ""0000004977"", ""evidence_kind"": ""sec_dei_ticker"", ""filed_date"": ""2015-11-03"", ""sha256"": ""722587b584b46bc1e48336ffc1853eddff87de8b31c8a902084be8e4c40a425c"", ""source_url"": ""https://www.sec.gov/Archives/edgar/data/4977/000000497715000172/afl-20150930.xml""}, {""accession"": ""0001193125-10-043173"", ""cik"": ""0000004977"", ""evidence_kind"": ""sec_dei_ticker"", ""filed_date"": ""2010-02-26"", ""sha256"": ""18efa42a689f230bf5d046b5a6f6a947df4aa343a34df4dcaf890f6581854752"", ""source_url"": ""https://www.sec.gov/Archives/edgar/data/4977/000119312510043173/afl-20091231.xml""}, {""accession"": ""0000004977-13-000037"", ""cik"": ""0000004977"", ""evidence_kind"": ""sec_bulk_issuer_name_no_ticker"", ""filed_date"": ""2013-05-06"", ""historical_name"": ""AFLAC INC"", ""sha256"": ""7cc764386ea9cb01d62e1a9f4fac38dc9c741e96886a953ddaad2def4eb489c7"", ""source_url"": ""https://www.sec.gov/files/dera/data/financial-statement-data-sets/2013q2.zip""}, {""accession"": ""0001193125-12-081967"", ""cik"": ""0000004977"", ""evidence_kind"": ""sec_bulk_issuer_name_no_ticker"", ""filed_date"": ""2012-02-27"", ""historical_name"": ""AFLAC INC"", ""sha256"": ""42ed1a5ecac978d4338bd51cd4bc15bf60cc821291eea492f8172fc4e803d5f6"", ""source_url"": ""https://www.sec.gov/files/dera/data/financial-statement-data-sets/2012q1.zip""}]"
AGN,0000850693,2010-01-01,2015-03-23,ambiguous,21,3,21,2010-02-26,2015-02-19,True,False,[],"[{""accession"": ""0001193125-10-043126"", ""cik"": ""0000850693"", ""evidence_kind"": ""sec_dei_ticker"", ""filed_date"": ""2010-02-26"", ""sha256"": ""88f941728a63942f2457bd8ae7568ce2cfff5367e50bad7e828499e1358ae56c"", ""source_url"": ""https://www.sec.gov/Archives/edgar/data/850693/000119312510043126/agn-20091231.xml""}, {""accession"": ""0001193125-10-112943"", ""cik"": ""0000850693"", ""evidence_kind"": ""sec_dei_ticker"", ""filed_date"": ""2010-05-07"", ""sha256"": ""477bc2f9d422643d466954a466a8e9572268ab3898d267ceaeae04886e21e0be"", ""source_url"": ""https://www.sec.gov/Archives/edgar/data/850693/000119312510112943/agn-20100331.xml""}, {""accession"": ""0001193125-10-181129"", ""cik"": ""0000850693"", ""evidence_kind"": ""sec_dei_ticker"", ""filed_date"": ""2010-08-06"", ""sha256"": ""31c201229faa5077cddfa6fa323783c242d3a88132412b8a8d0cecea0eac055d"", ""source_url"": ""https://www.sec.gov/Archives/edgar/data/850693/000119312510181129/agn-20100630.xml""}, {""accession"": ""0000850693-12-000011"", ""cik"": ""0000850693"", ""evidence_kind"": ""sec_bulk_issuer_name_no_ticker"", ""filed_date"": ""2012-11-06"", ""historical_name"": ""ALLERGAN INC"", ""sha256"": ""af6629de7547f5d75c85abf170550b9466768071fcd419d5fdf1a1d026436e98"", ""source_url"": ""https://www.sec.gov/files/dera/data/financial-statement-data-sets/2012q4.zip""}, {""accession"": ""0000850693-12-000003"", ""cik"": ""0000850693"", ""evidence_kind"": ""sec_bulk_issuer_name_no_ticker"", ""filed_date"": ""2012-02-28"", ""historical_name"": ""ALLERGAN INC"", ""sha256"": ""42ed1a5ecac978d4338bd51cd4bc15bf60cc821291eea492f8172fc4e803d5f6"", ""source_url"": ""https://www.sec.gov/files/dera/data/financial-statement-data-sets/2012q1.zip""}]"
AGN,0001578845,2010-01-01,2015-03-23,ambiguous,6,0,6,2013-10-31,2015-02-18,False,False,['ACT'],"[{""accession"": ""0001193125-10-043126"", ""cik"": ""0000850693"", ""evidence_kind"": ""sec_dei_ticker"", ""filed_date"": ""2010-02-26"", ""sha256"": ""88f941728a63942f2457bd8ae7568ce2cfff5367e50bad7e828499e1358ae56c"", ""source_url"": ""https://www.sec.gov/Archives/edgar/data/850693/000119312510043126/agn-20091231.xml""}, {""accession"": ""0001193125-10-112943"", ""cik"": ""0000850693"", ""evidence_kind"": ""sec_dei_ticker"", ""filed_date"": ""2010-05-07"", ""sha256"": ""477bc2f9d422643d466954a466a8e9572268ab3898d267ceaeae04886e21e0be"", ""source_url"": ""https://www.sec.gov/Archives/edgar/data/850693/000119312510112943/agn-20100331.xml""}, {""accession"": ""0001193125-10-181129"", ""cik"": ""0000850693"", ""evidence_kind"": ""sec_dei_ticker"", ""filed_date"": ""2010-08-06"", ""sha256"": ""31c201229faa5077cddfa6fa323783c242d3a88132412b8a8d0cecea0eac055d"", ""source_url"": ""https://www.sec.gov/Archives/edgar/data/850693/000119312510181129/agn-20100630.xml""}, {""accession"": ""0001193125-13-419816"", ""cik"": ""0001578845"", ""evidence_kind"": ""sec_bulk_issuer_name_no_ticker"", ""filed_date"": ""2013-10-31"", ""historical_name"": ""ACTAVIS PLC"", ""sha256"": ""7781ac25ddbd4f6eb8eb85e838656181fb06e8bc16b1dd5efccb9e21f8f5baa7"", ""source_url"": ""https://www.sec.gov/files/dera/data/financial-statement-data-sets/2013q4.zip""}, {""accession"": ""0001193125-14-295884"", ""cik"": ""0001578845"", ""evidence_kind"": ""sec_bulk_issuer_name_no_ticker"", ""filed_date"": ""2014-08-05"", ""historical_name"": ""ACTAVIS PLC"", ""sha256"": ""4d10510a2f17a6da8012d83f66bed7fbb434bca2529f7b2a92043c522d2c52b1"", ""source_url"": ""https://www.sec.gov/files/dera/data/financial-statement-data-sets/2014q3.zip""}, {""accession"": ""0001193125-15-052898"", ""cik"": ""0001578845"", ""evidence_kind"": ""sec_bulk_issuer_name_no_ticker"", ""filed_date"": ""2015-02-18"", ""historical_name"": ""ACTAVIS PLC"", ""sha256"": ""baa9e434480b8299593b781e8156f855e0c4548677329f166f495cbae287e52e"", ""source_url"": ""https://www.sec.gov/files/dera/data/financial-statement-data-sets/2015q1.zip""}]"
AGN,0001578845,2015-03-23,2016-01-01,ambiguous,3,2,3,2015-05-11,2015-11-06,True,False,['ACT'],"[{""accession"": ""0001564590-15-006357"", ""cik"": ""0001578845"", ""evidence_kind"": ""sec_dei_ticker"", ""filed_date"": ""2015-08-06"", ""sha256"": ""35252e88b3172816e236ab51d6bdce07c260e1d24a1c97066290c748842e06a9"", ""source_url"": ""https://www.sec.gov/Archives/edgar/data/1578845/000156459015006357/agn-20150630.xml""}, {""accession"": ""0001564590-15-009844"", ""cik"": ""0001578845"", ""evidence_kind"": ""sec_dei_ticker"", ""filed_date"": ""2015-11-06"", ""sha256"": ""2daee979a696d292c7560e67f061ee410c675ff99db0b82c819b88fad02cc25b"", ""source_url"": ""https://www.sec.gov/Archives/edgar/data/1578845/000156459015009844/agn-20150930.xml""}, {""accession"": ""0001193125-15-180860"", ""cik"": ""0001578845"", ""evidence_kind"": ""sec_bulk_issuer_name_no_ticker"", ""filed_date"": ""2015-05-11"", ""historical_name"": ""WARNER CHILCOTT LTD"", ""sha256"": ""d3cac325930af6ef145d26fb7e035d7933e900ce174a11adaabb33abd87fbfa1"", ""source_url"": ""https://www.sec.gov/files/dera/data/financial-statement-data-sets/2015q2.zip""}]"
AIG,0000005272,2010-01-01,2016-01-01,corroborated_candidate,23,0,23,2010-02-26,2015-11-02,True,False,[],"[{""accession"": ""0001047469-10-001465"", ""cik"": ""0000005272"", ""evidence_kind"": ""sec_bulk_issuer_name_no_ticker"", ""filed_date"": ""2010-02-26"", ""historical_name"": ""AMERICAN INTERNATIONAL GROUP INC"", ""sha256"": ""2a4db2340ab1662d5135d7e17be1a58352c5959017350f0ef2174135f9996125"", ""source_url"": ""https://www.sec.gov/files/dera/data/financial-statement-data-sets/2010q1.zip""}, {""accession"": ""0001047469-13-001390"", ""cik"": ""0000005272"", ""evidence_kind"": ""sec_bulk_issuer_name_no_ticker"", ""filed_date"": ""2013-02-21"", ""historical_name"": ""AMERICAN INTERNATIONAL GROUP INC"", ""sha256"": ""329f4e3e40c0351001037ad1dea3fd28c07100f6f6d6d64d5998ea01b060a790"", ""source_url"": ""https://www.sec.gov/files/dera/data/financial-statement-data-sets/2013q1.zip""}, {""accession"": ""0001047469-12-001369"", ""cik"": ""0000005272"", ""evidence_kind"": ""sec_bulk_issuer_name_no_ticker"", ""filed_date"": ""2012-02-23"", ""historical_name"": ""AMERICAN INTERNATIONAL GROUP INC"", ""sha256"": ""42ed1a5ecac978d4338bd51cd4bc15bf60cc821291eea492f8172fc4e803d5f6"", ""source_url"": ""https://www.sec.gov/files/dera/data/financial-statement-data-sets/2012q1.zip""}]"
AIV,0000922864,2010-01-01,2016-01-01,corroborated_candidate,21,0,21,2010-11-01,2015-11-05,True,False,[],"[{""accession"": ""0000950123-10-098280"", ""cik"": ""0000922864"", ""evidence_kind"": ""sec_bulk_issuer_name_no_ticker"", ""filed_date"": ""2010-11-01"", ""historical_name"": ""APARTMENT INVESTMENT & MANAGEMENT CO"", ""sha256"": ""3dc43a8559cba9e1a9bb5a283a99e1fdfd2b0eaa7a9460887d5b4c70d69cef63"", ""source_url"": ""https://www.sec.gov/files/dera/data/financial-statement-data-sets/2010q4.zip""}, {""accession"": ""0000922864-13-000034"", ""cik"": ""0000922864"", ""evidence_kind"": ""sec_bulk_issuer_name_no_ticker"", ""filed_date"": ""2013-08-02"", ""historical_name"": ""APARTMENT INVESTMENT & MANAGEMENT CO"", ""sha256"": ""c9134387b650a9194f14b3f832f16aa1a72255c20a0e0b954001a643933cc849"", ""source_url"": ""https://www.sec.gov/files/dera/data/financial-statement-data-sets/2013q3.zip""}, {""accession"": ""0001193125-12-074623"", ""cik"": ""0000922864"", ""evidence_kind"": ""sec_bulk_issuer_name_no_ticker"", ""filed_date"": ""2012-02-23"", ""historical_name"": ""APARTMENT INVESTMENT & MANAGEMENT CO"", ""sha256"": ""42ed1a5ecac978d4338bd51cd4bc15bf60cc821291eea492f8172fc4e803d5f6"", ""source_url"": ""https://www.sec.gov/files/dera/data/financial-statement-data-sets/2012q1.zip""}]"
AIZ,0001267238,2010-01-01,2016-01-01,confirmed_by_multiple_evidence,2,2,24,2010-02-25,2015-11-03,True,False,[],"[{""accession"": ""0001193125-13-067448"", ""cik"": ""0001267238"", ""evidence_kind"": ""sec_dei_ticker"", ""filed_date"": ""2013-02-20"", ""sha256"": ""23ec76926100340c2a132c79fafb632da1287bd8a2102ff507a5d72a52ab3330"", ""source_url"": ""https://www.sec.gov/Archives/edgar/data/1267238/000119312513067448/aiz-20121231.xml""}, {""accession"": ""0001628280-15-008178"", ""cik"": ""0001267238"", ""evidence_kind"": ""sec_dei_ticker"", ""filed_date"": ""2015-11-03"", ""sha256"": ""a08be16b4b4605355c8a94197d71710be29e190cfb80f552fb9b9ce0ff76af14"", ""source_url"": ""https://www.sec.gov/Archives/edgar/data/1267238/000162828015008178/aiz-20150930.xml""}, {""accession"": ""0001193125-10-040943"", ""cik"": ""0001267238"", ""evidence_kind"": ""sec_bulk_issuer_name_no_ticker"", ""filed_date"": ""2010-02-25"", ""historical_name"": ""ASSURANT INC"", ""sha256"": ""2a4db2340ab1662d5135d7e17be1a58352c5959017350f0ef2174135f9996125"", ""source_url"": ""https://www.sec.gov/files/dera/data/financial-statement-data-sets/2010q1.zip""}, {""accession"": ""0001193125-13-192880"", ""cik"": ""0001267238"", ""evidence_kind"": ""sec_bulk_issuer_name_no_ticker"", ""filed_date"": ""2013-05-01"", ""historical_name"": ""ASSURANT INC"", ""sha256"": ""7cc764386ea9cb01d62e1a9f4fac38dc9c741e96886a953ddaad2def4eb489c7"", ""source_url"": ""https://www.sec.gov/files/dera/data/financial-statement-data-sets/2013q2.zip""}, {""accession"": ""0001193125-12-075371"", ""cik"": ""0001267238"", ""evidence_kind"": ""sec_bulk_issuer_name_no_ticker"", ""filed_date"": ""2012-02-23"", ""historical_name"": ""ASSURANT INC"", ""sha256"": ""42ed1a5ecac978d4338bd51cd4bc15bf60cc821291eea492f8172fc4e803d5f6"", ""source_url"": ""https://www.sec.gov/files/dera/data/financial-statement-data-sets/2012q1.zip""}]"
AKAM,0001086222,2010-01-01,2016-01-01,corroborated_candidate,23,1,23,2010-03-01,2015-11-09,True,False,[],"[{""accession"": ""0001193125-10-044561"", ""cik"": ""0001086222"", ""evidence_kind"": ""sec_dei_ticker"", ""filed_date"": ""2010-03-01"", ""sha256"": ""cf66129682352bdf6e3849b1f9e473ab961a4e6bb2d44352246043a3520d5648"", ""source_url"": ""https://www.sec.gov/Archives/edgar/data/1086222/000119312510044561/akam-20091231.xml""}, {""accession"": ""0001542567-13-000005"", ""cik"": ""0001086222"", ""evidence_kind"": ""sec_bulk_issuer_name_no_ticker"", ""filed_date"": ""2013-05-10"", ""historical_name"": ""AKAMAI TECHNOLOGIES INC"", ""sha256"": ""7cc764386ea9cb01d62e1a9f4fac38dc9c741e96886a953ddaad2def4eb489c7"", ""source_url"": ""https://www.sec.gov/files/dera/data/financial-statement-data-sets/2013q2.zip""}, {""accession"": ""0001266432-12-000010"", ""cik"": ""0001086222"", ""evidence_kind"": ""sec_bulk_issuer_name_no_ticker"", ""filed_date"": ""2012-02-29"", ""historical_name"": ""AKAMAI TECHNOLOGIES INC"", ""sha256"": ""42ed1a5ecac978d4338bd51cd4bc15bf60cc821291eea492f8172fc4e803d5f6"", ""source_url"": ""https://www.sec.gov/files/dera/data/financial-statement-data-sets/2012q1.zip""}]"
AKS,0000918160,2010-01-01,2011-12-16,corroborated_candidate,8,0,8,2010-02-23,2011-11-03,True,False,[],"[{""accession"": ""0000918160-10-000011"", ""cik"": ""0000918160"", ""evidence_kind"": ""sec_bulk_issuer_name_no_ticker"", ""filed_date"": ""2010-02-23"", ""historical_name"": ""AK STEEL HOLDING CORP"", ""sha256"": ""2a4db2340ab1662d5135d7e17be1a58352c5959017350f0ef2174135f9996125"", ""source_url"": ""https://www.sec.gov/files/dera/data/financial-statement-data-sets/2010q1.zip""}, {""accession"": ""0000918160-11-000007"", ""cik"": ""0000918160"", ""evidence_kind"": ""sec_bulk_issuer_name_no_ticker"", ""filed_date"": ""2011-02-22"", ""historical_name"": ""AK STEEL HOLDING CORP"", ""sha256"": ""e63b781a5e57e55d68e110a06d3f697e942a60e17f093bbdc1a16ac7152a7df5"", ""source_url"": ""https://www.sec.gov/files/dera/data/financial-statement-data-sets/2011q1.zip""}, {""accession"": ""0000918160-11-000049"", ""cik"": ""0000918160"", ""evidence_kind"": ""sec_bulk_issuer_name_no_ticker"", ""filed_date"": ""2011-11-03"", ""historical_name"": ""AK STEEL HOLDING CORP"", ""sha256"": ""0f674f68094cc65c83da3c142775dcfd091250e293783c3e8211ee4e97bc083f"", ""source_url"": ""https://www.sec.gov/files/dera/data/financial-statement-data-sets/2011q4.zip""}]"
ALL,0000899051,2010-01-01,2016-01-01,corroborated_candidate,23,0,23,2010-02-25,2015-11-02,True,False,[],"[{""accession"": ""0001047469-10-001355"", ""cik"": ""0000899051"", ""evidence_kind"": ""sec_bulk_issuer_name_no_ticker"", ""filed_date"": ""2010-02-25"", ""historical_name"": ""ALLSTATE CORP"", ""sha256"": ""2a4db2340ab1662d5135d7e17be1a58352c5959017350f0ef2174135f9996125"", ""source_url"": ""https://www.sec.gov/files/dera/data/financial-statement-data-sets/2010q1.zip""}, {""accession"": ""0001104659-13-035969"", ""cik"": ""0000899051"", ""evidence_kind"": ""sec_bulk_issuer_name_no_ticker"", ""filed_date"": ""2013-05-01"", ""historical_name"": ""ALLSTATE CORP"", ""sha256"": ""7cc764386ea9cb01d62e1a9f4fac38dc9c741e96886a953ddaad2def4eb489c7"", ""source_url"": ""https://www.sec.gov/files/dera/data/financial-statement-data-sets/2013q2.zip""}, {""accession"": ""0001047469-12-001250"", ""cik"": ""0000899051"", ""evidence_kind"": ""sec_bulk_issuer_name_no_ticker"", ""filed_date"": ""2012-02-22"", ""historical_name"": ""ALLSTATE CORP"", ""sha256"": ""42ed1a5ecac978d4338bd51cd4bc15bf60cc821291eea492f8172fc4e803d5f6"", ""source_url"": ""https://www.sec.gov/files/dera/data/financial-statement-data-sets/2012q1.zip""}]"
ALLE,0001579241,2013-12-02,2016-01-01,corroborated_candidate,7,0,7,2014-04-30,2015-10-29,True,False,[],"[{""accession"": ""0001579241-14-000017"", ""cik"": ""0001579241"", ""evidence_kind"": ""sec_bulk_issuer_name_no_ticker"", ""filed_date"": ""2014-04-30"", ""historical_name"": ""ALLEGION PLC"", ""sha256"": ""ab03600231a08369a980a31dde8bb78b6cd49f56d39ab7b90ca5bc0cfd52aa7f"", ""source_url"": ""https://www.sec.gov/files/dera/data/financial-statement-data-sets/2014q2.zip""}, {""accession"": ""0001579241-15-000005"", ""cik"": ""0001579241"", ""evidence_kind"": ""sec_bulk_issuer_name_no_ticker"", ""filed_date"": ""2015-02-27"", ""historical_name"": ""ALLEGION PLC"", ""sha256"": ""baa9e434480b8299593b781e8156f855e0c4548677329f166f495cbae287e52e"", ""source_url"": ""https://www.sec.gov/files/dera/data/financial-statement-data-sets/2015q1.zip""}, {""accession"": ""0001579241-15-000046"", ""cik"": ""0001579241"", ""evidence_kind"": ""sec_bulk_issuer_name_no_ticker"", ""filed_date"": ""2015-10-29"", ""historical_name"": ""ALLEGION PLC"", ""sha256"": ""1723b41ef2a1d3ea6595f6052ef229a80e03cd183391ca9e297a894f9e589d83"", ""source_url"": ""https://www.sec.gov/files/dera/data/financial-statement-data-sets/2015q4.zip""}]"
ALTR,0000768251,2010-01-01,2015-12-28,corroborated_candidate,24,0,24,2010-02-17,2015-10-22,True,False,[],"[{""accession"": ""0000950123-10-013710"", ""cik"": ""0000768251"", ""evidence_kind"": ""sec_bulk_issuer_name_no_ticker"", ""filed_date"": ""2010-02-17"", ""historical_name"": ""ALTERA CORP"", ""sha256"": ""2a4db2340ab1662d5135d7e17be1a58352c5959017350f0ef2174135f9996125"", ""source_url"": ""https://www.sec.gov/files/dera/data/financial-statement-data-sets/2010q1.zip""}, {""accession"": ""0000768251-13-000023"", ""cik"": ""0000768251"", ""evidence_kind"": ""sec_bulk_issuer_name_no_ticker"", ""filed_date"": ""2013-04-26"", ""historical_name"": ""ALTERA CORP"", ""sha256"": ""7cc764386ea9cb01d62e1a9f4fac38dc9c741e96886a953ddaad2def4eb489c7"", ""source_url"": ""https://www.sec.gov/files/dera/data/financial-statement-data-sets/2013q2.zip""}, {""accession"": ""0000768251-12-000013"", ""cik"": ""0000768251"", ""evidence_kind"": ""sec_bulk_issuer_name_no_ticker"", ""filed_date"": ""2012-02-17"", ""historical_name"": ""ALTERA CORP"", ""sha256"": ""42ed1a5ecac978d4338bd51cd4bc15bf60cc821291eea492f8172fc4e803d5f6"", ""source_url"": ""https://www.sec.gov/files/dera/data/financial-statement-data-sets/2012q1.zip""}]"
ALXN,0000899866,2012-05-25,2016-01-01,corroborated_candidate,14,0,14,2012-07-27,2015-11-02,True,False,[],"[{""accession"": ""0001445305-12-002315"", ""cik"": ""0000899866"", ""evidence_kind"": ""sec_bulk_issuer_name_no_ticker"", ""filed_date"": ""2012-07-27"", ""historical_name"": ""ALEXION PHARMACEUTICALS INC"", ""sha256"": ""a5b705fab7948837fc890d820c2b809d4afdb0ff1836129ad5a16127275f0ebf"", ""source_url"": ""https://www.sec.gov/files/dera/data/financial-statement-data-sets/2012q3.zip""}, {""accession"": ""0000899866-14-000103"", ""cik"": ""0000899866"", ""evidence_kind"": ""sec_bulk_issuer_name_no_ticker"", ""filed_date"": ""2014-04-25"", ""historical_name"": ""ALEXION PHARMACEUTICALS INC"", ""sha256"": ""ab03600231a08369a980a31dde8bb78b6cd49f56d39ab7b90ca5bc0cfd52aa7f"", ""source_url"": ""https://www.sec.gov/files/dera/data/financial-statement-data-sets/2014q2.zip""}, {""accession"": ""0000899866-15-000189"", ""cik"": ""0000899866"", ""evidence_kind"": ""sec_bulk_issuer_name_no_ticker"", ""filed_date"": ""2015-11-02"", ""historical_name"": ""ALEXION PHARMACEUTICALS INC"", ""sha256"": ""1723b41ef2a1d3ea6595f6052ef229a80e03cd183391ca9e297a894f9e589d83"", ""source_url"": ""https://www.sec.gov/files/dera/data/financial-statement-data-sets/2015q4.zip""}]"
AMAT,0000006951,2010-01-01,2016-01-01,corroborated_candidate,24,0,24,2010-03-09,2015-12-09,True,False,[],"[{""accession"": ""0000950123-10-022556"", ""cik"": ""0000006951"", ""evidence_kind"": ""sec_bulk_issuer_name_no_ticker"", ""filed_date"": ""2010-03-09"", ""historical_name"": ""APPLIED MATERIALS INC /DE"", ""sha256"": ""2a4db2340ab1662d5135d7e17be1a58352c5959017350f0ef2174135f9996125"", ""source_url"": ""https://www.sec.gov/files/dera/data/financial-statement-data-sets/2010q1.zip""}, {""accession"": ""0000006951-13-000017"", ""cik"": ""0000006951"", ""evidence_kind"": ""sec_bulk_issuer_name_no_ticker"", ""filed_date"": ""2013-05-23"", ""historical_name"": ""APPLIED MATERIALS INC /DE"", ""sha256"": ""7cc764386ea9cb01d62e1a9f4fac38dc9c741e96886a953ddaad2def4eb489c7"", ""source_url"": ""https://www.sec.gov/files/dera/data/financial-statement-data-sets/2013q2.zip""}, {""accession"": ""0001193125-12-081804"", ""cik"": ""0000006951"", ""evidence_kind"": ""sec_bulk_issuer_name_no_ticker"", ""filed_date"": ""2012-02-27"", ""historical_name"": ""APPLIED MATERIALS INC /DE"", ""sha256"": ""42ed1a5ecac978d4338bd51cd4bc15bf60cc821291eea492f8172fc4e803d5f6"", ""source_url"": ""https://www.sec.gov/files/dera/data/financial-statement-data-sets/2012q1.zip""}]"
AMD,0000002488,2010-01-01,2013-09-20,confirmed_by_multiple_evidence,2,2,13,2010-08-04,2013-08-01,True,False,[],"[{""accession"": ""0001193125-10-177386"", ""cik"": ""0000002488"", ""evidence_kind"": ""sec_dei_ticker"", ""filed_date"": ""2010-08-04"", ""sha256"": ""468eb3001b8bbe754ddeefb6e277a3e10cd1db78263b4edfc551d2a16500bb58"", ""source_url"": ""https://www.sec.gov/Archives/edgar/data/2488/000119312510177386/amd-20100626.xml""}, {""accession"": ""0001193125-13-315281"", ""cik"": ""0000002488"", ""evidence_kind"": ""sec_dei_ticker"", ""filed_date"": ""2013-08-01"", ""sha256"": ""38c3c6ff3771b24e54194f676eca9224877ec0adf1d4e57eccbc934d95948f02"", ""source_url"": ""https://www.sec.gov/Archives/edgar/data/2488/000119312513315281/amd-20130629.xml""}, {""accession"": ""0001193125-12-222047"", ""cik"": ""0000002488"", ""evidence_kind"": ""sec_bulk_issuer_name_no_ticker"", ""filed_date"": ""2012-05-09"", ""historical_name"": ""ADVANCED MICRO DEVICES INC"", ""sha256"": ""0dbb10aa316c674f07849a28e67a25a0a59bd6ef2bc214cd1800c8a2d2a05df6"", ""source_url"": ""https://www.sec.gov/files/dera/data/financial-statement-data-sets/2012q2.zip""}, {""accession"": ""0001193125-12-075837"", ""cik"": ""0000002488"", ""evidence_kind"": ""sec_bulk_issuer_name_no_ticker"", ""filed_date"": ""2012-02-24"", ""historical_name"": ""ADVANCED MICRO DEVICES INC"", ""sha256"": ""42ed1a5ecac978d4338bd51cd4bc15bf60cc821291eea492f8172fc4e803d5f6"", ""source_url"": ""https://www.sec.gov/files/dera/data/financial-statement-data-sets/2012q1.zip""}]"
AME,0001037868,2013-09-23,2016-01-01,confirmed_by_multiple_evidence,3,3,9,2013-11-04,2015-11-05,True,False,[],"[{""accession"": ""0001193125-13-425289"", ""cik"": ""0001037868"", ""evidence_kind"": ""sec_dei_ticker"", ""filed_date"": ""2013-11-04"", ""sha256"": ""a398364b9d60563ec56ed8538fdc8dfedbb7b71f4da96adbef2780ac00b9ada6"", ""source_url"": ""https://www.sec.gov/Archives/edgar/data/1037868/000119312513425289/ame-20130930.xml""}, {""accession"": ""0001193125-14-400229"", ""cik"": ""0001037868"", ""evidence_kind"": ""sec_dei_ticker"", ""filed_date"": ""2014-11-06"", ""sha256"": ""b94683b56035049acf06c31247090d0f00d6549cf2d2dcb7dab3f20b567d0c77"", ""source_url"": ""https://www.sec.gov/Archives/edgar/data/1037868/000119312514400229/ame-20140930.xml""}, {""accession"": ""0001193125-15-367982"", ""cik"": ""0001037868"", ""evidence_kind"": ""sec_dei_ticker"", ""filed_date"": ""2015-11-05"", ""sha256"": ""601ec61ac7123828acd8081ae18a3cfc60005bad00bdbdfa943d43aa0cddb718"", ""source_url"": ""https://www.sec.gov/Archives/edgar/data/1037868/000119312515367982/ame-20150930.xml""}]"
AMG,0001004434,2014-07-01,2016-01-01,corroborated_candidate,6,0,6,2014-08-06,2015-11-09,True,False,[],"[{""accession"": ""0001004434-14-000015"", ""cik"": ""0001004434"", ""evidence_kind"": ""sec_bulk_issuer_name_no_ticker"", ""filed_date"": ""2014-08-06"", ""historical_name"": ""AFFILIATED MANAGERS GROUP, INC."", ""sha256"": ""4d10510a2f17a6da8012d83f66bed7fbb434bca2529f7b2a92043c522d2c52b1"", ""source_url"": ""https://www.sec.gov/files/dera/data/financial-statement-data-sets/2014q3.zip""}, {""accession"": ""0001004434-15-000011"", ""cik"": ""0001004434"", ""evidence_kind"": ""sec_bulk_issuer_name_no_ticker"", ""filed_date"": ""2015-05-05"", ""historical_name"": ""AFFILIATED MANAGERS GROUP, INC."", ""sha256"": ""d3cac325930af6ef145d26fb7e035d7933e900ce174a11adaabb33abd87fbfa1"", ""source_url"": ""https://www.sec.gov/files/dera/data/financial-statement-data-sets/2015q2.zip""}, {""accession"": ""0001004434-15-000028"", ""cik"": ""0001004434"", ""evidence_kind"": ""sec_bulk_issuer_name_no_ticker"", ""filed_date"": ""2015-11-09"", ""historical_name"": ""AFFILIATED MANAGERS GROUP, INC."", ""sha256"": ""1723b41ef2a1d3ea6595f6052ef229a80e03cd183391ca9e297a894f9e589d83"", ""source_url"": ""https://www.sec.gov/files/dera/data/financial-statement-data-sets/2015q4.zip""}]"
AMGN,0000318154,2010-01-01,2016-01-01,corroborated_candidate,24,1,24,2010-03-01,2015-11-02,True,False,[],"[{""accession"": ""0001193125-10-044311"", ""cik"": ""0000318154"", ""evidence_kind"": ""sec_dei_ticker"", ""filed_date"": ""2010-03-01"", ""sha256"": ""671c3fb9911c0d81b4be34311e056480d58987706373dbedffecd210bab9bc14"", ""source_url"": ""https://www.sec.gov/Archives/edgar/data/318154/000119312510044311/amgn-20091231.xml""}, {""accession"": ""0001445305-13-001107"", ""cik"": ""0000318154"", ""evidence_kind"": ""sec_bulk_issuer_name_no_ticker"", ""filed_date"": ""2013-05-03"", ""historical_name"": ""AMGEN INC"", ""sha256"": ""7cc764386ea9cb01d62e1a9f4fac38dc9c741e96886a953ddaad2def4eb489c7"", ""source_url"": ""https://www.sec.gov/files/dera/data/financial-statement-data-sets/2013q2.zip""}, {""accession"": ""0001193125-12-086670"", ""cik"": ""0000318154"", ""evidence_kind"": ""sec_bulk_issuer_name_no_ticker"", ""filed_date"": ""2012-02-29"", ""historical_name"": ""AMGEN INC"", ""sha256"": ""42ed1a5ecac978d4338bd51cd4bc15bf60cc821291eea492f8172fc4e803d5f6"", ""source_url"": ""https://www.sec.gov/files/dera/data/financial-statement-data-sets/2012q1.zip""}]"
AMP,0000820027,2010-01-01,2016-01-01,corroborated_candidate,24,0,24,2010-02-24,2015-11-02,True,False,[],"[{""accession"": ""0001047469-10-001174"", ""cik"": ""0000820027"", ""evidence_kind"": ""sec_bulk_issuer_name_no_ticker"", ""filed_date"": ""2010-02-24"", ""historical_name"": ""AMERIPRISE FINANCIAL INC"", ""sha256"": ""2a4db2340ab1662d5135d7e17be1a58352c5959017350f0ef2174135f9996125"", ""source_url"": ""https://www.sec.gov/files/dera/data/financial-statement-data-sets/2010q1.zip""}, {""accession"": ""0001104659-13-035922"", ""cik"": ""0000820027"", ""evidence_kind"": ""sec_bulk_issuer_name_no_ticker"", ""filed_date"": ""2013-05-01"", ""historical_name"": ""AMERIPRISE FINANCIAL INC"", ""sha256"": ""7cc764386ea9cb01d62e1a9f4fac38dc9c741e96886a953ddaad2def4eb489c7"", ""source_url"": ""https://www.sec.gov/files/dera/data/financial-statement-data-sets/2013q2.zip""}, {""accession"": ""0001047469-12-001474"", ""cik"": ""0000820027"", ""evidence_kind"": ""sec_bulk_issuer_name_no_ticker"", ""filed_date"": ""2012-02-24"", ""historical_name"": ""AMERIPRISE FINANCIAL INC"", ""sha256"": ""42ed1a5ecac978d4338bd51cd4bc15bf60cc821291eea492f8172fc4e803d5f6"", ""source_url"": ""https://www.sec.gov/files/dera/data/financial-statement-data-sets/2012q1.zip""}]"
AMT,0001053507,2010-01-01,2016-01-01,corroborated_candidate,24,1,24,2010-03-01,2015-10-29,True,False,[],"[{""accession"": ""0001193125-10-044876"", ""cik"": ""0001053507"", ""evidence_kind"": ""sec_dei_ticker"", ""filed_date"": ""2010-03-01"", ""sha256"": ""780df3266008b4fc83589b9cee728b3c6403e4cb6efc3aa66cedcb1c6d048b82"", ""source_url"": ""https://www.sec.gov/Archives/edgar/data/1053507/000119312510044876/amt-20091231.xml""}, {""accession"": ""0001193125-13-192592"", ""cik"": ""0001053507"", ""evidence_kind"": ""sec_bulk_issuer_name_no_ticker"", ""filed_date"": ""2013-05-01"", ""historical_name"": ""AMERICAN TOWER CORP /MA/"", ""sha256"": ""7cc764386ea9cb01d62e1a9f4fac38dc9c741e96886a953ddaad2def4eb489c7"", ""source_url"": ""https://www.sec.gov/files/dera/data/financial-statement-data-sets/2013q2.zip""}, {""accession"": ""0001193125-12-086162"", ""cik"": ""0001053507"", ""evidence_kind"": ""sec_bulk_issuer_name_no_ticker"", ""filed_date"": ""2012-02-29"", ""historical_name"": ""AMERICAN TOWER CORP /MA/"", ""sha256"": ""42ed1a5ecac978d4338bd51cd4bc15bf60cc821291eea492f8172fc4e803d5f6"", ""source_url"": ""https://www.sec.gov/files/dera/data/financial-statement-data-sets/2012q1.zip""}]"
AMZN,0001018724,2010-01-01,2016-01-01,confirmed_by_multiple_evidence,3,3,24,2010-01-29,2015-10-23,True,False,[],"[{""accession"": ""0001018724-15-000126"", ""cik"": ""0001018724"", ""evidence_kind"": ""sec_dei_ticker"", ""filed_date"": ""2015-10-23"", ""sha256"": ""ca5e216f582aaf868ed86e70b5966fba52ee68ec2147a957eee78a5b301a0ff6"", ""source_url"": ""https://www.sec.gov/Archives/edgar/data/1018724/000101872415000126/amzn-20150930.xml""}, {""accession"": ""0001193125-10-016098"", ""cik"": ""0001018724"", ""evidence_kind"": ""sec_dei_ticker"", ""filed_date"": ""2010-01-29"", ""sha256"": ""32c5235828cec652d3ef6a47e92b171569da57eaadaae7b815f9850022c083f5"", ""source_url"": ""https://www.sec.gov/Archives/edgar/data/1018724/000119312510016098/amzn-20091231.xml""}, {""accession"": ""0001193125-13-028520"", ""cik"": ""0001018724"", ""evidence_kind"": ""sec_dei_ticker"", ""filed_date"": ""2013-01-30"", ""sha256"": ""3b641c3a23eade6666fe777613b6f1cb66874d4e2972e3e1f30bb7828f383ae1"", ""source_url"": ""https://www.sec.gov/Archives/edgar/data/1018724/000119312513028520/amzn-20121231.xml""}, {""accession"": ""0001193125-13-174667"", ""cik"": ""0001018724"", ""evidence_kind"": ""sec_bulk_issuer_name_no_ticker"", ""filed_date"": ""2013-04-26"", ""historical_name"": ""AMAZON COM INC"", ""sha256"": ""7cc764386ea9cb01d62e1a9f4fac38dc9c741e96886a953ddaad2def4eb489c7"", ""source_url"": ""https://www.sec.gov/files/dera/data/financial-statement-data-sets/2013q2.zip""}, {""accession"": ""0001193125-12-032846"", ""cik"": ""0001018724"", ""evidence_kind"": ""sec_bulk_issuer_name_no_ticker"", ""filed_date"": ""2012-02-01"", ""historical_name"": ""AMAZON COM INC"", ""sha256"": ""42ed1a5ecac978d4338bd51cd4bc15bf60cc821291eea492f8172fc4e803d5f6"", ""source_url"": ""https://www.sec.gov/files/dera/data/financial-statement-data-sets/2012q1.zip""}]"
AN,0000350698,2010-01-01,2016-01-01,confirmed_by_multiple_evidence,3,3,20,2010-10-28,2015-10-28,True,False,[],"[{""accession"": ""0000350698-13-000140"", ""cik"": ""0000350698"", ""evidence_kind"": ""sec_dei_ticker"", ""filed_date"": ""2013-07-18"", ""sha256"": ""877b68f262577e928476329240ad8c60dca9fd341e0b7659423516e88d47b1fd"", ""source_url"": ""https://www.sec.gov/Archives/edgar/data/350698/000035069813000140/an-20130630.xml""}, {""accession"": ""0000350698-15-000221"", ""cik"": ""0000350698"", ""evidence_kind"": ""sec_dei_ticker"", ""filed_date"": ""2015-10-28"", ""sha256"": ""ae0f7b789f176c1eceb31d7a36507559ca7b5407d9219ba6dde09e2734a4dd5a"", ""source_url"": ""https://www.sec.gov/Archives/edgar/data/350698/000035069815000221/an-20150930.xml""}, {""accession"": ""0001193125-10-239925"", ""cik"": ""0000350698"", ""evidence_kind"": ""sec_dei_ticker"", ""filed_date"": ""2010-10-28"", ""sha256"": ""54e7cb14cec60ed779dc71ffb015a8a6482e1a59a24e568ecdfd490b055f4eda"", ""source_url"": ""https://www.sec.gov/Archives/edgar/data/350698/000119312510239925/an-20100930.xml""}, {""accession"": ""0000350698-13-000199"", ""cik"": ""0000350698"", ""evidence_kind"": ""sec_bulk_issuer_name_no_ticker"", ""filed_date"": ""2013-10-24"", ""historical_name"": ""AUTONATION, INC."", ""sha256"": ""7781ac25ddbd4f6eb8eb85e838656181fb06e8bc16b1dd5efccb9e21f8f5baa7"", ""source_url"": ""https://www.sec.gov/files/dera/data/financial-statement-data-sets/2013q4.zip""}, {""accession"": ""0000350698-12-000016"", ""cik"": ""0000350698"", ""evidence_kind"": ""sec_bulk_issuer_name_no_ticker"", ""filed_date"": ""2012-02-13"", ""historical_name"": ""AUTONATION, INC."", ""sha256"": ""42ed1a5ecac978d4338bd51cd4bc15bf60cc821291eea492f8172fc4e803d5f6"", ""source_url"": ""https://www.sec.gov/files/dera/data/financial-statement-data-sets/2012q1.zip""}]"
ANDV,0000050104,2010-01-01,2016-01-01,corroborated_candidate,22,0,22,2010-07-29,2015-10-29,False,True,[],"[{""accession"": ""0000950123-10-069651"", ""cik"": ""0000050104"", ""evidence_kind"": ""sec_bulk_issuer_name_no_ticker"", ""filed_date"": ""2010-07-29"", ""historical_name"": ""TESORO CORP /NEW/"", ""sha256"": ""52014faf614ca0d7b8040e364f5b3e99f28d5e96b711aa922b490056e2c1d7b5"", ""source_url"": ""https://www.sec.gov/files/dera/data/financial-statement-data-sets/2010q3.zip""}, {""accession"": ""0000050104-13-000058"", ""cik"": ""0000050104"", ""evidence_kind"": ""sec_bulk_issuer_name_no_ticker"", ""filed_date"": ""2013-08-05"", ""historical_name"": ""TESORO CORP /NEW/"", ""sha256"": ""c9134387b650a9194f14b3f832f16aa1a72255c20a0e0b954001a643933cc849"", ""source_url"": ""https://www.sec.gov/files/dera/data/financial-statement-data-sets/2013q3.zip""}, {""accession"": ""0000050104-12-000020"", ""cik"": ""0000050104"", ""evidence_kind"": ""sec_bulk_issuer_name_no_ticker"", ""filed_date"": ""2012-02-24"", ""historical_name"": ""TESORO CORP /NEW/"", ""sha256"": ""42ed1a5ecac978d4338bd51cd4bc15bf60cc821291eea492f8172fc4e803d5f6"", ""source_url"": ""https://www.sec.gov/files/dera/data/financial-statement-data-sets/2012q1.zip""}, {""evidence_kind"": ""sec_official_name_chain_no_ticker"", ""sha256"": ""07539ba0e12068c761ad8afa489e6d486f3a6a41a74b24f507ca2035181938c8"", ""source_url"": ""https://data.sec.gov/submissions/CIK0000050104.json""}]"
ANF,0001018840,2010-01-01,2013-12-23,corroborated_candidate,14,0,14,2010-09-08,2013-12-10,True,True,[],"[{""accession"": ""0000950123-10-084557"", ""cik"": ""0001018840"", ""evidence_kind"": ""sec_bulk_issuer_name_no_ticker"", ""filed_date"": ""2010-09-08"", ""historical_name"": ""ABERCROMBIE & FITCH CO /DE/"", ""sha256"": ""52014faf614ca0d7b8040e364f5b3e99f28d5e96b711aa922b490056e2c1d7b5"", ""source_url"": ""https://www.sec.gov/files/dera/data/financial-statement-data-sets/2010q3.zip""}, {""accession"": ""0001193125-12-380735"", ""cik"": ""0001018840"", ""evidence_kind"": ""sec_bulk_issuer_name_no_ticker"", ""filed_date"": ""2012-09-05"", ""historical_name"": ""ABERCROMBIE & FITCH CO /DE/"", ""sha256"": ""a5b705fab7948837fc890d820c2b809d4afdb0ff1836129ad5a16127275f0ebf"", ""source_url"": ""https://www.sec.gov/files/dera/data/financial-statement-data-sets/2012q3.zip""}, {""accession"": ""0001193125-12-134456"", ""cik"": ""0001018840"", ""evidence_kind"": ""sec_bulk_issuer_name_no_ticker"", ""filed_date"": ""2012-03-27"", ""historical_name"": ""ABERCROMBIE & FITCH CO /DE/"", ""sha256"": ""42ed1a5ecac978d4338bd51cd4bc15bf60cc821291eea492f8172fc4e803d5f6"", ""source_url"": ""https://www.sec.gov/files/dera/data/financial-statement-data-sets/2012q1.zip""}, {""evidence_kind"": ""sec_official_name_chain_no_ticker"", ""sha256"": ""a95b9ce6c43efda866d4babfb863966b426af84884873e032cd24c38482defc7"", ""source_url"": ""https://data.sec.gov/submissions/CIK0001018840.json""}]"
ANTM,0001156039,2014-12-03,2016-01-01,corroborated_candidate,4,1,4,2015-02-24,2015-10-28,True,False,[],"[{""accession"": ""0001156039-15-000014"", ""cik"": ""0001156039"", ""evidence_kind"": ""sec_dei_ticker"", ""filed_date"": ""2015-10-28"", ""sha256"": ""1fc56df1241fc7283d599e44588d3d0b2d93f17f860247d51d4904b98e05c991"", ""source_url"": ""https://www.sec.gov/Archives/edgar/data/1156039/000115603915000014/antm-20150930.xml""}, {""accession"": ""0001156039-15-000003"", ""cik"": ""0001156039"", ""evidence_kind"": ""sec_bulk_issuer_name_no_ticker"", ""filed_date"": ""2015-02-24"", ""historical_name"": ""ANTHEM, INC."", ""sha256"": ""baa9e434480b8299593b781e8156f855e0c4548677329f166f495cbae287e52e"", ""source_url"": ""https://www.sec.gov/files/dera/data/financial-statement-data-sets/2015q1.zip""}, {""accession"": ""0001156039-15-000011"", ""cik"": ""0001156039"", ""evidence_kind"": ""sec_bulk_issuer_name_no_ticker"", ""filed_date"": ""2015-07-29"", ""historical_name"": ""ANTHEM, INC."", ""sha256"": ""9301fa2e346aa6b3a48a36cafab80d1aab5d7970e60bfd168d53ba852a4deca9"", ""source_url"": ""https://www.sec.gov/files/dera/data/financial-statement-data-sets/2015q3.zip""}]"
AON,0000315293,2010-01-01,2016-01-01,corroborated_candidate,24,0,24,2010-02-26,2015-10-30,True,False,[],"[{""accession"": ""0001047469-10-001535"", ""cik"": ""0000315293"", ""evidence_kind"": ""sec_bulk_issuer_name_no_ticker"", ""filed_date"": ""2010-02-26"", ""historical_name"": ""AON CORP"", ""sha256"": ""2a4db2340ab1662d5135d7e17be1a58352c5959017350f0ef2174135f9996125"", ""source_url"": ""https://www.sec.gov/files/dera/data/financial-statement-data-sets/2010q1.zip""}, {""accession"": ""0001445305-13-001035"", ""cik"": ""0000315293"", ""evidence_kind"": ""sec_bulk_issuer_name_no_ticker"", ""filed_date"": ""2013-05-01"", ""historical_name"": ""AON PLC"", ""sha256"": ""7cc764386ea9cb01d62e1a9f4fac38dc9c741e96886a953ddaad2def4eb489c7"", ""source_url"": ""https://www.sec.gov/files/dera/data/financial-statement-data-sets/2013q2.zip""}, {""accession"": ""0001047469-12-001478"", ""cik"": ""0000315293"", ""evidence_kind"": ""sec_bulk_issuer_name_no_ticker"", ""filed_date"": ""2012-02-24"", ""historical_name"": ""AON CORP"", ""sha256"": ""42ed1a5ecac978d4338bd51cd4bc15bf60cc821291eea492f8172fc4e803d5f6"", ""source_url"": ""https://www.sec.gov/files/dera/data/financial-statement-data-sets/2012q1.zip""}]"
APA,0001841666,2010-01-01,2016-01-01,unresolved,0,0,0,,,False,False,[],[]
APC,0000773910,2010-01-01,2016-01-01,confirmed_by_multiple_evidence,7,7,23,2010-02-23,2015-10-27,True,False,[],"[{""accession"": ""0000773910-15-000012"", ""cik"": ""0000773910"", ""evidence_kind"": ""sec_dei_ticker"", ""filed_date"": ""2015-02-20"", ""sha256"": ""522931e625b21f25722b2ca27eadd546046ab62d7d687064ea0b3151c39dacff"", ""source_url"": ""https://www.sec.gov/Archives/edgar/data/773910/000077391015000012/apc-20141231.xml""}, {""accession"": ""0000773910-15-000023"", ""cik"": ""0000773910"", ""evidence_kind"": ""sec_dei_ticker"", ""filed_date"": ""2015-05-04"", ""sha256"": ""439bd61a9e680a8e406b0045ea23f9f948202be1c264b688c197fd145a804399"", ""source_url"": ""https://www.sec.gov/Archives/edgar/data/773910/000077391015000023/apc-20150331.xml""}, {""accession"": ""0000773910-15-000047"", ""cik"": ""0000773910"", ""evidence_kind"": ""sec_dei_ticker"", ""filed_date"": ""2015-07-28"", ""sha256"": ""1d08f90e34db33013131bf16184598daa3ba92687aaeb82c0d6876094d3ae17d"", ""source_url"": ""https://www.sec.gov/Archives/edgar/data/773910/000077391015000047/apc-20150630.xml""}, {""accession"": ""0000773910-15-000058"", ""cik"": ""0000773910"", ""evidence_kind"": ""sec_dei_ticker"", ""filed_date"": ""2015-10-27"", ""sha256"": ""bb7228ccf3ec82aaa6a3ce06394b050476e7bf02dc41990382384d3452a70dcf"", ""source_url"": ""https://www.sec.gov/Archives/edgar/data/773910/000077391015000058/apc-20150930.xml""}, {""accession"": ""0001193125-10-037173"", ""cik"": ""0000773910"", ""evidence_kind"": ""sec_dei_ticker"", ""filed_date"": ""2010-02-23"", ""sha256"": ""ce6d2adcb53fdef2b6cfa6aa5c7bfaa6487da1a0cdf1edf710b8c01f1f958e15"", ""source_url"": ""https://www.sec.gov/Archives/edgar/data/773910/000119312510037173/apc-20091231.xml""}, {""accession"": ""0001193125-10-105970"", ""cik"": ""0000773910"", ""evidence_kind"": ""sec_dei_ticker"", ""filed_date"": ""2010-05-04"", ""sha256"": ""024eb5f28f5c26c4e9ae5b8d71f55de78c5128b50befce5b80b31149352de677"", ""source_url"": ""https://www.sec.gov/Archives/edgar/data/773910/000119312510105970/apc-20100331.xml""}, {""accession"": ""0001193125-10-194985"", ""cik"": ""0000773910"", ""evidence_kind"": ""sec_dei_ticker"", ""filed_date"": ""2010-08-23"", ""sha256"": ""e6ae24ae614ccdf89d6a8c9487d76b719a0b5beb6b6ffe86cde5ac64e3647a53"", ""source_url"": ""https://www.sec.gov/Archives/edgar/data/773910/000119312510194985/apc-20100630.xml""}, {""accession"": ""0001193125-13-201639"", ""cik"": ""0000773910"", ""evidence_kind"": ""sec_bulk_issuer_name_no_ticker"", ""filed_date"": ""2013-05-06"", ""historical_name"": ""ANADARKO PETROLEUM CORP"", ""sha256"": ""7cc764386ea9cb01d62e1a9f4fac38dc9c741e96886a953ddaad2def4eb489c7"", ""source_url"": ""https://www.sec.gov/files/dera/data/financial-statement-data-sets/2013q2.zip""}, {""accession"": ""0001193125-12-070408"", ""cik"": ""0000773910"", ""evidence_kind"": ""sec_bulk_issuer_name_no_ticker"", ""filed_date"": ""2012-02-21"", ""historical_name"": ""ANADARKO PETROLEUM CORP"", ""sha256"": ""42ed1a5ecac978d4338bd51cd4bc15bf60cc821291eea492f8172fc4e803d5f6"", ""source_url"": ""https://www.sec.gov/files/dera/data/financial-statement-data-sets/2012q1.zip""}]"
APD,0000002969,2010-01-01,2016-01-01,corroborated_candidate,24,0,24,2010-01-26,2015-11-24,True,False,[],"[{""accession"": ""0000950123-10-005134"", ""cik"": ""0000002969"", ""evidence_kind"": ""sec_bulk_issuer_name_no_ticker"", ""filed_date"": ""2010-01-26"", ""historical_name"": ""AIR PRODUCTS & CHEMICALS INC /DE/"", ""sha256"": ""2a4db2340ab1662d5135d7e17be1a58352c5959017350f0ef2174135f9996125"", ""source_url"": ""https://www.sec.gov/files/dera/data/financial-statement-data-sets/2010q1.zip""}, {""accession"": ""0001193125-13-172463"", ""cik"": ""0000002969"", ""evidence_kind"": ""sec_bulk_issuer_name_no_ticker"", ""filed_date"": ""2013-04-25"", ""historical_name"": ""AIR PRODUCTS & CHEMICALS INC /DE/"", ""sha256"": ""7cc764386ea9cb01d62e1a9f4fac38dc9c741e96886a953ddaad2def4eb489c7"", ""source_url"": ""https://www.sec.gov/files/dera/data/financial-statement-data-sets/2013q2.zip""}, {""accession"": ""0001193125-12-026842"", ""cik"": ""0000002969"", ""evidence_kind"": ""sec_bulk_issuer_name_no_ticker"", ""filed_date"": ""2012-01-27"", ""historical_name"": ""AIR PRODUCTS & CHEMICALS INC /DE/"", ""sha256"": ""42ed1a5ecac978d4338bd51cd4bc15bf60cc821291eea492f8172fc4e803d5f6"", ""source_url"": ""https://www.sec.gov/files/dera/data/financial-statement-data-sets/2012q1.zip""}]"
APH,0000820313,2010-01-01,2016-01-01,corroborated_candidate,24,0,24,2010-02-23,2015-11-05,True,False,[],"[{""accession"": ""0001104659-10-008799"", ""cik"": ""0000820313"", ""evidence_kind"": ""sec_bulk_issuer_name_no_ticker"", ""filed_date"": ""2010-02-23"", ""historical_name"": ""AMPHENOL CORP /DE/"", ""sha256"": ""2a4db2340ab1662d5135d7e17be1a58352c5959017350f0ef2174135f9996125"", ""source_url"": ""https://www.sec.gov/files/dera/data/financial-statement-data-sets/2010q1.zip""}, {""accession"": ""0001104659-13-037040"", ""cik"": ""0000820313"", ""evidence_kind"": ""sec_bulk_issuer_name_no_ticker"", ""filed_date"": ""2013-05-03"", ""historical_name"": ""AMPHENOL CORP /DE/"", ""sha256"": ""7cc764386ea9cb01d62e1a9f4fac38dc9c741e96886a953ddaad2def4eb489c7"", ""source_url"": ""https://www.sec.gov/files/dera/data/financial-statement-data-sets/2013q2.zip""}, {""accession"": ""0001104659-12-012448"", ""cik"": ""0000820313"", ""evidence_kind"": ""sec_bulk_issuer_name_no_ticker"", ""filed_date"": ""2012-02-24"", ""historical_name"": ""AMPHENOL CORP /DE/"", ""sha256"": ""42ed1a5ecac978d4338bd51cd4bc15bf60cc821291eea492f8172fc4e803d5f6"", ""source_url"": ""https://www.sec.gov/files/dera/data/financial-statement-data-sets/2012q1.zip""}]"
APOL,0000929887,2010-01-01,2013-07-01,corroborated_candidate,14,0,14,2010-01-07,2013-06-25,True,False,[],"[{""accession"": ""0000950123-10-029090"", ""cik"": ""0000929887"", ""evidence_kind"": ""sec_bulk_issuer_name_no_ticker"", ""filed_date"": ""2010-03-29"", ""historical_name"": ""APOLLO GROUP INC"", ""sha256"": ""2a4db2340ab1662d5135d7e17be1a58352c5959017350f0ef2174135f9996125"", ""source_url"": ""https://www.sec.gov/files/dera/data/financial-statement-data-sets/2010q1.zip""}, {""accession"": ""0000929887-12-000015"", ""cik"": ""0000929887"", ""evidence_kind"": ""sec_bulk_issuer_name_no_ticker"", ""filed_date"": ""2012-06-25"", ""historical_name"": ""APOLLO GROUP INC"", ""sha256"": ""0dbb10aa316c674f07849a28e67a25a0a59bd6ef2bc214cd1800c8a2d2a05df6"", ""source_url"": ""https://www.sec.gov/files/dera/data/financial-statement-data-sets/2012q2.zip""}, {""accession"": ""0000929887-12-000003"", ""cik"": ""0000929887"", ""evidence_kind"": ""sec_bulk_issuer_name_no_ticker"", ""filed_date"": ""2012-01-05"", ""historical_name"": ""APOLLO GROUP INC"", ""sha256"": ""42ed1a5ecac978d4338bd51cd4bc15bf60cc821291eea492f8172fc4e803d5f6"", ""source_url"": ""https://www.sec.gov/files/dera/data/financial-statement-data-sets/2012q1.zip""}]"
APTV,0001521332,2012-12-24,2016-01-01,corroborated_candidate,12,0,12,2013-02-11,2015-10-29,False,True,[],"[{""accession"": ""0001521332-13-000010"", ""cik"": ""0001521332"", ""evidence_kind"": ""sec_bulk_issuer_name_no_ticker"", ""filed_date"": ""2013-02-11"", ""historical_name"": ""DELPHI AUTOMOTIVE PLC"", ""sha256"": ""329f4e3e40c0351001037ad1dea3fd28c07100f6f6d6d64d5998ea01b060a790"", ""source_url"": ""https://www.sec.gov/files/dera/data/financial-statement-data-sets/2013q1.zip""}, {""accession"": ""0001521332-14-000038"", ""cik"": ""0001521332"", ""evidence_kind"": ""sec_bulk_issuer_name_no_ticker"", ""filed_date"": ""2014-07-31"", ""historical_name"": ""DELPHI AUTOMOTIVE PLC"", ""sha256"": ""4d10510a2f17a6da8012d83f66bed7fbb434bca2529f7b2a92043c522d2c52b1"", ""source_url"": ""https://www.sec.gov/files/dera/data/financial-statement-data-sets/2014q3.zip""}, {""accession"": ""0001521332-15-000070"", ""cik"": ""0001521332"", ""evidence_kind"": ""sec_bulk_issuer_name_no_ticker"", ""filed_date"": ""2015-10-29"", ""historical_name"": ""DELPHI AUTOMOTIVE PLC"", ""sha256"": ""1723b41ef2a1d3ea6595f6052ef229a80e03cd183391ca9e297a894f9e589d83"", ""source_url"": ""https://www.sec.gov/files/dera/data/financial-statement-data-sets/2015q4.zip""}, {""evidence_kind"": ""sec_official_name_chain_no_ticker"", ""sha256"": ""a7c5310e7d2e64963c4f468938e56847859bfc3a0a237aec293303e596514c4f"", ""source_url"": ""https://data.sec.gov/submissions/CIK0001521332.json""}]"
ARG,0000804212,2010-01-01,2016-01-01,confirmed_by_multiple_evidence,3,3,22,2010-08-06,2015-11-04,True,False,[],"[{""accession"": ""0000804212-13-000015"", ""cik"": ""0000804212"", ""evidence_kind"": ""sec_dei_ticker"", ""filed_date"": ""2013-05-22"", ""sha256"": ""bb7a12488374281cf539efd4dd48ff5f8abd9cc86265e8439e54a28d0bd5ce49"", ""source_url"": ""https://www.sec.gov/Archives/edgar/data/804212/000080421213000015/arg-20130331.xml""}, {""accession"": ""0000804212-15-000033"", ""cik"": ""0000804212"", ""evidence_kind"": ""sec_dei_ticker"", ""filed_date"": ""2015-11-04"", ""sha256"": ""13d7bb8ac4f26c1edbe622ea9cbcedf7fa45aa73d1870691d0c96e8f09f9a161"", ""source_url"": ""https://www.sec.gov/Archives/edgar/data/804212/000080421215000033/arg-20150930.xml""}, {""accession"": ""0001193125-10-180609"", ""cik"": ""0000804212"", ""evidence_kind"": ""sec_dei_ticker"", ""filed_date"": ""2010-08-06"", ""sha256"": ""390a2b3b8761f8bd511b61e45aba523c15de2de85f6e46637609b2640d484ad3"", ""source_url"": ""https://www.sec.gov/Archives/edgar/data/804212/000119312510180609/arg-20100610.xml""}, {""accession"": ""0000804212-13-000022"", ""cik"": ""0000804212"", ""evidence_kind"": ""sec_bulk_issuer_name_no_ticker"", ""filed_date"": ""2013-08-07"", ""historical_name"": ""AIRGAS INC"", ""sha256"": ""c9134387b650a9194f14b3f832f16aa1a72255c20a0e0b954001a643933cc849"", ""source_url"": ""https://www.sec.gov/files/dera/data/financial-statement-data-sets/2013q3.zip""}, {""accession"": ""0000804212-12-000005"", ""cik"": ""0000804212"", ""evidence_kind"": ""sec_bulk_issuer_name_no_ticker"", ""filed_date"": ""2012-02-08"", ""historical_name"": ""AIRGAS INC"", ""sha256"": ""42ed1a5ecac978d4338bd51cd4bc15bf60cc821291eea492f8172fc4e803d5f6"", ""source_url"": ""https://www.sec.gov/files/dera/data/financial-statement-data-sets/2012q1.zip""}]"
ARNC,0000004281,2010-01-01,2016-01-01,ambiguous,23,0,23,2010-02-18,2015-10-23,False,False,['AA'],"[{""accession"": ""0001193125-10-034308"", ""cik"": ""0000004281"", ""evidence_kind"": ""sec_bulk_issuer_name_no_ticker"", ""filed_date"": ""2010-02-18"", ""historical_name"": ""ALCOA INC"", ""sha256"": ""2a4db2340ab1662d5135d7e17be1a58352c5959017350f0ef2174135f9996125"", ""source_url"": ""https://www.sec.gov/files/dera/data/financial-statement-data-sets/2010q1.zip""}, {""accession"": ""0001193125-13-161051"", ""cik"": ""0000004281"", ""evidence_kind"": ""sec_bulk_issuer_name_no_ticker"", ""filed_date"": ""2013-04-18"", ""historical_name"": ""ALCOA INC"", ""sha256"": ""7cc764386ea9cb01d62e1a9f4fac38dc9c741e96886a953ddaad2def4eb489c7"", ""source_url"": ""https://www.sec.gov/files/dera/data/financial-statement-data-sets/2013q2.zip""}, {""accession"": ""0001193125-12-065493"", ""cik"": ""0000004281"", ""evidence_kind"": ""sec_bulk_issuer_name_no_ticker"", ""filed_date"": ""2012-02-16"", ""historical_name"": ""ALCOA INC"", ""sha256"": ""42ed1a5ecac978d4338bd51cd4bc15bf60cc821291eea492f8172fc4e803d5f6"", ""source_url"": ""https://www.sec.gov/files/dera/data/financial-statement-data-sets/2012q1.zip""}]"
ATI,0001018963,2010-01-01,2015-07-02,corroborated_candidate,22,0,22,2010-02-25,2015-05-04,True,False,[],"[{""accession"": ""0000950123-10-017084"", ""cik"": ""0001018963"", ""evidence_kind"": ""sec_bulk_issuer_name_no_ticker"", ""filed_date"": ""2010-02-25"", ""historical_name"": ""ALLEGHENY TECHNOLOGIES INC"", ""sha256"": ""2a4db2340ab1662d5135d7e17be1a58352c5959017350f0ef2174135f9996125"", ""source_url"": ""https://www.sec.gov/files/dera/data/financial-statement-data-sets/2010q1.zip""}, {""accession"": ""0001193125-13-084310"", ""cik"": ""0001018963"", ""evidence_kind"": ""sec_bulk_issuer_name_no_ticker"", ""filed_date"": ""2013-02-28"", ""historical_name"": ""ALLEGHENY TECHNOLOGIES INC"", ""sha256"": ""329f4e3e40c0351001037ad1dea3fd28c07100f6f6d6d64d5998ea01b060a790"", ""source_url"": ""https://www.sec.gov/files/dera/data/financial-statement-data-sets/2013q1.zip""}, {""accession"": ""0001193125-12-081765"", ""cik"": ""0001018963"", ""evidence_kind"": ""sec_bulk_issuer_name_no_ticker"", ""filed_date"": ""2012-02-27"", ""historical_name"": ""ALLEGHENY TECHNOLOGIES INC"", ""sha256"": ""42ed1a5ecac978d4338bd51cd4bc15bf60cc821291eea492f8172fc4e803d5f6"", ""source_url"": ""https://www.sec.gov/files/dera/data/financial-statement-data-sets/2012q1.zip""}]"
ATVI,0000718877,2015-08-31,2016-01-01,unresolved,1,0,1,2015-11-06,2015-11-06,True,True,[],"[{""accession"": ""0001104659-15-076727"", ""cik"": ""0000718877"", ""evidence_kind"": ""sec_bulk_issuer_name_no_ticker"", ""filed_date"": ""2015-11-06"", ""historical_name"": ""ACTIVISION BLIZZARD, INC."", ""sha256"": ""1723b41ef2a1d3ea6595f6052ef229a80e03cd183391ca9e297a894f9e589d83"", ""source_url"": ""https://www.sec.gov/files/dera/data/financial-statement-data-sets/2015q4.zip""}, {""evidence_kind"": ""sec_official_name_chain_no_ticker"", ""sha256"": ""470b021b1c0b2ea825c3bc944d58d505f8f2ec7e27ae5651617755943a9db8a2"", ""source_url"": ""https://data.sec.gov/submissions/CIK0000718877.json""}]"
AVB,0000915912,2010-01-01,2016-01-01,corroborated_candidate,24,0,24,2010-03-01,2015-11-03,True,False,[],"[{""accession"": ""0000950123-10-019013"", ""cik"": ""0000915912"", ""evidence_kind"": ""sec_bulk_issuer_name_no_ticker"", ""filed_date"": ""2010-03-01"", ""historical_name"": ""AVALONBAY COMMUNITIES INC"", ""sha256"": ""2a4db2340ab1662d5135d7e17be1a58352c5959017350f0ef2174135f9996125"", ""source_url"": ""https://www.sec.gov/files/dera/data/financial-statement-data-sets/2010q1.zip""}, {""accession"": ""0001104659-13-040124"", ""cik"": ""0000915912"", ""evidence_kind"": ""sec_bulk_issuer_name_no_ticker"", ""filed_date"": ""2013-05-10"", ""historical_name"": ""AVALONBAY COMMUNITIES INC"", ""sha256"": ""7cc764386ea9cb01d62e1a9f4fac38dc9c741e96886a953ddaad2def4eb489c7"", ""source_url"": ""https://www.sec.gov/files/dera/data/financial-statement-data-sets/2013q2.zip""}, {""accession"": ""0001193125-12-080629"", ""cik"": ""0000915912"", ""evidence_kind"": ""sec_bulk_issuer_name_no_ticker"", ""filed_date"": ""2012-02-27"", ""historical_name"": ""AVALONBAY COMMUNITIES INC"", ""sha256"": ""42ed1a5ecac978d4338bd51cd4bc15bf60cc821291eea492f8172fc4e803d5f6"", ""source_url"": ""https://www.sec.gov/files/dera/data/financial-statement-data-sets/2012q1.zip""}]"
AVGO,0001730168,2014-05-08,2016-01-01,unresolved,0,0,0,,,False,False,[],[]
AVP,0000008868,2010-01-01,2015-03-23,corroborated_candidate,21,1,21,2010-02-25,2015-02-24,True,False,[],"[{""accession"": ""0001193125-10-040175"", ""cik"": ""0000008868"", ""evidence_kind"": ""sec_dei_ticker"", ""filed_date"": ""2010-02-25"", ""sha256"": ""e251edee2fbe1f83d6f53a4635c4c8243b02c4f7c2de93aca0b6859fafe823d5"", ""source_url"": ""https://www.sec.gov/Archives/edgar/data/8868/000119312510040175/avp-20091231.xml""}, {""accession"": ""0000008868-12-000095"", ""cik"": ""0000008868"", ""evidence_kind"": ""sec_bulk_issuer_name_no_ticker"", ""filed_date"": ""2012-11-01"", ""historical_name"": ""AVON PRODUCTS INC"", ""sha256"": ""af6629de7547f5d75c85abf170550b9466768071fcd419d5fdf1a1d026436e98"", ""source_url"": ""https://www.sec.gov/files/dera/data/financial-statement-data-sets/2012q4.zip""}, {""accession"": ""0000008868-12-000010"", ""cik"": ""0000008868"", ""evidence_kind"": ""sec_bulk_issuer_name_no_ticker"", ""filed_date"": ""2012-02-29"", ""historical_name"": ""AVON PRODUCTS INC"", ""sha256"": ""42ed1a5ecac978d4338bd51cd4bc15bf60cc821291eea492f8172fc4e803d5f6"", ""source_url"": ""https://www.sec.gov/files/dera/data/financial-statement-data-sets/2012q1.zip""}]"
AVY,0000008818,2010-01-01,2016-01-01,corroborated_candidate,22,0,22,2010-08-11,2015-11-03,True,False,[],"[{""accession"": ""0000950123-10-076168"", ""cik"": ""0000008818"", ""evidence_kind"": ""sec_bulk_issuer_name_no_ticker"", ""filed_date"": ""2010-08-11"", ""historical_name"": ""AVERY DENNISON CORPORATION"", ""sha256"": ""52014faf614ca0d7b8040e364f5b3e99f28d5e96b711aa922b490056e2c1d7b5"", ""source_url"": ""https://www.sec.gov/files/dera/data/financial-statement-data-sets/2010q3.zip""}, {""accession"": ""0001104659-13-060554"", ""cik"": ""0000008818"", ""evidence_kind"": ""sec_bulk_issuer_name_no_ticker"", ""filed_date"": ""2013-08-07"", ""historical_name"": ""AVERY DENNISON CORP"", ""sha256"": ""c9134387b650a9194f14b3f832f16aa1a72255c20a0e0b954001a643933cc849"", ""source_url"": ""https://www.sec.gov/files/dera/data/financial-statement-data-sets/2013q3.zip""}, {""accession"": ""0001193125-12-078843"", ""cik"": ""0000008818"", ""evidence_kind"": ""sec_bulk_issuer_name_no_ticker"", ""filed_date"": ""2012-02-27"", ""historical_name"": ""AVERY DENNISON CORP"", ""sha256"": ""42ed1a5ecac978d4338bd51cd4bc15bf60cc821291eea492f8172fc4e803d5f6"", ""source_url"": ""https://www.sec.gov/files/dera/data/financial-statement-data-sets/2012q1.zip""}]"
AXP,0000004962,2010-01-01,2016-01-01,confirmed_by_multiple_evidence,2,2,24,2010-02-26,2015-10-28,True,False,[],"[{""accession"": ""0001193125-10-041232"", ""cik"": ""0000004962"", ""evidence_kind"": ""sec_dei_ticker"", ""filed_date"": ""2010-02-26"", ""sha256"": ""0d6a98196f7b0d807e1d5e2c42a5f7fb9b12d89f0aac9ce8fb95eb9276b236c8"", ""source_url"": ""https://www.sec.gov/Archives/edgar/data/4962/000119312510041232/axp-20091231.xml""}, {""accession"": ""0001193125-15-356064"", ""cik"": ""0000004962"", ""evidence_kind"": ""sec_dei_ticker"", ""filed_date"": ""2015-10-28"", ""sha256"": ""c24645550024826ed5f49ef9386c3847f826bddb807d6de9de5a89efa96e3484"", ""source_url"": ""https://www.sec.gov/Archives/edgar/data/4962/000119312515356064/axp-20150930.xml""}, {""accession"": ""0001193125-13-180601"", ""cik"": ""0000004962"", ""evidence_kind"": ""sec_bulk_issuer_name_no_ticker"", ""filed_date"": ""2013-04-29"", ""historical_name"": ""AMERICAN EXPRESS CO"", ""sha256"": ""7cc764386ea9cb01d62e1a9f4fac38dc9c741e96886a953ddaad2def4eb489c7"", ""source_url"": ""https://www.sec.gov/files/dera/data/financial-statement-data-sets/2013q2.zip""}, {""accession"": ""0001193125-12-077400"", ""cik"": ""0000004962"", ""evidence_kind"": ""sec_bulk_issuer_name_no_ticker"", ""filed_date"": ""2012-02-24"", ""historical_name"": ""AMERICAN EXPRESS CO"", ""sha256"": ""42ed1a5ecac978d4338bd51cd4bc15bf60cc821291eea492f8172fc4e803d5f6"", ""source_url"": ""https://www.sec.gov/files/dera/data/financial-statement-data-sets/2012q1.zip""}]"
AYE,0000003673,2010-01-01,2011-02-25,confirmed_by_multiple_evidence,3,3,5,2010-03-01,2011-02-23,True,False,[],"[{""accession"": ""0001193125-10-044488"", ""cik"": ""0000003673"", ""evidence_kind"": ""sec_dei_ticker"", ""filed_date"": ""2010-03-01"", ""sha256"": ""c6b789873cc26fc81f9a9ab09b6714801697d9efe68d11cd8d086948aeed0341"", ""source_url"": ""https://www.sec.gov/Archives/edgar/data/3673/000119312510044488/aye-20091231.xml""}, {""accession"": ""0001193125-10-181096"", ""cik"": ""0000003673"", ""evidence_kind"": ""sec_dei_ticker"", ""filed_date"": ""2010-08-06"", ""sha256"": ""960be38ffa473897de7c8258b9c1fcab7228407ea582f4bd61a483a1acf95771"", ""source_url"": ""https://www.sec.gov/Archives/edgar/data/3673/000119312510181096/aye-20100630.xml""}, {""accession"": ""0001193125-11-043729"", ""cik"": ""0000003673"", ""evidence_kind"": ""sec_dei_ticker"", ""filed_date"": ""2011-02-23"", ""sha256"": ""dfaa5e2506545e449058dd020e7d07d53f81a688ecefa81088cb29c2128849c6"", ""source_url"": ""https://www.sec.gov/Archives/edgar/data/3673/000119312511043729/aye-20101231.xml""}]"
AZO,0000866787,2010-01-01,2016-01-01,confirmed_by_multiple_evidence,5,5,24,2010-03-18,2015-12-16,True,False,[],"[{""accession"": ""0001193125-13-096099"", ""cik"": ""0000866787"", ""evidence_kind"": ""sec_dei_ticker"", ""filed_date"": ""2013-03-07"", ""sha256"": ""d823bc263544fb53c91f50c5e35c69c89b2d46bef60f2318c433cb9887dbf212"", ""source_url"": ""https://www.sec.gov/Archives/edgar/data/866787/000119312513096099/azo-20130209.xml""}, {""accession"": ""0001193125-14-383401"", ""cik"": ""0000866787"", ""evidence_kind"": ""sec_dei_ticker"", ""filed_date"": ""2014-10-27"", ""sha256"": ""0ed6bfa0da2b87618d2c24f7d232fb15a271e7dba957f600a07a53b25a123adc"", ""source_url"": ""https://www.sec.gov/Archives/edgar/data/866787/000119312514383401/azo-20140830.xml""}, {""accession"": ""0001193125-15-103307"", ""cik"": ""0000866787"", ""evidence_kind"": ""sec_dei_ticker"", ""filed_date"": ""2015-03-24"", ""sha256"": ""3156a262c5181ad3493050d5d1f042dfbf8824b7235bb56246ed70e050b47fb1"", ""source_url"": ""https://www.sec.gov/Archives/edgar/data/866787/000119312515103307/azo-20150214.xml""}, {""accession"": ""0001193125-15-353476"", ""cik"": ""0000866787"", ""evidence_kind"": ""sec_dei_ticker"", ""filed_date"": ""2015-10-26"", ""sha256"": ""bee58383f001d7978eb3cf341b289be39b994cdad2bb715726ddbe8ef74c6635"", ""source_url"": ""https://www.sec.gov/Archives/edgar/data/866787/000119312515353476/azo-20150829.xml""}, {""accession"": ""0001193125-15-404907"", ""cik"": ""0000866787"", ""evidence_kind"": ""sec_dei_ticker"", ""filed_date"": ""2015-12-16"", ""sha256"": ""df7dff607d68dd862cf218a7dca5d485f5ab4352292e83aa8f9c3368c24432d5"", ""source_url"": ""https://www.sec.gov/Archives/edgar/data/866787/000119312515404907/azo-20151121.xml""}, {""accession"": ""0000950123-10-025907"", ""cik"": ""0000866787"", ""evidence_kind"": ""sec_bulk_issuer_name_no_ticker"", ""filed_date"": ""2010-03-18"", ""historical_name"": ""AUTOZONE INC"", ""sha256"": ""2a4db2340ab1662d5135d7e17be1a58352c5959017350f0ef2174135f9996125"", ""source_url"": ""https://www.sec.gov/files/dera/data/financial-statement-data-sets/2010q1.zip""}, {""accession"": ""0001193125-13-256270"", ""cik"": ""0000866787"", ""evidence_kind"": ""sec_bulk_issuer_name_no_ticker"", ""filed_date"": ""2013-06-12"", ""historical_name"": ""AUTOZONE INC"", ""sha256"": ""7cc764386ea9cb01d62e1a9f4fac38dc9c741e96886a953ddaad2def4eb489c7"", ""source_url"": ""https://www.sec.gov/files/dera/data/financial-statement-data-sets/2013q2.zip""}, {""accession"": ""0001193125-12-104181"", ""cik"": ""0000866787"", ""evidence_kind"": ""sec_bulk_issuer_name_no_ticker"", ""filed_date"": ""2012-03-08"", ""historical_name"": ""AUTOZONE INC"", ""sha256"": ""42ed1a5ecac978d4338bd51cd4bc15bf60cc821291eea492f8172fc4e803d5f6"", ""source_url"": ""https://www.sec.gov/files/dera/data/financial-statement-data-sets/2012q1.zip""}]"
BA,0000012927,2010-01-01,2016-01-01,corroborated_candidate,24,1,24,2010-02-08,2015-10-21,True,False,[],"[{""accession"": ""0001193125-10-024406"", ""cik"": ""0000012927"", ""evidence_kind"": ""sec_dei_ticker"", ""filed_date"": ""2010-02-08"", ""sha256"": ""93e997dff061057cf20fdff2f5ff8e7045fe69bd7c329fb85c902a8fa1b87420"", ""source_url"": ""https://www.sec.gov/Archives/edgar/data/12927/000119312510024406/ba-20091231.xml""}, {""accession"": ""0000012927-13-000023"", ""cik"": ""0000012927"", ""evidence_kind"": ""sec_bulk_issuer_name_no_ticker"", ""filed_date"": ""2013-04-24"", ""historical_name"": ""BOEING CO"", ""sha256"": ""7cc764386ea9cb01d62e1a9f4fac38dc9c741e96886a953ddaad2def4eb489c7"", ""source_url"": ""https://www.sec.gov/files/dera/data/financial-statement-data-sets/2013q2.zip""}, {""accession"": ""0001193125-12-048565"", ""cik"": ""0000012927"", ""evidence_kind"": ""sec_bulk_issuer_name_no_ticker"", ""filed_date"": ""2012-02-09"", ""historical_name"": ""BOEING CO"", ""sha256"": ""42ed1a5ecac978d4338bd51cd4bc15bf60cc821291eea492f8172fc4e803d5f6"", ""source_url"": ""https://www.sec.gov/files/dera/data/financial-statement-data-sets/2012q1.zip""}]"
BAC,0000070858,2010-01-01,2016-01-01,corroborated_candidate,24,1,24,2010-02-26,2015-10-30,True,False,[],"[{""accession"": ""0001193125-10-041666"", ""cik"": ""0000070858"", ""evidence_kind"": ""sec_dei_ticker"", ""filed_date"": ""2010-02-26"", ""sha256"": ""9292a874084b80b89609b127934fed2a1d398f85c62ef0eb6c98979cc63f882d"", ""source_url"": ""https://www.sec.gov/Archives/edgar/data/70858/000119312510041666/bac-20091231.xml""}, {""accession"": ""0000070858-13-000147"", ""cik"": ""0000070858"", ""evidence_kind"": ""sec_bulk_issuer_name_no_ticker"", ""filed_date"": ""2013-05-07"", ""historical_name"": ""BANK OF AMERICA CORP /DE/"", ""sha256"": ""7cc764386ea9cb01d62e1a9f4fac38dc9c741e96886a953ddaad2def4eb489c7"", ""source_url"": ""https://www.sec.gov/files/dera/data/financial-statement-data-sets/2013q2.zip""}, {""accession"": ""0000070858-12-000155"", ""cik"": ""0000070858"", ""evidence_kind"": ""sec_bulk_issuer_name_no_ticker"", ""filed_date"": ""2012-02-23"", ""historical_name"": ""BANK OF AMERICA CORP /DE/"", ""sha256"": ""42ed1a5ecac978d4338bd51cd4bc15bf60cc821291eea492f8172fc4e803d5f6"", ""source_url"": ""https://www.sec.gov/files/dera/data/financial-statement-data-sets/2012q1.zip""}]"
BAX,0000010456,2010-01-01,2016-01-01,confirmed_by_multiple_evidence,2,2,24,2010-02-23,2015-11-09,True,False,[],"[{""accession"": ""0001193125-13-069609"", ""cik"": ""0000010456"", ""evidence_kind"": ""sec_dei_ticker"", ""filed_date"": ""2013-02-21"", ""sha256"": ""0ea6fc3663958790403893e6d425082f8bcdf81d3b8737c184c3557431fc7ca1"", ""source_url"": ""https://www.sec.gov/Archives/edgar/data/10456/000119312513069609/bax-20121231.xml""}, {""accession"": ""0001193125-15-370979"", ""cik"": ""0000010456"", ""evidence_kind"": ""sec_dei_ticker"", ""filed_date"": ""2015-11-09"", ""sha256"": ""398075617ca6db27beb4cf76a32dd1aeb990ba5afb9d407d77ddfeadcbdde655"", ""source_url"": ""https://www.sec.gov/Archives/edgar/data/10456/000119312515370979/bax-20150930.xml""}, {""accession"": ""0000950123-10-015380"", ""cik"": ""0000010456"", ""evidence_kind"": ""sec_bulk_issuer_name_no_ticker"", ""filed_date"": ""2010-02-23"", ""historical_name"": ""BAXTER INTERNATIONAL INC"", ""sha256"": ""2a4db2340ab1662d5135d7e17be1a58352c5959017350f0ef2174135f9996125"", ""source_url"": ""https://www.sec.gov/files/dera/data/financial-statement-data-sets/2010q1.zip""}, {""accession"": ""0001193125-13-192685"", ""cik"": ""0000010456"", ""evidence_kind"": ""sec_bulk_issuer_name_no_ticker"", ""filed_date"": ""2013-05-01"", ""historical_name"": ""BAXTER INTERNATIONAL INC"", ""sha256"": ""7cc764386ea9cb01d62e1a9f4fac38dc9c741e96886a953ddaad2def4eb489c7"", ""source_url"": ""https://www.sec.gov/files/dera/data/financial-statement-data-sets/2013q2.zip""}, {""accession"": ""0001193125-12-075661"", ""cik"": ""0000010456"", ""evidence_kind"": ""sec_bulk_issuer_name_no_ticker"", ""filed_date"": ""2012-02-23"", ""historical_name"": ""BAXTER INTERNATIONAL INC"", ""sha256"": ""42ed1a5ecac978d4338bd51cd4bc15bf60cc821291eea492f8172fc4e803d5f6"", ""source_url"": ""https://www.sec.gov/files/dera/data/financial-statement-data-sets/2012q1.zip""}]"
BBBY,0000886158,2010-01-01,2016-01-01,corroborated_candidate,24,1,24,2010-01-06,2015-10-07,True,False,[],"[{""accession"": ""0001171843-15-005433"", ""cik"": ""0000886158"", ""evidence_kind"": ""sec_dei_ticker"", ""filed_date"": ""2015-10-07"", ""sha256"": ""61dc169d39c98da31de6238d920f064fa29d68175fdadd9109f7fdf4a6cfb247"", ""source_url"": ""https://www.sec.gov/Archives/edgar/data/886158/000117184315005433/bbby-20150829.xml""}, {""accession"": ""0001104659-10-000569"", ""cik"": ""0000886158"", ""evidence_kind"": ""sec_bulk_issuer_name_no_ticker"", ""filed_date"": ""2010-01-06"", ""historical_name"": ""BED BATH & BEYOND INC"", ""sha256"": ""2a4db2340ab1662d5135d7e17be1a58352c5959017350f0ef2174135f9996125"", ""source_url"": ""https://www.sec.gov/files/dera/data/financial-statement-data-sets/2010q1.zip""}, {""accession"": ""0001104659-13-035115"", ""cik"": ""0000886158"", ""evidence_kind"": ""sec_bulk_issuer_name_no_ticker"", ""filed_date"": ""2013-04-30"", ""historical_name"": ""BED BATH & BEYOND INC"", ""sha256"": ""7cc764386ea9cb01d62e1a9f4fac38dc9c741e96886a953ddaad2def4eb489c7"", ""source_url"": ""https://www.sec.gov/files/dera/data/financial-statement-data-sets/2013q2.zip""}, {""accession"": ""0001104659-12-000340"", ""cik"": ""0000886158"", ""evidence_kind"": ""sec_bulk_issuer_name_no_ticker"", ""filed_date"": ""2012-01-04"", ""historical_name"": ""BED BATH & BEYOND INC"", ""sha256"": ""42ed1a5ecac978d4338bd51cd4bc15bf60cc821291eea492f8172fc4e803d5f6"", ""source_url"": ""https://www.sec.gov/files/dera/data/financial-statement-data-sets/2012q1.zip""}]"
BBT,0000092230,2010-01-01,2016-01-01,corroborated_candidate,23,1,23,2010-02-26,2015-10-30,True,False,[],"[{""accession"": ""0001193125-10-042975"", ""cik"": ""0000092230"", ""evidence_kind"": ""sec_dei_ticker"", ""filed_date"": ""2010-02-26"", ""sha256"": ""db74a22c03a59ae6495cd3cf17d5e215c17567b938f5f914bc6f4a62caa46123"", ""source_url"": ""https://www.sec.gov/Archives/edgar/data/92230/000119312510042975/bbt-20091231.xml""}, {""accession"": ""0000092230-13-000043"", ""cik"": ""0000092230"", ""evidence_kind"": ""sec_bulk_issuer_name_no_ticker"", ""filed_date"": ""2013-05-02"", ""historical_name"": ""BB&T CORP"", ""sha256"": ""7cc764386ea9cb01d62e1a9f4fac38dc9c741e96886a953ddaad2def4eb489c7"", ""source_url"": ""https://www.sec.gov/files/dera/data/financial-statement-data-sets/2013q2.zip""}, {""accession"": ""0001193125-12-081457"", ""cik"": ""0000092230"", ""evidence_kind"": ""sec_bulk_issuer_name_no_ticker"", ""filed_date"": ""2012-02-27"", ""historical_name"": ""BB&T CORP"", ""sha256"": ""42ed1a5ecac978d4338bd51cd4bc15bf60cc821291eea492f8172fc4e803d5f6"", ""source_url"": ""https://www.sec.gov/files/dera/data/financial-statement-data-sets/2012q1.zip""}]"
BBY,0000764478,2010-01-01,2016-01-01,corroborated_candidate,24,0,24,2010-01-07,2015-12-04,True,False,[],"[{""accession"": ""0001104659-10-000733"", ""cik"": ""0000764478"", ""evidence_kind"": ""sec_bulk_issuer_name_no_ticker"", ""filed_date"": ""2010-01-07"", ""historical_name"": ""BEST BUY CO INC"", ""sha256"": ""2a4db2340ab1662d5135d7e17be1a58352c5959017350f0ef2174135f9996125"", ""source_url"": ""https://www.sec.gov/files/dera/data/financial-statement-data-sets/2010q1.zip""}, {""accession"": ""0000764478-13-000031"", ""cik"": ""0000764478"", ""evidence_kind"": ""sec_bulk_issuer_name_no_ticker"", ""filed_date"": ""2013-06-07"", ""historical_name"": ""BEST BUY CO INC"", ""sha256"": ""7cc764386ea9cb01d62e1a9f4fac38dc9c741e96886a953ddaad2def4eb489c7"", ""source_url"": ""https://www.sec.gov/files/dera/data/financial-statement-data-sets/2013q2.zip""}, {""accession"": ""0000764478-12-000002"", ""cik"": ""0000764478"", ""evidence_kind"": ""sec_bulk_issuer_name_no_ticker"", ""filed_date"": ""2012-01-03"", ""historical_name"": ""BEST BUY CO INC"", ""sha256"": ""42ed1a5ecac978d4338bd51cd4bc15bf60cc821291eea492f8172fc4e803d5f6"", ""source_url"": ""https://www.sec.gov/files/dera/data/financial-statement-data-sets/2012q1.zip""}]"
BCR,0000009892,2010-01-01,2016-01-01,confirmed_by_multiple_evidence,3,3,23,2010-02-25,2015-10-23,True,False,[],"[{""accession"": ""0001193125-10-039864"", ""cik"": ""0000009892"", ""evidence_kind"": ""sec_dei_ticker"", ""filed_date"": ""2010-02-25"", ""sha256"": ""b252e9e601864e5ec6b01dc8a6b3ca765ad306ea5dc874a365737d3f7dd4fd55"", ""source_url"": ""https://www.sec.gov/Archives/edgar/data/9892/000119312510039864/bcr-20091231.xml""}, {""accession"": ""0001193125-13-067023"", ""cik"": ""0000009892"", ""evidence_kind"": ""sec_dei_ticker"", ""filed_date"": ""2013-02-20"", ""sha256"": ""e3bd0eaacd3dc58e81c8266dc362281a9157a5bd6c12ba156c5a1ee2947d2c85"", ""source_url"": ""https://www.sec.gov/Archives/edgar/data/9892/000119312513067023/bcr-20121231.xml""}, {""accession"": ""0001193125-15-351865"", ""cik"": ""0000009892"", ""evidence_kind"": ""sec_dei_ticker"", ""filed_date"": ""2015-10-23"", ""sha256"": ""ff47e2bf7c611b7592d197f6085a28954d7a25122478a40005e1916fe03935d9"", ""source_url"": ""https://www.sec.gov/Archives/edgar/data/9892/000119312515351865/bcr-20150930.xml""}, {""accession"": ""0001193125-13-169704"", ""cik"": ""0000009892"", ""evidence_kind"": ""sec_bulk_issuer_name_no_ticker"", ""filed_date"": ""2013-04-24"", ""historical_name"": ""BARD C R INC /NJ/"", ""sha256"": ""7cc764386ea9cb01d62e1a9f4fac38dc9c741e96886a953ddaad2def4eb489c7"", ""source_url"": ""https://www.sec.gov/files/dera/data/financial-statement-data-sets/2013q2.zip""}, {""accession"": ""0001193125-12-075199"", ""cik"": ""0000009892"", ""evidence_kind"": ""sec_bulk_issuer_name_no_ticker"", ""filed_date"": ""2012-02-23"", ""historical_name"": ""BARD C R INC /NJ/"", ""sha256"": ""42ed1a5ecac978d4338bd51cd4bc15bf60cc821291eea492f8172fc4e803d5f6"", ""source_url"": ""https://www.sec.gov/files/dera/data/financial-statement-data-sets/2012q1.zip""}]"
BDK,0000093556,2010-01-01,2010-03-15,unresolved,0,0,0,,,False,False,[],[]
BDX,0000010795,2010-01-01,2016-01-01,corroborated_candidate,24,1,24,2010-02-08,2015-11-25,True,False,[],"[{""accession"": ""0001193125-13-043243"", ""cik"": ""0000010795"", ""evidence_kind"": ""sec_dei_ticker"", ""filed_date"": ""2013-02-07"", ""sha256"": ""a822b1e1bace9997fc7968e24e1ce5bd5dda3a7e7607031045dd1825c4dde0b5"", ""source_url"": ""https://www.sec.gov/Archives/edgar/data/10795/000119312513043243/bdx-20121231.xml""}, {""accession"": ""0000950123-10-009988"", ""cik"": ""0000010795"", ""evidence_kind"": ""sec_bulk_issuer_name_no_ticker"", ""filed_date"": ""2010-02-08"", ""historical_name"": ""BECTON DICKINSON & CO"", ""sha256"": ""2a4db2340ab1662d5135d7e17be1a58352c5959017350f0ef2174135f9996125"", ""source_url"": ""https://www.sec.gov/files/dera/data/financial-statement-data-sets/2010q1.zip""}, {""accession"": ""0001193125-13-210262"", ""cik"": ""0000010795"", ""evidence_kind"": ""sec_bulk_issuer_name_no_ticker"", ""filed_date"": ""2013-05-09"", ""historical_name"": ""BECTON DICKINSON & CO"", ""sha256"": ""7cc764386ea9cb01d62e1a9f4fac38dc9c741e96886a953ddaad2def4eb489c7"", ""source_url"": ""https://www.sec.gov/files/dera/data/financial-statement-data-sets/2013q2.zip""}, {""accession"": ""0001193125-12-043140"", ""cik"": ""0000010795"", ""evidence_kind"": ""sec_bulk_issuer_name_no_ticker"", ""filed_date"": ""2012-02-07"", ""historical_name"": ""BECTON DICKINSON & CO"", ""sha256"": ""42ed1a5ecac978d4338bd51cd4bc15bf60cc821291eea492f8172fc4e803d5f6"", ""source_url"": ""https://www.sec.gov/files/dera/data/financial-statement-data-sets/2012q1.zip""}]"
BEAM,0000789073,2011-11-21,2014-05-01,confirmed_by_multiple_evidence,7,7,9,2012-02-29,2014-02-18,True,False,[],"[{""accession"": ""0001193125-12-346751"", ""cik"": ""0000789073"", ""evidence_kind"": ""sec_dei_ticker"", ""filed_date"": ""2012-08-09"", ""sha256"": ""f973e1673f7190f60fbfff0939c32f9ac53f7527422e2f3bc04724e22178b97c"", ""source_url"": ""https://www.sec.gov/Archives/edgar/data/789073/000119312512346751/beam-20120630.xml""}, {""accession"": ""0001193125-12-460613"", ""cik"": ""0000789073"", ""evidence_kind"": ""sec_dei_ticker"", ""filed_date"": ""2012-11-08"", ""sha256"": ""b35ef80b43380cc0073b46ca138d3e6581f7d1bece3a7e1127a70d00d2af64c3"", ""source_url"": ""https://www.sec.gov/Archives/edgar/data/789073/000119312512460613/beam-20120930.xml""}, {""accession"": ""0001193125-13-076953"", ""cik"": ""0000789073"", ""evidence_kind"": ""sec_dei_ticker"", ""filed_date"": ""2013-02-26"", ""sha256"": ""c6e42962fcd2fe7f7a86c3bee25a293a4108f6bdf2c444cc8d88b33851a237ba"", ""source_url"": ""https://www.sec.gov/Archives/edgar/data/789073/000119312513076953/beam-20121231.xml""}, {""accession"": ""0001193125-13-201838"", ""cik"": ""0000789073"", ""evidence_kind"": ""sec_dei_ticker"", ""filed_date"": ""2013-05-06"", ""sha256"": ""21724466c0340af7a8c58d942ef37478a58a1fc27a7815efa16367388ff4ef0f"", ""source_url"": ""https://www.sec.gov/Archives/edgar/data/789073/000119312513201838/beam-20130331.xml""}, {""accession"": ""0001193125-13-328950"", ""cik"": ""0000789073"", ""evidence_kind"": ""sec_dei_ticker"", ""filed_date"": ""2013-08-09"", ""sha256"": ""7034978b07ab68f7c36c305fe50428366809f5955760aef23e11a5e89a0da779"", ""source_url"": ""https://www.sec.gov/Archives/edgar/data/789073/000119312513328950/beam-20130630.xml""}, {""accession"": ""0001193125-13-432988"", ""cik"": ""0000789073"", ""evidence_kind"": ""sec_dei_ticker"", ""filed_date"": ""2013-11-07"", ""sha256"": ""a6834499ac7ac9bf545840f4a59a023058e6e9b65542ac36e2c6d638092e5a55"", ""source_url"": ""https://www.sec.gov/Archives/edgar/data/789073/000119312513432988/beam-20130930.xml""}, {""accession"": ""0001193125-14-057299"", ""cik"": ""0000789073"", ""evidence_kind"": ""sec_dei_ticker"", ""filed_date"": ""2014-02-18"", ""sha256"": ""310b1746df7441e2e2bcad74b67178de6d8ee5cc7da18a7cf89d4f6bdd670c87"", ""source_url"": ""https://www.sec.gov/Archives/edgar/data/789073/000119312514057299/beam-20131231.xml""}, {""accession"": ""0001193125-12-215612"", ""cik"": ""0000789073"", ""evidence_kind"": ""sec_bulk_issuer_name_no_ticker"", ""filed_date"": ""2012-05-08"", ""historical_name"": ""BEAM INC"", ""sha256"": ""0dbb10aa316c674f07849a28e67a25a0a59bd6ef2bc214cd1800c8a2d2a05df6"", ""source_url"": ""https://www.sec.gov/files/dera/data/financial-statement-data-sets/2012q2.zip""}, {""accession"": ""0001193125-12-086286"", ""cik"": ""0000789073"", ""evidence_kind"": ""sec_bulk_issuer_name_no_ticker"", ""filed_date"": ""2012-02-29"", ""historical_name"": ""BEAM INC"", ""sha256"": ""42ed1a5ecac978d4338bd51cd4bc15bf60cc821291eea492f8172fc4e803d5f6"", ""source_url"": ""https://www.sec.gov/files/dera/data/financial-statement-data-sets/2012q1.zip""}]"
BEN,0000038777,2010-01-01,2016-01-01,corroborated_candidate,23,1,23,2010-02-08,2015-11-12,True,False,[],"[{""accession"": ""0001193125-10-024165"", ""cik"": ""0000038777"", ""evidence_kind"": ""sec_dei_ticker"", ""filed_date"": ""2010-02-08"", ""sha256"": ""28ea3f413a755c7c41ad856e4b135b68e55d12fb57c89a593eeca493afeb2782"", ""source_url"": ""https://www.sec.gov/Archives/edgar/data/38777/000119312510024165/ben-20091231.xml""}, {""accession"": ""0000038777-13-000174"", ""cik"": ""0000038777"", ""evidence_kind"": ""sec_bulk_issuer_name_no_ticker"", ""filed_date"": ""2013-04-30"", ""historical_name"": ""FRANKLIN RESOURCES INC"", ""sha256"": ""7cc764386ea9cb01d62e1a9f4fac38dc9c741e96886a953ddaad2def4eb489c7"", ""source_url"": ""https://www.sec.gov/files/dera/data/financial-statement-data-sets/2013q2.zip""}, {""accession"": ""0000038777-12-000007"", ""cik"": ""0000038777"", ""evidence_kind"": ""sec_bulk_issuer_name_no_ticker"", ""filed_date"": ""2012-02-01"", ""historical_name"": ""FRANKLIN RESOURCES INC"", ""sha256"": ""42ed1a5ecac978d4338bd51cd4bc15bf60cc821291eea492f8172fc4e803d5f6"", ""source_url"": ""https://www.sec.gov/files/dera/data/financial-statement-data-sets/2012q1.zip""}]"
BF-B,0000014693,2010-01-01,2016-01-01,corroborated_candidate,21,0,21,2010-09-02,2015-12-02,True,False,[],"[{""accession"": ""0000014693-10-000094"", ""cik"": ""0000014693"", ""evidence_kind"": ""sec_bulk_issuer_name_no_ticker"", ""filed_date"": ""2010-09-02"", ""historical_name"": ""BROWN FORMAN CORP"", ""sha256"": ""52014faf614ca0d7b8040e364f5b3e99f28d5e96b711aa922b490056e2c1d7b5"", ""source_url"": ""https://www.sec.gov/files/dera/data/financial-statement-data-sets/2010q3.zip""}, {""accession"": ""0000014693-13-000044"", ""cik"": ""0000014693"", ""evidence_kind"": ""sec_bulk_issuer_name_no_ticker"", ""filed_date"": ""2013-08-28"", ""historical_name"": ""BROWN FORMAN CORP"", ""sha256"": ""c9134387b650a9194f14b3f832f16aa1a72255c20a0e0b954001a643933cc849"", ""source_url"": ""https://www.sec.gov/files/dera/data/financial-statement-data-sets/2013q3.zip""}, {""accession"": ""0000014693-12-000024"", ""cik"": ""0000014693"", ""evidence_kind"": ""sec_bulk_issuer_name_no_ticker"", ""filed_date"": ""2012-03-08"", ""historical_name"": ""BROWN FORMAN CORP"", ""sha256"": ""42ed1a5ecac978d4338bd51cd4bc15bf60cc821291eea492f8172fc4e803d5f6"", ""source_url"": ""https://www.sec.gov/files/dera/data/financial-statement-data-sets/2012q1.zip""}]"
BIG,0000768835,2010-01-01,2013-02-14,corroborated_candidate,10,0,10,2010-09-08,2012-12-05,True,False,[],"[{""accession"": ""0001140361-10-036489"", ""cik"": ""0000768835"", ""evidence_kind"": ""sec_bulk_issuer_name_no_ticker"", ""filed_date"": ""2010-09-08"", ""historical_name"": ""BIG LOTS INC"", ""sha256"": ""52014faf614ca0d7b8040e364f5b3e99f28d5e96b711aa922b490056e2c1d7b5"", ""source_url"": ""https://www.sec.gov/files/dera/data/financial-statement-data-sets/2010q3.zip""}, {""accession"": ""0000768835-11-000057"", ""cik"": ""0000768835"", ""evidence_kind"": ""sec_bulk_issuer_name_no_ticker"", ""filed_date"": ""2011-12-07"", ""historical_name"": ""BIG LOTS INC"", ""sha256"": ""0f674f68094cc65c83da3c142775dcfd091250e293783c3e8211ee4e97bc083f"", ""source_url"": ""https://www.sec.gov/files/dera/data/financial-statement-data-sets/2011q4.zip""}, {""accession"": ""0000768835-12-000045"", ""cik"": ""0000768835"", ""evidence_kind"": ""sec_bulk_issuer_name_no_ticker"", ""filed_date"": ""2012-03-26"", ""historical_name"": ""BIG LOTS INC"", ""sha256"": ""42ed1a5ecac978d4338bd51cd4bc15bf60cc821291eea492f8172fc4e803d5f6"", ""source_url"": ""https://www.sec.gov/files/dera/data/financial-statement-data-sets/2012q1.zip""}]"
BIIB,0000875045,2010-01-01,2016-01-01,corroborated_candidate,24,0,24,2010-02-09,2015-10-21,True,False,[],"[{""accession"": ""0000950123-10-010528"", ""cik"": ""0000875045"", ""evidence_kind"": ""sec_bulk_issuer_name_no_ticker"", ""filed_date"": ""2010-02-09"", ""historical_name"": ""BIOGEN IDEC INC."", ""sha256"": ""2a4db2340ab1662d5135d7e17be1a58352c5959017350f0ef2174135f9996125"", ""source_url"": ""https://www.sec.gov/files/dera/data/financial-statement-data-sets/2010q1.zip""}, {""accession"": ""0000875045-13-000018"", ""cik"": ""0000875045"", ""evidence_kind"": ""sec_bulk_issuer_name_no_ticker"", ""filed_date"": ""2013-04-25"", ""historical_name"": ""BIOGEN IDEC INC."", ""sha256"": ""7cc764386ea9cb01d62e1a9f4fac38dc9c741e96886a953ddaad2def4eb489c7"", ""source_url"": ""https://www.sec.gov/files/dera/data/financial-statement-data-sets/2013q2.zip""}, {""accession"": ""0001193125-12-039072"", ""cik"": ""0000875045"", ""evidence_kind"": ""sec_bulk_issuer_name_no_ticker"", ""filed_date"": ""2012-02-03"", ""historical_name"": ""BIOGEN IDEC INC."", ""sha256"": ""42ed1a5ecac978d4338bd51cd4bc15bf60cc821291eea492f8172fc4e803d5f6"", ""source_url"": ""https://www.sec.gov/files/dera/data/financial-statement-data-sets/2012q1.zip""}]"
BJS,0000864328,2010-01-01,2010-04-29,unresolved,1,1,1,2010-02-09,2010-02-09,True,True,[],"[{""accession"": ""0001193125-10-024580"", ""cik"": ""0000864328"", ""evidence_kind"": ""sec_dei_ticker"", ""filed_date"": ""2010-02-09"", ""sha256"": ""afda7f3644163bc8a7b721899fe1dbb3daaf5ad757d7e44e4f86d9f2b59b5f29"", ""source_url"": ""https://www.sec.gov/Archives/edgar/data/864328/000119312510024580/bjs-20091231.xml""}, {""evidence_kind"": ""sec_official_name_chain_no_ticker"", ""sha256"": ""3429f925714cec6c8ed41e2bfa92963f4b54a28d2c5f21484dbd0b9a801ddba8"", ""source_url"": ""https://data.sec.gov/submissions/CIK0000864328.json""}]"
BK,0001390777,2010-01-01,2016-01-01,confirmed_by_multiple_evidence,3,3,24,2010-02-26,2015-11-06,True,True,[],"[{""accession"": ""0001193125-10-042948"", ""cik"": ""0001390777"", ""evidence_kind"": ""sec_dei_ticker"", ""filed_date"": ""2010-02-26"", ""sha256"": ""b83770cce36061da97e6a07b0bdc441a9cdbb8d37dd399d32d9652cb44121386"", ""source_url"": ""https://www.sec.gov/Archives/edgar/data/1390777/000119312510042948/bk-20091231.xml""}, {""accession"": ""0001193125-13-084562"", ""cik"": ""0001390777"", ""evidence_kind"": ""sec_dei_ticker"", ""filed_date"": ""2013-02-28"", ""sha256"": ""94a64a2f9529b2ca29c5b68b93d8a23115a154c76df5d3b969833851a8cd7a69"", ""source_url"": ""https://www.sec.gov/Archives/edgar/data/1390777/000119312513084562/bk-20121231.xml""}, {""accession"": ""0001390777-15-000132"", ""cik"": ""0001390777"", ""evidence_kind"": ""sec_dei_ticker"", ""filed_date"": ""2015-11-06"", ""sha256"": ""ea33dfb4ac1423705a521ef4bd4031d85358ba96cf0b6e671b8a03d90d8848d8"", ""source_url"": ""https://www.sec.gov/Archives/edgar/data/1390777/000139077715000132/bk-20150930.xml""}, {""accession"": ""0001445305-13-001220"", ""cik"": ""0001390777"", ""evidence_kind"": ""sec_bulk_issuer_name_no_ticker"", ""filed_date"": ""2013-05-09"", ""historical_name"": ""BANK OF NEW YORK MELLON CORP"", ""sha256"": ""7cc764386ea9cb01d62e1a9f4fac38dc9c741e96886a953ddaad2def4eb489c7"", ""source_url"": ""https://www.sec.gov/files/dera/data/financial-statement-data-sets/2013q2.zip""}, {""accession"": ""0001193125-12-085349"", ""cik"": ""0001390777"", ""evidence_kind"": ""sec_bulk_issuer_name_no_ticker"", ""filed_date"": ""2012-02-28"", ""historical_name"": ""BANK OF NEW YORK MELLON CORP"", ""sha256"": ""42ed1a5ecac978d4338bd51cd4bc15bf60cc821291eea492f8172fc4e803d5f6"", ""source_url"": ""https://www.sec.gov/files/dera/data/financial-statement-data-sets/2012q1.zip""}, {""evidence_kind"": ""sec_official_name_chain_no_ticker"", ""sha256"": ""8dc6d5c5ffb2c384738090b9dcd425624374949494ba6c4f9a169bdbb769772c"", ""source_url"": ""https://data.sec.gov/submissions/CIK0001390777.json""}]"
BKNG,0001075531,2010-01-01,2016-01-01,corroborated_candidate,22,0,22,2010-08-04,2015-12-16,False,True,[],"[{""accession"": ""0001104659-10-041943"", ""cik"": ""0001075531"", ""evidence_kind"": ""sec_bulk_issuer_name_no_ticker"", ""filed_date"": ""2010-08-04"", ""historical_name"": ""PRICELINE COM INC"", ""sha256"": ""52014faf614ca0d7b8040e364f5b3e99f28d5e96b711aa922b490056e2c1d7b5"", ""source_url"": ""https://www.sec.gov/files/dera/data/financial-statement-data-sets/2010q3.zip""}, {""accession"": ""0001075531-13-000045"", ""cik"": ""0001075531"", ""evidence_kind"": ""sec_bulk_issuer_name_no_ticker"", ""filed_date"": ""2013-08-08"", ""historical_name"": ""PRICELINE COM INC"", ""sha256"": ""c9134387b650a9194f14b3f832f16aa1a72255c20a0e0b954001a643933cc849"", ""source_url"": ""https://www.sec.gov/files/dera/data/financial-statement-data-sets/2013q3.zip""}, {""accession"": ""0001075531-12-000005"", ""cik"": ""0001075531"", ""evidence_kind"": ""sec_bulk_issuer_name_no_ticker"", ""filed_date"": ""2012-02-27"", ""historical_name"": ""PRICELINE COM INC"", ""sha256"": ""42ed1a5ecac978d4338bd51cd4bc15bf60cc821291eea492f8172fc4e803d5f6"", ""source_url"": ""https://www.sec.gov/files/dera/data/financial-statement-data-sets/2012q1.zip""}, {""evidence_kind"": ""sec_official_name_chain_no_ticker"", ""sha256"": ""7ba4480835eb264d20dbc3611c24e0401eb9b0a75a98c497f9a4812051be3b79"", ""source_url"": ""https://data.sec.gov/submissions/CIK0001075531.json""}]"
BLK,0002012383,2011-04-04,2016-01-01,unresolved,0,0,0,,,False,False,[],[]
BLL,0000009389,2010-01-01,2016-01-01,corroborated_candidate,22,0,22,2010-08-04,2015-10-30,True,False,[],"[{""accession"": ""0000009389-10-000038"", ""cik"": ""0000009389"", ""evidence_kind"": ""sec_bulk_issuer_name_no_ticker"", ""filed_date"": ""2010-08-04"", ""historical_name"": ""BALL CORP"", ""sha256"": ""52014faf614ca0d7b8040e364f5b3e99f28d5e96b711aa922b490056e2c1d7b5"", ""source_url"": ""https://www.sec.gov/files/dera/data/financial-statement-data-sets/2010q3.zip""}, {""accession"": ""0001104659-13-059917"", ""cik"": ""0000009389"", ""evidence_kind"": ""sec_bulk_issuer_name_no_ticker"", ""filed_date"": ""2013-08-05"", ""historical_name"": ""BALL CORP"", ""sha256"": ""c9134387b650a9194f14b3f832f16aa1a72255c20a0e0b954001a643933cc849"", ""source_url"": ""https://www.sec.gov/files/dera/data/financial-statement-data-sets/2013q3.zip""}, {""accession"": ""0001104659-12-011588"", ""cik"": ""0000009389"", ""evidence_kind"": ""sec_bulk_issuer_name_no_ticker"", ""filed_date"": ""2012-02-22"", ""historical_name"": ""BALL CORP"", ""sha256"": ""42ed1a5ecac978d4338bd51cd4bc15bf60cc821291eea492f8172fc4e803d5f6"", ""source_url"": ""https://www.sec.gov/files/dera/data/financial-statement-data-sets/2012q1.zip""}]"
BMC,0000835729,2010-01-01,2013-09-10,corroborated_candidate,15,1,15,2010-01-28,2013-08-05,True,False,[],"[{""accession"": ""0001193125-10-015411"", ""cik"": ""0000835729"", ""evidence_kind"": ""sec_dei_ticker"", ""filed_date"": ""2010-01-28"", ""sha256"": ""a8e7c80a9a5e2d879231344bda4c47a7ea745f19ad176cab671702a52a1d95b5"", ""source_url"": ""https://www.sec.gov/Archives/edgar/data/835729/000119312510015411/bmc-20091231.xml""}, {""accession"": ""0000950123-11-092155"", ""cik"": ""0000835729"", ""evidence_kind"": ""sec_bulk_issuer_name_no_ticker"", ""filed_date"": ""2011-10-27"", ""historical_name"": ""BMC SOFTWARE INC"", ""sha256"": ""0f674f68094cc65c83da3c142775dcfd091250e293783c3e8211ee4e97bc083f"", ""source_url"": ""https://www.sec.gov/files/dera/data/financial-statement-data-sets/2011q4.zip""}, {""accession"": ""0000950123-12-001963"", ""cik"": ""0000835729"", ""evidence_kind"": ""sec_bulk_issuer_name_no_ticker"", ""filed_date"": ""2012-02-02"", ""historical_name"": ""BMC SOFTWARE INC"", ""sha256"": ""42ed1a5ecac978d4338bd51cd4bc15bf60cc821291eea492f8172fc4e803d5f6"", ""source_url"": ""https://www.sec.gov/files/dera/data/financial-statement-data-sets/2012q1.zip""}]"
BMS,0000011199,2010-01-01,2014-12-05,corroborated_candidate,18,0,18,2010-08-09,2014-10-31,True,False,[],"[{""accession"": ""0001104659-10-042993"", ""cik"": ""0000011199"", ""evidence_kind"": ""sec_bulk_issuer_name_no_ticker"", ""filed_date"": ""2010-08-09"", ""historical_name"": ""BEMIS CO INC"", ""sha256"": ""52014faf614ca0d7b8040e364f5b3e99f28d5e96b711aa922b490056e2c1d7b5"", ""source_url"": ""https://www.sec.gov/files/dera/data/financial-statement-data-sets/2010q3.zip""}, {""accession"": ""0000011199-13-000011"", ""cik"": ""0000011199"", ""evidence_kind"": ""sec_bulk_issuer_name_no_ticker"", ""filed_date"": ""2013-02-28"", ""historical_name"": ""BEMIS CO INC"", ""sha256"": ""329f4e3e40c0351001037ad1dea3fd28c07100f6f6d6d64d5998ea01b060a790"", ""source_url"": ""https://www.sec.gov/files/dera/data/financial-statement-data-sets/2013q1.zip""}, {""accession"": ""0001104659-12-014367"", ""cik"": ""0000011199"", ""evidence_kind"": ""sec_bulk_issuer_name_no_ticker"", ""filed_date"": ""2012-02-29"", ""historical_name"": ""BEMIS CO INC"", ""sha256"": ""42ed1a5ecac978d4338bd51cd4bc15bf60cc821291eea492f8172fc4e803d5f6"", ""source_url"": ""https://www.sec.gov/files/dera/data/financial-statement-data-sets/2012q1.zip""}]"
BMY,0000014272,2010-01-01,2016-01-01,corroborated_candidate,24,1,24,2010-02-19,2015-10-27,True,False,[],"[{""accession"": ""0001193125-10-035167"", ""cik"": ""0000014272"", ""evidence_kind"": ""sec_dei_ticker"", ""filed_date"": ""2010-02-19"", ""sha256"": ""9a6752460581dd87f4e424a8159bbb9ddbfa39776491fb996a159e1fbaf2bef2"", ""source_url"": ""https://www.sec.gov/Archives/edgar/data/14272/000119312510035167/bmy-20091231.xml""}, {""accession"": ""0001193125-13-172698"", ""cik"": ""0000014272"", ""evidence_kind"": ""sec_bulk_issuer_name_no_ticker"", ""filed_date"": ""2013-04-25"", ""historical_name"": ""BRISTOL MYERS SQUIBB CO"", ""sha256"": ""7cc764386ea9cb01d62e1a9f4fac38dc9c741e96886a953ddaad2def4eb489c7"", ""source_url"": ""https://www.sec.gov/files/dera/data/financial-statement-data-sets/2013q2.zip""}, {""accession"": ""0001193125-12-066416"", ""cik"": ""0000014272"", ""evidence_kind"": ""sec_bulk_issuer_name_no_ticker"", ""filed_date"": ""2012-02-17"", ""historical_name"": ""BRISTOL MYERS SQUIBB CO"", ""sha256"": ""42ed1a5ecac978d4338bd51cd4bc15bf60cc821291eea492f8172fc4e803d5f6"", ""source_url"": ""https://www.sec.gov/files/dera/data/financial-statement-data-sets/2012q1.zip""}]"
BNI,0000934612,2010-01-01,2010-01-27,unresolved,0,0,0,,,False,False,[],[]
BRCM,0001054374,2010-01-01,2016-01-01,corroborated_candidate,24,0,24,2010-02-03,2015-10-26,True,False,[],"[{""accession"": ""0000950123-10-008370"", ""cik"": ""0001054374"", ""evidence_kind"": ""sec_bulk_issuer_name_no_ticker"", ""filed_date"": ""2010-02-03"", ""historical_name"": ""BROADCOM CORP"", ""sha256"": ""2a4db2340ab1662d5135d7e17be1a58352c5959017350f0ef2174135f9996125"", ""source_url"": ""https://www.sec.gov/files/dera/data/financial-statement-data-sets/2010q1.zip""}, {""accession"": ""0001054374-13-000072"", ""cik"": ""0001054374"", ""evidence_kind"": ""sec_bulk_issuer_name_no_ticker"", ""filed_date"": ""2013-04-24"", ""historical_name"": ""BROADCOM CORP"", ""sha256"": ""7cc764386ea9cb01d62e1a9f4fac38dc9c741e96886a953ddaad2def4eb489c7"", ""source_url"": ""https://www.sec.gov/files/dera/data/financial-statement-data-sets/2013q2.zip""}, {""accession"": ""0001193125-12-033198"", ""cik"": ""0001054374"", ""evidence_kind"": ""sec_bulk_issuer_name_no_ticker"", ""filed_date"": ""2012-02-01"", ""historical_name"": ""BROADCOM CORP"", ""sha256"": ""42ed1a5ecac978d4338bd51cd4bc15bf60cc821291eea492f8172fc4e803d5f6"", ""source_url"": ""https://www.sec.gov/files/dera/data/financial-statement-data-sets/2012q1.zip""}]"
BRK-B,0001067983,2010-02-16,2016-01-01,ambiguous,24,0,24,2010-03-01,2015-11-06,True,False,['BRKA'],"[{""accession"": ""0001193125-10-043450"", ""cik"": ""0001067983"", ""evidence_kind"": ""sec_bulk_issuer_name_no_ticker"", ""filed_date"": ""2010-03-01"", ""historical_name"": ""BERKSHIRE HATHAWAY INC"", ""sha256"": ""2a4db2340ab1662d5135d7e17be1a58352c5959017350f0ef2174135f9996125"", ""source_url"": ""https://www.sec.gov/files/dera/data/financial-statement-data-sets/2010q1.zip""}, {""accession"": ""0001193125-13-199397"", ""cik"": ""0001067983"", ""evidence_kind"": ""sec_bulk_issuer_name_no_ticker"", ""filed_date"": ""2013-05-03"", ""historical_name"": ""BERKSHIRE HATHAWAY INC"", ""sha256"": ""7cc764386ea9cb01d62e1a9f4fac38dc9c741e96886a953ddaad2def4eb489c7"", ""source_url"": ""https://www.sec.gov/files/dera/data/financial-statement-data-sets/2013q2.zip""}, {""accession"": ""0001193125-12-079022"", ""cik"": ""0001067983"", ""evidence_kind"": ""sec_bulk_issuer_name_no_ticker"", ""filed_date"": ""2012-02-27"", ""historical_name"": ""BERKSHIRE HATHAWAY INC"", ""sha256"": ""42ed1a5ecac978d4338bd51cd4bc15bf60cc821291eea492f8172fc4e803d5f6"", ""source_url"": ""https://www.sec.gov/files/dera/data/financial-statement-data-sets/2012q1.zip""}]"
BSX,0000885725,2010-01-01,2016-01-01,corroborated_candidate,24,0,24,2010-02-26,2015-11-04,True,False,[],"[{""accession"": ""0000950123-10-017254"", ""cik"": ""0000885725"", ""evidence_kind"": ""sec_bulk_issuer_name_no_ticker"", ""filed_date"": ""2010-02-26"", ""historical_name"": ""BOSTON SCIENTIFIC CORP"", ""sha256"": ""2a4db2340ab1662d5135d7e17be1a58352c5959017350f0ef2174135f9996125"", ""source_url"": ""https://www.sec.gov/files/dera/data/financial-statement-data-sets/2010q1.zip""}, {""accession"": ""0000885725-13-000013"", ""cik"": ""0000885725"", ""evidence_kind"": ""sec_bulk_issuer_name_no_ticker"", ""filed_date"": ""2013-05-07"", ""historical_name"": ""BOSTON SCIENTIFIC CORP"", ""sha256"": ""7cc764386ea9cb01d62e1a9f4fac38dc9c741e96886a953ddaad2def4eb489c7"", ""source_url"": ""https://www.sec.gov/files/dera/data/financial-statement-data-sets/2013q2.zip""}, {""accession"": ""0000885725-12-000006"", ""cik"": ""0000885725"", ""evidence_kind"": ""sec_bulk_issuer_name_no_ticker"", ""filed_date"": ""2012-02-17"", ""historical_name"": ""BOSTON SCIENTIFIC CORP"", ""sha256"": ""42ed1a5ecac978d4338bd51cd4bc15bf60cc821291eea492f8172fc4e803d5f6"", ""source_url"": ""https://www.sec.gov/files/dera/data/financial-statement-data-sets/2012q1.zip""}]"
BWA,0000908255,2011-12-19,2016-01-01,corroborated_candidate,16,0,16,2012-02-14,2015-10-29,True,False,[],"[{""accession"": ""0000908255-12-000036"", ""cik"": ""0000908255"", ""evidence_kind"": ""sec_bulk_issuer_name_no_ticker"", ""filed_date"": ""2012-04-26"", ""historical_name"": ""BORGWARNER INC"", ""sha256"": ""0dbb10aa316c674f07849a28e67a25a0a59bd6ef2bc214cd1800c8a2d2a05df6"", ""source_url"": ""https://www.sec.gov/files/dera/data/financial-statement-data-sets/2012q2.zip""}, {""accession"": ""0000908255-14-000033"", ""cik"": ""0000908255"", ""evidence_kind"": ""sec_bulk_issuer_name_no_ticker"", ""filed_date"": ""2014-05-01"", ""historical_name"": ""BORGWARNER INC"", ""sha256"": ""ab03600231a08369a980a31dde8bb78b6cd49f56d39ab7b90ca5bc0cfd52aa7f"", ""source_url"": ""https://www.sec.gov/files/dera/data/financial-statement-data-sets/2014q2.zip""}, {""accession"": ""0000908255-12-000008"", ""cik"": ""0000908255"", ""evidence_kind"": ""sec_bulk_issuer_name_no_ticker"", ""filed_date"": ""2012-02-14"", ""historical_name"": ""BORGWARNER INC"", ""sha256"": ""42ed1a5ecac978d4338bd51cd4bc15bf60cc821291eea492f8172fc4e803d5f6"", ""source_url"": ""https://www.sec.gov/files/dera/data/financial-statement-data-sets/2012q1.zip""}]"
BXLT,0001620546,2015-07-01,2016-01-01,confirmed_by_multiple_evidence,2,2,2,2015-08-13,2015-11-12,True,False,[],"[{""accession"": ""0001193125-15-290022"", ""cik"": ""0001620546"", ""evidence_kind"": ""sec_dei_ticker"", ""filed_date"": ""2015-08-13"", ""sha256"": ""a1f81cb1514d3c645b6d21704d1a28107755910a22fc5a6fd96c874604f22c8c"", ""source_url"": ""https://www.sec.gov/Archives/edgar/data/1620546/000119312515290022/bxlt-20150630.xml""}, {""accession"": ""0001193125-15-375898"", ""cik"": ""0001620546"", ""evidence_kind"": ""sec_dei_ticker"", ""filed_date"": ""2015-11-12"", ""sha256"": ""514c4f8d4d927d219252a4a7e122e870817f71dede82ef1b23b729d5291fc773"", ""source_url"": ""https://www.sec.gov/Archives/edgar/data/1620546/000119312515375898/bxlt-20150930.xml""}]"
BXP,0001037540,2010-01-01,2016-01-01,corroborated_candidate,24,1,24,2010-02-25,2015-11-06,False,True,[],"[{""accession"": ""0001193125-10-040826"", ""cik"": ""0001037540"", ""evidence_kind"": ""sec_dei_ticker"", ""filed_date"": ""2010-02-25"", ""sha256"": ""04fae6b362e1988d6646ab00dddb5c6a6de93121d296f18a9aa2b89a2c5bbb96"", ""source_url"": ""https://www.sec.gov/Archives/edgar/data/1037540/000119312510040826/bxp-20091231.xml""}, {""accession"": ""0001193125-13-213882"", ""cik"": ""0001037540"", ""evidence_kind"": ""sec_bulk_issuer_name_no_ticker"", ""filed_date"": ""2013-05-10"", ""historical_name"": ""BOSTON PROPERTIES INC"", ""sha256"": ""7cc764386ea9cb01d62e1a9f4fac38dc9c741e96886a953ddaad2def4eb489c7"", ""source_url"": ""https://www.sec.gov/files/dera/data/financial-statement-data-sets/2013q2.zip""}, {""accession"": ""0001193125-12-085764"", ""cik"": ""0001037540"", ""evidence_kind"": ""sec_bulk_issuer_name_no_ticker"", ""filed_date"": ""2012-02-28"", ""historical_name"": ""BOSTON PROPERTIES INC"", ""sha256"": ""42ed1a5ecac978d4338bd51cd4bc15bf60cc821291eea492f8172fc4e803d5f6"", ""source_url"": ""https://www.sec.gov/files/dera/data/financial-statement-data-sets/2012q1.zip""}, {""evidence_kind"": ""sec_official_name_chain_no_ticker"", ""sha256"": ""7ace4df1764a7b94a81ed9951c7459e6b89218fc755ae92e5fa7b8f95c568626"", ""source_url"": ""https://data.sec.gov/submissions/CIK0001037540.json""}]"
C,0000831001,2010-01-01,2016-01-01,corroborated_candidate,24,0,24,2010-02-26,2015-10-30,True,False,[],"[{""accession"": ""0001206774-10-000406"", ""cik"": ""0000831001"", ""evidence_kind"": ""sec_bulk_issuer_name_no_ticker"", ""filed_date"": ""2010-02-26"", ""historical_name"": ""CITIGROUP INC"", ""sha256"": ""2a4db2340ab1662d5135d7e17be1a58352c5959017350f0ef2174135f9996125"", ""source_url"": ""https://www.sec.gov/files/dera/data/financial-statement-data-sets/2010q1.zip""}, {""accession"": ""0001047469-13-005492"", ""cik"": ""0000831001"", ""evidence_kind"": ""sec_bulk_issuer_name_no_ticker"", ""filed_date"": ""2013-05-03"", ""historical_name"": ""CITIGROUP INC"", ""sha256"": ""7cc764386ea9cb01d62e1a9f4fac38dc9c741e96886a953ddaad2def4eb489c7"", ""source_url"": ""https://www.sec.gov/files/dera/data/financial-statement-data-sets/2013q2.zip""}, {""accession"": ""0001206774-12-000799"", ""cik"": ""0000831001"", ""evidence_kind"": ""sec_bulk_issuer_name_no_ticker"", ""filed_date"": ""2012-02-24"", ""historical_name"": ""CITIGROUP INC"", ""sha256"": ""42ed1a5ecac978d4338bd51cd4bc15bf60cc821291eea492f8172fc4e803d5f6"", ""source_url"": ""https://www.sec.gov/files/dera/data/financial-statement-data-sets/2012q1.zip""}]"
CA,0000356028,2010-01-01,2016-01-01,corroborated_candidate,23,0,23,2010-01-29,2015-10-22,True,False,[],"[{""accession"": ""0000950123-10-006814"", ""cik"": ""0000356028"", ""evidence_kind"": ""sec_bulk_issuer_name_no_ticker"", ""filed_date"": ""2010-01-29"", ""historical_name"": ""CA, INC."", ""sha256"": ""2a4db2340ab1662d5135d7e17be1a58352c5959017350f0ef2174135f9996125"", ""source_url"": ""https://www.sec.gov/files/dera/data/financial-statement-data-sets/2010q1.zip""}, {""accession"": ""0000356028-13-000065"", ""cik"": ""0000356028"", ""evidence_kind"": ""sec_bulk_issuer_name_no_ticker"", ""filed_date"": ""2013-05-09"", ""historical_name"": ""CA, INC."", ""sha256"": ""7cc764386ea9cb01d62e1a9f4fac38dc9c741e96886a953ddaad2def4eb489c7"", ""source_url"": ""https://www.sec.gov/files/dera/data/financial-statement-data-sets/2013q2.zip""}, {""accession"": ""0001193125-12-023363"", ""cik"": ""0000356028"", ""evidence_kind"": ""sec_bulk_issuer_name_no_ticker"", ""filed_date"": ""2012-01-25"", ""historical_name"": ""CA, INC."", ""sha256"": ""42ed1a5ecac978d4338bd51cd4bc15bf60cc821291eea492f8172fc4e803d5f6"", ""source_url"": ""https://www.sec.gov/files/dera/data/financial-statement-data-sets/2012q1.zip""}]"
CAG,0000023217,2010-01-01,2016-01-01,corroborated_candidate,24,1,24,2010-01-05,2015-10-06,True,True,[],"[{""accession"": ""0001193125-12-517341"", ""cik"": ""0000023217"", ""evidence_kind"": ""sec_dei_ticker"", ""filed_date"": ""2012-12-28"", ""sha256"": ""36491a18b88d84d406120af6524baa12cdf3ec3877cce0647f54bf40901338f5"", ""source_url"": ""https://www.sec.gov/Archives/edgar/data/23217/000119312512517341/cag-20121125.xml""}, {""accession"": ""0000950123-10-000408"", ""cik"": ""0000023217"", ""evidence_kind"": ""sec_bulk_issuer_name_no_ticker"", ""filed_date"": ""2010-01-05"", ""historical_name"": ""CONAGRA FOODS INC /DE/"", ""sha256"": ""2a4db2340ab1662d5135d7e17be1a58352c5959017350f0ef2174135f9996125"", ""source_url"": ""https://www.sec.gov/files/dera/data/financial-statement-data-sets/2010q1.zip""}, {""accession"": ""0001445305-13-000776"", ""cik"": ""0000023217"", ""evidence_kind"": ""sec_bulk_issuer_name_no_ticker"", ""filed_date"": ""2013-04-03"", ""historical_name"": ""CONAGRA FOODS INC /DE/"", ""sha256"": ""7cc764386ea9cb01d62e1a9f4fac38dc9c741e96886a953ddaad2def4eb489c7"", ""source_url"": ""https://www.sec.gov/files/dera/data/financial-statement-data-sets/2013q2.zip""}, {""accession"": ""0001193125-12-142282"", ""cik"": ""0000023217"", ""evidence_kind"": ""sec_bulk_issuer_name_no_ticker"", ""filed_date"": ""2012-03-30"", ""historical_name"": ""CONAGRA FOODS INC /DE/"", ""sha256"": ""42ed1a5ecac978d4338bd51cd4bc15bf60cc821291eea492f8172fc4e803d5f6"", ""source_url"": ""https://www.sec.gov/files/dera/data/financial-statement-data-sets/2012q1.zip""}, {""evidence_kind"": ""sec_official_name_chain_no_ticker"", ""sha256"": ""35cf8d711d58201ba666f5722a5b35d0c957882198caee1ddf64149b2be7f745"", ""source_url"": ""https://data.sec.gov/submissions/CIK0000023217.json""}]"
CAH,0000721371,2010-01-01,2016-01-01,confirmed_by_multiple_evidence,3,3,23,2010-02-05,2015-11-03,True,False,[],"[{""accession"": ""0000721371-13-000022"", ""cik"": ""0000721371"", ""evidence_kind"": ""sec_dei_ticker"", ""filed_date"": ""2013-02-06"", ""sha256"": ""1d2405254c00159275153014daeb82675519e991e502f50cffc9899f90e7d7ac"", ""source_url"": ""https://www.sec.gov/Archives/edgar/data/721371/000072137113000022/cah-20121231.xml""}, {""accession"": ""0000721371-15-000161"", ""cik"": ""0000721371"", ""evidence_kind"": ""sec_dei_ticker"", ""filed_date"": ""2015-11-03"", ""sha256"": ""b30b228667cdde23bfff58b8f19fcd3be4d759113b8836b37edb49280779c6cd"", ""source_url"": ""https://www.sec.gov/Archives/edgar/data/721371/000072137115000161/cah-20150930.xml""}, {""accession"": ""0001193125-10-023332"", ""cik"": ""0000721371"", ""evidence_kind"": ""sec_dei_ticker"", ""filed_date"": ""2010-02-05"", ""sha256"": ""cad9c047dd1c04e19ed8790c634374602e064fcf0cc6d5be13b0a2c38fa6cfe0"", ""source_url"": ""https://www.sec.gov/Archives/edgar/data/721371/000119312510023332/cah-20091231.xml""}, {""accession"": ""0000721371-13-000054"", ""cik"": ""0000721371"", ""evidence_kind"": ""sec_bulk_issuer_name_no_ticker"", ""filed_date"": ""2013-05-08"", ""historical_name"": ""CARDINAL HEALTH INC"", ""sha256"": ""7cc764386ea9cb01d62e1a9f4fac38dc9c741e96886a953ddaad2def4eb489c7"", ""source_url"": ""https://www.sec.gov/files/dera/data/financial-statement-data-sets/2013q2.zip""}, {""accession"": ""0001193125-12-042612"", ""cik"": ""0000721371"", ""evidence_kind"": ""sec_bulk_issuer_name_no_ticker"", ""filed_date"": ""2012-02-07"", ""historical_name"": ""CARDINAL HEALTH INC"", ""sha256"": ""42ed1a5ecac978d4338bd51cd4bc15bf60cc821291eea492f8172fc4e803d5f6"", ""source_url"": ""https://www.sec.gov/files/dera/data/financial-statement-data-sets/2012q1.zip""}]"
CAM,0000941548,2010-01-01,2016-01-01,corroborated_candidate,23,0,23,2010-02-26,2015-10-22,True,False,[],"[{""accession"": ""0000941548-10-000015"", ""cik"": ""0000941548"", ""evidence_kind"": ""sec_bulk_issuer_name_no_ticker"", ""filed_date"": ""2010-02-26"", ""historical_name"": ""CAMERON INTERNATIONAL CORP"", ""sha256"": ""2a4db2340ab1662d5135d7e17be1a58352c5959017350f0ef2174135f9996125"", ""source_url"": ""https://www.sec.gov/files/dera/data/financial-statement-data-sets/2010q1.zip""}, {""accession"": ""0000941548-13-000016"", ""cik"": ""0000941548"", ""evidence_kind"": ""sec_bulk_issuer_name_no_ticker"", ""filed_date"": ""2013-04-29"", ""historical_name"": ""CAMERON INTERNATIONAL CORP"", ""sha256"": ""7cc764386ea9cb01d62e1a9f4fac38dc9c741e96886a953ddaad2def4eb489c7"", ""source_url"": ""https://www.sec.gov/files/dera/data/financial-statement-data-sets/2013q2.zip""}, {""accession"": ""0000941548-12-000005"", ""cik"": ""0000941548"", ""evidence_kind"": ""sec_bulk_issuer_name_no_ticker"", ""filed_date"": ""2012-02-28"", ""historical_name"": ""CAMERON INTERNATIONAL CORP"", ""sha256"": ""42ed1a5ecac978d4338bd51cd4bc15bf60cc821291eea492f8172fc4e803d5f6"", ""source_url"": ""https://www.sec.gov/files/dera/data/financial-statement-data-sets/2012q1.zip""}]"
CAT,0000018230,2010-01-01,2016-01-01,corroborated_candidate,23,0,23,2010-02-19,2015-10-30,True,False,[],"[{""accession"": ""0000018230-10-000092"", ""cik"": ""0000018230"", ""evidence_kind"": ""sec_bulk_issuer_name_no_ticker"", ""filed_date"": ""2010-02-19"", ""historical_name"": ""CATERPILLAR INC"", ""sha256"": ""2a4db2340ab1662d5135d7e17be1a58352c5959017350f0ef2174135f9996125"", ""source_url"": ""https://www.sec.gov/files/dera/data/financial-statement-data-sets/2010q1.zip""}, {""accession"": ""0000018230-13-000239"", ""cik"": ""0000018230"", ""evidence_kind"": ""sec_bulk_issuer_name_no_ticker"", ""filed_date"": ""2013-05-02"", ""historical_name"": ""CATERPILLAR INC"", ""sha256"": ""7cc764386ea9cb01d62e1a9f4fac38dc9c741e96886a953ddaad2def4eb489c7"", ""source_url"": ""https://www.sec.gov/files/dera/data/financial-statement-data-sets/2013q2.zip""}, {""accession"": ""0001104659-12-011331"", ""cik"": ""0000018230"", ""evidence_kind"": ""sec_bulk_issuer_name_no_ticker"", ""filed_date"": ""2012-02-21"", ""historical_name"": ""CATERPILLAR INC"", ""sha256"": ""42ed1a5ecac978d4338bd51cd4bc15bf60cc821291eea492f8172fc4e803d5f6"", ""source_url"": ""https://www.sec.gov/files/dera/data/financial-statement-data-sets/2012q1.zip""}]"
CB,0000896159,2010-07-15,2016-01-01,ambiguous,22,0,22,2010-08-06,2015-11-04,False,False,['ACE'],"[{""accession"": ""0001193125-10-180546"", ""cik"": ""0000896159"", ""evidence_kind"": ""sec_bulk_issuer_name_no_ticker"", ""filed_date"": ""2010-08-06"", ""historical_name"": ""ACE LTD"", ""sha256"": ""52014faf614ca0d7b8040e364f5b3e99f28d5e96b711aa922b490056e2c1d7b5"", ""source_url"": ""https://www.sec.gov/files/dera/data/financial-statement-data-sets/2010q3.zip""}, {""accession"": ""0000896159-13-000012"", ""cik"": ""0000896159"", ""evidence_kind"": ""sec_bulk_issuer_name_no_ticker"", ""filed_date"": ""2013-07-31"", ""historical_name"": ""ACE LTD"", ""sha256"": ""c9134387b650a9194f14b3f832f16aa1a72255c20a0e0b954001a643933cc849"", ""source_url"": ""https://www.sec.gov/files/dera/data/financial-statement-data-sets/2013q3.zip""}, {""accession"": ""0001193125-12-078111"", ""cik"": ""0000896159"", ""evidence_kind"": ""sec_bulk_issuer_name_no_ticker"", ""filed_date"": ""2012-02-24"", ""historical_name"": ""ACE LTD"", ""sha256"": ""42ed1a5ecac978d4338bd51cd4bc15bf60cc821291eea492f8172fc4e803d5f6"", ""source_url"": ""https://www.sec.gov/files/dera/data/financial-statement-data-sets/2012q1.zip""}]"
CBE,0001141982,2011-11-30,2012-12-03,corroborated_candidate,4,0,4,2012-02-21,2012-11-05,True,False,[],"[{""accession"": ""0001193125-12-211726"", ""cik"": ""0001141982"", ""evidence_kind"": ""sec_bulk_issuer_name_no_ticker"", ""filed_date"": ""2012-05-04"", ""historical_name"": ""COOPER INDUSTRIES PLC"", ""sha256"": ""0dbb10aa316c674f07849a28e67a25a0a59bd6ef2bc214cd1800c8a2d2a05df6"", ""source_url"": ""https://www.sec.gov/files/dera/data/financial-statement-data-sets/2012q2.zip""}, {""accession"": ""0001193125-12-451589"", ""cik"": ""0001141982"", ""evidence_kind"": ""sec_bulk_issuer_name_no_ticker"", ""filed_date"": ""2012-11-05"", ""historical_name"": ""COOPER INDUSTRIES PLC"", ""sha256"": ""af6629de7547f5d75c85abf170550b9466768071fcd419d5fdf1a1d026436e98"", ""source_url"": ""https://www.sec.gov/files/dera/data/financial-statement-data-sets/2012q4.zip""}, {""accession"": ""0001193125-12-070617"", ""cik"": ""0001141982"", ""evidence_kind"": ""sec_bulk_issuer_name_no_ticker"", ""filed_date"": ""2012-02-21"", ""historical_name"": ""COOPER INDUSTRIES PLC"", ""sha256"": ""42ed1a5ecac978d4338bd51cd4bc15bf60cc821291eea492f8172fc4e803d5f6"", ""source_url"": ""https://www.sec.gov/files/dera/data/financial-statement-data-sets/2012q1.zip""}]"
CBRE,0001138118,2010-01-01,2016-01-01,ambiguous,22,0,22,2010-08-09,2015-11-09,True,False,['CBG'],"[{""accession"": ""0001193125-10-183181"", ""cik"": ""0001138118"", ""evidence_kind"": ""sec_bulk_issuer_name_no_ticker"", ""filed_date"": ""2010-08-09"", ""historical_name"": ""CB RICHARD ELLIS GROUP INC"", ""sha256"": ""52014faf614ca0d7b8040e364f5b3e99f28d5e96b711aa922b490056e2c1d7b5"", ""source_url"": ""https://www.sec.gov/files/dera/data/financial-statement-data-sets/2010q3.zip""}, {""accession"": ""0001193125-13-328678"", ""cik"": ""0001138118"", ""evidence_kind"": ""sec_bulk_issuer_name_no_ticker"", ""filed_date"": ""2013-08-09"", ""historical_name"": ""CBRE GROUP, INC."", ""sha256"": ""c9134387b650a9194f14b3f832f16aa1a72255c20a0e0b954001a643933cc849"", ""source_url"": ""https://www.sec.gov/files/dera/data/financial-statement-data-sets/2013q3.zip""}, {""accession"": ""0001193125-12-089257"", ""cik"": ""0001138118"", ""evidence_kind"": ""sec_bulk_issuer_name_no_ticker"", ""filed_date"": ""2012-02-29"", ""historical_name"": ""CBRE GROUP, INC."", ""sha256"": ""42ed1a5ecac978d4338bd51cd4bc15bf60cc821291eea492f8172fc4e803d5f6"", ""source_url"": ""https://www.sec.gov/files/dera/data/financial-statement-data-sets/2012q1.zip""}]"
CBS,0000813828,2010-01-01,2016-01-01,corroborated_candidate,24,0,24,2010-02-25,2015-11-03,True,False,[],"[{""accession"": ""0001047469-10-001402"", ""cik"": ""0000813828"", ""evidence_kind"": ""sec_bulk_issuer_name_no_ticker"", ""filed_date"": ""2010-02-25"", ""historical_name"": ""CBS CORP"", ""sha256"": ""2a4db2340ab1662d5135d7e17be1a58352c5959017350f0ef2174135f9996125"", ""source_url"": ""https://www.sec.gov/files/dera/data/financial-statement-data-sets/2010q1.zip""}, {""accession"": ""0001047469-13-005254"", ""cik"": ""0000813828"", ""evidence_kind"": ""sec_bulk_issuer_name_no_ticker"", ""filed_date"": ""2013-05-01"", ""historical_name"": ""CBS CORP"", ""sha256"": ""7cc764386ea9cb01d62e1a9f4fac38dc9c741e96886a953ddaad2def4eb489c7"", ""source_url"": ""https://www.sec.gov/files/dera/data/financial-statement-data-sets/2013q2.zip""}, {""accession"": ""0001047469-12-001373"", ""cik"": ""0000813828"", ""evidence_kind"": ""sec_bulk_issuer_name_no_ticker"", ""filed_date"": ""2012-02-23"", ""historical_name"": ""CBS CORP"", ""sha256"": ""42ed1a5ecac978d4338bd51cd4bc15bf60cc821291eea492f8172fc4e803d5f6"", ""source_url"": ""https://www.sec.gov/files/dera/data/financial-statement-data-sets/2012q1.zip""}]"
CCE,0001491675,2010-01-01,2016-01-01,corroborated_candidate,21,0,21,2010-10-28,2015-10-29,True,False,[],"[{""accession"": ""0001193125-10-239952"", ""cik"": ""0001491675"", ""evidence_kind"": ""sec_bulk_issuer_name_no_ticker"", ""filed_date"": ""2010-10-28"", ""historical_name"": ""COCA-COLA ENTERPRISES, INC."", ""sha256"": ""3dc43a8559cba9e1a9bb5a283a99e1fdfd2b0eaa7a9460887d5b4c70d69cef63"", ""source_url"": ""https://www.sec.gov/files/dera/data/financial-statement-data-sets/2010q4.zip""}, {""accession"": ""0001491675-13-000035"", ""cik"": ""0001491675"", ""evidence_kind"": ""sec_bulk_issuer_name_no_ticker"", ""filed_date"": ""2013-07-25"", ""historical_name"": ""COCA-COLA ENTERPRISES, INC."", ""sha256"": ""c9134387b650a9194f14b3f832f16aa1a72255c20a0e0b954001a643933cc849"", ""source_url"": ""https://www.sec.gov/files/dera/data/financial-statement-data-sets/2013q3.zip""}, {""accession"": ""0001491675-12-000016"", ""cik"": ""0001491675"", ""evidence_kind"": ""sec_bulk_issuer_name_no_ticker"", ""filed_date"": ""2012-02-10"", ""historical_name"": ""COCA-COLA ENTERPRISES, INC."", ""sha256"": ""42ed1a5ecac978d4338bd51cd4bc15bf60cc821291eea492f8172fc4e803d5f6"", ""source_url"": ""https://www.sec.gov/files/dera/data/financial-statement-data-sets/2012q1.zip""}]"
CCI,0001051470,2012-03-14,2016-01-01,corroborated_candidate,15,0,15,2012-05-03,2015-11-06,True,False,[],"[{""accession"": ""0001051470-12-000015"", ""cik"": ""0001051470"", ""evidence_kind"": ""sec_bulk_issuer_name_no_ticker"", ""filed_date"": ""2012-05-03"", ""historical_name"": ""CROWN CASTLE INTERNATIONAL CORP"", ""sha256"": ""0dbb10aa316c674f07849a28e67a25a0a59bd6ef2bc214cd1800c8a2d2a05df6"", ""source_url"": ""https://www.sec.gov/files/dera/data/financial-statement-data-sets/2012q2.zip""}, {""accession"": ""0001051470-14-000008"", ""cik"": ""0001051470"", ""evidence_kind"": ""sec_bulk_issuer_name_no_ticker"", ""filed_date"": ""2014-02-24"", ""historical_name"": ""CROWN CASTLE INTERNATIONAL CORP"", ""sha256"": ""bf55481c6e0088fb45e8efeb2d8de6912a9c3533da918376a24ca5f84144680f"", ""source_url"": ""https://www.sec.gov/files/dera/data/financial-statement-data-sets/2014q1.zip""}, {""accession"": ""0001051470-15-000128"", ""cik"": ""0001051470"", ""evidence_kind"": ""sec_bulk_issuer_name_no_ticker"", ""filed_date"": ""2015-11-06"", ""historical_name"": ""CROWN CASTLE INTERNATIONAL CORP"", ""sha256"": ""1723b41ef2a1d3ea6595f6052ef229a80e03cd183391ca9e297a894f9e589d83"", ""source_url"": ""https://www.sec.gov/files/dera/data/financial-statement-data-sets/2015q4.zip""}]"
CCL,0000815097,2010-01-01,2016-01-01,corroborated_candidate,24,0,24,2010-01-29,2015-10-02,True,False,[],"[{""accession"": ""0001193125-10-016470"", ""cik"": ""0000815097"", ""evidence_kind"": ""sec_bulk_issuer_name_no_ticker"", ""filed_date"": ""2010-01-29"", ""historical_name"": ""CARNIVAL CORP"", ""sha256"": ""2a4db2340ab1662d5135d7e17be1a58352c5959017350f0ef2174135f9996125"", ""source_url"": ""https://www.sec.gov/files/dera/data/financial-statement-data-sets/2010q1.zip""}, {""accession"": ""0001193125-13-280538"", ""cik"": ""0000815097"", ""evidence_kind"": ""sec_bulk_issuer_name_no_ticker"", ""filed_date"": ""2013-07-02"", ""historical_name"": ""CARNIVAL CORP"", ""sha256"": ""c9134387b650a9194f14b3f832f16aa1a72255c20a0e0b954001a643933cc849"", ""source_url"": ""https://www.sec.gov/files/dera/data/financial-statement-data-sets/2013q3.zip""}, {""accession"": ""0001193125-12-028375"", ""cik"": ""0000815097"", ""evidence_kind"": ""sec_bulk_issuer_name_no_ticker"", ""filed_date"": ""2012-01-30"", ""historical_name"": ""CARNIVAL CORP"", ""sha256"": ""42ed1a5ecac978d4338bd51cd4bc15bf60cc821291eea492f8172fc4e803d5f6"", ""source_url"": ""https://www.sec.gov/files/dera/data/financial-statement-data-sets/2012q1.zip""}]"
CEG,0001004440,2010-01-01,2012-03-13,corroborated_candidate,9,0,9,2010-02-26,2012-02-29,True,False,[],"[{""accession"": ""0001047469-10-001515"", ""cik"": ""0001004440"", ""evidence_kind"": ""sec_bulk_issuer_name_no_ticker"", ""filed_date"": ""2010-02-26"", ""historical_name"": ""CONSTELLATION ENERGY GROUP INC"", ""sha256"": ""2a4db2340ab1662d5135d7e17be1a58352c5959017350f0ef2174135f9996125"", ""source_url"": ""https://www.sec.gov/files/dera/data/financial-statement-data-sets/2010q1.zip""}, {""accession"": ""0001047469-11-001579"", ""cik"": ""0001004440"", ""evidence_kind"": ""sec_bulk_issuer_name_no_ticker"", ""filed_date"": ""2011-03-01"", ""historical_name"": ""CONSTELLATION ENERGY GROUP INC"", ""sha256"": ""e63b781a5e57e55d68e110a06d3f697e942a60e17f093bbdc1a16ac7152a7df5"", ""source_url"": ""https://www.sec.gov/files/dera/data/financial-statement-data-sets/2011q1.zip""}, {""accession"": ""0001047469-12-001863"", ""cik"": ""0001004440"", ""evidence_kind"": ""sec_bulk_issuer_name_no_ticker"", ""filed_date"": ""2012-02-29"", ""historical_name"": ""CONSTELLATION ENERGY GROUP INC"", ""sha256"": ""42ed1a5ecac978d4338bd51cd4bc15bf60cc821291eea492f8172fc4e803d5f6"", ""source_url"": ""https://www.sec.gov/files/dera/data/financial-statement-data-sets/2012q1.zip""}]"
CELG,0000816284,2010-01-01,2016-01-01,corroborated_candidate,24,0,24,2010-02-18,2015-11-05,True,False,[],"[{""accession"": ""0000950123-10-014092"", ""cik"": ""0000816284"", ""evidence_kind"": ""sec_bulk_issuer_name_no_ticker"", ""filed_date"": ""2010-02-18"", ""historical_name"": ""CELGENE CORP /DE/"", ""sha256"": ""2a4db2340ab1662d5135d7e17be1a58352c5959017350f0ef2174135f9996125"", ""source_url"": ""https://www.sec.gov/files/dera/data/financial-statement-data-sets/2010q1.zip""}, {""accession"": ""0001104659-13-035213"", ""cik"": ""0000816284"", ""evidence_kind"": ""sec_bulk_issuer_name_no_ticker"", ""filed_date"": ""2013-04-30"", ""historical_name"": ""CELGENE CORP /DE/"", ""sha256"": ""7cc764386ea9cb01d62e1a9f4fac38dc9c741e96886a953ddaad2def4eb489c7"", ""source_url"": ""https://www.sec.gov/files/dera/data/financial-statement-data-sets/2013q2.zip""}, {""accession"": ""0001047469-12-001293"", ""cik"": ""0000816284"", ""evidence_kind"": ""sec_bulk_issuer_name_no_ticker"", ""filed_date"": ""2012-02-22"", ""historical_name"": ""CELGENE CORP /DE/"", ""sha256"": ""42ed1a5ecac978d4338bd51cd4bc15bf60cc821291eea492f8172fc4e803d5f6"", ""source_url"": ""https://www.sec.gov/files/dera/data/financial-statement-data-sets/2012q1.zip""}]"
CEPH,0000873364,2010-01-01,2011-10-14,corroborated_candidate,5,0,5,2010-07-28,2011-08-03,True,False,[],"[{""accession"": ""0001104659-10-039997"", ""cik"": ""0000873364"", ""evidence_kind"": ""sec_bulk_issuer_name_no_ticker"", ""filed_date"": ""2010-07-28"", ""historical_name"": ""CEPHALON INC"", ""sha256"": ""52014faf614ca0d7b8040e364f5b3e99f28d5e96b711aa922b490056e2c1d7b5"", ""source_url"": ""https://www.sec.gov/files/dera/data/financial-statement-data-sets/2010q3.zip""}, {""accession"": ""0001047469-11-000780"", ""cik"": ""0000873364"", ""evidence_kind"": ""sec_bulk_issuer_name_no_ticker"", ""filed_date"": ""2011-02-11"", ""historical_name"": ""CEPHALON INC"", ""sha256"": ""e63b781a5e57e55d68e110a06d3f697e942a60e17f093bbdc1a16ac7152a7df5"", ""source_url"": ""https://www.sec.gov/files/dera/data/financial-statement-data-sets/2011q1.zip""}, {""accession"": ""0001104659-11-042899"", ""cik"": ""0000873364"", ""evidence_kind"": ""sec_bulk_issuer_name_no_ticker"", ""filed_date"": ""2011-08-03"", ""historical_name"": ""CEPHALON INC"", ""sha256"": ""43b9beb243c6686a29df5cf817ed2cb3a7c86a7398bbc56e2fb4d0cf4784ac28"", ""source_url"": ""https://www.sec.gov/files/dera/data/financial-statement-data-sets/2011q3.zip""}]"
CERN,0000804753,2010-04-30,2016-01-01,corroborated_candidate,22,0,22,2010-07-30,2015-11-04,True,False,[],"[{""accession"": ""0000950123-10-070540"", ""cik"": ""0000804753"", ""evidence_kind"": ""sec_bulk_issuer_name_no_ticker"", ""filed_date"": ""2010-07-30"", ""historical_name"": ""CERNER CORP /MO/"", ""sha256"": ""52014faf614ca0d7b8040e364f5b3e99f28d5e96b711aa922b490056e2c1d7b5"", ""source_url"": ""https://www.sec.gov/files/dera/data/financial-statement-data-sets/2010q3.zip""}, {""accession"": ""0000804753-13-000037"", ""cik"": ""0000804753"", ""evidence_kind"": ""sec_bulk_issuer_name_no_ticker"", ""filed_date"": ""2013-07-26"", ""historical_name"": ""CERNER CORP /MO/"", ""sha256"": ""c9134387b650a9194f14b3f832f16aa1a72255c20a0e0b954001a643933cc849"", ""source_url"": ""https://www.sec.gov/files/dera/data/financial-statement-data-sets/2013q3.zip""}, {""accession"": ""0001193125-12-063585"", ""cik"": ""0000804753"", ""evidence_kind"": ""sec_bulk_issuer_name_no_ticker"", ""filed_date"": ""2012-02-15"", ""historical_name"": ""CERNER CORP /MO/"", ""sha256"": ""42ed1a5ecac978d4338bd51cd4bc15bf60cc821291eea492f8172fc4e803d5f6"", ""source_url"": ""https://www.sec.gov/files/dera/data/financial-statement-data-sets/2012q1.zip""}]"
CF,0001324404,2010-01-01,2016-01-01,corroborated_candidate,24,0,24,2010-02-25,2015-11-09,True,False,[],"[{""accession"": ""0001047469-10-001364"", ""cik"": ""0001324404"", ""evidence_kind"": ""sec_bulk_issuer_name_no_ticker"", ""filed_date"": ""2010-02-25"", ""historical_name"": ""CF INDUSTRIES HOLDINGS, INC."", ""sha256"": ""2a4db2340ab1662d5135d7e17be1a58352c5959017350f0ef2174135f9996125"", ""source_url"": ""https://www.sec.gov/files/dera/data/financial-statement-data-sets/2010q1.zip""}, {""accession"": ""0001047469-13-005810"", ""cik"": ""0001324404"", ""evidence_kind"": ""sec_bulk_issuer_name_no_ticker"", ""filed_date"": ""2013-05-09"", ""historical_name"": ""CF INDUSTRIES HOLDINGS, INC."", ""sha256"": ""7cc764386ea9cb01d62e1a9f4fac38dc9c741e96886a953ddaad2def4eb489c7"", ""source_url"": ""https://www.sec.gov/files/dera/data/financial-statement-data-sets/2013q2.zip""}, {""accession"": ""0001047469-12-001620"", ""cik"": ""0001324404"", ""evidence_kind"": ""sec_bulk_issuer_name_no_ticker"", ""filed_date"": ""2012-02-27"", ""historical_name"": ""CF INDUSTRIES HOLDINGS, INC."", ""sha256"": ""42ed1a5ecac978d4338bd51cd4bc15bf60cc821291eea492f8172fc4e803d5f6"", ""source_url"": ""https://www.sec.gov/files/dera/data/financial-statement-data-sets/2012q1.zip""}]"
CFN,0001457543,2010-01-01,2015-03-17,confirmed_by_multiple_evidence,3,3,13,2011-11-08,2015-02-06,True,False,[],"[{""accession"": ""0001193125-11-301152"", ""cik"": ""0001457543"", ""evidence_kind"": ""sec_dei_ticker"", ""filed_date"": ""2011-11-08"", ""sha256"": ""7fbfcfa65f3fb67396206359036d2a29283a87ee32837d481797e6c1bb93410f"", ""source_url"": ""https://www.sec.gov/Archives/edgar/data/1457543/000119312511301152/cfn-20110930.xml""}, {""accession"": ""0001193125-13-329216"", ""cik"": ""0001457543"", ""evidence_kind"": ""sec_dei_ticker"", ""filed_date"": ""2013-08-09"", ""sha256"": ""6384b2a947948c2984dd802a412906c82cf3be068a7b793e8852bef45ab5349b"", ""source_url"": ""https://www.sec.gov/Archives/edgar/data/1457543/000119312513329216/cfn-20130630.xml""}, {""accession"": ""0001502823-15-000007"", ""cik"": ""0001457543"", ""evidence_kind"": ""sec_dei_ticker"", ""filed_date"": ""2015-02-06"", ""sha256"": ""19e0e286d2dca519eb508497fe9d5f2b5b5a03bfbb8328dc82d4b50202708288"", ""source_url"": ""https://www.sec.gov/Archives/edgar/data/1457543/000150282315000007/cfn-20141231.xml""}, {""accession"": ""0001502823-13-000031"", ""cik"": ""0001457543"", ""evidence_kind"": ""sec_bulk_issuer_name_no_ticker"", ""filed_date"": ""2013-11-08"", ""historical_name"": ""CAREFUSION CORP"", ""sha256"": ""7781ac25ddbd4f6eb8eb85e838656181fb06e8bc16b1dd5efccb9e21f8f5baa7"", ""source_url"": ""https://www.sec.gov/files/dera/data/financial-statement-data-sets/2013q4.zip""}, {""accession"": ""0001193125-12-037942"", ""cik"": ""0001457543"", ""evidence_kind"": ""sec_bulk_issuer_name_no_ticker"", ""filed_date"": ""2012-02-03"", ""historical_name"": ""CAREFUSION CORP"", ""sha256"": ""42ed1a5ecac978d4338bd51cd4bc15bf60cc821291eea492f8172fc4e803d5f6"", ""source_url"": ""https://www.sec.gov/files/dera/data/financial-statement-data-sets/2012q1.zip""}]"
CHD,0000313927,2015-12-29,2016-01-01,unresolved,0,0,0,,,False,False,[],[]
CHK,0000895126,2010-01-01,2016-01-01,confirmed_by_multiple_evidence,3,3,24,2010-03-01,2015-11-04,True,False,[],"[{""accession"": ""0000895126-13-000076"", ""cik"": ""0000895126"", ""evidence_kind"": ""sec_dei_ticker"", ""filed_date"": ""2013-03-01"", ""sha256"": ""796c0cf12f70364e18b32ea71a7ddbf3f8afdb0722279295db56e88bc756c317"", ""source_url"": ""https://www.sec.gov/Archives/edgar/data/895126/000089512613000076/chk-20121231.xml""}, {""accession"": ""0000895126-15-000292"", ""cik"": ""0000895126"", ""evidence_kind"": ""sec_dei_ticker"", ""filed_date"": ""2015-11-04"", ""sha256"": ""388e7c6e670f14a4eff417b104b130fdd300526267c5c909c6db6fe3b783cd4b"", ""source_url"": ""https://www.sec.gov/Archives/edgar/data/895126/000089512615000292/chk-20150930.xml""}, {""accession"": ""0001193125-10-044784"", ""cik"": ""0000895126"", ""evidence_kind"": ""sec_dei_ticker"", ""filed_date"": ""2010-03-01"", ""sha256"": ""702b9bfdbb49a9000533f3f968cf2bcd4426d924f4af1198718f94f56dcf6638"", ""source_url"": ""https://www.sec.gov/Archives/edgar/data/895126/000119312510044784/chk-20091231.xml""}, {""accession"": ""0000895126-13-000157"", ""cik"": ""0000895126"", ""evidence_kind"": ""sec_bulk_issuer_name_no_ticker"", ""filed_date"": ""2013-05-10"", ""historical_name"": ""CHESAPEAKE ENERGY CORP"", ""sha256"": ""7cc764386ea9cb01d62e1a9f4fac38dc9c741e96886a953ddaad2def4eb489c7"", ""source_url"": ""https://www.sec.gov/files/dera/data/financial-statement-data-sets/2013q2.zip""}, {""accession"": ""0001193125-12-089591"", ""cik"": ""0000895126"", ""evidence_kind"": ""sec_bulk_issuer_name_no_ticker"", ""filed_date"": ""2012-02-29"", ""historical_name"": ""CHESAPEAKE ENERGY CORP"", ""sha256"": ""42ed1a5ecac978d4338bd51cd4bc15bf60cc821291eea492f8172fc4e803d5f6"", ""source_url"": ""https://www.sec.gov/files/dera/data/financial-statement-data-sets/2012q1.zip""}]"
CHRW,0001043277,2010-01-01,2016-01-01,confirmed_by_multiple_evidence,3,3,24,2010-03-01,2015-11-09,True,False,[],"[{""accession"": ""0001043277-13-000004"", ""cik"": ""0001043277"", ""evidence_kind"": ""sec_dei_ticker"", ""filed_date"": ""2013-03-01"", ""sha256"": ""8543170e0369526e12242f5c1f0ccd1d0449f9caaad9f5aa23659304aa0c949f"", ""source_url"": ""https://www.sec.gov/Archives/edgar/data/1043277/000104327713000004/chrw-20121231.xml""}, {""accession"": ""0001043277-15-000017"", ""cik"": ""0001043277"", ""evidence_kind"": ""sec_dei_ticker"", ""filed_date"": ""2015-11-09"", ""sha256"": ""8f70de2bb786cdf6d50511df66cef97825ffd748807754d4159f89264c392c33"", ""source_url"": ""https://www.sec.gov/Archives/edgar/data/1043277/000104327715000017/chrw-20150930.xml""}, {""accession"": ""0001193125-10-044679"", ""cik"": ""0001043277"", ""evidence_kind"": ""sec_dei_ticker"", ""filed_date"": ""2010-03-01"", ""sha256"": ""322a4f582f10f84a8cfb98bfc33556469f970bbc2cd7c88a3cca875f54d34331"", ""source_url"": ""https://www.sec.gov/Archives/edgar/data/1043277/000119312510044679/chrw-20091231.xml""}, {""accession"": ""0001043277-13-000012"", ""cik"": ""0001043277"", ""evidence_kind"": ""sec_bulk_issuer_name_no_ticker"", ""filed_date"": ""2013-05-09"", ""historical_name"": ""C H ROBINSON WORLDWIDE INC"", ""sha256"": ""7cc764386ea9cb01d62e1a9f4fac38dc9c741e96886a953ddaad2def4eb489c7"", ""source_url"": ""https://www.sec.gov/files/dera/data/financial-statement-data-sets/2013q2.zip""}, {""accession"": ""0001193125-12-088389"", ""cik"": ""0001043277"", ""evidence_kind"": ""sec_bulk_issuer_name_no_ticker"", ""filed_date"": ""2012-02-29"", ""historical_name"": ""C H ROBINSON WORLDWIDE INC"", ""sha256"": ""42ed1a5ecac978d4338bd51cd4bc15bf60cc821291eea492f8172fc4e803d5f6"", ""source_url"": ""https://www.sec.gov/files/dera/data/financial-statement-data-sets/2012q1.zip""}]"
CI,0001739940,2010-01-01,2016-01-01,unresolved,0,0,0,,,False,False,[],[]
CINF,0000020286,2010-01-01,2016-01-01,confirmed_by_multiple_evidence,2,2,22,2010-07-29,2015-10-27,True,False,[],"[{""accession"": ""0000020286-13-000004"", ""cik"": ""0000020286"", ""evidence_kind"": ""sec_dei_ticker"", ""filed_date"": ""2013-04-25"", ""sha256"": ""d9e7ebd6889d3aae0f0f49ff293c3e59342db73fd136d81b0822a357ef3c5b4c"", ""source_url"": ""https://www.sec.gov/Archives/edgar/data/20286/000002028613000004/cinf-20130331.xml""}, {""accession"": ""0000020286-15-000040"", ""cik"": ""0000020286"", ""evidence_kind"": ""sec_dei_ticker"", ""filed_date"": ""2015-10-27"", ""sha256"": ""16da5d9e4b4a48e6633f4351ca8bc0e42ac96db2c1772e931a0480febf7e1d5b"", ""source_url"": ""https://www.sec.gov/Archives/edgar/data/20286/000002028615000040/cinf-20150930.xml""}, {""accession"": ""0001144204-10-039885"", ""cik"": ""0000020286"", ""evidence_kind"": ""sec_bulk_issuer_name_no_ticker"", ""filed_date"": ""2010-07-29"", ""historical_name"": ""CINCINNATI FINANCIAL CORP"", ""sha256"": ""52014faf614ca0d7b8040e364f5b3e99f28d5e96b711aa922b490056e2c1d7b5"", ""source_url"": ""https://www.sec.gov/files/dera/data/financial-statement-data-sets/2010q3.zip""}, {""accession"": ""0000020286-13-000013"", ""cik"": ""0000020286"", ""evidence_kind"": ""sec_bulk_issuer_name_no_ticker"", ""filed_date"": ""2013-07-25"", ""historical_name"": ""CINCINNATI FINANCIAL CORP"", ""sha256"": ""c9134387b650a9194f14b3f832f16aa1a72255c20a0e0b954001a643933cc849"", ""source_url"": ""https://www.sec.gov/files/dera/data/financial-statement-data-sets/2013q3.zip""}, {""accession"": ""0001144204-12-011957"", ""cik"": ""0000020286"", ""evidence_kind"": ""sec_bulk_issuer_name_no_ticker"", ""filed_date"": ""2012-02-29"", ""historical_name"": ""CINCINNATI FINANCIAL CORP"", ""sha256"": ""42ed1a5ecac978d4338bd51cd4bc15bf60cc821291eea492f8172fc4e803d5f6"", ""source_url"": ""https://www.sec.gov/files/dera/data/financial-statement-data-sets/2012q1.zip""}]"
CL,0000021665,2010-01-01,2016-01-01,corroborated_candidate,24,1,24,2010-02-25,2015-10-30,True,False,[],"[{""accession"": ""0001628280-15-008062"", ""cik"": ""0000021665"", ""evidence_kind"": ""sec_dei_ticker"", ""filed_date"": ""2015-10-30"", ""sha256"": ""13f80b8271e8095bfe6ed0f722b422b4336f42e96ac953b819e2afe8b1769d64"", ""source_url"": ""https://www.sec.gov/Archives/edgar/data/21665/000162828015008062/cl-20150930.xml""}, {""accession"": ""0001140361-10-008522"", ""cik"": ""0000021665"", ""evidence_kind"": ""sec_bulk_issuer_name_no_ticker"", ""filed_date"": ""2010-02-25"", ""historical_name"": ""COLGATE PALMOLIVE CO"", ""sha256"": ""2a4db2340ab1662d5135d7e17be1a58352c5959017350f0ef2174135f9996125"", ""source_url"": ""https://www.sec.gov/files/dera/data/financial-statement-data-sets/2010q1.zip""}, {""accession"": ""0001445305-13-000904"", ""cik"": ""0000021665"", ""evidence_kind"": ""sec_bulk_issuer_name_no_ticker"", ""filed_date"": ""2013-04-25"", ""historical_name"": ""COLGATE PALMOLIVE CO"", ""sha256"": ""7cc764386ea9cb01d62e1a9f4fac38dc9c741e96886a953ddaad2def4eb489c7"", ""source_url"": ""https://www.sec.gov/files/dera/data/financial-statement-data-sets/2013q2.zip""}, {""accession"": ""0001445305-12-000409"", ""cik"": ""0000021665"", ""evidence_kind"": ""sec_bulk_issuer_name_no_ticker"", ""filed_date"": ""2012-02-23"", ""historical_name"": ""COLGATE PALMOLIVE CO"", ""sha256"": ""42ed1a5ecac978d4338bd51cd4bc15bf60cc821291eea492f8172fc4e803d5f6"", ""source_url"": ""https://www.sec.gov/files/dera/data/financial-statement-data-sets/2012q1.zip""}]"
CLF,0000076406,2010-01-22,2014-04-02,unresolved,0,0,0,,,False,False,[],[]
CLX,0000021076,2010-01-01,2016-01-01,corroborated_candidate,24,0,24,2010-02-05,2015-11-02,True,False,[],"[{""accession"": ""0001206774-10-000241"", ""cik"": ""0000021076"", ""evidence_kind"": ""sec_bulk_issuer_name_no_ticker"", ""filed_date"": ""2010-02-05"", ""historical_name"": ""CLOROX CO /DE/"", ""sha256"": ""2a4db2340ab1662d5135d7e17be1a58352c5959017350f0ef2174135f9996125"", ""source_url"": ""https://www.sec.gov/files/dera/data/financial-statement-data-sets/2010q1.zip""}, {""accession"": ""0001206774-13-001712"", ""cik"": ""0000021076"", ""evidence_kind"": ""sec_bulk_issuer_name_no_ticker"", ""filed_date"": ""2013-05-02"", ""historical_name"": ""CLOROX CO /DE/"", ""sha256"": ""7cc764386ea9cb01d62e1a9f4fac38dc9c741e96886a953ddaad2def4eb489c7"", ""source_url"": ""https://www.sec.gov/files/dera/data/financial-statement-data-sets/2013q2.zip""}, {""accession"": ""0001206774-12-000477"", ""cik"": ""0000021076"", ""evidence_kind"": ""sec_bulk_issuer_name_no_ticker"", ""filed_date"": ""2012-02-06"", ""historical_name"": ""CLOROX CO /DE/"", ""sha256"": ""42ed1a5ecac978d4338bd51cd4bc15bf60cc821291eea492f8172fc4e803d5f6"", ""source_url"": ""https://www.sec.gov/files/dera/data/financial-statement-data-sets/2012q1.zip""}]"
CMA,0000028412,2010-01-01,2016-01-01,corroborated_candidate,22,0,22,2010-07-30,2015-10-29,True,False,[],"[{""accession"": ""0001104659-10-040832"", ""cik"": ""0000028412"", ""evidence_kind"": ""sec_bulk_issuer_name_no_ticker"", ""filed_date"": ""2010-07-30"", ""historical_name"": ""COMERICA INC /NEW/"", ""sha256"": ""52014faf614ca0d7b8040e364f5b3e99f28d5e96b711aa922b490056e2c1d7b5"", ""source_url"": ""https://www.sec.gov/files/dera/data/financial-statement-data-sets/2010q3.zip""}, {""accession"": ""0000028412-13-000093"", ""cik"": ""0000028412"", ""evidence_kind"": ""sec_bulk_issuer_name_no_ticker"", ""filed_date"": ""2013-07-29"", ""historical_name"": ""COMERICA INC /NEW/"", ""sha256"": ""c9134387b650a9194f14b3f832f16aa1a72255c20a0e0b954001a643933cc849"", ""source_url"": ""https://www.sec.gov/files/dera/data/financial-statement-data-sets/2013q3.zip""}, {""accession"": ""0000028412-12-000031"", ""cik"": ""0000028412"", ""evidence_kind"": ""sec_bulk_issuer_name_no_ticker"", ""filed_date"": ""2012-02-21"", ""historical_name"": ""COMERICA INC /NEW/"", ""sha256"": ""42ed1a5ecac978d4338bd51cd4bc15bf60cc821291eea492f8172fc4e803d5f6"", ""source_url"": ""https://www.sec.gov/files/dera/data/financial-statement-data-sets/2012q1.zip""}]"
CMCSA,0001166691,2010-01-01,2016-01-01,confirmed_by_multiple_evidence,3,3,24,2010-02-23,2015-10-27,True,False,[],"[{""accession"": ""0001193125-10-037551"", ""cik"": ""0001166691"", ""evidence_kind"": ""sec_dei_ticker"", ""filed_date"": ""2010-02-23"", ""sha256"": ""cb02741d401a48a83a8870371ef23c2ee7414ca2832b23c038cb7c35a8ba7791"", ""source_url"": ""https://www.sec.gov/Archives/edgar/data/1166691/000119312510037551/cmcsa-20091231.xml""}, {""accession"": ""0001193125-13-067658"", ""cik"": ""0001166691"", ""evidence_kind"": ""sec_dei_ticker"", ""filed_date"": ""2013-02-21"", ""sha256"": ""c0b1784db9a0db09cf9b2e025ad681b7b1870a4b48844b7944a1a491d23443c4"", ""source_url"": ""https://www.sec.gov/Archives/edgar/data/1166691/000119312513067658/cmcsa-20121231.xml""}, {""accession"": ""0001193125-15-354626"", ""cik"": ""0001166691"", ""evidence_kind"": ""sec_dei_ticker"", ""filed_date"": ""2015-10-27"", ""sha256"": ""26b6497351e9166aa7ef0368fa4bb0af823746e54f7701324f8082d631f49f55"", ""source_url"": ""https://www.sec.gov/Archives/edgar/data/1166691/000119312515354626/cmcsa-20150930.xml""}, {""accession"": ""0001193125-13-191930"", ""cik"": ""0001166691"", ""evidence_kind"": ""sec_bulk_issuer_name_no_ticker"", ""filed_date"": ""2013-05-01"", ""historical_name"": ""COMCAST CORP"", ""sha256"": ""7cc764386ea9cb01d62e1a9f4fac38dc9c741e96886a953ddaad2def4eb489c7"", ""source_url"": ""https://www.sec.gov/files/dera/data/financial-statement-data-sets/2013q2.zip""}, {""accession"": ""0001193125-12-073905"", ""cik"": ""0001166691"", ""evidence_kind"": ""sec_bulk_issuer_name_no_ticker"", ""filed_date"": ""2012-02-23"", ""historical_name"": ""COMCAST CORP"", ""sha256"": ""42ed1a5ecac978d4338bd51cd4bc15bf60cc821291eea492f8172fc4e803d5f6"", ""source_url"": ""https://www.sec.gov/files/dera/data/financial-statement-data-sets/2012q1.zip""}]"
CMCSK,0001166691,2015-09-25,2015-12-14,ambiguous,1,0,1,2015-10-27,2015-10-27,True,False,['CMCSA'],"[{""accession"": ""0001193125-15-354626"", ""cik"": ""0001166691"", ""evidence_kind"": ""sec_bulk_issuer_name_no_ticker"", ""filed_date"": ""2015-10-27"", ""historical_name"": ""COMCAST CORP"", ""sha256"": ""1723b41ef2a1d3ea6595f6052ef229a80e03cd183391ca9e297a894f9e589d83"", ""source_url"": ""https://www.sec.gov/files/dera/data/financial-statement-data-sets/2015q4.zip""}]"
CME,0001156375,2010-01-01,2016-01-01,corroborated_candidate,24,1,24,2010-02-26,2015-11-06,True,False,[],"[{""accession"": ""0001193125-10-043180"", ""cik"": ""0001156375"", ""evidence_kind"": ""sec_dei_ticker"", ""filed_date"": ""2010-02-26"", ""sha256"": ""ffee75f09f017134101988d9ff598807df0314f4b512fad787c508c53d6764c9"", ""source_url"": ""https://www.sec.gov/Archives/edgar/data/1156375/000119312510043180/cme-20091231.xml""}, {""accession"": ""0001156375-13-000050"", ""cik"": ""0001156375"", ""evidence_kind"": ""sec_bulk_issuer_name_no_ticker"", ""filed_date"": ""2013-05-08"", ""historical_name"": ""CME GROUP INC."", ""sha256"": ""7cc764386ea9cb01d62e1a9f4fac38dc9c741e96886a953ddaad2def4eb489c7"", ""source_url"": ""https://www.sec.gov/files/dera/data/financial-statement-data-sets/2013q2.zip""}, {""accession"": ""0001156375-12-000016"", ""cik"": ""0001156375"", ""evidence_kind"": ""sec_bulk_issuer_name_no_ticker"", ""filed_date"": ""2012-02-28"", ""historical_name"": ""CME GROUP INC."", ""sha256"": ""42ed1a5ecac978d4338bd51cd4bc15bf60cc821291eea492f8172fc4e803d5f6"", ""source_url"": ""https://www.sec.gov/files/dera/data/financial-statement-data-sets/2012q1.zip""}]"
CMG,0001058090,2011-04-28,2016-01-01,corroborated_candidate,18,0,18,2011-07-21,2015-10-21,True,False,[],"[{""accession"": ""0001193125-11-193785"", ""cik"": ""0001058090"", ""evidence_kind"": ""sec_bulk_issuer_name_no_ticker"", ""filed_date"": ""2011-07-21"", ""historical_name"": ""CHIPOTLE MEXICAN GRILL INC"", ""sha256"": ""43b9beb243c6686a29df5cf817ed2cb3a7c86a7398bbc56e2fb4d0cf4784ac28"", ""source_url"": ""https://www.sec.gov/files/dera/data/financial-statement-data-sets/2011q3.zip""}, {""accession"": ""0001193125-14-035451"", ""cik"": ""0001058090"", ""evidence_kind"": ""sec_bulk_issuer_name_no_ticker"", ""filed_date"": ""2014-02-05"", ""historical_name"": ""CHIPOTLE MEXICAN GRILL INC"", ""sha256"": ""bf55481c6e0088fb45e8efeb2d8de6912a9c3533da918376a24ca5f84144680f"", ""source_url"": ""https://www.sec.gov/files/dera/data/financial-statement-data-sets/2014q1.zip""}, {""accession"": ""0001193125-12-052969"", ""cik"": ""0001058090"", ""evidence_kind"": ""sec_bulk_issuer_name_no_ticker"", ""filed_date"": ""2012-02-10"", ""historical_name"": ""CHIPOTLE MEXICAN GRILL INC"", ""sha256"": ""42ed1a5ecac978d4338bd51cd4bc15bf60cc821291eea492f8172fc4e803d5f6"", ""source_url"": ""https://www.sec.gov/files/dera/data/financial-statement-data-sets/2012q1.zip""}]"
CMI,0000026172,2010-01-01,2016-01-01,corroborated_candidate,24,0,24,2010-02-26,2015-10-27,True,False,[],"[{""accession"": ""0001047469-10-001435"", ""cik"": ""0000026172"", ""evidence_kind"": ""sec_bulk_issuer_name_no_ticker"", ""filed_date"": ""2010-02-26"", ""historical_name"": ""CUMMINS INC"", ""sha256"": ""2a4db2340ab1662d5135d7e17be1a58352c5959017350f0ef2174135f9996125"", ""source_url"": ""https://www.sec.gov/files/dera/data/financial-statement-data-sets/2010q1.zip""}, {""accession"": ""0001104659-13-035765"", ""cik"": ""0000026172"", ""evidence_kind"": ""sec_bulk_issuer_name_no_ticker"", ""filed_date"": ""2013-05-01"", ""historical_name"": ""CUMMINS INC"", ""sha256"": ""7cc764386ea9cb01d62e1a9f4fac38dc9c741e96886a953ddaad2def4eb489c7"", ""source_url"": ""https://www.sec.gov/files/dera/data/financial-statement-data-sets/2013q2.zip""}, {""accession"": ""0001047469-12-001182"", ""cik"": ""0000026172"", ""evidence_kind"": ""sec_bulk_issuer_name_no_ticker"", ""filed_date"": ""2012-02-21"", ""historical_name"": ""CUMMINS INC"", ""sha256"": ""42ed1a5ecac978d4338bd51cd4bc15bf60cc821291eea492f8172fc4e803d5f6"", ""source_url"": ""https://www.sec.gov/files/dera/data/financial-statement-data-sets/2012q1.zip""}]"
CMS,0000811156,2010-01-01,2016-01-01,confirmed_by_multiple_evidence,3,3,22,2010-07-28,2015-10-29,True,False,[],"[{""accession"": ""0000950123-10-068962"", ""cik"": ""0000811156"", ""evidence_kind"": ""sec_dei_ticker"", ""filed_date"": ""2010-07-28"", ""sha256"": ""bdfb3d42e8758e88975926c50cd72331e264c20b4f51cfe5ed90d75a708f1935"", ""source_url"": ""https://www.sec.gov/Archives/edgar/data/811156/000095012310068962/cms-20100630.xml""}, {""accession"": ""0001104659-13-032793"", ""cik"": ""0000811156"", ""evidence_kind"": ""sec_dei_ticker"", ""filed_date"": ""2013-04-25"", ""sha256"": ""e75b57021c0038a2b54090c9f1a2f3ccc0fa540097a07c8049c9029dfd770d15"", ""source_url"": ""https://www.sec.gov/Archives/edgar/data/811156/000110465913032793/cms-20130331.xml""}, {""accession"": ""0001104659-15-073939"", ""cik"": ""0000811156"", ""evidence_kind"": ""sec_dei_ticker"", ""filed_date"": ""2015-10-29"", ""sha256"": ""0ee3203000320e72793575782b9ce4c824f88f3f5042a99578eeac1212a4d7a4"", ""source_url"": ""https://www.sec.gov/Archives/edgar/data/811156/000110465915073939/cms-20150930.xml""}, {""accession"": ""0001104659-13-056511"", ""cik"": ""0000811156"", ""evidence_kind"": ""sec_bulk_issuer_name_no_ticker"", ""filed_date"": ""2013-07-25"", ""historical_name"": ""CMS ENERGY CORP"", ""sha256"": ""c9134387b650a9194f14b3f832f16aa1a72255c20a0e0b954001a643933cc849"", ""source_url"": ""https://www.sec.gov/files/dera/data/financial-statement-data-sets/2013q3.zip""}, {""accession"": ""0001193125-12-074276"", ""cik"": ""0000811156"", ""evidence_kind"": ""sec_bulk_issuer_name_no_ticker"", ""filed_date"": ""2012-02-23"", ""historical_name"": ""CMS ENERGY CORP"", ""sha256"": ""42ed1a5ecac978d4338bd51cd4bc15bf60cc821291eea492f8172fc4e803d5f6"", ""source_url"": ""https://www.sec.gov/files/dera/data/financial-statement-data-sets/2012q1.zip""}]"
CNP,0001130310,2010-01-01,2016-01-01,corroborated_candidate,23,0,23,2010-02-26,2015-11-05,True,False,[],"[{""accession"": ""0001130310-10-000006"", ""cik"": ""0001130310"", ""evidence_kind"": ""sec_bulk_issuer_name_no_ticker"", ""filed_date"": ""2010-02-26"", ""historical_name"": ""CENTERPOINT ENERGY INC"", ""sha256"": ""2a4db2340ab1662d5135d7e17be1a58352c5959017350f0ef2174135f9996125"", ""source_url"": ""https://www.sec.gov/files/dera/data/financial-statement-data-sets/2010q1.zip""}, {""accession"": ""0001130310-13-000012"", ""cik"": ""0001130310"", ""evidence_kind"": ""sec_bulk_issuer_name_no_ticker"", ""filed_date"": ""2013-05-02"", ""historical_name"": ""CENTERPOINT ENERGY INC"", ""sha256"": ""7cc764386ea9cb01d62e1a9f4fac38dc9c741e96886a953ddaad2def4eb489c7"", ""source_url"": ""https://www.sec.gov/files/dera/data/financial-statement-data-sets/2013q2.zip""}, {""accession"": ""0001130310-12-000011"", ""cik"": ""0001130310"", ""evidence_kind"": ""sec_bulk_issuer_name_no_ticker"", ""filed_date"": ""2012-02-29"", ""historical_name"": ""CENTERPOINT ENERGY INC"", ""sha256"": ""42ed1a5ecac978d4338bd51cd4bc15bf60cc821291eea492f8172fc4e803d5f6"", ""source_url"": ""https://www.sec.gov/files/dera/data/financial-statement-data-sets/2012q1.zip""}]"
CNX,0001070412,2010-01-01,2016-01-01,corroborated_candidate,24,1,24,2010-02-09,2015-11-03,True,False,[],"[{""accession"": ""0001193125-10-025522"", ""cik"": ""0001070412"", ""evidence_kind"": ""sec_dei_ticker"", ""filed_date"": ""2010-02-09"", ""sha256"": ""86c1820ad203178d6e8b2b5d179324606943dd937b5d0f7271380869280abe2a"", ""source_url"": ""https://www.sec.gov/Archives/edgar/data/1070412/000119312510025522/cnx-20091231.xml""}, {""accession"": ""0001070412-13-000021"", ""cik"": ""0001070412"", ""evidence_kind"": ""sec_bulk_issuer_name_no_ticker"", ""filed_date"": ""2013-05-07"", ""historical_name"": ""CONSOL ENERGY INC"", ""sha256"": ""7cc764386ea9cb01d62e1a9f4fac38dc9c741e96886a953ddaad2def4eb489c7"", ""source_url"": ""https://www.sec.gov/files/dera/data/financial-statement-data-sets/2013q2.zip""}, {""accession"": ""0001070412-12-000008"", ""cik"": ""0001070412"", ""evidence_kind"": ""sec_bulk_issuer_name_no_ticker"", ""filed_date"": ""2012-02-10"", ""historical_name"": ""CONSOL ENERGY INC"", ""sha256"": ""42ed1a5ecac978d4338bd51cd4bc15bf60cc821291eea492f8172fc4e803d5f6"", ""source_url"": ""https://www.sec.gov/files/dera/data/financial-statement-data-sets/2012q1.zip""}]"
COF,0000927628,2010-01-01,2016-01-01,confirmed_by_multiple_evidence,3,3,23,2010-02-26,2015-11-02,True,False,[],"[{""accession"": ""0000927628-15-000106"", ""cik"": ""0000927628"", ""evidence_kind"": ""sec_dei_ticker"", ""filed_date"": ""2015-11-02"", ""sha256"": ""6c66f5c924cb09ed7da2840e461d4468ec5a6dc3b5ed4c291f7ed523caa87708"", ""source_url"": ""https://www.sec.gov/Archives/edgar/data/927628/000092762815000106/cof-20150930.xml""}, {""accession"": ""0001193125-10-043152"", ""cik"": ""0000927628"", ""evidence_kind"": ""sec_dei_ticker"", ""filed_date"": ""2010-02-26"", ""sha256"": ""d815c6cbcbf901c005b22f50c383842627051106440dcd4f476b7100d9add595"", ""source_url"": ""https://www.sec.gov/Archives/edgar/data/927628/000119312510043152/cof-20091231.xml""}, {""accession"": ""0001193125-13-084249"", ""cik"": ""0000927628"", ""evidence_kind"": ""sec_dei_ticker"", ""filed_date"": ""2013-02-28"", ""sha256"": ""71de7e638415dda39f0f716ee4d75e4c85b4440cce6d687be39b8f86992e877c"", ""source_url"": ""https://www.sec.gov/Archives/edgar/data/927628/000119312513084249/cof-20121231.xml""}, {""accession"": ""0001193125-13-210712"", ""cik"": ""0000927628"", ""evidence_kind"": ""sec_bulk_issuer_name_no_ticker"", ""filed_date"": ""2013-05-09"", ""historical_name"": ""CAPITAL ONE FINANCIAL CORP"", ""sha256"": ""7cc764386ea9cb01d62e1a9f4fac38dc9c741e96886a953ddaad2def4eb489c7"", ""source_url"": ""https://www.sec.gov/files/dera/data/financial-statement-data-sets/2013q2.zip""}, {""accession"": ""0001193125-12-086138"", ""cik"": ""0000927628"", ""evidence_kind"": ""sec_bulk_issuer_name_no_ticker"", ""filed_date"": ""2012-02-29"", ""historical_name"": ""CAPITAL ONE FINANCIAL CORP"", ""sha256"": ""42ed1a5ecac978d4338bd51cd4bc15bf60cc821291eea492f8172fc4e803d5f6"", ""source_url"": ""https://www.sec.gov/files/dera/data/financial-statement-data-sets/2012q1.zip""}]"
COG,0000858470,2010-01-01,2016-01-01,corroborated_candidate,24,0,24,2010-02-26,2015-10-23,True,False,[],"[{""accession"": ""0001193125-10-042257"", ""cik"": ""0000858470"", ""evidence_kind"": ""sec_bulk_issuer_name_no_ticker"", ""filed_date"": ""2010-02-26"", ""historical_name"": ""CABOT OIL & GAS CORP"", ""sha256"": ""2a4db2340ab1662d5135d7e17be1a58352c5959017350f0ef2174135f9996125"", ""source_url"": ""https://www.sec.gov/files/dera/data/financial-statement-data-sets/2010q1.zip""}, {""accession"": ""0001104659-13-033398"", ""cik"": ""0000858470"", ""evidence_kind"": ""sec_bulk_issuer_name_no_ticker"", ""filed_date"": ""2013-04-26"", ""historical_name"": ""CABOT OIL & GAS CORP"", ""sha256"": ""7cc764386ea9cb01d62e1a9f4fac38dc9c741e96886a953ddaad2def4eb489c7"", ""source_url"": ""https://www.sec.gov/files/dera/data/financial-statement-data-sets/2013q2.zip""}, {""accession"": ""0001047469-12-001751"", ""cik"": ""0000858470"", ""evidence_kind"": ""sec_bulk_issuer_name_no_ticker"", ""filed_date"": ""2012-02-28"", ""historical_name"": ""CABOT OIL & GAS CORP"", ""sha256"": ""42ed1a5ecac978d4338bd51cd4bc15bf60cc821291eea492f8172fc4e803d5f6"", ""source_url"": ""https://www.sec.gov/files/dera/data/financial-statement-data-sets/2012q1.zip""}]"
COL,0001137411,2010-01-01,2016-01-01,corroborated_candidate,23,1,23,2010-01-28,2015-11-17,True,False,[],"[{""accession"": ""0001144204-10-004114"", ""cik"": ""0001137411"", ""evidence_kind"": ""sec_dei_ticker"", ""filed_date"": ""2010-01-28"", ""sha256"": ""2e0551a54c78122c6842b4e141cee81edf8d6e6041d3386657792bd0766b9922"", ""source_url"": ""https://www.sec.gov/Archives/edgar/data/1137411/000114420410004114/col-20091231.xml""}, {""accession"": ""0001137411-13-000068"", ""cik"": ""0001137411"", ""evidence_kind"": ""sec_bulk_issuer_name_no_ticker"", ""filed_date"": ""2013-04-19"", ""historical_name"": ""ROCKWELL COLLINS INC"", ""sha256"": ""7cc764386ea9cb01d62e1a9f4fac38dc9c741e96886a953ddaad2def4eb489c7"", ""source_url"": ""https://www.sec.gov/files/dera/data/financial-statement-data-sets/2013q2.zip""}, {""accession"": ""0001137411-12-000013"", ""cik"": ""0001137411"", ""evidence_kind"": ""sec_bulk_issuer_name_no_ticker"", ""filed_date"": ""2012-01-19"", ""historical_name"": ""ROCKWELL COLLINS INC"", ""sha256"": ""42ed1a5ecac978d4338bd51cd4bc15bf60cc821291eea492f8172fc4e803d5f6"", ""source_url"": ""https://www.sec.gov/files/dera/data/financial-statement-data-sets/2012q1.zip""}]"
COP,0001163165,2010-01-01,2016-01-01,corroborated_candidate,24,1,24,2010-02-25,2015-11-03,True,False,[],"[{""accession"": ""0001193125-15-363847"", ""cik"": ""0001163165"", ""evidence_kind"": ""sec_dei_ticker"", ""filed_date"": ""2015-11-03"", ""sha256"": ""998057813f4580b8b9c4121e4693e56859edc460e89bd7adbc3250d8e4d28b95"", ""source_url"": ""https://www.sec.gov/Archives/edgar/data/1163165/000119312515363847/cop-20150930.xml""}, {""accession"": ""0000950123-10-017187"", ""cik"": ""0001163165"", ""evidence_kind"": ""sec_bulk_issuer_name_no_ticker"", ""filed_date"": ""2010-02-25"", ""historical_name"": ""CONOCOPHILLIPS"", ""sha256"": ""2a4db2340ab1662d5135d7e17be1a58352c5959017350f0ef2174135f9996125"", ""source_url"": ""https://www.sec.gov/files/dera/data/financial-statement-data-sets/2010q1.zip""}, {""accession"": ""0001193125-13-185508"", ""cik"": ""0001163165"", ""evidence_kind"": ""sec_bulk_issuer_name_no_ticker"", ""filed_date"": ""2013-04-30"", ""historical_name"": ""CONOCOPHILLIPS"", ""sha256"": ""7cc764386ea9cb01d62e1a9f4fac38dc9c741e96886a953ddaad2def4eb489c7"", ""source_url"": ""https://www.sec.gov/files/dera/data/financial-statement-data-sets/2013q2.zip""}, {""accession"": ""0001193125-12-070636"", ""cik"": ""0001163165"", ""evidence_kind"": ""sec_bulk_issuer_name_no_ticker"", ""filed_date"": ""2012-02-21"", ""historical_name"": ""CONOCOPHILLIPS"", ""sha256"": ""42ed1a5ecac978d4338bd51cd4bc15bf60cc821291eea492f8172fc4e803d5f6"", ""source_url"": ""https://www.sec.gov/files/dera/data/financial-statement-data-sets/2012q1.zip""}]"
COST,0000909832,2010-01-01,2016-01-01,confirmed_by_multiple_evidence,5,5,24,2010-03-17,2015-12-18,True,False,[],"[{""accession"": ""0000909832-15-000003"", ""cik"": ""0000909832"", ""evidence_kind"": ""sec_dei_ticker"", ""filed_date"": ""2015-03-11"", ""sha256"": ""b41abd8757017273311a3324fb6daa484310c2b68c2a359720fb0b6634a7510e"", ""source_url"": ""https://www.sec.gov/Archives/edgar/data/909832/000090983215000003/cost-20150215.xml""}, {""accession"": ""0000909832-15-000014"", ""cik"": ""0000909832"", ""evidence_kind"": ""sec_dei_ticker"", ""filed_date"": ""2015-10-14"", ""sha256"": ""b625d23625192fa2f04f993af8365bb2792739a8c392bdc2145c075600971534"", ""source_url"": ""https://www.sec.gov/Archives/edgar/data/909832/000090983215000014/cost-20150830.xml""}, {""accession"": ""0000909832-15-000017"", ""cik"": ""0000909832"", ""evidence_kind"": ""sec_dei_ticker"", ""filed_date"": ""2015-12-18"", ""sha256"": ""4282e361de54238520394fbd456a88f906c092fae9a5828c1e1d192db27b11f9"", ""source_url"": ""https://www.sec.gov/Archives/edgar/data/909832/000090983215000017/cost-20151122.xml""}, {""accession"": ""0001193125-10-059399"", ""cik"": ""0000909832"", ""evidence_kind"": ""sec_dei_ticker"", ""filed_date"": ""2010-03-17"", ""sha256"": ""2dbab28da741ca93d3ed444b16764554d1519d259ebc0a33acf1d6fd6bbaa6f5"", ""source_url"": ""https://www.sec.gov/Archives/edgar/data/909832/000119312510059399/cost-20100214.xml""}, {""accession"": ""0001193125-13-117085"", ""cik"": ""0000909832"", ""evidence_kind"": ""sec_dei_ticker"", ""filed_date"": ""2013-03-20"", ""sha256"": ""dd9e2903ef89749600235c51d6c51f0cc48ce3f8506c07ebabf285b3d74f1839"", ""source_url"": ""https://www.sec.gov/Archives/edgar/data/909832/000119312513117085/cost-20130217.xml""}, {""accession"": ""0001445305-13-001463"", ""cik"": ""0000909832"", ""evidence_kind"": ""sec_bulk_issuer_name_no_ticker"", ""filed_date"": ""2013-06-11"", ""historical_name"": ""COSTCO WHOLESALE CORP /NEW"", ""sha256"": ""7cc764386ea9cb01d62e1a9f4fac38dc9c741e96886a953ddaad2def4eb489c7"", ""source_url"": ""https://www.sec.gov/files/dera/data/financial-statement-data-sets/2013q2.zip""}, {""accession"": ""0001193125-12-115279"", ""cik"": ""0000909832"", ""evidence_kind"": ""sec_bulk_issuer_name_no_ticker"", ""filed_date"": ""2012-03-15"", ""historical_name"": ""COSTCO WHOLESALE CORP /NEW"", ""sha256"": ""42ed1a5ecac978d4338bd51cd4bc15bf60cc821291eea492f8172fc4e803d5f6"", ""source_url"": ""https://www.sec.gov/files/dera/data/financial-statement-data-sets/2012q1.zip""}]"
COV,0001385187,2011-03-07,2015-01-27,confirmed_by_multiple_evidence,3,3,16,2011-05-03,2015-01-23,True,False,[],"[{""accession"": ""0001193125-11-123923"", ""cik"": ""0001385187"", ""evidence_kind"": ""sec_dei_ticker"", ""filed_date"": ""2011-05-03"", ""sha256"": ""35ccb64b7e6e3f93a4516888f1b195388f484df669b142f572b99046182fb960"", ""source_url"": ""https://www.sec.gov/Archives/edgar/data/1385187/000119312511123923/cov-20110325.xml""}, {""accession"": ""0001385187-13-000017"", ""cik"": ""0001385187"", ""evidence_kind"": ""sec_dei_ticker"", ""filed_date"": ""2013-04-29"", ""sha256"": ""d2309db50adc1564f8542e774254bd935fa3719aa9aefaca3a10f8a82e496811"", ""source_url"": ""https://www.sec.gov/Archives/edgar/data/1385187/000138518713000017/cov-20130329.xml""}, {""accession"": ""0001385187-15-000004"", ""cik"": ""0001385187"", ""evidence_kind"": ""sec_dei_ticker"", ""filed_date"": ""2015-01-23"", ""sha256"": ""4f6a81746456d5cb1773fda661685ee010012927958b82b7b7765094b1486727"", ""source_url"": ""https://www.sec.gov/Archives/edgar/data/1385187/000138518715000004/cov-20141226.xml""}, {""accession"": ""0001385187-13-000043"", ""cik"": ""0001385187"", ""evidence_kind"": ""sec_bulk_issuer_name_no_ticker"", ""filed_date"": ""2013-08-06"", ""historical_name"": ""COVIDIEN PLC"", ""sha256"": ""c9134387b650a9194f14b3f832f16aa1a72255c20a0e0b954001a643933cc849"", ""source_url"": ""https://www.sec.gov/files/dera/data/financial-statement-data-sets/2013q3.zip""}, {""accession"": ""0001193125-12-038810"", ""cik"": ""0001385187"", ""evidence_kind"": ""sec_bulk_issuer_name_no_ticker"", ""filed_date"": ""2012-02-03"", ""historical_name"": ""COVIDIEN PLC"", ""sha256"": ""42ed1a5ecac978d4338bd51cd4bc15bf60cc821291eea492f8172fc4e803d5f6"", ""source_url"": ""https://www.sec.gov/files/dera/data/financial-statement-data-sets/2012q1.zip""}]"
CPB,0000016732,2010-01-01,2016-01-01,corroborated_candidate,24,0,24,2010-03-10,2015-12-10,True,False,[],"[{""accession"": ""0000950123-10-022850"", ""cik"": ""0000016732"", ""evidence_kind"": ""sec_bulk_issuer_name_no_ticker"", ""filed_date"": ""2010-03-10"", ""historical_name"": ""CAMPBELL SOUP CO"", ""sha256"": ""2a4db2340ab1662d5135d7e17be1a58352c5959017350f0ef2174135f9996125"", ""source_url"": ""https://www.sec.gov/files/dera/data/financial-statement-data-sets/2010q1.zip""}, {""accession"": ""0000016732-13-000013"", ""cik"": ""0000016732"", ""evidence_kind"": ""sec_bulk_issuer_name_no_ticker"", ""filed_date"": ""2013-06-05"", ""historical_name"": ""CAMPBELL SOUP CO"", ""sha256"": ""7cc764386ea9cb01d62e1a9f4fac38dc9c741e96886a953ddaad2def4eb489c7"", ""source_url"": ""https://www.sec.gov/files/dera/data/financial-statement-data-sets/2013q2.zip""}, {""accession"": ""0001445305-12-000596"", ""cik"": ""0000016732"", ""evidence_kind"": ""sec_bulk_issuer_name_no_ticker"", ""filed_date"": ""2012-03-07"", ""historical_name"": ""CAMPBELL SOUP CO"", ""sha256"": ""42ed1a5ecac978d4338bd51cd4bc15bf60cc821291eea492f8172fc4e803d5f6"", ""source_url"": ""https://www.sec.gov/files/dera/data/financial-statement-data-sets/2012q1.zip""}]"
CPGX,0001629995,2015-07-02,2016-01-01,corroborated_candidate,2,0,2,2015-08-03,2015-11-03,True,False,[],"[{""accession"": ""0001629995-15-000006"", ""cik"": ""0001629995"", ""evidence_kind"": ""sec_bulk_issuer_name_no_ticker"", ""filed_date"": ""2015-08-03"", ""historical_name"": ""COLUMBIA PIPELINE GROUP, INC."", ""sha256"": ""9301fa2e346aa6b3a48a36cafab80d1aab5d7970e60bfd168d53ba852a4deca9"", ""source_url"": ""https://www.sec.gov/files/dera/data/financial-statement-data-sets/2015q3.zip""}, {""accession"": ""0001629995-15-000018"", ""cik"": ""0001629995"", ""evidence_kind"": ""sec_bulk_issuer_name_no_ticker"", ""filed_date"": ""2015-11-03"", ""historical_name"": ""COLUMBIA PIPELINE GROUP, INC."", ""sha256"": ""1723b41ef2a1d3ea6595f6052ef229a80e03cd183391ca9e297a894f9e589d83"", ""source_url"": ""https://www.sec.gov/files/dera/data/financial-statement-data-sets/2015q4.zip""}]"
CPWR,0000859014,2010-01-01,2011-12-31,corroborated_candidate,6,0,6,2010-08-06,2011-11-07,True,False,[],"[{""accession"": ""0001140361-10-031970"", ""cik"": ""0000859014"", ""evidence_kind"": ""sec_bulk_issuer_name_no_ticker"", ""filed_date"": ""2010-08-06"", ""historical_name"": ""COMPUWARE CORP"", ""sha256"": ""52014faf614ca0d7b8040e364f5b3e99f28d5e96b711aa922b490056e2c1d7b5"", ""source_url"": ""https://www.sec.gov/files/dera/data/financial-statement-data-sets/2010q3.zip""}, {""accession"": ""0001140361-11-030346"", ""cik"": ""0000859014"", ""evidence_kind"": ""sec_bulk_issuer_name_no_ticker"", ""filed_date"": ""2011-05-27"", ""historical_name"": ""COMPUWARE CORP"", ""sha256"": ""10a6f98f14d2a341e938a379ea32beb4857b01d59facf04e6e7b3c68558a95d1"", ""source_url"": ""https://www.sec.gov/files/dera/data/financial-statement-data-sets/2011q2.zip""}, {""accession"": ""0001140361-11-052004"", ""cik"": ""0000859014"", ""evidence_kind"": ""sec_bulk_issuer_name_no_ticker"", ""filed_date"": ""2011-11-07"", ""historical_name"": ""COMPUWARE CORP"", ""sha256"": ""0f674f68094cc65c83da3c142775dcfd091250e293783c3e8211ee4e97bc083f"", ""source_url"": ""https://www.sec.gov/files/dera/data/financial-statement-data-sets/2011q4.zip""}]"
CRM,0001108524,2010-01-01,2016-01-01,confirmed_by_multiple_evidence,3,3,24,2010-03-11,2015-11-20,True,False,[],"[{""accession"": ""0001108524-15-000034"", ""cik"": ""0001108524"", ""evidence_kind"": ""sec_dei_ticker"", ""filed_date"": ""2015-11-20"", ""sha256"": ""88a22d7be75b2c71aa05010acf8570e6970e0b7c54df6b4939f3c7a598ab74ed"", ""source_url"": ""https://www.sec.gov/Archives/edgar/data/1108524/000110852415000034/crm-20151031.xml""}, {""accession"": ""0001193125-10-053838"", ""cik"": ""0001108524"", ""evidence_kind"": ""sec_dei_ticker"", ""filed_date"": ""2010-03-11"", ""sha256"": ""8139a736ed1877faaffd0b376f430573ce9831b9b2fc65e141b475d0905adebd"", ""source_url"": ""https://www.sec.gov/Archives/edgar/data/1108524/000119312510053838/crm-20100131.xml""}, {""accession"": ""0001193125-13-098852"", ""cik"": ""0001108524"", ""evidence_kind"": ""sec_dei_ticker"", ""filed_date"": ""2013-03-08"", ""sha256"": ""7476547ad957e3b8b0f4599a4d720939e9d2a1af5371732de5ca9aa46c80b479"", ""source_url"": ""https://www.sec.gov/Archives/edgar/data/1108524/000119312513098852/crm-20130131.xml""}, {""accession"": ""0001193125-13-235664"", ""cik"": ""0001108524"", ""evidence_kind"": ""sec_bulk_issuer_name_no_ticker"", ""filed_date"": ""2013-05-24"", ""historical_name"": ""SALESFORCE COM INC"", ""sha256"": ""7cc764386ea9cb01d62e1a9f4fac38dc9c741e96886a953ddaad2def4eb489c7"", ""source_url"": ""https://www.sec.gov/files/dera/data/financial-statement-data-sets/2013q2.zip""}, {""accession"": ""0001193125-12-107281"", ""cik"": ""0001108524"", ""evidence_kind"": ""sec_bulk_issuer_name_no_ticker"", ""filed_date"": ""2012-03-09"", ""historical_name"": ""SALESFORCE COM INC"", ""sha256"": ""42ed1a5ecac978d4338bd51cd4bc15bf60cc821291eea492f8172fc4e803d5f6"", ""source_url"": ""https://www.sec.gov/files/dera/data/financial-statement-data-sets/2012q1.zip""}]"
CSCO,0000858877,2010-01-01,2016-01-01,confirmed_by_multiple_evidence,4,4,24,2010-02-17,2015-11-19,True,False,[],"[{""accession"": ""0000858877-13-000013"", ""cik"": ""0000858877"", ""evidence_kind"": ""sec_dei_ticker"", ""filed_date"": ""2013-02-19"", ""sha256"": ""740e6f567fce3e99a4aadbf3ce21d9512bef060a9dad7ea9824bc084c68853be"", ""source_url"": ""https://www.sec.gov/Archives/edgar/data/858877/000085887713000013/csco-20130126.xml""}, {""accession"": ""0000858877-15-000073"", ""cik"": ""0000858877"", ""evidence_kind"": ""sec_dei_ticker"", ""filed_date"": ""2015-11-19"", ""sha256"": ""aa0c9e5887fd5e408d87a6feae7137b43d71c239903e2624986c9e98b68613ae"", ""source_url"": ""https://www.sec.gov/Archives/edgar/data/858877/000085887715000073/csco-20151024.xml""}, {""accession"": ""0001193125-10-032740"", ""cik"": ""0000858877"", ""evidence_kind"": ""sec_dei_ticker"", ""filed_date"": ""2010-02-17"", ""sha256"": ""151f6280719283ec91cf1d2fb592874f3236bf0a38ff17626a07cd44629bd9a4"", ""source_url"": ""https://www.sec.gov/Archives/edgar/data/858877/000119312510032740/csco-20100123.xml""}, {""accession"": ""0001445305-12-003709"", ""cik"": ""0000858877"", ""evidence_kind"": ""sec_dei_ticker"", ""filed_date"": ""2012-11-20"", ""sha256"": ""f1cd6bb5ed8e1dfb875cd77b87634c7f286b371e75f6cbc6700260012d701a82"", ""source_url"": ""https://www.sec.gov/Archives/edgar/data/858877/000144530512003709/csco-20121027.xml""}, {""accession"": ""0000858877-13-000026"", ""cik"": ""0000858877"", ""evidence_kind"": ""sec_bulk_issuer_name_no_ticker"", ""filed_date"": ""2013-05-21"", ""historical_name"": ""CISCO SYSTEMS, INC."", ""sha256"": ""7cc764386ea9cb01d62e1a9f4fac38dc9c741e96886a953ddaad2def4eb489c7"", ""source_url"": ""https://www.sec.gov/files/dera/data/financial-statement-data-sets/2013q2.zip""}, {""accession"": ""0001193125-12-069159"", ""cik"": ""0000858877"", ""evidence_kind"": ""sec_bulk_issuer_name_no_ticker"", ""filed_date"": ""2012-02-21"", ""historical_name"": ""CISCO SYSTEMS, INC."", ""sha256"": ""42ed1a5ecac978d4338bd51cd4bc15bf60cc821291eea492f8172fc4e803d5f6"", ""source_url"": ""https://www.sec.gov/files/dera/data/financial-statement-data-sets/2012q1.zip""}]"
CSRA,0001646383,2015-12-01,2016-01-01,unresolved,1,0,1,2015-12-04,2015-12-04,True,False,[],"[{""accession"": ""0001646383-15-000080"", ""cik"": ""0001646383"", ""evidence_kind"": ""sec_bulk_issuer_name_no_ticker"", ""filed_date"": ""2015-12-04"", ""historical_name"": ""CSRA INC."", ""sha256"": ""1723b41ef2a1d3ea6595f6052ef229a80e03cd183391ca9e297a894f9e589d83"", ""source_url"": ""https://www.sec.gov/files/dera/data/financial-statement-data-sets/2015q4.zip""}]"
CSX,0000277948,2010-01-01,2016-01-01,corroborated_candidate,24,0,24,2010-02-19,2015-10-14,True,False,[],"[{""accession"": ""0000277948-10-000013"", ""cik"": ""0000277948"", ""evidence_kind"": ""sec_bulk_issuer_name_no_ticker"", ""filed_date"": ""2010-02-19"", ""historical_name"": ""CSX CORP"", ""sha256"": ""2a4db2340ab1662d5135d7e17be1a58352c5959017350f0ef2174135f9996125"", ""source_url"": ""https://www.sec.gov/files/dera/data/financial-statement-data-sets/2010q1.zip""}, {""accession"": ""0000277948-13-000015"", ""cik"": ""0000277948"", ""evidence_kind"": ""sec_bulk_issuer_name_no_ticker"", ""filed_date"": ""2013-04-16"", ""historical_name"": ""CSX CORP"", ""sha256"": ""7cc764386ea9cb01d62e1a9f4fac38dc9c741e96886a953ddaad2def4eb489c7"", ""source_url"": ""https://www.sec.gov/files/dera/data/financial-statement-data-sets/2013q2.zip""}, {""accession"": ""0000277948-12-000014"", ""cik"": ""0000277948"", ""evidence_kind"": ""sec_bulk_issuer_name_no_ticker"", ""filed_date"": ""2012-02-21"", ""historical_name"": ""CSX CORP"", ""sha256"": ""42ed1a5ecac978d4338bd51cd4bc15bf60cc821291eea492f8172fc4e803d5f6"", ""source_url"": ""https://www.sec.gov/files/dera/data/financial-statement-data-sets/2012q1.zip""}]"
CTAS,0000723254,2010-01-01,2016-01-01,corroborated_candidate,21,0,21,2010-10-08,2015-10-09,True,False,[],"[{""accession"": ""0001104659-10-051814"", ""cik"": ""0000723254"", ""evidence_kind"": ""sec_bulk_issuer_name_no_ticker"", ""filed_date"": ""2010-10-08"", ""historical_name"": ""CINTAS CORP"", ""sha256"": ""3dc43a8559cba9e1a9bb5a283a99e1fdfd2b0eaa7a9460887d5b4c70d69cef63"", ""source_url"": ""https://www.sec.gov/files/dera/data/financial-statement-data-sets/2010q4.zip""}, {""accession"": ""0000723254-13-000011"", ""cik"": ""0000723254"", ""evidence_kind"": ""sec_bulk_issuer_name_no_ticker"", ""filed_date"": ""2013-07-30"", ""historical_name"": ""CINTAS CORP"", ""sha256"": ""c9134387b650a9194f14b3f832f16aa1a72255c20a0e0b954001a643933cc849"", ""source_url"": ""https://www.sec.gov/files/dera/data/financial-statement-data-sets/2013q3.zip""}, {""accession"": ""0001104659-12-001090"", ""cik"": ""0000723254"", ""evidence_kind"": ""sec_bulk_issuer_name_no_ticker"", ""filed_date"": ""2012-01-09"", ""historical_name"": ""CINTAS CORP"", ""sha256"": ""42ed1a5ecac978d4338bd51cd4bc15bf60cc821291eea492f8172fc4e803d5f6"", ""source_url"": ""https://www.sec.gov/files/dera/data/financial-statement-data-sets/2012q1.zip""}]"
CTL,0000018926,2010-01-01,2016-01-01,corroborated_candidate,20,0,20,2010-08-06,2015-11-05,True,False,[],"[{""accession"": ""0000018926-10-000023"", ""cik"": ""0000018926"", ""evidence_kind"": ""sec_bulk_issuer_name_no_ticker"", ""filed_date"": ""2010-08-06"", ""historical_name"": ""CENTURYTEL INC"", ""sha256"": ""52014faf614ca0d7b8040e364f5b3e99f28d5e96b711aa922b490056e2c1d7b5"", ""source_url"": ""https://www.sec.gov/files/dera/data/financial-statement-data-sets/2010q3.zip""}, {""accession"": ""0001445305-13-002854"", ""cik"": ""0000018926"", ""evidence_kind"": ""sec_bulk_issuer_name_no_ticker"", ""filed_date"": ""2013-11-08"", ""historical_name"": ""CENTURYLINK, INC"", ""sha256"": ""7781ac25ddbd4f6eb8eb85e838656181fb06e8bc16b1dd5efccb9e21f8f5baa7"", ""source_url"": ""https://www.sec.gov/files/dera/data/financial-statement-data-sets/2013q4.zip""}, {""accession"": ""0001047469-12-001666"", ""cik"": ""0000018926"", ""evidence_kind"": ""sec_bulk_issuer_name_no_ticker"", ""filed_date"": ""2012-02-28"", ""historical_name"": ""CENTURYLINK, INC"", ""sha256"": ""42ed1a5ecac978d4338bd51cd4bc15bf60cc821291eea492f8172fc4e803d5f6"", ""source_url"": ""https://www.sec.gov/files/dera/data/financial-statement-data-sets/2012q1.zip""}]"
CTSH,0001058290,2010-01-01,2016-01-01,confirmed_by_multiple_evidence,3,3,24,2010-02-25,2015-11-05,True,False,[],"[{""accession"": ""0001058290-15-000033"", ""cik"": ""0001058290"", ""evidence_kind"": ""sec_dei_ticker"", ""filed_date"": ""2015-11-05"", ""sha256"": ""44721d10cec8553ea88cac1a35b342b1d0ae6e63ff313248e137e9207ab24650"", ""source_url"": ""https://www.sec.gov/Archives/edgar/data/1058290/000105829015000033/ctsh-20150930.xml""}, {""accession"": ""0001193125-10-040500"", ""cik"": ""0001058290"", ""evidence_kind"": ""sec_dei_ticker"", ""filed_date"": ""2010-02-25"", ""sha256"": ""6a361dd97af9e184ca78fe9e3136a9043b45e74a01f7dc3d013c036ecdc627a5"", ""source_url"": ""https://www.sec.gov/Archives/edgar/data/1058290/000119312510040500/ctsh-20091231.xml""}, {""accession"": ""0001193125-13-077271"", ""cik"": ""0001058290"", ""evidence_kind"": ""sec_dei_ticker"", ""filed_date"": ""2013-02-26"", ""sha256"": ""d1979eecceb8df87ee9013c6072fd45650c86002d9dae853da48d167709d04b7"", ""source_url"": ""https://www.sec.gov/Archives/edgar/data/1058290/000119312513077271/ctsh-20121231.xml""}, {""accession"": ""0001193125-13-211250"", ""cik"": ""0001058290"", ""evidence_kind"": ""sec_bulk_issuer_name_no_ticker"", ""filed_date"": ""2013-05-09"", ""historical_name"": ""COGNIZANT TECHNOLOGY SOLUTIONS CORP"", ""sha256"": ""7cc764386ea9cb01d62e1a9f4fac38dc9c741e96886a953ddaad2def4eb489c7"", ""source_url"": ""https://www.sec.gov/files/dera/data/financial-statement-data-sets/2013q2.zip""}, {""accession"": ""0001193125-12-081638"", ""cik"": ""0001058290"", ""evidence_kind"": ""sec_bulk_issuer_name_no_ticker"", ""filed_date"": ""2012-02-27"", ""historical_name"": ""COGNIZANT TECHNOLOGY SOLUTIONS CORP"", ""sha256"": ""42ed1a5ecac978d4338bd51cd4bc15bf60cc821291eea492f8172fc4e803d5f6"", ""source_url"": ""https://www.sec.gov/files/dera/data/financial-statement-data-sets/2012q1.zip""}]"
CTXS,0000877890,2010-01-01,2016-01-01,confirmed_by_multiple_evidence,3,3,24,2010-02-24,2015-11-04,True,False,[],"[{""accession"": ""0000877890-13-000016"", ""cik"": ""0000877890"", ""evidence_kind"": ""sec_dei_ticker"", ""filed_date"": ""2013-02-21"", ""sha256"": ""6d25a63f56cfe7fe60b3c44111e2e16a2412bab2fe9c3dc771474694e9e24e78"", ""source_url"": ""https://www.sec.gov/Archives/edgar/data/877890/000087789013000016/ctxs-20121231.xml""}, {""accession"": ""0000877890-15-000135"", ""cik"": ""0000877890"", ""evidence_kind"": ""sec_dei_ticker"", ""filed_date"": ""2015-11-04"", ""sha256"": ""f5c55355bbe6bb95e1302829c8854c434957e0ba0d9b434051a7315fe85b3c38"", ""source_url"": ""https://www.sec.gov/Archives/edgar/data/877890/000087789015000135/ctxs-20150930.xml""}, {""accession"": ""0001193125-10-037944"", ""cik"": ""0000877890"", ""evidence_kind"": ""sec_dei_ticker"", ""filed_date"": ""2010-02-24"", ""sha256"": ""7e9e0e60a346f98283c0bae964d9696fb0d6d3346644baecd62c003617fa2714"", ""source_url"": ""https://www.sec.gov/Archives/edgar/data/877890/000119312510037944/ctxs-20091231.xml""}, {""accession"": ""0000877890-13-000044"", ""cik"": ""0000877890"", ""evidence_kind"": ""sec_bulk_issuer_name_no_ticker"", ""filed_date"": ""2013-05-07"", ""historical_name"": ""CITRIX SYSTEMS INC"", ""sha256"": ""7cc764386ea9cb01d62e1a9f4fac38dc9c741e96886a953ddaad2def4eb489c7"", ""source_url"": ""https://www.sec.gov/files/dera/data/financial-statement-data-sets/2013q2.zip""}, {""accession"": ""0000877890-12-000019"", ""cik"": ""0000877890"", ""evidence_kind"": ""sec_bulk_issuer_name_no_ticker"", ""filed_date"": ""2012-02-23"", ""historical_name"": ""CITRIX SYSTEMS INC"", ""sha256"": ""42ed1a5ecac978d4338bd51cd4bc15bf60cc821291eea492f8172fc4e803d5f6"", ""source_url"": ""https://www.sec.gov/files/dera/data/financial-statement-data-sets/2012q1.zip""}]"
CVC,0001053112,2010-12-20,2016-01-01,corroborated_candidate,19,0,19,2011-05-05,2015-11-03,True,False,[],"[{""accession"": ""0001140361-11-025386"", ""cik"": ""0001053112"", ""evidence_kind"": ""sec_bulk_issuer_name_no_ticker"", ""filed_date"": ""2011-05-05"", ""historical_name"": ""CABLEVISION SYSTEMS CORP /NY"", ""sha256"": ""10a6f98f14d2a341e938a379ea32beb4857b01d59facf04e6e7b3c68558a95d1"", ""source_url"": ""https://www.sec.gov/files/dera/data/financial-statement-data-sets/2011q2.zip""}, {""accession"": ""0001140361-13-041436"", ""cik"": ""0001053112"", ""evidence_kind"": ""sec_bulk_issuer_name_no_ticker"", ""filed_date"": ""2013-11-08"", ""historical_name"": ""CABLEVISION SYSTEMS CORP /NY"", ""sha256"": ""7781ac25ddbd4f6eb8eb85e838656181fb06e8bc16b1dd5efccb9e21f8f5baa7"", ""source_url"": ""https://www.sec.gov/files/dera/data/financial-statement-data-sets/2013q4.zip""}, {""accession"": ""0001140361-12-011496"", ""cik"": ""0001053112"", ""evidence_kind"": ""sec_bulk_issuer_name_no_ticker"", ""filed_date"": ""2012-02-28"", ""historical_name"": ""CABLEVISION SYSTEMS CORP /NY"", ""sha256"": ""42ed1a5ecac978d4338bd51cd4bc15bf60cc821291eea492f8172fc4e803d5f6"", ""source_url"": ""https://www.sec.gov/files/dera/data/financial-statement-data-sets/2012q1.zip""}]"
CVH,0001054833,2010-01-01,2013-05-07,corroborated_candidate,12,0,12,2010-08-06,2013-05-01,True,False,[],"[{""accession"": ""0001054833-10-000036"", ""cik"": ""0001054833"", ""evidence_kind"": ""sec_bulk_issuer_name_no_ticker"", ""filed_date"": ""2010-08-06"", ""historical_name"": ""COVENTRY HEALTH CARE INC"", ""sha256"": ""52014faf614ca0d7b8040e364f5b3e99f28d5e96b711aa922b490056e2c1d7b5"", ""source_url"": ""https://www.sec.gov/files/dera/data/financial-statement-data-sets/2010q3.zip""}, {""accession"": ""0001054833-12-000036"", ""cik"": ""0001054833"", ""evidence_kind"": ""sec_bulk_issuer_name_no_ticker"", ""filed_date"": ""2012-05-08"", ""historical_name"": ""COVENTRY HEALTH CARE INC"", ""sha256"": ""0dbb10aa316c674f07849a28e67a25a0a59bd6ef2bc214cd1800c8a2d2a05df6"", ""source_url"": ""https://www.sec.gov/files/dera/data/financial-statement-data-sets/2012q2.zip""}, {""accession"": ""0001054833-12-000022"", ""cik"": ""0001054833"", ""evidence_kind"": ""sec_bulk_issuer_name_no_ticker"", ""filed_date"": ""2012-02-28"", ""historical_name"": ""COVENTRY HEALTH CARE INC"", ""sha256"": ""42ed1a5ecac978d4338bd51cd4bc15bf60cc821291eea492f8172fc4e803d5f6"", ""source_url"": ""https://www.sec.gov/files/dera/data/financial-statement-data-sets/2012q1.zip""}]"
CVS,0000064803,2010-01-01,2016-01-01,corroborated_candidate,24,1,24,2010-02-26,2015-10-30,True,False,[],"[{""accession"": ""0001193125-10-043086"", ""cik"": ""0000064803"", ""evidence_kind"": ""sec_dei_ticker"", ""filed_date"": ""2010-02-26"", ""sha256"": ""4f5c4bc0a3d1a376163ab1a0e76099baed8182413dafcb3083209d59821a82e2"", ""source_url"": ""https://www.sec.gov/Archives/edgar/data/64803/000119312510043086/cvs-20091231.xml""}, {""accession"": ""0000064803-13-000005"", ""cik"": ""0000064803"", ""evidence_kind"": ""sec_bulk_issuer_name_no_ticker"", ""filed_date"": ""2013-05-01"", ""historical_name"": ""CVS CAREMARK CORP"", ""sha256"": ""7cc764386ea9cb01d62e1a9f4fac38dc9c741e96886a953ddaad2def4eb489c7"", ""source_url"": ""https://www.sec.gov/files/dera/data/financial-statement-data-sets/2013q2.zip""}, {""accession"": ""0001104659-12-010850"", ""cik"": ""0000064803"", ""evidence_kind"": ""sec_bulk_issuer_name_no_ticker"", ""filed_date"": ""2012-02-17"", ""historical_name"": ""CVS CAREMARK CORP"", ""sha256"": ""42ed1a5ecac978d4338bd51cd4bc15bf60cc821291eea492f8172fc4e803d5f6"", ""source_url"": ""https://www.sec.gov/files/dera/data/financial-statement-data-sets/2012q1.zip""}]"
CVX,0000093410,2010-01-01,2016-01-01,corroborated_candidate,24,0,24,2010-02-25,2015-11-06,True,False,[],"[{""accession"": ""0000950123-10-016846"", ""cik"": ""0000093410"", ""evidence_kind"": ""sec_bulk_issuer_name_no_ticker"", ""filed_date"": ""2010-02-25"", ""historical_name"": ""CHEVRON CORP"", ""sha256"": ""2a4db2340ab1662d5135d7e17be1a58352c5959017350f0ef2174135f9996125"", ""source_url"": ""https://www.sec.gov/files/dera/data/financial-statement-data-sets/2010q1.zip""}, {""accession"": ""0000093410-13-000010"", ""cik"": ""0000093410"", ""evidence_kind"": ""sec_bulk_issuer_name_no_ticker"", ""filed_date"": ""2013-05-02"", ""historical_name"": ""CHEVRON CORP"", ""sha256"": ""7cc764386ea9cb01d62e1a9f4fac38dc9c741e96886a953ddaad2def4eb489c7"", ""source_url"": ""https://www.sec.gov/files/dera/data/financial-statement-data-sets/2013q2.zip""}, {""accession"": ""0000950123-12-002976"", ""cik"": ""0000093410"", ""evidence_kind"": ""sec_bulk_issuer_name_no_ticker"", ""filed_date"": ""2012-02-23"", ""historical_name"": ""CHEVRON CORP"", ""sha256"": ""42ed1a5ecac978d4338bd51cd4bc15bf60cc821291eea492f8172fc4e803d5f6"", ""source_url"": ""https://www.sec.gov/files/dera/data/financial-statement-data-sets/2012q1.zip""}]"
DAL,0000027904,2013-09-11,2016-01-01,corroborated_candidate,9,0,9,2013-10-23,2015-10-14,True,False,[],"[{""accession"": ""0000027904-13-000008"", ""cik"": ""0000027904"", ""evidence_kind"": ""sec_bulk_issuer_name_no_ticker"", ""filed_date"": ""2013-10-23"", ""historical_name"": ""DELTA AIR LINES, INC."", ""sha256"": ""7781ac25ddbd4f6eb8eb85e838656181fb06e8bc16b1dd5efccb9e21f8f5baa7"", ""source_url"": ""https://www.sec.gov/files/dera/data/financial-statement-data-sets/2013q4.zip""}, {""accession"": ""0000027904-14-000014"", ""cik"": ""0000027904"", ""evidence_kind"": ""sec_bulk_issuer_name_no_ticker"", ""filed_date"": ""2014-10-24"", ""historical_name"": ""DELTA AIR LINES, INC."", ""sha256"": ""c82395b7df380a95b30d652784372a5439dea9ed750d89784822bb643cbc4930"", ""source_url"": ""https://www.sec.gov/files/dera/data/financial-statement-data-sets/2014q4.zip""}, {""accession"": ""0000027904-15-000013"", ""cik"": ""0000027904"", ""evidence_kind"": ""sec_bulk_issuer_name_no_ticker"", ""filed_date"": ""2015-10-14"", ""historical_name"": ""DELTA AIR LINES, INC."", ""sha256"": ""1723b41ef2a1d3ea6595f6052ef229a80e03cd183391ca9e297a894f9e589d83"", ""source_url"": ""https://www.sec.gov/files/dera/data/financial-statement-data-sets/2015q4.zip""}]"
DD,0000030554,2010-01-01,2016-01-01,corroborated_candidate,23,0,23,2010-04-27,2015-10-27,True,False,[],"[{""accession"": ""0001104659-10-022084"", ""cik"": ""0000030554"", ""evidence_kind"": ""sec_bulk_issuer_name_no_ticker"", ""filed_date"": ""2010-04-27"", ""historical_name"": ""DUPONT E I DE NEMOURS & CO"", ""sha256"": ""25f416b020fd3e62a67dbf8c6522c9f239e716099b61cf5d05a59a91ffdef1f1"", ""source_url"": ""https://www.sec.gov/files/dera/data/financial-statement-data-sets/2010q2.zip""}, {""accession"": ""0000030554-13-000016"", ""cik"": ""0000030554"", ""evidence_kind"": ""sec_bulk_issuer_name_no_ticker"", ""filed_date"": ""2013-04-23"", ""historical_name"": ""DUPONT E I DE NEMOURS & CO"", ""sha256"": ""7cc764386ea9cb01d62e1a9f4fac38dc9c741e96886a953ddaad2def4eb489c7"", ""source_url"": ""https://www.sec.gov/files/dera/data/financial-statement-data-sets/2013q2.zip""}, {""accession"": ""0000030554-12-000005"", ""cik"": ""0000030554"", ""evidence_kind"": ""sec_bulk_issuer_name_no_ticker"", ""filed_date"": ""2012-02-09"", ""historical_name"": ""DUPONT E I DE NEMOURS & CO"", ""sha256"": ""42ed1a5ecac978d4338bd51cd4bc15bf60cc821291eea492f8172fc4e803d5f6"", ""source_url"": ""https://www.sec.gov/files/dera/data/financial-statement-data-sets/2012q1.zip""}]"
DE,0000315189,2010-01-01,2016-01-01,corroborated_candidate,24,0,24,2010-03-01,2015-12-18,True,False,[],"[{""accession"": ""0001104659-10-010697"", ""cik"": ""0000315189"", ""evidence_kind"": ""sec_bulk_issuer_name_no_ticker"", ""filed_date"": ""2010-03-01"", ""historical_name"": ""DEERE & CO"", ""sha256"": ""2a4db2340ab1662d5135d7e17be1a58352c5959017350f0ef2174135f9996125"", ""source_url"": ""https://www.sec.gov/files/dera/data/financial-statement-data-sets/2010q1.zip""}, {""accession"": ""0001104659-13-045612"", ""cik"": ""0000315189"", ""evidence_kind"": ""sec_bulk_issuer_name_no_ticker"", ""filed_date"": ""2013-05-30"", ""historical_name"": ""DEERE & CO"", ""sha256"": ""7cc764386ea9cb01d62e1a9f4fac38dc9c741e96886a953ddaad2def4eb489c7"", ""source_url"": ""https://www.sec.gov/files/dera/data/financial-statement-data-sets/2013q2.zip""}, {""accession"": ""0001104659-12-014959"", ""cik"": ""0000315189"", ""evidence_kind"": ""sec_bulk_issuer_name_no_ticker"", ""filed_date"": ""2012-03-01"", ""historical_name"": ""DEERE & CO"", ""sha256"": ""42ed1a5ecac978d4338bd51cd4bc15bf60cc821291eea492f8172fc4e803d5f6"", ""source_url"": ""https://www.sec.gov/files/dera/data/financial-statement-data-sets/2012q1.zip""}]"
DELL,0000826083,2010-01-01,2013-10-29,corroborated_candidate,14,0,14,2010-03-18,2013-08-28,True,False,[],"[{""accession"": ""0000950123-10-025998"", ""cik"": ""0000826083"", ""evidence_kind"": ""sec_bulk_issuer_name_no_ticker"", ""filed_date"": ""2010-03-18"", ""historical_name"": ""DELL INC"", ""sha256"": ""2a4db2340ab1662d5135d7e17be1a58352c5959017350f0ef2174135f9996125"", ""source_url"": ""https://www.sec.gov/files/dera/data/financial-statement-data-sets/2010q1.zip""}, {""accession"": ""0000826083-12-000011"", ""cik"": ""0000826083"", ""evidence_kind"": ""sec_bulk_issuer_name_no_ticker"", ""filed_date"": ""2012-05-31"", ""historical_name"": ""DELL INC"", ""sha256"": ""0dbb10aa316c674f07849a28e67a25a0a59bd6ef2bc214cd1800c8a2d2a05df6"", ""source_url"": ""https://www.sec.gov/files/dera/data/financial-statement-data-sets/2012q2.zip""}, {""accession"": ""0000826083-12-000006"", ""cik"": ""0000826083"", ""evidence_kind"": ""sec_bulk_issuer_name_no_ticker"", ""filed_date"": ""2012-03-13"", ""historical_name"": ""DELL INC"", ""sha256"": ""42ed1a5ecac978d4338bd51cd4bc15bf60cc821291eea492f8172fc4e803d5f6"", ""source_url"": ""https://www.sec.gov/files/dera/data/financial-statement-data-sets/2012q1.zip""}]"
DF,0000931336,2010-01-01,2013-05-23,confirmed_by_multiple_evidence,2,2,12,2010-08-06,2013-05-09,True,False,[],"[{""accession"": ""0001193125-10-181464"", ""cik"": ""0000931336"", ""evidence_kind"": ""sec_dei_ticker"", ""filed_date"": ""2010-08-06"", ""sha256"": ""89e7039413a9738340a84fa8880d57cd6418d346dc668f14d106186c9e4327dc"", ""source_url"": ""https://www.sec.gov/Archives/edgar/data/931336/000119312510181464/df-20100630.xml""}, {""accession"": ""0001193125-13-211251"", ""cik"": ""0000931336"", ""evidence_kind"": ""sec_dei_ticker"", ""filed_date"": ""2013-05-09"", ""sha256"": ""a6b62df6aad6dc14057c4c867edf96706eca16229e0a5bc184cd1ede69bd7738"", ""source_url"": ""https://www.sec.gov/Archives/edgar/data/931336/000119312513211251/df-20130331.xml""}, {""accession"": ""0001193125-12-221217"", ""cik"": ""0000931336"", ""evidence_kind"": ""sec_bulk_issuer_name_no_ticker"", ""filed_date"": ""2012-05-09"", ""historical_name"": ""DEAN FOODS CO"", ""sha256"": ""0dbb10aa316c674f07849a28e67a25a0a59bd6ef2bc214cd1800c8a2d2a05df6"", ""source_url"": ""https://www.sec.gov/files/dera/data/financial-statement-data-sets/2012q2.zip""}, {""accession"": ""0001193125-12-082041"", ""cik"": ""0000931336"", ""evidence_kind"": ""sec_bulk_issuer_name_no_ticker"", ""filed_date"": ""2012-02-27"", ""historical_name"": ""DEAN FOODS CO"", ""sha256"": ""42ed1a5ecac978d4338bd51cd4bc15bf60cc821291eea492f8172fc4e803d5f6"", ""source_url"": ""https://www.sec.gov/files/dera/data/financial-statement-data-sets/2012q1.zip""}]"
DFS,0001393612,2010-01-01,2016-01-01,corroborated_candidate,24,1,24,2010-01-28,2015-10-29,True,False,[],"[{""accession"": ""0001193125-10-014549"", ""cik"": ""0001393612"", ""evidence_kind"": ""sec_dei_ticker"", ""filed_date"": ""2010-01-28"", ""sha256"": ""794c25d2f95e18fd03ac2a111fc5d7df135c59031391550c8bcdd1e17eda1e62"", ""source_url"": ""https://www.sec.gov/Archives/edgar/data/1393612/000119312510014549/dfs-20091130.xml""}, {""accession"": ""0001393612-13-000015"", ""cik"": ""0001393612"", ""evidence_kind"": ""sec_bulk_issuer_name_no_ticker"", ""filed_date"": ""2013-04-30"", ""historical_name"": ""DISCOVER FINANCIAL SERVICES"", ""sha256"": ""7cc764386ea9cb01d62e1a9f4fac38dc9c741e96886a953ddaad2def4eb489c7"", ""source_url"": ""https://www.sec.gov/files/dera/data/financial-statement-data-sets/2013q2.zip""}, {""accession"": ""0001393612-12-000008"", ""cik"": ""0001393612"", ""evidence_kind"": ""sec_bulk_issuer_name_no_ticker"", ""filed_date"": ""2012-01-26"", ""historical_name"": ""DISCOVER FINANCIAL SERVICES"", ""sha256"": ""42ed1a5ecac978d4338bd51cd4bc15bf60cc821291eea492f8172fc4e803d5f6"", ""source_url"": ""https://www.sec.gov/files/dera/data/financial-statement-data-sets/2012q1.zip""}]"
DG,0000029534,2012-12-03,2016-01-01,corroborated_candidate,13,0,13,2012-12-11,2015-12-03,True,False,[],"[{""accession"": ""0001104659-12-083153"", ""cik"": ""0000029534"", ""evidence_kind"": ""sec_bulk_issuer_name_no_ticker"", ""filed_date"": ""2012-12-11"", ""historical_name"": ""DOLLAR GENERAL CORP"", ""sha256"": ""af6629de7547f5d75c85abf170550b9466768071fcd419d5fdf1a1d026436e98"", ""source_url"": ""https://www.sec.gov/files/dera/data/financial-statement-data-sets/2012q4.zip""}, {""accession"": ""0001104659-14-043520"", ""cik"": ""0000029534"", ""evidence_kind"": ""sec_bulk_issuer_name_no_ticker"", ""filed_date"": ""2014-06-03"", ""historical_name"": ""DOLLAR GENERAL CORP"", ""sha256"": ""ab03600231a08369a980a31dde8bb78b6cd49f56d39ab7b90ca5bc0cfd52aa7f"", ""source_url"": ""https://www.sec.gov/files/dera/data/financial-statement-data-sets/2014q2.zip""}, {""accession"": ""0001104659-15-082600"", ""cik"": ""0000029534"", ""evidence_kind"": ""sec_bulk_issuer_name_no_ticker"", ""filed_date"": ""2015-12-03"", ""historical_name"": ""DOLLAR GENERAL CORP"", ""sha256"": ""1723b41ef2a1d3ea6595f6052ef229a80e03cd183391ca9e297a894f9e589d83"", ""source_url"": ""https://www.sec.gov/files/dera/data/financial-statement-data-sets/2015q4.zip""}]"
DGX,0001022079,2010-01-01,2016-01-01,corroborated_candidate,24,0,24,2010-02-17,2015-10-29,True,False,[],"[{""accession"": ""0000930413-10-000862"", ""cik"": ""0001022079"", ""evidence_kind"": ""sec_bulk_issuer_name_no_ticker"", ""filed_date"": ""2010-02-17"", ""historical_name"": ""QUEST DIAGNOSTICS INC"", ""sha256"": ""2a4db2340ab1662d5135d7e17be1a58352c5959017350f0ef2174135f9996125"", ""source_url"": ""https://www.sec.gov/files/dera/data/financial-statement-data-sets/2010q1.zip""}, {""accession"": ""0001022079-13-000024"", ""cik"": ""0001022079"", ""evidence_kind"": ""sec_bulk_issuer_name_no_ticker"", ""filed_date"": ""2013-04-24"", ""historical_name"": ""QUEST DIAGNOSTICS INC"", ""sha256"": ""7cc764386ea9cb01d62e1a9f4fac38dc9c741e96886a953ddaad2def4eb489c7"", ""source_url"": ""https://www.sec.gov/files/dera/data/financial-statement-data-sets/2013q2.zip""}, {""accession"": ""0000930413-12-000949"", ""cik"": ""0001022079"", ""evidence_kind"": ""sec_bulk_issuer_name_no_ticker"", ""filed_date"": ""2012-02-16"", ""historical_name"": ""QUEST DIAGNOSTICS INC"", ""sha256"": ""42ed1a5ecac978d4338bd51cd4bc15bf60cc821291eea492f8172fc4e803d5f6"", ""source_url"": ""https://www.sec.gov/files/dera/data/financial-statement-data-sets/2012q1.zip""}]"
DHI,0000882184,2010-01-01,2016-01-01,corroborated_candidate,22,0,22,2010-08-03,2015-11-19,True,True,[],"[{""accession"": ""0000950123-10-071859"", ""cik"": ""0000882184"", ""evidence_kind"": ""sec_bulk_issuer_name_no_ticker"", ""filed_date"": ""2010-08-03"", ""historical_name"": ""HORTON D R INC /DE/"", ""sha256"": ""52014faf614ca0d7b8040e364f5b3e99f28d5e96b711aa922b490056e2c1d7b5"", ""source_url"": ""https://www.sec.gov/files/dera/data/financial-statement-data-sets/2010q3.zip""}, {""accession"": ""0000882184-13-000053"", ""cik"": ""0000882184"", ""evidence_kind"": ""sec_bulk_issuer_name_no_ticker"", ""filed_date"": ""2013-07-25"", ""historical_name"": ""HORTON D R INC /DE/"", ""sha256"": ""c9134387b650a9194f14b3f832f16aa1a72255c20a0e0b954001a643933cc849"", ""source_url"": ""https://www.sec.gov/files/dera/data/financial-statement-data-sets/2013q3.zip""}, {""accession"": ""0001193125-12-027358"", ""cik"": ""0000882184"", ""evidence_kind"": ""sec_bulk_issuer_name_no_ticker"", ""filed_date"": ""2012-01-27"", ""historical_name"": ""HORTON D R INC /DE/"", ""sha256"": ""42ed1a5ecac978d4338bd51cd4bc15bf60cc821291eea492f8172fc4e803d5f6"", ""source_url"": ""https://www.sec.gov/files/dera/data/financial-statement-data-sets/2012q1.zip""}, {""evidence_kind"": ""sec_official_name_chain_no_ticker"", ""sha256"": ""1c6c7461d80fcc840041cf8091a2d60965c24c00bda85a3c5afe776a17cd90f1"", ""source_url"": ""https://data.sec.gov/submissions/CIK0000882184.json""}]"
DHR,0000313616,2010-01-01,2016-01-01,confirmed_by_multiple_evidence,3,3,23,2010-02-24,2015-10-22,True,False,[],"[{""accession"": ""0000313616-13-000026"", ""cik"": ""0000313616"", ""evidence_kind"": ""sec_dei_ticker"", ""filed_date"": ""2013-02-22"", ""sha256"": ""6a6783bec6ebfa17e98887708a9e8b0f5ac6ca6d1512eff24affe62a294e92a3"", ""source_url"": ""https://www.sec.gov/Archives/edgar/data/313616/000031361613000026/dhr-20121231.xml""}, {""accession"": ""0000313616-15-000097"", ""cik"": ""0000313616"", ""evidence_kind"": ""sec_dei_ticker"", ""filed_date"": ""2015-10-22"", ""sha256"": ""2e81884cc6e6df673c9607bd5a02518136c56f6530262fe9ffd35155d2ff4d8b"", ""source_url"": ""https://www.sec.gov/Archives/edgar/data/313616/000031361615000097/dhr-20151002.xml""}, {""accession"": ""0001193125-10-038977"", ""cik"": ""0000313616"", ""evidence_kind"": ""sec_dei_ticker"", ""filed_date"": ""2010-02-24"", ""sha256"": ""74fb227dbbc26bf4da799bd7ed97abd8d71f430bd5a546d9d447b2ff66474b5e"", ""source_url"": ""https://www.sec.gov/Archives/edgar/data/313616/000119312510038977/dhr-20091231.xml""}, {""accession"": ""0000313616-13-000048"", ""cik"": ""0000313616"", ""evidence_kind"": ""sec_bulk_issuer_name_no_ticker"", ""filed_date"": ""2013-04-18"", ""historical_name"": ""DANAHER CORP /DE/"", ""sha256"": ""7cc764386ea9cb01d62e1a9f4fac38dc9c741e96886a953ddaad2def4eb489c7"", ""source_url"": ""https://www.sec.gov/files/dera/data/financial-statement-data-sets/2013q2.zip""}, {""accession"": ""0001193125-12-076756"", ""cik"": ""0000313616"", ""evidence_kind"": ""sec_bulk_issuer_name_no_ticker"", ""filed_date"": ""2012-02-24"", ""historical_name"": ""DANAHER CORP /DE/"", ""sha256"": ""42ed1a5ecac978d4338bd51cd4bc15bf60cc821291eea492f8172fc4e803d5f6"", ""source_url"": ""https://www.sec.gov/files/dera/data/financial-statement-data-sets/2012q1.zip""}]"
DIS,0001744489,2010-01-01,2016-01-01,unresolved,0,0,0,,,False,False,[],[]
DISCA,0001437107,2010-03-01,2016-01-01,corroborated_candidate,23,1,23,2010-04-30,2015-11-03,True,True,[],"[{""accession"": ""0001193125-10-100744"", ""cik"": ""0001437107"", ""evidence_kind"": ""sec_dei_ticker"", ""filed_date"": ""2010-04-30"", ""sha256"": ""9dcf383eaaafacfa12b0c4990af1a1811dd66690e01146ba5c42a10238d23de6"", ""source_url"": ""https://www.sec.gov/Archives/edgar/data/1437107/000119312510100744/disca-20100331.xml""}, {""accession"": ""0001437107-13-000021"", ""cik"": ""0001437107"", ""evidence_kind"": ""sec_bulk_issuer_name_no_ticker"", ""filed_date"": ""2013-05-07"", ""historical_name"": ""DISCOVERY COMMUNICATIONS, INC."", ""sha256"": ""7cc764386ea9cb01d62e1a9f4fac38dc9c741e96886a953ddaad2def4eb489c7"", ""source_url"": ""https://www.sec.gov/files/dera/data/financial-statement-data-sets/2013q2.zip""}, {""accession"": ""0001193125-12-066285"", ""cik"": ""0001437107"", ""evidence_kind"": ""sec_bulk_issuer_name_no_ticker"", ""filed_date"": ""2012-02-17"", ""historical_name"": ""DISCOVERY COMMUNICATIONS, INC."", ""sha256"": ""42ed1a5ecac978d4338bd51cd4bc15bf60cc821291eea492f8172fc4e803d5f6"", ""source_url"": ""https://www.sec.gov/files/dera/data/financial-statement-data-sets/2012q1.zip""}, {""evidence_kind"": ""sec_official_name_chain_no_ticker"", ""sha256"": ""845acaa45c6601a560f9f76d21a8e5600010f55069dfe5cda84ad870d356e280"", ""source_url"": ""https://data.sec.gov/submissions/CIK0001437107.json""}]"
DISCK,0001437107,2014-08-07,2016-01-01,corroborated_candidate,5,0,5,2014-11-04,2015-11-03,True,True,[],"[{""accession"": ""0001437107-14-000072"", ""cik"": ""0001437107"", ""evidence_kind"": ""sec_bulk_issuer_name_no_ticker"", ""filed_date"": ""2014-11-04"", ""historical_name"": ""DISCOVERY COMMUNICATIONS, INC."", ""sha256"": ""c82395b7df380a95b30d652784372a5439dea9ed750d89784822bb643cbc4930"", ""source_url"": ""https://www.sec.gov/files/dera/data/financial-statement-data-sets/2014q4.zip""}, {""accession"": ""0001437107-15-000013"", ""cik"": ""0001437107"", ""evidence_kind"": ""sec_bulk_issuer_name_no_ticker"", ""filed_date"": ""2015-05-05"", ""historical_name"": ""DISCOVERY COMMUNICATIONS, INC."", ""sha256"": ""d3cac325930af6ef145d26fb7e035d7933e900ce174a11adaabb33abd87fbfa1"", ""source_url"": ""https://www.sec.gov/files/dera/data/financial-statement-data-sets/2015q2.zip""}, {""accession"": ""0001437107-15-000052"", ""cik"": ""0001437107"", ""evidence_kind"": ""sec_bulk_issuer_name_no_ticker"", ""filed_date"": ""2015-11-03"", ""historical_name"": ""DISCOVERY COMMUNICATIONS, INC."", ""sha256"": ""1723b41ef2a1d3ea6595f6052ef229a80e03cd183391ca9e297a894f9e589d83"", ""source_url"": ""https://www.sec.gov/files/dera/data/financial-statement-data-sets/2015q4.zip""}, {""evidence_kind"": ""sec_official_name_chain_no_ticker"", ""sha256"": ""845acaa45c6601a560f9f76d21a8e5600010f55069dfe5cda84ad870d356e280"", ""source_url"": ""https://data.sec.gov/submissions/CIK0001437107.json""}]"
DLTR,0000935703,2011-12-19,2016-01-01,corroborated_candidate,15,0,15,2012-05-17,2015-11-24,True,False,[],"[{""accession"": ""0000935703-12-000028"", ""cik"": ""0000935703"", ""evidence_kind"": ""sec_bulk_issuer_name_no_ticker"", ""filed_date"": ""2012-05-17"", ""historical_name"": ""DOLLAR TREE INC"", ""sha256"": ""0dbb10aa316c674f07849a28e67a25a0a59bd6ef2bc214cd1800c8a2d2a05df6"", ""source_url"": ""https://www.sec.gov/files/dera/data/financial-statement-data-sets/2012q2.zip""}, {""accession"": ""0000935703-14-000008"", ""cik"": ""0000935703"", ""evidence_kind"": ""sec_bulk_issuer_name_no_ticker"", ""filed_date"": ""2014-03-14"", ""historical_name"": ""DOLLAR TREE INC"", ""sha256"": ""bf55481c6e0088fb45e8efeb2d8de6912a9c3533da918376a24ca5f84144680f"", ""source_url"": ""https://www.sec.gov/files/dera/data/financial-statement-data-sets/2014q1.zip""}, {""accession"": ""0000935703-15-000109"", ""cik"": ""0000935703"", ""evidence_kind"": ""sec_bulk_issuer_name_no_ticker"", ""filed_date"": ""2015-11-24"", ""historical_name"": ""DOLLAR TREE INC"", ""sha256"": ""1723b41ef2a1d3ea6595f6052ef229a80e03cd183391ca9e297a894f9e589d83"", ""source_url"": ""https://www.sec.gov/files/dera/data/financial-statement-data-sets/2015q4.zip""}]"
DNB,0001115222,2010-01-01,2016-01-01,confirmed_by_multiple_evidence,3,3,22,2010-08-04,2015-11-03,True,False,[],"[{""accession"": ""0001115222-13-000010"", ""cik"": ""0001115222"", ""evidence_kind"": ""sec_dei_ticker"", ""filed_date"": ""2013-05-08"", ""sha256"": ""d809604fa512ce0cf0af6b0be2bc301623777e074dec1bd6936b1b0024bd70bc"", ""source_url"": ""https://www.sec.gov/Archives/edgar/data/1115222/000111522213000010/dnb-20130331.xml""}, {""accession"": ""0001115222-15-000034"", ""cik"": ""0001115222"", ""evidence_kind"": ""sec_dei_ticker"", ""filed_date"": ""2015-11-03"", ""sha256"": ""fe319e10a6489c1e5a2e4aeda72a9d29dfb0437057e57cfbf7c9ceb3610c5d95"", ""source_url"": ""https://www.sec.gov/Archives/edgar/data/1115222/000111522215000034/dnb-20150930.xml""}, {""accession"": ""0001193125-10-176910"", ""cik"": ""0001115222"", ""evidence_kind"": ""sec_dei_ticker"", ""filed_date"": ""2010-08-04"", ""sha256"": ""24b7e3c84c59c3c43c66600b44925917182d2545a468ba5ce1f4088ca35062ae"", ""source_url"": ""https://www.sec.gov/Archives/edgar/data/1115222/000119312510176910/dnb-20100630.xml""}, {""accession"": ""0001115222-13-000020"", ""cik"": ""0001115222"", ""evidence_kind"": ""sec_bulk_issuer_name_no_ticker"", ""filed_date"": ""2013-08-07"", ""historical_name"": ""DUN & BRADSTREET CORP/NW"", ""sha256"": ""c9134387b650a9194f14b3f832f16aa1a72255c20a0e0b954001a643933cc849"", ""source_url"": ""https://www.sec.gov/files/dera/data/financial-statement-data-sets/2013q3.zip""}, {""accession"": ""0001193125-12-088493"", ""cik"": ""0001115222"", ""evidence_kind"": ""sec_bulk_issuer_name_no_ticker"", ""filed_date"": ""2012-02-29"", ""historical_name"": ""DUN & BRADSTREET CORP/NW"", ""sha256"": ""42ed1a5ecac978d4338bd51cd4bc15bf60cc821291eea492f8172fc4e803d5f6"", ""source_url"": ""https://www.sec.gov/files/dera/data/financial-statement-data-sets/2012q1.zip""}]"
DNR,0000945764,2010-01-01,2015-03-23,corroborated_candidate,19,0,19,2010-03-01,2015-02-27,True,False,[],"[{""accession"": ""0000950123-10-019490"", ""cik"": ""0000945764"", ""evidence_kind"": ""sec_bulk_issuer_name_no_ticker"", ""filed_date"": ""2010-03-01"", ""historical_name"": ""DENBURY RESOURCES INC"", ""sha256"": ""2a4db2340ab1662d5135d7e17be1a58352c5959017350f0ef2174135f9996125"", ""source_url"": ""https://www.sec.gov/files/dera/data/financial-statement-data-sets/2010q1.zip""}, {""accession"": ""0000945764-13-000027"", ""cik"": ""0000945764"", ""evidence_kind"": ""sec_bulk_issuer_name_no_ticker"", ""filed_date"": ""2013-02-28"", ""historical_name"": ""DENBURY RESOURCES INC"", ""sha256"": ""329f4e3e40c0351001037ad1dea3fd28c07100f6f6d6d64d5998ea01b060a790"", ""source_url"": ""https://www.sec.gov/files/dera/data/financial-statement-data-sets/2013q1.zip""}, {""accession"": ""0000945764-12-000013"", ""cik"": ""0000945764"", ""evidence_kind"": ""sec_bulk_issuer_name_no_ticker"", ""filed_date"": ""2012-02-28"", ""historical_name"": ""DENBURY RESOURCES INC"", ""sha256"": ""42ed1a5ecac978d4338bd51cd4bc15bf60cc821291eea492f8172fc4e803d5f6"", ""source_url"": ""https://www.sec.gov/files/dera/data/financial-statement-data-sets/2012q1.zip""}]"
DO,0000949039,2010-01-01,2016-01-01,confirmed_by_multiple_evidence,2,2,24,2010-02-23,2015-11-02,True,False,[],"[{""accession"": ""0001193125-13-069201"", ""cik"": ""0000949039"", ""evidence_kind"": ""sec_dei_ticker"", ""filed_date"": ""2013-02-21"", ""sha256"": ""426d4ebe38fbe7917176f09273430b9ebdfdf7304eb7e8b78d56f70bc3b3fced"", ""source_url"": ""https://www.sec.gov/Archives/edgar/data/949039/000119312513069201/do-20121231.xml""}, {""accession"": ""0001193125-15-361803"", ""cik"": ""0000949039"", ""evidence_kind"": ""sec_dei_ticker"", ""filed_date"": ""2015-11-02"", ""sha256"": ""d7a4035c5aa5c11b5dce618031d5158a981a3b0bb40cdde239994458efa5e378"", ""source_url"": ""https://www.sec.gov/Archives/edgar/data/949039/000119312515361803/do-20150930.xml""}, {""accession"": ""0000950123-10-015699"", ""cik"": ""0000949039"", ""evidence_kind"": ""sec_bulk_issuer_name_no_ticker"", ""filed_date"": ""2010-02-23"", ""historical_name"": ""DIAMOND OFFSHORE DRILLING INC"", ""sha256"": ""2a4db2340ab1662d5135d7e17be1a58352c5959017350f0ef2174135f9996125"", ""source_url"": ""https://www.sec.gov/files/dera/data/financial-statement-data-sets/2010q1.zip""}, {""accession"": ""0001193125-13-190618"", ""cik"": ""0000949039"", ""evidence_kind"": ""sec_bulk_issuer_name_no_ticker"", ""filed_date"": ""2013-05-01"", ""historical_name"": ""DIAMOND OFFSHORE DRILLING INC"", ""sha256"": ""7cc764386ea9cb01d62e1a9f4fac38dc9c741e96886a953ddaad2def4eb489c7"", ""source_url"": ""https://www.sec.gov/files/dera/data/financial-statement-data-sets/2013q2.zip""}, {""accession"": ""0001193125-12-075073"", ""cik"": ""0000949039"", ""evidence_kind"": ""sec_bulk_issuer_name_no_ticker"", ""filed_date"": ""2012-02-23"", ""historical_name"": ""DIAMOND OFFSHORE DRILLING INC"", ""sha256"": ""42ed1a5ecac978d4338bd51cd4bc15bf60cc821291eea492f8172fc4e803d5f6"", ""source_url"": ""https://www.sec.gov/files/dera/data/financial-statement-data-sets/2012q1.zip""}]"
DOV,0000029905,2010-01-01,2016-01-01,corroborated_candidate,24,0,24,2010-02-19,2015-10-20,True,False,[],"[{""accession"": ""0000950123-10-014502"", ""cik"": ""0000029905"", ""evidence_kind"": ""sec_bulk_issuer_name_no_ticker"", ""filed_date"": ""2010-02-19"", ""historical_name"": ""DOVER CORP"", ""sha256"": ""2a4db2340ab1662d5135d7e17be1a58352c5959017350f0ef2174135f9996125"", ""source_url"": ""https://www.sec.gov/files/dera/data/financial-statement-data-sets/2010q1.zip""}, {""accession"": ""0000029905-13-000025"", ""cik"": ""0000029905"", ""evidence_kind"": ""sec_bulk_issuer_name_no_ticker"", ""filed_date"": ""2013-04-17"", ""historical_name"": ""DOVER CORP"", ""sha256"": ""7cc764386ea9cb01d62e1a9f4fac38dc9c741e96886a953ddaad2def4eb489c7"", ""source_url"": ""https://www.sec.gov/files/dera/data/financial-statement-data-sets/2013q2.zip""}, {""accession"": ""0000029905-12-000008"", ""cik"": ""0000029905"", ""evidence_kind"": ""sec_bulk_issuer_name_no_ticker"", ""filed_date"": ""2012-02-10"", ""historical_name"": ""DOVER CORP"", ""sha256"": ""42ed1a5ecac978d4338bd51cd4bc15bf60cc821291eea492f8172fc4e803d5f6"", ""source_url"": ""https://www.sec.gov/files/dera/data/financial-statement-data-sets/2012q1.zip""}]"
DOW,0000029915,2010-01-01,2016-01-01,corroborated_candidate,24,0,24,2010-02-19,2015-10-27,True,False,[],"[{""accession"": ""0000029915-10-000024"", ""cik"": ""0000029915"", ""evidence_kind"": ""sec_bulk_issuer_name_no_ticker"", ""filed_date"": ""2010-02-19"", ""historical_name"": ""DOW CHEMICAL CO /DE/"", ""sha256"": ""2a4db2340ab1662d5135d7e17be1a58352c5959017350f0ef2174135f9996125"", ""source_url"": ""https://www.sec.gov/files/dera/data/financial-statement-data-sets/2010q1.zip""}, {""accession"": ""0000029915-13-000022"", ""cik"": ""0000029915"", ""evidence_kind"": ""sec_bulk_issuer_name_no_ticker"", ""filed_date"": ""2013-04-30"", ""historical_name"": ""DOW CHEMICAL CO /DE/"", ""sha256"": ""7cc764386ea9cb01d62e1a9f4fac38dc9c741e96886a953ddaad2def4eb489c7"", ""source_url"": ""https://www.sec.gov/files/dera/data/financial-statement-data-sets/2013q2.zip""}, {""accession"": ""0000029915-12-000008"", ""cik"": ""0000029915"", ""evidence_kind"": ""sec_bulk_issuer_name_no_ticker"", ""filed_date"": ""2012-02-15"", ""historical_name"": ""DOW CHEMICAL CO /DE/"", ""sha256"": ""42ed1a5ecac978d4338bd51cd4bc15bf60cc821291eea492f8172fc4e803d5f6"", ""source_url"": ""https://www.sec.gov/files/dera/data/financial-statement-data-sets/2012q1.zip""}]"
DRI,0000940944,2010-01-01,2016-01-01,corroborated_candidate,23,1,23,2010-04-02,2015-10-02,True,False,[],"[{""accession"": ""0001193125-10-075874"", ""cik"": ""0000940944"", ""evidence_kind"": ""sec_dei_ticker"", ""filed_date"": ""2010-04-02"", ""sha256"": ""db1fb4d645d5d24a0510e1adc5680ecc31028e93f6d3081583f79e612922ae08"", ""source_url"": ""https://www.sec.gov/Archives/edgar/data/940944/000119312510075874/dri-20100228.xml""}, {""accession"": ""0000940944-13-000016"", ""cik"": ""0000940944"", ""evidence_kind"": ""sec_bulk_issuer_name_no_ticker"", ""filed_date"": ""2013-04-01"", ""historical_name"": ""DARDEN RESTAURANTS INC"", ""sha256"": ""7cc764386ea9cb01d62e1a9f4fac38dc9c741e96886a953ddaad2def4eb489c7"", ""source_url"": ""https://www.sec.gov/files/dera/data/financial-statement-data-sets/2013q2.zip""}, {""accession"": ""0000940944-12-000002"", ""cik"": ""0000940944"", ""evidence_kind"": ""sec_bulk_issuer_name_no_ticker"", ""filed_date"": ""2012-01-03"", ""historical_name"": ""DARDEN RESTAURANTS INC"", ""sha256"": ""42ed1a5ecac978d4338bd51cd4bc15bf60cc821291eea492f8172fc4e803d5f6"", ""source_url"": ""https://www.sec.gov/files/dera/data/financial-statement-data-sets/2012q1.zip""}]"
DTE,0000936340,2010-01-01,2016-01-01,corroborated_candidate,23,0,23,2010-02-23,2015-10-23,True,False,[],"[{""accession"": ""0000950123-10-015829"", ""cik"": ""0000936340"", ""evidence_kind"": ""sec_bulk_issuer_name_no_ticker"", ""filed_date"": ""2010-02-23"", ""historical_name"": ""DTE ENERGY CO"", ""sha256"": ""2a4db2340ab1662d5135d7e17be1a58352c5959017350f0ef2174135f9996125"", ""source_url"": ""https://www.sec.gov/files/dera/data/financial-statement-data-sets/2010q1.zip""}, {""accession"": ""0000936340-13-000058"", ""cik"": ""0000936340"", ""evidence_kind"": ""sec_bulk_issuer_name_no_ticker"", ""filed_date"": ""2013-04-26"", ""historical_name"": ""DTE ENERGY CO"", ""sha256"": ""7cc764386ea9cb01d62e1a9f4fac38dc9c741e96886a953ddaad2def4eb489c7"", ""source_url"": ""https://www.sec.gov/files/dera/data/financial-statement-data-sets/2013q2.zip""}, {""accession"": ""0000936340-12-000004"", ""cik"": ""0000936340"", ""evidence_kind"": ""sec_bulk_issuer_name_no_ticker"", ""filed_date"": ""2012-02-16"", ""historical_name"": ""DTE ENERGY CO"", ""sha256"": ""42ed1a5ecac978d4338bd51cd4bc15bf60cc821291eea492f8172fc4e803d5f6"", ""source_url"": ""https://www.sec.gov/files/dera/data/financial-statement-data-sets/2012q1.zip""}]"
DTV,0001465112,2010-01-01,2015-07-27,corroborated_candidate,22,0,22,2010-02-26,2015-05-08,True,False,[],"[{""accession"": ""0001047469-10-001456"", ""cik"": ""0001465112"", ""evidence_kind"": ""sec_bulk_issuer_name_no_ticker"", ""filed_date"": ""2010-02-26"", ""historical_name"": ""DIRECTV"", ""sha256"": ""2a4db2340ab1662d5135d7e17be1a58352c5959017350f0ef2174135f9996125"", ""source_url"": ""https://www.sec.gov/files/dera/data/financial-statement-data-sets/2010q1.zip""}, {""accession"": ""0001047469-13-001381"", ""cik"": ""0001465112"", ""evidence_kind"": ""sec_bulk_issuer_name_no_ticker"", ""filed_date"": ""2013-02-21"", ""historical_name"": ""DIRECTV"", ""sha256"": ""329f4e3e40c0351001037ad1dea3fd28c07100f6f6d6d64d5998ea01b060a790"", ""source_url"": ""https://www.sec.gov/files/dera/data/financial-statement-data-sets/2013q1.zip""}, {""accession"": ""0001047469-12-001379"", ""cik"": ""0001465112"", ""evidence_kind"": ""sec_bulk_issuer_name_no_ticker"", ""filed_date"": ""2012-02-23"", ""historical_name"": ""DIRECTV"", ""sha256"": ""42ed1a5ecac978d4338bd51cd4bc15bf60cc821291eea492f8172fc4e803d5f6"", ""source_url"": ""https://www.sec.gov/files/dera/data/financial-statement-data-sets/2012q1.zip""}]"
DUK,0001326160,2010-01-01,2016-01-01,corroborated_candidate,24,1,24,2010-02-26,2015-11-05,True,False,[],"[{""accession"": ""0001193125-10-043083"", ""cik"": ""0001326160"", ""evidence_kind"": ""sec_dei_ticker"", ""filed_date"": ""2010-02-26"", ""sha256"": ""7d1f7f847395b935f1ab7cc02090708eb1c5f64afd49bf5f37a2d6d2921b1eb5"", ""source_url"": ""https://www.sec.gov/Archives/edgar/data/1326160/000119312510043083/duk-20091231.xml""}, {""accession"": ""0001326160-13-000014"", ""cik"": ""0001326160"", ""evidence_kind"": ""sec_bulk_issuer_name_no_ticker"", ""filed_date"": ""2013-05-09"", ""historical_name"": ""DUKE ENERGY CORP"", ""sha256"": ""7cc764386ea9cb01d62e1a9f4fac38dc9c741e96886a953ddaad2def4eb489c7"", ""source_url"": ""https://www.sec.gov/files/dera/data/financial-statement-data-sets/2013q2.zip""}, {""accession"": ""0001193125-12-085533"", ""cik"": ""0001326160"", ""evidence_kind"": ""sec_bulk_issuer_name_no_ticker"", ""filed_date"": ""2012-02-28"", ""historical_name"": ""DUKE ENERGY CORP"", ""sha256"": ""42ed1a5ecac978d4338bd51cd4bc15bf60cc821291eea492f8172fc4e803d5f6"", ""source_url"": ""https://www.sec.gov/files/dera/data/financial-statement-data-sets/2012q1.zip""}]"
DVA,0000927066,2010-01-01,2016-01-01,confirmed_by_multiple_evidence,3,3,24,2010-02-25,2015-11-05,True,False,[],"[{""accession"": ""0001193125-10-040773"", ""cik"": ""0000927066"", ""evidence_kind"": ""sec_dei_ticker"", ""filed_date"": ""2010-02-25"", ""sha256"": ""610ea1deb86a2a8a8fa13fadded23f6ba88bceaf05944f4713d909201c6097e7"", ""source_url"": ""https://www.sec.gov/Archives/edgar/data/927066/000119312510040773/dva-20091231.xml""}, {""accession"": ""0001193125-13-085450"", ""cik"": ""0000927066"", ""evidence_kind"": ""sec_dei_ticker"", ""filed_date"": ""2013-03-01"", ""sha256"": ""1d053e4ca4106518d2e87c1bb89e2cf2a2f9a520743a981ee5ecf1b2183121f9"", ""source_url"": ""https://www.sec.gov/Archives/edgar/data/927066/000119312513085450/dva-20121231.xml""}, {""accession"": ""0001564590-15-009428"", ""cik"": ""0000927066"", ""evidence_kind"": ""sec_dei_ticker"", ""filed_date"": ""2015-11-05"", ""sha256"": ""44b9d6accd06a5a67829e86230e7d7f083b66c8b941db46b3cfcd62bf70c44f2"", ""source_url"": ""https://www.sec.gov/Archives/edgar/data/927066/000156459015009428/dva-20150930.xml""}, {""accession"": ""0001193125-13-210897"", ""cik"": ""0000927066"", ""evidence_kind"": ""sec_bulk_issuer_name_no_ticker"", ""filed_date"": ""2013-05-09"", ""historical_name"": ""DAVITA HEALTHCARE PARTNERS INC."", ""sha256"": ""7cc764386ea9cb01d62e1a9f4fac38dc9c741e96886a953ddaad2def4eb489c7"", ""source_url"": ""https://www.sec.gov/files/dera/data/financial-statement-data-sets/2013q2.zip""}, {""accession"": ""0001193125-12-077942"", ""cik"": ""0000927066"", ""evidence_kind"": ""sec_bulk_issuer_name_no_ticker"", ""filed_date"": ""2012-02-24"", ""historical_name"": ""DAVITA INC"", ""sha256"": ""42ed1a5ecac978d4338bd51cd4bc15bf60cc821291eea492f8172fc4e803d5f6"", ""source_url"": ""https://www.sec.gov/files/dera/data/financial-statement-data-sets/2012q1.zip""}]"
DVN,0001090012,2010-01-01,2016-01-01,corroborated_candidate,24,0,24,2010-02-25,2015-11-04,True,False,[],"[{""accession"": ""0000950123-10-017093"", ""cik"": ""0001090012"", ""evidence_kind"": ""sec_bulk_issuer_name_no_ticker"", ""filed_date"": ""2010-02-25"", ""historical_name"": ""DEVON ENERGY CORP/DE"", ""sha256"": ""2a4db2340ab1662d5135d7e17be1a58352c5959017350f0ef2174135f9996125"", ""source_url"": ""https://www.sec.gov/files/dera/data/financial-statement-data-sets/2010q1.zip""}, {""accession"": ""0001193125-13-192272"", ""cik"": ""0001090012"", ""evidence_kind"": ""sec_bulk_issuer_name_no_ticker"", ""filed_date"": ""2013-05-01"", ""historical_name"": ""DEVON ENERGY CORP/DE"", ""sha256"": ""7cc764386ea9cb01d62e1a9f4fac38dc9c741e96886a953ddaad2def4eb489c7"", ""source_url"": ""https://www.sec.gov/files/dera/data/financial-statement-data-sets/2013q2.zip""}, {""accession"": ""0001193125-12-077085"", ""cik"": ""0001090012"", ""evidence_kind"": ""sec_bulk_issuer_name_no_ticker"", ""filed_date"": ""2012-02-24"", ""historical_name"": ""DEVON ENERGY CORP/DE"", ""sha256"": ""42ed1a5ecac978d4338bd51cd4bc15bf60cc821291eea492f8172fc4e803d5f6"", ""source_url"": ""https://www.sec.gov/files/dera/data/financial-statement-data-sets/2012q1.zip""}]"
EA,0000712515,2010-01-01,2016-01-01,ambiguous,24,2,24,2010-02-09,2015-11-10,True,False,['ERTS'],"[{""accession"": ""0000712515-13-000007"", ""cik"": ""0000712515"", ""evidence_kind"": ""sec_dei_ticker"", ""filed_date"": ""2013-02-05"", ""sha256"": ""1cda5488dd132742d59335c3ce7a782424c2714e38888e9fb0d95b43c4207dbe"", ""source_url"": ""https://www.sec.gov/Archives/edgar/data/712515/000071251513000007/ea-20121231.xml""}, {""accession"": ""0000712515-15-000070"", ""cik"": ""0000712515"", ""evidence_kind"": ""sec_dei_ticker"", ""filed_date"": ""2015-11-10"", ""sha256"": ""0eed83ffd092a23e88ec6bc9c9752a397c437fe6e5af1ba42de07cd95672387f"", ""source_url"": ""https://www.sec.gov/Archives/edgar/data/712515/000071251515000070/ea-20150930.xml""}, {""accession"": ""0001193125-10-025856"", ""cik"": ""0000712515"", ""evidence_kind"": ""sec_bulk_issuer_name_no_ticker"", ""filed_date"": ""2010-02-09"", ""historical_name"": ""ELECTRONIC ARTS INC."", ""sha256"": ""2a4db2340ab1662d5135d7e17be1a58352c5959017350f0ef2174135f9996125"", ""source_url"": ""https://www.sec.gov/files/dera/data/financial-statement-data-sets/2010q1.zip""}, {""accession"": ""0000712515-13-000022"", ""cik"": ""0000712515"", ""evidence_kind"": ""sec_bulk_issuer_name_no_ticker"", ""filed_date"": ""2013-05-22"", ""historical_name"": ""ELECTRONIC ARTS INC."", ""sha256"": ""7cc764386ea9cb01d62e1a9f4fac38dc9c741e96886a953ddaad2def4eb489c7"", ""source_url"": ""https://www.sec.gov/files/dera/data/financial-statement-data-sets/2013q2.zip""}, {""accession"": ""0001193125-12-041653"", ""cik"": ""0000712515"", ""evidence_kind"": ""sec_bulk_issuer_name_no_ticker"", ""filed_date"": ""2012-02-07"", ""historical_name"": ""ELECTRONIC ARTS INC."", ""sha256"": ""42ed1a5ecac978d4338bd51cd4bc15bf60cc821291eea492f8172fc4e803d5f6"", ""source_url"": ""https://www.sec.gov/files/dera/data/financial-statement-data-sets/2012q1.zip""}]"
EBAY,0001065088,2010-01-01,2016-01-01,confirmed_by_multiple_evidence,3,3,24,2010-02-17,2015-10-28,True,False,[],"[{""accession"": ""0001065088-13-000004"", ""cik"": ""0001065088"", ""evidence_kind"": ""sec_dei_ticker"", ""filed_date"": ""2013-02-01"", ""sha256"": ""4ac71a9cf79bae7fe8bf588cfa00ed189c53aad9171b2cd118324d1854005d98"", ""source_url"": ""https://www.sec.gov/Archives/edgar/data/1065088/000106508813000004/ebay-20121231.xml""}, {""accession"": ""0001065088-15-000252"", ""cik"": ""0001065088"", ""evidence_kind"": ""sec_dei_ticker"", ""filed_date"": ""2015-10-28"", ""sha256"": ""28ba732752b685ec54a52cd486e3eae3885ab0cfa445b366d3d5a47504e77e5f"", ""source_url"": ""https://www.sec.gov/Archives/edgar/data/1065088/000106508815000252/ebay-20150930.xml""}, {""accession"": ""0001193125-10-033324"", ""cik"": ""0001065088"", ""evidence_kind"": ""sec_dei_ticker"", ""filed_date"": ""2010-02-17"", ""sha256"": ""305f3843a0abe74d0d73df329317df5b56a70afb3b480d2808dadd1a02e814c4"", ""source_url"": ""https://www.sec.gov/Archives/edgar/data/1065088/000119312510033324/ebay-20091231.xml""}, {""accession"": ""0001065088-13-000058"", ""cik"": ""0001065088"", ""evidence_kind"": ""sec_bulk_issuer_name_no_ticker"", ""filed_date"": ""2013-04-19"", ""historical_name"": ""EBAY INC"", ""sha256"": ""7cc764386ea9cb01d62e1a9f4fac38dc9c741e96886a953ddaad2def4eb489c7"", ""source_url"": ""https://www.sec.gov/files/dera/data/financial-statement-data-sets/2013q2.zip""}, {""accession"": ""0001065088-12-000006"", ""cik"": ""0001065088"", ""evidence_kind"": ""sec_bulk_issuer_name_no_ticker"", ""filed_date"": ""2012-01-31"", ""historical_name"": ""EBAY INC"", ""sha256"": ""42ed1a5ecac978d4338bd51cd4bc15bf60cc821291eea492f8172fc4e803d5f6"", ""source_url"": ""https://www.sec.gov/files/dera/data/financial-statement-data-sets/2012q1.zip""}]"
ECL,0000031462,2010-01-01,2016-01-01,corroborated_candidate,24,0,24,2010-02-26,2015-11-02,True,False,[],"[{""accession"": ""0001104659-10-010302"", ""cik"": ""0000031462"", ""evidence_kind"": ""sec_bulk_issuer_name_no_ticker"", ""filed_date"": ""2010-02-26"", ""historical_name"": ""ECOLAB INC"", ""sha256"": ""2a4db2340ab1662d5135d7e17be1a58352c5959017350f0ef2174135f9996125"", ""source_url"": ""https://www.sec.gov/files/dera/data/financial-statement-data-sets/2010q1.zip""}, {""accession"": ""0001104659-13-036197"", ""cik"": ""0000031462"", ""evidence_kind"": ""sec_bulk_issuer_name_no_ticker"", ""filed_date"": ""2013-05-02"", ""historical_name"": ""ECOLAB INC"", ""sha256"": ""7cc764386ea9cb01d62e1a9f4fac38dc9c741e96886a953ddaad2def4eb489c7"", ""source_url"": ""https://www.sec.gov/files/dera/data/financial-statement-data-sets/2013q2.zip""}, {""accession"": ""0001104659-12-014104"", ""cik"": ""0000031462"", ""evidence_kind"": ""sec_bulk_issuer_name_no_ticker"", ""filed_date"": ""2012-02-28"", ""historical_name"": ""ECOLAB INC"", ""sha256"": ""42ed1a5ecac978d4338bd51cd4bc15bf60cc821291eea492f8172fc4e803d5f6"", ""source_url"": ""https://www.sec.gov/files/dera/data/financial-statement-data-sets/2012q1.zip""}]"
ED,0001047862,2010-01-01,2016-01-01,confirmed_by_multiple_evidence,3,3,24,2010-02-22,2015-11-05,True,False,[],"[{""accession"": ""0001047862-15-000166"", ""cik"": ""0001047862"", ""evidence_kind"": ""sec_dei_ticker"", ""filed_date"": ""2015-11-05"", ""sha256"": ""da63b679d2148206c329966150dcd2334b0dfb7b0d996931f08b1b171cf5cd7f"", ""source_url"": ""https://www.sec.gov/Archives/edgar/data/1047862/000104786215000166/ed-20150930.xml""}, {""accession"": ""0001193125-10-036116"", ""cik"": ""0001047862"", ""evidence_kind"": ""sec_dei_ticker"", ""filed_date"": ""2010-02-22"", ""sha256"": ""6edade37f395187b14d5a6c503c64ac2348ee109f3d4f207212586822c1e2abd"", ""source_url"": ""https://www.sec.gov/Archives/edgar/data/1047862/000119312510036116/ed-20091231.xml""}, {""accession"": ""0001193125-13-069310"", ""cik"": ""0001047862"", ""evidence_kind"": ""sec_dei_ticker"", ""filed_date"": ""2013-02-21"", ""sha256"": ""4d8e45a8cc665507aae48f3d4eed935bc56a220b941dee8e303a9e3fc4a074c1"", ""source_url"": ""https://www.sec.gov/Archives/edgar/data/1047862/000119312513069310/ed-20121231.xml""}, {""accession"": ""0001193125-13-196382"", ""cik"": ""0001047862"", ""evidence_kind"": ""sec_bulk_issuer_name_no_ticker"", ""filed_date"": ""2013-05-02"", ""historical_name"": ""CONSOLIDATED EDISON INC"", ""sha256"": ""7cc764386ea9cb01d62e1a9f4fac38dc9c741e96886a953ddaad2def4eb489c7"", ""source_url"": ""https://www.sec.gov/files/dera/data/financial-statement-data-sets/2013q2.zip""}, {""accession"": ""0001193125-12-069828"", ""cik"": ""0001047862"", ""evidence_kind"": ""sec_bulk_issuer_name_no_ticker"", ""filed_date"": ""2012-02-21"", ""historical_name"": ""CONSOLIDATED EDISON INC"", ""sha256"": ""42ed1a5ecac978d4338bd51cd4bc15bf60cc821291eea492f8172fc4e803d5f6"", ""source_url"": ""https://www.sec.gov/files/dera/data/financial-statement-data-sets/2012q1.zip""}]"
EFX,0000033185,2010-01-01,2016-01-01,confirmed_by_multiple_evidence,2,2,23,2010-04-29,2015-10-22,True,False,[],"[{""accession"": ""0000033185-15-000028"", ""cik"": ""0000033185"", ""evidence_kind"": ""sec_dei_ticker"", ""filed_date"": ""2015-10-22"", ""sha256"": ""3d35832b34d002c9e69ea4b50e90ea00628ef2fa8bc9d3ef44b842c990eaf849"", ""source_url"": ""https://www.sec.gov/Archives/edgar/data/33185/000003318515000028/efx-20150930.xml""}, {""accession"": ""0001144204-13-010696"", ""cik"": ""0000033185"", ""evidence_kind"": ""sec_dei_ticker"", ""filed_date"": ""2013-02-22"", ""sha256"": ""290aec3cbcae1e37425f45d23920bd0d878eff201efba640a6528fd463935e3c"", ""source_url"": ""https://www.sec.gov/Archives/edgar/data/33185/000114420413010696/efx-20121231.xml""}, {""accession"": ""0001144204-10-023050"", ""cik"": ""0000033185"", ""evidence_kind"": ""sec_bulk_issuer_name_no_ticker"", ""filed_date"": ""2010-04-29"", ""historical_name"": ""EQUIFAX INC"", ""sha256"": ""25f416b020fd3e62a67dbf8c6522c9f239e716099b61cf5d05a59a91ffdef1f1"", ""source_url"": ""https://www.sec.gov/files/dera/data/financial-statement-data-sets/2010q2.zip""}, {""accession"": ""0001144204-13-023924"", ""cik"": ""0000033185"", ""evidence_kind"": ""sec_bulk_issuer_name_no_ticker"", ""filed_date"": ""2013-04-25"", ""historical_name"": ""EQUIFAX INC"", ""sha256"": ""7cc764386ea9cb01d62e1a9f4fac38dc9c741e96886a953ddaad2def4eb489c7"", ""source_url"": ""https://www.sec.gov/files/dera/data/financial-statement-data-sets/2013q2.zip""}, {""accession"": ""0001144204-12-010639"", ""cik"": ""0000033185"", ""evidence_kind"": ""sec_bulk_issuer_name_no_ticker"", ""filed_date"": ""2012-02-23"", ""historical_name"": ""EQUIFAX INC"", ""sha256"": ""42ed1a5ecac978d4338bd51cd4bc15bf60cc821291eea492f8172fc4e803d5f6"", ""source_url"": ""https://www.sec.gov/files/dera/data/financial-statement-data-sets/2012q1.zip""}]"
EIX,0000827052,2010-01-01,2016-01-01,corroborated_candidate,24,0,24,2010-03-01,2015-10-27,True,False,[],"[{""accession"": ""0001047469-10-001604"", ""cik"": ""0000827052"", ""evidence_kind"": ""sec_bulk_issuer_name_no_ticker"", ""filed_date"": ""2010-03-01"", ""historical_name"": ""EDISON INTERNATIONAL"", ""sha256"": ""2a4db2340ab1662d5135d7e17be1a58352c5959017350f0ef2174135f9996125"", ""source_url"": ""https://www.sec.gov/files/dera/data/financial-statement-data-sets/2010q1.zip""}, {""accession"": ""0000827052-13-000107"", ""cik"": ""0000827052"", ""evidence_kind"": ""sec_bulk_issuer_name_no_ticker"", ""filed_date"": ""2013-04-30"", ""historical_name"": ""EDISON INTERNATIONAL"", ""sha256"": ""7cc764386ea9cb01d62e1a9f4fac38dc9c741e96886a953ddaad2def4eb489c7"", ""source_url"": ""https://www.sec.gov/files/dera/data/financial-statement-data-sets/2013q2.zip""}, {""accession"": ""0000827052-12-000013"", ""cik"": ""0000827052"", ""evidence_kind"": ""sec_bulk_issuer_name_no_ticker"", ""filed_date"": ""2012-02-29"", ""historical_name"": ""EDISON INTERNATIONAL"", ""sha256"": ""42ed1a5ecac978d4338bd51cd4bc15bf60cc821291eea492f8172fc4e803d5f6"", ""source_url"": ""https://www.sec.gov/files/dera/data/financial-statement-data-sets/2012q1.zip""}]"
EL,0001001250,2010-01-01,2016-01-01,corroborated_candidate,21,0,21,2010-11-01,2015-11-02,True,False,[],"[{""accession"": ""0001104659-10-055000"", ""cik"": ""0001001250"", ""evidence_kind"": ""sec_bulk_issuer_name_no_ticker"", ""filed_date"": ""2010-11-01"", ""historical_name"": ""ESTEE LAUDER COMPANIES INC"", ""sha256"": ""3dc43a8559cba9e1a9bb5a283a99e1fdfd2b0eaa7a9460887d5b4c70d69cef63"", ""source_url"": ""https://www.sec.gov/files/dera/data/financial-statement-data-sets/2010q4.zip""}, {""accession"": ""0001104659-13-065820"", ""cik"": ""0001001250"", ""evidence_kind"": ""sec_bulk_issuer_name_no_ticker"", ""filed_date"": ""2013-08-23"", ""historical_name"": ""ESTEE LAUDER COMPANIES INC"", ""sha256"": ""c9134387b650a9194f14b3f832f16aa1a72255c20a0e0b954001a643933cc849"", ""source_url"": ""https://www.sec.gov/files/dera/data/financial-statement-data-sets/2013q3.zip""}, {""accession"": ""0001104659-12-006720"", ""cik"": ""0001001250"", ""evidence_kind"": ""sec_bulk_issuer_name_no_ticker"", ""filed_date"": ""2012-02-06"", ""historical_name"": ""ESTEE LAUDER COMPANIES INC"", ""sha256"": ""42ed1a5ecac978d4338bd51cd4bc15bf60cc821291eea492f8172fc4e803d5f6"", ""source_url"": ""https://www.sec.gov/files/dera/data/financial-statement-data-sets/2012q1.zip""}]"
EMC,0000790070,2010-01-01,2016-01-01,confirmed_by_multiple_evidence,3,3,24,2010-02-26,2015-11-09,True,False,[],"[{""accession"": ""0000790070-13-000019"", ""cik"": ""0000790070"", ""evidence_kind"": ""sec_dei_ticker"", ""filed_date"": ""2013-02-27"", ""sha256"": ""ea56bd41b6c55f54c89cf95df0e59ae9a6c41d4556a5625ad96e05d1301a26d1"", ""source_url"": ""https://www.sec.gov/Archives/edgar/data/790070/000079007013000019/emc-20121231.xml""}, {""accession"": ""0000790070-15-000176"", ""cik"": ""0000790070"", ""evidence_kind"": ""sec_dei_ticker"", ""filed_date"": ""2015-11-09"", ""sha256"": ""8f21473b66d550d07e751d482d93db9de85104c7037e4dded3d20fd10e938ba7"", ""source_url"": ""https://www.sec.gov/Archives/edgar/data/790070/000079007015000176/emc-20150930.xml""}, {""accession"": ""0001193125-10-043093"", ""cik"": ""0000790070"", ""evidence_kind"": ""sec_dei_ticker"", ""filed_date"": ""2010-02-26"", ""sha256"": ""67f711fbb1e7efa8c201a5e81fde7ceb3f982ee90d107a9df3196a61d84b9566"", ""source_url"": ""https://www.sec.gov/Archives/edgar/data/790070/000119312510043093/emc-20091231.xml""}, {""accession"": ""0000790070-13-000054"", ""cik"": ""0000790070"", ""evidence_kind"": ""sec_bulk_issuer_name_no_ticker"", ""filed_date"": ""2013-05-03"", ""historical_name"": ""EMC CORP"", ""sha256"": ""7cc764386ea9cb01d62e1a9f4fac38dc9c741e96886a953ddaad2def4eb489c7"", ""source_url"": ""https://www.sec.gov/files/dera/data/financial-statement-data-sets/2013q2.zip""}, {""accession"": ""0001193125-12-078278"", ""cik"": ""0000790070"", ""evidence_kind"": ""sec_bulk_issuer_name_no_ticker"", ""filed_date"": ""2012-02-24"", ""historical_name"": ""EMC CORP"", ""sha256"": ""42ed1a5ecac978d4338bd51cd4bc15bf60cc821291eea492f8172fc4e803d5f6"", ""source_url"": ""https://www.sec.gov/files/dera/data/financial-statement-data-sets/2012q1.zip""}]"
EMN,0000915389,2010-01-01,2016-01-01,corroborated_candidate,23,0,23,2010-04-26,2015-11-03,True,False,[],"[{""accession"": ""0000915389-10-000038"", ""cik"": ""0000915389"", ""evidence_kind"": ""sec_bulk_issuer_name_no_ticker"", ""filed_date"": ""2010-04-26"", ""historical_name"": ""EASTMAN CHEMICAL CO"", ""sha256"": ""25f416b020fd3e62a67dbf8c6522c9f239e716099b61cf5d05a59a91ffdef1f1"", ""source_url"": ""https://www.sec.gov/files/dera/data/financial-statement-data-sets/2010q2.zip""}, {""accession"": ""0000915389-13-000021"", ""cik"": ""0000915389"", ""evidence_kind"": ""sec_bulk_issuer_name_no_ticker"", ""filed_date"": ""2013-04-30"", ""historical_name"": ""EASTMAN CHEMICAL CO"", ""sha256"": ""7cc764386ea9cb01d62e1a9f4fac38dc9c741e96886a953ddaad2def4eb489c7"", ""source_url"": ""https://www.sec.gov/files/dera/data/financial-statement-data-sets/2013q2.zip""}, {""accession"": ""0000915389-12-000031"", ""cik"": ""0000915389"", ""evidence_kind"": ""sec_bulk_issuer_name_no_ticker"", ""filed_date"": ""2012-02-22"", ""historical_name"": ""EASTMAN CHEMICAL CO"", ""sha256"": ""42ed1a5ecac978d4338bd51cd4bc15bf60cc821291eea492f8172fc4e803d5f6"", ""source_url"": ""https://www.sec.gov/files/dera/data/financial-statement-data-sets/2012q1.zip""}]"
EMR,0000032604,2010-01-01,2016-01-01,corroborated_candidate,24,0,24,2010-02-03,2015-11-18,True,False,[],"[{""accession"": ""0001144204-10-005166"", ""cik"": ""0000032604"", ""evidence_kind"": ""sec_bulk_issuer_name_no_ticker"", ""filed_date"": ""2010-02-03"", ""historical_name"": ""EMERSON ELECTRIC CO"", ""sha256"": ""2a4db2340ab1662d5135d7e17be1a58352c5959017350f0ef2174135f9996125"", ""source_url"": ""https://www.sec.gov/files/dera/data/financial-statement-data-sets/2010q1.zip""}, {""accession"": ""0000032604-13-000016"", ""cik"": ""0000032604"", ""evidence_kind"": ""sec_bulk_issuer_name_no_ticker"", ""filed_date"": ""2013-05-08"", ""historical_name"": ""EMERSON ELECTRIC CO"", ""sha256"": ""7cc764386ea9cb01d62e1a9f4fac38dc9c741e96886a953ddaad2def4eb489c7"", ""source_url"": ""https://www.sec.gov/files/dera/data/financial-statement-data-sets/2013q2.zip""}, {""accession"": ""0001144204-12-006547"", ""cik"": ""0000032604"", ""evidence_kind"": ""sec_bulk_issuer_name_no_ticker"", ""filed_date"": ""2012-02-08"", ""historical_name"": ""EMERSON ELECTRIC CO"", ""sha256"": ""42ed1a5ecac978d4338bd51cd4bc15bf60cc821291eea492f8172fc4e803d5f6"", ""source_url"": ""https://www.sec.gov/files/dera/data/financial-statement-data-sets/2012q1.zip""}]"
ENDP,0001100962,2015-01-27,2016-01-01,unresolved,0,0,0,,,False,False,[],[]
EOG,0000821189,2010-01-01,2016-01-01,corroborated_candidate,23,0,23,2010-02-25,2015-11-05,True,False,[],"[{""accession"": ""0000821189-10-000011"", ""cik"": ""0000821189"", ""evidence_kind"": ""sec_bulk_issuer_name_no_ticker"", ""filed_date"": ""2010-02-25"", ""historical_name"": ""EOG RESOURCES INC"", ""sha256"": ""2a4db2340ab1662d5135d7e17be1a58352c5959017350f0ef2174135f9996125"", ""source_url"": ""https://www.sec.gov/files/dera/data/financial-statement-data-sets/2010q1.zip""}, {""accession"": ""0000821189-13-000028"", ""cik"": ""0000821189"", ""evidence_kind"": ""sec_bulk_issuer_name_no_ticker"", ""filed_date"": ""2013-05-06"", ""historical_name"": ""EOG RESOURCES INC"", ""sha256"": ""7cc764386ea9cb01d62e1a9f4fac38dc9c741e96886a953ddaad2def4eb489c7"", ""source_url"": ""https://www.sec.gov/files/dera/data/financial-statement-data-sets/2013q2.zip""}, {""accession"": ""0000821189-12-000014"", ""cik"": ""0000821189"", ""evidence_kind"": ""sec_bulk_issuer_name_no_ticker"", ""filed_date"": ""2012-02-24"", ""historical_name"": ""EOG RESOURCES INC"", ""sha256"": ""42ed1a5ecac978d4338bd51cd4bc15bf60cc821291eea492f8172fc4e803d5f6"", ""source_url"": ""https://www.sec.gov/files/dera/data/financial-statement-data-sets/2012q1.zip""}]"
EP,0001066107,2010-01-01,2012-05-17,corroborated_candidate,10,0,10,2010-03-01,2012-05-04,True,False,[],"[{""accession"": ""0000950123-10-019484"", ""cik"": ""0001066107"", ""evidence_kind"": ""sec_bulk_issuer_name_no_ticker"", ""filed_date"": ""2010-03-01"", ""historical_name"": ""EL PASO CORP/DE"", ""sha256"": ""2a4db2340ab1662d5135d7e17be1a58352c5959017350f0ef2174135f9996125"", ""source_url"": ""https://www.sec.gov/files/dera/data/financial-statement-data-sets/2010q1.zip""}, {""accession"": ""0000950123-11-046860"", ""cik"": ""0001066107"", ""evidence_kind"": ""sec_bulk_issuer_name_no_ticker"", ""filed_date"": ""2011-05-09"", ""historical_name"": ""EL PASO CORP/DE"", ""sha256"": ""10a6f98f14d2a341e938a379ea32beb4857b01d59facf04e6e7b3c68558a95d1"", ""source_url"": ""https://www.sec.gov/files/dera/data/financial-statement-data-sets/2011q2.zip""}, {""accession"": ""0001193125-12-079731"", ""cik"": ""0001066107"", ""evidence_kind"": ""sec_bulk_issuer_name_no_ticker"", ""filed_date"": ""2012-02-27"", ""historical_name"": ""EL PASO CORP/DE"", ""sha256"": ""42ed1a5ecac978d4338bd51cd4bc15bf60cc821291eea492f8172fc4e803d5f6"", ""source_url"": ""https://www.sec.gov/files/dera/data/financial-statement-data-sets/2012q1.zip""}]"
EQIX,0001101239,2015-03-23,2016-01-01,confirmed_by_multiple_evidence,3,3,3,2015-05-01,2015-10-30,True,False,[],"[{""accession"": ""0001193125-15-166246"", ""cik"": ""0001101239"", ""evidence_kind"": ""sec_dei_ticker"", ""filed_date"": ""2015-05-01"", ""sha256"": ""b456f2b361e59276b4ffef33619fc6a53465bde37c44153285f6f85e6663ae97"", ""source_url"": ""https://www.sec.gov/Archives/edgar/data/1101239/000119312515166246/eqix-20150331.xml""}, {""accession"": ""0001193125-15-272652"", ""cik"": ""0001101239"", ""evidence_kind"": ""sec_dei_ticker"", ""filed_date"": ""2015-07-31"", ""sha256"": ""5f862f67f8e8ecef7f55e4d29ba0490725a523fee5ecdf778bdf0eb496dad31b"", ""source_url"": ""https://www.sec.gov/Archives/edgar/data/1101239/000119312515272652/eqix-20150630.xml""}, {""accession"": ""0001193125-15-359693"", ""cik"": ""0001101239"", ""evidence_kind"": ""sec_dei_ticker"", ""filed_date"": ""2015-10-30"", ""sha256"": ""6d87c429aff6034822886c127c01e9a7145c890f8bfcd587b6d246054b214b9e"", ""source_url"": ""https://www.sec.gov/Archives/edgar/data/1101239/000119312515359693/eqix-20150930.xml""}]"
EQR,0000906107,2010-01-01,2016-01-01,corroborated_candidate,22,1,22,2010-02-25,2015-11-05,True,False,[],"[{""accession"": ""0001193125-10-040142"", ""cik"": ""0000906107"", ""evidence_kind"": ""sec_dei_ticker"", ""filed_date"": ""2010-02-25"", ""sha256"": ""a20c23e9283859f5c10329d90c6a886154307de5d150c88e603d62de03ddc362"", ""source_url"": ""https://www.sec.gov/Archives/edgar/data/906107/000119312510040142/eqr-20091231.xml""}, {""accession"": ""0000906107-13-000005"", ""cik"": ""0000906107"", ""evidence_kind"": ""sec_bulk_issuer_name_no_ticker"", ""filed_date"": ""2013-02-21"", ""historical_name"": ""EQUITY RESIDENTIAL"", ""sha256"": ""329f4e3e40c0351001037ad1dea3fd28c07100f6f6d6d64d5998ea01b060a790"", ""source_url"": ""https://www.sec.gov/files/dera/data/financial-statement-data-sets/2013q1.zip""}, {""accession"": ""0000906107-12-000004"", ""cik"": ""0000906107"", ""evidence_kind"": ""sec_bulk_issuer_name_no_ticker"", ""filed_date"": ""2012-02-24"", ""historical_name"": ""EQUITY RESIDENTIAL"", ""sha256"": ""42ed1a5ecac978d4338bd51cd4bc15bf60cc821291eea492f8172fc4e803d5f6"", ""source_url"": ""https://www.sec.gov/files/dera/data/financial-statement-data-sets/2012q1.zip""}]"
EQT,0000033213,2010-01-01,2016-01-01,corroborated_candidate,24,0,24,2010-02-18,2015-10-22,True,False,[],"[{""accession"": ""0001104659-10-007860"", ""cik"": ""0000033213"", ""evidence_kind"": ""sec_bulk_issuer_name_no_ticker"", ""filed_date"": ""2010-02-18"", ""historical_name"": ""EQT CORP"", ""sha256"": ""2a4db2340ab1662d5135d7e17be1a58352c5959017350f0ef2174135f9996125"", ""source_url"": ""https://www.sec.gov/files/dera/data/financial-statement-data-sets/2010q1.zip""}, {""accession"": ""0001104659-13-032980"", ""cik"": ""0000033213"", ""evidence_kind"": ""sec_bulk_issuer_name_no_ticker"", ""filed_date"": ""2013-04-25"", ""historical_name"": ""EQT CORP"", ""sha256"": ""7cc764386ea9cb01d62e1a9f4fac38dc9c741e96886a953ddaad2def4eb489c7"", ""source_url"": ""https://www.sec.gov/files/dera/data/financial-statement-data-sets/2013q2.zip""}, {""accession"": ""0001104659-12-010579"", ""cik"": ""0000033213"", ""evidence_kind"": ""sec_bulk_issuer_name_no_ticker"", ""filed_date"": ""2012-02-16"", ""historical_name"": ""EQT CORP"", ""sha256"": ""42ed1a5ecac978d4338bd51cd4bc15bf60cc821291eea492f8172fc4e803d5f6"", ""source_url"": ""https://www.sec.gov/files/dera/data/financial-statement-data-sets/2012q1.zip""}]"
ES,0000072741,2010-01-01,2016-01-01,corroborated_candidate,21,0,21,2010-08-06,2015-11-06,True,False,[],"[{""accession"": ""0000072741-10-000160"", ""cik"": ""0000072741"", ""evidence_kind"": ""sec_bulk_issuer_name_no_ticker"", ""filed_date"": ""2010-08-06"", ""historical_name"": ""NORTHEAST UTILITIES"", ""sha256"": ""52014faf614ca0d7b8040e364f5b3e99f28d5e96b711aa922b490056e2c1d7b5"", ""source_url"": ""https://www.sec.gov/files/dera/data/financial-statement-data-sets/2010q3.zip""}, {""accession"": ""0000072741-13-000052"", ""cik"": ""0000072741"", ""evidence_kind"": ""sec_bulk_issuer_name_no_ticker"", ""filed_date"": ""2013-08-02"", ""historical_name"": ""NORTHEAST UTILITIES"", ""sha256"": ""c9134387b650a9194f14b3f832f16aa1a72255c20a0e0b954001a643933cc849"", ""source_url"": ""https://www.sec.gov/files/dera/data/financial-statement-data-sets/2013q3.zip""}, {""accession"": ""0000072741-12-000020"", ""cik"": ""0000072741"", ""evidence_kind"": ""sec_bulk_issuer_name_no_ticker"", ""filed_date"": ""2012-02-24"", ""historical_name"": ""NORTHEAST UTILITIES"", ""sha256"": ""42ed1a5ecac978d4338bd51cd4bc15bf60cc821291eea492f8172fc4e803d5f6"", ""source_url"": ""https://www.sec.gov/files/dera/data/financial-statement-data-sets/2012q1.zip""}]"
ESRX,0001532063,2010-01-01,2016-01-01,confirmed_by_multiple_evidence,2,2,15,2012-05-10,2015-10-27,True,False,[],"[{""accession"": ""0001532063-14-000006"", ""cik"": ""0001532063"", ""evidence_kind"": ""sec_dei_ticker"", ""filed_date"": ""2014-02-20"", ""sha256"": ""dfe5bab6f3d00896688912078cfa55dd66c4782962442bf7cbf38b572c083f19"", ""source_url"": ""https://www.sec.gov/Archives/edgar/data/1532063/000153206314000006/esrx-20131231.xml""}, {""accession"": ""0001532063-15-000013"", ""cik"": ""0001532063"", ""evidence_kind"": ""sec_dei_ticker"", ""filed_date"": ""2015-10-27"", ""sha256"": ""ca3c90b189a6268333ece3668019a8228539a431006a1f96b2d87afe155876e9"", ""source_url"": ""https://www.sec.gov/Archives/edgar/data/1532063/000153206315000013/esrx-20150930.xml""}, {""accession"": ""0001193125-12-225583"", ""cik"": ""0001532063"", ""evidence_kind"": ""sec_bulk_issuer_name_no_ticker"", ""filed_date"": ""2012-05-10"", ""historical_name"": ""EXPRESS SCRIPTS HOLDING CO."", ""sha256"": ""0dbb10aa316c674f07849a28e67a25a0a59bd6ef2bc214cd1800c8a2d2a05df6"", ""source_url"": ""https://www.sec.gov/files/dera/data/financial-statement-data-sets/2012q2.zip""}]"
ESS,0000920522,2014-04-02,2016-01-01,corroborated_candidate,7,0,7,2014-05-12,2015-11-04,True,False,[],"[{""accession"": ""0001140361-14-019994"", ""cik"": ""0000920522"", ""evidence_kind"": ""sec_bulk_issuer_name_no_ticker"", ""filed_date"": ""2014-05-12"", ""historical_name"": ""ESSEX PROPERTY TRUST INC"", ""sha256"": ""ab03600231a08369a980a31dde8bb78b6cd49f56d39ab7b90ca5bc0cfd52aa7f"", ""source_url"": ""https://www.sec.gov/files/dera/data/financial-statement-data-sets/2014q2.zip""}, {""accession"": ""0000920522-15-000006"", ""cik"": ""0000920522"", ""evidence_kind"": ""sec_bulk_issuer_name_no_ticker"", ""filed_date"": ""2015-03-02"", ""historical_name"": ""ESSEX PORTFOLIO LP"", ""sha256"": ""baa9e434480b8299593b781e8156f855e0c4548677329f166f495cbae287e52e"", ""source_url"": ""https://www.sec.gov/files/dera/data/financial-statement-data-sets/2015q1.zip""}, {""accession"": ""0000920522-15-000049"", ""cik"": ""0000920522"", ""evidence_kind"": ""sec_bulk_issuer_name_no_ticker"", ""filed_date"": ""2015-11-04"", ""historical_name"": ""ESSEX PROPERTY TRUST INC"", ""sha256"": ""1723b41ef2a1d3ea6595f6052ef229a80e03cd183391ca9e297a894f9e589d83"", ""source_url"": ""https://www.sec.gov/files/dera/data/financial-statement-data-sets/2015q4.zip""}]"
ESV,0000314808,2012-07-31,2016-01-01,corroborated_candidate,13,0,13,2012-11-01,2015-10-29,True,False,[],"[{""accession"": ""0000314808-12-000062"", ""cik"": ""0000314808"", ""evidence_kind"": ""sec_bulk_issuer_name_no_ticker"", ""filed_date"": ""2012-11-01"", ""historical_name"": ""ENSCO PLC"", ""sha256"": ""af6629de7547f5d75c85abf170550b9466768071fcd419d5fdf1a1d026436e98"", ""source_url"": ""https://www.sec.gov/files/dera/data/financial-statement-data-sets/2012q4.zip""}, {""accession"": ""0000314808-14-000100"", ""cik"": ""0000314808"", ""evidence_kind"": ""sec_bulk_issuer_name_no_ticker"", ""filed_date"": ""2014-04-29"", ""historical_name"": ""ENSCO PLC"", ""sha256"": ""ab03600231a08369a980a31dde8bb78b6cd49f56d39ab7b90ca5bc0cfd52aa7f"", ""source_url"": ""https://www.sec.gov/files/dera/data/financial-statement-data-sets/2014q2.zip""}, {""accession"": ""0000314808-15-000204"", ""cik"": ""0000314808"", ""evidence_kind"": ""sec_bulk_issuer_name_no_ticker"", ""filed_date"": ""2015-10-29"", ""historical_name"": ""ENSCO PLC"", ""sha256"": ""1723b41ef2a1d3ea6595f6052ef229a80e03cd183391ca9e297a894f9e589d83"", ""source_url"": ""https://www.sec.gov/files/dera/data/financial-statement-data-sets/2015q4.zip""}]"
ETFC,0001015780,2010-01-01,2016-01-01,corroborated_candidate,22,0,22,2010-08-04,2015-11-04,True,False,[],"[{""accession"": ""0001193125-10-177182"", ""cik"": ""0001015780"", ""evidence_kind"": ""sec_bulk_issuer_name_no_ticker"", ""filed_date"": ""2010-08-04"", ""historical_name"": ""E TRADE FINANCIAL CORP"", ""sha256"": ""52014faf614ca0d7b8040e364f5b3e99f28d5e96b711aa922b490056e2c1d7b5"", ""source_url"": ""https://www.sec.gov/files/dera/data/financial-statement-data-sets/2010q3.zip""}, {""accession"": ""0001193125-13-321845"", ""cik"": ""0001015780"", ""evidence_kind"": ""sec_bulk_issuer_name_no_ticker"", ""filed_date"": ""2013-08-06"", ""historical_name"": ""E TRADE FINANCIAL CORP"", ""sha256"": ""c9134387b650a9194f14b3f832f16aa1a72255c20a0e0b954001a643933cc849"", ""source_url"": ""https://www.sec.gov/files/dera/data/financial-statement-data-sets/2013q3.zip""}, {""accession"": ""0001193125-12-075584"", ""cik"": ""0001015780"", ""evidence_kind"": ""sec_bulk_issuer_name_no_ticker"", ""filed_date"": ""2012-02-23"", ""historical_name"": ""E TRADE FINANCIAL CORP"", ""sha256"": ""42ed1a5ecac978d4338bd51cd4bc15bf60cc821291eea492f8172fc4e803d5f6"", ""source_url"": ""https://www.sec.gov/files/dera/data/financial-statement-data-sets/2012q1.zip""}]"
ETN,0001551182,2010-01-01,2016-01-01,confirmed_by_multiple_evidence,2,2,13,2012-11-14,2015-10-30,True,False,[],"[{""accession"": ""0001551182-14-000019"", ""cik"": ""0001551182"", ""evidence_kind"": ""sec_dei_ticker"", ""filed_date"": ""2014-05-05"", ""sha256"": ""41d8216342d1f4a153c139ceda3d7c213d66039d06a0660299d0756b2563e919"", ""source_url"": ""https://www.sec.gov/Archives/edgar/data/1551182/000155118214000019/etn-20140331.xml""}, {""accession"": ""0001551182-15-000023"", ""cik"": ""0001551182"", ""evidence_kind"": ""sec_dei_ticker"", ""filed_date"": ""2015-10-30"", ""sha256"": ""310cd7abf8de8880ced6f3bd7d56022c1ac1fa9ff230a60cd33fcef6df26fde8"", ""source_url"": ""https://www.sec.gov/Archives/edgar/data/1551182/000155118215000023/etn-20150930.xml""}, {""accession"": ""0001551182-12-000004"", ""cik"": ""0001551182"", ""evidence_kind"": ""sec_bulk_issuer_name_no_ticker"", ""filed_date"": ""2012-11-14"", ""historical_name"": ""EATON CORP LTD"", ""sha256"": ""af6629de7547f5d75c85abf170550b9466768071fcd419d5fdf1a1d026436e98"", ""source_url"": ""https://www.sec.gov/files/dera/data/financial-statement-data-sets/2012q4.zip""}]"
ETR,0000065984,2010-01-01,2016-01-01,corroborated_candidate,22,0,22,2010-05-07,2015-11-04,True,False,[],"[{""accession"": ""0000065984-10-000092"", ""cik"": ""0000065984"", ""evidence_kind"": ""sec_bulk_issuer_name_no_ticker"", ""filed_date"": ""2010-05-07"", ""historical_name"": ""ENTERGY CORP /DE/"", ""sha256"": ""25f416b020fd3e62a67dbf8c6522c9f239e716099b61cf5d05a59a91ffdef1f1"", ""source_url"": ""https://www.sec.gov/files/dera/data/financial-statement-data-sets/2010q2.zip""}, {""accession"": ""0000065984-13-000181"", ""cik"": ""0000065984"", ""evidence_kind"": ""sec_bulk_issuer_name_no_ticker"", ""filed_date"": ""2013-08-07"", ""historical_name"": ""ENTERGY CORP /DE/"", ""sha256"": ""c9134387b650a9194f14b3f832f16aa1a72255c20a0e0b954001a643933cc849"", ""source_url"": ""https://www.sec.gov/files/dera/data/financial-statement-data-sets/2013q3.zip""}, {""accession"": ""0000065984-12-000067"", ""cik"": ""0000065984"", ""evidence_kind"": ""sec_bulk_issuer_name_no_ticker"", ""filed_date"": ""2012-02-28"", ""historical_name"": ""ENTERGY CORP /DE/"", ""sha256"": ""42ed1a5ecac978d4338bd51cd4bc15bf60cc821291eea492f8172fc4e803d5f6"", ""source_url"": ""https://www.sec.gov/files/dera/data/financial-statement-data-sets/2012q1.zip""}]"
EW,0001099800,2011-04-01,2016-01-01,corroborated_candidate,19,0,19,2011-05-09,2015-10-29,True,False,[],"[{""accession"": ""0001047469-11-004794"", ""cik"": ""0001099800"", ""evidence_kind"": ""sec_bulk_issuer_name_no_ticker"", ""filed_date"": ""2011-05-09"", ""historical_name"": ""EDWARDS LIFESCIENCES CORP"", ""sha256"": ""10a6f98f14d2a341e938a379ea32beb4857b01d59facf04e6e7b3c68558a95d1"", ""source_url"": ""https://www.sec.gov/files/dera/data/financial-statement-data-sets/2011q2.zip""}, {""accession"": ""0001047469-13-010378"", ""cik"": ""0001099800"", ""evidence_kind"": ""sec_bulk_issuer_name_no_ticker"", ""filed_date"": ""2013-11-07"", ""historical_name"": ""EDWARDS LIFESCIENCES CORP"", ""sha256"": ""7781ac25ddbd4f6eb8eb85e838656181fb06e8bc16b1dd5efccb9e21f8f5baa7"", ""source_url"": ""https://www.sec.gov/files/dera/data/financial-statement-data-sets/2013q4.zip""}, {""accession"": ""0001047469-12-001617"", ""cik"": ""0001099800"", ""evidence_kind"": ""sec_bulk_issuer_name_no_ticker"", ""filed_date"": ""2012-02-27"", ""historical_name"": ""EDWARDS LIFESCIENCES CORP"", ""sha256"": ""42ed1a5ecac978d4338bd51cd4bc15bf60cc821291eea492f8172fc4e803d5f6"", ""source_url"": ""https://www.sec.gov/files/dera/data/financial-statement-data-sets/2012q1.zip""}]"
EXC,0001109357,2010-01-01,2016-01-01,confirmed_by_multiple_evidence,2,2,24,2010-02-05,2015-10-30,True,False,[],"[{""accession"": ""0001193125-10-023280"", ""cik"": ""0001109357"", ""evidence_kind"": ""sec_dei_ticker"", ""filed_date"": ""2010-02-05"", ""sha256"": ""65d6fc8d04f8d0ce59768920c10b0df20b5027a65d576562a388edc486010520"", ""source_url"": ""https://www.sec.gov/Archives/edgar/data/1109357/000119312510023280/exc-20091231.xml""}, {""accession"": ""0001193125-13-069749"", ""cik"": ""0001109357"", ""evidence_kind"": ""sec_dei_ticker"", ""filed_date"": ""2013-02-22"", ""sha256"": ""36ef647cefde4eb1cf710d204a7932b0de6547124ca6b7273372d673a60c1020"", ""source_url"": ""https://www.sec.gov/Archives/edgar/data/1109357/000119312513069749/exc-20121231.xml""}, {""accession"": ""0001193125-13-211545"", ""cik"": ""0001109357"", ""evidence_kind"": ""sec_bulk_issuer_name_no_ticker"", ""filed_date"": ""2013-05-10"", ""historical_name"": ""EXELON CORP"", ""sha256"": ""7cc764386ea9cb01d62e1a9f4fac38dc9c741e96886a953ddaad2def4eb489c7"", ""source_url"": ""https://www.sec.gov/files/dera/data/financial-statement-data-sets/2013q2.zip""}, {""accession"": ""0001193125-12-049043"", ""cik"": ""0001109357"", ""evidence_kind"": ""sec_bulk_issuer_name_no_ticker"", ""filed_date"": ""2012-02-09"", ""historical_name"": ""EXELON CORP"", ""sha256"": ""42ed1a5ecac978d4338bd51cd4bc15bf60cc821291eea492f8172fc4e803d5f6"", ""source_url"": ""https://www.sec.gov/files/dera/data/financial-statement-data-sets/2012q1.zip""}]"
EXPD,0000746515,2010-01-01,2016-01-01,confirmed_by_multiple_evidence,3,3,24,2010-02-26,2015-11-05,True,False,[],"[{""accession"": ""0000746515-13-000004"", ""cik"": ""0000746515"", ""evidence_kind"": ""sec_dei_ticker"", ""filed_date"": ""2013-02-27"", ""sha256"": ""e99fbd1d175a6bd0c039a5c57b89933d37c24104dc013e7bc81a32ba3a80530a"", ""source_url"": ""https://www.sec.gov/Archives/edgar/data/746515/000074651513000004/expd-20121231.xml""}, {""accession"": ""0000746515-15-000046"", ""cik"": ""0000746515"", ""evidence_kind"": ""sec_dei_ticker"", ""filed_date"": ""2015-11-05"", ""sha256"": ""4d8301272f5c539c64b6ac1da3b7a66b1444ed103d577fcdccc6eaf489b35ba5"", ""source_url"": ""https://www.sec.gov/Archives/edgar/data/746515/000074651515000046/expd-20150930.xml""}, {""accession"": ""0001193125-10-042974"", ""cik"": ""0000746515"", ""evidence_kind"": ""sec_dei_ticker"", ""filed_date"": ""2010-02-26"", ""sha256"": ""37ec4eb9309ec479e05dd5cb064f35f6496cce6eba81fad709bf605ee2b6608e"", ""source_url"": ""https://www.sec.gov/Archives/edgar/data/746515/000119312510042974/expd-20091231.xml""}, {""accession"": ""0000746515-13-000019"", ""cik"": ""0000746515"", ""evidence_kind"": ""sec_bulk_issuer_name_no_ticker"", ""filed_date"": ""2013-05-03"", ""historical_name"": ""EXPEDITORS INTERNATIONAL OF WASHINGTON INC"", ""sha256"": ""7cc764386ea9cb01d62e1a9f4fac38dc9c741e96886a953ddaad2def4eb489c7"", ""source_url"": ""https://www.sec.gov/files/dera/data/financial-statement-data-sets/2013q2.zip""}, {""accession"": ""0000746515-12-000006"", ""cik"": ""0000746515"", ""evidence_kind"": ""sec_bulk_issuer_name_no_ticker"", ""filed_date"": ""2012-02-28"", ""historical_name"": ""EXPEDITORS INTERNATIONAL OF WASHINGTON INC"", ""sha256"": ""42ed1a5ecac978d4338bd51cd4bc15bf60cc821291eea492f8172fc4e803d5f6"", ""source_url"": ""https://www.sec.gov/files/dera/data/financial-statement-data-sets/2012q1.zip""}]"
EXPE,0001324424,2010-01-01,2016-01-01,confirmed_by_multiple_evidence,3,3,22,2010-07-30,2015-10-30,True,False,[],"[{""accession"": ""0001193125-10-170982"", ""cik"": ""0001324424"", ""evidence_kind"": ""sec_dei_ticker"", ""filed_date"": ""2010-07-30"", ""sha256"": ""1aa14b721a5f97639fb211421dfc69e5242f93f477313e3a1ea5d79f09652060"", ""source_url"": ""https://www.sec.gov/Archives/edgar/data/1324424/000119312510170982/expe-20100630.xml""}, {""accession"": ""0001193125-13-175029"", ""cik"": ""0001324424"", ""evidence_kind"": ""sec_dei_ticker"", ""filed_date"": ""2013-04-26"", ""sha256"": ""fb126d0970ade5e9e5f1f0bb63aa50db08cc5b2058e1cd042a968f0107751d60"", ""source_url"": ""https://www.sec.gov/Archives/edgar/data/1324424/000119312513175029/expe-20130331.xml""}, {""accession"": ""0001193125-15-358395"", ""cik"": ""0001324424"", ""evidence_kind"": ""sec_dei_ticker"", ""filed_date"": ""2015-10-30"", ""sha256"": ""5e9f58d091655b200dce6af1abebed5fe440c04b4d4e473ccd97fd51a39cefa5"", ""source_url"": ""https://www.sec.gov/Archives/edgar/data/1324424/000119312515358395/expe-20150930.xml""}, {""accession"": ""0001193125-13-303051"", ""cik"": ""0001324424"", ""evidence_kind"": ""sec_bulk_issuer_name_no_ticker"", ""filed_date"": ""2013-07-26"", ""historical_name"": ""EXPEDIA, INC."", ""sha256"": ""c9134387b650a9194f14b3f832f16aa1a72255c20a0e0b954001a643933cc849"", ""source_url"": ""https://www.sec.gov/files/dera/data/financial-statement-data-sets/2013q3.zip""}, {""accession"": ""0001193125-12-050009"", ""cik"": ""0001324424"", ""evidence_kind"": ""sec_bulk_issuer_name_no_ticker"", ""filed_date"": ""2012-02-10"", ""historical_name"": ""EXPEDIA, INC."", ""sha256"": ""42ed1a5ecac978d4338bd51cd4bc15bf60cc821291eea492f8172fc4e803d5f6"", ""source_url"": ""https://www.sec.gov/files/dera/data/financial-statement-data-sets/2012q1.zip""}]"
F,0000037996,2010-01-01,2016-01-01,confirmed_by_multiple_evidence,3,3,24,2010-02-25,2015-10-27,True,False,[],"[{""accession"": ""0000037996-13-000014"", ""cik"": ""0000037996"", ""evidence_kind"": ""sec_dei_ticker"", ""filed_date"": ""2013-02-19"", ""sha256"": ""65a275bd662f599918794847cdfe64c8bfdf77b6cdccd405aa5b2c4d4aaae809"", ""source_url"": ""https://www.sec.gov/Archives/edgar/data/37996/000003799613000014/f-20121231.xml""}, {""accession"": ""0000037996-15-000064"", ""cik"": ""0000037996"", ""evidence_kind"": ""sec_dei_ticker"", ""filed_date"": ""2015-10-27"", ""sha256"": ""b1b91c82f6cee902de79b9e621ddea4c327ad0170aa286c4919f615c76f3b79f"", ""source_url"": ""https://www.sec.gov/Archives/edgar/data/37996/000003799615000064/f-20150930.xml""}, {""accession"": ""0001157523-10-001218"", ""cik"": ""0000037996"", ""evidence_kind"": ""sec_dei_ticker"", ""filed_date"": ""2010-02-25"", ""sha256"": ""692d8054fd3e48f78f19822a838f5f023bed927e028c657253340e2a571024a4"", ""source_url"": ""https://www.sec.gov/Archives/edgar/data/37996/000115752310001218/f-20091231.xml""}, {""accession"": ""0000037996-13-000027"", ""cik"": ""0000037996"", ""evidence_kind"": ""sec_bulk_issuer_name_no_ticker"", ""filed_date"": ""2013-05-01"", ""historical_name"": ""FORD MOTOR CO"", ""sha256"": ""7cc764386ea9cb01d62e1a9f4fac38dc9c741e96886a953ddaad2def4eb489c7"", ""source_url"": ""https://www.sec.gov/files/dera/data/financial-statement-data-sets/2013q2.zip""}, {""accession"": ""0000037996-12-000007"", ""cik"": ""0000037996"", ""evidence_kind"": ""sec_bulk_issuer_name_no_ticker"", ""filed_date"": ""2012-02-21"", ""historical_name"": ""FORD MOTOR CO"", ""sha256"": ""42ed1a5ecac978d4338bd51cd4bc15bf60cc821291eea492f8172fc4e803d5f6"", ""source_url"": ""https://www.sec.gov/files/dera/data/financial-statement-data-sets/2012q1.zip""}]"
FAST,0000815556,2010-01-01,2016-01-01,confirmed_by_multiple_evidence,3,3,24,2010-02-09,2015-10-16,True,False,[],"[{""accession"": ""0000815556-13-000013"", ""cik"": ""0000815556"", ""evidence_kind"": ""sec_dei_ticker"", ""filed_date"": ""2013-02-07"", ""sha256"": ""f5191ccd676549229150a786cf6dc5c0b6e1b2d5716ddc6e92cf88469a24af60"", ""source_url"": ""https://www.sec.gov/Archives/edgar/data/815556/000081555613000013/fast-20121231.xml""}, {""accession"": ""0000815556-15-000067"", ""cik"": ""0000815556"", ""evidence_kind"": ""sec_dei_ticker"", ""filed_date"": ""2015-10-16"", ""sha256"": ""98a80d3659b2c0adf59d8a93cfad19e12f87e964e50ce0a30affaa6837ed908b"", ""source_url"": ""https://www.sec.gov/Archives/edgar/data/815556/000081555615000067/fast-20150930.xml""}, {""accession"": ""0001193125-10-025958"", ""cik"": ""0000815556"", ""evidence_kind"": ""sec_dei_ticker"", ""filed_date"": ""2010-02-09"", ""sha256"": ""9e8e9180a97694fccefba69a0598fcbf6a53576ed50a673ea4e8bb92b869967c"", ""source_url"": ""https://www.sec.gov/Archives/edgar/data/815556/000119312510025958/fast-20091231.xml""}, {""accession"": ""0000815556-13-000024"", ""cik"": ""0000815556"", ""evidence_kind"": ""sec_bulk_issuer_name_no_ticker"", ""filed_date"": ""2013-04-15"", ""historical_name"": ""FASTENAL CO"", ""sha256"": ""7cc764386ea9cb01d62e1a9f4fac38dc9c741e96886a953ddaad2def4eb489c7"", ""source_url"": ""https://www.sec.gov/files/dera/data/financial-statement-data-sets/2013q2.zip""}, {""accession"": ""0001193125-12-048575"", ""cik"": ""0000815556"", ""evidence_kind"": ""sec_bulk_issuer_name_no_ticker"", ""filed_date"": ""2012-02-09"", ""historical_name"": ""FASTENAL CO"", ""sha256"": ""42ed1a5ecac978d4338bd51cd4bc15bf60cc821291eea492f8172fc4e803d5f6"", ""source_url"": ""https://www.sec.gov/files/dera/data/financial-statement-data-sets/2012q1.zip""}]"
FB,0001326801,2013-12-23,2016-01-01,confirmed_by_multiple_evidence,3,3,8,2014-01-31,2015-11-05,False,True,[],"[{""accession"": ""0001326801-14-000007"", ""cik"": ""0001326801"", ""evidence_kind"": ""sec_dei_ticker"", ""filed_date"": ""2014-01-31"", ""sha256"": ""3160acce58174b50e9247dd61113e6387736e14748ede7174399a45389dc3db2"", ""source_url"": ""https://www.sec.gov/Archives/edgar/data/1326801/000132680114000007/fb-20131231.xml""}, {""accession"": ""0001326801-15-000006"", ""cik"": ""0001326801"", ""evidence_kind"": ""sec_dei_ticker"", ""filed_date"": ""2015-01-29"", ""sha256"": ""13e1006c053b4e98fd3752ea5abab173efbd1e1d23dd055c59f88e9f767cec03"", ""source_url"": ""https://www.sec.gov/Archives/edgar/data/1326801/000132680115000006/fb-20141231.xml""}, {""accession"": ""0001326801-15-000032"", ""cik"": ""0001326801"", ""evidence_kind"": ""sec_dei_ticker"", ""filed_date"": ""2015-11-05"", ""sha256"": ""dc2fc64aff3ba81309bf02ab1ca2ccaf102bc31b1461b7bfeba996547f224e6d"", ""source_url"": ""https://www.sec.gov/Archives/edgar/data/1326801/000132680115000032/fb-20150930.xml""}, {""evidence_kind"": ""sec_official_name_chain_no_ticker"", ""sha256"": ""855c492f87b2a1c9f3bac21859bccca6d5e6661071070ea58c7a2efa24a6595d"", ""source_url"": ""https://data.sec.gov/submissions/CIK0001326801.json""}]"
FCX,0000831259,2011-07-01,2016-01-01,corroborated_candidate,18,0,18,2011-08-05,2015-11-06,True,False,[],"[{""accession"": ""0000831259-11-000050"", ""cik"": ""0000831259"", ""evidence_kind"": ""sec_bulk_issuer_name_no_ticker"", ""filed_date"": ""2011-08-05"", ""historical_name"": ""FREEPORT MCMORAN COPPER & GOLD INC"", ""sha256"": ""43b9beb243c6686a29df5cf817ed2cb3a7c86a7398bbc56e2fb4d0cf4784ac28"", ""source_url"": ""https://www.sec.gov/files/dera/data/financial-statement-data-sets/2011q3.zip""}, {""accession"": ""0000831259-14-000006"", ""cik"": ""0000831259"", ""evidence_kind"": ""sec_bulk_issuer_name_no_ticker"", ""filed_date"": ""2014-02-27"", ""historical_name"": ""FREEPORT MCMORAN COPPER & GOLD INC"", ""sha256"": ""bf55481c6e0088fb45e8efeb2d8de6912a9c3533da918376a24ca5f84144680f"", ""source_url"": ""https://www.sec.gov/files/dera/data/financial-statement-data-sets/2014q1.zip""}, {""accession"": ""0000831259-12-000014"", ""cik"": ""0000831259"", ""evidence_kind"": ""sec_bulk_issuer_name_no_ticker"", ""filed_date"": ""2012-02-27"", ""historical_name"": ""FREEPORT MCMORAN COPPER & GOLD INC"", ""sha256"": ""42ed1a5ecac978d4338bd51cd4bc15bf60cc821291eea492f8172fc4e803d5f6"", ""source_url"": ""https://www.sec.gov/files/dera/data/financial-statement-data-sets/2012q1.zip""}]"
FDO,0000034408,2010-01-01,2015-07-07,confirmed_by_multiple_evidence,3,3,19,2011-01-05,2015-07-01,True,False,[],"[{""accession"": ""0000034408-13-000009"", ""cik"": ""0000034408"", ""evidence_kind"": ""sec_dei_ticker"", ""filed_date"": ""2013-04-10"", ""sha256"": ""2dd129f1fd9ed5cd115593dd99a3054516165bece8c3cf65325bfc2800ef4638"", ""source_url"": ""https://www.sec.gov/Archives/edgar/data/34408/000003440813000009/fdo-20130302.xml""}, {""accession"": ""0000034408-15-000006"", ""cik"": ""0000034408"", ""evidence_kind"": ""sec_dei_ticker"", ""filed_date"": ""2015-07-01"", ""sha256"": ""2c8d034eb33b59d382f25854ce409aeab6d58f142c43e5da7fdd06bbbf016d21"", ""source_url"": ""https://www.sec.gov/Archives/edgar/data/34408/000003440815000006/fdo-20150530.xml""}, {""accession"": ""0001193125-11-001883"", ""cik"": ""0000034408"", ""evidence_kind"": ""sec_dei_ticker"", ""filed_date"": ""2011-01-05"", ""sha256"": ""e22726ed7ef89651dc9d7af7725cfda75837f7f8b48b9ed190d3cd95c66265c0"", ""source_url"": ""https://www.sec.gov/Archives/edgar/data/34408/000119312511001883/fdo-20101127.xml""}, {""accession"": ""0000034408-13-000015"", ""cik"": ""0000034408"", ""evidence_kind"": ""sec_bulk_issuer_name_no_ticker"", ""filed_date"": ""2013-10-28"", ""historical_name"": ""FAMILY DOLLAR STORES INC"", ""sha256"": ""7781ac25ddbd4f6eb8eb85e838656181fb06e8bc16b1dd5efccb9e21f8f5baa7"", ""source_url"": ""https://www.sec.gov/files/dera/data/financial-statement-data-sets/2013q4.zip""}, {""accession"": ""0001193125-12-138841"", ""cik"": ""0000034408"", ""evidence_kind"": ""sec_bulk_issuer_name_no_ticker"", ""filed_date"": ""2012-03-29"", ""historical_name"": ""FAMILY DOLLAR STORES INC"", ""sha256"": ""42ed1a5ecac978d4338bd51cd4bc15bf60cc821291eea492f8172fc4e803d5f6"", ""source_url"": ""https://www.sec.gov/files/dera/data/financial-statement-data-sets/2012q1.zip""}]"
FDX,0001048911,2010-01-01,2016-01-01,corroborated_candidate,24,1,24,2010-03-19,2015-12-17,True,False,[],"[{""accession"": ""0001193125-15-406264"", ""cik"": ""0001048911"", ""evidence_kind"": ""sec_dei_ticker"", ""filed_date"": ""2015-12-17"", ""sha256"": ""9e9bc0cd77fd84b56b5167924c9a4d061177aec80bbeb70e85b2b2e76bba0884"", ""source_url"": ""https://www.sec.gov/Archives/edgar/data/1048911/000119312515406264/fdx-20151130.xml""}, {""accession"": ""0000950123-10-026283"", ""cik"": ""0001048911"", ""evidence_kind"": ""sec_bulk_issuer_name_no_ticker"", ""filed_date"": ""2010-03-19"", ""historical_name"": ""FEDEX CORP"", ""sha256"": ""2a4db2340ab1662d5135d7e17be1a58352c5959017350f0ef2174135f9996125"", ""source_url"": ""https://www.sec.gov/files/dera/data/financial-statement-data-sets/2010q1.zip""}, {""accession"": ""0001193125-13-371921"", ""cik"": ""0001048911"", ""evidence_kind"": ""sec_bulk_issuer_name_no_ticker"", ""filed_date"": ""2013-09-19"", ""historical_name"": ""FEDEX CORP"", ""sha256"": ""c9134387b650a9194f14b3f832f16aa1a72255c20a0e0b954001a643933cc849"", ""source_url"": ""https://www.sec.gov/files/dera/data/financial-statement-data-sets/2013q3.zip""}, {""accession"": ""0001193125-12-129775"", ""cik"": ""0001048911"", ""evidence_kind"": ""sec_bulk_issuer_name_no_ticker"", ""filed_date"": ""2012-03-23"", ""historical_name"": ""FEDEX CORP"", ""sha256"": ""42ed1a5ecac978d4338bd51cd4bc15bf60cc821291eea492f8172fc4e803d5f6"", ""source_url"": ""https://www.sec.gov/files/dera/data/financial-statement-data-sets/2012q1.zip""}]"
FE,0001031296,2010-01-01,2016-01-01,corroborated_candidate,24,0,24,2010-02-19,2015-10-29,True,False,[],"[{""accession"": ""0001031296-10-000011"", ""cik"": ""0001031296"", ""evidence_kind"": ""sec_bulk_issuer_name_no_ticker"", ""filed_date"": ""2010-02-19"", ""historical_name"": ""FIRSTENERGY CORP"", ""sha256"": ""2a4db2340ab1662d5135d7e17be1a58352c5959017350f0ef2174135f9996125"", ""source_url"": ""https://www.sec.gov/files/dera/data/financial-statement-data-sets/2010q1.zip""}, {""accession"": ""0001031296-13-000015"", ""cik"": ""0001031296"", ""evidence_kind"": ""sec_bulk_issuer_name_no_ticker"", ""filed_date"": ""2013-05-07"", ""historical_name"": ""FIRSTENERGY CORP"", ""sha256"": ""7cc764386ea9cb01d62e1a9f4fac38dc9c741e96886a953ddaad2def4eb489c7"", ""source_url"": ""https://www.sec.gov/files/dera/data/financial-statement-data-sets/2013q2.zip""}, {""accession"": ""0001031296-12-000012"", ""cik"": ""0001031296"", ""evidence_kind"": ""sec_bulk_issuer_name_no_ticker"", ""filed_date"": ""2012-02-28"", ""historical_name"": ""FIRSTENERGY CORP"", ""sha256"": ""42ed1a5ecac978d4338bd51cd4bc15bf60cc821291eea492f8172fc4e803d5f6"", ""source_url"": ""https://www.sec.gov/files/dera/data/financial-statement-data-sets/2012q1.zip""}]"
FFIV,0001048695,2010-12-20,2016-01-01,corroborated_candidate,20,0,20,2011-02-07,2015-11-06,False,True,[],"[{""accession"": ""0000950123-11-009676"", ""cik"": ""0001048695"", ""evidence_kind"": ""sec_bulk_issuer_name_no_ticker"", ""filed_date"": ""2011-02-07"", ""historical_name"": ""F5 NETWORKS INC"", ""sha256"": ""e63b781a5e57e55d68e110a06d3f697e942a60e17f093bbdc1a16ac7152a7df5"", ""source_url"": ""https://www.sec.gov/files/dera/data/financial-statement-data-sets/2011q1.zip""}, {""accession"": ""0001445305-13-003079"", ""cik"": ""0001048695"", ""evidence_kind"": ""sec_bulk_issuer_name_no_ticker"", ""filed_date"": ""2013-11-22"", ""historical_name"": ""F5 NETWORKS INC"", ""sha256"": ""7781ac25ddbd4f6eb8eb85e838656181fb06e8bc16b1dd5efccb9e21f8f5baa7"", ""source_url"": ""https://www.sec.gov/files/dera/data/financial-statement-data-sets/2013q4.zip""}, {""accession"": ""0001193125-12-038451"", ""cik"": ""0001048695"", ""evidence_kind"": ""sec_bulk_issuer_name_no_ticker"", ""filed_date"": ""2012-02-03"", ""historical_name"": ""F5 NETWORKS INC"", ""sha256"": ""42ed1a5ecac978d4338bd51cd4bc15bf60cc821291eea492f8172fc4e803d5f6"", ""source_url"": ""https://www.sec.gov/files/dera/data/financial-statement-data-sets/2012q1.zip""}, {""evidence_kind"": ""sec_official_name_chain_no_ticker"", ""sha256"": ""fbe35a55b7ddd2915de51e1730010ec6c401986f80d2cda5e79ce0b9d1c7d4eb"", ""source_url"": ""https://data.sec.gov/submissions/CIK0001048695.json""}]"
FHN,0000036966,2010-01-01,2013-06-21,corroborated_candidate,11,0,11,2010-08-05,2013-05-08,True,False,[],"[{""accession"": ""0000950123-10-073226"", ""cik"": ""0000036966"", ""evidence_kind"": ""sec_bulk_issuer_name_no_ticker"", ""filed_date"": ""2010-08-05"", ""historical_name"": ""FIRST HORIZON NATIONAL CORP"", ""sha256"": ""52014faf614ca0d7b8040e364f5b3e99f28d5e96b711aa922b490056e2c1d7b5"", ""source_url"": ""https://www.sec.gov/files/dera/data/financial-statement-data-sets/2010q3.zip""}, {""accession"": ""0001193125-12-218524"", ""cik"": ""0000036966"", ""evidence_kind"": ""sec_bulk_issuer_name_no_ticker"", ""filed_date"": ""2012-05-08"", ""historical_name"": ""FIRST HORIZON NATIONAL CORP"", ""sha256"": ""0dbb10aa316c674f07849a28e67a25a0a59bd6ef2bc214cd1800c8a2d2a05df6"", ""source_url"": ""https://www.sec.gov/files/dera/data/financial-statement-data-sets/2012q2.zip""}, {""accession"": ""0000930413-12-001162"", ""cik"": ""0000036966"", ""evidence_kind"": ""sec_bulk_issuer_name_no_ticker"", ""filed_date"": ""2012-02-28"", ""historical_name"": ""FIRST HORIZON NATIONAL CORP"", ""sha256"": ""42ed1a5ecac978d4338bd51cd4bc15bf60cc821291eea492f8172fc4e803d5f6"", ""source_url"": ""https://www.sec.gov/files/dera/data/financial-statement-data-sets/2012q1.zip""}]"
FII,0001056288,2010-01-01,2013-01-02,confirmed_by_multiple_evidence,3,3,10,2010-07-28,2012-10-26,True,False,[],"[{""accession"": ""0001056288-11-000006"", ""cik"": ""0001056288"", ""evidence_kind"": ""sec_dei_ticker"", ""filed_date"": ""2011-10-31"", ""sha256"": ""606cfd345a004aeff599d10d86e7e0ec18de94ae214293a8776459f954f70d4e"", ""source_url"": ""https://www.sec.gov/Archives/edgar/data/1056288/000105628811000006/fii-20110930.xml""}, {""accession"": ""0001056288-12-000016"", ""cik"": ""0001056288"", ""evidence_kind"": ""sec_dei_ticker"", ""filed_date"": ""2012-10-26"", ""sha256"": ""fca7bc72c18bae44a05cd3f3e3bceda30ea0b55e4ddf78c55d6931435925ae24"", ""source_url"": ""https://www.sec.gov/Archives/edgar/data/1056288/000105628812000016/fii-20120930.xml""}, {""accession"": ""0001193125-10-168495"", ""cik"": ""0001056288"", ""evidence_kind"": ""sec_dei_ticker"", ""filed_date"": ""2010-07-28"", ""sha256"": ""86cd383f66bf3b1ca6c4e3616753f01e8b2bdf3c3714bdbd7957671ce8068d09"", ""source_url"": ""https://www.sec.gov/Archives/edgar/data/1056288/000119312510168495/fii-20100630.xml""}, {""accession"": ""0001056288-12-000004"", ""cik"": ""0001056288"", ""evidence_kind"": ""sec_bulk_issuer_name_no_ticker"", ""filed_date"": ""2012-02-24"", ""historical_name"": ""FEDERATED INVESTORS INC /PA/"", ""sha256"": ""42ed1a5ecac978d4338bd51cd4bc15bf60cc821291eea492f8172fc4e803d5f6"", ""source_url"": ""https://www.sec.gov/files/dera/data/financial-statement-data-sets/2012q1.zip""}]"
FIS,0001136893,2010-01-01,2016-01-01,corroborated_candidate,24,0,24,2010-02-26,2015-11-05,True,False,[],"[{""accession"": ""0000950123-10-017631"", ""cik"": ""0001136893"", ""evidence_kind"": ""sec_bulk_issuer_name_no_ticker"", ""filed_date"": ""2010-02-26"", ""historical_name"": ""FIDELITY NATIONAL INFORMATION SERVICES, INC."", ""sha256"": ""2a4db2340ab1662d5135d7e17be1a58352c5959017350f0ef2174135f9996125"", ""source_url"": ""https://www.sec.gov/files/dera/data/financial-statement-data-sets/2010q1.zip""}, {""accession"": ""0001136893-13-000021"", ""cik"": ""0001136893"", ""evidence_kind"": ""sec_bulk_issuer_name_no_ticker"", ""filed_date"": ""2013-05-02"", ""historical_name"": ""FIDELITY NATIONAL INFORMATION SERVICES, INC."", ""sha256"": ""7cc764386ea9cb01d62e1a9f4fac38dc9c741e96886a953ddaad2def4eb489c7"", ""source_url"": ""https://www.sec.gov/files/dera/data/financial-statement-data-sets/2013q2.zip""}, {""accession"": ""0001136893-12-000017"", ""cik"": ""0001136893"", ""evidence_kind"": ""sec_bulk_issuer_name_no_ticker"", ""filed_date"": ""2012-02-24"", ""historical_name"": ""FIDELITY NATIONAL INFORMATION SERVICES, INC."", ""sha256"": ""42ed1a5ecac978d4338bd51cd4bc15bf60cc821291eea492f8172fc4e803d5f6"", ""source_url"": ""https://www.sec.gov/files/dera/data/financial-statement-data-sets/2012q1.zip""}]"
FISV,0000798354,2010-01-01,2016-01-01,confirmed_by_multiple_evidence,2,2,24,2010-02-26,2015-10-28,True,False,[],"[{""accession"": ""0001193125-10-042577"", ""cik"": ""0000798354"", ""evidence_kind"": ""sec_dei_ticker"", ""filed_date"": ""2010-02-26"", ""sha256"": ""b9455ba2589e81d0e54637707a7ff1d5d93261708d24fd5dafbdd41eb02f70bc"", ""source_url"": ""https://www.sec.gov/Archives/edgar/data/798354/000119312510042577/fisv-20091231.xml""}, {""accession"": ""0001193125-13-071589"", ""cik"": ""0000798354"", ""evidence_kind"": ""sec_dei_ticker"", ""filed_date"": ""2013-02-22"", ""sha256"": ""ecc3d5420d910c2bebd0b525b1ab6ab1d4789df02321591354f4a89fe1f67b8a"", ""source_url"": ""https://www.sec.gov/Archives/edgar/data/798354/000119312513071589/fisv-20121231.xml""}, {""accession"": ""0001193125-13-192051"", ""cik"": ""0000798354"", ""evidence_kind"": ""sec_bulk_issuer_name_no_ticker"", ""filed_date"": ""2013-05-01"", ""historical_name"": ""FISERV INC"", ""sha256"": ""7cc764386ea9cb01d62e1a9f4fac38dc9c741e96886a953ddaad2def4eb489c7"", ""source_url"": ""https://www.sec.gov/files/dera/data/financial-statement-data-sets/2013q2.zip""}, {""accession"": ""0001193125-12-077375"", ""cik"": ""0000798354"", ""evidence_kind"": ""sec_bulk_issuer_name_no_ticker"", ""filed_date"": ""2012-02-24"", ""historical_name"": ""FISERV INC"", ""sha256"": ""42ed1a5ecac978d4338bd51cd4bc15bf60cc821291eea492f8172fc4e803d5f6"", ""source_url"": ""https://www.sec.gov/files/dera/data/financial-statement-data-sets/2012q1.zip""}]"
FITB,0000035527,2010-01-01,2016-01-01,confirmed_by_multiple_evidence,3,3,24,2010-02-26,2015-11-05,True,False,[],"[{""accession"": ""0001193125-10-042347"", ""cik"": ""0000035527"", ""evidence_kind"": ""sec_dei_ticker"", ""filed_date"": ""2010-02-26"", ""sha256"": ""a707040d3daac20b274214e9ed420b6871bf5be9cd3de753e1d8df0be8c43df3"", ""source_url"": ""https://www.sec.gov/Archives/edgar/data/35527/000119312510042347/fitb-20091231.xml""}, {""accession"": ""0001193125-13-071733"", ""cik"": ""0000035527"", ""evidence_kind"": ""sec_dei_ticker"", ""filed_date"": ""2013-02-22"", ""sha256"": ""ee52862b252c3d380548a9ba7cf0fcdbea5b85789f67bf8dcdd26fbed019e21c"", ""source_url"": ""https://www.sec.gov/Archives/edgar/data/35527/000119312513071733/fitb-20121231.xml""}, {""accession"": ""0001193125-15-368428"", ""cik"": ""0000035527"", ""evidence_kind"": ""sec_dei_ticker"", ""filed_date"": ""2015-11-05"", ""sha256"": ""da8723f1e9a96fc6bc01db067e20f4bbb4004b77082de367f5141150a39ca5cf"", ""source_url"": ""https://www.sec.gov/Archives/edgar/data/35527/000119312515368428/fitb-20150930.xml""}, {""accession"": ""0001193125-13-211224"", ""cik"": ""0000035527"", ""evidence_kind"": ""sec_bulk_issuer_name_no_ticker"", ""filed_date"": ""2013-05-09"", ""historical_name"": ""FIFTH THIRD BANCORP"", ""sha256"": ""7cc764386ea9cb01d62e1a9f4fac38dc9c741e96886a953ddaad2def4eb489c7"", ""source_url"": ""https://www.sec.gov/files/dera/data/financial-statement-data-sets/2013q2.zip""}, {""accession"": ""0001193125-12-089474"", ""cik"": ""0000035527"", ""evidence_kind"": ""sec_bulk_issuer_name_no_ticker"", ""filed_date"": ""2012-02-29"", ""historical_name"": ""FIFTH THIRD BANCORP"", ""sha256"": ""42ed1a5ecac978d4338bd51cd4bc15bf60cc821291eea492f8172fc4e803d5f6"", ""source_url"": ""https://www.sec.gov/files/dera/data/financial-statement-data-sets/2012q1.zip""}]"
FLIR,0000354908,2010-01-01,2016-01-01,confirmed_by_multiple_evidence,3,3,23,2010-02-26,2015-11-09,True,False,[],"[{""accession"": ""0000354908-13-000006"", ""cik"": ""0000354908"", ""evidence_kind"": ""sec_dei_ticker"", ""filed_date"": ""2013-03-01"", ""sha256"": ""e107fd036073a2b35840f21dee27229ff34e2c756e577738f76b27f3bf197356"", ""source_url"": ""https://www.sec.gov/Archives/edgar/data/354908/000035490813000006/flir-20121231.xml""}, {""accession"": ""0000354908-15-000090"", ""cik"": ""0000354908"", ""evidence_kind"": ""sec_dei_ticker"", ""filed_date"": ""2015-11-09"", ""sha256"": ""8ff7a4746d546b349fdba3d2ad4de6a1b9c76a892f64bcfb9e5b3f71dbac7d35"", ""source_url"": ""https://www.sec.gov/Archives/edgar/data/354908/000035490815000090/flir-20150930.xml""}, {""accession"": ""0001193125-10-042277"", ""cik"": ""0000354908"", ""evidence_kind"": ""sec_dei_ticker"", ""filed_date"": ""2010-02-26"", ""sha256"": ""815867c25b3b819dcdbbded9b670756c2e45c3efac5535cbc92d79e349d3468c"", ""source_url"": ""https://www.sec.gov/Archives/edgar/data/354908/000119312510042277/flir-20091231.xml""}, {""accession"": ""0000354908-13-000023"", ""cik"": ""0000354908"", ""evidence_kind"": ""sec_bulk_issuer_name_no_ticker"", ""filed_date"": ""2013-05-08"", ""historical_name"": ""FLIR SYSTEMS INC"", ""sha256"": ""7cc764386ea9cb01d62e1a9f4fac38dc9c741e96886a953ddaad2def4eb489c7"", ""source_url"": ""https://www.sec.gov/files/dera/data/financial-statement-data-sets/2013q2.zip""}, {""accession"": ""0000354908-12-000003"", ""cik"": ""0000354908"", ""evidence_kind"": ""sec_bulk_issuer_name_no_ticker"", ""filed_date"": ""2012-02-29"", ""historical_name"": ""FLIR SYSTEMS INC"", ""sha256"": ""42ed1a5ecac978d4338bd51cd4bc15bf60cc821291eea492f8172fc4e803d5f6"", ""source_url"": ""https://www.sec.gov/files/dera/data/financial-statement-data-sets/2012q1.zip""}]"
FLR,0001124198,2010-01-01,2016-01-01,corroborated_candidate,24,0,24,2010-02-25,2015-10-29,True,False,[],"[{""accession"": ""0001047469-10-001356"", ""cik"": ""0001124198"", ""evidence_kind"": ""sec_bulk_issuer_name_no_ticker"", ""filed_date"": ""2010-02-25"", ""historical_name"": ""FLUOR CORP"", ""sha256"": ""2a4db2340ab1662d5135d7e17be1a58352c5959017350f0ef2174135f9996125"", ""source_url"": ""https://www.sec.gov/files/dera/data/financial-statement-data-sets/2010q1.zip""}, {""accession"": ""0001104659-13-036608"", ""cik"": ""0001124198"", ""evidence_kind"": ""sec_bulk_issuer_name_no_ticker"", ""filed_date"": ""2013-05-02"", ""historical_name"": ""FLUOR CORP"", ""sha256"": ""7cc764386ea9cb01d62e1a9f4fac38dc9c741e96886a953ddaad2def4eb489c7"", ""source_url"": ""https://www.sec.gov/files/dera/data/financial-statement-data-sets/2013q2.zip""}, {""accession"": ""0001047469-12-001294"", ""cik"": ""0001124198"", ""evidence_kind"": ""sec_bulk_issuer_name_no_ticker"", ""filed_date"": ""2012-02-22"", ""historical_name"": ""FLUOR CORP"", ""sha256"": ""42ed1a5ecac978d4338bd51cd4bc15bf60cc821291eea492f8172fc4e803d5f6"", ""source_url"": ""https://www.sec.gov/files/dera/data/financial-statement-data-sets/2012q1.zip""}]"
FLS,0000030625,2010-01-01,2016-01-01,corroborated_candidate,24,0,24,2010-02-24,2015-10-29,True,False,[],"[{""accession"": ""0000950123-10-016384"", ""cik"": ""0000030625"", ""evidence_kind"": ""sec_bulk_issuer_name_no_ticker"", ""filed_date"": ""2010-02-24"", ""historical_name"": ""FLOWSERVE CORP"", ""sha256"": ""2a4db2340ab1662d5135d7e17be1a58352c5959017350f0ef2174135f9996125"", ""source_url"": ""https://www.sec.gov/files/dera/data/financial-statement-data-sets/2010q1.zip""}, {""accession"": ""0000030625-13-000040"", ""cik"": ""0000030625"", ""evidence_kind"": ""sec_bulk_issuer_name_no_ticker"", ""filed_date"": ""2013-04-24"", ""historical_name"": ""FLOWSERVE CORP"", ""sha256"": ""7cc764386ea9cb01d62e1a9f4fac38dc9c741e96886a953ddaad2def4eb489c7"", ""source_url"": ""https://www.sec.gov/files/dera/data/financial-statement-data-sets/2013q2.zip""}, {""accession"": ""0000030625-12-000005"", ""cik"": ""0000030625"", ""evidence_kind"": ""sec_bulk_issuer_name_no_ticker"", ""filed_date"": ""2012-02-22"", ""historical_name"": ""FLOWSERVE CORP"", ""sha256"": ""42ed1a5ecac978d4338bd51cd4bc15bf60cc821291eea492f8172fc4e803d5f6"", ""source_url"": ""https://www.sec.gov/files/dera/data/financial-statement-data-sets/2012q1.zip""}]"
FMC,0000037785,2010-01-01,2016-01-01,corroborated_candidate,24,0,24,2010-02-22,2015-11-02,True,False,[],"[{""accession"": ""0001193125-10-036348"", ""cik"": ""0000037785"", ""evidence_kind"": ""sec_bulk_issuer_name_no_ticker"", ""filed_date"": ""2010-02-22"", ""historical_name"": ""FMC CORP"", ""sha256"": ""2a4db2340ab1662d5135d7e17be1a58352c5959017350f0ef2174135f9996125"", ""source_url"": ""https://www.sec.gov/files/dera/data/financial-statement-data-sets/2010q1.zip""}, {""accession"": ""0000037785-13-000016"", ""cik"": ""0000037785"", ""evidence_kind"": ""sec_bulk_issuer_name_no_ticker"", ""filed_date"": ""2013-05-01"", ""historical_name"": ""FMC CORP"", ""sha256"": ""7cc764386ea9cb01d62e1a9f4fac38dc9c741e96886a953ddaad2def4eb489c7"", ""source_url"": ""https://www.sec.gov/files/dera/data/financial-statement-data-sets/2013q2.zip""}, {""accession"": ""0000037785-12-000004"", ""cik"": ""0000037785"", ""evidence_kind"": ""sec_bulk_issuer_name_no_ticker"", ""filed_date"": ""2012-02-21"", ""historical_name"": ""FMC CORP"", ""sha256"": ""42ed1a5ecac978d4338bd51cd4bc15bf60cc821291eea492f8172fc4e803d5f6"", ""source_url"": ""https://www.sec.gov/files/dera/data/financial-statement-data-sets/2012q1.zip""}]"
FOSL,0000883569,2012-04-04,2016-01-01,corroborated_candidate,15,1,15,2012-05-10,2015-11-12,True,False,[],"[{""accession"": ""0001193125-12-224700"", ""cik"": ""0000883569"", ""evidence_kind"": ""sec_dei_ticker"", ""filed_date"": ""2012-05-10"", ""sha256"": ""67fbbea8c554b762c722ad347f2eadc2e68e5d860ff0a97421f379aa4268300d"", ""source_url"": ""https://www.sec.gov/Archives/edgar/data/883569/000119312512224700/fosl-20120331.xml""}, {""accession"": ""0001047469-14-001392"", ""cik"": ""0000883569"", ""evidence_kind"": ""sec_bulk_issuer_name_no_ticker"", ""filed_date"": ""2014-02-26"", ""historical_name"": ""FOSSIL GROUP, INC."", ""sha256"": ""bf55481c6e0088fb45e8efeb2d8de6912a9c3533da918376a24ca5f84144680f"", ""source_url"": ""https://www.sec.gov/files/dera/data/financial-statement-data-sets/2014q1.zip""}, {""accession"": ""0000883569-15-000001"", ""cik"": ""0000883569"", ""evidence_kind"": ""sec_bulk_issuer_name_no_ticker"", ""filed_date"": ""2015-11-12"", ""historical_name"": ""FOSSIL GROUP, INC."", ""sha256"": ""1723b41ef2a1d3ea6595f6052ef229a80e03cd183391ca9e297a894f9e589d83"", ""source_url"": ""https://www.sec.gov/files/dera/data/financial-statement-data-sets/2015q4.zip""}]"
FRX,0000038074,2010-01-01,2014-07-01,corroborated_candidate,18,0,18,2010-02-09,2014-05-30,True,False,[],"[{""accession"": ""0000038074-10-000005"", ""cik"": ""0000038074"", ""evidence_kind"": ""sec_bulk_issuer_name_no_ticker"", ""filed_date"": ""2010-02-09"", ""historical_name"": ""FOREST LABORATORIES INC"", ""sha256"": ""2a4db2340ab1662d5135d7e17be1a58352c5959017350f0ef2174135f9996125"", ""source_url"": ""https://www.sec.gov/files/dera/data/financial-statement-data-sets/2010q1.zip""}, {""accession"": ""0000038074-12-000031"", ""cik"": ""0000038074"", ""evidence_kind"": ""sec_bulk_issuer_name_no_ticker"", ""filed_date"": ""2012-08-09"", ""historical_name"": ""FOREST LABORATORIES INC"", ""sha256"": ""a5b705fab7948837fc890d820c2b809d4afdb0ff1836129ad5a16127275f0ebf"", ""source_url"": ""https://www.sec.gov/files/dera/data/financial-statement-data-sets/2012q3.zip""}, {""accession"": ""0000038074-12-000004"", ""cik"": ""0000038074"", ""evidence_kind"": ""sec_bulk_issuer_name_no_ticker"", ""filed_date"": ""2012-02-09"", ""historical_name"": ""FOREST LABORATORIES INC"", ""sha256"": ""42ed1a5ecac978d4338bd51cd4bc15bf60cc821291eea492f8172fc4e803d5f6"", ""source_url"": ""https://www.sec.gov/files/dera/data/financial-statement-data-sets/2012q1.zip""}]"
FSLR,0001274494,2010-01-01,2016-01-01,corroborated_candidate,24,0,24,2010-02-22,2015-11-09,True,False,[],"[{""accession"": ""0001274494-10-000007"", ""cik"": ""0001274494"", ""evidence_kind"": ""sec_bulk_issuer_name_no_ticker"", ""filed_date"": ""2010-02-22"", ""historical_name"": ""FIRST SOLAR, INC."", ""sha256"": ""2a4db2340ab1662d5135d7e17be1a58352c5959017350f0ef2174135f9996125"", ""source_url"": ""https://www.sec.gov/files/dera/data/financial-statement-data-sets/2010q1.zip""}, {""accession"": ""0001274494-13-000017"", ""cik"": ""0001274494"", ""evidence_kind"": ""sec_bulk_issuer_name_no_ticker"", ""filed_date"": ""2013-05-07"", ""historical_name"": ""FIRST SOLAR, INC."", ""sha256"": ""7cc764386ea9cb01d62e1a9f4fac38dc9c741e96886a953ddaad2def4eb489c7"", ""source_url"": ""https://www.sec.gov/files/dera/data/financial-statement-data-sets/2013q2.zip""}, {""accession"": ""0001274494-12-000015"", ""cik"": ""0001274494"", ""evidence_kind"": ""sec_bulk_issuer_name_no_ticker"", ""filed_date"": ""2012-02-29"", ""historical_name"": ""FIRST SOLAR, INC."", ""sha256"": ""42ed1a5ecac978d4338bd51cd4bc15bf60cc821291eea492f8172fc4e803d5f6"", ""source_url"": ""https://www.sec.gov/files/dera/data/financial-statement-data-sets/2012q1.zip""}]"
FTI,0001681459,2010-01-01,2016-01-01,unresolved,0,0,0,,,False,False,[],[]
FTR,0000020520,2010-01-01,2016-01-01,corroborated_candidate,21,0,21,2010-08-05,2015-11-05,True,False,[],"[{""accession"": ""0000020520-10-000087"", ""cik"": ""0000020520"", ""evidence_kind"": ""sec_bulk_issuer_name_no_ticker"", ""filed_date"": ""2010-08-05"", ""historical_name"": ""FRONTIER COMMUNICATIONS CORP"", ""sha256"": ""52014faf614ca0d7b8040e364f5b3e99f28d5e96b711aa922b490056e2c1d7b5"", ""source_url"": ""https://www.sec.gov/files/dera/data/financial-statement-data-sets/2010q3.zip""}, {""accession"": ""0000020520-13-000060"", ""cik"": ""0000020520"", ""evidence_kind"": ""sec_bulk_issuer_name_no_ticker"", ""filed_date"": ""2013-08-08"", ""historical_name"": ""FRONTIER COMMUNICATIONS CORP"", ""sha256"": ""c9134387b650a9194f14b3f832f16aa1a72255c20a0e0b954001a643933cc849"", ""source_url"": ""https://www.sec.gov/files/dera/data/financial-statement-data-sets/2013q3.zip""}, {""accession"": ""0000020520-12-000020"", ""cik"": ""0000020520"", ""evidence_kind"": ""sec_bulk_issuer_name_no_ticker"", ""filed_date"": ""2012-02-23"", ""historical_name"": ""FRONTIER COMMUNICATIONS CORP"", ""sha256"": ""42ed1a5ecac978d4338bd51cd4bc15bf60cc821291eea492f8172fc4e803d5f6"", ""source_url"": ""https://www.sec.gov/files/dera/data/financial-statement-data-sets/2012q1.zip""}]"
GAS,0001004155,2011-12-13,2016-01-01,corroborated_candidate,16,1,16,2012-02-22,2015-11-09,True,False,[],"[{""accession"": ""0001004155-15-000086"", ""cik"": ""0001004155"", ""evidence_kind"": ""sec_dei_ticker"", ""filed_date"": ""2015-11-09"", ""sha256"": ""1680435de766d2c525a859103af2b27a1a45aaecc27ccafca57350a0057969da"", ""source_url"": ""https://www.sec.gov/Archives/edgar/data/1004155/000100415515000086/gas-20150930.xml""}, {""accession"": ""0001004155-12-000029"", ""cik"": ""0001004155"", ""evidence_kind"": ""sec_bulk_issuer_name_no_ticker"", ""filed_date"": ""2012-05-01"", ""historical_name"": ""AGL RESOURCES INC"", ""sha256"": ""0dbb10aa316c674f07849a28e67a25a0a59bd6ef2bc214cd1800c8a2d2a05df6"", ""source_url"": ""https://www.sec.gov/files/dera/data/financial-statement-data-sets/2012q2.zip""}, {""accession"": ""0001004155-14-000023"", ""cik"": ""0001004155"", ""evidence_kind"": ""sec_bulk_issuer_name_no_ticker"", ""filed_date"": ""2014-04-29"", ""historical_name"": ""AGL RESOURCES INC"", ""sha256"": ""ab03600231a08369a980a31dde8bb78b6cd49f56d39ab7b90ca5bc0cfd52aa7f"", ""source_url"": ""https://www.sec.gov/files/dera/data/financial-statement-data-sets/2014q2.zip""}, {""accession"": ""0001004155-12-000017"", ""cik"": ""0001004155"", ""evidence_kind"": ""sec_bulk_issuer_name_no_ticker"", ""filed_date"": ""2012-02-22"", ""historical_name"": ""AGL RESOURCES INC"", ""sha256"": ""42ed1a5ecac978d4338bd51cd4bc15bf60cc821291eea492f8172fc4e803d5f6"", ""source_url"": ""https://www.sec.gov/files/dera/data/financial-statement-data-sets/2012q1.zip""}]"
GD,0000040533,2010-01-01,2016-01-01,confirmed_by_multiple_evidence,3,3,24,2010-02-19,2015-10-28,True,False,[],"[{""accession"": ""0000040533-13-000005"", ""cik"": ""0000040533"", ""evidence_kind"": ""sec_dei_ticker"", ""filed_date"": ""2013-02-08"", ""sha256"": ""cb1c23df05f589c2c067ab9d901eb5c1d5facd50393b884ecfe7f36cf92fb913"", ""source_url"": ""https://www.sec.gov/Archives/edgar/data/40533/000004053313000005/gd-20121231.xml""}, {""accession"": ""0000040533-15-000046"", ""cik"": ""0000040533"", ""evidence_kind"": ""sec_dei_ticker"", ""filed_date"": ""2015-10-28"", ""sha256"": ""97561a4c2ceb212d9ad669706646d9bbb7cc048e07b5b14000a0cf8d15ca7ac8"", ""source_url"": ""https://www.sec.gov/Archives/edgar/data/40533/000004053315000046/gd-20151004.xml""}, {""accession"": ""0001193125-10-034883"", ""cik"": ""0000040533"", ""evidence_kind"": ""sec_dei_ticker"", ""filed_date"": ""2010-02-19"", ""sha256"": ""70a60eb692773be8740d7e9b254215838936c79aa5d06e74886efbfd63b71c5f"", ""source_url"": ""https://www.sec.gov/Archives/edgar/data/40533/000119312510034883/gd-20091231.xml""}, {""accession"": ""0000040533-13-000009"", ""cik"": ""0000040533"", ""evidence_kind"": ""sec_bulk_issuer_name_no_ticker"", ""filed_date"": ""2013-04-30"", ""historical_name"": ""GENERAL DYNAMICS CORP"", ""sha256"": ""7cc764386ea9cb01d62e1a9f4fac38dc9c741e96886a953ddaad2def4eb489c7"", ""source_url"": ""https://www.sec.gov/files/dera/data/financial-statement-data-sets/2013q2.zip""}, {""accession"": ""0001193125-12-066385"", ""cik"": ""0000040533"", ""evidence_kind"": ""sec_bulk_issuer_name_no_ticker"", ""filed_date"": ""2012-02-17"", ""historical_name"": ""GENERAL DYNAMICS CORP"", ""sha256"": ""42ed1a5ecac978d4338bd51cd4bc15bf60cc821291eea492f8172fc4e803d5f6"", ""source_url"": ""https://www.sec.gov/files/dera/data/financial-statement-data-sets/2012q1.zip""}]"
GE,0000040545,2010-01-01,2016-01-01,confirmed_by_multiple_evidence,4,4,24,2010-02-19,2015-11-02,False,False,[],"[{""accession"": ""0000040545-15-000030"", ""cik"": ""0000040545"", ""evidence_kind"": ""sec_dei_ticker"", ""filed_date"": ""2015-02-27"", ""sha256"": ""f480b8e3a3e177fdb1e311f88ceff723aa7de894ae85b04c6da691e1fd67d438"", ""source_url"": ""https://www.sec.gov/Archives/edgar/data/40545/000004054515000030/ge-20141231.xml""}, {""accession"": ""0000040545-15-000054"", ""cik"": ""0000040545"", ""evidence_kind"": ""sec_dei_ticker"", ""filed_date"": ""2015-05-04"", ""sha256"": ""2168accb3a3c474e151f4a04b9a8fb5808c5f55c34395c13c0d3dc46c6b10333"", ""source_url"": ""https://www.sec.gov/Archives/edgar/data/40545/000004054515000054/ge-20150331.xml""}, {""accession"": ""0000040545-15-000088"", ""cik"": ""0000040545"", ""evidence_kind"": ""sec_dei_ticker"", ""filed_date"": ""2015-07-30"", ""sha256"": ""eae5a81a479089a63c727947bc87418b880fa8b9ee38751428a8149f28ccdcfd"", ""source_url"": ""https://www.sec.gov/Archives/edgar/data/40545/000004054515000088/ge-20150630.xml""}, {""accession"": ""0000040545-15-000114"", ""cik"": ""0000040545"", ""evidence_kind"": ""sec_dei_ticker"", ""filed_date"": ""2015-11-02"", ""sha256"": ""fe6497775588f30d34a5ae3e678b38edb562f6074fa87689ddb357f4436a5de5"", ""source_url"": ""https://www.sec.gov/Archives/edgar/data/40545/000004054515000114/ge-20150930.xml""}, {""accession"": ""0000040545-10-000010"", ""cik"": ""0000040545"", ""evidence_kind"": ""sec_bulk_issuer_name_no_ticker"", ""filed_date"": ""2010-02-19"", ""historical_name"": ""GENERAL ELECTRIC CO"", ""sha256"": ""2a4db2340ab1662d5135d7e17be1a58352c5959017350f0ef2174135f9996125"", ""source_url"": ""https://www.sec.gov/files/dera/data/financial-statement-data-sets/2010q1.zip""}, {""accession"": ""0000040545-13-000057"", ""cik"": ""0000040545"", ""evidence_kind"": ""sec_bulk_issuer_name_no_ticker"", ""filed_date"": ""2013-05-08"", ""historical_name"": ""GENERAL ELECTRIC CO"", ""sha256"": ""7cc764386ea9cb01d62e1a9f4fac38dc9c741e96886a953ddaad2def4eb489c7"", ""source_url"": ""https://www.sec.gov/files/dera/data/financial-statement-data-sets/2013q2.zip""}, {""accession"": ""0000040545-12-000016"", ""cik"": ""0000040545"", ""evidence_kind"": ""sec_bulk_issuer_name_no_ticker"", ""filed_date"": ""2012-02-24"", ""historical_name"": ""GENERAL ELECTRIC CO"", ""sha256"": ""42ed1a5ecac978d4338bd51cd4bc15bf60cc821291eea492f8172fc4e803d5f6"", ""source_url"": ""https://www.sec.gov/files/dera/data/financial-statement-data-sets/2012q1.zip""}]"
GENZ,0000732485,2010-01-01,2011-04-01,corroborated_candidate,4,0,4,2010-03-01,2011-03-01,True,False,[],"[{""accession"": ""0001047469-10-001574"", ""cik"": ""0000732485"", ""evidence_kind"": ""sec_bulk_issuer_name_no_ticker"", ""filed_date"": ""2010-03-01"", ""historical_name"": ""GENZYME CORP"", ""sha256"": ""2a4db2340ab1662d5135d7e17be1a58352c5959017350f0ef2174135f9996125"", ""source_url"": ""https://www.sec.gov/files/dera/data/financial-statement-data-sets/2010q1.zip""}, {""accession"": ""0000950123-10-103135"", ""cik"": ""0000732485"", ""evidence_kind"": ""sec_bulk_issuer_name_no_ticker"", ""filed_date"": ""2010-11-09"", ""historical_name"": ""GENZYME CORP"", ""sha256"": ""3dc43a8559cba9e1a9bb5a283a99e1fdfd2b0eaa7a9460887d5b4c70d69cef63"", ""source_url"": ""https://www.sec.gov/files/dera/data/financial-statement-data-sets/2010q4.zip""}, {""accession"": ""0000950123-11-020797"", ""cik"": ""0000732485"", ""evidence_kind"": ""sec_bulk_issuer_name_no_ticker"", ""filed_date"": ""2011-03-01"", ""historical_name"": ""GENZYME CORP"", ""sha256"": ""e63b781a5e57e55d68e110a06d3f697e942a60e17f093bbdc1a16ac7152a7df5"", ""source_url"": ""https://www.sec.gov/files/dera/data/financial-statement-data-sets/2011q1.zip""}]"
GGP,0001496048,2013-12-10,2016-01-01,corroborated_candidate,8,0,8,2014-02-21,2015-11-04,True,False,[],"[{""accession"": ""0001047469-14-001175"", ""cik"": ""0001496048"", ""evidence_kind"": ""sec_bulk_issuer_name_no_ticker"", ""filed_date"": ""2014-02-21"", ""historical_name"": ""GENERAL GROWTH PROPERTIES, INC."", ""sha256"": ""bf55481c6e0088fb45e8efeb2d8de6912a9c3533da918376a24ca5f84144680f"", ""source_url"": ""https://www.sec.gov/files/dera/data/financial-statement-data-sets/2014q1.zip""}, {""accession"": ""0001496048-15-000006"", ""cik"": ""0001496048"", ""evidence_kind"": ""sec_bulk_issuer_name_no_ticker"", ""filed_date"": ""2015-03-02"", ""historical_name"": ""GENERAL GROWTH PROPERTIES, INC."", ""sha256"": ""baa9e434480b8299593b781e8156f855e0c4548677329f166f495cbae287e52e"", ""source_url"": ""https://www.sec.gov/files/dera/data/financial-statement-data-sets/2015q1.zip""}, {""accession"": ""0001496048-15-000041"", ""cik"": ""0001496048"", ""evidence_kind"": ""sec_bulk_issuer_name_no_ticker"", ""filed_date"": ""2015-11-04"", ""historical_name"": ""GENERAL GROWTH PROPERTIES, INC."", ""sha256"": ""1723b41ef2a1d3ea6595f6052ef229a80e03cd183391ca9e297a894f9e589d83"", ""source_url"": ""https://www.sec.gov/files/dera/data/financial-statement-data-sets/2015q4.zip""}]"
GHC,0000104889,2013-12-09,2014-09-20,confirmed_by_multiple_evidence,3,3,3,2014-02-28,2014-08-06,True,False,[],"[{""accession"": ""0000104889-14-000013"", ""cik"": ""0000104889"", ""evidence_kind"": ""sec_dei_ticker"", ""filed_date"": ""2014-02-28"", ""sha256"": ""ead25017697669367c1cb4c455f090379a75956513c16f185f582dcb5595a97c"", ""source_url"": ""https://www.sec.gov/Archives/edgar/data/104889/000010488914000013/ghc-20131231.xml""}, {""accession"": ""0000104889-14-000022"", ""cik"": ""0000104889"", ""evidence_kind"": ""sec_dei_ticker"", ""filed_date"": ""2014-05-07"", ""sha256"": ""e793f000b012124b67a090d21f8403b3132b446b6926971c046c25852e660ec8"", ""source_url"": ""https://www.sec.gov/Archives/edgar/data/104889/000010488914000022/ghc-20140331.xml""}, {""accession"": ""0000104889-14-000043"", ""cik"": ""0000104889"", ""evidence_kind"": ""sec_dei_ticker"", ""filed_date"": ""2014-08-06"", ""sha256"": ""11cdebb35dde025c2dbac8a51388d9767a737ff35cbf563d5b155f0ab9624d2a"", ""source_url"": ""https://www.sec.gov/Archives/edgar/data/104889/000010488914000043/ghc-20140630.xml""}]"
GILD,0000882095,2010-01-01,2016-01-01,corroborated_candidate,24,1,24,2010-03-01,2015-11-04,True,False,[],"[{""accession"": ""0001193125-10-044753"", ""cik"": ""0000882095"", ""evidence_kind"": ""sec_dei_ticker"", ""filed_date"": ""2010-03-01"", ""sha256"": ""128db52897722cb74188393897d2d47c359cff7facf1a6fdc6e0c26d7839eb22"", ""source_url"": ""https://www.sec.gov/Archives/edgar/data/882095/000119312510044753/gild-20091231.xml""}, {""accession"": ""0000882095-13-000029"", ""cik"": ""0000882095"", ""evidence_kind"": ""sec_bulk_issuer_name_no_ticker"", ""filed_date"": ""2013-05-08"", ""historical_name"": ""GILEAD SCIENCES INC"", ""sha256"": ""7cc764386ea9cb01d62e1a9f4fac38dc9c741e96886a953ddaad2def4eb489c7"", ""source_url"": ""https://www.sec.gov/files/dera/data/financial-statement-data-sets/2013q2.zip""}, {""accession"": ""0001193125-12-075335"", ""cik"": ""0000882095"", ""evidence_kind"": ""sec_bulk_issuer_name_no_ticker"", ""filed_date"": ""2012-02-23"", ""historical_name"": ""GILEAD SCIENCES INC"", ""sha256"": ""42ed1a5ecac978d4338bd51cd4bc15bf60cc821291eea492f8172fc4e803d5f6"", ""source_url"": ""https://www.sec.gov/files/dera/data/financial-statement-data-sets/2012q1.zip""}]"
GIS,0000040704,2010-01-01,2016-01-01,corroborated_candidate,24,1,24,2010-03-24,2015-12-17,True,False,[],"[{""accession"": ""0001193125-15-406352"", ""cik"": ""0000040704"", ""evidence_kind"": ""sec_dei_ticker"", ""filed_date"": ""2015-12-17"", ""sha256"": ""9f5391f0bff3e8bbfbb7d3df717b425aa5a1a44f82eb44632aab1417a2749f8c"", ""source_url"": ""https://www.sec.gov/Archives/edgar/data/40704/000119312515406352/gis-20151129.xml""}, {""accession"": ""0000950123-10-027743"", ""cik"": ""0000040704"", ""evidence_kind"": ""sec_bulk_issuer_name_no_ticker"", ""filed_date"": ""2010-03-24"", ""historical_name"": ""GENERAL MILLS INC"", ""sha256"": ""2a4db2340ab1662d5135d7e17be1a58352c5959017350f0ef2174135f9996125"", ""source_url"": ""https://www.sec.gov/files/dera/data/financial-statement-data-sets/2010q1.zip""}, {""accession"": ""0001193125-13-370415"", ""cik"": ""0000040704"", ""evidence_kind"": ""sec_bulk_issuer_name_no_ticker"", ""filed_date"": ""2013-09-18"", ""historical_name"": ""GENERAL MILLS INC"", ""sha256"": ""c9134387b650a9194f14b3f832f16aa1a72255c20a0e0b954001a643933cc849"", ""source_url"": ""https://www.sec.gov/files/dera/data/financial-statement-data-sets/2013q3.zip""}, {""accession"": ""0001193125-12-125489"", ""cik"": ""0000040704"", ""evidence_kind"": ""sec_bulk_issuer_name_no_ticker"", ""filed_date"": ""2012-03-21"", ""historical_name"": ""GENERAL MILLS INC"", ""sha256"": ""42ed1a5ecac978d4338bd51cd4bc15bf60cc821291eea492f8172fc4e803d5f6"", ""source_url"": ""https://www.sec.gov/files/dera/data/financial-statement-data-sets/2012q1.zip""}]"
GLW,0000024741,2010-01-01,2016-01-01,corroborated_candidate,24,1,24,2010-02-10,2015-10-27,True,False,[],"[{""accession"": ""0000024741-15-000058"", ""cik"": ""0000024741"", ""evidence_kind"": ""sec_dei_ticker"", ""filed_date"": ""2015-10-27"", ""sha256"": ""9fd1ff89233a4ae4decf9bd88289feea5d0dca3953d4ca399d38e5f89ce80651"", ""source_url"": ""https://www.sec.gov/Archives/edgar/data/24741/000002474115000058/glw-20150930.xml""}, {""accession"": ""0001193125-10-027165"", ""cik"": ""0000024741"", ""evidence_kind"": ""sec_bulk_issuer_name_no_ticker"", ""filed_date"": ""2010-02-10"", ""historical_name"": ""CORNING INC /NY"", ""sha256"": ""2a4db2340ab1662d5135d7e17be1a58352c5959017350f0ef2174135f9996125"", ""source_url"": ""https://www.sec.gov/files/dera/data/financial-statement-data-sets/2010q1.zip""}, {""accession"": ""0000024741-13-000027"", ""cik"": ""0000024741"", ""evidence_kind"": ""sec_bulk_issuer_name_no_ticker"", ""filed_date"": ""2013-04-26"", ""historical_name"": ""CORNING INC /NY"", ""sha256"": ""7cc764386ea9cb01d62e1a9f4fac38dc9c741e96886a953ddaad2def4eb489c7"", ""source_url"": ""https://www.sec.gov/files/dera/data/financial-statement-data-sets/2013q2.zip""}, {""accession"": ""0001193125-12-056163"", ""cik"": ""0000024741"", ""evidence_kind"": ""sec_bulk_issuer_name_no_ticker"", ""filed_date"": ""2012-02-13"", ""historical_name"": ""CORNING INC /NY"", ""sha256"": ""42ed1a5ecac978d4338bd51cd4bc15bf60cc821291eea492f8172fc4e803d5f6"", ""source_url"": ""https://www.sec.gov/files/dera/data/financial-statement-data-sets/2012q1.zip""}]"
GM,0001467858,2013-06-07,2016-01-01,corroborated_candidate,10,0,10,2013-07-25,2015-10-21,True,False,[],"[{""accession"": ""0001467858-13-000106"", ""cik"": ""0001467858"", ""evidence_kind"": ""sec_bulk_issuer_name_no_ticker"", ""filed_date"": ""2013-07-25"", ""historical_name"": ""GENERAL MOTORS CO"", ""sha256"": ""c9134387b650a9194f14b3f832f16aa1a72255c20a0e0b954001a643933cc849"", ""source_url"": ""https://www.sec.gov/files/dera/data/financial-statement-data-sets/2013q3.zip""}, {""accession"": ""0001467858-14-000247"", ""cik"": ""0001467858"", ""evidence_kind"": ""sec_bulk_issuer_name_no_ticker"", ""filed_date"": ""2014-10-23"", ""historical_name"": ""GENERAL MOTORS CO"", ""sha256"": ""c82395b7df380a95b30d652784372a5439dea9ed750d89784822bb643cbc4930"", ""source_url"": ""https://www.sec.gov/files/dera/data/financial-statement-data-sets/2014q4.zip""}, {""accession"": ""0001467858-15-000217"", ""cik"": ""0001467858"", ""evidence_kind"": ""sec_bulk_issuer_name_no_ticker"", ""filed_date"": ""2015-10-21"", ""historical_name"": ""GENERAL MOTORS CO"", ""sha256"": ""1723b41ef2a1d3ea6595f6052ef229a80e03cd183391ca9e297a894f9e589d83"", ""source_url"": ""https://www.sec.gov/files/dera/data/financial-statement-data-sets/2015q4.zip""}]"
GMCR,0000909954,2014-03-24,2016-01-01,corroborated_candidate,7,0,7,2014-05-07,2015-11-19,True,False,[],"[{""accession"": ""0001104659-14-035792"", ""cik"": ""0000909954"", ""evidence_kind"": ""sec_bulk_issuer_name_no_ticker"", ""filed_date"": ""2014-05-07"", ""historical_name"": ""KEURIG GREEN MOUNTAIN, INC."", ""sha256"": ""ab03600231a08369a980a31dde8bb78b6cd49f56d39ab7b90ca5bc0cfd52aa7f"", ""source_url"": ""https://www.sec.gov/files/dera/data/financial-statement-data-sets/2014q2.zip""}, {""accession"": ""0001104659-15-006664"", ""cik"": ""0000909954"", ""evidence_kind"": ""sec_bulk_issuer_name_no_ticker"", ""filed_date"": ""2015-02-04"", ""historical_name"": ""KEURIG GREEN MOUNTAIN, INC."", ""sha256"": ""baa9e434480b8299593b781e8156f855e0c4548677329f166f495cbae287e52e"", ""source_url"": ""https://www.sec.gov/files/dera/data/financial-statement-data-sets/2015q1.zip""}, {""accession"": ""0001047469-15-008799"", ""cik"": ""0000909954"", ""evidence_kind"": ""sec_bulk_issuer_name_no_ticker"", ""filed_date"": ""2015-11-19"", ""historical_name"": ""KEURIG GREEN MOUNTAIN, INC."", ""sha256"": ""1723b41ef2a1d3ea6595f6052ef229a80e03cd183391ca9e297a894f9e589d83"", ""source_url"": ""https://www.sec.gov/files/dera/data/financial-statement-data-sets/2015q4.zip""}]"
GME,0001326380,2010-01-01,2016-01-01,confirmed_by_multiple_evidence,2,2,23,2010-03-30,2015-12-08,True,False,[],"[{""accession"": ""0001193125-13-140443"", ""cik"": ""0001326380"", ""evidence_kind"": ""sec_dei_ticker"", ""filed_date"": ""2013-04-03"", ""sha256"": ""e339e6ec5b9d3fb5aa4faecc72b76e02bef0518ea55fadf847d55509156145fb"", ""source_url"": ""https://www.sec.gov/Archives/edgar/data/1326380/000119312513140443/gme-20130202.xml""}, {""accession"": ""0001326380-15-000229"", ""cik"": ""0001326380"", ""evidence_kind"": ""sec_dei_ticker"", ""filed_date"": ""2015-12-08"", ""sha256"": ""6f4e4cc5da1f51671476d8e202a5201b6923837da91e782542c4ee9ee2fdcbef"", ""source_url"": ""https://www.sec.gov/Archives/edgar/data/1326380/000132638015000229/gme-20151031.xml""}, {""accession"": ""0000950123-10-030164"", ""cik"": ""0001326380"", ""evidence_kind"": ""sec_bulk_issuer_name_no_ticker"", ""filed_date"": ""2010-03-30"", ""historical_name"": ""GAMESTOP CORP."", ""sha256"": ""2a4db2340ab1662d5135d7e17be1a58352c5959017350f0ef2174135f9996125"", ""source_url"": ""https://www.sec.gov/files/dera/data/financial-statement-data-sets/2010q1.zip""}, {""accession"": ""0001193125-12-134615"", ""cik"": ""0001326380"", ""evidence_kind"": ""sec_bulk_issuer_name_no_ticker"", ""filed_date"": ""2012-03-27"", ""historical_name"": ""GAMESTOP CORP."", ""sha256"": ""42ed1a5ecac978d4338bd51cd4bc15bf60cc821291eea492f8172fc4e803d5f6"", ""source_url"": ""https://www.sec.gov/files/dera/data/financial-statement-data-sets/2012q1.zip""}]"
GNW,0001276520,2010-01-01,2015-11-18,confirmed_by_multiple_evidence,3,3,24,2010-02-26,2015-10-30,True,False,[],"[{""accession"": ""0001193125-10-041949"", ""cik"": ""0001276520"", ""evidence_kind"": ""sec_dei_ticker"", ""filed_date"": ""2010-02-26"", ""sha256"": ""9c48a383c91553104f886c22175c86f9330543b1ca0f999b656360e7292e928e"", ""source_url"": ""https://www.sec.gov/Archives/edgar/data/1276520/000119312510041949/gnw-20091231.xml""}, {""accession"": ""0001193125-13-081960"", ""cik"": ""0001276520"", ""evidence_kind"": ""sec_dei_ticker"", ""filed_date"": ""2013-02-28"", ""sha256"": ""afe1f929efa6481a88e0f08015ba766a07b069807eb0a46b4bb11b15334a900d"", ""source_url"": ""https://www.sec.gov/Archives/edgar/data/1276520/000119312513081960/gnw-20121231.xml""}, {""accession"": ""0001193125-15-360386"", ""cik"": ""0001276520"", ""evidence_kind"": ""sec_dei_ticker"", ""filed_date"": ""2015-10-30"", ""sha256"": ""7df787ef3168a4a4ce5ce8f97e9b07ecd06b92e9571176d9995b96f4f5265521"", ""source_url"": ""https://www.sec.gov/Archives/edgar/data/1276520/000119312515360386/gnw-20150930.xml""}, {""accession"": ""0001193125-13-196312"", ""cik"": ""0001276520"", ""evidence_kind"": ""sec_bulk_issuer_name_no_ticker"", ""filed_date"": ""2013-05-02"", ""historical_name"": ""GENWORTH FINANCIAL INC"", ""sha256"": ""7cc764386ea9cb01d62e1a9f4fac38dc9c741e96886a953ddaad2def4eb489c7"", ""source_url"": ""https://www.sec.gov/files/dera/data/financial-statement-data-sets/2013q2.zip""}, {""accession"": ""0001193125-12-081737"", ""cik"": ""0001276520"", ""evidence_kind"": ""sec_bulk_issuer_name_no_ticker"", ""filed_date"": ""2012-02-27"", ""historical_name"": ""GENWORTH FINANCIAL INC"", ""sha256"": ""42ed1a5ecac978d4338bd51cd4bc15bf60cc821291eea492f8172fc4e803d5f6"", ""source_url"": ""https://www.sec.gov/files/dera/data/financial-statement-data-sets/2012q1.zip""}]"
GOOG,0001652044,2014-04-03,2016-01-01,unresolved,1,0,1,2015-10-29,2015-10-29,True,False,[],"[{""accession"": ""0001652044-15-000005"", ""cik"": ""0001652044"", ""evidence_kind"": ""sec_bulk_issuer_name_no_ticker"", ""filed_date"": ""2015-10-29"", ""historical_name"": ""ALPHABET INC."", ""sha256"": ""1723b41ef2a1d3ea6595f6052ef229a80e03cd183391ca9e297a894f9e589d83"", ""source_url"": ""https://www.sec.gov/files/dera/data/financial-statement-data-sets/2015q4.zip""}]"
GOOGL,0001652044,2010-01-01,2016-01-01,unresolved,1,0,1,2015-10-29,2015-10-29,True,False,[],"[{""accession"": ""0001652044-15-000005"", ""cik"": ""0001652044"", ""evidence_kind"": ""sec_bulk_issuer_name_no_ticker"", ""filed_date"": ""2015-10-29"", ""historical_name"": ""ALPHABET INC."", ""sha256"": ""1723b41ef2a1d3ea6595f6052ef229a80e03cd183391ca9e297a894f9e589d83"", ""source_url"": ""https://www.sec.gov/files/dera/data/financial-statement-data-sets/2015q4.zip""}]"
GPC,0000040987,2010-01-01,2016-01-01,confirmed_by_multiple_evidence,2,2,24,2010-02-26,2015-11-06,True,False,[],"[{""accession"": ""0001193125-13-076665"", ""cik"": ""0000040987"", ""evidence_kind"": ""sec_dei_ticker"", ""filed_date"": ""2013-02-26"", ""sha256"": ""a31e58d319ff81a773be9a666a56986fa9ae484349d19d54d9ef45fac629b388"", ""source_url"": ""https://www.sec.gov/Archives/edgar/data/40987/000119312513076665/gpc-20121231.xml""}, {""accession"": ""0001193125-15-369352"", ""cik"": ""0000040987"", ""evidence_kind"": ""sec_dei_ticker"", ""filed_date"": ""2015-11-06"", ""sha256"": ""fce0f95ac761262ee6ee77d7abc06aa7de94f910872773eeed8d3f7d15ca9237"", ""source_url"": ""https://www.sec.gov/Archives/edgar/data/40987/000119312515369352/gpc-20150930.xml""}, {""accession"": ""0000950123-10-017728"", ""cik"": ""0000040987"", ""evidence_kind"": ""sec_bulk_issuer_name_no_ticker"", ""filed_date"": ""2010-02-26"", ""historical_name"": ""GENUINE PARTS CO"", ""sha256"": ""2a4db2340ab1662d5135d7e17be1a58352c5959017350f0ef2174135f9996125"", ""source_url"": ""https://www.sec.gov/files/dera/data/financial-statement-data-sets/2010q1.zip""}, {""accession"": ""0001193125-13-203419"", ""cik"": ""0000040987"", ""evidence_kind"": ""sec_bulk_issuer_name_no_ticker"", ""filed_date"": ""2013-05-07"", ""historical_name"": ""GENUINE PARTS CO"", ""sha256"": ""7cc764386ea9cb01d62e1a9f4fac38dc9c741e96886a953ddaad2def4eb489c7"", ""source_url"": ""https://www.sec.gov/files/dera/data/financial-statement-data-sets/2013q2.zip""}, {""accession"": ""0001193125-12-079802"", ""cik"": ""0000040987"", ""evidence_kind"": ""sec_bulk_issuer_name_no_ticker"", ""filed_date"": ""2012-02-27"", ""historical_name"": ""GENUINE PARTS CO"", ""sha256"": ""42ed1a5ecac978d4338bd51cd4bc15bf60cc821291eea492f8172fc4e803d5f6"", ""source_url"": ""https://www.sec.gov/files/dera/data/financial-statement-data-sets/2012q1.zip""}]"
GPS,0000039911,2010-01-01,2016-01-01,confirmed_by_multiple_evidence,3,3,24,2010-03-26,2015-12-08,True,False,[],"[{""accession"": ""0000039911-13-000057"", ""cik"": ""0000039911"", ""evidence_kind"": ""sec_dei_ticker"", ""filed_date"": ""2013-03-26"", ""sha256"": ""090fd38800534cc150caca0f809257c39c2c80c56ecb05b37e6dde1f45029a70"", ""source_url"": ""https://www.sec.gov/Archives/edgar/data/39911/000003991113000057/gps-20130202.xml""}, {""accession"": ""0000039911-15-000215"", ""cik"": ""0000039911"", ""evidence_kind"": ""sec_dei_ticker"", ""filed_date"": ""2015-12-08"", ""sha256"": ""2352da2f9c8c0c23dfdcb52c56d5d87d6589255cea99e0715673f250d3d213de"", ""source_url"": ""https://www.sec.gov/Archives/edgar/data/39911/000003991115000215/gps-20151031.xml""}, {""accession"": ""0001193125-10-068386"", ""cik"": ""0000039911"", ""evidence_kind"": ""sec_dei_ticker"", ""filed_date"": ""2010-03-26"", ""sha256"": ""a08956cab508a12aabea05d328a53985c7d7ea7bca082cabb0e0628b71dc6208"", ""source_url"": ""https://www.sec.gov/Archives/edgar/data/39911/000119312510068386/gps-20100130.xml""}, {""accession"": ""0000039911-13-000103"", ""cik"": ""0000039911"", ""evidence_kind"": ""sec_bulk_issuer_name_no_ticker"", ""filed_date"": ""2013-06-11"", ""historical_name"": ""GAP INC"", ""sha256"": ""7cc764386ea9cb01d62e1a9f4fac38dc9c741e96886a953ddaad2def4eb489c7"", ""source_url"": ""https://www.sec.gov/files/dera/data/financial-statement-data-sets/2013q2.zip""}, {""accession"": ""0001193125-12-132098"", ""cik"": ""0000039911"", ""evidence_kind"": ""sec_bulk_issuer_name_no_ticker"", ""filed_date"": ""2012-03-26"", ""historical_name"": ""GAP INC"", ""sha256"": ""42ed1a5ecac978d4338bd51cd4bc15bf60cc821291eea492f8172fc4e803d5f6"", ""source_url"": ""https://www.sec.gov/files/dera/data/financial-statement-data-sets/2012q1.zip""}]"
GR,0000042542,2010-01-01,2012-07-27,corroborated_candidate,10,0,10,2010-02-16,2012-04-26,True,False,[],"[{""accession"": ""0000950123-10-013244"", ""cik"": ""0000042542"", ""evidence_kind"": ""sec_bulk_issuer_name_no_ticker"", ""filed_date"": ""2010-02-16"", ""historical_name"": ""GOODRICH CORP"", ""sha256"": ""2a4db2340ab1662d5135d7e17be1a58352c5959017350f0ef2174135f9996125"", ""source_url"": ""https://www.sec.gov/files/dera/data/financial-statement-data-sets/2010q1.zip""}, {""accession"": ""0000950123-11-037603"", ""cik"": ""0000042542"", ""evidence_kind"": ""sec_bulk_issuer_name_no_ticker"", ""filed_date"": ""2011-04-21"", ""historical_name"": ""GOODRICH CORP"", ""sha256"": ""10a6f98f14d2a341e938a379ea32beb4857b01d59facf04e6e7b3c68558a95d1"", ""source_url"": ""https://www.sec.gov/files/dera/data/financial-statement-data-sets/2011q2.zip""}, {""accession"": ""0001193125-12-074985"", ""cik"": ""0000042542"", ""evidence_kind"": ""sec_bulk_issuer_name_no_ticker"", ""filed_date"": ""2012-02-23"", ""historical_name"": ""GOODRICH CORP"", ""sha256"": ""42ed1a5ecac978d4338bd51cd4bc15bf60cc821291eea492f8172fc4e803d5f6"", ""source_url"": ""https://www.sec.gov/files/dera/data/financial-statement-data-sets/2012q1.zip""}]"
GRMN,0001121788,2012-12-12,2016-01-01,confirmed_by_multiple_evidence,3,3,12,2013-02-27,2015-10-28,True,False,[],"[{""accession"": ""0001144204-13-011527"", ""cik"": ""0001121788"", ""evidence_kind"": ""sec_dei_ticker"", ""filed_date"": ""2013-02-27"", ""sha256"": ""9633925853bf223b6400ecb9a6bc54708c593462a6168003bc3c4618c0120ae7"", ""source_url"": ""https://www.sec.gov/Archives/edgar/data/1121788/000114420413011527/grmn-20121229.xml""}, {""accession"": ""0001144204-14-045660"", ""cik"": ""0001121788"", ""evidence_kind"": ""sec_dei_ticker"", ""filed_date"": ""2014-07-30"", ""sha256"": ""dab3f1b8924e1b707da774677eb47c7d84ae8212f27febec229bbd7f2438770d"", ""source_url"": ""https://www.sec.gov/Archives/edgar/data/1121788/000114420414045660/grmn-20140628.xml""}, {""accession"": ""0001615774-15-003047"", ""cik"": ""0001121788"", ""evidence_kind"": ""sec_dei_ticker"", ""filed_date"": ""2015-10-28"", ""sha256"": ""3f25fb72669efc88b1807c2f37a6504850ee0382c74ff6a2b7e6297a58cfc586"", ""source_url"": ""https://www.sec.gov/Archives/edgar/data/1121788/000161577415003047/grmn-20150926.xml""}]"
GS,0000886982,2010-01-01,2016-01-01,corroborated_candidate,24,1,24,2010-03-01,2015-11-03,True,False,[],"[{""accession"": ""0001193125-15-362853"", ""cik"": ""0000886982"", ""evidence_kind"": ""sec_dei_ticker"", ""filed_date"": ""2015-11-03"", ""sha256"": ""65d36b3a44d316308adcdd0a3b54ad0bf747205fb146209de2b5feec45af583d"", ""source_url"": ""https://www.sec.gov/Archives/edgar/data/886982/000119312515362853/gs-20150930.xml""}, {""accession"": ""0000950123-10-018464"", ""cik"": ""0000886982"", ""evidence_kind"": ""sec_bulk_issuer_name_no_ticker"", ""filed_date"": ""2010-03-01"", ""historical_name"": ""GOLDMAN SACHS GROUP INC"", ""sha256"": ""2a4db2340ab1662d5135d7e17be1a58352c5959017350f0ef2174135f9996125"", ""source_url"": ""https://www.sec.gov/files/dera/data/financial-statement-data-sets/2010q1.zip""}, {""accession"": ""0001193125-13-208066"", ""cik"": ""0000886982"", ""evidence_kind"": ""sec_bulk_issuer_name_no_ticker"", ""filed_date"": ""2013-05-09"", ""historical_name"": ""GOLDMAN SACHS GROUP INC"", ""sha256"": ""7cc764386ea9cb01d62e1a9f4fac38dc9c741e96886a953ddaad2def4eb489c7"", ""source_url"": ""https://www.sec.gov/files/dera/data/financial-statement-data-sets/2013q2.zip""}, {""accession"": ""0001193125-12-085822"", ""cik"": ""0000886982"", ""evidence_kind"": ""sec_bulk_issuer_name_no_ticker"", ""filed_date"": ""2012-02-28"", ""historical_name"": ""GOLDMAN SACHS GROUP INC"", ""sha256"": ""42ed1a5ecac978d4338bd51cd4bc15bf60cc821291eea492f8172fc4e803d5f6"", ""source_url"": ""https://www.sec.gov/files/dera/data/financial-statement-data-sets/2012q1.zip""}]"
GT,0000042582,2010-01-01,2016-01-01,corroborated_candidate,22,0,22,2010-07-29,2015-10-29,True,False,[],"[{""accession"": ""0000950123-10-069602"", ""cik"": ""0000042582"", ""evidence_kind"": ""sec_bulk_issuer_name_no_ticker"", ""filed_date"": ""2010-07-29"", ""historical_name"": ""GOODYEAR TIRE & RUBBER CO /OH/"", ""sha256"": ""52014faf614ca0d7b8040e364f5b3e99f28d5e96b711aa922b490056e2c1d7b5"", ""source_url"": ""https://www.sec.gov/files/dera/data/financial-statement-data-sets/2010q3.zip""}, {""accession"": ""0000950123-13-005103"", ""cik"": ""0000042582"", ""evidence_kind"": ""sec_bulk_issuer_name_no_ticker"", ""filed_date"": ""2013-07-30"", ""historical_name"": ""GOODYEAR TIRE & RUBBER CO /OH/"", ""sha256"": ""c9134387b650a9194f14b3f832f16aa1a72255c20a0e0b954001a643933cc849"", ""source_url"": ""https://www.sec.gov/files/dera/data/financial-statement-data-sets/2013q3.zip""}, {""accession"": ""0000950123-12-002512"", ""cik"": ""0000042582"", ""evidence_kind"": ""sec_bulk_issuer_name_no_ticker"", ""filed_date"": ""2012-02-14"", ""historical_name"": ""GOODYEAR TIRE & RUBBER CO /OH/"", ""sha256"": ""42ed1a5ecac978d4338bd51cd4bc15bf60cc821291eea492f8172fc4e803d5f6"", ""source_url"": ""https://www.sec.gov/files/dera/data/financial-statement-data-sets/2012q1.zip""}]"
GWW,0000277135,2010-01-01,2016-01-01,corroborated_candidate,24,0,24,2010-02-25,2015-10-29,True,True,[],"[{""accession"": ""0000277135-10-000011"", ""cik"": ""0000277135"", ""evidence_kind"": ""sec_bulk_issuer_name_no_ticker"", ""filed_date"": ""2010-02-25"", ""historical_name"": ""GRAINGER W W INC"", ""sha256"": ""2a4db2340ab1662d5135d7e17be1a58352c5959017350f0ef2174135f9996125"", ""source_url"": ""https://www.sec.gov/files/dera/data/financial-statement-data-sets/2010q1.zip""}, {""accession"": ""0000277135-13-000018"", ""cik"": ""0000277135"", ""evidence_kind"": ""sec_bulk_issuer_name_no_ticker"", ""filed_date"": ""2013-04-25"", ""historical_name"": ""GRAINGER W W INC"", ""sha256"": ""7cc764386ea9cb01d62e1a9f4fac38dc9c741e96886a953ddaad2def4eb489c7"", ""source_url"": ""https://www.sec.gov/files/dera/data/financial-statement-data-sets/2013q2.zip""}, {""accession"": ""0000277135-12-000008"", ""cik"": ""0000277135"", ""evidence_kind"": ""sec_bulk_issuer_name_no_ticker"", ""filed_date"": ""2012-02-28"", ""historical_name"": ""GRAINGER W W INC"", ""sha256"": ""42ed1a5ecac978d4338bd51cd4bc15bf60cc821291eea492f8172fc4e803d5f6"", ""source_url"": ""https://www.sec.gov/files/dera/data/financial-statement-data-sets/2012q1.zip""}, {""evidence_kind"": ""sec_official_name_chain_no_ticker"", ""sha256"": ""8498fbaff3add42cbd7ce6f3043781e5351fd2a1b65d7e8e76f090986c65d51d"", ""source_url"": ""https://data.sec.gov/submissions/CIK0000277135.json""}]"
HAL,0000045012,2010-01-01,2016-01-01,corroborated_candidate,24,0,24,2010-02-17,2015-10-23,True,False,[],"[{""accession"": ""0000045012-10-000085"", ""cik"": ""0000045012"", ""evidence_kind"": ""sec_bulk_issuer_name_no_ticker"", ""filed_date"": ""2010-02-17"", ""historical_name"": ""HALLIBURTON CO"", ""sha256"": ""2a4db2340ab1662d5135d7e17be1a58352c5959017350f0ef2174135f9996125"", ""source_url"": ""https://www.sec.gov/files/dera/data/financial-statement-data-sets/2010q1.zip""}, {""accession"": ""0000045012-13-000159"", ""cik"": ""0000045012"", ""evidence_kind"": ""sec_bulk_issuer_name_no_ticker"", ""filed_date"": ""2013-04-26"", ""historical_name"": ""HALLIBURTON CO"", ""sha256"": ""7cc764386ea9cb01d62e1a9f4fac38dc9c741e96886a953ddaad2def4eb489c7"", ""source_url"": ""https://www.sec.gov/files/dera/data/financial-statement-data-sets/2013q2.zip""}, {""accession"": ""0000045012-12-000075"", ""cik"": ""0000045012"", ""evidence_kind"": ""sec_bulk_issuer_name_no_ticker"", ""filed_date"": ""2012-02-16"", ""historical_name"": ""HALLIBURTON CO"", ""sha256"": ""42ed1a5ecac978d4338bd51cd4bc15bf60cc821291eea492f8172fc4e803d5f6"", ""source_url"": ""https://www.sec.gov/files/dera/data/financial-statement-data-sets/2012q1.zip""}]"
HAR,0000800459,2010-01-01,2016-01-01,confirmed_by_multiple_evidence,3,3,23,2010-04-29,2015-10-29,True,True,[],"[{""accession"": ""0001193125-10-097999"", ""cik"": ""0000800459"", ""evidence_kind"": ""sec_dei_ticker"", ""filed_date"": ""2010-04-29"", ""sha256"": ""7c43faf0175a863fa411e215758e7f3b72c4c6ec48405213f6bad877ee41eb25"", ""source_url"": ""https://www.sec.gov/Archives/edgar/data/800459/000119312510097999/har-20100331.xml""}, {""accession"": ""0001193125-13-032658"", ""cik"": ""0000800459"", ""evidence_kind"": ""sec_dei_ticker"", ""filed_date"": ""2013-01-31"", ""sha256"": ""79a8cde5f14810ae089e409803d33867b7fdf5a06443d09e1e85e735425a06e0"", ""source_url"": ""https://www.sec.gov/Archives/edgar/data/800459/000119312513032658/har-20121231.xml""}, {""accession"": ""0001193125-15-357577"", ""cik"": ""0000800459"", ""evidence_kind"": ""sec_dei_ticker"", ""filed_date"": ""2015-10-29"", ""sha256"": ""b64a9cd590bd760c3a76744cf71b1b9fa8fbf79545ef8ca2785fd3effa0289ad"", ""source_url"": ""https://www.sec.gov/Archives/edgar/data/800459/000119312515357577/har-20150930.xml""}, {""accession"": ""0001193125-13-195715"", ""cik"": ""0000800459"", ""evidence_kind"": ""sec_bulk_issuer_name_no_ticker"", ""filed_date"": ""2013-05-02"", ""historical_name"": ""HARMAN INTERNATIONAL INDUSTRIES INC /DE/"", ""sha256"": ""7cc764386ea9cb01d62e1a9f4fac38dc9c741e96886a953ddaad2def4eb489c7"", ""source_url"": ""https://www.sec.gov/files/dera/data/financial-statement-data-sets/2013q2.zip""}, {""accession"": ""0001193125-12-042945"", ""cik"": ""0000800459"", ""evidence_kind"": ""sec_bulk_issuer_name_no_ticker"", ""filed_date"": ""2012-02-07"", ""historical_name"": ""HARMAN INTERNATIONAL INDUSTRIES INC /DE/"", ""sha256"": ""42ed1a5ecac978d4338bd51cd4bc15bf60cc821291eea492f8172fc4e803d5f6"", ""source_url"": ""https://www.sec.gov/files/dera/data/financial-statement-data-sets/2012q1.zip""}, {""evidence_kind"": ""sec_official_name_chain_no_ticker"", ""sha256"": ""efd8b55a3958eb52554477d3d011ecde9c1eaed127fa7310db0d4bb440f2966b"", ""source_url"": ""https://data.sec.gov/submissions/CIK0000800459.json""}]"
HAS,0000046080,2010-01-01,2016-01-01,corroborated_candidate,20,0,20,2010-07-30,2015-11-04,True,False,[],"[{""accession"": ""0000046080-10-000093"", ""cik"": ""0000046080"", ""evidence_kind"": ""sec_bulk_issuer_name_no_ticker"", ""filed_date"": ""2010-07-30"", ""historical_name"": ""HASBRO INC"", ""sha256"": ""52014faf614ca0d7b8040e364f5b3e99f28d5e96b711aa922b490056e2c1d7b5"", ""source_url"": ""https://www.sec.gov/files/dera/data/financial-statement-data-sets/2010q3.zip""}, {""accession"": ""0000046080-13-000076"", ""cik"": ""0000046080"", ""evidence_kind"": ""sec_bulk_issuer_name_no_ticker"", ""filed_date"": ""2013-07-31"", ""historical_name"": ""HASBRO INC"", ""sha256"": ""c9134387b650a9194f14b3f832f16aa1a72255c20a0e0b954001a643933cc849"", ""source_url"": ""https://www.sec.gov/files/dera/data/financial-statement-data-sets/2013q3.zip""}, {""accession"": ""0001193125-12-072846"", ""cik"": ""0000046080"", ""evidence_kind"": ""sec_bulk_issuer_name_no_ticker"", ""filed_date"": ""2012-02-22"", ""historical_name"": ""HASBRO INC"", ""sha256"": ""42ed1a5ecac978d4338bd51cd4bc15bf60cc821291eea492f8172fc4e803d5f6"", ""source_url"": ""https://www.sec.gov/files/dera/data/financial-statement-data-sets/2012q1.zip""}]"
HBAN,0000049196,2010-01-01,2016-01-01,corroborated_candidate,22,0,22,2010-08-09,2015-10-30,True,False,[],"[{""accession"": ""0000950123-10-074986"", ""cik"": ""0000049196"", ""evidence_kind"": ""sec_bulk_issuer_name_no_ticker"", ""filed_date"": ""2010-08-09"", ""historical_name"": ""HUNTINGTON BANCSHARES INC/MD"", ""sha256"": ""52014faf614ca0d7b8040e364f5b3e99f28d5e96b711aa922b490056e2c1d7b5"", ""source_url"": ""https://www.sec.gov/files/dera/data/financial-statement-data-sets/2010q3.zip""}, {""accession"": ""0001193125-13-307251"", ""cik"": ""0000049196"", ""evidence_kind"": ""sec_bulk_issuer_name_no_ticker"", ""filed_date"": ""2013-07-29"", ""historical_name"": ""HUNTINGTON BANCSHARES INC/MD"", ""sha256"": ""c9134387b650a9194f14b3f832f16aa1a72255c20a0e0b954001a643933cc849"", ""source_url"": ""https://www.sec.gov/files/dera/data/financial-statement-data-sets/2013q3.zip""}, {""accession"": ""0001193125-12-067565"", ""cik"": ""0000049196"", ""evidence_kind"": ""sec_bulk_issuer_name_no_ticker"", ""filed_date"": ""2012-02-17"", ""historical_name"": ""HUNTINGTON BANCSHARES INC/MD"", ""sha256"": ""42ed1a5ecac978d4338bd51cd4bc15bf60cc821291eea492f8172fc4e803d5f6"", ""source_url"": ""https://www.sec.gov/files/dera/data/financial-statement-data-sets/2012q1.zip""}]"
HBI,0001359841,2015-03-23,2016-01-01,confirmed_by_multiple_evidence,3,3,3,2015-05-01,2015-10-29,True,False,[],"[{""accession"": ""0001359841-15-000098"", ""cik"": ""0001359841"", ""evidence_kind"": ""sec_dei_ticker"", ""filed_date"": ""2015-05-01"", ""sha256"": ""d2c86aec70996d459707a6698de64f0c29147e1a19f6ead4ce88ba7b1d6b643f"", ""source_url"": ""https://www.sec.gov/Archives/edgar/data/1359841/000135984115000098/hbi-20150404.xml""}, {""accession"": ""0001359841-15-000145"", ""cik"": ""0001359841"", ""evidence_kind"": ""sec_dei_ticker"", ""filed_date"": ""2015-07-31"", ""sha256"": ""841c6e664cb2776e4af01ad2a978d7120d2ca05f8501ea3665cdfae2b3b66218"", ""source_url"": ""https://www.sec.gov/Archives/edgar/data/1359841/000135984115000145/hbi-20150704.xml""}, {""accession"": ""0001359841-15-000164"", ""cik"": ""0001359841"", ""evidence_kind"": ""sec_dei_ticker"", ""filed_date"": ""2015-10-29"", ""sha256"": ""3ba3f0bfeef68e3916a72a68bbf2380df5ca61419c91958912825ae539466bad"", ""source_url"": ""https://www.sec.gov/Archives/edgar/data/1359841/000135984115000164/hbi-20151003.xml""}]"
HCA,0000860730,2015-01-27,2016-01-01,confirmed_by_multiple_evidence,3,3,4,2015-02-26,2015-10-29,False,True,[],"[{""accession"": ""0001193125-15-065975"", ""cik"": ""0000860730"", ""evidence_kind"": ""sec_dei_ticker"", ""filed_date"": ""2015-02-26"", ""sha256"": ""ee68c9ea896304d8df6a2a75d5aa9cbe0e46d76150f2f65748e250c4052dc6b0"", ""source_url"": ""https://www.sec.gov/Archives/edgar/data/860730/000119312515065975/hca-20141231.xml""}, {""accession"": ""0001193125-15-278729"", ""cik"": ""0000860730"", ""evidence_kind"": ""sec_dei_ticker"", ""filed_date"": ""2015-08-05"", ""sha256"": ""6ceb9936c92fd3112d7e0252620a31063f8ebc3e8f8fb564da2b7d9735eade59"", ""source_url"": ""https://www.sec.gov/Archives/edgar/data/860730/000119312515278729/hca-20150630.xml""}, {""accession"": ""0001193125-15-358150"", ""cik"": ""0000860730"", ""evidence_kind"": ""sec_dei_ticker"", ""filed_date"": ""2015-10-29"", ""sha256"": ""89d043ffd12ef000c40be78b6e986387e1a70456353cf8b182ce5be1a7f3605a"", ""source_url"": ""https://www.sec.gov/Archives/edgar/data/860730/000119312515358150/hca-20150930.xml""}, {""evidence_kind"": ""sec_official_name_chain_no_ticker"", ""sha256"": ""3836e31e74b736009c82e82cfb0d09d25d57fea74129acafc335adcb6e2b82f1"", ""source_url"": ""https://data.sec.gov/submissions/CIK0000860730.json""}]"
HCBK,0000921847,2010-01-01,2015-11-02,confirmed_by_multiple_evidence,2,2,23,2010-02-26,2015-08-07,True,False,[],"[{""accession"": ""0001193125-12-462332"", ""cik"": ""0000921847"", ""evidence_kind"": ""sec_dei_ticker"", ""filed_date"": ""2012-11-09"", ""sha256"": ""556ca7a4709825f2cb6e704ae6b27de9e5c34d9fb55b228b600d1f0021e27b49"", ""source_url"": ""https://www.sec.gov/Archives/edgar/data/921847/000119312512462332/hcbk-20120930.xml""}, {""accession"": ""0001193125-15-282183"", ""cik"": ""0000921847"", ""evidence_kind"": ""sec_dei_ticker"", ""filed_date"": ""2015-08-07"", ""sha256"": ""9a5bf7624d0ebcb524573e8e51a69eea52b7015480c5e3a0ca1f4854a7b9c10c"", ""source_url"": ""https://www.sec.gov/Archives/edgar/data/921847/000119312515282183/hcbk-20150630.xml""}, {""accession"": ""0000950123-10-018122"", ""cik"": ""0000921847"", ""evidence_kind"": ""sec_bulk_issuer_name_no_ticker"", ""filed_date"": ""2010-02-26"", ""historical_name"": ""HUDSON CITY BANCORP INC"", ""sha256"": ""2a4db2340ab1662d5135d7e17be1a58352c5959017350f0ef2174135f9996125"", ""source_url"": ""https://www.sec.gov/files/dera/data/financial-statement-data-sets/2010q1.zip""}, {""accession"": ""0001193125-13-083747"", ""cik"": ""0000921847"", ""evidence_kind"": ""sec_bulk_issuer_name_no_ticker"", ""filed_date"": ""2013-02-28"", ""historical_name"": ""HUDSON CITY BANCORP INC"", ""sha256"": ""329f4e3e40c0351001037ad1dea3fd28c07100f6f6d6d64d5998ea01b060a790"", ""source_url"": ""https://www.sec.gov/files/dera/data/financial-statement-data-sets/2013q1.zip""}, {""accession"": ""0001193125-12-084872"", ""cik"": ""0000921847"", ""evidence_kind"": ""sec_bulk_issuer_name_no_ticker"", ""filed_date"": ""2012-02-28"", ""historical_name"": ""HUDSON CITY BANCORP INC"", ""sha256"": ""42ed1a5ecac978d4338bd51cd4bc15bf60cc821291eea492f8172fc4e803d5f6"", ""source_url"": ""https://www.sec.gov/files/dera/data/financial-statement-data-sets/2012q1.zip""}]"
HCP,0000765880,2010-01-01,2016-01-01,corroborated_candidate,24,0,24,2010-02-12,2015-11-03,True,False,[],"[{""accession"": ""0001047469-10-000766"", ""cik"": ""0000765880"", ""evidence_kind"": ""sec_bulk_issuer_name_no_ticker"", ""filed_date"": ""2010-02-12"", ""historical_name"": ""HCP, INC."", ""sha256"": ""2a4db2340ab1662d5135d7e17be1a58352c5959017350f0ef2174135f9996125"", ""source_url"": ""https://www.sec.gov/files/dera/data/financial-statement-data-sets/2010q1.zip""}, {""accession"": ""0001104659-13-036287"", ""cik"": ""0000765880"", ""evidence_kind"": ""sec_bulk_issuer_name_no_ticker"", ""filed_date"": ""2013-05-02"", ""historical_name"": ""HCP, INC."", ""sha256"": ""7cc764386ea9cb01d62e1a9f4fac38dc9c741e96886a953ddaad2def4eb489c7"", ""source_url"": ""https://www.sec.gov/files/dera/data/financial-statement-data-sets/2013q2.zip""}, {""accession"": ""0001047469-12-000940"", ""cik"": ""0000765880"", ""evidence_kind"": ""sec_bulk_issuer_name_no_ticker"", ""filed_date"": ""2012-02-14"", ""historical_name"": ""HCP, INC."", ""sha256"": ""42ed1a5ecac978d4338bd51cd4bc15bf60cc821291eea492f8172fc4e803d5f6"", ""source_url"": ""https://www.sec.gov/files/dera/data/financial-statement-data-sets/2012q1.zip""}]"
HD,0000354950,2010-01-01,2016-01-01,confirmed_by_multiple_evidence,2,2,24,2010-03-25,2015-11-24,True,False,[],"[{""accession"": ""0000354950-13-000008"", ""cik"": ""0000354950"", ""evidence_kind"": ""sec_dei_ticker"", ""filed_date"": ""2013-03-28"", ""sha256"": ""6e3682f43110f816dcfb04c2018f60ce2f375954fe94ccd5ae16e498902d8f80"", ""source_url"": ""https://www.sec.gov/Archives/edgar/data/354950/000035495013000008/hd-20130203.xml""}, {""accession"": ""0001193125-10-067178"", ""cik"": ""0000354950"", ""evidence_kind"": ""sec_dei_ticker"", ""filed_date"": ""2010-03-25"", ""sha256"": ""63911f7d74cb486721c63ce3442db9e6f5b8bdf71eeb66e0ea6f9e19b7c46030"", ""source_url"": ""https://www.sec.gov/Archives/edgar/data/354950/000119312510067178/hd-20100131.xml""}, {""accession"": ""0000354950-13-000015"", ""cik"": ""0000354950"", ""evidence_kind"": ""sec_bulk_issuer_name_no_ticker"", ""filed_date"": ""2013-05-29"", ""historical_name"": ""HOME DEPOT INC"", ""sha256"": ""7cc764386ea9cb01d62e1a9f4fac38dc9c741e96886a953ddaad2def4eb489c7"", ""source_url"": ""https://www.sec.gov/files/dera/data/financial-statement-data-sets/2013q2.zip""}, {""accession"": ""0000354950-12-000003"", ""cik"": ""0000354950"", ""evidence_kind"": ""sec_bulk_issuer_name_no_ticker"", ""filed_date"": ""2012-03-22"", ""historical_name"": ""HOME DEPOT INC"", ""sha256"": ""42ed1a5ecac978d4338bd51cd4bc15bf60cc821291eea492f8172fc4e803d5f6"", ""source_url"": ""https://www.sec.gov/files/dera/data/financial-statement-data-sets/2012q1.zip""}]"
HES,0000004447,2010-01-01,2016-01-01,confirmed_by_multiple_evidence,2,2,24,2010-02-26,2015-11-05,True,False,[],"[{""accession"": ""0001193125-13-084779"", ""cik"": ""0000004447"", ""evidence_kind"": ""sec_dei_ticker"", ""filed_date"": ""2013-02-28"", ""sha256"": ""c3f80899d5bbaa27e6c1215cba0b6c6930b6cbe1ab70d6c10827248230c81052"", ""source_url"": ""https://www.sec.gov/Archives/edgar/data/4447/000119312513084779/hes-20121231.xml""}, {""accession"": ""0001564590-15-009662"", ""cik"": ""0000004447"", ""evidence_kind"": ""sec_dei_ticker"", ""filed_date"": ""2015-11-05"", ""sha256"": ""3033b73b68d9dc903857ec519cc0f01ae653b65c602312c100c2398cd0e8475d"", ""source_url"": ""https://www.sec.gov/Archives/edgar/data/4447/000156459015009662/hes-20150930.xml""}, {""accession"": ""0000950123-10-018336"", ""cik"": ""0000004447"", ""evidence_kind"": ""sec_bulk_issuer_name_no_ticker"", ""filed_date"": ""2010-02-26"", ""historical_name"": ""HESS CORP"", ""sha256"": ""2a4db2340ab1662d5135d7e17be1a58352c5959017350f0ef2174135f9996125"", ""source_url"": ""https://www.sec.gov/files/dera/data/financial-statement-data-sets/2010q1.zip""}, {""accession"": ""0001193125-13-210974"", ""cik"": ""0000004447"", ""evidence_kind"": ""sec_bulk_issuer_name_no_ticker"", ""filed_date"": ""2013-05-09"", ""historical_name"": ""HESS CORP"", ""sha256"": ""7cc764386ea9cb01d62e1a9f4fac38dc9c741e96886a953ddaad2def4eb489c7"", ""source_url"": ""https://www.sec.gov/files/dera/data/financial-statement-data-sets/2013q2.zip""}, {""accession"": ""0001193125-12-081827"", ""cik"": ""0000004447"", ""evidence_kind"": ""sec_bulk_issuer_name_no_ticker"", ""filed_date"": ""2012-02-27"", ""historical_name"": ""HESS CORP"", ""sha256"": ""42ed1a5ecac978d4338bd51cd4bc15bf60cc821291eea492f8172fc4e803d5f6"", ""source_url"": ""https://www.sec.gov/files/dera/data/financial-statement-data-sets/2012q1.zip""}]"
HIG,0000874766,2010-01-01,2016-01-01,corroborated_candidate,23,0,23,2010-02-23,2015-10-26,True,False,[],"[{""accession"": ""0000950123-10-015756"", ""cik"": ""0000874766"", ""evidence_kind"": ""sec_bulk_issuer_name_no_ticker"", ""filed_date"": ""2010-02-23"", ""historical_name"": ""HARTFORD FINANCIAL SERVICES GROUP INC/DE"", ""sha256"": ""2a4db2340ab1662d5135d7e17be1a58352c5959017350f0ef2174135f9996125"", ""source_url"": ""https://www.sec.gov/files/dera/data/financial-statement-data-sets/2010q1.zip""}, {""accession"": ""0000874766-13-000035"", ""cik"": ""0000874766"", ""evidence_kind"": ""sec_bulk_issuer_name_no_ticker"", ""filed_date"": ""2013-04-29"", ""historical_name"": ""HARTFORD FINANCIAL SERVICES GROUP INC/DE"", ""sha256"": ""7cc764386ea9cb01d62e1a9f4fac38dc9c741e96886a953ddaad2def4eb489c7"", ""source_url"": ""https://www.sec.gov/files/dera/data/financial-statement-data-sets/2013q2.zip""}, {""accession"": ""0000950123-12-003120"", ""cik"": ""0000874766"", ""evidence_kind"": ""sec_bulk_issuer_name_no_ticker"", ""filed_date"": ""2012-02-24"", ""historical_name"": ""HARTFORD FINANCIAL SERVICES GROUP INC/DE"", ""sha256"": ""42ed1a5ecac978d4338bd51cd4bc15bf60cc821291eea492f8172fc4e803d5f6"", ""source_url"": ""https://www.sec.gov/files/dera/data/financial-statement-data-sets/2012q1.zip""}]"
HNZ,0000046640,2010-01-01,2013-06-06,corroborated_candidate,13,0,13,2010-02-25,2013-02-21,True,False,[],"[{""accession"": ""0000950123-10-016994"", ""cik"": ""0000046640"", ""evidence_kind"": ""sec_bulk_issuer_name_no_ticker"", ""filed_date"": ""2010-02-25"", ""historical_name"": ""HEINZ H J CO"", ""sha256"": ""2a4db2340ab1662d5135d7e17be1a58352c5959017350f0ef2174135f9996125"", ""source_url"": ""https://www.sec.gov/files/dera/data/financial-statement-data-sets/2010q1.zip""}, {""accession"": ""0000950123-11-080383"", ""cik"": ""0000046640"", ""evidence_kind"": ""sec_bulk_issuer_name_no_ticker"", ""filed_date"": ""2011-08-26"", ""historical_name"": ""HEINZ H J CO"", ""sha256"": ""43b9beb243c6686a29df5cf817ed2cb3a7c86a7398bbc56e2fb4d0cf4784ac28"", ""source_url"": ""https://www.sec.gov/files/dera/data/financial-statement-data-sets/2011q3.zip""}, {""accession"": ""0000046640-12-000006"", ""cik"": ""0000046640"", ""evidence_kind"": ""sec_bulk_issuer_name_no_ticker"", ""filed_date"": ""2012-02-21"", ""historical_name"": ""HEINZ H J CO"", ""sha256"": ""42ed1a5ecac978d4338bd51cd4bc15bf60cc821291eea492f8172fc4e803d5f6"", ""source_url"": ""https://www.sec.gov/files/dera/data/financial-statement-data-sets/2012q1.zip""}]"
HOG,0000793952,2010-01-01,2016-01-01,corroborated_candidate,24,1,24,2010-02-23,2015-11-05,True,False,[],"[{""accession"": ""0001193125-10-037160"", ""cik"": ""0000793952"", ""evidence_kind"": ""sec_dei_ticker"", ""filed_date"": ""2010-02-23"", ""sha256"": ""a1ee883eb0a3f51a6cfb075605a3ea80afc7badafa3c0962cb929b626c30283b"", ""source_url"": ""https://www.sec.gov/Archives/edgar/data/793952/000119312510037160/hog-20091231.xml""}, {""accession"": ""0000793952-13-000012"", ""cik"": ""0000793952"", ""evidence_kind"": ""sec_bulk_issuer_name_no_ticker"", ""filed_date"": ""2013-05-09"", ""historical_name"": ""HARLEY DAVIDSON INC"", ""sha256"": ""7cc764386ea9cb01d62e1a9f4fac38dc9c741e96886a953ddaad2def4eb489c7"", ""source_url"": ""https://www.sec.gov/files/dera/data/financial-statement-data-sets/2013q2.zip""}, {""accession"": ""0001193125-12-074944"", ""cik"": ""0000793952"", ""evidence_kind"": ""sec_bulk_issuer_name_no_ticker"", ""filed_date"": ""2012-02-23"", ""historical_name"": ""HARLEY DAVIDSON INC"", ""sha256"": ""42ed1a5ecac978d4338bd51cd4bc15bf60cc821291eea492f8172fc4e803d5f6"", ""source_url"": ""https://www.sec.gov/files/dera/data/financial-statement-data-sets/2012q1.zip""}]"
HON,0000773840,2010-01-01,2016-01-01,corroborated_candidate,23,0,23,2010-02-12,2015-10-16,True,True,[],"[{""accession"": ""0000930413-10-000784"", ""cik"": ""0000773840"", ""evidence_kind"": ""sec_bulk_issuer_name_no_ticker"", ""filed_date"": ""2010-02-12"", ""historical_name"": ""HONEYWELL INTERNATIONAL INC"", ""sha256"": ""2a4db2340ab1662d5135d7e17be1a58352c5959017350f0ef2174135f9996125"", ""source_url"": ""https://www.sec.gov/files/dera/data/financial-statement-data-sets/2010q1.zip""}, {""accession"": ""0000930413-13-002334"", ""cik"": ""0000773840"", ""evidence_kind"": ""sec_bulk_issuer_name_no_ticker"", ""filed_date"": ""2013-04-19"", ""historical_name"": ""HONEYWELL INTERNATIONAL INC"", ""sha256"": ""7cc764386ea9cb01d62e1a9f4fac38dc9c741e96886a953ddaad2def4eb489c7"", ""source_url"": ""https://www.sec.gov/files/dera/data/financial-statement-data-sets/2013q2.zip""}, {""accession"": ""0000930413-12-000976"", ""cik"": ""0000773840"", ""evidence_kind"": ""sec_bulk_issuer_name_no_ticker"", ""filed_date"": ""2012-02-17"", ""historical_name"": ""HONEYWELL INTERNATIONAL INC"", ""sha256"": ""42ed1a5ecac978d4338bd51cd4bc15bf60cc821291eea492f8172fc4e803d5f6"", ""source_url"": ""https://www.sec.gov/files/dera/data/financial-statement-data-sets/2012q1.zip""}, {""evidence_kind"": ""sec_official_name_chain_no_ticker"", ""sha256"": ""bb969eb537f64a604dd1b7f428333c918d0b4454930d59511feb3cfa2167705b"", ""source_url"": ""https://data.sec.gov/submissions/CIK0000773840.json""}]"
HOT,0000316206,2010-01-01,2016-01-01,confirmed_by_multiple_evidence,2,2,22,2010-02-25,2015-10-29,True,True,[],"[{""accession"": ""0001193125-13-187906"", ""cik"": ""0000316206"", ""evidence_kind"": ""sec_dei_ticker"", ""filed_date"": ""2013-04-30"", ""sha256"": ""e7f50d2f6718a0be95b7821b62d66b6e6f7dc852237c75a118b9c36d88d9f402"", ""source_url"": ""https://www.sec.gov/Archives/edgar/data/316206/000119312513187906/hot-20130331.xml""}, {""accession"": ""0001564590-15-008792"", ""cik"": ""0000316206"", ""evidence_kind"": ""sec_dei_ticker"", ""filed_date"": ""2015-10-29"", ""sha256"": ""c9185d63001bfdc4f012d5ae4f2d2fbd2e43415e3c2d017f1a4cfc0fae0da0f9"", ""source_url"": ""https://www.sec.gov/Archives/edgar/data/316206/000156459015008792/hot-20150930.xml""}, {""accession"": ""0000950123-10-017170"", ""cik"": ""0000316206"", ""evidence_kind"": ""sec_bulk_issuer_name_no_ticker"", ""filed_date"": ""2010-02-25"", ""historical_name"": ""STARWOOD HOTEL & RESORTS WORLDWIDE INC"", ""sha256"": ""2a4db2340ab1662d5135d7e17be1a58352c5959017350f0ef2174135f9996125"", ""source_url"": ""https://www.sec.gov/files/dera/data/financial-statement-data-sets/2010q1.zip""}, {""accession"": ""0001193125-13-302879"", ""cik"": ""0000316206"", ""evidence_kind"": ""sec_bulk_issuer_name_no_ticker"", ""filed_date"": ""2013-07-25"", ""historical_name"": ""STARWOOD HOTEL & RESORTS WORLDWIDE, INC"", ""sha256"": ""c9134387b650a9194f14b3f832f16aa1a72255c20a0e0b954001a643933cc849"", ""source_url"": ""https://www.sec.gov/files/dera/data/financial-statement-data-sets/2013q3.zip""}, {""accession"": ""0001193125-12-068071"", ""cik"": ""0000316206"", ""evidence_kind"": ""sec_bulk_issuer_name_no_ticker"", ""filed_date"": ""2012-02-21"", ""historical_name"": ""STARWOOD HOTEL & RESORTS WORLDWIDE, INC"", ""sha256"": ""42ed1a5ecac978d4338bd51cd4bc15bf60cc821291eea492f8172fc4e803d5f6"", ""source_url"": ""https://www.sec.gov/files/dera/data/financial-statement-data-sets/2012q1.zip""}, {""evidence_kind"": ""sec_official_name_chain_no_ticker"", ""sha256"": ""89aadccb444dbe1af85d1d636b75fedd018b8d85e130cab012c4aafb20215a6e"", ""source_url"": ""https://data.sec.gov/submissions/CIK0000316206.json""}]"
HP,0000046765,2010-03-01,2016-01-01,corroborated_candidate,23,0,23,2010-05-05,2015-11-25,True,False,[],"[{""accession"": ""0001104659-10-025627"", ""cik"": ""0000046765"", ""evidence_kind"": ""sec_bulk_issuer_name_no_ticker"", ""filed_date"": ""2010-05-05"", ""historical_name"": ""HELMERICH & PAYNE INC"", ""sha256"": ""25f416b020fd3e62a67dbf8c6522c9f239e716099b61cf5d05a59a91ffdef1f1"", ""source_url"": ""https://www.sec.gov/files/dera/data/financial-statement-data-sets/2010q2.zip""}, {""accession"": ""0001104659-13-036837"", ""cik"": ""0000046765"", ""evidence_kind"": ""sec_bulk_issuer_name_no_ticker"", ""filed_date"": ""2013-05-03"", ""historical_name"": ""HELMERICH & PAYNE INC"", ""sha256"": ""7cc764386ea9cb01d62e1a9f4fac38dc9c741e96886a953ddaad2def4eb489c7"", ""source_url"": ""https://www.sec.gov/files/dera/data/financial-statement-data-sets/2013q2.zip""}, {""accession"": ""0001104659-12-007195"", ""cik"": ""0000046765"", ""evidence_kind"": ""sec_bulk_issuer_name_no_ticker"", ""filed_date"": ""2012-02-07"", ""historical_name"": ""HELMERICH & PAYNE INC"", ""sha256"": ""42ed1a5ecac978d4338bd51cd4bc15bf60cc821291eea492f8172fc4e803d5f6"", ""source_url"": ""https://www.sec.gov/files/dera/data/financial-statement-data-sets/2012q1.zip""}]"
HPE,0001645590,2015-11-02,2016-01-01,unresolved,1,0,1,2015-12-17,2015-12-17,True,False,[],"[{""accession"": ""0001047469-15-009279"", ""cik"": ""0001645590"", ""evidence_kind"": ""sec_bulk_issuer_name_no_ticker"", ""filed_date"": ""2015-12-17"", ""historical_name"": ""HEWLETT PACKARD ENTERPRISE CO"", ""sha256"": ""1723b41ef2a1d3ea6595f6052ef229a80e03cd183391ca9e297a894f9e589d83"", ""source_url"": ""https://www.sec.gov/files/dera/data/financial-statement-data-sets/2015q4.zip""}]"
HPQ,0000047217,2010-01-01,2016-01-01,corroborated_candidate,24,0,24,2010-03-11,2015-12-16,True,False,[],"[{""accession"": ""0001047469-10-002073"", ""cik"": ""0000047217"", ""evidence_kind"": ""sec_bulk_issuer_name_no_ticker"", ""filed_date"": ""2010-03-11"", ""historical_name"": ""HEWLETT PACKARD CO"", ""sha256"": ""2a4db2340ab1662d5135d7e17be1a58352c5959017350f0ef2174135f9996125"", ""source_url"": ""https://www.sec.gov/files/dera/data/financial-statement-data-sets/2010q1.zip""}, {""accession"": ""0001047469-13-006802"", ""cik"": ""0000047217"", ""evidence_kind"": ""sec_bulk_issuer_name_no_ticker"", ""filed_date"": ""2013-06-06"", ""historical_name"": ""HEWLETT PACKARD CO"", ""sha256"": ""7cc764386ea9cb01d62e1a9f4fac38dc9c741e96886a953ddaad2def4eb489c7"", ""source_url"": ""https://www.sec.gov/files/dera/data/financial-statement-data-sets/2013q2.zip""}, {""accession"": ""0001047469-12-002476"", ""cik"": ""0000047217"", ""evidence_kind"": ""sec_bulk_issuer_name_no_ticker"", ""filed_date"": ""2012-03-12"", ""historical_name"": ""HEWLETT PACKARD CO"", ""sha256"": ""42ed1a5ecac978d4338bd51cd4bc15bf60cc821291eea492f8172fc4e803d5f6"", ""source_url"": ""https://www.sec.gov/files/dera/data/financial-statement-data-sets/2012q1.zip""}]"
HRB,0000012659,2010-01-01,2016-01-01,corroborated_candidate,23,0,23,2010-03-08,2015-12-09,True,False,[],"[{""accession"": ""0000950123-10-022156"", ""cik"": ""0000012659"", ""evidence_kind"": ""sec_bulk_issuer_name_no_ticker"", ""filed_date"": ""2010-03-08"", ""historical_name"": ""H&R BLOCK INC"", ""sha256"": ""2a4db2340ab1662d5135d7e17be1a58352c5959017350f0ef2174135f9996125"", ""source_url"": ""https://www.sec.gov/files/dera/data/financial-statement-data-sets/2010q1.zip""}, {""accession"": ""0001574842-13-000010"", ""cik"": ""0000012659"", ""evidence_kind"": ""sec_bulk_issuer_name_no_ticker"", ""filed_date"": ""2013-06-26"", ""historical_name"": ""H&R BLOCK INC"", ""sha256"": ""7cc764386ea9cb01d62e1a9f4fac38dc9c741e96886a953ddaad2def4eb489c7"", ""source_url"": ""https://www.sec.gov/files/dera/data/financial-statement-data-sets/2013q2.zip""}, {""accession"": ""0001193125-12-101417"", ""cik"": ""0000012659"", ""evidence_kind"": ""sec_bulk_issuer_name_no_ticker"", ""filed_date"": ""2012-03-07"", ""historical_name"": ""H&R BLOCK INC"", ""sha256"": ""42ed1a5ecac978d4338bd51cd4bc15bf60cc821291eea492f8172fc4e803d5f6"", ""source_url"": ""https://www.sec.gov/files/dera/data/financial-statement-data-sets/2012q1.zip""}]"
HRL,0000048465,2010-01-01,2016-01-01,corroborated_candidate,22,0,22,2010-09-03,2015-12-16,True,False,[],"[{""accession"": ""0001104659-10-047204"", ""cik"": ""0000048465"", ""evidence_kind"": ""sec_bulk_issuer_name_no_ticker"", ""filed_date"": ""2010-09-03"", ""historical_name"": ""HORMEL FOODS CORP /DE/"", ""sha256"": ""52014faf614ca0d7b8040e364f5b3e99f28d5e96b711aa922b490056e2c1d7b5"", ""source_url"": ""https://www.sec.gov/files/dera/data/financial-statement-data-sets/2010q3.zip""}, {""accession"": ""0001104659-13-068325"", ""cik"": ""0000048465"", ""evidence_kind"": ""sec_bulk_issuer_name_no_ticker"", ""filed_date"": ""2013-09-06"", ""historical_name"": ""HORMEL FOODS CORP /DE/"", ""sha256"": ""c9134387b650a9194f14b3f832f16aa1a72255c20a0e0b954001a643933cc849"", ""source_url"": ""https://www.sec.gov/files/dera/data/financial-statement-data-sets/2013q3.zip""}, {""accession"": ""0001104659-12-017006"", ""cik"": ""0000048465"", ""evidence_kind"": ""sec_bulk_issuer_name_no_ticker"", ""filed_date"": ""2012-03-09"", ""historical_name"": ""HORMEL FOODS CORP /DE/"", ""sha256"": ""42ed1a5ecac978d4338bd51cd4bc15bf60cc821291eea492f8172fc4e803d5f6"", ""source_url"": ""https://www.sec.gov/files/dera/data/financial-statement-data-sets/2012q1.zip""}]"
HRS,0000202058,2010-01-01,2016-01-01,corroborated_candidate,24,1,24,2010-01-28,2015-11-06,True,False,[],"[{""accession"": ""0001193125-15-370424"", ""cik"": ""0000202058"", ""evidence_kind"": ""sec_dei_ticker"", ""filed_date"": ""2015-11-06"", ""sha256"": ""0b443c4290cb86e752b779f4b935add317b9542dc1aefad212b3f702b3ff0f8f"", ""source_url"": ""https://www.sec.gov/Archives/edgar/data/202058/000119312515370424/hrs-20151002.xml""}, {""accession"": ""0000950123-10-006167"", ""cik"": ""0000202058"", ""evidence_kind"": ""sec_bulk_issuer_name_no_ticker"", ""filed_date"": ""2010-01-28"", ""historical_name"": ""HARRIS CORP /DE/"", ""sha256"": ""2a4db2340ab1662d5135d7e17be1a58352c5959017350f0ef2174135f9996125"", ""source_url"": ""https://www.sec.gov/files/dera/data/financial-statement-data-sets/2010q1.zip""}, {""accession"": ""0001193125-13-192854"", ""cik"": ""0000202058"", ""evidence_kind"": ""sec_bulk_issuer_name_no_ticker"", ""filed_date"": ""2013-05-01"", ""historical_name"": ""HARRIS CORP /DE/"", ""sha256"": ""7cc764386ea9cb01d62e1a9f4fac38dc9c741e96886a953ddaad2def4eb489c7"", ""source_url"": ""https://www.sec.gov/files/dera/data/financial-statement-data-sets/2013q2.zip""}, {""accession"": ""0001193125-12-034293"", ""cik"": ""0000202058"", ""evidence_kind"": ""sec_bulk_issuer_name_no_ticker"", ""filed_date"": ""2012-02-01"", ""historical_name"": ""HARRIS CORP /DE/"", ""sha256"": ""42ed1a5ecac978d4338bd51cd4bc15bf60cc821291eea492f8172fc4e803d5f6"", ""source_url"": ""https://www.sec.gov/files/dera/data/financial-statement-data-sets/2012q1.zip""}]"
HSIC,0001000228,2015-03-18,2016-01-01,confirmed_by_multiple_evidence,3,3,3,2015-05-04,2015-11-04,True,False,[],"[{""accession"": ""0001000228-15-000017"", ""cik"": ""0001000228"", ""evidence_kind"": ""sec_dei_ticker"", ""filed_date"": ""2015-05-04"", ""sha256"": ""e7625242153dfbaaf036f41e4b47bf926b3fe38e5f987fd1925ca62dbf99bb07"", ""source_url"": ""https://www.sec.gov/Archives/edgar/data/1000228/000100022815000017/hsic-20150328.xml""}, {""accession"": ""0001000228-15-000029"", ""cik"": ""0001000228"", ""evidence_kind"": ""sec_dei_ticker"", ""filed_date"": ""2015-07-29"", ""sha256"": ""974723299491f4e5462431dfd0593841b8144fbc0b092cfff973c3c97083f1ff"", ""source_url"": ""https://www.sec.gov/Archives/edgar/data/1000228/000100022815000029/hsic-20150627.xml""}, {""accession"": ""0001000228-15-000035"", ""cik"": ""0001000228"", ""evidence_kind"": ""sec_dei_ticker"", ""filed_date"": ""2015-11-04"", ""sha256"": ""096ec3d3b47523b53af3dc2100cab008e8b7a112029a382e74782ed6652bcedd"", ""source_url"": ""https://www.sec.gov/Archives/edgar/data/1000228/000100022815000035/hsic-20150926.xml""}]"
HSP,0001274057,2010-01-01,2015-09-02,corroborated_candidate,23,0,23,2010-02-18,2015-07-29,True,False,[],"[{""accession"": ""0001047469-10-000976"", ""cik"": ""0001274057"", ""evidence_kind"": ""sec_bulk_issuer_name_no_ticker"", ""filed_date"": ""2010-02-18"", ""historical_name"": ""HOSPIRA INC"", ""sha256"": ""2a4db2340ab1662d5135d7e17be1a58352c5959017350f0ef2174135f9996125"", ""source_url"": ""https://www.sec.gov/files/dera/data/financial-statement-data-sets/2010q1.zip""}, {""accession"": ""0001274057-13-000006"", ""cik"": ""0001274057"", ""evidence_kind"": ""sec_bulk_issuer_name_no_ticker"", ""filed_date"": ""2013-02-13"", ""historical_name"": ""HOSPIRA INC"", ""sha256"": ""329f4e3e40c0351001037ad1dea3fd28c07100f6f6d6d64d5998ea01b060a790"", ""source_url"": ""https://www.sec.gov/files/dera/data/financial-statement-data-sets/2013q1.zip""}, {""accession"": ""0001047469-12-000943"", ""cik"": ""0001274057"", ""evidence_kind"": ""sec_bulk_issuer_name_no_ticker"", ""filed_date"": ""2012-02-14"", ""historical_name"": ""HOSPIRA INC"", ""sha256"": ""42ed1a5ecac978d4338bd51cd4bc15bf60cc821291eea492f8172fc4e803d5f6"", ""source_url"": ""https://www.sec.gov/files/dera/data/financial-statement-data-sets/2012q1.zip""}]"
HST,0001070750,2010-01-01,2016-01-01,confirmed_by_multiple_evidence,5,5,24,2010-03-01,2015-10-30,True,False,[],"[{""accession"": ""0001193125-10-044002"", ""cik"": ""0001070750"", ""evidence_kind"": ""sec_dei_ticker"", ""filed_date"": ""2010-03-01"", ""sha256"": ""6988eaf79c798fa3e793fcee06938a475acdc86190006275ece5de1b129a7c31"", ""source_url"": ""https://www.sec.gov/Archives/edgar/data/1070750/000119312510044002/hst-20091231.xml""}, {""accession"": ""0001193125-12-310543"", ""cik"": ""0001070750"", ""evidence_kind"": ""sec_dei_ticker"", ""filed_date"": ""2012-07-23"", ""sha256"": ""993fe9194cb38869d78e245cc4084f3adb8eefc1e251ac49202b28b4894b8e83"", ""source_url"": ""https://www.sec.gov/Archives/edgar/data/1070750/000119312512310543/hst-20120615.xml""}, {""accession"": ""0001193125-13-073292"", ""cik"": ""0001070750"", ""evidence_kind"": ""sec_dei_ticker"", ""filed_date"": ""2013-02-25"", ""sha256"": ""e1db3c062649a63ae4fd826af4a502ad5f0728d53346c76bd40c6dfaea9051a7"", ""source_url"": ""https://www.sec.gov/Archives/edgar/data/1070750/000119312513073292/hst-20121231.xml""}, {""accession"": ""0001564590-13-000201"", ""cik"": ""0001070750"", ""evidence_kind"": ""sec_dei_ticker"", ""filed_date"": ""2013-08-06"", ""sha256"": ""e297695b5f190d77c3e543e8ab8c8ff0befa4abd8708e8e049c9cfcba2523536"", ""source_url"": ""https://www.sec.gov/Archives/edgar/data/1070750/000156459013000201/hst-20130630.xml""}, {""accession"": ""0001564590-15-008963"", ""cik"": ""0001070750"", ""evidence_kind"": ""sec_dei_ticker"", ""filed_date"": ""2015-10-30"", ""sha256"": ""e1cd6b04970532a7c2c3de522553e26ecf7ccfaba9de9a72aee5680834868c0f"", ""source_url"": ""https://www.sec.gov/Archives/edgar/data/1070750/000156459015008963/hst-20150930.xml""}, {""accession"": ""0001193125-13-204733"", ""cik"": ""0001070750"", ""evidence_kind"": ""sec_bulk_issuer_name_no_ticker"", ""filed_date"": ""2013-05-07"", ""historical_name"": ""HOST HOTELS & RESORTS, INC."", ""sha256"": ""7cc764386ea9cb01d62e1a9f4fac38dc9c741e96886a953ddaad2def4eb489c7"", ""source_url"": ""https://www.sec.gov/files/dera/data/financial-statement-data-sets/2013q2.zip""}, {""accession"": ""0001193125-12-072499"", ""cik"": ""0001070750"", ""evidence_kind"": ""sec_bulk_issuer_name_no_ticker"", ""filed_date"": ""2012-02-22"", ""historical_name"": ""HOST HOTELS & RESORTS, INC."", ""sha256"": ""42ed1a5ecac978d4338bd51cd4bc15bf60cc821291eea492f8172fc4e803d5f6"", ""source_url"": ""https://www.sec.gov/files/dera/data/financial-statement-data-sets/2012q1.zip""}]"
HSY,0000047111,2010-01-01,2016-01-01,corroborated_candidate,24,0,24,2010-02-19,2015-10-30,True,False,[],"[{""accession"": ""0001193125-10-034780"", ""cik"": ""0000047111"", ""evidence_kind"": ""sec_bulk_issuer_name_no_ticker"", ""filed_date"": ""2010-02-19"", ""historical_name"": ""HERSHEY CO"", ""sha256"": ""2a4db2340ab1662d5135d7e17be1a58352c5959017350f0ef2174135f9996125"", ""source_url"": ""https://www.sec.gov/files/dera/data/financial-statement-data-sets/2010q1.zip""}, {""accession"": ""0000047111-13-000019"", ""cik"": ""0000047111"", ""evidence_kind"": ""sec_bulk_issuer_name_no_ticker"", ""filed_date"": ""2013-05-08"", ""historical_name"": ""HERSHEY CO"", ""sha256"": ""7cc764386ea9cb01d62e1a9f4fac38dc9c741e96886a953ddaad2def4eb489c7"", ""source_url"": ""https://www.sec.gov/files/dera/data/financial-statement-data-sets/2013q2.zip""}, {""accession"": ""0001193125-12-067143"", ""cik"": ""0000047111"", ""evidence_kind"": ""sec_bulk_issuer_name_no_ticker"", ""filed_date"": ""2012-02-17"", ""historical_name"": ""HERSHEY CO"", ""sha256"": ""42ed1a5ecac978d4338bd51cd4bc15bf60cc821291eea492f8172fc4e803d5f6"", ""source_url"": ""https://www.sec.gov/files/dera/data/financial-statement-data-sets/2012q1.zip""}]"
HUM,0000049071,2012-12-10,2016-01-01,confirmed_by_multiple_evidence,3,3,12,2013-02-22,2015-11-06,True,False,[],"[{""accession"": ""0000049071-15-000098"", ""cik"": ""0000049071"", ""evidence_kind"": ""sec_dei_ticker"", ""filed_date"": ""2015-11-06"", ""sha256"": ""1736d3a98be79d8605c36616cc942bf2bd9a17a3a1fa78f45323da7385759894"", ""source_url"": ""https://www.sec.gov/Archives/edgar/data/49071/000004907115000098/hum-20150930.xml""}, {""accession"": ""0001193125-13-069911"", ""cik"": ""0000049071"", ""evidence_kind"": ""sec_dei_ticker"", ""filed_date"": ""2013-02-22"", ""sha256"": ""78ab994c7754ed88ef6b13c5684dad364df3b6fa01d6eb53cef48bfaaa2b0a32"", ""source_url"": ""https://www.sec.gov/Archives/edgar/data/49071/000119312513069911/hum-20121231.xml""}, {""accession"": ""0001193125-14-287100"", ""cik"": ""0000049071"", ""evidence_kind"": ""sec_dei_ticker"", ""filed_date"": ""2014-07-30"", ""sha256"": ""3b4eb6919c787e24d14ae9126977ee43e40b24eab1b90b1eb96a42f7c0ca0769"", ""source_url"": ""https://www.sec.gov/Archives/edgar/data/49071/000119312514287100/hum-20140630.xml""}]"
IBM,0000051143,2010-01-01,2016-01-01,corroborated_candidate,24,1,24,2010-02-23,2015-10-27,True,True,[],"[{""accession"": ""0000051143-15-000009"", ""cik"": ""0000051143"", ""evidence_kind"": ""sec_dei_ticker"", ""filed_date"": ""2015-10-27"", ""sha256"": ""f17e09922c9017ed31485107d010cf26efa116bfb5fd2bfcd566ed4d7bc2358c"", ""source_url"": ""https://www.sec.gov/Archives/edgar/data/51143/000005114315000009/ibm-20150930.xml""}, {""accession"": ""0001047469-10-001151"", ""cik"": ""0000051143"", ""evidence_kind"": ""sec_bulk_issuer_name_no_ticker"", ""filed_date"": ""2010-02-23"", ""historical_name"": ""INTERNATIONAL BUSINESS MACHINES CORP"", ""sha256"": ""2a4db2340ab1662d5135d7e17be1a58352c5959017350f0ef2174135f9996125"", ""source_url"": ""https://www.sec.gov/files/dera/data/financial-statement-data-sets/2010q1.zip""}, {""accession"": ""0001104659-13-035106"", ""cik"": ""0000051143"", ""evidence_kind"": ""sec_bulk_issuer_name_no_ticker"", ""filed_date"": ""2013-04-30"", ""historical_name"": ""INTERNATIONAL BUSINESS MACHINES CORP"", ""sha256"": ""7cc764386ea9cb01d62e1a9f4fac38dc9c741e96886a953ddaad2def4eb489c7"", ""source_url"": ""https://www.sec.gov/files/dera/data/financial-statement-data-sets/2013q2.zip""}, {""accession"": ""0001047469-12-001742"", ""cik"": ""0000051143"", ""evidence_kind"": ""sec_bulk_issuer_name_no_ticker"", ""filed_date"": ""2012-02-28"", ""historical_name"": ""INTERNATIONAL BUSINESS MACHINES CORP"", ""sha256"": ""42ed1a5ecac978d4338bd51cd4bc15bf60cc821291eea492f8172fc4e803d5f6"", ""source_url"": ""https://www.sec.gov/files/dera/data/financial-statement-data-sets/2012q1.zip""}, {""evidence_kind"": ""sec_official_name_chain_no_ticker"", ""sha256"": ""0d698f754c7aa7f9373bc90b65d73d801e018ad176b6ffb5e4ec0f6d18fa984f"", ""source_url"": ""https://data.sec.gov/submissions/CIK0000051143.json""}]"
ICE,0001571949,2010-01-01,2016-01-01,corroborated_candidate,10,0,10,2013-08-07,2015-10-28,True,False,[],"[{""accession"": ""0001193125-13-323138"", ""cik"": ""0001571949"", ""evidence_kind"": ""sec_bulk_issuer_name_no_ticker"", ""filed_date"": ""2013-08-07"", ""historical_name"": ""INTERCONTINENTALEXCHANGE GROUP, INC."", ""sha256"": ""c9134387b650a9194f14b3f832f16aa1a72255c20a0e0b954001a643933cc849"", ""source_url"": ""https://www.sec.gov/files/dera/data/financial-statement-data-sets/2013q3.zip""}, {""accession"": ""0001571949-14-000018"", ""cik"": ""0001571949"", ""evidence_kind"": ""sec_bulk_issuer_name_no_ticker"", ""filed_date"": ""2014-11-04"", ""historical_name"": ""INTERCONTINENTAL EXCHANGE, INC."", ""sha256"": ""c82395b7df380a95b30d652784372a5439dea9ed750d89784822bb643cbc4930"", ""source_url"": ""https://www.sec.gov/files/dera/data/financial-statement-data-sets/2014q4.zip""}, {""accession"": ""0001571949-15-000017"", ""cik"": ""0001571949"", ""evidence_kind"": ""sec_bulk_issuer_name_no_ticker"", ""filed_date"": ""2015-10-28"", ""historical_name"": ""INTERCONTINENTAL EXCHANGE, INC."", ""sha256"": ""1723b41ef2a1d3ea6595f6052ef229a80e03cd183391ca9e297a894f9e589d83"", ""source_url"": ""https://www.sec.gov/files/dera/data/financial-statement-data-sets/2015q4.zip""}]"
IFF,0000051253,2010-01-01,2016-01-01,corroborated_candidate,22,1,22,2010-08-05,2015-11-09,True,False,[],"[{""accession"": ""0001193125-13-203099"", ""cik"": ""0000051253"", ""evidence_kind"": ""sec_dei_ticker"", ""filed_date"": ""2013-05-07"", ""sha256"": ""b88637b99f35520356d0805928f723ac89042de6be47d4f09faf6c6a46fe44dd"", ""source_url"": ""https://www.sec.gov/Archives/edgar/data/51253/000119312513203099/iff-20130331.xml""}, {""accession"": ""0000950123-10-072927"", ""cik"": ""0000051253"", ""evidence_kind"": ""sec_bulk_issuer_name_no_ticker"", ""filed_date"": ""2010-08-05"", ""historical_name"": ""INTERNATIONAL FLAVORS & FRAGRANCES INC"", ""sha256"": ""52014faf614ca0d7b8040e364f5b3e99f28d5e96b711aa922b490056e2c1d7b5"", ""source_url"": ""https://www.sec.gov/files/dera/data/financial-statement-data-sets/2010q3.zip""}, {""accession"": ""0001193125-13-320349"", ""cik"": ""0000051253"", ""evidence_kind"": ""sec_bulk_issuer_name_no_ticker"", ""filed_date"": ""2013-08-06"", ""historical_name"": ""INTERNATIONAL FLAVORS & FRAGRANCES INC"", ""sha256"": ""c9134387b650a9194f14b3f832f16aa1a72255c20a0e0b954001a643933cc849"", ""source_url"": ""https://www.sec.gov/files/dera/data/financial-statement-data-sets/2013q3.zip""}, {""accession"": ""0001193125-12-084851"", ""cik"": ""0000051253"", ""evidence_kind"": ""sec_bulk_issuer_name_no_ticker"", ""filed_date"": ""2012-02-28"", ""historical_name"": ""INTERNATIONAL FLAVORS & FRAGRANCES INC"", ""sha256"": ""42ed1a5ecac978d4338bd51cd4bc15bf60cc821291eea492f8172fc4e803d5f6"", ""source_url"": ""https://www.sec.gov/files/dera/data/financial-statement-data-sets/2012q1.zip""}]"
IGT,0000353944,2010-01-01,2014-06-20,corroborated_candidate,16,0,16,2010-02-11,2014-05-07,True,False,[],"[{""accession"": ""0001437749-10-000316"", ""cik"": ""0000353944"", ""evidence_kind"": ""sec_bulk_issuer_name_no_ticker"", ""filed_date"": ""2010-02-11"", ""historical_name"": ""INTERNATIONAL GAME TECHNOLOGY"", ""sha256"": ""2a4db2340ab1662d5135d7e17be1a58352c5959017350f0ef2174135f9996125"", ""source_url"": ""https://www.sec.gov/files/dera/data/financial-statement-data-sets/2010q1.zip""}, {""accession"": ""0001437749-12-007948"", ""cik"": ""0000353944"", ""evidence_kind"": ""sec_bulk_issuer_name_no_ticker"", ""filed_date"": ""2012-08-08"", ""historical_name"": ""INTERNATIONAL GAME TECHNOLOGY"", ""sha256"": ""a5b705fab7948837fc890d820c2b809d4afdb0ff1836129ad5a16127275f0ebf"", ""source_url"": ""https://www.sec.gov/files/dera/data/financial-statement-data-sets/2012q3.zip""}, {""accession"": ""0001437749-12-001209"", ""cik"": ""0000353944"", ""evidence_kind"": ""sec_bulk_issuer_name_no_ticker"", ""filed_date"": ""2012-02-08"", ""historical_name"": ""INTERNATIONAL GAME TECHNOLOGY"", ""sha256"": ""42ed1a5ecac978d4338bd51cd4bc15bf60cc821291eea492f8172fc4e803d5f6"", ""source_url"": ""https://www.sec.gov/files/dera/data/financial-statement-data-sets/2012q1.zip""}]"
ILMN,0001110803,2015-11-19,2016-01-01,unresolved,0,0,0,,,False,False,[],[]
INTC,0000050863,2010-01-01,2016-01-01,corroborated_candidate,24,0,24,2010-02-22,2015-10-28,True,False,[],"[{""accession"": ""0000950123-10-015237"", ""cik"": ""0000050863"", ""evidence_kind"": ""sec_bulk_issuer_name_no_ticker"", ""filed_date"": ""2010-02-22"", ""historical_name"": ""INTEL CORP"", ""sha256"": ""2a4db2340ab1662d5135d7e17be1a58352c5959017350f0ef2174135f9996125"", ""source_url"": ""https://www.sec.gov/files/dera/data/financial-statement-data-sets/2010q1.zip""}, {""accession"": ""0000050863-13-000043"", ""cik"": ""0000050863"", ""evidence_kind"": ""sec_bulk_issuer_name_no_ticker"", ""filed_date"": ""2013-04-29"", ""historical_name"": ""INTEL CORP"", ""sha256"": ""7cc764386ea9cb01d62e1a9f4fac38dc9c741e96886a953ddaad2def4eb489c7"", ""source_url"": ""https://www.sec.gov/files/dera/data/financial-statement-data-sets/2013q2.zip""}, {""accession"": ""0001193125-12-075534"", ""cik"": ""0000050863"", ""evidence_kind"": ""sec_bulk_issuer_name_no_ticker"", ""filed_date"": ""2012-02-23"", ""historical_name"": ""INTEL CORP"", ""sha256"": ""42ed1a5ecac978d4338bd51cd4bc15bf60cc821291eea492f8172fc4e803d5f6"", ""source_url"": ""https://www.sec.gov/files/dera/data/financial-statement-data-sets/2012q1.zip""}]"
INTU,0000896878,2010-01-01,2016-01-01,corroborated_candidate,24,0,24,2010-03-01,2015-11-20,True,False,[],"[{""accession"": ""0000950123-10-019101"", ""cik"": ""0000896878"", ""evidence_kind"": ""sec_bulk_issuer_name_no_ticker"", ""filed_date"": ""2010-03-01"", ""historical_name"": ""INTUIT INC"", ""sha256"": ""2a4db2340ab1662d5135d7e17be1a58352c5959017350f0ef2174135f9996125"", ""source_url"": ""https://www.sec.gov/files/dera/data/financial-statement-data-sets/2010q1.zip""}, {""accession"": ""0000896878-13-000068"", ""cik"": ""0000896878"", ""evidence_kind"": ""sec_bulk_issuer_name_no_ticker"", ""filed_date"": ""2013-05-30"", ""historical_name"": ""INTUIT INC"", ""sha256"": ""7cc764386ea9cb01d62e1a9f4fac38dc9c741e96886a953ddaad2def4eb489c7"", ""source_url"": ""https://www.sec.gov/files/dera/data/financial-statement-data-sets/2013q2.zip""}, {""accession"": ""0000896878-12-000048"", ""cik"": ""0000896878"", ""evidence_kind"": ""sec_bulk_issuer_name_no_ticker"", ""filed_date"": ""2012-02-29"", ""historical_name"": ""INTUIT INC"", ""sha256"": ""42ed1a5ecac978d4338bd51cd4bc15bf60cc821291eea492f8172fc4e803d5f6"", ""source_url"": ""https://www.sec.gov/files/dera/data/financial-statement-data-sets/2012q1.zip""}]"
IP,0000051434,2010-01-01,2016-01-01,confirmed_by_multiple_evidence,3,3,23,2010-02-25,2015-11-05,True,False,[],"[{""accession"": ""0000051434-13-000004"", ""cik"": ""0000051434"", ""evidence_kind"": ""sec_dei_ticker"", ""filed_date"": ""2013-02-26"", ""sha256"": ""7fb90371dc7d027aac8d65f127a2137af517419c05430027c093bcf334588c1d"", ""source_url"": ""https://www.sec.gov/Archives/edgar/data/51434/000005143413000004/ip-20121231.xml""}, {""accession"": ""0000051434-15-000036"", ""cik"": ""0000051434"", ""evidence_kind"": ""sec_dei_ticker"", ""filed_date"": ""2015-11-05"", ""sha256"": ""32b4c7e8750b806960dfe39887d108767e30f384b2e76d375e29d2e00c394d4c"", ""source_url"": ""https://www.sec.gov/Archives/edgar/data/51434/000005143415000036/ip-20150930.xml""}, {""accession"": ""0001193125-10-040916"", ""cik"": ""0000051434"", ""evidence_kind"": ""sec_dei_ticker"", ""filed_date"": ""2010-02-25"", ""sha256"": ""2e26fe729f7a8dbf92657a877a245a4f95e9434fd06735bd198a43139dd402d9"", ""source_url"": ""https://www.sec.gov/Archives/edgar/data/51434/000119312510040916/ip-20091231.xml""}, {""accession"": ""0000051434-13-000008"", ""cik"": ""0000051434"", ""evidence_kind"": ""sec_bulk_issuer_name_no_ticker"", ""filed_date"": ""2013-05-08"", ""historical_name"": ""INTERNATIONAL PAPER CO /NEW/"", ""sha256"": ""7cc764386ea9cb01d62e1a9f4fac38dc9c741e96886a953ddaad2def4eb489c7"", ""source_url"": ""https://www.sec.gov/files/dera/data/financial-statement-data-sets/2013q2.zip""}, {""accession"": ""0001193125-12-081097"", ""cik"": ""0000051434"", ""evidence_kind"": ""sec_bulk_issuer_name_no_ticker"", ""filed_date"": ""2012-02-27"", ""historical_name"": ""INTERNATIONAL PAPER CO /NEW/"", ""sha256"": ""42ed1a5ecac978d4338bd51cd4bc15bf60cc821291eea492f8172fc4e803d5f6"", ""source_url"": ""https://www.sec.gov/files/dera/data/financial-statement-data-sets/2012q1.zip""}]"
IPG,0000051644,2010-01-01,2016-01-01,corroborated_candidate,22,0,22,2010-07-29,2015-10-22,True,False,[],"[{""accession"": ""0001193125-10-169995"", ""cik"": ""0000051644"", ""evidence_kind"": ""sec_bulk_issuer_name_no_ticker"", ""filed_date"": ""2010-07-29"", ""historical_name"": ""INTERPUBLIC GROUP OF COMPANIES, INC."", ""sha256"": ""52014faf614ca0d7b8040e364f5b3e99f28d5e96b711aa922b490056e2c1d7b5"", ""source_url"": ""https://www.sec.gov/files/dera/data/financial-statement-data-sets/2010q3.zip""}, {""accession"": ""0000051644-13-000025"", ""cik"": ""0000051644"", ""evidence_kind"": ""sec_bulk_issuer_name_no_ticker"", ""filed_date"": ""2013-07-25"", ""historical_name"": ""INTERPUBLIC GROUP OF COMPANIES, INC."", ""sha256"": ""c9134387b650a9194f14b3f832f16aa1a72255c20a0e0b954001a643933cc849"", ""source_url"": ""https://www.sec.gov/files/dera/data/financial-statement-data-sets/2013q3.zip""}, {""accession"": ""0000051644-12-000005"", ""cik"": ""0000051644"", ""evidence_kind"": ""sec_bulk_issuer_name_no_ticker"", ""filed_date"": ""2012-02-24"", ""historical_name"": ""INTERPUBLIC GROUP OF COMPANIES, INC."", ""sha256"": ""42ed1a5ecac978d4338bd51cd4bc15bf60cc821291eea492f8172fc4e803d5f6"", ""source_url"": ""https://www.sec.gov/files/dera/data/financial-statement-data-sets/2012q1.zip""}]"
IRM,0001020569,2010-01-01,2016-01-01,corroborated_candidate,23,0,23,2010-05-10,2015-10-30,True,False,[],"[{""accession"": ""0001047469-10-005007"", ""cik"": ""0001020569"", ""evidence_kind"": ""sec_bulk_issuer_name_no_ticker"", ""filed_date"": ""2010-05-10"", ""historical_name"": ""IRON MOUNTAIN INC"", ""sha256"": ""25f416b020fd3e62a67dbf8c6522c9f239e716099b61cf5d05a59a91ffdef1f1"", ""source_url"": ""https://www.sec.gov/files/dera/data/financial-statement-data-sets/2010q2.zip""}, {""accession"": ""0001047469-13-005389"", ""cik"": ""0001020569"", ""evidence_kind"": ""sec_bulk_issuer_name_no_ticker"", ""filed_date"": ""2013-05-02"", ""historical_name"": ""IRON MOUNTAIN INC"", ""sha256"": ""7cc764386ea9cb01d62e1a9f4fac38dc9c741e96886a953ddaad2def4eb489c7"", ""source_url"": ""https://www.sec.gov/files/dera/data/financial-statement-data-sets/2013q2.zip""}, {""accession"": ""0001047469-12-001785"", ""cik"": ""0001020569"", ""evidence_kind"": ""sec_bulk_issuer_name_no_ticker"", ""filed_date"": ""2012-02-28"", ""historical_name"": ""IRON MOUNTAIN INC"", ""sha256"": ""42ed1a5ecac978d4338bd51cd4bc15bf60cc821291eea492f8172fc4e803d5f6"", ""source_url"": ""https://www.sec.gov/files/dera/data/financial-statement-data-sets/2012q1.zip""}]"
ISRG,0001035267,2010-01-01,2016-01-01,confirmed_by_multiple_evidence,3,3,24,2010-01-29,2015-10-21,True,False,[],"[{""accession"": ""0001035267-15-000104"", ""cik"": ""0001035267"", ""evidence_kind"": ""sec_dei_ticker"", ""filed_date"": ""2015-10-21"", ""sha256"": ""9f1d4cd4d1e7d0f14c5ddda2334e5b570350ab1350d08fd5ffce4f118dc56f6c"", ""source_url"": ""https://www.sec.gov/Archives/edgar/data/1035267/000103526715000104/isrg-20150930.xml""}, {""accession"": ""0001193125-10-016932"", ""cik"": ""0001035267"", ""evidence_kind"": ""sec_dei_ticker"", ""filed_date"": ""2010-01-29"", ""sha256"": ""1c52fc9d342e840e6f727c42b3f90934d966bf15a9f3b89a03dc3501dc3ee191"", ""source_url"": ""https://www.sec.gov/Archives/edgar/data/1035267/000119312510016932/isrg-20091231.xml""}, {""accession"": ""0001193125-13-036675"", ""cik"": ""0001035267"", ""evidence_kind"": ""sec_dei_ticker"", ""filed_date"": ""2013-02-04"", ""sha256"": ""2ef06777e32b0bf883b2efd47b5e53619d35af0a6d0c102bd6245a3606490c01"", ""source_url"": ""https://www.sec.gov/Archives/edgar/data/1035267/000119312513036675/isrg-20121231.xml""}, {""accession"": ""0001193125-13-162385"", ""cik"": ""0001035267"", ""evidence_kind"": ""sec_bulk_issuer_name_no_ticker"", ""filed_date"": ""2013-04-19"", ""historical_name"": ""INTUITIVE SURGICAL INC"", ""sha256"": ""7cc764386ea9cb01d62e1a9f4fac38dc9c741e96886a953ddaad2def4eb489c7"", ""source_url"": ""https://www.sec.gov/files/dera/data/financial-statement-data-sets/2013q2.zip""}, {""accession"": ""0001193125-12-039226"", ""cik"": ""0001035267"", ""evidence_kind"": ""sec_bulk_issuer_name_no_ticker"", ""filed_date"": ""2012-02-06"", ""historical_name"": ""INTUITIVE SURGICAL INC"", ""sha256"": ""42ed1a5ecac978d4338bd51cd4bc15bf60cc821291eea492f8172fc4e803d5f6"", ""source_url"": ""https://www.sec.gov/files/dera/data/financial-statement-data-sets/2012q1.zip""}]"
ITT,0000216228,2010-01-01,2011-10-31,corroborated_candidate,8,0,8,2010-03-01,2011-10-28,True,False,[],"[{""accession"": ""0000950123-10-018519"", ""cik"": ""0000216228"", ""evidence_kind"": ""sec_bulk_issuer_name_no_ticker"", ""filed_date"": ""2010-03-01"", ""historical_name"": ""ITT CORP"", ""sha256"": ""2a4db2340ab1662d5135d7e17be1a58352c5959017350f0ef2174135f9996125"", ""source_url"": ""https://www.sec.gov/files/dera/data/financial-statement-data-sets/2010q1.zip""}, {""accession"": ""0000950123-11-017908"", ""cik"": ""0000216228"", ""evidence_kind"": ""sec_bulk_issuer_name_no_ticker"", ""filed_date"": ""2011-02-24"", ""historical_name"": ""ITT CORP"", ""sha256"": ""e63b781a5e57e55d68e110a06d3f697e942a60e17f093bbdc1a16ac7152a7df5"", ""source_url"": ""https://www.sec.gov/files/dera/data/financial-statement-data-sets/2011q1.zip""}, {""accession"": ""0000950123-11-093025"", ""cik"": ""0000216228"", ""evidence_kind"": ""sec_bulk_issuer_name_no_ticker"", ""filed_date"": ""2011-10-28"", ""historical_name"": ""ITT CORP"", ""sha256"": ""0f674f68094cc65c83da3c142775dcfd091250e293783c3e8211ee4e97bc083f"", ""source_url"": ""https://www.sec.gov/files/dera/data/financial-statement-data-sets/2011q4.zip""}]"
ITW,0000049826,2010-01-01,2016-01-01,corroborated_candidate,24,0,24,2010-02-26,2015-10-30,True,False,[],"[{""accession"": ""0000950123-10-017817"", ""cik"": ""0000049826"", ""evidence_kind"": ""sec_bulk_issuer_name_no_ticker"", ""filed_date"": ""2010-02-26"", ""historical_name"": ""ILLINOIS TOOL WORKS INC"", ""sha256"": ""2a4db2340ab1662d5135d7e17be1a58352c5959017350f0ef2174135f9996125"", ""source_url"": ""https://www.sec.gov/files/dera/data/financial-statement-data-sets/2010q1.zip""}, {""accession"": ""0000049826-13-000024"", ""cik"": ""0000049826"", ""evidence_kind"": ""sec_bulk_issuer_name_no_ticker"", ""filed_date"": ""2013-05-03"", ""historical_name"": ""ILLINOIS TOOL WORKS INC"", ""sha256"": ""7cc764386ea9cb01d62e1a9f4fac38dc9c741e96886a953ddaad2def4eb489c7"", ""source_url"": ""https://www.sec.gov/files/dera/data/financial-statement-data-sets/2013q2.zip""}, {""accession"": ""0001193125-12-067004"", ""cik"": ""0000049826"", ""evidence_kind"": ""sec_bulk_issuer_name_no_ticker"", ""filed_date"": ""2012-02-17"", ""historical_name"": ""ILLINOIS TOOL WORKS INC"", ""sha256"": ""42ed1a5ecac978d4338bd51cd4bc15bf60cc821291eea492f8172fc4e803d5f6"", ""source_url"": ""https://www.sec.gov/files/dera/data/financial-statement-data-sets/2012q1.zip""}]"
IVZ,0000914208,2010-01-01,2016-01-01,corroborated_candidate,24,0,24,2010-02-26,2015-10-29,True,False,[],"[{""accession"": ""0000950123-10-017949"", ""cik"": ""0000914208"", ""evidence_kind"": ""sec_bulk_issuer_name_no_ticker"", ""filed_date"": ""2010-02-26"", ""historical_name"": ""INVESCO LTD."", ""sha256"": ""2a4db2340ab1662d5135d7e17be1a58352c5959017350f0ef2174135f9996125"", ""source_url"": ""https://www.sec.gov/files/dera/data/financial-statement-data-sets/2010q1.zip""}, {""accession"": ""0000914208-13-000352"", ""cik"": ""0000914208"", ""evidence_kind"": ""sec_bulk_issuer_name_no_ticker"", ""filed_date"": ""2013-04-30"", ""historical_name"": ""INVESCO LTD."", ""sha256"": ""7cc764386ea9cb01d62e1a9f4fac38dc9c741e96886a953ddaad2def4eb489c7"", ""source_url"": ""https://www.sec.gov/files/dera/data/financial-statement-data-sets/2013q2.zip""}, {""accession"": ""0000914208-12-000332"", ""cik"": ""0000914208"", ""evidence_kind"": ""sec_bulk_issuer_name_no_ticker"", ""filed_date"": ""2012-02-24"", ""historical_name"": ""INVESCO LTD."", ""sha256"": ""42ed1a5ecac978d4338bd51cd4bc15bf60cc821291eea492f8172fc4e803d5f6"", ""source_url"": ""https://www.sec.gov/files/dera/data/financial-statement-data-sets/2012q1.zip""}]"
JAVA,0000709519,2010-01-01,2010-01-27,unresolved,0,0,0,,,False,False,[],[]
JBHT,0000728535,2015-07-01,2016-01-01,confirmed_by_multiple_evidence,2,2,2,2015-07-30,2015-10-23,False,False,[],"[{""accession"": ""0001437749-15-014312"", ""cik"": ""0000728535"", ""evidence_kind"": ""sec_dei_ticker"", ""filed_date"": ""2015-07-30"", ""sha256"": ""a8115cb36e1fcda9d976d91939d40bcef661fd7453bf2606df83d17b244c51d2"", ""source_url"": ""https://www.sec.gov/Archives/edgar/data/728535/000143774915014312/jbht-20150630.xml""}, {""accession"": ""0001437749-15-018776"", ""cik"": ""0000728535"", ""evidence_kind"": ""sec_dei_ticker"", ""filed_date"": ""2015-10-23"", ""sha256"": ""ee03f73a58ea21f040fafeb1d9db8eeefd4f091f9d769246ba5feb364d590967"", ""source_url"": ""https://www.sec.gov/Archives/edgar/data/728535/000143774915018776/jbht-20150930.xml""}]"
JBL,0000898293,2010-01-01,2014-11-05,confirmed_by_multiple_evidence,2,2,16,2011-01-07,2014-10-21,True,False,[],"[{""accession"": ""0001193125-13-006897"", ""cik"": ""0000898293"", ""evidence_kind"": ""sec_dei_ticker"", ""filed_date"": ""2013-01-08"", ""sha256"": ""e235869f6f4f674c5f5aa096347bb826c8b3831d548e82068f8b5cfd8e5751aa"", ""source_url"": ""https://www.sec.gov/Archives/edgar/data/898293/000119312513006897/jbl-20121130.xml""}, {""accession"": ""0001193125-14-377410"", ""cik"": ""0000898293"", ""evidence_kind"": ""sec_dei_ticker"", ""filed_date"": ""2014-10-21"", ""sha256"": ""e2670299a300ef6e1216a13676152009925794db1b7b85f4dcaaa5358411e7d7"", ""source_url"": ""https://www.sec.gov/Archives/edgar/data/898293/000119312514377410/jbl-20140831.xml""}, {""accession"": ""0000950123-11-001461"", ""cik"": ""0000898293"", ""evidence_kind"": ""sec_bulk_issuer_name_no_ticker"", ""filed_date"": ""2011-01-07"", ""historical_name"": ""JABIL CIRCUIT INC"", ""sha256"": ""e63b781a5e57e55d68e110a06d3f697e942a60e17f093bbdc1a16ac7152a7df5"", ""source_url"": ""https://www.sec.gov/files/dera/data/financial-statement-data-sets/2011q1.zip""}, {""accession"": ""0001193125-13-144069"", ""cik"": ""0000898293"", ""evidence_kind"": ""sec_bulk_issuer_name_no_ticker"", ""filed_date"": ""2013-04-05"", ""historical_name"": ""JABIL CIRCUIT INC"", ""sha256"": ""7cc764386ea9cb01d62e1a9f4fac38dc9c741e96886a953ddaad2def4eb489c7"", ""source_url"": ""https://www.sec.gov/files/dera/data/financial-statement-data-sets/2013q2.zip""}, {""accession"": ""0001193125-12-006590"", ""cik"": ""0000898293"", ""evidence_kind"": ""sec_bulk_issuer_name_no_ticker"", ""filed_date"": ""2012-01-09"", ""historical_name"": ""JABIL CIRCUIT INC"", ""sha256"": ""42ed1a5ecac978d4338bd51cd4bc15bf60cc821291eea492f8172fc4e803d5f6"", ""source_url"": ""https://www.sec.gov/files/dera/data/financial-statement-data-sets/2012q1.zip""}]"
JCI,0000833444,2010-08-27,2016-01-01,corroborated_candidate,21,0,21,2010-11-12,2015-11-13,False,True,[],"[{""accession"": ""0001047469-10-009627"", ""cik"": ""0000833444"", ""evidence_kind"": ""sec_bulk_issuer_name_no_ticker"", ""filed_date"": ""2010-11-12"", ""historical_name"": ""TYCO INTERNATIONAL LTD"", ""sha256"": ""3dc43a8559cba9e1a9bb5a283a99e1fdfd2b0eaa7a9460887d5b4c70d69cef63"", ""source_url"": ""https://www.sec.gov/files/dera/data/financial-statement-data-sets/2010q4.zip""}, {""accession"": ""0000833444-13-000035"", ""cik"": ""0000833444"", ""evidence_kind"": ""sec_bulk_issuer_name_no_ticker"", ""filed_date"": ""2013-07-26"", ""historical_name"": ""TYCO INTERNATIONAL LTD"", ""sha256"": ""c9134387b650a9194f14b3f832f16aa1a72255c20a0e0b954001a643933cc849"", ""source_url"": ""https://www.sec.gov/files/dera/data/financial-statement-data-sets/2013q3.zip""}, {""accession"": ""0001047469-12-000495"", ""cik"": ""0000833444"", ""evidence_kind"": ""sec_bulk_issuer_name_no_ticker"", ""filed_date"": ""2012-01-31"", ""historical_name"": ""TYCO INTERNATIONAL LTD"", ""sha256"": ""42ed1a5ecac978d4338bd51cd4bc15bf60cc821291eea492f8172fc4e803d5f6"", ""source_url"": ""https://www.sec.gov/files/dera/data/financial-statement-data-sets/2012q1.zip""}, {""evidence_kind"": ""sec_official_name_chain_no_ticker"", ""sha256"": ""8f9bb9258601d21d69426c560d7c1025ddb71d25d572b53fb6793ed6e0ff9474"", ""source_url"": ""https://data.sec.gov/submissions/CIK0000833444.json""}]"
JCP,0001166126,2010-01-01,2013-12-02,confirmed_by_multiple_evidence,6,6,15,2010-03-30,2013-09-10,False,False,[],"[{""accession"": ""0001166126-12-000051"", ""cik"": ""0001166126"", ""evidence_kind"": ""sec_dei_ticker"", ""filed_date"": ""2012-06-06"", ""sha256"": ""8f6f075fc146565d3add32569148f8eae4b32c13cecf691e2178de7beb61ed64"", ""source_url"": ""https://www.sec.gov/Archives/edgar/data/1166126/000116612612000051/jcp-20120428.xml""}, {""accession"": ""0001166126-12-000077"", ""cik"": ""0001166126"", ""evidence_kind"": ""sec_dei_ticker"", ""filed_date"": ""2012-09-04"", ""sha256"": ""51248bbe8035625d47fd40472c46e556d3c3fd667742295a6cae5da51db53d27"", ""source_url"": ""https://www.sec.gov/Archives/edgar/data/1166126/000116612612000077/jcp-20120728.xml""}, {""accession"": ""0001166126-12-000084"", ""cik"": ""0001166126"", ""evidence_kind"": ""sec_dei_ticker"", ""filed_date"": ""2012-12-04"", ""sha256"": ""fa8bd989bc22c5505fe7b10310b7ee762a3abd588e9c2dbbb7d9b15a099cb881"", ""source_url"": ""https://www.sec.gov/Archives/edgar/data/1166126/000116612612000084/jcp-20121027.xml""}, {""accession"": ""0001166126-13-000016"", ""cik"": ""0001166126"", ""evidence_kind"": ""sec_dei_ticker"", ""filed_date"": ""2013-03-20"", ""sha256"": ""be4ae0c074dda4995f305b70d3cfe2137a9190e4e6eae6adbfbfcdc6dceb939a"", ""source_url"": ""https://www.sec.gov/Archives/edgar/data/1166126/000116612613000016/jcp-20130202.xml""}, {""accession"": ""0001166126-13-000041"", ""cik"": ""0001166126"", ""evidence_kind"": ""sec_dei_ticker"", ""filed_date"": ""2013-06-11"", ""sha256"": ""e9198317c17c083ce09b5c1100fbe795fab709bd9ed20b14528cd2b7cd7cc54d"", ""source_url"": ""https://www.sec.gov/Archives/edgar/data/1166126/000116612613000041/jcp-20130504.xml""}, {""accession"": ""0001193125-13-362878"", ""cik"": ""0001166126"", ""evidence_kind"": ""sec_dei_ticker"", ""filed_date"": ""2013-09-10"", ""sha256"": ""fc99ab959102a16de457d4de96d854de4f64a14bb65a1b552bc2ecfd2dbbfc34"", ""source_url"": ""https://www.sec.gov/Archives/edgar/data/1166126/000119312513362878/jcp-20130803.xml""}, {""accession"": ""0001193125-10-071527"", ""cik"": ""0001166126"", ""evidence_kind"": ""sec_bulk_issuer_name_no_ticker"", ""filed_date"": ""2010-03-30"", ""historical_name"": ""J C PENNEY CO INC"", ""sha256"": ""2a4db2340ab1662d5135d7e17be1a58352c5959017350f0ef2174135f9996125"", ""source_url"": ""https://www.sec.gov/files/dera/data/financial-statement-data-sets/2010q1.zip""}, {""accession"": ""0001166126-11-000069"", ""cik"": ""0001166126"", ""evidence_kind"": ""sec_bulk_issuer_name_no_ticker"", ""filed_date"": ""2011-12-07"", ""historical_name"": ""J C PENNEY CO INC"", ""sha256"": ""0f674f68094cc65c83da3c142775dcfd091250e293783c3e8211ee4e97bc083f"", ""source_url"": ""https://www.sec.gov/files/dera/data/financial-statement-data-sets/2011q4.zip""}, {""accession"": ""0001193125-12-135077"", ""cik"": ""0001166126"", ""evidence_kind"": ""sec_bulk_issuer_name_no_ticker"", ""filed_date"": ""2012-03-28"", ""historical_name"": ""J C PENNEY CO INC"", ""sha256"": ""42ed1a5ecac978d4338bd51cd4bc15bf60cc821291eea492f8172fc4e803d5f6"", ""source_url"": ""https://www.sec.gov/files/dera/data/financial-statement-data-sets/2012q1.zip""}]"
JEC,0000052988,2010-01-01,2016-01-01,confirmed_by_multiple_evidence,3,3,24,2010-01-28,2015-11-24,True,False,[],"[{""accession"": ""0000052988-13-000006"", ""cik"": ""0000052988"", ""evidence_kind"": ""sec_dei_ticker"", ""filed_date"": ""2013-01-24"", ""sha256"": ""761dabaace63c3407313792255832581b453b2eca29ff730b86246ce3af1c7a2"", ""source_url"": ""https://www.sec.gov/Archives/edgar/data/52988/000005298813000006/jec-20120629.xml""}, {""accession"": ""0000052988-15-000155"", ""cik"": ""0000052988"", ""evidence_kind"": ""sec_dei_ticker"", ""filed_date"": ""2015-11-24"", ""sha256"": ""ebc256814de671287394202d5f0af867a8c8213b569b0c4f7e3758962a91ceae"", ""source_url"": ""https://www.sec.gov/Archives/edgar/data/52988/000005298815000155/jec-20151002.xml""}, {""accession"": ""0001193125-10-015547"", ""cik"": ""0000052988"", ""evidence_kind"": ""sec_dei_ticker"", ""filed_date"": ""2010-01-28"", ""sha256"": ""45e9d4d48fb2d68288cb28ac3fbc94e43808ced7bf7b4c774a3ec7925ef9b075"", ""source_url"": ""https://www.sec.gov/Archives/edgar/data/52988/000119312510015547/jec-20100101.xml""}, {""accession"": ""0000052988-13-000082"", ""cik"": ""0000052988"", ""evidence_kind"": ""sec_bulk_issuer_name_no_ticker"", ""filed_date"": ""2013-05-01"", ""historical_name"": ""JACOBS ENGINEERING GROUP INC /DE/"", ""sha256"": ""7cc764386ea9cb01d62e1a9f4fac38dc9c741e96886a953ddaad2def4eb489c7"", ""source_url"": ""https://www.sec.gov/files/dera/data/financial-statement-data-sets/2013q2.zip""}, {""accession"": ""0000052988-12-000005"", ""cik"": ""0000052988"", ""evidence_kind"": ""sec_bulk_issuer_name_no_ticker"", ""filed_date"": ""2012-01-27"", ""historical_name"": ""JACOBS ENGINEERING GROUP INC /DE/"", ""sha256"": ""42ed1a5ecac978d4338bd51cd4bc15bf60cc821291eea492f8172fc4e803d5f6"", ""source_url"": ""https://www.sec.gov/files/dera/data/financial-statement-data-sets/2012q1.zip""}]"
JEF,0000096223,2010-01-01,2016-01-01,corroborated_candidate,24,0,24,2010-02-26,2015-11-05,False,True,[],"[{""accession"": ""0000096223-10-000004"", ""cik"": ""0000096223"", ""evidence_kind"": ""sec_bulk_issuer_name_no_ticker"", ""filed_date"": ""2010-02-26"", ""historical_name"": ""LEUCADIA NATIONAL CORP"", ""sha256"": ""2a4db2340ab1662d5135d7e17be1a58352c5959017350f0ef2174135f9996125"", ""source_url"": ""https://www.sec.gov/files/dera/data/financial-statement-data-sets/2010q1.zip""}, {""accession"": ""0000909518-13-000127"", ""cik"": ""0000096223"", ""evidence_kind"": ""sec_bulk_issuer_name_no_ticker"", ""filed_date"": ""2013-05-09"", ""historical_name"": ""LEUCADIA NATIONAL CORP"", ""sha256"": ""7cc764386ea9cb01d62e1a9f4fac38dc9c741e96886a953ddaad2def4eb489c7"", ""source_url"": ""https://www.sec.gov/files/dera/data/financial-statement-data-sets/2013q2.zip""}, {""accession"": ""0000096223-12-000009"", ""cik"": ""0000096223"", ""evidence_kind"": ""sec_bulk_issuer_name_no_ticker"", ""filed_date"": ""2012-02-27"", ""historical_name"": ""LEUCADIA NATIONAL CORP"", ""sha256"": ""42ed1a5ecac978d4338bd51cd4bc15bf60cc821291eea492f8172fc4e803d5f6"", ""source_url"": ""https://www.sec.gov/files/dera/data/financial-statement-data-sets/2012q1.zip""}, {""evidence_kind"": ""sec_official_name_chain_no_ticker"", ""sha256"": ""5f025f6a1cc2e4e5e62bcda6a6025902699a3c5fb6644648ac52fea3f5643be6"", ""source_url"": ""https://data.sec.gov/submissions/CIK0000096223.json""}]"
JNJ,0000200406,2010-01-01,2016-01-01,corroborated_candidate,24,0,24,2010-03-01,2015-10-30,True,False,[],"[{""accession"": ""0000950123-10-019392"", ""cik"": ""0000200406"", ""evidence_kind"": ""sec_bulk_issuer_name_no_ticker"", ""filed_date"": ""2010-03-01"", ""historical_name"": ""JOHNSON & JOHNSON"", ""sha256"": ""2a4db2340ab1662d5135d7e17be1a58352c5959017350f0ef2174135f9996125"", ""source_url"": ""https://www.sec.gov/files/dera/data/financial-statement-data-sets/2010q1.zip""}, {""accession"": ""0000200406-13-000057"", ""cik"": ""0000200406"", ""evidence_kind"": ""sec_bulk_issuer_name_no_ticker"", ""filed_date"": ""2013-05-03"", ""historical_name"": ""JOHNSON & JOHNSON"", ""sha256"": ""7cc764386ea9cb01d62e1a9f4fac38dc9c741e96886a953ddaad2def4eb489c7"", ""source_url"": ""https://www.sec.gov/files/dera/data/financial-statement-data-sets/2013q2.zip""}, {""accession"": ""0001193125-12-075565"", ""cik"": ""0000200406"", ""evidence_kind"": ""sec_bulk_issuer_name_no_ticker"", ""filed_date"": ""2012-02-23"", ""historical_name"": ""JOHNSON & JOHNSON"", ""sha256"": ""42ed1a5ecac978d4338bd51cd4bc15bf60cc821291eea492f8172fc4e803d5f6"", ""source_url"": ""https://www.sec.gov/files/dera/data/financial-statement-data-sets/2012q1.zip""}]"
JNPR,0001043604,2010-01-01,2016-01-01,corroborated_candidate,24,0,24,2010-02-26,2015-11-05,True,False,[],"[{""accession"": ""0000950123-10-018160"", ""cik"": ""0001043604"", ""evidence_kind"": ""sec_bulk_issuer_name_no_ticker"", ""filed_date"": ""2010-02-26"", ""historical_name"": ""JUNIPER NETWORKS INC"", ""sha256"": ""2a4db2340ab1662d5135d7e17be1a58352c5959017350f0ef2174135f9996125"", ""source_url"": ""https://www.sec.gov/files/dera/data/financial-statement-data-sets/2010q1.zip""}, {""accession"": ""0001043604-13-000038"", ""cik"": ""0001043604"", ""evidence_kind"": ""sec_bulk_issuer_name_no_ticker"", ""filed_date"": ""2013-05-08"", ""historical_name"": ""JUNIPER NETWORKS INC"", ""sha256"": ""7cc764386ea9cb01d62e1a9f4fac38dc9c741e96886a953ddaad2def4eb489c7"", ""source_url"": ""https://www.sec.gov/files/dera/data/financial-statement-data-sets/2013q2.zip""}, {""accession"": ""0001043604-12-000006"", ""cik"": ""0001043604"", ""evidence_kind"": ""sec_bulk_issuer_name_no_ticker"", ""filed_date"": ""2012-02-24"", ""historical_name"": ""JUNIPER NETWORKS INC"", ""sha256"": ""42ed1a5ecac978d4338bd51cd4bc15bf60cc821291eea492f8172fc4e803d5f6"", ""source_url"": ""https://www.sec.gov/files/dera/data/financial-statement-data-sets/2012q1.zip""}]"
JNS,0001065865,2010-01-01,2011-11-18,corroborated_candidate,6,0,6,2010-07-26,2011-10-26,True,False,[],"[{""accession"": ""0001104659-10-039536"", ""cik"": ""0001065865"", ""evidence_kind"": ""sec_bulk_issuer_name_no_ticker"", ""filed_date"": ""2010-07-26"", ""historical_name"": ""JANUS CAPITAL GROUP INC"", ""sha256"": ""52014faf614ca0d7b8040e364f5b3e99f28d5e96b711aa922b490056e2c1d7b5"", ""source_url"": ""https://www.sec.gov/files/dera/data/financial-statement-data-sets/2010q3.zip""}, {""accession"": ""0001104659-11-023001"", ""cik"": ""0001065865"", ""evidence_kind"": ""sec_bulk_issuer_name_no_ticker"", ""filed_date"": ""2011-04-27"", ""historical_name"": ""JANUS CAPITAL GROUP INC"", ""sha256"": ""10a6f98f14d2a341e938a379ea32beb4857b01d59facf04e6e7b3c68558a95d1"", ""source_url"": ""https://www.sec.gov/files/dera/data/financial-statement-data-sets/2011q2.zip""}, {""accession"": ""0001104659-11-058061"", ""cik"": ""0001065865"", ""evidence_kind"": ""sec_bulk_issuer_name_no_ticker"", ""filed_date"": ""2011-10-26"", ""historical_name"": ""JANUS CAPITAL GROUP INC"", ""sha256"": ""0f674f68094cc65c83da3c142775dcfd091250e293783c3e8211ee4e97bc083f"", ""source_url"": ""https://www.sec.gov/files/dera/data/financial-statement-data-sets/2011q4.zip""}]"
JOY,0000801898,2011-02-28,2015-10-07,corroborated_candidate,19,0,19,2011-03-04,2015-09-04,True,False,[],"[{""accession"": ""0001140361-11-014348"", ""cik"": ""0000801898"", ""evidence_kind"": ""sec_bulk_issuer_name_no_ticker"", ""filed_date"": ""2011-03-04"", ""historical_name"": ""JOY GLOBAL INC"", ""sha256"": ""e63b781a5e57e55d68e110a06d3f697e942a60e17f093bbdc1a16ac7152a7df5"", ""source_url"": ""https://www.sec.gov/files/dera/data/financial-statement-data-sets/2011q1.zip""}, {""accession"": ""0000801898-13-000016"", ""cik"": ""0000801898"", ""evidence_kind"": ""sec_bulk_issuer_name_no_ticker"", ""filed_date"": ""2013-08-30"", ""historical_name"": ""JOY GLOBAL INC"", ""sha256"": ""c9134387b650a9194f14b3f832f16aa1a72255c20a0e0b954001a643933cc849"", ""source_url"": ""https://www.sec.gov/files/dera/data/financial-statement-data-sets/2013q3.zip""}, {""accession"": ""0001193125-12-093839"", ""cik"": ""0000801898"", ""evidence_kind"": ""sec_bulk_issuer_name_no_ticker"", ""filed_date"": ""2012-03-02"", ""historical_name"": ""JOY GLOBAL INC"", ""sha256"": ""42ed1a5ecac978d4338bd51cd4bc15bf60cc821291eea492f8172fc4e803d5f6"", ""source_url"": ""https://www.sec.gov/files/dera/data/financial-statement-data-sets/2012q1.zip""}]"
JPM,0000019617,2010-01-01,2016-01-01,corroborated_candidate,24,0,24,2010-02-24,2015-11-02,True,False,[],"[{""accession"": ""0000950123-10-016029"", ""cik"": ""0000019617"", ""evidence_kind"": ""sec_bulk_issuer_name_no_ticker"", ""filed_date"": ""2010-02-24"", ""historical_name"": ""J P MORGAN CHASE & CO"", ""sha256"": ""2a4db2340ab1662d5135d7e17be1a58352c5959017350f0ef2174135f9996125"", ""source_url"": ""https://www.sec.gov/files/dera/data/financial-statement-data-sets/2010q1.zip""}, {""accession"": ""0000019617-13-000300"", ""cik"": ""0000019617"", ""evidence_kind"": ""sec_bulk_issuer_name_no_ticker"", ""filed_date"": ""2013-05-08"", ""historical_name"": ""JPMORGAN CHASE & CO"", ""sha256"": ""7cc764386ea9cb01d62e1a9f4fac38dc9c741e96886a953ddaad2def4eb489c7"", ""source_url"": ""https://www.sec.gov/files/dera/data/financial-statement-data-sets/2013q2.zip""}, {""accession"": ""0000019617-12-000163"", ""cik"": ""0000019617"", ""evidence_kind"": ""sec_bulk_issuer_name_no_ticker"", ""filed_date"": ""2012-02-29"", ""historical_name"": ""JPMORGAN CHASE & CO"", ""sha256"": ""42ed1a5ecac978d4338bd51cd4bc15bf60cc821291eea492f8172fc4e803d5f6"", ""source_url"": ""https://www.sec.gov/files/dera/data/financial-statement-data-sets/2012q1.zip""}]"
JWN,0000072333,2010-01-01,2016-01-01,corroborated_candidate,24,0,24,2010-03-22,2015-12-01,True,False,[],"[{""accession"": ""0000950123-10-026782"", ""cik"": ""0000072333"", ""evidence_kind"": ""sec_bulk_issuer_name_no_ticker"", ""filed_date"": ""2010-03-22"", ""historical_name"": ""NORDSTROM INC"", ""sha256"": ""2a4db2340ab1662d5135d7e17be1a58352c5959017350f0ef2174135f9996125"", ""source_url"": ""https://www.sec.gov/files/dera/data/financial-statement-data-sets/2010q1.zip""}, {""accession"": ""0000072333-13-000096"", ""cik"": ""0000072333"", ""evidence_kind"": ""sec_bulk_issuer_name_no_ticker"", ""filed_date"": ""2013-06-04"", ""historical_name"": ""NORDSTROM INC"", ""sha256"": ""7cc764386ea9cb01d62e1a9f4fac38dc9c741e96886a953ddaad2def4eb489c7"", ""source_url"": ""https://www.sec.gov/files/dera/data/financial-statement-data-sets/2013q2.zip""}, {""accession"": ""0001193125-12-119641"", ""cik"": ""0000072333"", ""evidence_kind"": ""sec_bulk_issuer_name_no_ticker"", ""filed_date"": ""2012-03-16"", ""historical_name"": ""NORDSTROM INC"", ""sha256"": ""42ed1a5ecac978d4338bd51cd4bc15bf60cc821291eea492f8172fc4e803d5f6"", ""source_url"": ""https://www.sec.gov/files/dera/data/financial-statement-data-sets/2012q1.zip""}]"
K,0000055067,2010-01-01,2016-01-01,confirmed_by_multiple_evidence,2,2,23,2010-02-26,2015-11-06,False,True,[],"[{""accession"": ""0001193125-10-042654"", ""cik"": ""0000055067"", ""evidence_kind"": ""sec_dei_ticker"", ""filed_date"": ""2010-02-26"", ""sha256"": ""4d08e2d6f5ec2e1e61c0d26078b90e5e4858b19baa59733943d051cd858433d3"", ""source_url"": ""https://www.sec.gov/Archives/edgar/data/55067/000119312510042654/k-20100102.xml""}, {""accession"": ""0001193125-13-075288"", ""cik"": ""0000055067"", ""evidence_kind"": ""sec_dei_ticker"", ""filed_date"": ""2013-02-26"", ""sha256"": ""bb9a02cd80d740097524f50299e0d62eb3bb2382358180258087e3df9cc5c175"", ""source_url"": ""https://www.sec.gov/Archives/edgar/data/55067/000119312513075288/k-20121229.xml""}, {""accession"": ""0001193125-13-203390"", ""cik"": ""0000055067"", ""evidence_kind"": ""sec_bulk_issuer_name_no_ticker"", ""filed_date"": ""2013-05-07"", ""historical_name"": ""KELLOGG CO"", ""sha256"": ""7cc764386ea9cb01d62e1a9f4fac38dc9c741e96886a953ddaad2def4eb489c7"", ""source_url"": ""https://www.sec.gov/files/dera/data/financial-statement-data-sets/2013q2.zip""}, {""accession"": ""0001193125-12-085976"", ""cik"": ""0000055067"", ""evidence_kind"": ""sec_bulk_issuer_name_no_ticker"", ""filed_date"": ""2012-02-29"", ""historical_name"": ""KELLOGG CO"", ""sha256"": ""42ed1a5ecac978d4338bd51cd4bc15bf60cc821291eea492f8172fc4e803d5f6"", ""source_url"": ""https://www.sec.gov/files/dera/data/financial-statement-data-sets/2012q1.zip""}, {""evidence_kind"": ""sec_official_name_chain_no_ticker"", ""sha256"": ""9b9ec6331f61e4115f964b0630535f01c57a692b3b3173d7e980d09dd2e6aeb9"", ""source_url"": ""https://data.sec.gov/submissions/CIK0000055067.json""}]"
KEY,0000091576,2010-01-01,2016-01-01,confirmed_by_multiple_evidence,2,2,24,2010-03-01,2015-11-02,True,False,[],"[{""accession"": ""0001193125-13-076993"", ""cik"": ""0000091576"", ""evidence_kind"": ""sec_dei_ticker"", ""filed_date"": ""2013-02-26"", ""sha256"": ""77d61a48419adc8829e84cbcdabf91b41200f1cc959695e5be1d4f3359c90c8e"", ""source_url"": ""https://www.sec.gov/Archives/edgar/data/91576/000119312513076993/key-20121231.xml""}, {""accession"": ""0001193125-15-361939"", ""cik"": ""0000091576"", ""evidence_kind"": ""sec_dei_ticker"", ""filed_date"": ""2015-11-02"", ""sha256"": ""97015c04fdd6859526de0c06b64be07c0b1a9cf18dd9087187cc60d285bd4b88"", ""source_url"": ""https://www.sec.gov/Archives/edgar/data/91576/000119312515361939/key-20150930.xml""}, {""accession"": ""0000950123-10-018789"", ""cik"": ""0000091576"", ""evidence_kind"": ""sec_bulk_issuer_name_no_ticker"", ""filed_date"": ""2010-03-01"", ""historical_name"": ""KEYCORP /NEW/"", ""sha256"": ""2a4db2340ab1662d5135d7e17be1a58352c5959017350f0ef2174135f9996125"", ""source_url"": ""https://www.sec.gov/files/dera/data/financial-statement-data-sets/2010q1.zip""}, {""accession"": ""0001193125-13-192157"", ""cik"": ""0000091576"", ""evidence_kind"": ""sec_bulk_issuer_name_no_ticker"", ""filed_date"": ""2013-05-01"", ""historical_name"": ""KEYCORP /NEW/"", ""sha256"": ""7cc764386ea9cb01d62e1a9f4fac38dc9c741e96886a953ddaad2def4eb489c7"", ""source_url"": ""https://www.sec.gov/files/dera/data/financial-statement-data-sets/2013q2.zip""}, {""accession"": ""0001193125-12-081648"", ""cik"": ""0000091576"", ""evidence_kind"": ""sec_bulk_issuer_name_no_ticker"", ""filed_date"": ""2012-02-27"", ""historical_name"": ""KEYCORP /NEW/"", ""sha256"": ""42ed1a5ecac978d4338bd51cd4bc15bf60cc821291eea492f8172fc4e803d5f6"", ""source_url"": ""https://www.sec.gov/files/dera/data/financial-statement-data-sets/2012q1.zip""}]"
KG,0001047699,2010-01-01,2010-12-17,corroborated_candidate,2,0,2,2010-08-09,2010-11-05,True,False,[],"[{""accession"": ""0000950123-10-074900"", ""cik"": ""0001047699"", ""evidence_kind"": ""sec_bulk_issuer_name_no_ticker"", ""filed_date"": ""2010-08-09"", ""historical_name"": ""KING PHARMACEUTICALS INC"", ""sha256"": ""52014faf614ca0d7b8040e364f5b3e99f28d5e96b711aa922b490056e2c1d7b5"", ""source_url"": ""https://www.sec.gov/files/dera/data/financial-statement-data-sets/2010q3.zip""}, {""accession"": ""0000950123-10-101799"", ""cik"": ""0001047699"", ""evidence_kind"": ""sec_bulk_issuer_name_no_ticker"", ""filed_date"": ""2010-11-05"", ""historical_name"": ""KING PHARMACEUTICALS INC"", ""sha256"": ""3dc43a8559cba9e1a9bb5a283a99e1fdfd2b0eaa7a9460887d5b4c70d69cef63"", ""source_url"": ""https://www.sec.gov/files/dera/data/financial-statement-data-sets/2010q4.zip""}]"
KHC,0001637459,2015-07-06,2016-01-01,corroborated_candidate,2,0,2,2015-08-10,2015-11-06,True,False,[],"[{""accession"": ""0001637459-15-000021"", ""cik"": ""0001637459"", ""evidence_kind"": ""sec_bulk_issuer_name_no_ticker"", ""filed_date"": ""2015-08-10"", ""historical_name"": ""KRAFT HEINZ CO"", ""sha256"": ""9301fa2e346aa6b3a48a36cafab80d1aab5d7970e60bfd168d53ba852a4deca9"", ""source_url"": ""https://www.sec.gov/files/dera/data/financial-statement-data-sets/2015q3.zip""}, {""accession"": ""0001637459-15-000049"", ""cik"": ""0001637459"", ""evidence_kind"": ""sec_bulk_issuer_name_no_ticker"", ""filed_date"": ""2015-11-06"", ""historical_name"": ""KRAFT HEINZ CO"", ""sha256"": ""1723b41ef2a1d3ea6595f6052ef229a80e03cd183391ca9e297a894f9e589d83"", ""source_url"": ""https://www.sec.gov/files/dera/data/financial-statement-data-sets/2015q4.zip""}]"
KIM,0000879101,2010-01-01,2016-01-01,corroborated_candidate,24,0,24,2010-03-01,2015-11-05,True,False,[],"[{""accession"": ""0001398432-10-000145"", ""cik"": ""0000879101"", ""evidence_kind"": ""sec_bulk_issuer_name_no_ticker"", ""filed_date"": ""2010-03-01"", ""historical_name"": ""KIMCO REALTY CORP"", ""sha256"": ""2a4db2340ab1662d5135d7e17be1a58352c5959017350f0ef2174135f9996125"", ""source_url"": ""https://www.sec.gov/files/dera/data/financial-statement-data-sets/2010q1.zip""}, {""accession"": ""0001398432-13-000343"", ""cik"": ""0000879101"", ""evidence_kind"": ""sec_bulk_issuer_name_no_ticker"", ""filed_date"": ""2013-05-06"", ""historical_name"": ""KIMCO REALTY CORP"", ""sha256"": ""7cc764386ea9cb01d62e1a9f4fac38dc9c741e96886a953ddaad2def4eb489c7"", ""source_url"": ""https://www.sec.gov/files/dera/data/financial-statement-data-sets/2013q2.zip""}, {""accession"": ""0001398432-12-000184"", ""cik"": ""0000879101"", ""evidence_kind"": ""sec_bulk_issuer_name_no_ticker"", ""filed_date"": ""2012-02-27"", ""historical_name"": ""KIMCO REALTY CORP"", ""sha256"": ""42ed1a5ecac978d4338bd51cd4bc15bf60cc821291eea492f8172fc4e803d5f6"", ""source_url"": ""https://www.sec.gov/files/dera/data/financial-statement-data-sets/2012q1.zip""}]"
KLAC,0000319201,2010-01-01,2016-01-01,confirmed_by_multiple_evidence,3,3,20,2011-01-28,2015-10-22,False,True,[],"[{""accession"": ""0000319201-13-000033"", ""cik"": ""0000319201"", ""evidence_kind"": ""sec_dei_ticker"", ""filed_date"": ""2013-08-08"", ""sha256"": ""65b1fc2ff1ea4a87e687bb26172a9b1715cebacec0798ad3905010619de21c08"", ""source_url"": ""https://www.sec.gov/Archives/edgar/data/319201/000031920113000033/klac-20130630.xml""}, {""accession"": ""0000319201-15-000060"", ""cik"": ""0000319201"", ""evidence_kind"": ""sec_dei_ticker"", ""filed_date"": ""2015-10-22"", ""sha256"": ""db64a206b17d97dd511f02ac058e8e98607d9ee95cb960b024fafc51cec1c99d"", ""source_url"": ""https://www.sec.gov/Archives/edgar/data/319201/000031920115000060/klac-20150930.xml""}, {""accession"": ""0001193125-11-016303"", ""cik"": ""0000319201"", ""evidence_kind"": ""sec_dei_ticker"", ""filed_date"": ""2011-01-28"", ""sha256"": ""65344f62f67ca983e9cd57d3fe4552e8bf91d2220239c01f5c20f7ba52c9c3d8"", ""source_url"": ""https://www.sec.gov/Archives/edgar/data/319201/000119312511016303/klac-20101231.xml""}, {""accession"": ""0000319201-13-000040"", ""cik"": ""0000319201"", ""evidence_kind"": ""sec_bulk_issuer_name_no_ticker"", ""filed_date"": ""2013-10-25"", ""historical_name"": ""KLA TENCOR CORP"", ""sha256"": ""7781ac25ddbd4f6eb8eb85e838656181fb06e8bc16b1dd5efccb9e21f8f5baa7"", ""source_url"": ""https://www.sec.gov/files/dera/data/financial-statement-data-sets/2013q4.zip""}, {""accession"": ""0000319201-12-000003"", ""cik"": ""0000319201"", ""evidence_kind"": ""sec_bulk_issuer_name_no_ticker"", ""filed_date"": ""2012-01-27"", ""historical_name"": ""KLA TENCOR CORP"", ""sha256"": ""42ed1a5ecac978d4338bd51cd4bc15bf60cc821291eea492f8172fc4e803d5f6"", ""source_url"": ""https://www.sec.gov/files/dera/data/financial-statement-data-sets/2012q1.zip""}, {""evidence_kind"": ""sec_official_name_chain_no_ticker"", ""sha256"": ""e2bc630f1e16b1dd83ae2ae6a5a7cbd95320c9ef0b39d9820aeb307aec47be54"", ""source_url"": ""https://data.sec.gov/submissions/CIK0000319201.json""}]"
KMB,0000055785,2010-01-01,2016-01-01,corroborated_candidate,24,1,24,2010-02-24,2015-10-21,True,False,[],"[{""accession"": ""0001193125-10-038621"", ""cik"": ""0000055785"", ""evidence_kind"": ""sec_dei_ticker"", ""filed_date"": ""2010-02-24"", ""sha256"": ""8e62ab544ab0ea202b56568e290a4e67840b976ae54e73ca8022cd4bfdc904c6"", ""source_url"": ""https://www.sec.gov/Archives/edgar/data/55785/000119312510038621/kmb-20091231.xml""}, {""accession"": ""0000055785-13-000036"", ""cik"": ""0000055785"", ""evidence_kind"": ""sec_bulk_issuer_name_no_ticker"", ""filed_date"": ""2013-05-02"", ""historical_name"": ""KIMBERLY CLARK CORP"", ""sha256"": ""7cc764386ea9cb01d62e1a9f4fac38dc9c741e96886a953ddaad2def4eb489c7"", ""source_url"": ""https://www.sec.gov/files/dera/data/financial-statement-data-sets/2013q2.zip""}, {""accession"": ""0000055785-12-000021"", ""cik"": ""0000055785"", ""evidence_kind"": ""sec_bulk_issuer_name_no_ticker"", ""filed_date"": ""2012-02-29"", ""historical_name"": ""KIMBERLY CLARK CORP"", ""sha256"": ""42ed1a5ecac978d4338bd51cd4bc15bf60cc821291eea492f8172fc4e803d5f6"", ""source_url"": ""https://www.sec.gov/files/dera/data/financial-statement-data-sets/2012q1.zip""}]"
KMI,0001506307,2012-05-25,2016-01-01,corroborated_candidate,14,0,14,2012-08-14,2015-10-23,True,False,[],"[{""accession"": ""0001506307-12-000096"", ""cik"": ""0001506307"", ""evidence_kind"": ""sec_bulk_issuer_name_no_ticker"", ""filed_date"": ""2012-08-14"", ""historical_name"": ""KINDER MORGAN, INC."", ""sha256"": ""a5b705fab7948837fc890d820c2b809d4afdb0ff1836129ad5a16127275f0ebf"", ""source_url"": ""https://www.sec.gov/files/dera/data/financial-statement-data-sets/2012q3.zip""}, {""accession"": ""0001506307-14-000029"", ""cik"": ""0001506307"", ""evidence_kind"": ""sec_bulk_issuer_name_no_ticker"", ""filed_date"": ""2014-05-01"", ""historical_name"": ""KINDER MORGAN, INC."", ""sha256"": ""ab03600231a08369a980a31dde8bb78b6cd49f56d39ab7b90ca5bc0cfd52aa7f"", ""source_url"": ""https://www.sec.gov/files/dera/data/financial-statement-data-sets/2014q2.zip""}, {""accession"": ""0001506307-15-000055"", ""cik"": ""0001506307"", ""evidence_kind"": ""sec_bulk_issuer_name_no_ticker"", ""filed_date"": ""2015-10-23"", ""historical_name"": ""KINDER MORGAN, INC."", ""sha256"": ""1723b41ef2a1d3ea6595f6052ef229a80e03cd183391ca9e297a894f9e589d83"", ""source_url"": ""https://www.sec.gov/files/dera/data/financial-statement-data-sets/2015q4.zip""}]"
KMX,0001170010,2010-06-28,2016-01-01,corroborated_candidate,21,0,21,2010-10-12,2015-10-08,True,False,[],"[{""accession"": ""0001170010-10-000065"", ""cik"": ""0001170010"", ""evidence_kind"": ""sec_bulk_issuer_name_no_ticker"", ""filed_date"": ""2010-10-12"", ""historical_name"": ""CARMAX INC"", ""sha256"": ""3dc43a8559cba9e1a9bb5a283a99e1fdfd2b0eaa7a9460887d5b4c70d69cef63"", ""source_url"": ""https://www.sec.gov/files/dera/data/financial-statement-data-sets/2010q4.zip""}, {""accession"": ""0001170010-13-000018"", ""cik"": ""0001170010"", ""evidence_kind"": ""sec_bulk_issuer_name_no_ticker"", ""filed_date"": ""2013-07-09"", ""historical_name"": ""CARMAX INC"", ""sha256"": ""c9134387b650a9194f14b3f832f16aa1a72255c20a0e0b954001a643933cc849"", ""source_url"": ""https://www.sec.gov/files/dera/data/financial-statement-data-sets/2013q3.zip""}, {""accession"": ""0001193125-12-006617"", ""cik"": ""0001170010"", ""evidence_kind"": ""sec_bulk_issuer_name_no_ticker"", ""filed_date"": ""2012-01-09"", ""historical_name"": ""CARMAX INC"", ""sha256"": ""42ed1a5ecac978d4338bd51cd4bc15bf60cc821291eea492f8172fc4e803d5f6"", ""source_url"": ""https://www.sec.gov/files/dera/data/financial-statement-data-sets/2012q1.zip""}]"
KO,0000021344,2010-01-01,2016-01-01,corroborated_candidate,24,0,24,2010-02-26,2015-10-28,True,False,[],"[{""accession"": ""0001047469-10-001476"", ""cik"": ""0000021344"", ""evidence_kind"": ""sec_bulk_issuer_name_no_ticker"", ""filed_date"": ""2010-02-26"", ""historical_name"": ""COCA COLA CO"", ""sha256"": ""2a4db2340ab1662d5135d7e17be1a58352c5959017350f0ef2174135f9996125"", ""source_url"": ""https://www.sec.gov/files/dera/data/financial-statement-data-sets/2010q1.zip""}, {""accession"": ""0000021344-13-000017"", ""cik"": ""0000021344"", ""evidence_kind"": ""sec_bulk_issuer_name_no_ticker"", ""filed_date"": ""2013-04-25"", ""historical_name"": ""COCA COLA CO"", ""sha256"": ""7cc764386ea9cb01d62e1a9f4fac38dc9c741e96886a953ddaad2def4eb489c7"", ""source_url"": ""https://www.sec.gov/files/dera/data/financial-statement-data-sets/2013q2.zip""}, {""accession"": ""0000021344-12-000007"", ""cik"": ""0000021344"", ""evidence_kind"": ""sec_bulk_issuer_name_no_ticker"", ""filed_date"": ""2012-02-23"", ""historical_name"": ""COCA COLA CO"", ""sha256"": ""42ed1a5ecac978d4338bd51cd4bc15bf60cc821291eea492f8172fc4e803d5f6"", ""source_url"": ""https://www.sec.gov/files/dera/data/financial-statement-data-sets/2012q1.zip""}]"
KORS,0001530721,2013-11-13,2016-01-01,confirmed_by_multiple_evidence,2,2,8,2014-02-06,2015-11-05,True,False,[],"[{""accession"": ""0001193125-14-038962"", ""cik"": ""0001530721"", ""evidence_kind"": ""sec_dei_ticker"", ""filed_date"": ""2014-02-06"", ""sha256"": ""f90a79c54a5d05c6e32bbac94198a0e03d705312b447e0bf21cdaf8139316859"", ""source_url"": ""https://www.sec.gov/Archives/edgar/data/1530721/000119312514038962/kors-20131228.xml""}, {""accession"": ""0001193125-15-035419"", ""cik"": ""0001530721"", ""evidence_kind"": ""sec_dei_ticker"", ""filed_date"": ""2015-02-05"", ""sha256"": ""60d6f7dd89491c40fbee9d5ed83f9c697b55357143501cf3f1e4094347551216"", ""source_url"": ""https://www.sec.gov/Archives/edgar/data/1530721/000119312515035419/kors-20141227.xml""}, {""accession"": ""0001530721-15-000065"", ""cik"": ""0001530721"", ""evidence_kind"": ""sec_bulk_issuer_name_no_ticker"", ""filed_date"": ""2015-11-05"", ""historical_name"": ""MICHAEL KORS HOLDINGS LTD"", ""sha256"": ""1723b41ef2a1d3ea6595f6052ef229a80e03cd183391ca9e297a894f9e589d83"", ""source_url"": ""https://www.sec.gov/files/dera/data/financial-statement-data-sets/2015q4.zip""}]"
KR,0000056873,2010-01-01,2016-01-01,corroborated_candidate,24,0,24,2010-03-30,2015-12-17,True,False,[],"[{""accession"": ""0001104659-10-017258"", ""cik"": ""0000056873"", ""evidence_kind"": ""sec_bulk_issuer_name_no_ticker"", ""filed_date"": ""2010-03-30"", ""historical_name"": ""KROGER CO"", ""sha256"": ""2a4db2340ab1662d5135d7e17be1a58352c5959017350f0ef2174135f9996125"", ""source_url"": ""https://www.sec.gov/files/dera/data/financial-statement-data-sets/2010q1.zip""}, {""accession"": ""0001104659-13-026395"", ""cik"": ""0000056873"", ""evidence_kind"": ""sec_bulk_issuer_name_no_ticker"", ""filed_date"": ""2013-04-02"", ""historical_name"": ""KROGER CO"", ""sha256"": ""7cc764386ea9cb01d62e1a9f4fac38dc9c741e96886a953ddaad2def4eb489c7"", ""source_url"": ""https://www.sec.gov/files/dera/data/financial-statement-data-sets/2013q2.zip""}, {""accession"": ""0001104659-12-021358"", ""cik"": ""0000056873"", ""evidence_kind"": ""sec_bulk_issuer_name_no_ticker"", ""filed_date"": ""2012-03-27"", ""historical_name"": ""KROGER CO"", ""sha256"": ""42ed1a5ecac978d4338bd51cd4bc15bf60cc821291eea492f8172fc4e803d5f6"", ""source_url"": ""https://www.sec.gov/files/dera/data/financial-statement-data-sets/2012q1.zip""}]"
KRFT,0001545158,2012-10-02,2015-07-06,confirmed_by_multiple_evidence,3,3,10,2013-03-21,2015-04-28,True,False,[],"[{""accession"": ""0001193125-13-118824"", ""cik"": ""0001545158"", ""evidence_kind"": ""sec_dei_ticker"", ""filed_date"": ""2013-03-21"", ""sha256"": ""73741a983f5fb71eb231e708e09a23ef64896efb580a0637eb55fddb1010c533"", ""source_url"": ""https://www.sec.gov/Archives/edgar/data/1545158/000119312513118824/krft-20121229.xml""}, {""accession"": ""0001545158-14-000007"", ""cik"": ""0001545158"", ""evidence_kind"": ""sec_dei_ticker"", ""filed_date"": ""2014-05-02"", ""sha256"": ""d9fef6705552330f76a7159f5da84241d9ea5a733a9a0dc5aa2fd06ca799659c"", ""source_url"": ""https://www.sec.gov/Archives/edgar/data/1545158/000154515814000007/krft-20140329.xml""}, {""accession"": ""0001545158-15-000082"", ""cik"": ""0001545158"", ""evidence_kind"": ""sec_dei_ticker"", ""filed_date"": ""2015-04-28"", ""sha256"": ""eb6a50d019297bac0251d1c6e030cc641cbbbdea578ae474c4a06ac161e2dd97"", ""source_url"": ""https://www.sec.gov/Archives/edgar/data/1545158/000154515815000082/krft-20150328.xml""}]"
KSS,0000885639,2010-01-01,2016-01-01,confirmed_by_multiple_evidence,3,3,24,2010-03-19,2015-12-04,True,False,[],"[{""accession"": ""0000885639-13-000004"", ""cik"": ""0000885639"", ""evidence_kind"": ""sec_dei_ticker"", ""filed_date"": ""2013-03-22"", ""sha256"": ""710bd349dbc167e66c7f6dcd9c6b7b442b1d0d9965848a41e87e7fe2d4c34e48"", ""source_url"": ""https://www.sec.gov/Archives/edgar/data/885639/000088563913000004/kss-20130202.xml""}, {""accession"": ""0000885639-15-000026"", ""cik"": ""0000885639"", ""evidence_kind"": ""sec_dei_ticker"", ""filed_date"": ""2015-12-04"", ""sha256"": ""bc7a3881febb2f61ff7bcca691df51223eb81b235adbc8edecd57e82c9039ae1"", ""source_url"": ""https://www.sec.gov/Archives/edgar/data/885639/000088563915000026/kss-20151031.xml""}, {""accession"": ""0001193125-10-061795"", ""cik"": ""0000885639"", ""evidence_kind"": ""sec_dei_ticker"", ""filed_date"": ""2010-03-19"", ""sha256"": ""c27fe5dce29243e3ee0023247959548ff8e2731ea10d7514d04790871996716e"", ""source_url"": ""https://www.sec.gov/Archives/edgar/data/885639/000119312510061795/kss-20100130.xml""}, {""accession"": ""0000885639-13-000010"", ""cik"": ""0000885639"", ""evidence_kind"": ""sec_bulk_issuer_name_no_ticker"", ""filed_date"": ""2013-06-07"", ""historical_name"": ""KOHLS CORP"", ""sha256"": ""7cc764386ea9cb01d62e1a9f4fac38dc9c741e96886a953ddaad2def4eb489c7"", ""source_url"": ""https://www.sec.gov/files/dera/data/financial-statement-data-sets/2013q2.zip""}, {""accession"": ""0001193125-12-119732"", ""cik"": ""0000885639"", ""evidence_kind"": ""sec_bulk_issuer_name_no_ticker"", ""filed_date"": ""2012-03-16"", ""historical_name"": ""KOHLS CORP"", ""sha256"": ""42ed1a5ecac978d4338bd51cd4bc15bf60cc821291eea492f8172fc4e803d5f6"", ""source_url"": ""https://www.sec.gov/files/dera/data/financial-statement-data-sets/2012q1.zip""}]"
KSU,0000054480,2013-05-24,2016-01-01,corroborated_candidate,10,0,10,2013-07-19,2015-10-16,True,False,[],"[{""accession"": ""0000054480-13-000131"", ""cik"": ""0000054480"", ""evidence_kind"": ""sec_bulk_issuer_name_no_ticker"", ""filed_date"": ""2013-07-19"", ""historical_name"": ""KANSAS CITY SOUTHERN"", ""sha256"": ""c9134387b650a9194f14b3f832f16aa1a72255c20a0e0b954001a643933cc849"", ""source_url"": ""https://www.sec.gov/files/dera/data/financial-statement-data-sets/2013q3.zip""}, {""accession"": ""0000054480-14-000127"", ""cik"": ""0000054480"", ""evidence_kind"": ""sec_bulk_issuer_name_no_ticker"", ""filed_date"": ""2014-10-17"", ""historical_name"": ""KANSAS CITY SOUTHERN"", ""sha256"": ""c82395b7df380a95b30d652784372a5439dea9ed750d89784822bb643cbc4930"", ""source_url"": ""https://www.sec.gov/files/dera/data/financial-statement-data-sets/2014q4.zip""}, {""accession"": ""0000054480-15-000126"", ""cik"": ""0000054480"", ""evidence_kind"": ""sec_bulk_issuer_name_no_ticker"", ""filed_date"": ""2015-10-16"", ""historical_name"": ""KANSAS CITY SOUTHERN"", ""sha256"": ""1723b41ef2a1d3ea6595f6052ef229a80e03cd183391ca9e297a894f9e589d83"", ""source_url"": ""https://www.sec.gov/files/dera/data/financial-statement-data-sets/2015q4.zip""}]"
L,0000060086,2010-01-01,2016-01-01,confirmed_by_multiple_evidence,3,3,23,2010-02-24,2015-11-03,True,False,[],"[{""accession"": ""0001193125-10-038679"", ""cik"": ""0000060086"", ""evidence_kind"": ""sec_dei_ticker"", ""filed_date"": ""2010-02-24"", ""sha256"": ""cb983eff7ab8e7ad7c9870e7aae1189624ec00d5ab6e16dbf8876a901ee7a8fc"", ""source_url"": ""https://www.sec.gov/Archives/edgar/data/60086/000119312510038679/l-20091231.xml""}, {""accession"": ""0001193125-13-070611"", ""cik"": ""0000060086"", ""evidence_kind"": ""sec_dei_ticker"", ""filed_date"": ""2013-02-22"", ""sha256"": ""5723018b8d82825a5a3cc86f89ec66bfda804a086b4dc4ad1cadf0dd0046d5a6"", ""source_url"": ""https://www.sec.gov/Archives/edgar/data/60086/000119312513070611/l-20121231.xml""}, {""accession"": ""0001193125-15-363726"", ""cik"": ""0000060086"", ""evidence_kind"": ""sec_dei_ticker"", ""filed_date"": ""2015-11-03"", ""sha256"": ""89b20d8ad7b9b603c0e8143b2a348148b93e214ac3665f71abb7c0c66e60ae74"", ""source_url"": ""https://www.sec.gov/Archives/edgar/data/60086/000119312515363726/l-20150930.xml""}, {""accession"": ""0001193125-13-185167"", ""cik"": ""0000060086"", ""evidence_kind"": ""sec_bulk_issuer_name_no_ticker"", ""filed_date"": ""2013-04-30"", ""historical_name"": ""LOEWS CORP"", ""sha256"": ""7cc764386ea9cb01d62e1a9f4fac38dc9c741e96886a953ddaad2def4eb489c7"", ""source_url"": ""https://www.sec.gov/files/dera/data/financial-statement-data-sets/2013q2.zip""}, {""accession"": ""0001193125-12-072891"", ""cik"": ""0000060086"", ""evidence_kind"": ""sec_bulk_issuer_name_no_ticker"", ""filed_date"": ""2012-02-22"", ""historical_name"": ""LOEWS CORP"", ""sha256"": ""42ed1a5ecac978d4338bd51cd4bc15bf60cc821291eea492f8172fc4e803d5f6"", ""source_url"": ""https://www.sec.gov/files/dera/data/financial-statement-data-sets/2012q1.zip""}]"
LB,0000701985,2010-01-01,2016-01-01,ambiguous,24,2,24,2010-03-26,2015-12-04,True,False,['LTD'],"[{""accession"": ""0000701985-13-000043"", ""cik"": ""0000701985"", ""evidence_kind"": ""sec_dei_ticker"", ""filed_date"": ""2013-12-06"", ""sha256"": ""10ecb2b1b8d5d198af0ae6d8ccd71c79372398f77888ba16ae596399fce28b29"", ""source_url"": ""https://www.sec.gov/Archives/edgar/data/701985/000070198513000043/ltd-20131102.xml""}, {""accession"": ""0000701985-15-000045"", ""cik"": ""0000701985"", ""evidence_kind"": ""sec_dei_ticker"", ""filed_date"": ""2015-12-04"", ""sha256"": ""f86cad927c125d5df2b7bcaa4b767ff7b0043745125835744f8ad8d99bdf26cb"", ""source_url"": ""https://www.sec.gov/Archives/edgar/data/701985/000070198515000045/lb-20151031.xml""}, {""accession"": ""0001193125-10-068571"", ""cik"": ""0000701985"", ""evidence_kind"": ""sec_bulk_issuer_name_no_ticker"", ""filed_date"": ""2010-03-26"", ""historical_name"": ""LIMITED BRANDS INC"", ""sha256"": ""2a4db2340ab1662d5135d7e17be1a58352c5959017350f0ef2174135f9996125"", ""source_url"": ""https://www.sec.gov/files/dera/data/financial-statement-data-sets/2010q1.zip""}, {""accession"": ""0000701985-13-000023"", ""cik"": ""0000701985"", ""evidence_kind"": ""sec_bulk_issuer_name_no_ticker"", ""filed_date"": ""2013-06-07"", ""historical_name"": ""L BRANDS, INC."", ""sha256"": ""7cc764386ea9cb01d62e1a9f4fac38dc9c741e96886a953ddaad2def4eb489c7"", ""source_url"": ""https://www.sec.gov/files/dera/data/financial-statement-data-sets/2013q2.zip""}, {""accession"": ""0000701985-12-000021"", ""cik"": ""0000701985"", ""evidence_kind"": ""sec_bulk_issuer_name_no_ticker"", ""filed_date"": ""2012-03-23"", ""historical_name"": ""LIMITED BRANDS INC"", ""sha256"": ""42ed1a5ecac978d4338bd51cd4bc15bf60cc821291eea492f8172fc4e803d5f6"", ""source_url"": ""https://www.sec.gov/files/dera/data/financial-statement-data-sets/2012q1.zip""}]"
LEG,0000058492,2010-01-01,2016-01-01,confirmed_by_multiple_evidence,3,3,22,2010-08-05,2015-11-04,True,False,[],"[{""accession"": ""0000058492-13-000004"", ""cik"": ""0000058492"", ""evidence_kind"": ""sec_dei_ticker"", ""filed_date"": ""2013-05-09"", ""sha256"": ""4f5977646445b28fdcbeffb0c68910355ede864aa36f0b07b02943b61a8d372f"", ""source_url"": ""https://www.sec.gov/Archives/edgar/data/58492/000005849213000004/leg-20130331.xml""}, {""accession"": ""0000058492-15-000016"", ""cik"": ""0000058492"", ""evidence_kind"": ""sec_dei_ticker"", ""filed_date"": ""2015-11-04"", ""sha256"": ""f1664188583405673c69e4a4c8da8523bccda11911056e9ee81a43c21502beca"", ""source_url"": ""https://www.sec.gov/Archives/edgar/data/58492/000005849215000016/leg-20150930.xml""}, {""accession"": ""0001193125-10-178632"", ""cik"": ""0000058492"", ""evidence_kind"": ""sec_dei_ticker"", ""filed_date"": ""2010-08-05"", ""sha256"": ""d7decf2509e9292b4dff28414b44fc2fab813885f96fa079dabe5ccc204a80e8"", ""source_url"": ""https://www.sec.gov/Archives/edgar/data/58492/000119312510178632/leg-20100630.xml""}, {""accession"": ""0000058492-13-000008"", ""cik"": ""0000058492"", ""evidence_kind"": ""sec_bulk_issuer_name_no_ticker"", ""filed_date"": ""2013-08-08"", ""historical_name"": ""LEGGETT & PLATT INC"", ""sha256"": ""c9134387b650a9194f14b3f832f16aa1a72255c20a0e0b954001a643933cc849"", ""source_url"": ""https://www.sec.gov/files/dera/data/financial-statement-data-sets/2013q3.zip""}, {""accession"": ""0001193125-12-078429"", ""cik"": ""0000058492"", ""evidence_kind"": ""sec_bulk_issuer_name_no_ticker"", ""filed_date"": ""2012-02-24"", ""historical_name"": ""LEGGETT & PLATT INC"", ""sha256"": ""42ed1a5ecac978d4338bd51cd4bc15bf60cc821291eea492f8172fc4e803d5f6"", ""source_url"": ""https://www.sec.gov/files/dera/data/financial-statement-data-sets/2012q1.zip""}]"
LEN,0000920760,2010-01-01,2016-01-01,corroborated_candidate,21,0,21,2010-10-08,2015-10-09,True,False,[],"[{""accession"": ""0001193125-10-226976"", ""cik"": ""0000920760"", ""evidence_kind"": ""sec_bulk_issuer_name_no_ticker"", ""filed_date"": ""2010-10-08"", ""historical_name"": ""LENNAR CORP /NEW/"", ""sha256"": ""3dc43a8559cba9e1a9bb5a283a99e1fdfd2b0eaa7a9460887d5b4c70d69cef63"", ""source_url"": ""https://www.sec.gov/files/dera/data/financial-statement-data-sets/2010q4.zip""}, {""accession"": ""0001445305-13-001606"", ""cik"": ""0000920760"", ""evidence_kind"": ""sec_bulk_issuer_name_no_ticker"", ""filed_date"": ""2013-07-10"", ""historical_name"": ""LENNAR CORP /NEW/"", ""sha256"": ""c9134387b650a9194f14b3f832f16aa1a72255c20a0e0b954001a643933cc849"", ""source_url"": ""https://www.sec.gov/files/dera/data/financial-statement-data-sets/2013q3.zip""}, {""accession"": ""0001193125-12-029792"", ""cik"": ""0000920760"", ""evidence_kind"": ""sec_bulk_issuer_name_no_ticker"", ""filed_date"": ""2012-01-30"", ""historical_name"": ""LENNAR CORP /NEW/"", ""sha256"": ""42ed1a5ecac978d4338bd51cd4bc15bf60cc821291eea492f8172fc4e803d5f6"", ""source_url"": ""https://www.sec.gov/files/dera/data/financial-statement-data-sets/2012q1.zip""}]"
LH,0000920148,2010-01-01,2016-01-01,corroborated_candidate,22,0,22,2010-02-24,2015-10-30,False,True,[],"[{""accession"": ""0000920148-10-000021"", ""cik"": ""0000920148"", ""evidence_kind"": ""sec_bulk_issuer_name_no_ticker"", ""filed_date"": ""2010-02-24"", ""historical_name"": ""LABORATORY CORP OF AMERICA HOLDINGS"", ""sha256"": ""2a4db2340ab1662d5135d7e17be1a58352c5959017350f0ef2174135f9996125"", ""source_url"": ""https://www.sec.gov/files/dera/data/financial-statement-data-sets/2010q1.zip""}, {""accession"": ""0000920148-13-000072"", ""cik"": ""0000920148"", ""evidence_kind"": ""sec_bulk_issuer_name_no_ticker"", ""filed_date"": ""2013-07-30"", ""historical_name"": ""LABORATORY CORP OF AMERICA HOLDINGS"", ""sha256"": ""c9134387b650a9194f14b3f832f16aa1a72255c20a0e0b954001a643933cc849"", ""source_url"": ""https://www.sec.gov/files/dera/data/financial-statement-data-sets/2013q3.zip""}, {""accession"": ""0000920148-12-000039"", ""cik"": ""0000920148"", ""evidence_kind"": ""sec_bulk_issuer_name_no_ticker"", ""filed_date"": ""2012-02-24"", ""historical_name"": ""LABORATORY CORP OF AMERICA HOLDINGS"", ""sha256"": ""42ed1a5ecac978d4338bd51cd4bc15bf60cc821291eea492f8172fc4e803d5f6"", ""source_url"": ""https://www.sec.gov/files/dera/data/financial-statement-data-sets/2012q1.zip""}, {""evidence_kind"": ""sec_official_name_chain_no_ticker"", ""sha256"": ""ead4c51ef1b33bfb1809a51d113b358df6912a676e6cdd37092376d0563e60e2"", ""source_url"": ""https://data.sec.gov/submissions/CIK0000920148.json""}]"
LIFE,0001073431,2010-01-01,2014-01-24,confirmed_by_multiple_evidence,5,5,15,2010-05-06,2013-11-05,True,False,[],"[{""accession"": ""0001193125-12-452514"", ""cik"": ""0001073431"", ""evidence_kind"": ""sec_dei_ticker"", ""filed_date"": ""2012-11-06"", ""sha256"": ""dc01d4a6c9dc32cee327d874f4f16c1de578dfc888409c39d9a0c88c2631cd2b"", ""source_url"": ""https://www.sec.gov/Archives/edgar/data/1073431/000119312512452514/life-20120930.xml""}, {""accession"": ""0001193125-13-080895"", ""cik"": ""0001073431"", ""evidence_kind"": ""sec_dei_ticker"", ""filed_date"": ""2013-02-28"", ""sha256"": ""899e02eb6f713bfd7bfbe62a7b68046721b99b80c9e5331599d757f9e53364e5"", ""source_url"": ""https://www.sec.gov/Archives/edgar/data/1073431/000119312513080895/life-20121231.xml""}, {""accession"": ""0001193125-13-196249"", ""cik"": ""0001073431"", ""evidence_kind"": ""sec_dei_ticker"", ""filed_date"": ""2013-05-02"", ""sha256"": ""d047c97dcbb004fb1a31501c9b62099f39d54e339febf85393618afaa783a6df"", ""source_url"": ""https://www.sec.gov/Archives/edgar/data/1073431/000119312513196249/life-20130331.xml""}, {""accession"": ""0001193125-13-315192"", ""cik"": ""0001073431"", ""evidence_kind"": ""sec_dei_ticker"", ""filed_date"": ""2013-08-01"", ""sha256"": ""c08555f8bdd52a1e35f1aa7e85b167bdab8bf9dce87d60d70b91588cf5df2c80"", ""source_url"": ""https://www.sec.gov/Archives/edgar/data/1073431/000119312513315192/life-20130630.xml""}, {""accession"": ""0001193125-13-427932"", ""cik"": ""0001073431"", ""evidence_kind"": ""sec_dei_ticker"", ""filed_date"": ""2013-11-05"", ""sha256"": ""fa2ba176b57a91bb0c3d00db2770f560a347dfeeba1b13cc8d8c42e3f277c3d9"", ""source_url"": ""https://www.sec.gov/Archives/edgar/data/1073431/000119312513427932/life-20130930.xml""}, {""accession"": ""0000950123-10-045688"", ""cik"": ""0001073431"", ""evidence_kind"": ""sec_bulk_issuer_name_no_ticker"", ""filed_date"": ""2010-05-06"", ""historical_name"": ""LIFE TECHNOLOGIES CORP"", ""sha256"": ""25f416b020fd3e62a67dbf8c6522c9f239e716099b61cf5d05a59a91ffdef1f1"", ""source_url"": ""https://www.sec.gov/files/dera/data/financial-statement-data-sets/2010q2.zip""}, {""accession"": ""0001193125-12-205450"", ""cik"": ""0001073431"", ""evidence_kind"": ""sec_bulk_issuer_name_no_ticker"", ""filed_date"": ""2012-05-03"", ""historical_name"": ""LIFE TECHNOLOGIES CORP"", ""sha256"": ""0dbb10aa316c674f07849a28e67a25a0a59bd6ef2bc214cd1800c8a2d2a05df6"", ""source_url"": ""https://www.sec.gov/files/dera/data/financial-statement-data-sets/2012q2.zip""}, {""accession"": ""0001193125-12-089112"", ""cik"": ""0001073431"", ""evidence_kind"": ""sec_bulk_issuer_name_no_ticker"", ""filed_date"": ""2012-02-29"", ""historical_name"": ""LIFE TECHNOLOGIES CORP"", ""sha256"": ""42ed1a5ecac978d4338bd51cd4bc15bf60cc821291eea492f8172fc4e803d5f6"", ""source_url"": ""https://www.sec.gov/files/dera/data/financial-statement-data-sets/2012q1.zip""}]"
LLL,0001039101,2010-01-01,2016-01-01,unresolved,0,0,0,,,False,False,[],[]
LLTC,0000791907,2010-01-01,2016-01-01,corroborated_candidate,21,0,21,2010-11-05,2015-11-05,True,False,[],"[{""accession"": ""0000791907-10-000119"", ""cik"": ""0000791907"", ""evidence_kind"": ""sec_bulk_issuer_name_no_ticker"", ""filed_date"": ""2010-11-05"", ""historical_name"": ""LINEAR TECHNOLOGY CORP /CA/"", ""sha256"": ""3dc43a8559cba9e1a9bb5a283a99e1fdfd2b0eaa7a9460887d5b4c70d69cef63"", ""source_url"": ""https://www.sec.gov/files/dera/data/financial-statement-data-sets/2010q4.zip""}, {""accession"": ""0000791907-13-000079"", ""cik"": ""0000791907"", ""evidence_kind"": ""sec_bulk_issuer_name_no_ticker"", ""filed_date"": ""2013-08-19"", ""historical_name"": ""LINEAR TECHNOLOGY CORP /CA/"", ""sha256"": ""c9134387b650a9194f14b3f832f16aa1a72255c20a0e0b954001a643933cc849"", ""source_url"": ""https://www.sec.gov/files/dera/data/financial-statement-data-sets/2013q3.zip""}, {""accession"": ""0000791907-12-000007"", ""cik"": ""0000791907"", ""evidence_kind"": ""sec_bulk_issuer_name_no_ticker"", ""filed_date"": ""2012-02-02"", ""historical_name"": ""LINEAR TECHNOLOGY CORP /CA/"", ""sha256"": ""42ed1a5ecac978d4338bd51cd4bc15bf60cc821291eea492f8172fc4e803d5f6"", ""source_url"": ""https://www.sec.gov/files/dera/data/financial-statement-data-sets/2012q1.zip""}]"
LLY,0000059478,2010-01-01,2016-01-01,corroborated_candidate,24,0,24,2010-02-22,2015-10-30,True,False,[],"[{""accession"": ""0000950123-10-014958"", ""cik"": ""0000059478"", ""evidence_kind"": ""sec_bulk_issuer_name_no_ticker"", ""filed_date"": ""2010-02-22"", ""historical_name"": ""LILLY ELI & CO"", ""sha256"": ""2a4db2340ab1662d5135d7e17be1a58352c5959017350f0ef2174135f9996125"", ""source_url"": ""https://www.sec.gov/files/dera/data/financial-statement-data-sets/2010q1.zip""}, {""accession"": ""0000059478-13-000019"", ""cik"": ""0000059478"", ""evidence_kind"": ""sec_bulk_issuer_name_no_ticker"", ""filed_date"": ""2013-04-26"", ""historical_name"": ""LILLY ELI & CO"", ""sha256"": ""7cc764386ea9cb01d62e1a9f4fac38dc9c741e96886a953ddaad2def4eb489c7"", ""source_url"": ""https://www.sec.gov/files/dera/data/financial-statement-data-sets/2013q2.zip""}, {""accession"": ""0001193125-12-078393"", ""cik"": ""0000059478"", ""evidence_kind"": ""sec_bulk_issuer_name_no_ticker"", ""filed_date"": ""2012-02-24"", ""historical_name"": ""LILLY ELI & CO"", ""sha256"": ""42ed1a5ecac978d4338bd51cd4bc15bf60cc821291eea492f8172fc4e803d5f6"", ""source_url"": ""https://www.sec.gov/files/dera/data/financial-statement-data-sets/2012q1.zip""}]"
LM,0000704051,2010-01-01,2016-01-01,confirmed_by_multiple_evidence,2,2,24,2010-02-05,2015-11-05,True,False,[],"[{""accession"": ""0000704051-13-000035"", ""cik"": ""0000704051"", ""evidence_kind"": ""sec_dei_ticker"", ""filed_date"": ""2013-02-06"", ""sha256"": ""5f3c4527c024c3fa67f873a0ff9435b6fde0342130770f3e04a5318d7a5ea4fa"", ""source_url"": ""https://www.sec.gov/Archives/edgar/data/704051/000070405113000035/lm-20121231.xml""}, {""accession"": ""0000704051-15-000086"", ""cik"": ""0000704051"", ""evidence_kind"": ""sec_dei_ticker"", ""filed_date"": ""2015-11-05"", ""sha256"": ""a3f96d3c380e545148fcb4067d6b5abf691169a6449c1cf65c7208ad970a6631"", ""source_url"": ""https://www.sec.gov/Archives/edgar/data/704051/000070405115000086/lm-20150930.xml""}, {""accession"": ""0000704051-10-000017"", ""cik"": ""0000704051"", ""evidence_kind"": ""sec_bulk_issuer_name_no_ticker"", ""filed_date"": ""2010-02-05"", ""historical_name"": ""LEGG MASON INC"", ""sha256"": ""2a4db2340ab1662d5135d7e17be1a58352c5959017350f0ef2174135f9996125"", ""source_url"": ""https://www.sec.gov/files/dera/data/financial-statement-data-sets/2010q1.zip""}, {""accession"": ""0000704051-13-000094"", ""cik"": ""0000704051"", ""evidence_kind"": ""sec_bulk_issuer_name_no_ticker"", ""filed_date"": ""2013-05-24"", ""historical_name"": ""LEGG MASON, INC."", ""sha256"": ""7cc764386ea9cb01d62e1a9f4fac38dc9c741e96886a953ddaad2def4eb489c7"", ""source_url"": ""https://www.sec.gov/files/dera/data/financial-statement-data-sets/2013q2.zip""}, {""accession"": ""0000704051-12-000016"", ""cik"": ""0000704051"", ""evidence_kind"": ""sec_bulk_issuer_name_no_ticker"", ""filed_date"": ""2012-02-07"", ""historical_name"": ""LEGG MASON, INC."", ""sha256"": ""42ed1a5ecac978d4338bd51cd4bc15bf60cc821291eea492f8172fc4e803d5f6"", ""source_url"": ""https://www.sec.gov/files/dera/data/financial-statement-data-sets/2012q1.zip""}]"
LMT,0000936468,2010-01-01,2016-01-01,confirmed_by_multiple_evidence,3,3,24,2010-02-25,2015-10-22,True,False,[],"[{""accession"": ""0001193125-10-040520"", ""cik"": ""0000936468"", ""evidence_kind"": ""sec_dei_ticker"", ""filed_date"": ""2010-02-25"", ""sha256"": ""36a07da32d7526185692db940a6ff5ebc68a6499dabd77629b34bc7d0b285c8c"", ""source_url"": ""https://www.sec.gov/Archives/edgar/data/936468/000119312510040520/lmt-20091231.xml""}, {""accession"": ""0001193125-13-082873"", ""cik"": ""0000936468"", ""evidence_kind"": ""sec_dei_ticker"", ""filed_date"": ""2013-02-28"", ""sha256"": ""231f90c84909d8d5abcbcbfe5bbda4accf3a4b05f814b602529e6bba9244bfad"", ""source_url"": ""https://www.sec.gov/Archives/edgar/data/936468/000119312513082873/lmt-20121231.xml""}, {""accession"": ""0001193125-15-350723"", ""cik"": ""0000936468"", ""evidence_kind"": ""sec_dei_ticker"", ""filed_date"": ""2015-10-22"", ""sha256"": ""636d2d8364ff02794e9cf2dd977fbcbe212c23186e9063f415697d77a5cd86ca"", ""source_url"": ""https://www.sec.gov/Archives/edgar/data/936468/000119312515350723/lmt-20150927.xml""}, {""accession"": ""0001193125-13-170973"", ""cik"": ""0000936468"", ""evidence_kind"": ""sec_bulk_issuer_name_no_ticker"", ""filed_date"": ""2013-04-25"", ""historical_name"": ""LOCKHEED MARTIN CORP"", ""sha256"": ""7cc764386ea9cb01d62e1a9f4fac38dc9c741e96886a953ddaad2def4eb489c7"", ""source_url"": ""https://www.sec.gov/files/dera/data/financial-statement-data-sets/2013q2.zip""}, {""accession"": ""0001193125-12-074929"", ""cik"": ""0000936468"", ""evidence_kind"": ""sec_bulk_issuer_name_no_ticker"", ""filed_date"": ""2012-02-23"", ""historical_name"": ""LOCKHEED MARTIN CORP"", ""sha256"": ""42ed1a5ecac978d4338bd51cd4bc15bf60cc821291eea492f8172fc4e803d5f6"", ""source_url"": ""https://www.sec.gov/files/dera/data/financial-statement-data-sets/2012q1.zip""}]"
LNC,0000059558,2010-01-01,2016-01-01,corroborated_candidate,24,0,24,2010-02-25,2015-10-29,True,True,[],"[{""accession"": ""0000059558-10-000073"", ""cik"": ""0000059558"", ""evidence_kind"": ""sec_bulk_issuer_name_no_ticker"", ""filed_date"": ""2010-02-25"", ""historical_name"": ""LINCOLN NATIONAL CORP"", ""sha256"": ""2a4db2340ab1662d5135d7e17be1a58352c5959017350f0ef2174135f9996125"", ""source_url"": ""https://www.sec.gov/files/dera/data/financial-statement-data-sets/2010q1.zip""}, {""accession"": ""0000059558-13-000084"", ""cik"": ""0000059558"", ""evidence_kind"": ""sec_bulk_issuer_name_no_ticker"", ""filed_date"": ""2013-05-02"", ""historical_name"": ""LINCOLN NATIONAL CORP"", ""sha256"": ""7cc764386ea9cb01d62e1a9f4fac38dc9c741e96886a953ddaad2def4eb489c7"", ""source_url"": ""https://www.sec.gov/files/dera/data/financial-statement-data-sets/2013q2.zip""}, {""accession"": ""0000059558-12-000027"", ""cik"": ""0000059558"", ""evidence_kind"": ""sec_bulk_issuer_name_no_ticker"", ""filed_date"": ""2012-02-23"", ""historical_name"": ""LINCOLN NATIONAL CORP"", ""sha256"": ""42ed1a5ecac978d4338bd51cd4bc15bf60cc821291eea492f8172fc4e803d5f6"", ""source_url"": ""https://www.sec.gov/files/dera/data/financial-statement-data-sets/2012q1.zip""}, {""evidence_kind"": ""sec_official_name_chain_no_ticker"", ""sha256"": ""b74933872e02cf9f24c4c8c7413599da116256d56c4304f0ee95f90c4dcf04b3"", ""source_url"": ""https://data.sec.gov/submissions/CIK0000059558.json""}]"
LO,0001424847,2010-01-01,2015-06-11,corroborated_candidate,22,1,22,2010-02-25,2015-04-21,True,False,[],"[{""accession"": ""0001193125-15-140015"", ""cik"": ""0001424847"", ""evidence_kind"": ""sec_dei_ticker"", ""filed_date"": ""2015-04-21"", ""sha256"": ""912a419dd5cb4ab6b0e0557b99b126477c628a5ab8adae8add536cb8b2c77947"", ""source_url"": ""https://www.sec.gov/Archives/edgar/data/1424847/000119312515140015/lo-20150331.xml""}, {""accession"": ""0000950123-10-017074"", ""cik"": ""0001424847"", ""evidence_kind"": ""sec_bulk_issuer_name_no_ticker"", ""filed_date"": ""2010-02-25"", ""historical_name"": ""LORILLARD, INC."", ""sha256"": ""2a4db2340ab1662d5135d7e17be1a58352c5959017350f0ef2174135f9996125"", ""source_url"": ""https://www.sec.gov/files/dera/data/financial-statement-data-sets/2010q1.zip""}, {""accession"": ""0001193125-13-064003"", ""cik"": ""0001424847"", ""evidence_kind"": ""sec_bulk_issuer_name_no_ticker"", ""filed_date"": ""2013-02-19"", ""historical_name"": ""LORILLARD, INC."", ""sha256"": ""329f4e3e40c0351001037ad1dea3fd28c07100f6f6d6d64d5998ea01b060a790"", ""source_url"": ""https://www.sec.gov/files/dera/data/financial-statement-data-sets/2013q1.zip""}, {""accession"": ""0001193125-12-069621"", ""cik"": ""0001424847"", ""evidence_kind"": ""sec_bulk_issuer_name_no_ticker"", ""filed_date"": ""2012-02-21"", ""historical_name"": ""LORILLARD, INC."", ""sha256"": ""42ed1a5ecac978d4338bd51cd4bc15bf60cc821291eea492f8172fc4e803d5f6"", ""source_url"": ""https://www.sec.gov/files/dera/data/financial-statement-data-sets/2012q1.zip""}]"
LOW,0000060667,2010-01-01,2016-01-01,corroborated_candidate,23,0,23,2010-06-02,2015-12-02,True,False,[],"[{""accession"": ""0000060667-10-000102"", ""cik"": ""0000060667"", ""evidence_kind"": ""sec_bulk_issuer_name_no_ticker"", ""filed_date"": ""2010-06-02"", ""historical_name"": ""LOWES COMPANIES INC"", ""sha256"": ""25f416b020fd3e62a67dbf8c6522c9f239e716099b61cf5d05a59a91ffdef1f1"", ""source_url"": ""https://www.sec.gov/files/dera/data/financial-statement-data-sets/2010q2.zip""}, {""accession"": ""0000060667-13-000045"", ""cik"": ""0000060667"", ""evidence_kind"": ""sec_bulk_issuer_name_no_ticker"", ""filed_date"": ""2013-04-02"", ""historical_name"": ""LOWES COMPANIES INC"", ""sha256"": ""7cc764386ea9cb01d62e1a9f4fac38dc9c741e96886a953ddaad2def4eb489c7"", ""source_url"": ""https://www.sec.gov/files/dera/data/financial-statement-data-sets/2013q2.zip""}, {""accession"": ""0000060667-15-000186"", ""cik"": ""0000060667"", ""evidence_kind"": ""sec_bulk_issuer_name_no_ticker"", ""filed_date"": ""2015-12-02"", ""historical_name"": ""LOWES COMPANIES INC"", ""sha256"": ""1723b41ef2a1d3ea6595f6052ef229a80e03cd183391ca9e297a894f9e589d83"", ""source_url"": ""https://www.sec.gov/files/dera/data/financial-statement-data-sets/2015q4.zip""}]"
LRCX,0000707549,2012-06-29,2016-01-01,confirmed_by_multiple_evidence,3,3,14,2012-08-22,2015-11-03,True,False,[],"[{""accession"": ""0001193125-12-365446"", ""cik"": ""0000707549"", ""evidence_kind"": ""sec_dei_ticker"", ""filed_date"": ""2012-08-22"", ""sha256"": ""f637626580583019197972bff3e87b6e2e097310f8f427c7b2d8b926bf07844d"", ""source_url"": ""https://www.sec.gov/Archives/edgar/data/707549/000119312512365446/lrcx-20120624.xml""}, {""accession"": ""0001193125-14-190001"", ""cik"": ""0000707549"", ""evidence_kind"": ""sec_dei_ticker"", ""filed_date"": ""2014-05-08"", ""sha256"": ""4e0e9ada326fee8368bc43ad5185e09ca9276868d5e97c01f5c5f548b5595a17"", ""source_url"": ""https://www.sec.gov/Archives/edgar/data/707549/000119312514190001/lrcx-20140330.xml""}, {""accession"": ""0001193125-15-364406"", ""cik"": ""0000707549"", ""evidence_kind"": ""sec_dei_ticker"", ""filed_date"": ""2015-11-03"", ""sha256"": ""714747a9a90923d5c8ab03e74cb70ea115262ce6740148cee5c4e6f025795f04"", ""source_url"": ""https://www.sec.gov/Archives/edgar/data/707549/000119312515364406/lrcx-20150927.xml""}]"
LSI,0000703360,2010-01-01,2014-05-07,corroborated_candidate,16,1,16,2010-08-12,2014-05-01,True,False,[],"[{""accession"": ""0001193125-14-174348"", ""cik"": ""0000703360"", ""evidence_kind"": ""sec_dei_ticker"", ""filed_date"": ""2014-05-01"", ""sha256"": ""f7573975fd2f3dc0ed29a5ee8923bc75fe44ecfc32c1c9c65649d42da8ed3717"", ""source_url"": ""https://www.sec.gov/Archives/edgar/data/703360/000119312514174348/lsi-20140330.xml""}, {""accession"": ""0000950123-10-076721"", ""cik"": ""0000703360"", ""evidence_kind"": ""sec_bulk_issuer_name_no_ticker"", ""filed_date"": ""2010-08-12"", ""historical_name"": ""LSI CORP"", ""sha256"": ""52014faf614ca0d7b8040e364f5b3e99f28d5e96b711aa922b490056e2c1d7b5"", ""source_url"": ""https://www.sec.gov/files/dera/data/financial-statement-data-sets/2010q3.zip""}, {""accession"": ""0001193125-12-454382"", ""cik"": ""0000703360"", ""evidence_kind"": ""sec_bulk_issuer_name_no_ticker"", ""filed_date"": ""2012-11-06"", ""historical_name"": ""LSI CORP"", ""sha256"": ""af6629de7547f5d75c85abf170550b9466768071fcd419d5fdf1a1d026436e98"", ""source_url"": ""https://www.sec.gov/files/dera/data/financial-statement-data-sets/2012q4.zip""}, {""accession"": ""0001193125-12-088626"", ""cik"": ""0000703360"", ""evidence_kind"": ""sec_bulk_issuer_name_no_ticker"", ""filed_date"": ""2012-02-29"", ""historical_name"": ""LSI CORP"", ""sha256"": ""42ed1a5ecac978d4338bd51cd4bc15bf60cc821291eea492f8172fc4e803d5f6"", ""source_url"": ""https://www.sec.gov/files/dera/data/financial-statement-data-sets/2012q1.zip""}]"
LUV,0000092380,2010-01-01,2016-01-01,corroborated_candidate,23,0,23,2010-01-29,2015-10-29,True,False,[],"[{""accession"": ""0001193125-10-017191"", ""cik"": ""0000092380"", ""evidence_kind"": ""sec_bulk_issuer_name_no_ticker"", ""filed_date"": ""2010-01-29"", ""historical_name"": ""SOUTHWEST AIRLINES CO"", ""sha256"": ""2a4db2340ab1662d5135d7e17be1a58352c5959017350f0ef2174135f9996125"", ""source_url"": ""https://www.sec.gov/files/dera/data/financial-statement-data-sets/2010q1.zip""}, {""accession"": ""0000092380-13-000020"", ""cik"": ""0000092380"", ""evidence_kind"": ""sec_bulk_issuer_name_no_ticker"", ""filed_date"": ""2013-05-02"", ""historical_name"": ""SOUTHWEST AIRLINES CO"", ""sha256"": ""7cc764386ea9cb01d62e1a9f4fac38dc9c741e96886a953ddaad2def4eb489c7"", ""source_url"": ""https://www.sec.gov/files/dera/data/financial-statement-data-sets/2013q2.zip""}, {""accession"": ""0001193125-12-049647"", ""cik"": ""0000092380"", ""evidence_kind"": ""sec_bulk_issuer_name_no_ticker"", ""filed_date"": ""2012-02-09"", ""historical_name"": ""SOUTHWEST AIRLINES CO"", ""sha256"": ""42ed1a5ecac978d4338bd51cd4bc15bf60cc821291eea492f8172fc4e803d5f6"", ""source_url"": ""https://www.sec.gov/files/dera/data/financial-statement-data-sets/2012q1.zip""}]"
LVLT,0000794323,2014-11-05,2016-01-01,corroborated_candidate,5,0,5,2014-11-07,2015-11-06,True,False,[],"[{""accession"": ""0000794323-14-000033"", ""cik"": ""0000794323"", ""evidence_kind"": ""sec_bulk_issuer_name_no_ticker"", ""filed_date"": ""2014-11-07"", ""historical_name"": ""LEVEL 3 COMMUNICATIONS INC"", ""sha256"": ""c82395b7df380a95b30d652784372a5439dea9ed750d89784822bb643cbc4930"", ""source_url"": ""https://www.sec.gov/files/dera/data/financial-statement-data-sets/2014q4.zip""}, {""accession"": ""0000794323-15-000013"", ""cik"": ""0000794323"", ""evidence_kind"": ""sec_bulk_issuer_name_no_ticker"", ""filed_date"": ""2015-05-08"", ""historical_name"": ""LEVEL 3 COMMUNICATIONS INC"", ""sha256"": ""d3cac325930af6ef145d26fb7e035d7933e900ce174a11adaabb33abd87fbfa1"", ""source_url"": ""https://www.sec.gov/files/dera/data/financial-statement-data-sets/2015q2.zip""}, {""accession"": ""0000794323-15-000021"", ""cik"": ""0000794323"", ""evidence_kind"": ""sec_bulk_issuer_name_no_ticker"", ""filed_date"": ""2015-11-06"", ""historical_name"": ""LEVEL 3 COMMUNICATIONS INC"", ""sha256"": ""1723b41ef2a1d3ea6595f6052ef229a80e03cd183391ca9e297a894f9e589d83"", ""source_url"": ""https://www.sec.gov/files/dera/data/financial-statement-data-sets/2015q4.zip""}]"
LXK,0001001288,2010-01-01,2012-10-01,corroborated_candidate,8,0,8,2010-08-06,2012-08-08,True,True,[],"[{""accession"": ""0001001288-10-000024"", ""cik"": ""0001001288"", ""evidence_kind"": ""sec_bulk_issuer_name_no_ticker"", ""filed_date"": ""2010-08-06"", ""historical_name"": ""LEXMARK INTERNATIONAL INC /KY/"", ""sha256"": ""52014faf614ca0d7b8040e364f5b3e99f28d5e96b711aa922b490056e2c1d7b5"", ""source_url"": ""https://www.sec.gov/files/dera/data/financial-statement-data-sets/2010q3.zip""}, {""accession"": ""0001001288-11-000046"", ""cik"": ""0001001288"", ""evidence_kind"": ""sec_bulk_issuer_name_no_ticker"", ""filed_date"": ""2011-11-08"", ""historical_name"": ""LEXMARK INTERNATIONAL INC /KY/"", ""sha256"": ""0f674f68094cc65c83da3c142775dcfd091250e293783c3e8211ee4e97bc083f"", ""source_url"": ""https://www.sec.gov/files/dera/data/financial-statement-data-sets/2011q4.zip""}, {""accession"": ""0001193125-12-085036"", ""cik"": ""0001001288"", ""evidence_kind"": ""sec_bulk_issuer_name_no_ticker"", ""filed_date"": ""2012-02-28"", ""historical_name"": ""LEXMARK INTERNATIONAL INC /KY/"", ""sha256"": ""42ed1a5ecac978d4338bd51cd4bc15bf60cc821291eea492f8172fc4e803d5f6"", ""source_url"": ""https://www.sec.gov/files/dera/data/financial-statement-data-sets/2012q1.zip""}, {""evidence_kind"": ""sec_official_name_chain_no_ticker"", ""sha256"": ""43592857967d182e4d3dea15fcb729ad357e03fa64e66d8ec1df83dc1acdb10e"", ""source_url"": ""https://data.sec.gov/submissions/CIK0001001288.json""}]"
LYB,0001489393,2012-09-05,2016-01-01,corroborated_candidate,13,0,13,2012-10-26,2015-10-23,True,False,[],"[{""accession"": ""0001193125-12-437071"", ""cik"": ""0001489393"", ""evidence_kind"": ""sec_bulk_issuer_name_no_ticker"", ""filed_date"": ""2012-10-26"", ""historical_name"": ""LYONDELLBASELL INDUSTRIES N.V."", ""sha256"": ""af6629de7547f5d75c85abf170550b9466768071fcd419d5fdf1a1d026436e98"", ""source_url"": ""https://www.sec.gov/files/dera/data/financial-statement-data-sets/2012q4.zip""}, {""accession"": ""0001193125-14-166880"", ""cik"": ""0001489393"", ""evidence_kind"": ""sec_bulk_issuer_name_no_ticker"", ""filed_date"": ""2014-04-29"", ""historical_name"": ""LYONDELLBASELL INDUSTRIES N.V."", ""sha256"": ""ab03600231a08369a980a31dde8bb78b6cd49f56d39ab7b90ca5bc0cfd52aa7f"", ""source_url"": ""https://www.sec.gov/files/dera/data/financial-statement-data-sets/2014q2.zip""}, {""accession"": ""0001193125-15-351698"", ""cik"": ""0001489393"", ""evidence_kind"": ""sec_bulk_issuer_name_no_ticker"", ""filed_date"": ""2015-10-23"", ""historical_name"": ""LYONDELLBASELL INDUSTRIES N.V."", ""sha256"": ""1723b41ef2a1d3ea6595f6052ef229a80e03cd183391ca9e297a894f9e589d83"", ""source_url"": ""https://www.sec.gov/files/dera/data/financial-statement-data-sets/2015q4.zip""}]"
M,0000794367,2010-01-01,2016-01-01,confirmed_by_multiple_evidence,3,3,24,2010-03-31,2015-12-01,True,False,[],"[{""accession"": ""0000794367-13-000092"", ""cik"": ""0000794367"", ""evidence_kind"": ""sec_dei_ticker"", ""filed_date"": ""2013-04-03"", ""sha256"": ""159bb850c1fc91bdf3dfb17e6c93ab9d5f8f05fe21a3a180f4870eb6c9ef7dfc"", ""source_url"": ""https://www.sec.gov/Archives/edgar/data/794367/000079436713000092/m-20130202.xml""}, {""accession"": ""0000794367-15-000156"", ""cik"": ""0000794367"", ""evidence_kind"": ""sec_dei_ticker"", ""filed_date"": ""2015-12-01"", ""sha256"": ""3d02011a03be873e759db1364ea1536e978621bf349bd36b0159c2cee23134eb"", ""source_url"": ""https://www.sec.gov/Archives/edgar/data/794367/000079436715000156/m-20151031.xml""}, {""accession"": ""0001193125-10-072854"", ""cik"": ""0000794367"", ""evidence_kind"": ""sec_dei_ticker"", ""filed_date"": ""2010-03-31"", ""sha256"": ""4473aa2abd9f1f36019dbbadd03df63a910f93b1a538c231ab39e996ce2d6f64"", ""source_url"": ""https://www.sec.gov/Archives/edgar/data/794367/000119312510072854/m-20100130.xml""}, {""accession"": ""0000794367-13-000122"", ""cik"": ""0000794367"", ""evidence_kind"": ""sec_bulk_issuer_name_no_ticker"", ""filed_date"": ""2013-06-10"", ""historical_name"": ""MACY'S, INC."", ""sha256"": ""7cc764386ea9cb01d62e1a9f4fac38dc9c741e96886a953ddaad2def4eb489c7"", ""source_url"": ""https://www.sec.gov/files/dera/data/financial-statement-data-sets/2013q2.zip""}, {""accession"": ""0000794367-12-000096"", ""cik"": ""0000794367"", ""evidence_kind"": ""sec_bulk_issuer_name_no_ticker"", ""filed_date"": ""2012-03-28"", ""historical_name"": ""MACY'S, INC."", ""sha256"": ""42ed1a5ecac978d4338bd51cd4bc15bf60cc821291eea492f8172fc4e803d5f6"", ""source_url"": ""https://www.sec.gov/files/dera/data/financial-statement-data-sets/2012q1.zip""}]"
MA,0001141391,2010-01-01,2016-01-01,confirmed_by_multiple_evidence,3,3,24,2010-02-18,2015-10-29,True,False,[],"[{""accession"": ""0001141391-13-000003"", ""cik"": ""0001141391"", ""evidence_kind"": ""sec_dei_ticker"", ""filed_date"": ""2013-02-14"", ""sha256"": ""e3142054b78cf3777d9f78bda997769ac70cab482e8119f63952b6064f29c350"", ""source_url"": ""https://www.sec.gov/Archives/edgar/data/1141391/000114139113000003/ma-20121231.xml""}, {""accession"": ""0001141391-15-000065"", ""cik"": ""0001141391"", ""evidence_kind"": ""sec_dei_ticker"", ""filed_date"": ""2015-10-29"", ""sha256"": ""73c644a59ca0ff2e9e418aa4c275b123c4a8b80e630c15a7e395e4f6346dfe98"", ""source_url"": ""https://www.sec.gov/Archives/edgar/data/1141391/000114139115000065/ma-20150930.xml""}, {""accession"": ""0001193125-10-034065"", ""cik"": ""0001141391"", ""evidence_kind"": ""sec_dei_ticker"", ""filed_date"": ""2010-02-18"", ""sha256"": ""3fb1c5f882ff939d454dde6ed30886323c558ff8130744dea23ff19f38b7370c"", ""source_url"": ""https://www.sec.gov/Archives/edgar/data/1141391/000119312510034065/ma-20091231.xml""}, {""accession"": ""0001141391-13-000007"", ""cik"": ""0001141391"", ""evidence_kind"": ""sec_bulk_issuer_name_no_ticker"", ""filed_date"": ""2013-05-01"", ""historical_name"": ""MASTERCARD INC"", ""sha256"": ""7cc764386ea9cb01d62e1a9f4fac38dc9c741e96886a953ddaad2def4eb489c7"", ""source_url"": ""https://www.sec.gov/files/dera/data/financial-statement-data-sets/2013q2.zip""}, {""accession"": ""0001141391-12-000003"", ""cik"": ""0001141391"", ""evidence_kind"": ""sec_bulk_issuer_name_no_ticker"", ""filed_date"": ""2012-02-16"", ""historical_name"": ""MASTERCARD INC"", ""sha256"": ""42ed1a5ecac978d4338bd51cd4bc15bf60cc821291eea492f8172fc4e803d5f6"", ""source_url"": ""https://www.sec.gov/files/dera/data/financial-statement-data-sets/2012q1.zip""}]"
MAC,0000912242,2013-05-09,2016-01-01,corroborated_candidate,10,0,10,2013-08-08,2015-11-05,True,False,[],"[{""accession"": ""0001047469-13-008247"", ""cik"": ""0000912242"", ""evidence_kind"": ""sec_bulk_issuer_name_no_ticker"", ""filed_date"": ""2013-08-08"", ""historical_name"": ""MACERICH CO"", ""sha256"": ""c9134387b650a9194f14b3f832f16aa1a72255c20a0e0b954001a643933cc849"", ""source_url"": ""https://www.sec.gov/files/dera/data/financial-statement-data-sets/2013q3.zip""}, {""accession"": ""0000912242-14-000013"", ""cik"": ""0000912242"", ""evidence_kind"": ""sec_bulk_issuer_name_no_ticker"", ""filed_date"": ""2014-11-03"", ""historical_name"": ""MACERICH CO"", ""sha256"": ""c82395b7df380a95b30d652784372a5439dea9ed750d89784822bb643cbc4930"", ""source_url"": ""https://www.sec.gov/files/dera/data/financial-statement-data-sets/2014q4.zip""}, {""accession"": ""0000912242-15-000017"", ""cik"": ""0000912242"", ""evidence_kind"": ""sec_bulk_issuer_name_no_ticker"", ""filed_date"": ""2015-11-05"", ""historical_name"": ""MACERICH CO"", ""sha256"": ""1723b41ef2a1d3ea6595f6052ef229a80e03cd183391ca9e297a894f9e589d83"", ""source_url"": ""https://www.sec.gov/files/dera/data/financial-statement-data-sets/2015q4.zip""}]"
MAR,0001048286,2010-01-01,2016-01-01,confirmed_by_multiple_evidence,5,5,24,2010-02-12,2015-10-29,True,False,[],"[{""accession"": ""0001193125-10-030603"", ""cik"": ""0001048286"", ""evidence_kind"": ""sec_dei_ticker"", ""filed_date"": ""2010-02-12"", ""sha256"": ""4a690c3bf9302ade82d547495d9d00f66549c7eb58f7a0857c4e9f9f8425d228"", ""source_url"": ""https://www.sec.gov/Archives/edgar/data/1048286/000119312510030603/mar-20100101.xml""}, {""accession"": ""0001445305-12-002157"", ""cik"": ""0001048286"", ""evidence_kind"": ""sec_dei_ticker"", ""filed_date"": ""2012-07-12"", ""sha256"": ""de59fd1fe3ebe76d90964b243374458d3d831f8832cf118a4e26aa0659e9d7d9"", ""source_url"": ""https://www.sec.gov/Archives/edgar/data/1048286/000144530512002157/mar-20120615.xml""}, {""accession"": ""0001445305-13-000255"", ""cik"": ""0001048286"", ""evidence_kind"": ""sec_dei_ticker"", ""filed_date"": ""2013-02-20"", ""sha256"": ""03a1268dd68684bc84dcddd57ce465c3ba2b4a38fa9f85cd3fa8a1c72e23efa7"", ""source_url"": ""https://www.sec.gov/Archives/edgar/data/1048286/000144530513000255/mar-20121228.xml""}, {""accession"": ""0001445305-13-001794"", ""cik"": ""0001048286"", ""evidence_kind"": ""sec_dei_ticker"", ""filed_date"": ""2013-08-01"", ""sha256"": ""28e4ca1fc5cef1c4bb085a437e0caeff04fe33d75fe2aa6e409a1dc96142ea06"", ""source_url"": ""https://www.sec.gov/Archives/edgar/data/1048286/000144530513001794/mar-20130630.xml""}, {""accession"": ""0001628280-15-007991"", ""cik"": ""0001048286"", ""evidence_kind"": ""sec_dei_ticker"", ""filed_date"": ""2015-10-29"", ""sha256"": ""f08c93dd959929441959147d5f56662132b8eee3f5fcba5083f26f508b3609bb"", ""source_url"": ""https://www.sec.gov/Archives/edgar/data/1048286/000162828015007991/mar-20150930.xml""}, {""accession"": ""0001445305-13-001051"", ""cik"": ""0001048286"", ""evidence_kind"": ""sec_bulk_issuer_name_no_ticker"", ""filed_date"": ""2013-05-02"", ""historical_name"": ""MARRIOTT INTERNATIONAL INC /MD/"", ""sha256"": ""7cc764386ea9cb01d62e1a9f4fac38dc9c741e96886a953ddaad2def4eb489c7"", ""source_url"": ""https://www.sec.gov/files/dera/data/financial-statement-data-sets/2013q2.zip""}, {""accession"": ""0001445305-12-000342"", ""cik"": ""0001048286"", ""evidence_kind"": ""sec_bulk_issuer_name_no_ticker"", ""filed_date"": ""2012-02-16"", ""historical_name"": ""MARRIOTT INTERNATIONAL INC /MD/"", ""sha256"": ""42ed1a5ecac978d4338bd51cd4bc15bf60cc821291eea492f8172fc4e803d5f6"", ""source_url"": ""https://www.sec.gov/files/dera/data/financial-statement-data-sets/2012q1.zip""}]"
MAS,0000062996,2010-01-01,2016-01-01,corroborated_candidate,24,1,24,2010-02-16,2015-10-27,True,False,[],"[{""accession"": ""0001193125-13-062852"", ""cik"": ""0000062996"", ""evidence_kind"": ""sec_dei_ticker"", ""filed_date"": ""2013-02-15"", ""sha256"": ""50a1b4b3a42fe2dd76fc55292918f4ece8cc20c585002d2656e9d554f50788c2"", ""source_url"": ""https://www.sec.gov/Archives/edgar/data/62996/000119312513062852/mas-20121231.xml""}, {""accession"": ""0000950123-10-013437"", ""cik"": ""0000062996"", ""evidence_kind"": ""sec_bulk_issuer_name_no_ticker"", ""filed_date"": ""2010-02-16"", ""historical_name"": ""MASCO CORP /DE/"", ""sha256"": ""2a4db2340ab1662d5135d7e17be1a58352c5959017350f0ef2174135f9996125"", ""source_url"": ""https://www.sec.gov/files/dera/data/financial-statement-data-sets/2010q1.zip""}, {""accession"": ""0001193125-13-195470"", ""cik"": ""0000062996"", ""evidence_kind"": ""sec_bulk_issuer_name_no_ticker"", ""filed_date"": ""2013-05-02"", ""historical_name"": ""MASCO CORP /DE/"", ""sha256"": ""7cc764386ea9cb01d62e1a9f4fac38dc9c741e96886a953ddaad2def4eb489c7"", ""source_url"": ""https://www.sec.gov/files/dera/data/financial-statement-data-sets/2013q2.zip""}, {""accession"": ""0001193125-12-070524"", ""cik"": ""0000062996"", ""evidence_kind"": ""sec_bulk_issuer_name_no_ticker"", ""filed_date"": ""2012-02-21"", ""historical_name"": ""MASCO CORP /DE/"", ""sha256"": ""42ed1a5ecac978d4338bd51cd4bc15bf60cc821291eea492f8172fc4e803d5f6"", ""source_url"": ""https://www.sec.gov/files/dera/data/financial-statement-data-sets/2012q1.zip""}]"
MAT,0000063276,2010-01-01,2016-01-01,confirmed_by_multiple_evidence,3,3,24,2010-02-24,2015-10-27,True,False,[],"[{""accession"": ""0001193125-10-038642"", ""cik"": ""0000063276"", ""evidence_kind"": ""sec_dei_ticker"", ""filed_date"": ""2010-02-24"", ""sha256"": ""db2b31beeaaba024c8b480e8e91b6fb91473585692e93f04ad1ad113b290bf0f"", ""source_url"": ""https://www.sec.gov/Archives/edgar/data/63276/000119312510038642/mat-20091231.xml""}, {""accession"": ""0001193125-13-076313"", ""cik"": ""0000063276"", ""evidence_kind"": ""sec_dei_ticker"", ""filed_date"": ""2013-02-26"", ""sha256"": ""d4dc467a45b40d451f821def5c5c93b950294310e144b3f69c22e1eae6529e47"", ""source_url"": ""https://www.sec.gov/Archives/edgar/data/63276/000119312513076313/mat-20121231.xml""}, {""accession"": ""0001193125-15-354462"", ""cik"": ""0000063276"", ""evidence_kind"": ""sec_dei_ticker"", ""filed_date"": ""2015-10-27"", ""sha256"": ""8b72e1672c7553ed6f52687189126f93c1ee81a998b91a29da409471431f9098"", ""source_url"": ""https://www.sec.gov/Archives/edgar/data/63276/000119312515354462/mat-20150930.xml""}, {""accession"": ""0001193125-13-164346"", ""cik"": ""0000063276"", ""evidence_kind"": ""sec_bulk_issuer_name_no_ticker"", ""filed_date"": ""2013-04-22"", ""historical_name"": ""MATTEL INC /DE/"", ""sha256"": ""7cc764386ea9cb01d62e1a9f4fac38dc9c741e96886a953ddaad2def4eb489c7"", ""source_url"": ""https://www.sec.gov/files/dera/data/financial-statement-data-sets/2013q2.zip""}, {""accession"": ""0001193125-12-074927"", ""cik"": ""0000063276"", ""evidence_kind"": ""sec_bulk_issuer_name_no_ticker"", ""filed_date"": ""2012-02-23"", ""historical_name"": ""MATTEL INC /DE/"", ""sha256"": ""42ed1a5ecac978d4338bd51cd4bc15bf60cc821291eea492f8172fc4e803d5f6"", ""source_url"": ""https://www.sec.gov/files/dera/data/financial-statement-data-sets/2012q1.zip""}]"
MCD,0000063908,2010-01-01,2016-01-01,confirmed_by_multiple_evidence,3,3,24,2010-02-26,2015-11-04,True,False,[],"[{""accession"": ""0000063908-13-000010"", ""cik"": ""0000063908"", ""evidence_kind"": ""sec_dei_ticker"", ""filed_date"": ""2013-02-25"", ""sha256"": ""4c034c12e13fb1b4120e8c2ac5b819ddde6cf853e8167bbf4e41f92081de31e6"", ""source_url"": ""https://www.sec.gov/Archives/edgar/data/63908/000006390813000010/mcd-20121231.xml""}, {""accession"": ""0000063908-15-000081"", ""cik"": ""0000063908"", ""evidence_kind"": ""sec_dei_ticker"", ""filed_date"": ""2015-11-04"", ""sha256"": ""2b654480ad7c5a2729d0065b2d038712b072f163a1c27c7feee5dd59755e752d"", ""source_url"": ""https://www.sec.gov/Archives/edgar/data/63908/000006390815000081/mcd-20150930.xml""}, {""accession"": ""0001193125-10-042025"", ""cik"": ""0000063908"", ""evidence_kind"": ""sec_dei_ticker"", ""filed_date"": ""2010-02-26"", ""sha256"": ""8ab0e832e260816155f9e0a753690b3627abe7f746b8184bb11d1f18f23f9bf6"", ""source_url"": ""https://www.sec.gov/Archives/edgar/data/63908/000119312510042025/mcd-20091231.xml""}, {""accession"": ""0000063908-13-000028"", ""cik"": ""0000063908"", ""evidence_kind"": ""sec_bulk_issuer_name_no_ticker"", ""filed_date"": ""2013-05-01"", ""historical_name"": ""MCDONALDS CORP"", ""sha256"": ""7cc764386ea9cb01d62e1a9f4fac38dc9c741e96886a953ddaad2def4eb489c7"", ""source_url"": ""https://www.sec.gov/files/dera/data/financial-statement-data-sets/2013q2.zip""}, {""accession"": ""0001193125-12-077317"", ""cik"": ""0000063908"", ""evidence_kind"": ""sec_bulk_issuer_name_no_ticker"", ""filed_date"": ""2012-02-24"", ""historical_name"": ""MCDONALDS CORP"", ""sha256"": ""42ed1a5ecac978d4338bd51cd4bc15bf60cc821291eea492f8172fc4e803d5f6"", ""source_url"": ""https://www.sec.gov/files/dera/data/financial-statement-data-sets/2012q1.zip""}]"
MCHP,0000827054,2010-01-01,2016-01-01,corroborated_candidate,24,0,24,2010-02-09,2015-11-09,True,False,[],"[{""accession"": ""0000827054-10-000049"", ""cik"": ""0000827054"", ""evidence_kind"": ""sec_bulk_issuer_name_no_ticker"", ""filed_date"": ""2010-02-09"", ""historical_name"": ""MICROCHIP TECHNOLOGY INC"", ""sha256"": ""2a4db2340ab1662d5135d7e17be1a58352c5959017350f0ef2174135f9996125"", ""source_url"": ""https://www.sec.gov/files/dera/data/financial-statement-data-sets/2010q1.zip""}, {""accession"": ""0000827054-13-000171"", ""cik"": ""0000827054"", ""evidence_kind"": ""sec_bulk_issuer_name_no_ticker"", ""filed_date"": ""2013-05-30"", ""historical_name"": ""MICROCHIP TECHNOLOGY INC"", ""sha256"": ""7cc764386ea9cb01d62e1a9f4fac38dc9c741e96886a953ddaad2def4eb489c7"", ""source_url"": ""https://www.sec.gov/files/dera/data/financial-statement-data-sets/2013q2.zip""}, {""accession"": ""0000827054-12-000035"", ""cik"": ""0000827054"", ""evidence_kind"": ""sec_bulk_issuer_name_no_ticker"", ""filed_date"": ""2012-02-06"", ""historical_name"": ""MICROCHIP TECHNOLOGY INC"", ""sha256"": ""42ed1a5ecac978d4338bd51cd4bc15bf60cc821291eea492f8172fc4e803d5f6"", ""source_url"": ""https://www.sec.gov/files/dera/data/financial-statement-data-sets/2012q1.zip""}]"
MCK,0000927653,2010-01-01,2016-01-01,corroborated_candidate,24,0,24,2010-01-26,2015-10-29,True,False,[],"[{""accession"": ""0000950123-10-005311"", ""cik"": ""0000927653"", ""evidence_kind"": ""sec_bulk_issuer_name_no_ticker"", ""filed_date"": ""2010-01-26"", ""historical_name"": ""MCKESSON CORP"", ""sha256"": ""2a4db2340ab1662d5135d7e17be1a58352c5959017350f0ef2174135f9996125"", ""source_url"": ""https://www.sec.gov/files/dera/data/financial-statement-data-sets/2010q1.zip""}, {""accession"": ""0001561787-13-000010"", ""cik"": ""0000927653"", ""evidence_kind"": ""sec_bulk_issuer_name_no_ticker"", ""filed_date"": ""2013-05-07"", ""historical_name"": ""MCKESSON CORP"", ""sha256"": ""7cc764386ea9cb01d62e1a9f4fac38dc9c741e96886a953ddaad2def4eb489c7"", ""source_url"": ""https://www.sec.gov/files/dera/data/financial-statement-data-sets/2013q2.zip""}, {""accession"": ""0001193125-12-029656"", ""cik"": ""0000927653"", ""evidence_kind"": ""sec_bulk_issuer_name_no_ticker"", ""filed_date"": ""2012-01-30"", ""historical_name"": ""MCKESSON CORP"", ""sha256"": ""42ed1a5ecac978d4338bd51cd4bc15bf60cc821291eea492f8172fc4e803d5f6"", ""source_url"": ""https://www.sec.gov/files/dera/data/financial-statement-data-sets/2012q1.zip""}]"
MCO,0001059556,2010-01-01,2016-01-01,confirmed_by_multiple_evidence,3,3,24,2010-03-01,2015-11-04,True,False,[],"[{""accession"": ""0001193125-10-043405"", ""cik"": ""0001059556"", ""evidence_kind"": ""sec_dei_ticker"", ""filed_date"": ""2010-03-01"", ""sha256"": ""1853cffe55310faeb720e6b4e9c66ec35d7e5a99251a29992b3e3c44ce7bbee5"", ""source_url"": ""https://www.sec.gov/Archives/edgar/data/1059556/000119312510043405/mco-20091231.xml""}, {""accession"": ""0001193125-13-074571"", ""cik"": ""0001059556"", ""evidence_kind"": ""sec_dei_ticker"", ""filed_date"": ""2013-02-26"", ""sha256"": ""7d5902b70db884cd650a5558e8fa11c51e35a8a5996c8f1b94ad0c2333daa666"", ""source_url"": ""https://www.sec.gov/Archives/edgar/data/1059556/000119312513074571/mco-20121231.xml""}, {""accession"": ""0001193125-15-364771"", ""cik"": ""0001059556"", ""evidence_kind"": ""sec_dei_ticker"", ""filed_date"": ""2015-11-04"", ""sha256"": ""0999c42520048e3d210db10c81006babc31c1deb7b56f21e7e788311ed4b7b8f"", ""source_url"": ""https://www.sec.gov/Archives/edgar/data/1059556/000119312515364771/mco-20150930.xml""}, {""accession"": ""0001193125-13-199200"", ""cik"": ""0001059556"", ""evidence_kind"": ""sec_bulk_issuer_name_no_ticker"", ""filed_date"": ""2013-05-03"", ""historical_name"": ""MOODYS CORP /DE/"", ""sha256"": ""7cc764386ea9cb01d62e1a9f4fac38dc9c741e96886a953ddaad2def4eb489c7"", ""source_url"": ""https://www.sec.gov/files/dera/data/financial-statement-data-sets/2013q2.zip""}, {""accession"": ""0001193125-12-081639"", ""cik"": ""0001059556"", ""evidence_kind"": ""sec_bulk_issuer_name_no_ticker"", ""filed_date"": ""2012-02-27"", ""historical_name"": ""MOODYS CORP /DE/"", ""sha256"": ""42ed1a5ecac978d4338bd51cd4bc15bf60cc821291eea492f8172fc4e803d5f6"", ""source_url"": ""https://www.sec.gov/files/dera/data/financial-statement-data-sets/2012q1.zip""}]"
MDLZ,0001103982,2012-10-02,2016-01-01,confirmed_by_multiple_evidence,3,3,13,2012-11-08,2015-10-29,True,False,[],"[{""accession"": ""0001193125-12-459504"", ""cik"": ""0001103982"", ""evidence_kind"": ""sec_dei_ticker"", ""filed_date"": ""2012-11-08"", ""sha256"": ""56d7bec3bb946f6648e8b13c2e062c1b726181e15cef093d55987920b01d9758"", ""source_url"": ""https://www.sec.gov/Archives/edgar/data/1103982/000119312512459504/mdlz-20120930.xml""}, {""accession"": ""0001193125-14-189125"", ""cik"": ""0001103982"", ""evidence_kind"": ""sec_dei_ticker"", ""filed_date"": ""2014-05-08"", ""sha256"": ""4cc3d637c70c294b5dce9b360615344e4a1b107ef62aedae4272436938b445c3"", ""source_url"": ""https://www.sec.gov/Archives/edgar/data/1103982/000119312514189125/mdlz-20140331.xml""}, {""accession"": ""0001193125-15-357422"", ""cik"": ""0001103982"", ""evidence_kind"": ""sec_dei_ticker"", ""filed_date"": ""2015-10-29"", ""sha256"": ""a161d4cc606dd93331b34315140a25756733e48cf8a7b174b72472de103772ed"", ""source_url"": ""https://www.sec.gov/Archives/edgar/data/1103982/000119312515357422/mdlz-20150930.xml""}]"
MDP,0000065011,2010-01-01,2011-01-03,unresolved,1,0,1,2010-10-27,2010-10-27,True,True,[],"[{""accession"": ""0000065011-10-000111"", ""cik"": ""0000065011"", ""evidence_kind"": ""sec_bulk_issuer_name_no_ticker"", ""filed_date"": ""2010-10-27"", ""historical_name"": ""MEREDITH CORP"", ""sha256"": ""3dc43a8559cba9e1a9bb5a283a99e1fdfd2b0eaa7a9460887d5b4c70d69cef63"", ""source_url"": ""https://www.sec.gov/files/dera/data/financial-statement-data-sets/2010q4.zip""}, {""evidence_kind"": ""sec_official_name_chain_no_ticker"", ""sha256"": ""b79a7f8ed6d6f4d9d1e21c05363c07a62d9f9598e89be7272f75938c45cca391"", ""source_url"": ""https://data.sec.gov/submissions/CIK0000065011.json""}]"
MDT,0001613103,2010-01-01,2016-01-01,corroborated_candidate,4,0,4,2015-02-27,2015-12-09,True,False,[],"[{""accession"": ""0001613103-15-000008"", ""cik"": ""0001613103"", ""evidence_kind"": ""sec_bulk_issuer_name_no_ticker"", ""filed_date"": ""2015-02-27"", ""historical_name"": ""MEDTRONIC PLC"", ""sha256"": ""baa9e434480b8299593b781e8156f855e0c4548677329f166f495cbae287e52e"", ""source_url"": ""https://www.sec.gov/files/dera/data/financial-statement-data-sets/2015q1.zip""}, {""accession"": ""0001613103-15-000038"", ""cik"": ""0001613103"", ""evidence_kind"": ""sec_bulk_issuer_name_no_ticker"", ""filed_date"": ""2015-09-09"", ""historical_name"": ""MEDTRONIC PLC"", ""sha256"": ""9301fa2e346aa6b3a48a36cafab80d1aab5d7970e60bfd168d53ba852a4deca9"", ""source_url"": ""https://www.sec.gov/files/dera/data/financial-statement-data-sets/2015q3.zip""}, {""accession"": ""0001613103-15-000053"", ""cik"": ""0001613103"", ""evidence_kind"": ""sec_bulk_issuer_name_no_ticker"", ""filed_date"": ""2015-12-09"", ""historical_name"": ""MEDTRONIC PLC"", ""sha256"": ""1723b41ef2a1d3ea6595f6052ef229a80e03cd183391ca9e297a894f9e589d83"", ""source_url"": ""https://www.sec.gov/files/dera/data/financial-statement-data-sets/2015q4.zip""}]"
MEE,0000037748,2010-01-01,2011-06-01,corroborated_candidate,5,0,5,2010-03-01,2011-05-10,True,False,[],"[{""accession"": ""0000037748-10-000014"", ""cik"": ""0000037748"", ""evidence_kind"": ""sec_bulk_issuer_name_no_ticker"", ""filed_date"": ""2010-03-01"", ""historical_name"": ""MASSEY ENERGY CO"", ""sha256"": ""2a4db2340ab1662d5135d7e17be1a58352c5959017350f0ef2174135f9996125"", ""source_url"": ""https://www.sec.gov/files/dera/data/financial-statement-data-sets/2010q1.zip""}, {""accession"": ""0000037748-10-000042"", ""cik"": ""0000037748"", ""evidence_kind"": ""sec_bulk_issuer_name_no_ticker"", ""filed_date"": ""2010-11-08"", ""historical_name"": ""MASSEY ENERGY CO"", ""sha256"": ""3dc43a8559cba9e1a9bb5a283a99e1fdfd2b0eaa7a9460887d5b4c70d69cef63"", ""source_url"": ""https://www.sec.gov/files/dera/data/financial-statement-data-sets/2010q4.zip""}, {""accession"": ""0001140361-11-026379"", ""cik"": ""0000037748"", ""evidence_kind"": ""sec_bulk_issuer_name_no_ticker"", ""filed_date"": ""2011-05-10"", ""historical_name"": ""MASSEY ENERGY CO"", ""sha256"": ""10a6f98f14d2a341e938a379ea32beb4857b01d59facf04e6e7b3c68558a95d1"", ""source_url"": ""https://www.sec.gov/files/dera/data/financial-statement-data-sets/2011q2.zip""}]"
MET,0001099219,2010-01-01,2016-01-01,corroborated_candidate,24,0,24,2010-02-26,2015-11-05,True,False,[],"[{""accession"": ""0000950123-10-018284"", ""cik"": ""0001099219"", ""evidence_kind"": ""sec_bulk_issuer_name_no_ticker"", ""filed_date"": ""2010-02-26"", ""historical_name"": ""METLIFE INC"", ""sha256"": ""2a4db2340ab1662d5135d7e17be1a58352c5959017350f0ef2174135f9996125"", ""source_url"": ""https://www.sec.gov/files/dera/data/financial-statement-data-sets/2010q1.zip""}, {""accession"": ""0001193125-13-204734"", ""cik"": ""0001099219"", ""evidence_kind"": ""sec_bulk_issuer_name_no_ticker"", ""filed_date"": ""2013-05-07"", ""historical_name"": ""METLIFE INC"", ""sha256"": ""7cc764386ea9cb01d62e1a9f4fac38dc9c741e96886a953ddaad2def4eb489c7"", ""source_url"": ""https://www.sec.gov/files/dera/data/financial-statement-data-sets/2013q2.zip""}, {""accession"": ""0001193125-12-085720"", ""cik"": ""0001099219"", ""evidence_kind"": ""sec_bulk_issuer_name_no_ticker"", ""filed_date"": ""2012-02-28"", ""historical_name"": ""METLIFE INC"", ""sha256"": ""42ed1a5ecac978d4338bd51cd4bc15bf60cc821291eea492f8172fc4e803d5f6"", ""source_url"": ""https://www.sec.gov/files/dera/data/financial-statement-data-sets/2012q1.zip""}]"
MFE,0000890801,2010-01-01,2011-02-28,corroborated_candidate,4,0,4,2010-02-26,2010-11-05,True,False,[],"[{""accession"": ""0000950123-10-018425"", ""cik"": ""0000890801"", ""evidence_kind"": ""sec_bulk_issuer_name_no_ticker"", ""filed_date"": ""2010-02-26"", ""historical_name"": ""MCAFEE, INC."", ""sha256"": ""2a4db2340ab1662d5135d7e17be1a58352c5959017350f0ef2174135f9996125"", ""source_url"": ""https://www.sec.gov/files/dera/data/financial-statement-data-sets/2010q1.zip""}, {""accession"": ""0000950123-10-074317"", ""cik"": ""0000890801"", ""evidence_kind"": ""sec_bulk_issuer_name_no_ticker"", ""filed_date"": ""2010-08-06"", ""historical_name"": ""MCAFEE, INC."", ""sha256"": ""52014faf614ca0d7b8040e364f5b3e99f28d5e96b711aa922b490056e2c1d7b5"", ""source_url"": ""https://www.sec.gov/files/dera/data/financial-statement-data-sets/2010q3.zip""}, {""accession"": ""0000950123-10-101826"", ""cik"": ""0000890801"", ""evidence_kind"": ""sec_bulk_issuer_name_no_ticker"", ""filed_date"": ""2010-11-05"", ""historical_name"": ""MCAFEE, INC."", ""sha256"": ""3dc43a8559cba9e1a9bb5a283a99e1fdfd2b0eaa7a9460887d5b4c70d69cef63"", ""source_url"": ""https://www.sec.gov/files/dera/data/financial-statement-data-sets/2010q4.zip""}]"
MHK,0000851968,2013-12-23,2016-01-01,corroborated_candidate,8,0,8,2014-02-28,2015-11-09,True,False,[],"[{""accession"": ""0000851968-14-000021"", ""cik"": ""0000851968"", ""evidence_kind"": ""sec_bulk_issuer_name_no_ticker"", ""filed_date"": ""2014-02-28"", ""historical_name"": ""MOHAWK INDUSTRIES INC"", ""sha256"": ""bf55481c6e0088fb45e8efeb2d8de6912a9c3533da918376a24ca5f84144680f"", ""source_url"": ""https://www.sec.gov/files/dera/data/financial-statement-data-sets/2014q1.zip""}, {""accession"": ""0000851968-15-000022"", ""cik"": ""0000851968"", ""evidence_kind"": ""sec_bulk_issuer_name_no_ticker"", ""filed_date"": ""2015-02-27"", ""historical_name"": ""MOHAWK INDUSTRIES INC"", ""sha256"": ""baa9e434480b8299593b781e8156f855e0c4548677329f166f495cbae287e52e"", ""source_url"": ""https://www.sec.gov/files/dera/data/financial-statement-data-sets/2015q1.zip""}, {""accession"": ""0000851968-15-000098"", ""cik"": ""0000851968"", ""evidence_kind"": ""sec_bulk_issuer_name_no_ticker"", ""filed_date"": ""2015-11-09"", ""historical_name"": ""MOHAWK INDUSTRIES INC"", ""sha256"": ""1723b41ef2a1d3ea6595f6052ef229a80e03cd183391ca9e297a894f9e589d83"", ""source_url"": ""https://www.sec.gov/files/dera/data/financial-statement-data-sets/2015q4.zip""}]"
MHS,0001170650,2010-01-01,2012-04-02,corroborated_candidate,9,0,9,2010-02-23,2012-02-21,True,False,[],"[{""accession"": ""0000950123-10-015821"", ""cik"": ""0001170650"", ""evidence_kind"": ""sec_bulk_issuer_name_no_ticker"", ""filed_date"": ""2010-02-23"", ""historical_name"": ""MEDCO HEALTH SOLUTIONS INC"", ""sha256"": ""2a4db2340ab1662d5135d7e17be1a58352c5959017350f0ef2174135f9996125"", ""source_url"": ""https://www.sec.gov/files/dera/data/financial-statement-data-sets/2010q1.zip""}, {""accession"": ""0000950123-11-016534"", ""cik"": ""0001170650"", ""evidence_kind"": ""sec_bulk_issuer_name_no_ticker"", ""filed_date"": ""2011-02-22"", ""historical_name"": ""MEDCO HEALTH SOLUTIONS INC"", ""sha256"": ""e63b781a5e57e55d68e110a06d3f697e942a60e17f093bbdc1a16ac7152a7df5"", ""source_url"": ""https://www.sec.gov/files/dera/data/financial-statement-data-sets/2011q1.zip""}, {""accession"": ""0000950123-12-002878"", ""cik"": ""0001170650"", ""evidence_kind"": ""sec_bulk_issuer_name_no_ticker"", ""filed_date"": ""2012-02-21"", ""historical_name"": ""MEDCO HEALTH SOLUTIONS INC"", ""sha256"": ""42ed1a5ecac978d4338bd51cd4bc15bf60cc821291eea492f8172fc4e803d5f6"", ""source_url"": ""https://www.sec.gov/files/dera/data/financial-statement-data-sets/2012q1.zip""}]"
MI,0001399315,2010-01-01,2011-07-05,corroborated_candidate,4,0,4,2010-08-09,2011-05-10,True,False,[],"[{""accession"": ""0001399315-10-000026"", ""cik"": ""0001399315"", ""evidence_kind"": ""sec_bulk_issuer_name_no_ticker"", ""filed_date"": ""2010-08-09"", ""historical_name"": ""MARSHALL & ILSLEY CORP"", ""sha256"": ""52014faf614ca0d7b8040e364f5b3e99f28d5e96b711aa922b490056e2c1d7b5"", ""source_url"": ""https://www.sec.gov/files/dera/data/financial-statement-data-sets/2010q3.zip""}, {""accession"": ""0001399315-11-000009"", ""cik"": ""0001399315"", ""evidence_kind"": ""sec_bulk_issuer_name_no_ticker"", ""filed_date"": ""2011-03-01"", ""historical_name"": ""MARSHALL & ILSLEY CORP"", ""sha256"": ""e63b781a5e57e55d68e110a06d3f697e942a60e17f093bbdc1a16ac7152a7df5"", ""source_url"": ""https://www.sec.gov/files/dera/data/financial-statement-data-sets/2011q1.zip""}, {""accession"": ""0001399315-11-000013"", ""cik"": ""0001399315"", ""evidence_kind"": ""sec_bulk_issuer_name_no_ticker"", ""filed_date"": ""2011-05-10"", ""historical_name"": ""MARSHALL & ILSLEY CORP"", ""sha256"": ""10a6f98f14d2a341e938a379ea32beb4857b01d59facf04e6e7b3c68558a95d1"", ""source_url"": ""https://www.sec.gov/files/dera/data/financial-statement-data-sets/2011q2.zip""}]"
MIL,0000066479,2010-01-01,2010-07-14,unresolved,0,0,0,,,False,False,[],[]
MJN,0001452575,2010-01-01,2016-01-01,corroborated_candidate,19,1,19,2011-04-28,2015-10-22,True,False,[],"[{""accession"": ""0001193125-11-114031"", ""cik"": ""0001452575"", ""evidence_kind"": ""sec_dei_ticker"", ""filed_date"": ""2011-04-28"", ""sha256"": ""d054ec2a9125180f9c7f03b9ca5cd2bdeda2a7710422b7e2a4f14eb6a6abe34d"", ""source_url"": ""https://www.sec.gov/Archives/edgar/data/1452575/000119312511114031/mjn-20110331.xml""}, {""accession"": ""0001452575-13-000015"", ""cik"": ""0001452575"", ""evidence_kind"": ""sec_bulk_issuer_name_no_ticker"", ""filed_date"": ""2013-10-24"", ""historical_name"": ""MEAD JOHNSON NUTRITION CO"", ""sha256"": ""7781ac25ddbd4f6eb8eb85e838656181fb06e8bc16b1dd5efccb9e21f8f5baa7"", ""source_url"": ""https://www.sec.gov/files/dera/data/financial-statement-data-sets/2013q4.zip""}, {""accession"": ""0001047469-12-001135"", ""cik"": ""0001452575"", ""evidence_kind"": ""sec_bulk_issuer_name_no_ticker"", ""filed_date"": ""2012-02-17"", ""historical_name"": ""MEAD JOHNSON NUTRITION CO"", ""sha256"": ""42ed1a5ecac978d4338bd51cd4bc15bf60cc821291eea492f8172fc4e803d5f6"", ""source_url"": ""https://www.sec.gov/files/dera/data/financial-statement-data-sets/2012q1.zip""}]"
MKC,0000063754,2010-01-01,2016-01-01,corroborated_candidate,21,0,21,2010-10-01,2015-10-05,True,False,[],"[{""accession"": ""0001193125-10-221435"", ""cik"": ""0000063754"", ""evidence_kind"": ""sec_bulk_issuer_name_no_ticker"", ""filed_date"": ""2010-10-01"", ""historical_name"": ""MCCORMICK & CO INC"", ""sha256"": ""3dc43a8559cba9e1a9bb5a283a99e1fdfd2b0eaa7a9460887d5b4c70d69cef63"", ""source_url"": ""https://www.sec.gov/files/dera/data/financial-statement-data-sets/2010q4.zip""}, {""accession"": ""0000063754-13-000024"", ""cik"": ""0000063754"", ""evidence_kind"": ""sec_bulk_issuer_name_no_ticker"", ""filed_date"": ""2013-06-28"", ""historical_name"": ""MCCORMICK & CO INC"", ""sha256"": ""7cc764386ea9cb01d62e1a9f4fac38dc9c741e96886a953ddaad2def4eb489c7"", ""source_url"": ""https://www.sec.gov/files/dera/data/financial-statement-data-sets/2013q2.zip""}, {""accession"": ""0001193125-12-026335"", ""cik"": ""0000063754"", ""evidence_kind"": ""sec_bulk_issuer_name_no_ticker"", ""filed_date"": ""2012-01-27"", ""historical_name"": ""MCCORMICK & CO INC"", ""sha256"": ""42ed1a5ecac978d4338bd51cd4bc15bf60cc821291eea492f8172fc4e803d5f6"", ""source_url"": ""https://www.sec.gov/files/dera/data/financial-statement-data-sets/2012q1.zip""}]"
MLM,0000916076,2014-07-02,2016-01-01,confirmed_by_multiple_evidence,3,3,6,2014-08-04,2015-11-05,True,False,[],"[{""accession"": ""0001193125-14-293028"", ""cik"": ""0000916076"", ""evidence_kind"": ""sec_dei_ticker"", ""filed_date"": ""2014-08-04"", ""sha256"": ""b833ab948c0feec09009425e75b6ef96f30ecb2143bc4ecc7ebbe92eb652e75a"", ""source_url"": ""https://www.sec.gov/Archives/edgar/data/916076/000119312514293028/mlm-20140630.xml""}, {""accession"": ""0001564590-15-003297"", ""cik"": ""0000916076"", ""evidence_kind"": ""sec_dei_ticker"", ""filed_date"": ""2015-05-05"", ""sha256"": ""9ecec5911e4e6361b0c81b376715159405b4d351cbaf297ff8ab68019610b3fd"", ""source_url"": ""https://www.sec.gov/Archives/edgar/data/916076/000156459015003297/mlm-20150331.xml""}, {""accession"": ""0001564590-15-009552"", ""cik"": ""0000916076"", ""evidence_kind"": ""sec_dei_ticker"", ""filed_date"": ""2015-11-05"", ""sha256"": ""fb1394fc5a8265765db3b5122d7e59393508db176b818884d4f19cd3fd491c0c"", ""source_url"": ""https://www.sec.gov/Archives/edgar/data/916076/000156459015009552/mlm-20150930.xml""}]"
MMC,0000062709,2010-01-01,2016-01-01,confirmed_by_multiple_evidence,3,3,23,2010-02-26,2015-10-29,True,False,[],"[{""accession"": ""0000062709-13-000004"", ""cik"": ""0000062709"", ""evidence_kind"": ""sec_dei_ticker"", ""filed_date"": ""2013-02-27"", ""sha256"": ""eac36ab0299a360fe6b59fc7676e16e0dddfbf059b599d6851dd55346568fedf"", ""source_url"": ""https://www.sec.gov/Archives/edgar/data/62709/000006270913000004/mmc-20121231.xml""}, {""accession"": ""0000062709-15-000032"", ""cik"": ""0000062709"", ""evidence_kind"": ""sec_dei_ticker"", ""filed_date"": ""2015-10-29"", ""sha256"": ""8449d03f49f1d637957cb36f153699b99b53afdc4f9402c761040da12373c612"", ""source_url"": ""https://www.sec.gov/Archives/edgar/data/62709/000006270915000032/mmc-20150930.xml""}, {""accession"": ""0001193125-10-042765"", ""cik"": ""0000062709"", ""evidence_kind"": ""sec_dei_ticker"", ""filed_date"": ""2010-02-26"", ""sha256"": ""ee878f91b49067ac6af5bcee90ec4c1dc0af830de344b1cd3bbfd7756e75efd1"", ""source_url"": ""https://www.sec.gov/Archives/edgar/data/62709/000119312510042765/mmc-20091231.xml""}, {""accession"": ""0000062709-13-000014"", ""cik"": ""0000062709"", ""evidence_kind"": ""sec_bulk_issuer_name_no_ticker"", ""filed_date"": ""2013-05-09"", ""historical_name"": ""MARSH & MCLENNAN COMPANIES, INC."", ""sha256"": ""7cc764386ea9cb01d62e1a9f4fac38dc9c741e96886a953ddaad2def4eb489c7"", ""source_url"": ""https://www.sec.gov/files/dera/data/financial-statement-data-sets/2013q2.zip""}, {""accession"": ""0000062709-12-000016"", ""cik"": ""0000062709"", ""evidence_kind"": ""sec_bulk_issuer_name_no_ticker"", ""filed_date"": ""2012-02-28"", ""historical_name"": ""MARSH & MCLENNAN COMPANIES, INC."", ""sha256"": ""42ed1a5ecac978d4338bd51cd4bc15bf60cc821291eea492f8172fc4e803d5f6"", ""source_url"": ""https://www.sec.gov/files/dera/data/financial-statement-data-sets/2012q1.zip""}]"
MMI,0001495569,2011-03-09,2012-05-21,corroborated_candidate,4,0,4,2011-07-29,2012-05-01,True,False,[],"[{""accession"": ""0001193125-11-201160"", ""cik"": ""0001495569"", ""evidence_kind"": ""sec_bulk_issuer_name_no_ticker"", ""filed_date"": ""2011-07-29"", ""historical_name"": ""MOTOROLA MOBILITY HOLDINGS, INC"", ""sha256"": ""43b9beb243c6686a29df5cf817ed2cb3a7c86a7398bbc56e2fb4d0cf4784ac28"", ""source_url"": ""https://www.sec.gov/files/dera/data/financial-statement-data-sets/2011q3.zip""}, {""accession"": ""0001193125-12-201021"", ""cik"": ""0001495569"", ""evidence_kind"": ""sec_bulk_issuer_name_no_ticker"", ""filed_date"": ""2012-05-01"", ""historical_name"": ""MOTOROLA MOBILITY HOLDINGS, INC"", ""sha256"": ""0dbb10aa316c674f07849a28e67a25a0a59bd6ef2bc214cd1800c8a2d2a05df6"", ""source_url"": ""https://www.sec.gov/files/dera/data/financial-statement-data-sets/2012q2.zip""}, {""accession"": ""0001193125-12-067566"", ""cik"": ""0001495569"", ""evidence_kind"": ""sec_bulk_issuer_name_no_ticker"", ""filed_date"": ""2012-02-17"", ""historical_name"": ""MOTOROLA MOBILITY HOLDINGS, INC"", ""sha256"": ""42ed1a5ecac978d4338bd51cd4bc15bf60cc821291eea492f8172fc4e803d5f6"", ""source_url"": ""https://www.sec.gov/files/dera/data/financial-statement-data-sets/2012q1.zip""}]"
MMM,0000066740,2010-01-01,2016-01-01,corroborated_candidate,24,1,24,2010-02-16,2015-10-29,True,False,[],"[{""accession"": ""0001558370-15-002024"", ""cik"": ""0000066740"", ""evidence_kind"": ""sec_dei_ticker"", ""filed_date"": ""2015-10-29"", ""sha256"": ""d18aeec186bdcce4bca54a922ee74f44145f4caf16033733a8ce728be45f89af"", ""source_url"": ""https://www.sec.gov/Archives/edgar/data/66740/000155837015002024/mmm-20150930.xml""}, {""accession"": ""0001104659-10-007295"", ""cik"": ""0000066740"", ""evidence_kind"": ""sec_bulk_issuer_name_no_ticker"", ""filed_date"": ""2010-02-16"", ""historical_name"": ""3M CO"", ""sha256"": ""2a4db2340ab1662d5135d7e17be1a58352c5959017350f0ef2174135f9996125"", ""source_url"": ""https://www.sec.gov/files/dera/data/financial-statement-data-sets/2010q1.zip""}, {""accession"": ""0001104659-13-036580"", ""cik"": ""0000066740"", ""evidence_kind"": ""sec_bulk_issuer_name_no_ticker"", ""filed_date"": ""2013-05-02"", ""historical_name"": ""3M CO"", ""sha256"": ""7cc764386ea9cb01d62e1a9f4fac38dc9c741e96886a953ddaad2def4eb489c7"", ""source_url"": ""https://www.sec.gov/files/dera/data/financial-statement-data-sets/2013q2.zip""}, {""accession"": ""0001104659-12-010566"", ""cik"": ""0000066740"", ""evidence_kind"": ""sec_bulk_issuer_name_no_ticker"", ""filed_date"": ""2012-02-16"", ""historical_name"": ""3M CO"", ""sha256"": ""42ed1a5ecac978d4338bd51cd4bc15bf60cc821291eea492f8172fc4e803d5f6"", ""source_url"": ""https://www.sec.gov/files/dera/data/financial-statement-data-sets/2012q1.zip""}]"
MNK,0001567892,2014-08-19,2016-01-01,confirmed_by_multiple_evidence,3,3,5,2014-11-25,2015-11-24,True,False,[],"[{""accession"": ""0001567892-14-000040"", ""cik"": ""0001567892"", ""evidence_kind"": ""sec_dei_ticker"", ""filed_date"": ""2014-11-25"", ""sha256"": ""7f47b61490dda07ed54e5c5045825f1433bb924d2b585fd0add03c598dde8ec5"", ""source_url"": ""https://www.sec.gov/Archives/edgar/data/1567892/000156789214000040/mnk-20140926.xml""}, {""accession"": ""0001567892-15-000020"", ""cik"": ""0001567892"", ""evidence_kind"": ""sec_dei_ticker"", ""filed_date"": ""2015-05-05"", ""sha256"": ""66b005cd0eaaa9fdf725cff27afab9ec51d94248340ac0ddaa84fdf26442ee3e"", ""source_url"": ""https://www.sec.gov/Archives/edgar/data/1567892/000156789215000020/mnk-20150327.xml""}, {""accession"": ""0001567892-15-000047"", ""cik"": ""0001567892"", ""evidence_kind"": ""sec_dei_ticker"", ""filed_date"": ""2015-11-24"", ""sha256"": ""8a2f1ebb94802db2e06d95f9935ece89e148fc333f8455e5d695a5f68d0483b2"", ""source_url"": ""https://www.sec.gov/Archives/edgar/data/1567892/000156789215000047/mnk-20150925.xml""}]"
MNST,0000865752,2012-06-29,2016-01-01,corroborated_candidate,14,0,14,2012-08-09,2015-11-06,True,False,[],"[{""accession"": ""0001104659-12-056565"", ""cik"": ""0000865752"", ""evidence_kind"": ""sec_bulk_issuer_name_no_ticker"", ""filed_date"": ""2012-08-09"", ""historical_name"": ""MONSTER BEVERAGE CORP"", ""sha256"": ""a5b705fab7948837fc890d820c2b809d4afdb0ff1836129ad5a16127275f0ebf"", ""source_url"": ""https://www.sec.gov/files/dera/data/financial-statement-data-sets/2012q3.zip""}, {""accession"": ""0001104659-14-037192"", ""cik"": ""0000865752"", ""evidence_kind"": ""sec_bulk_issuer_name_no_ticker"", ""filed_date"": ""2014-05-12"", ""historical_name"": ""MONSTER BEVERAGE CORP"", ""sha256"": ""ab03600231a08369a980a31dde8bb78b6cd49f56d39ab7b90ca5bc0cfd52aa7f"", ""source_url"": ""https://www.sec.gov/files/dera/data/financial-statement-data-sets/2014q2.zip""}, {""accession"": ""0001104659-15-076694"", ""cik"": ""0000865752"", ""evidence_kind"": ""sec_bulk_issuer_name_no_ticker"", ""filed_date"": ""2015-11-06"", ""historical_name"": ""MONSTER BEVERAGE CORP"", ""sha256"": ""1723b41ef2a1d3ea6595f6052ef229a80e03cd183391ca9e297a894f9e589d83"", ""source_url"": ""https://www.sec.gov/files/dera/data/financial-statement-data-sets/2015q4.zip""}]"
MO,0000764180,2010-01-01,2016-01-01,confirmed_by_multiple_evidence,3,3,23,2010-02-24,2015-10-29,True,False,[],"[{""accession"": ""0000764180-13-000024"", ""cik"": ""0000764180"", ""evidence_kind"": ""sec_dei_ticker"", ""filed_date"": ""2013-02-27"", ""sha256"": ""60690ed5b7ea099fce4ee11a953092bcdb39a73ea8f330ae21fe268cc000390d"", ""source_url"": ""https://www.sec.gov/Archives/edgar/data/764180/000076418013000024/mo-20121231.xml""}, {""accession"": ""0000764180-15-000094"", ""cik"": ""0000764180"", ""evidence_kind"": ""sec_dei_ticker"", ""filed_date"": ""2015-10-29"", ""sha256"": ""81d7d484a2fe1deec22a05a1acbcb62a74abef96d9e9f1293ad2de0fdcce0900"", ""source_url"": ""https://www.sec.gov/Archives/edgar/data/764180/000076418015000094/mo-20150930.xml""}, {""accession"": ""0001193125-10-039027"", ""cik"": ""0000764180"", ""evidence_kind"": ""sec_dei_ticker"", ""filed_date"": ""2010-02-24"", ""sha256"": ""6eb6008c5ee58704356eee42bd64c846ccf5a26dff43931e9150e46a62859196"", ""source_url"": ""https://www.sec.gov/Archives/edgar/data/764180/000119312510039027/mo-20091231.xml""}, {""accession"": ""0000764180-13-000036"", ""cik"": ""0000764180"", ""evidence_kind"": ""sec_bulk_issuer_name_no_ticker"", ""filed_date"": ""2013-04-25"", ""historical_name"": ""ALTRIA GROUP, INC."", ""sha256"": ""7cc764386ea9cb01d62e1a9f4fac38dc9c741e96886a953ddaad2def4eb489c7"", ""source_url"": ""https://www.sec.gov/files/dera/data/financial-statement-data-sets/2013q2.zip""}, {""accession"": ""0001193125-12-064660"", ""cik"": ""0000764180"", ""evidence_kind"": ""sec_bulk_issuer_name_no_ticker"", ""filed_date"": ""2012-02-16"", ""historical_name"": ""ALTRIA GROUP, INC."", ""sha256"": ""42ed1a5ecac978d4338bd51cd4bc15bf60cc821291eea492f8172fc4e803d5f6"", ""source_url"": ""https://www.sec.gov/files/dera/data/financial-statement-data-sets/2012q1.zip""}]"
MOLX,0000067472,2010-01-01,2013-12-09,corroborated_candidate,13,1,13,2010-10-29,2013-10-24,True,False,[],"[{""accession"": ""0000067472-13-000010"", ""cik"": ""0000067472"", ""evidence_kind"": ""sec_dei_ticker"", ""filed_date"": ""2013-10-24"", ""sha256"": ""6d65c61f3ebdd5781516eceab4c73fea42486aa606c2cf02c3db6e27949d4131"", ""source_url"": ""https://www.sec.gov/Archives/edgar/data/67472/000006747213000010/molx-20130930.xml""}, {""accession"": ""0000950123-10-098063"", ""cik"": ""0000067472"", ""evidence_kind"": ""sec_bulk_issuer_name_no_ticker"", ""filed_date"": ""2010-10-29"", ""historical_name"": ""MOLEX INC"", ""sha256"": ""3dc43a8559cba9e1a9bb5a283a99e1fdfd2b0eaa7a9460887d5b4c70d69cef63"", ""source_url"": ""https://www.sec.gov/files/dera/data/financial-statement-data-sets/2010q4.zip""}, {""accession"": ""0001193125-12-346793"", ""cik"": ""0000067472"", ""evidence_kind"": ""sec_bulk_issuer_name_no_ticker"", ""filed_date"": ""2012-08-09"", ""historical_name"": ""MOLEX INC"", ""sha256"": ""a5b705fab7948837fc890d820c2b809d4afdb0ff1836129ad5a16127275f0ebf"", ""source_url"": ""https://www.sec.gov/files/dera/data/financial-statement-data-sets/2012q3.zip""}, {""accession"": ""0001193125-12-024550"", ""cik"": ""0000067472"", ""evidence_kind"": ""sec_bulk_issuer_name_no_ticker"", ""filed_date"": ""2012-01-26"", ""historical_name"": ""MOLEX INC"", ""sha256"": ""42ed1a5ecac978d4338bd51cd4bc15bf60cc821291eea492f8172fc4e803d5f6"", ""source_url"": ""https://www.sec.gov/files/dera/data/financial-statement-data-sets/2012q1.zip""}]"
MON,0001110783,2010-01-01,2016-01-01,corroborated_candidate,24,0,24,2010-01-08,2015-10-29,True,False,[],"[{""accession"": ""0000950123-10-001322"", ""cik"": ""0001110783"", ""evidence_kind"": ""sec_bulk_issuer_name_no_ticker"", ""filed_date"": ""2010-01-08"", ""historical_name"": ""MONSANTO CO /NEW/"", ""sha256"": ""2a4db2340ab1662d5135d7e17be1a58352c5959017350f0ef2174135f9996125"", ""source_url"": ""https://www.sec.gov/files/dera/data/financial-statement-data-sets/2010q1.zip""}, {""accession"": ""0001110783-13-000110"", ""cik"": ""0001110783"", ""evidence_kind"": ""sec_bulk_issuer_name_no_ticker"", ""filed_date"": ""2013-06-27"", ""historical_name"": ""MONSANTO CO /NEW/"", ""sha256"": ""7cc764386ea9cb01d62e1a9f4fac38dc9c741e96886a953ddaad2def4eb489c7"", ""source_url"": ""https://www.sec.gov/files/dera/data/financial-statement-data-sets/2013q2.zip""}, {""accession"": ""0001193125-12-004720"", ""cik"": ""0001110783"", ""evidence_kind"": ""sec_bulk_issuer_name_no_ticker"", ""filed_date"": ""2012-01-06"", ""historical_name"": ""MONSANTO CO /NEW/"", ""sha256"": ""42ed1a5ecac978d4338bd51cd4bc15bf60cc821291eea492f8172fc4e803d5f6"", ""source_url"": ""https://www.sec.gov/files/dera/data/financial-statement-data-sets/2012q1.zip""}]"
MOS,0001285785,2011-09-26,2016-01-01,corroborated_candidate,16,1,16,2011-09-29,2015-11-03,True,False,[],"[{""accession"": ""0001618034-15-000020"", ""cik"": ""0001285785"", ""evidence_kind"": ""sec_dei_ticker"", ""filed_date"": ""2015-11-03"", ""sha256"": ""43c4f9bfa79003093721b658a12b491bea640ec92ad352ab2a60b0385dda4997"", ""source_url"": ""https://www.sec.gov/Archives/edgar/data/1285785/000161803415000020/mos-20150930.xml""}, {""accession"": ""0001193125-11-260021"", ""cik"": ""0001285785"", ""evidence_kind"": ""sec_bulk_issuer_name_no_ticker"", ""filed_date"": ""2011-09-29"", ""historical_name"": ""MOSAIC CO"", ""sha256"": ""43b9beb243c6686a29df5cf817ed2cb3a7c86a7398bbc56e2fb4d0cf4784ac28"", ""source_url"": ""https://www.sec.gov/files/dera/data/financial-statement-data-sets/2011q3.zip""}, {""accession"": ""0001193125-14-289449"", ""cik"": ""0001285785"", ""evidence_kind"": ""sec_bulk_issuer_name_no_ticker"", ""filed_date"": ""2014-07-31"", ""historical_name"": ""MOSAIC CO"", ""sha256"": ""4d10510a2f17a6da8012d83f66bed7fbb434bca2529f7b2a92043c522d2c52b1"", ""source_url"": ""https://www.sec.gov/files/dera/data/financial-statement-data-sets/2014q3.zip""}, {""accession"": ""0001193125-12-002337"", ""cik"": ""0001285785"", ""evidence_kind"": ""sec_bulk_issuer_name_no_ticker"", ""filed_date"": ""2012-01-04"", ""historical_name"": ""MOSAIC CO"", ""sha256"": ""42ed1a5ecac978d4338bd51cd4bc15bf60cc821291eea492f8172fc4e803d5f6"", ""source_url"": ""https://www.sec.gov/files/dera/data/financial-statement-data-sets/2012q1.zip""}]"
MPC,0001510295,2011-07-01,2016-01-01,confirmed_by_multiple_evidence,2,2,18,2011-08-09,2015-11-02,True,False,[],"[{""accession"": ""0001510295-13-000003"", ""cik"": ""0001510295"", ""evidence_kind"": ""sec_dei_ticker"", ""filed_date"": ""2013-11-07"", ""sha256"": ""ca95b1451ce910ad189eeb976e3d8dbfdb5a51e5b1a2a2cfe1cdb69dae7ceeeb"", ""source_url"": ""https://www.sec.gov/Archives/edgar/data/1510295/000151029513000003/mpc-20130930.xml""}, {""accession"": ""0001510295-15-000050"", ""cik"": ""0001510295"", ""evidence_kind"": ""sec_dei_ticker"", ""filed_date"": ""2015-11-02"", ""sha256"": ""52e56f099583247903a8b359c88b23712970b3defa0ea028cc5c41d8d39fb975"", ""source_url"": ""https://www.sec.gov/Archives/edgar/data/1510295/000151029515000050/mpc-20150930.xml""}, {""accession"": ""0001193125-11-216086"", ""cik"": ""0001510295"", ""evidence_kind"": ""sec_bulk_issuer_name_no_ticker"", ""filed_date"": ""2011-08-09"", ""historical_name"": ""MARATHON PETROLEUM CORP"", ""sha256"": ""43b9beb243c6686a29df5cf817ed2cb3a7c86a7398bbc56e2fb4d0cf4784ac28"", ""source_url"": ""https://www.sec.gov/files/dera/data/financial-statement-data-sets/2011q3.zip""}, {""accession"": ""0001510295-14-000004"", ""cik"": ""0001510295"", ""evidence_kind"": ""sec_bulk_issuer_name_no_ticker"", ""filed_date"": ""2014-02-28"", ""historical_name"": ""MARATHON PETROLEUM CORP"", ""sha256"": ""bf55481c6e0088fb45e8efeb2d8de6912a9c3533da918376a24ca5f84144680f"", ""source_url"": ""https://www.sec.gov/files/dera/data/financial-statement-data-sets/2014q1.zip""}, {""accession"": ""0001193125-12-088690"", ""cik"": ""0001510295"", ""evidence_kind"": ""sec_bulk_issuer_name_no_ticker"", ""filed_date"": ""2012-02-29"", ""historical_name"": ""MARATHON PETROLEUM CORP"", ""sha256"": ""42ed1a5ecac978d4338bd51cd4bc15bf60cc821291eea492f8172fc4e803d5f6"", ""source_url"": ""https://www.sec.gov/files/dera/data/financial-statement-data-sets/2012q1.zip""}]"
MRK,0000310158,2010-01-01,2016-01-01,confirmed_by_multiple_evidence,2,2,24,2010-03-01,2015-11-05,True,False,[],"[{""accession"": ""0000310158-15-000058"", ""cik"": ""0000310158"", ""evidence_kind"": ""sec_dei_ticker"", ""filed_date"": ""2015-11-05"", ""sha256"": ""6599552bddc241d05d5d6f35325f952b7580b310d03716c1567af4cc2b88043d"", ""source_url"": ""https://www.sec.gov/Archives/edgar/data/310158/000031015815000058/mrk-20150930.xml""}, {""accession"": ""0001193125-13-084618"", ""cik"": ""0000310158"", ""evidence_kind"": ""sec_dei_ticker"", ""filed_date"": ""2013-02-28"", ""sha256"": ""1a7103ae152af6e342f7a62dcdebd34ee0b31713d6b046b600aa1eeaee6a8c7a"", ""source_url"": ""https://www.sec.gov/Archives/edgar/data/310158/000119312513084618/mrk-20121231.xml""}, {""accession"": ""0000950123-10-018679"", ""cik"": ""0000310158"", ""evidence_kind"": ""sec_bulk_issuer_name_no_ticker"", ""filed_date"": ""2010-03-01"", ""historical_name"": ""MERCK & CO. INC."", ""sha256"": ""2a4db2340ab1662d5135d7e17be1a58352c5959017350f0ef2174135f9996125"", ""source_url"": ""https://www.sec.gov/files/dera/data/financial-statement-data-sets/2010q1.zip""}, {""accession"": ""0001193125-13-211374"", ""cik"": ""0000310158"", ""evidence_kind"": ""sec_bulk_issuer_name_no_ticker"", ""filed_date"": ""2013-05-09"", ""historical_name"": ""MERCK & CO. INC."", ""sha256"": ""7cc764386ea9cb01d62e1a9f4fac38dc9c741e96886a953ddaad2def4eb489c7"", ""source_url"": ""https://www.sec.gov/files/dera/data/financial-statement-data-sets/2013q2.zip""}, {""accession"": ""0001193125-12-084319"", ""cik"": ""0000310158"", ""evidence_kind"": ""sec_bulk_issuer_name_no_ticker"", ""filed_date"": ""2012-02-28"", ""historical_name"": ""MERCK & CO. INC."", ""sha256"": ""42ed1a5ecac978d4338bd51cd4bc15bf60cc821291eea492f8172fc4e803d5f6"", ""source_url"": ""https://www.sec.gov/files/dera/data/financial-statement-data-sets/2012q1.zip""}]"
MRO,0000101778,2010-01-01,2016-01-01,corroborated_candidate,23,0,23,2010-02-26,2015-11-05,True,False,[],"[{""accession"": ""0001193125-10-042898"", ""cik"": ""0000101778"", ""evidence_kind"": ""sec_bulk_issuer_name_no_ticker"", ""filed_date"": ""2010-02-26"", ""historical_name"": ""MARATHON OIL CORP"", ""sha256"": ""2a4db2340ab1662d5135d7e17be1a58352c5959017350f0ef2174135f9996125"", ""source_url"": ""https://www.sec.gov/files/dera/data/financial-statement-data-sets/2010q1.zip""}, {""accession"": ""0000101778-13-000019"", ""cik"": ""0000101778"", ""evidence_kind"": ""sec_bulk_issuer_name_no_ticker"", ""filed_date"": ""2013-05-10"", ""historical_name"": ""MARATHON OIL CORP"", ""sha256"": ""7cc764386ea9cb01d62e1a9f4fac38dc9c741e96886a953ddaad2def4eb489c7"", ""source_url"": ""https://www.sec.gov/files/dera/data/financial-statement-data-sets/2013q2.zip""}, {""accession"": ""0001193125-12-088742"", ""cik"": ""0000101778"", ""evidence_kind"": ""sec_bulk_issuer_name_no_ticker"", ""filed_date"": ""2012-02-29"", ""historical_name"": ""MARATHON OIL CORP"", ""sha256"": ""42ed1a5ecac978d4338bd51cd4bc15bf60cc821291eea492f8172fc4e803d5f6"", ""source_url"": ""https://www.sec.gov/files/dera/data/financial-statement-data-sets/2012q1.zip""}]"
MS,0000895421,2010-01-01,2016-01-01,confirmed_by_multiple_evidence,3,3,24,2010-02-26,2015-11-03,True,False,[],"[{""accession"": ""0001193125-10-042763"", ""cik"": ""0000895421"", ""evidence_kind"": ""sec_dei_ticker"", ""filed_date"": ""2010-02-26"", ""sha256"": ""1d38db98acf61d75427f4313f35df0468f2296e443e60eb4e728c650d55bcc6f"", ""source_url"": ""https://www.sec.gov/Archives/edgar/data/895421/000119312510042763/ms-20091231.xml""}, {""accession"": ""0001193125-13-077191"", ""cik"": ""0000895421"", ""evidence_kind"": ""sec_dei_ticker"", ""filed_date"": ""2013-02-26"", ""sha256"": ""04dfd579ed5ee6fcbc964b06ef843858c1ea9d200de3e10a863d890a6b3ef75e"", ""source_url"": ""https://www.sec.gov/Archives/edgar/data/895421/000119312513077191/ms-20121231.xml""}, {""accession"": ""0001193125-15-364313"", ""cik"": ""0000895421"", ""evidence_kind"": ""sec_dei_ticker"", ""filed_date"": ""2015-11-03"", ""sha256"": ""1232c4ce2022c4fbeb6b88ab4f60f85f89e209bd8889f88febdcd07d1622c66a"", ""source_url"": ""https://www.sec.gov/Archives/edgar/data/895421/000119312515364313/ms-20150930.xml""}, {""accession"": ""0001193125-13-204446"", ""cik"": ""0000895421"", ""evidence_kind"": ""sec_bulk_issuer_name_no_ticker"", ""filed_date"": ""2013-05-07"", ""historical_name"": ""MORGAN STANLEY"", ""sha256"": ""7cc764386ea9cb01d62e1a9f4fac38dc9c741e96886a953ddaad2def4eb489c7"", ""source_url"": ""https://www.sec.gov/files/dera/data/financial-statement-data-sets/2013q2.zip""}, {""accession"": ""0001193125-12-081807"", ""cik"": ""0000895421"", ""evidence_kind"": ""sec_bulk_issuer_name_no_ticker"", ""filed_date"": ""2012-02-27"", ""historical_name"": ""MORGAN STANLEY"", ""sha256"": ""42ed1a5ecac978d4338bd51cd4bc15bf60cc821291eea492f8172fc4e803d5f6"", ""source_url"": ""https://www.sec.gov/files/dera/data/financial-statement-data-sets/2012q1.zip""}]"
MSFT,0000789019,2010-01-01,2016-01-01,confirmed_by_multiple_evidence,3,3,23,2010-01-28,2015-10-22,True,False,[],"[{""accession"": ""0001193125-10-015598"", ""cik"": ""0000789019"", ""evidence_kind"": ""sec_dei_ticker"", ""filed_date"": ""2010-01-28"", ""sha256"": ""81c17b6877eb314952aba301233c1234fed56bc653892ccdf1c965ae16509285"", ""source_url"": ""https://www.sec.gov/Archives/edgar/data/789019/000119312510015598/msft-20091231.xml""}, {""accession"": ""0001193125-13-022207"", ""cik"": ""0000789019"", ""evidence_kind"": ""sec_dei_ticker"", ""filed_date"": ""2013-01-24"", ""sha256"": ""330fc034a168eb77c33f05c94f9683816416f8b1495783639f442fe9e58e1b43"", ""source_url"": ""https://www.sec.gov/Archives/edgar/data/789019/000119312513022207/msft-20121231.xml""}, {""accession"": ""0001193125-15-350718"", ""cik"": ""0000789019"", ""evidence_kind"": ""sec_dei_ticker"", ""filed_date"": ""2015-10-22"", ""sha256"": ""8dda87f307de1b7ee8f4600a906b2b5c00ad8275ff067295913407017c73c7d6"", ""source_url"": ""https://www.sec.gov/Archives/edgar/data/789019/000119312515350718/msft-20150930.xml""}]"
MSI,0000068505,2010-01-01,2016-01-01,corroborated_candidate,24,0,24,2010-02-16,2015-11-04,True,False,[],"[{""accession"": ""0001047469-10-000905"", ""cik"": ""0000068505"", ""evidence_kind"": ""sec_bulk_issuer_name_no_ticker"", ""filed_date"": ""2010-02-16"", ""historical_name"": ""MOTOROLA INC"", ""sha256"": ""2a4db2340ab1662d5135d7e17be1a58352c5959017350f0ef2174135f9996125"", ""source_url"": ""https://www.sec.gov/files/dera/data/financial-statement-data-sets/2010q1.zip""}, {""accession"": ""0001445305-13-000881"", ""cik"": ""0000068505"", ""evidence_kind"": ""sec_bulk_issuer_name_no_ticker"", ""filed_date"": ""2013-04-24"", ""historical_name"": ""MOTOROLA SOLUTIONS, INC."", ""sha256"": ""7cc764386ea9cb01d62e1a9f4fac38dc9c741e96886a953ddaad2def4eb489c7"", ""source_url"": ""https://www.sec.gov/files/dera/data/financial-statement-data-sets/2013q2.zip""}, {""accession"": ""0001193125-12-063569"", ""cik"": ""0000068505"", ""evidence_kind"": ""sec_bulk_issuer_name_no_ticker"", ""filed_date"": ""2012-02-15"", ""historical_name"": ""MOTOROLA SOLUTIONS, INC."", ""sha256"": ""42ed1a5ecac978d4338bd51cd4bc15bf60cc821291eea492f8172fc4e803d5f6"", ""source_url"": ""https://www.sec.gov/files/dera/data/financial-statement-data-sets/2012q1.zip""}]"
MTB,0000036270,2010-01-01,2016-01-01,confirmed_by_multiple_evidence,2,2,23,2010-02-19,2015-10-30,True,False,[],"[{""accession"": ""0001193125-13-071824"", ""cik"": ""0000036270"", ""evidence_kind"": ""sec_dei_ticker"", ""filed_date"": ""2013-02-25"", ""sha256"": ""4bde01773815110861788c0e92a11015ba5d551513b090486e3de3ee92bab3d3"", ""source_url"": ""https://www.sec.gov/Archives/edgar/data/36270/000119312513071824/mtb-20121231.xml""}, {""accession"": ""0001193125-15-360678"", ""cik"": ""0000036270"", ""evidence_kind"": ""sec_dei_ticker"", ""filed_date"": ""2015-10-30"", ""sha256"": ""8b73c658561a8b0a63ac982b012dad9a7c7191067a1df6adea2d116f8943a8b4"", ""source_url"": ""https://www.sec.gov/Archives/edgar/data/36270/000119312515360678/mtb-20150930.xml""}, {""accession"": ""0000950123-10-014582"", ""cik"": ""0000036270"", ""evidence_kind"": ""sec_bulk_issuer_name_no_ticker"", ""filed_date"": ""2010-02-19"", ""historical_name"": ""M&T BANK CORP"", ""sha256"": ""2a4db2340ab1662d5135d7e17be1a58352c5959017350f0ef2174135f9996125"", ""source_url"": ""https://www.sec.gov/files/dera/data/financial-statement-data-sets/2010q1.zip""}, {""accession"": ""0001193125-13-211311"", ""cik"": ""0000036270"", ""evidence_kind"": ""sec_bulk_issuer_name_no_ticker"", ""filed_date"": ""2013-05-09"", ""historical_name"": ""M&T BANK CORP"", ""sha256"": ""7cc764386ea9cb01d62e1a9f4fac38dc9c741e96886a953ddaad2def4eb489c7"", ""source_url"": ""https://www.sec.gov/files/dera/data/financial-statement-data-sets/2013q2.zip""}, {""accession"": ""0001193125-12-075161"", ""cik"": ""0000036270"", ""evidence_kind"": ""sec_bulk_issuer_name_no_ticker"", ""filed_date"": ""2012-02-23"", ""historical_name"": ""M&T BANK CORP"", ""sha256"": ""42ed1a5ecac978d4338bd51cd4bc15bf60cc821291eea492f8172fc4e803d5f6"", ""source_url"": ""https://www.sec.gov/files/dera/data/financial-statement-data-sets/2012q1.zip""}]"
MU,0000723125,2010-01-01,2016-01-01,corroborated_candidate,21,0,21,2010-01-12,2015-10-27,True,False,[],"[{""accession"": ""0000723125-10-000019"", ""cik"": ""0000723125"", ""evidence_kind"": ""sec_bulk_issuer_name_no_ticker"", ""filed_date"": ""2010-01-12"", ""historical_name"": ""MICRON TECHNOLOGY INC"", ""sha256"": ""2a4db2340ab1662d5135d7e17be1a58352c5959017350f0ef2174135f9996125"", ""source_url"": ""https://www.sec.gov/files/dera/data/financial-statement-data-sets/2010q1.zip""}, {""accession"": ""0000723125-13-000108"", ""cik"": ""0000723125"", ""evidence_kind"": ""sec_bulk_issuer_name_no_ticker"", ""filed_date"": ""2013-07-08"", ""historical_name"": ""MICRON TECHNOLOGY INC"", ""sha256"": ""c9134387b650a9194f14b3f832f16aa1a72255c20a0e0b954001a643933cc849"", ""source_url"": ""https://www.sec.gov/files/dera/data/financial-statement-data-sets/2013q3.zip""}, {""accession"": ""0000723125-12-000007"", ""cik"": ""0000723125"", ""evidence_kind"": ""sec_bulk_issuer_name_no_ticker"", ""filed_date"": ""2012-01-10"", ""historical_name"": ""MICRON TECHNOLOGY INC"", ""sha256"": ""42ed1a5ecac978d4338bd51cd4bc15bf60cc821291eea492f8172fc4e803d5f6"", ""source_url"": ""https://www.sec.gov/files/dera/data/financial-statement-data-sets/2012q1.zip""}]"
MUR,0000717423,2010-01-01,2016-01-01,confirmed_by_multiple_evidence,3,3,24,2010-02-26,2015-11-05,True,False,[],"[{""accession"": ""0000717423-15-000050"", ""cik"": ""0000717423"", ""evidence_kind"": ""sec_dei_ticker"", ""filed_date"": ""2015-11-05"", ""sha256"": ""1b7b2b9a06829b7652248e9a51b4d7a5141716e65764f8d3cfd32bfc1edbfa88"", ""source_url"": ""https://www.sec.gov/Archives/edgar/data/717423/000071742315000050/mur-20150930.xml""}, {""accession"": ""0001193125-10-042802"", ""cik"": ""0000717423"", ""evidence_kind"": ""sec_dei_ticker"", ""filed_date"": ""2010-02-26"", ""sha256"": ""3fd5685243554732dcfb1c0ed59dd623126ff4facd73c079117bd7c271fa4ce9"", ""source_url"": ""https://www.sec.gov/Archives/edgar/data/717423/000119312510042802/mur-20091231.xml""}, {""accession"": ""0001193125-13-082919"", ""cik"": ""0000717423"", ""evidence_kind"": ""sec_dei_ticker"", ""filed_date"": ""2013-02-28"", ""sha256"": ""ac58d635767cf7d2961d825f7a86a51cd1d5b3a3455dacf7f9aae5d25df078be"", ""source_url"": ""https://www.sec.gov/Archives/edgar/data/717423/000119312513082919/mur-20121231.xml""}, {""accession"": ""0001193125-13-203304"", ""cik"": ""0000717423"", ""evidence_kind"": ""sec_bulk_issuer_name_no_ticker"", ""filed_date"": ""2013-05-07"", ""historical_name"": ""MURPHY OIL CORP /DE"", ""sha256"": ""7cc764386ea9cb01d62e1a9f4fac38dc9c741e96886a953ddaad2def4eb489c7"", ""source_url"": ""https://www.sec.gov/files/dera/data/financial-statement-data-sets/2013q2.zip""}, {""accession"": ""0001193125-12-084989"", ""cik"": ""0000717423"", ""evidence_kind"": ""sec_bulk_issuer_name_no_ticker"", ""filed_date"": ""2012-02-28"", ""historical_name"": ""MURPHY OIL CORP /DE"", ""sha256"": ""42ed1a5ecac978d4338bd51cd4bc15bf60cc821291eea492f8172fc4e803d5f6"", ""source_url"": ""https://www.sec.gov/files/dera/data/financial-statement-data-sets/2012q1.zip""}]"
MWV,0001159297,2010-01-01,2015-07-02,confirmed_by_multiple_evidence,2,2,20,2010-08-03,2015-05-11,True,False,[],"[{""accession"": ""0001193125-13-074373"", ""cik"": ""0001159297"", ""evidence_kind"": ""sec_dei_ticker"", ""filed_date"": ""2013-02-25"", ""sha256"": ""a8bd41eba4311b8cf784f47b3b64d78e423e4f0bbc9d3f2c033bffc2af5fb1c0"", ""source_url"": ""https://www.sec.gov/Archives/edgar/data/1159297/000119312513074373/mwv-20121231.xml""}, {""accession"": ""0001193125-15-182097"", ""cik"": ""0001159297"", ""evidence_kind"": ""sec_dei_ticker"", ""filed_date"": ""2015-05-11"", ""sha256"": ""94cdd78a16bfc6209cda5544303a8a6f9ac8bebac94925ec14385dcf4884e1bd"", ""source_url"": ""https://www.sec.gov/Archives/edgar/data/1159297/000119312515182097/mwv-20150331.xml""}, {""accession"": ""0001193125-10-175117"", ""cik"": ""0001159297"", ""evidence_kind"": ""sec_bulk_issuer_name_no_ticker"", ""filed_date"": ""2010-08-03"", ""historical_name"": ""MEADWESTVACO CORP"", ""sha256"": ""52014faf614ca0d7b8040e364f5b3e99f28d5e96b711aa922b490056e2c1d7b5"", ""source_url"": ""https://www.sec.gov/files/dera/data/financial-statement-data-sets/2010q3.zip""}, {""accession"": ""0001193125-13-201738"", ""cik"": ""0001159297"", ""evidence_kind"": ""sec_bulk_issuer_name_no_ticker"", ""filed_date"": ""2013-05-06"", ""historical_name"": ""MEADWESTVACO CORP"", ""sha256"": ""7cc764386ea9cb01d62e1a9f4fac38dc9c741e96886a953ddaad2def4eb489c7"", ""source_url"": ""https://www.sec.gov/files/dera/data/financial-statement-data-sets/2013q2.zip""}, {""accession"": ""0001193125-12-080361"", ""cik"": ""0001159297"", ""evidence_kind"": ""sec_bulk_issuer_name_no_ticker"", ""filed_date"": ""2012-02-27"", ""historical_name"": ""MEADWESTVACO CORP"", ""sha256"": ""42ed1a5ecac978d4338bd51cd4bc15bf60cc821291eea492f8172fc4e803d5f6"", ""source_url"": ""https://www.sec.gov/files/dera/data/financial-statement-data-sets/2012q1.zip""}]"
MWW,0001020416,2010-01-01,2011-12-16,corroborated_candidate,6,1,6,2010-07-30,2011-10-27,True,False,[],"[{""accession"": ""0001193125-11-284355"", ""cik"": ""0001020416"", ""evidence_kind"": ""sec_dei_ticker"", ""filed_date"": ""2011-10-27"", ""sha256"": ""ee6a430f19a189ab861bef438aa62fa5ef80f56eb84e71ed7949198fcdc6be8c"", ""source_url"": ""https://www.sec.gov/Archives/edgar/data/1020416/000119312511284355/mww-20110930.xml""}, {""accession"": ""0000950123-10-070167"", ""cik"": ""0001020416"", ""evidence_kind"": ""sec_bulk_issuer_name_no_ticker"", ""filed_date"": ""2010-07-30"", ""historical_name"": ""MONSTER WORLDWIDE INC"", ""sha256"": ""52014faf614ca0d7b8040e364f5b3e99f28d5e96b711aa922b490056e2c1d7b5"", ""source_url"": ""https://www.sec.gov/files/dera/data/financial-statement-data-sets/2010q3.zip""}, {""accession"": ""0000950123-11-041811"", ""cik"": ""0001020416"", ""evidence_kind"": ""sec_bulk_issuer_name_no_ticker"", ""filed_date"": ""2011-04-29"", ""historical_name"": ""MONSTER WORLDWIDE INC"", ""sha256"": ""10a6f98f14d2a341e938a379ea32beb4857b01d59facf04e6e7b3c68558a95d1"", ""source_url"": ""https://www.sec.gov/files/dera/data/financial-statement-data-sets/2011q2.zip""}]"
MYL,0001623613,2010-01-01,2016-01-01,corroborated_candidate,3,0,3,2015-05-08,2015-10-30,True,False,[],"[{""accession"": ""0001623613-15-000009"", ""cik"": ""0001623613"", ""evidence_kind"": ""sec_bulk_issuer_name_no_ticker"", ""filed_date"": ""2015-05-08"", ""historical_name"": ""MYLAN N.V."", ""sha256"": ""d3cac325930af6ef145d26fb7e035d7933e900ce174a11adaabb33abd87fbfa1"", ""source_url"": ""https://www.sec.gov/files/dera/data/financial-statement-data-sets/2015q2.zip""}, {""accession"": ""0001623613-15-000029"", ""cik"": ""0001623613"", ""evidence_kind"": ""sec_bulk_issuer_name_no_ticker"", ""filed_date"": ""2015-08-06"", ""historical_name"": ""MYLAN N.V."", ""sha256"": ""9301fa2e346aa6b3a48a36cafab80d1aab5d7970e60bfd168d53ba852a4deca9"", ""source_url"": ""https://www.sec.gov/files/dera/data/financial-statement-data-sets/2015q3.zip""}, {""accession"": ""0001623613-15-000040"", ""cik"": ""0001623613"", ""evidence_kind"": ""sec_bulk_issuer_name_no_ticker"", ""filed_date"": ""2015-10-30"", ""historical_name"": ""MYLAN N.V."", ""sha256"": ""1723b41ef2a1d3ea6595f6052ef229a80e03cd183391ca9e297a894f9e589d83"", ""source_url"": ""https://www.sec.gov/files/dera/data/financial-statement-data-sets/2015q4.zip""}]"
NAVI,0001593538,2014-05-01,2016-01-01,confirmed_by_multiple_evidence,2,2,7,2014-05-09,2015-10-30,True,False,[],"[{""accession"": ""0001193125-15-070145"", ""cik"": ""0001593538"", ""evidence_kind"": ""sec_dei_ticker"", ""filed_date"": ""2015-02-27"", ""sha256"": ""a76daed81168c8853c68373dca80432eebbda2bd31fae6cc6b0ada160e81f5f4"", ""source_url"": ""https://www.sec.gov/Archives/edgar/data/1593538/000119312515070145/navi-20141231.xml""}, {""accession"": ""0001193125-15-360320"", ""cik"": ""0001593538"", ""evidence_kind"": ""sec_dei_ticker"", ""filed_date"": ""2015-10-30"", ""sha256"": ""02dac4acc1284a1f4c2e73613bc92795cefb9ae8be7ce55faea878c7175c9bc7"", ""source_url"": ""https://www.sec.gov/Archives/edgar/data/1593538/000119312515360320/navi-20150930.xml""}, {""accession"": ""0001193125-14-192760"", ""cik"": ""0001593538"", ""evidence_kind"": ""sec_bulk_issuer_name_no_ticker"", ""filed_date"": ""2014-05-09"", ""historical_name"": ""NAVIENT CORP"", ""sha256"": ""ab03600231a08369a980a31dde8bb78b6cd49f56d39ab7b90ca5bc0cfd52aa7f"", ""source_url"": ""https://www.sec.gov/files/dera/data/financial-statement-data-sets/2014q2.zip""}]"
NBL,0000072207,2010-01-01,2016-01-01,corroborated_candidate,24,0,24,2010-02-18,2015-11-02,True,False,[],"[{""accession"": ""0000072207-10-000006"", ""cik"": ""0000072207"", ""evidence_kind"": ""sec_bulk_issuer_name_no_ticker"", ""filed_date"": ""2010-02-18"", ""historical_name"": ""NOBLE ENERGY INC"", ""sha256"": ""2a4db2340ab1662d5135d7e17be1a58352c5959017350f0ef2174135f9996125"", ""source_url"": ""https://www.sec.gov/files/dera/data/financial-statement-data-sets/2010q1.zip""}, {""accession"": ""0000072207-13-000028"", ""cik"": ""0000072207"", ""evidence_kind"": ""sec_bulk_issuer_name_no_ticker"", ""filed_date"": ""2013-04-25"", ""historical_name"": ""NOBLE ENERGY INC"", ""sha256"": ""7cc764386ea9cb01d62e1a9f4fac38dc9c741e96886a953ddaad2def4eb489c7"", ""source_url"": ""https://www.sec.gov/files/dera/data/financial-statement-data-sets/2013q2.zip""}, {""accession"": ""0001140361-12-006454"", ""cik"": ""0000072207"", ""evidence_kind"": ""sec_bulk_issuer_name_no_ticker"", ""filed_date"": ""2012-02-09"", ""historical_name"": ""NOBLE ENERGY INC"", ""sha256"": ""42ed1a5ecac978d4338bd51cd4bc15bf60cc821291eea492f8172fc4e803d5f6"", ""source_url"": ""https://www.sec.gov/files/dera/data/financial-statement-data-sets/2012q1.zip""}]"
NBR,0001163739,2010-01-01,2015-03-23,corroborated_candidate,19,0,19,2010-02-26,2015-03-02,True,False,[],"[{""accession"": ""0000950123-10-018307"", ""cik"": ""0001163739"", ""evidence_kind"": ""sec_bulk_issuer_name_no_ticker"", ""filed_date"": ""2010-02-26"", ""historical_name"": ""NABORS INDUSTRIES LTD"", ""sha256"": ""2a4db2340ab1662d5135d7e17be1a58352c5959017350f0ef2174135f9996125"", ""source_url"": ""https://www.sec.gov/files/dera/data/financial-statement-data-sets/2010q1.zip""}, {""accession"": ""0001104659-13-016655"", ""cik"": ""0001163739"", ""evidence_kind"": ""sec_bulk_issuer_name_no_ticker"", ""filed_date"": ""2013-03-01"", ""historical_name"": ""NABORS INDUSTRIES LTD"", ""sha256"": ""329f4e3e40c0351001037ad1dea3fd28c07100f6f6d6d64d5998ea01b060a790"", ""source_url"": ""https://www.sec.gov/files/dera/data/financial-statement-data-sets/2013q1.zip""}, {""accession"": ""0001193125-12-089662"", ""cik"": ""0001163739"", ""evidence_kind"": ""sec_bulk_issuer_name_no_ticker"", ""filed_date"": ""2012-02-29"", ""historical_name"": ""NABORS INDUSTRIES LTD"", ""sha256"": ""42ed1a5ecac978d4338bd51cd4bc15bf60cc821291eea492f8172fc4e803d5f6"", ""source_url"": ""https://www.sec.gov/files/dera/data/financial-statement-data-sets/2012q1.zip""}]"
NDAQ,0001120193,2010-01-01,2016-01-01,confirmed_by_multiple_evidence,2,2,22,2010-08-04,2015-11-04,True,False,[],"[{""accession"": ""0001120193-15-000018"", ""cik"": ""0001120193"", ""evidence_kind"": ""sec_dei_ticker"", ""filed_date"": ""2015-11-04"", ""sha256"": ""245f163c2cd924a01cd2ee03fea073c4b3f381b2e7185f317dc7994ccd16da03"", ""source_url"": ""https://www.sec.gov/Archives/edgar/data/1120193/000112019315000018/ndaq-20150930.xml""}, {""accession"": ""0001193125-10-176575"", ""cik"": ""0001120193"", ""evidence_kind"": ""sec_dei_ticker"", ""filed_date"": ""2010-08-04"", ""sha256"": ""61454fa54da1a05710744af35a96cd39ca5d40c67fb270f399db5b09febad46b"", ""source_url"": ""https://www.sec.gov/Archives/edgar/data/1120193/000119312510176575/ndaq-20100630.xml""}, {""accession"": ""0001120193-13-000011"", ""cik"": ""0001120193"", ""evidence_kind"": ""sec_bulk_issuer_name_no_ticker"", ""filed_date"": ""2013-08-08"", ""historical_name"": ""NASDAQ OMX GROUP, INC."", ""sha256"": ""c9134387b650a9194f14b3f832f16aa1a72255c20a0e0b954001a643933cc849"", ""source_url"": ""https://www.sec.gov/files/dera/data/financial-statement-data-sets/2013q3.zip""}, {""accession"": ""0001193125-12-077518"", ""cik"": ""0001120193"", ""evidence_kind"": ""sec_bulk_issuer_name_no_ticker"", ""filed_date"": ""2012-02-24"", ""historical_name"": ""NASDAQ OMX GROUP, INC."", ""sha256"": ""42ed1a5ecac978d4338bd51cd4bc15bf60cc821291eea492f8172fc4e803d5f6"", ""source_url"": ""https://www.sec.gov/files/dera/data/financial-statement-data-sets/2012q1.zip""}]"
NE,0001458891,2011-01-18,2015-07-20,confirmed_by_multiple_evidence,6,6,18,2011-02-25,2015-05-07,True,False,[],"[{""accession"": ""0001193125-12-454596"", ""cik"": ""0001458891"", ""evidence_kind"": ""sec_dei_ticker"", ""filed_date"": ""2012-11-06"", ""sha256"": ""d5721469eb2a1ac330504e16240f91c36af737cc95d2a28791066822cd1279cf"", ""source_url"": ""https://www.sec.gov/Archives/edgar/data/1458891/000119312512454596/ne-20120930.xml""}, {""accession"": ""0001193125-13-074360"", ""cik"": ""0001458891"", ""evidence_kind"": ""sec_dei_ticker"", ""filed_date"": ""2013-02-25"", ""sha256"": ""2908e5e3bc873fd9c72227f6a39cdc451905b3bcbc945bf67a11b1d7d29e57a0"", ""source_url"": ""https://www.sec.gov/Archives/edgar/data/1458891/000119312513074360/ne-20121231.xml""}, {""accession"": ""0001193125-13-196465"", ""cik"": ""0001458891"", ""evidence_kind"": ""sec_dei_ticker"", ""filed_date"": ""2013-05-02"", ""sha256"": ""236c83a1e7e61d86f71e6b0f4a52951a29559fa4be1ee048b5250bd729c7c417"", ""source_url"": ""https://www.sec.gov/Archives/edgar/data/1458891/000119312513196465/ne-20130331.xml""}, {""accession"": ""0001193125-14-403546"", ""cik"": ""0001458891"", ""evidence_kind"": ""sec_dei_ticker"", ""filed_date"": ""2014-11-07"", ""sha256"": ""8c53093b6d8df76e0f1f17dce1eecfaff96d346a4e22b3b5327db6b910b5d6df"", ""source_url"": ""https://www.sec.gov/Archives/edgar/data/1458891/000119312514403546/ne-20140930.xml""}, {""accession"": ""0001193125-15-068812"", ""cik"": ""0001458891"", ""evidence_kind"": ""sec_dei_ticker"", ""filed_date"": ""2015-02-27"", ""sha256"": ""946a18b84dad605c6a92b4232f5a0edb82e3fc110b4fa6a1827bcafb8b8a8f7f"", ""source_url"": ""https://www.sec.gov/Archives/edgar/data/1458891/000119312515068812/ne-20141231.xml""}, {""accession"": ""0001193125-15-177074"", ""cik"": ""0001458891"", ""evidence_kind"": ""sec_dei_ticker"", ""filed_date"": ""2015-05-07"", ""sha256"": ""bce3d36dfb9c324def9927dde8a732b8eaa07b9fadbcb4e9795dca26d50034f4"", ""source_url"": ""https://www.sec.gov/Archives/edgar/data/1458891/000119312515177074/ne-20150331.xml""}, {""accession"": ""0000950123-11-018607"", ""cik"": ""0001458891"", ""evidence_kind"": ""sec_bulk_issuer_name_no_ticker"", ""filed_date"": ""2011-02-25"", ""historical_name"": ""NOBLE CORP / SWITZERLAND"", ""sha256"": ""e63b781a5e57e55d68e110a06d3f697e942a60e17f093bbdc1a16ac7152a7df5"", ""source_url"": ""https://www.sec.gov/files/dera/data/financial-statement-data-sets/2011q1.zip""}, {""accession"": ""0001193125-13-319200"", ""cik"": ""0001458891"", ""evidence_kind"": ""sec_bulk_issuer_name_no_ticker"", ""filed_date"": ""2013-08-05"", ""historical_name"": ""NOBLE CORP / SWITZERLAND"", ""sha256"": ""c9134387b650a9194f14b3f832f16aa1a72255c20a0e0b954001a643933cc849"", ""source_url"": ""https://www.sec.gov/files/dera/data/financial-statement-data-sets/2013q3.zip""}, {""accession"": ""0000950123-12-003293"", ""cik"": ""0001458891"", ""evidence_kind"": ""sec_bulk_issuer_name_no_ticker"", ""filed_date"": ""2012-02-27"", ""historical_name"": ""NOBLE CORP / SWITZERLAND"", ""sha256"": ""42ed1a5ecac978d4338bd51cd4bc15bf60cc821291eea492f8172fc4e803d5f6"", ""source_url"": ""https://www.sec.gov/files/dera/data/financial-statement-data-sets/2012q1.zip""}]"
NEE,0000753308,2010-01-01,2016-01-01,corroborated_candidate,23,0,23,2010-02-26,2015-10-30,True,False,[],"[{""accession"": ""0000753308-10-000025"", ""cik"": ""0000753308"", ""evidence_kind"": ""sec_bulk_issuer_name_no_ticker"", ""filed_date"": ""2010-02-26"", ""historical_name"": ""FPL GROUP INC"", ""sha256"": ""2a4db2340ab1662d5135d7e17be1a58352c5959017350f0ef2174135f9996125"", ""source_url"": ""https://www.sec.gov/files/dera/data/financial-statement-data-sets/2010q1.zip""}, {""accession"": ""0000753308-13-000023"", ""cik"": ""0000753308"", ""evidence_kind"": ""sec_bulk_issuer_name_no_ticker"", ""filed_date"": ""2013-02-28"", ""historical_name"": ""NEXTERA ENERGY INC"", ""sha256"": ""329f4e3e40c0351001037ad1dea3fd28c07100f6f6d6d64d5998ea01b060a790"", ""source_url"": ""https://www.sec.gov/files/dera/data/financial-statement-data-sets/2013q1.zip""}, {""accession"": ""0000753308-12-000025"", ""cik"": ""0000753308"", ""evidence_kind"": ""sec_bulk_issuer_name_no_ticker"", ""filed_date"": ""2012-02-28"", ""historical_name"": ""NEXTERA ENERGY INC"", ""sha256"": ""42ed1a5ecac978d4338bd51cd4bc15bf60cc821291eea492f8172fc4e803d5f6"", ""source_url"": ""https://www.sec.gov/files/dera/data/financial-statement-data-sets/2012q1.zip""}]"
NEM,0001164727,2010-01-01,2016-01-01,corroborated_candidate,24,0,24,2010-02-25,2015-10-29,True,False,[],"[{""accession"": ""0000950123-10-016613"", ""cik"": ""0001164727"", ""evidence_kind"": ""sec_bulk_issuer_name_no_ticker"", ""filed_date"": ""2010-02-25"", ""historical_name"": ""NEWMONT MINING CORP /DE/"", ""sha256"": ""2a4db2340ab1662d5135d7e17be1a58352c5959017350f0ef2174135f9996125"", ""source_url"": ""https://www.sec.gov/files/dera/data/financial-statement-data-sets/2010q1.zip""}, {""accession"": ""0001193125-13-183142"", ""cik"": ""0001164727"", ""evidence_kind"": ""sec_bulk_issuer_name_no_ticker"", ""filed_date"": ""2013-04-30"", ""historical_name"": ""NEWMONT MINING CORP /DE/"", ""sha256"": ""7cc764386ea9cb01d62e1a9f4fac38dc9c741e96886a953ddaad2def4eb489c7"", ""source_url"": ""https://www.sec.gov/files/dera/data/financial-statement-data-sets/2013q2.zip""}, {""accession"": ""0001193125-12-075918"", ""cik"": ""0001164727"", ""evidence_kind"": ""sec_bulk_issuer_name_no_ticker"", ""filed_date"": ""2012-02-24"", ""historical_name"": ""NEWMONT MINING CORP /DE/"", ""sha256"": ""42ed1a5ecac978d4338bd51cd4bc15bf60cc821291eea492f8172fc4e803d5f6"", ""source_url"": ""https://www.sec.gov/files/dera/data/financial-statement-data-sets/2012q1.zip""}]"
NFLX,0001065280,2010-12-20,2016-01-01,corroborated_candidate,20,1,20,2011-02-18,2015-10-16,True,False,[],"[{""accession"": ""0001193125-11-040217"", ""cik"": ""0001065280"", ""evidence_kind"": ""sec_dei_ticker"", ""filed_date"": ""2011-02-18"", ""sha256"": ""6d5f7d8270b8494d8f52fcd7e0edf49fb13ce0d8efc0b26b63754bb76c22b885"", ""source_url"": ""https://www.sec.gov/Archives/edgar/data/1065280/000119312511040217/nflx-20101231.xml""}, {""accession"": ""0001065280-13-000036"", ""cik"": ""0001065280"", ""evidence_kind"": ""sec_bulk_issuer_name_no_ticker"", ""filed_date"": ""2013-10-25"", ""historical_name"": ""NETFLIX INC"", ""sha256"": ""7781ac25ddbd4f6eb8eb85e838656181fb06e8bc16b1dd5efccb9e21f8f5baa7"", ""source_url"": ""https://www.sec.gov/files/dera/data/financial-statement-data-sets/2013q4.zip""}, {""accession"": ""0001193125-12-053009"", ""cik"": ""0001065280"", ""evidence_kind"": ""sec_bulk_issuer_name_no_ticker"", ""filed_date"": ""2012-02-10"", ""historical_name"": ""NETFLIX INC"", ""sha256"": ""42ed1a5ecac978d4338bd51cd4bc15bf60cc821291eea492f8172fc4e803d5f6"", ""source_url"": ""https://www.sec.gov/files/dera/data/financial-statement-data-sets/2012q1.zip""}]"
NFX,0000912750,2010-12-20,2016-01-01,corroborated_candidate,19,0,19,2011-04-25,2015-11-04,True,False,[],"[{""accession"": ""0000912750-11-000016"", ""cik"": ""0000912750"", ""evidence_kind"": ""sec_bulk_issuer_name_no_ticker"", ""filed_date"": ""2011-04-25"", ""historical_name"": ""NEWFIELD EXPLORATION CO /DE/"", ""sha256"": ""10a6f98f14d2a341e938a379ea32beb4857b01d59facf04e6e7b3c68558a95d1"", ""source_url"": ""https://www.sec.gov/files/dera/data/financial-statement-data-sets/2011q2.zip""}, {""accession"": ""0000912750-13-000050"", ""cik"": ""0000912750"", ""evidence_kind"": ""sec_bulk_issuer_name_no_ticker"", ""filed_date"": ""2013-11-04"", ""historical_name"": ""NEWFIELD EXPLORATION CO /DE/"", ""sha256"": ""7781ac25ddbd4f6eb8eb85e838656181fb06e8bc16b1dd5efccb9e21f8f5baa7"", ""source_url"": ""https://www.sec.gov/files/dera/data/financial-statement-data-sets/2013q4.zip""}, {""accession"": ""0001193125-12-080837"", ""cik"": ""0000912750"", ""evidence_kind"": ""sec_bulk_issuer_name_no_ticker"", ""filed_date"": ""2012-02-27"", ""historical_name"": ""NEWFIELD EXPLORATION CO /DE/"", ""sha256"": ""42ed1a5ecac978d4338bd51cd4bc15bf60cc821291eea492f8172fc4e803d5f6"", ""source_url"": ""https://www.sec.gov/files/dera/data/financial-statement-data-sets/2012q1.zip""}]"
NI,0001111711,2010-01-01,2016-01-01,corroborated_candidate,22,0,22,2010-08-03,2015-11-03,True,False,[],"[{""accession"": ""0000950123-10-071671"", ""cik"": ""0001111711"", ""evidence_kind"": ""sec_bulk_issuer_name_no_ticker"", ""filed_date"": ""2010-08-03"", ""historical_name"": ""NISOURCE INC/DE"", ""sha256"": ""52014faf614ca0d7b8040e364f5b3e99f28d5e96b711aa922b490056e2c1d7b5"", ""source_url"": ""https://www.sec.gov/files/dera/data/financial-statement-data-sets/2010q3.zip""}, {""accession"": ""0001111711-13-000038"", ""cik"": ""0001111711"", ""evidence_kind"": ""sec_bulk_issuer_name_no_ticker"", ""filed_date"": ""2013-07-31"", ""historical_name"": ""NISOURCE INC/DE"", ""sha256"": ""c9134387b650a9194f14b3f832f16aa1a72255c20a0e0b954001a643933cc849"", ""source_url"": ""https://www.sec.gov/files/dera/data/financial-statement-data-sets/2013q3.zip""}, {""accession"": ""0001193125-12-077712"", ""cik"": ""0001111711"", ""evidence_kind"": ""sec_bulk_issuer_name_no_ticker"", ""filed_date"": ""2012-02-24"", ""historical_name"": ""NISOURCE INC/DE"", ""sha256"": ""42ed1a5ecac978d4338bd51cd4bc15bf60cc821291eea492f8172fc4e803d5f6"", ""source_url"": ""https://www.sec.gov/files/dera/data/financial-statement-data-sets/2012q1.zip""}]"
NKE,0000320187,2010-01-01,2016-01-01,confirmed_by_multiple_evidence,3,3,24,2010-01-06,2015-10-06,True,False,[],"[{""accession"": ""0000320187-15-000208"", ""cik"": ""0000320187"", ""evidence_kind"": ""sec_dei_ticker"", ""filed_date"": ""2015-10-06"", ""sha256"": ""b5b5fd725e0a257753e0e302ba657b2ae10184cdeefce9a49e1b6104b972b97c"", ""source_url"": ""https://www.sec.gov/Archives/edgar/data/320187/000032018715000208/nke-20150831.xml""}, {""accession"": ""0001193125-10-002092"", ""cik"": ""0000320187"", ""evidence_kind"": ""sec_dei_ticker"", ""filed_date"": ""2010-01-06"", ""sha256"": ""d0274ea1ac56d518f14d8ac3ba54a6b84dbc6aff7ef44622b740bb5d4e44e3bd"", ""source_url"": ""https://www.sec.gov/Archives/edgar/data/320187/000119312510002092/nke-20091130.xml""}, {""accession"": ""0001193125-13-008172"", ""cik"": ""0000320187"", ""evidence_kind"": ""sec_dei_ticker"", ""filed_date"": ""2013-01-09"", ""sha256"": ""a98d289f2af9b5f5f3f387d6997862aec628c39a23ac5bc29bd55be7ce84ef2d"", ""source_url"": ""https://www.sec.gov/Archives/edgar/data/320187/000119312513008172/nke-20121130.xml""}, {""accession"": ""0001193125-13-142156"", ""cik"": ""0000320187"", ""evidence_kind"": ""sec_bulk_issuer_name_no_ticker"", ""filed_date"": ""2013-04-04"", ""historical_name"": ""NIKE INC"", ""sha256"": ""7cc764386ea9cb01d62e1a9f4fac38dc9c741e96886a953ddaad2def4eb489c7"", ""source_url"": ""https://www.sec.gov/files/dera/data/financial-statement-data-sets/2013q2.zip""}, {""accession"": ""0001193125-12-003655"", ""cik"": ""0000320187"", ""evidence_kind"": ""sec_bulk_issuer_name_no_ticker"", ""filed_date"": ""2012-01-05"", ""historical_name"": ""NIKE INC"", ""sha256"": ""42ed1a5ecac978d4338bd51cd4bc15bf60cc821291eea492f8172fc4e803d5f6"", ""source_url"": ""https://www.sec.gov/files/dera/data/financial-statement-data-sets/2012q1.zip""}]"
NLSN,0001492633,2013-07-09,2016-01-01,ambiguous,10,1,10,2013-07-30,2015-10-21,True,False,['NLSNNV'],"[{""accession"": ""0001564590-13-000142"", ""cik"": ""0001492633"", ""evidence_kind"": ""sec_dei_ticker"", ""filed_date"": ""2013-07-30"", ""sha256"": ""96c363e9e89815119801f8113a0a283d4edaab27d9f9d15db171cb1b0783dd68"", ""source_url"": ""https://www.sec.gov/Archives/edgar/data/1492633/000156459013000142/nlsn-20130630.xml""}, {""accession"": ""0001564590-14-004429"", ""cik"": ""0001492633"", ""evidence_kind"": ""sec_bulk_issuer_name_no_ticker"", ""filed_date"": ""2014-10-23"", ""historical_name"": ""NIELSEN N.V."", ""sha256"": ""c82395b7df380a95b30d652784372a5439dea9ed750d89784822bb643cbc4930"", ""source_url"": ""https://www.sec.gov/files/dera/data/financial-statement-data-sets/2014q4.zip""}, {""accession"": ""0001564590-15-008496"", ""cik"": ""0001492633"", ""evidence_kind"": ""sec_bulk_issuer_name_no_ticker"", ""filed_date"": ""2015-10-21"", ""historical_name"": ""NIELSEN HOLDINGS PLC"", ""sha256"": ""1723b41ef2a1d3ea6595f6052ef229a80e03cd183391ca9e297a894f9e589d83"", ""source_url"": ""https://www.sec.gov/files/dera/data/financial-statement-data-sets/2015q4.zip""}]"
NOC,0001133421,2010-01-01,2016-01-01,corroborated_candidate,24,0,24,2010-02-09,2015-10-28,True,False,[],"[{""accession"": ""0000950123-10-010126"", ""cik"": ""0001133421"", ""evidence_kind"": ""sec_bulk_issuer_name_no_ticker"", ""filed_date"": ""2010-02-09"", ""historical_name"": ""NORTHROP GRUMMAN CORP /DE/"", ""sha256"": ""2a4db2340ab1662d5135d7e17be1a58352c5959017350f0ef2174135f9996125"", ""source_url"": ""https://www.sec.gov/files/dera/data/financial-statement-data-sets/2010q1.zip""}, {""accession"": ""0001133421-13-000027"", ""cik"": ""0001133421"", ""evidence_kind"": ""sec_bulk_issuer_name_no_ticker"", ""filed_date"": ""2013-04-24"", ""historical_name"": ""NORTHROP GRUMMAN CORP /DE/"", ""sha256"": ""7cc764386ea9cb01d62e1a9f4fac38dc9c741e96886a953ddaad2def4eb489c7"", ""source_url"": ""https://www.sec.gov/files/dera/data/financial-statement-data-sets/2013q2.zip""}, {""accession"": ""0001193125-12-045323"", ""cik"": ""0001133421"", ""evidence_kind"": ""sec_bulk_issuer_name_no_ticker"", ""filed_date"": ""2012-02-08"", ""historical_name"": ""NORTHROP GRUMMAN CORP /DE/"", ""sha256"": ""42ed1a5ecac978d4338bd51cd4bc15bf60cc821291eea492f8172fc4e803d5f6"", ""source_url"": ""https://www.sec.gov/files/dera/data/financial-statement-data-sets/2012q1.zip""}]"
NOV,0001021860,2010-01-01,2016-01-01,confirmed_by_multiple_evidence,2,2,24,2010-02-26,2015-10-30,True,True,[],"[{""accession"": ""0001193125-13-070840"", ""cik"": ""0001021860"", ""evidence_kind"": ""sec_dei_ticker"", ""filed_date"": ""2013-02-22"", ""sha256"": ""f406a98f293778a3fbd334dc29d2e1118c355e9b668dd632924eac44389e95c5"", ""source_url"": ""https://www.sec.gov/Archives/edgar/data/1021860/000119312513070840/nov-20121231.xml""}, {""accession"": ""0001193125-15-360063"", ""cik"": ""0001021860"", ""evidence_kind"": ""sec_dei_ticker"", ""filed_date"": ""2015-10-30"", ""sha256"": ""57e4c035ceeb4848f39481b6883931b2c52aedd185de8e081a8dd3f26c5ebbb7"", ""source_url"": ""https://www.sec.gov/Archives/edgar/data/1021860/000119312515360063/nov-20150930.xml""}, {""accession"": ""0000950123-10-017647"", ""cik"": ""0001021860"", ""evidence_kind"": ""sec_bulk_issuer_name_no_ticker"", ""filed_date"": ""2010-02-26"", ""historical_name"": ""NATIONAL OILWELL VARCO INC"", ""sha256"": ""2a4db2340ab1662d5135d7e17be1a58352c5959017350f0ef2174135f9996125"", ""source_url"": ""https://www.sec.gov/files/dera/data/financial-statement-data-sets/2010q1.zip""}, {""accession"": ""0001193125-13-203945"", ""cik"": ""0001021860"", ""evidence_kind"": ""sec_bulk_issuer_name_no_ticker"", ""filed_date"": ""2013-05-07"", ""historical_name"": ""NATIONAL OILWELL VARCO INC"", ""sha256"": ""7cc764386ea9cb01d62e1a9f4fac38dc9c741e96886a953ddaad2def4eb489c7"", ""source_url"": ""https://www.sec.gov/files/dera/data/financial-statement-data-sets/2013q2.zip""}, {""accession"": ""0001193125-12-074776"", ""cik"": ""0001021860"", ""evidence_kind"": ""sec_bulk_issuer_name_no_ticker"", ""filed_date"": ""2012-02-23"", ""historical_name"": ""NATIONAL OILWELL VARCO INC"", ""sha256"": ""42ed1a5ecac978d4338bd51cd4bc15bf60cc821291eea492f8172fc4e803d5f6"", ""source_url"": ""https://www.sec.gov/files/dera/data/financial-statement-data-sets/2012q1.zip""}, {""evidence_kind"": ""sec_official_name_chain_no_ticker"", ""sha256"": ""569a0db00d8d697c34a5bc53b994fabf9a1a81cac084e2f992877be0d5e2b19e"", ""source_url"": ""https://data.sec.gov/submissions/CIK0001021860.json""}]"
NOVL,0000758004,2010-01-01,2011-04-27,confirmed_by_multiple_evidence,3,3,3,2010-09-09,2011-03-14,True,False,[],"[{""accession"": ""0001193125-10-207419"", ""cik"": ""0000758004"", ""evidence_kind"": ""sec_dei_ticker"", ""filed_date"": ""2010-09-09"", ""sha256"": ""1426839a96c1c974fa72dc75ab47ddbb8a7cad2f2e021123afa4f6438c163282"", ""source_url"": ""https://www.sec.gov/Archives/edgar/data/758004/000119312510207419/novl-20100731.xml""}, {""accession"": ""0001193125-10-279391"", ""cik"": ""0000758004"", ""evidence_kind"": ""sec_dei_ticker"", ""filed_date"": ""2010-12-13"", ""sha256"": ""bf56054b9963d0198a15700d2a9b08531af7b98660e3ca8217a95be86577e247"", ""source_url"": ""https://www.sec.gov/Archives/edgar/data/758004/000119312510279391/novl-20101031.xml""}, {""accession"": ""0001193125-11-065601"", ""cik"": ""0000758004"", ""evidence_kind"": ""sec_dei_ticker"", ""filed_date"": ""2011-03-14"", ""sha256"": ""6406c34882254afc2c18a9f6fb5d4a794df4073e4d4bda9b970ff5e02aa5af95"", ""source_url"": ""https://www.sec.gov/Archives/edgar/data/758004/000119312511065601/novl-20110131.xml""}]"
NRG,0001013871,2010-01-29,2016-01-01,corroborated_candidate,23,0,23,2010-02-23,2015-11-04,True,False,[],"[{""accession"": ""0000950123-10-015824"", ""cik"": ""0001013871"", ""evidence_kind"": ""sec_bulk_issuer_name_no_ticker"", ""filed_date"": ""2010-02-23"", ""historical_name"": ""NRG ENERGY, INC."", ""sha256"": ""2a4db2340ab1662d5135d7e17be1a58352c5959017350f0ef2174135f9996125"", ""source_url"": ""https://www.sec.gov/files/dera/data/financial-statement-data-sets/2010q1.zip""}, {""accession"": ""0001013871-13-000006"", ""cik"": ""0001013871"", ""evidence_kind"": ""sec_bulk_issuer_name_no_ticker"", ""filed_date"": ""2013-05-07"", ""historical_name"": ""NRG ENERGY, INC."", ""sha256"": ""7cc764386ea9cb01d62e1a9f4fac38dc9c741e96886a953ddaad2def4eb489c7"", ""source_url"": ""https://www.sec.gov/files/dera/data/financial-statement-data-sets/2013q2.zip""}, {""accession"": ""0001445305-12-000493"", ""cik"": ""0001013871"", ""evidence_kind"": ""sec_bulk_issuer_name_no_ticker"", ""filed_date"": ""2012-02-28"", ""historical_name"": ""NRG ENERGY, INC."", ""sha256"": ""42ed1a5ecac978d4338bd51cd4bc15bf60cc821291eea492f8172fc4e803d5f6"", ""source_url"": ""https://www.sec.gov/files/dera/data/financial-statement-data-sets/2012q1.zip""}]"
NSC,0000702165,2010-01-01,2016-01-01,corroborated_candidate,24,0,24,2010-02-17,2015-10-28,True,False,[],"[{""accession"": ""0000702165-10-000049"", ""cik"": ""0000702165"", ""evidence_kind"": ""sec_bulk_issuer_name_no_ticker"", ""filed_date"": ""2010-02-17"", ""historical_name"": ""NORFOLK SOUTHERN CORP"", ""sha256"": ""2a4db2340ab1662d5135d7e17be1a58352c5959017350f0ef2174135f9996125"", ""source_url"": ""https://www.sec.gov/files/dera/data/financial-statement-data-sets/2010q1.zip""}, {""accession"": ""0000702165-13-000089"", ""cik"": ""0000702165"", ""evidence_kind"": ""sec_bulk_issuer_name_no_ticker"", ""filed_date"": ""2013-04-24"", ""historical_name"": ""NORFOLK SOUTHERN CORP"", ""sha256"": ""7cc764386ea9cb01d62e1a9f4fac38dc9c741e96886a953ddaad2def4eb489c7"", ""source_url"": ""https://www.sec.gov/files/dera/data/financial-statement-data-sets/2013q2.zip""}, {""accession"": ""0000702165-12-000043"", ""cik"": ""0000702165"", ""evidence_kind"": ""sec_bulk_issuer_name_no_ticker"", ""filed_date"": ""2012-02-15"", ""historical_name"": ""NORFOLK SOUTHERN CORP"", ""sha256"": ""42ed1a5ecac978d4338bd51cd4bc15bf60cc821291eea492f8172fc4e803d5f6"", ""source_url"": ""https://www.sec.gov/files/dera/data/financial-statement-data-sets/2012q1.zip""}]"
NSM,0000070530,2010-01-01,2011-09-23,corroborated_candidate,4,0,4,2010-09-28,2011-07-27,True,False,[],"[{""accession"": ""0001104659-10-050161"", ""cik"": ""0000070530"", ""evidence_kind"": ""sec_bulk_issuer_name_no_ticker"", ""filed_date"": ""2010-09-28"", ""historical_name"": ""NATIONAL SEMICONDUCTOR CORP"", ""sha256"": ""52014faf614ca0d7b8040e364f5b3e99f28d5e96b711aa922b490056e2c1d7b5"", ""source_url"": ""https://www.sec.gov/files/dera/data/financial-statement-data-sets/2010q3.zip""}, {""accession"": ""0001104659-11-000451"", ""cik"": ""0000070530"", ""evidence_kind"": ""sec_bulk_issuer_name_no_ticker"", ""filed_date"": ""2011-01-05"", ""historical_name"": ""NATIONAL SEMICONDUCTOR CORP"", ""sha256"": ""e63b781a5e57e55d68e110a06d3f697e942a60e17f093bbdc1a16ac7152a7df5"", ""source_url"": ""https://www.sec.gov/files/dera/data/financial-statement-data-sets/2011q1.zip""}, {""accession"": ""0001047469-11-006650"", ""cik"": ""0000070530"", ""evidence_kind"": ""sec_bulk_issuer_name_no_ticker"", ""filed_date"": ""2011-07-27"", ""historical_name"": ""NATIONAL SEMICONDUCTOR CORP"", ""sha256"": ""43b9beb243c6686a29df5cf817ed2cb3a7c86a7398bbc56e2fb4d0cf4784ac28"", ""source_url"": ""https://www.sec.gov/files/dera/data/financial-statement-data-sets/2011q3.zip""}]"
NTAP,0001002047,2010-01-01,2016-01-01,confirmed_by_multiple_evidence,2,2,21,2010-12-06,2015-12-02,True,False,[],"[{""accession"": ""0001193125-13-261334"", ""cik"": ""0001002047"", ""evidence_kind"": ""sec_dei_ticker"", ""filed_date"": ""2013-06-17"", ""sha256"": ""8634cd9fd545394019ea2011b10599fea84cf0afe2a13300f1ef658eabc93067"", ""source_url"": ""https://www.sec.gov/Archives/edgar/data/1002047/000119312513261334/ntap-20130426.xml""}, {""accession"": ""0001564590-15-011213"", ""cik"": ""0001002047"", ""evidence_kind"": ""sec_dei_ticker"", ""filed_date"": ""2015-12-02"", ""sha256"": ""8c6d0f2c11a948a97d3914163dc77527a7b1066f1353b5e983901cacbe308669"", ""source_url"": ""https://www.sec.gov/Archives/edgar/data/1002047/000156459015011213/ntap-20151030.xml""}, {""accession"": ""0001193125-10-274568"", ""cik"": ""0001002047"", ""evidence_kind"": ""sec_bulk_issuer_name_no_ticker"", ""filed_date"": ""2010-12-06"", ""historical_name"": ""NETAPP, INC."", ""sha256"": ""3dc43a8559cba9e1a9bb5a283a99e1fdfd2b0eaa7a9460887d5b4c70d69cef63"", ""source_url"": ""https://www.sec.gov/files/dera/data/financial-statement-data-sets/2010q4.zip""}, {""accession"": ""0001193125-13-352036"", ""cik"": ""0001002047"", ""evidence_kind"": ""sec_bulk_issuer_name_no_ticker"", ""filed_date"": ""2013-08-29"", ""historical_name"": ""NETAPP, INC."", ""sha256"": ""c9134387b650a9194f14b3f832f16aa1a72255c20a0e0b954001a643933cc849"", ""source_url"": ""https://www.sec.gov/files/dera/data/financial-statement-data-sets/2013q3.zip""}, {""accession"": ""0001193125-12-096831"", ""cik"": ""0001002047"", ""evidence_kind"": ""sec_bulk_issuer_name_no_ticker"", ""filed_date"": ""2012-03-05"", ""historical_name"": ""NETAPP, INC."", ""sha256"": ""42ed1a5ecac978d4338bd51cd4bc15bf60cc821291eea492f8172fc4e803d5f6"", ""source_url"": ""https://www.sec.gov/files/dera/data/financial-statement-data-sets/2012q1.zip""}]"
NTRS,0000073124,2010-01-01,2016-01-01,confirmed_by_multiple_evidence,3,3,23,2010-02-26,2015-10-28,True,False,[],"[{""accession"": ""0000073124-15-000217"", ""cik"": ""0000073124"", ""evidence_kind"": ""sec_dei_ticker"", ""filed_date"": ""2015-10-28"", ""sha256"": ""ea92a2d295bf79f5ff122729828c5d35ee18caf4ddcd36409798ecea7a8b99a6"", ""source_url"": ""https://www.sec.gov/Archives/edgar/data/73124/000007312415000217/ntrs-20150930.xml""}, {""accession"": ""0001193125-10-042685"", ""cik"": ""0000073124"", ""evidence_kind"": ""sec_dei_ticker"", ""filed_date"": ""2010-02-26"", ""sha256"": ""69cd2b472b3812a43e96ac502159d74313ec4acc2139ddd24fffb8930f8f2b8a"", ""source_url"": ""https://www.sec.gov/Archives/edgar/data/73124/000119312510042685/ntrs-20091231.xml""}, {""accession"": ""0001193125-13-076407"", ""cik"": ""0000073124"", ""evidence_kind"": ""sec_dei_ticker"", ""filed_date"": ""2013-02-26"", ""sha256"": ""1423f97bb9b29e7aa7ab8b22ddad1fb185083802bb613ef946074a7125ce5759"", ""source_url"": ""https://www.sec.gov/Archives/edgar/data/73124/000119312513076407/ntrs-20121231.xml""}, {""accession"": ""0001193125-13-186607"", ""cik"": ""0000073124"", ""evidence_kind"": ""sec_bulk_issuer_name_no_ticker"", ""filed_date"": ""2013-04-30"", ""historical_name"": ""NORTHERN TRUST CORP"", ""sha256"": ""7cc764386ea9cb01d62e1a9f4fac38dc9c741e96886a953ddaad2def4eb489c7"", ""source_url"": ""https://www.sec.gov/files/dera/data/financial-statement-data-sets/2013q2.zip""}, {""accession"": ""0001193125-12-078391"", ""cik"": ""0000073124"", ""evidence_kind"": ""sec_bulk_issuer_name_no_ticker"", ""filed_date"": ""2012-02-24"", ""historical_name"": ""NORTHERN TRUST CORP"", ""sha256"": ""42ed1a5ecac978d4338bd51cd4bc15bf60cc821291eea492f8172fc4e803d5f6"", ""source_url"": ""https://www.sec.gov/files/dera/data/financial-statement-data-sets/2012q1.zip""}]"
NUE,0000073309,2010-01-01,2016-01-01,confirmed_by_multiple_evidence,3,3,24,2010-02-25,2015-11-12,True,False,[],"[{""accession"": ""0001193125-10-040686"", ""cik"": ""0000073309"", ""evidence_kind"": ""sec_dei_ticker"", ""filed_date"": ""2010-02-25"", ""sha256"": ""54df378e1ce783cb5d7b18261d59830bc813bb0a1bab3ef9cbe5d92f437f30e3"", ""source_url"": ""https://www.sec.gov/Archives/edgar/data/73309/000119312510040686/nue-20091231.xml""}, {""accession"": ""0001193125-13-084517"", ""cik"": ""0000073309"", ""evidence_kind"": ""sec_dei_ticker"", ""filed_date"": ""2013-02-28"", ""sha256"": ""4dded0678ebc8f907694df687cda1e35813aca3c0ece14849278de17d435de51"", ""source_url"": ""https://www.sec.gov/Archives/edgar/data/73309/000119312513084517/nue-20121231.xml""}, {""accession"": ""0001193125-15-374781"", ""cik"": ""0000073309"", ""evidence_kind"": ""sec_dei_ticker"", ""filed_date"": ""2015-11-12"", ""sha256"": ""89bdb18e35f5d99de6bcfbf159a5b297026e35d0a1716ebdb7de3a9f85bb85a6"", ""source_url"": ""https://www.sec.gov/Archives/edgar/data/73309/000119312515374781/nue-20151003.xml""}, {""accession"": ""0001193125-13-206887"", ""cik"": ""0000073309"", ""evidence_kind"": ""sec_bulk_issuer_name_no_ticker"", ""filed_date"": ""2013-05-08"", ""historical_name"": ""NUCOR CORP"", ""sha256"": ""7cc764386ea9cb01d62e1a9f4fac38dc9c741e96886a953ddaad2def4eb489c7"", ""source_url"": ""https://www.sec.gov/files/dera/data/financial-statement-data-sets/2013q2.zip""}, {""accession"": ""0001193125-12-083972"", ""cik"": ""0000073309"", ""evidence_kind"": ""sec_bulk_issuer_name_no_ticker"", ""filed_date"": ""2012-02-28"", ""historical_name"": ""NUCOR CORP"", ""sha256"": ""42ed1a5ecac978d4338bd51cd4bc15bf60cc821291eea492f8172fc4e803d5f6"", ""source_url"": ""https://www.sec.gov/files/dera/data/financial-statement-data-sets/2012q1.zip""}]"
NVDA,0001045810,2010-01-01,2016-01-01,corroborated_candidate,24,0,24,2010-03-18,2015-11-18,True,False,[],"[{""accession"": ""0001045810-10-000006"", ""cik"": ""0001045810"", ""evidence_kind"": ""sec_bulk_issuer_name_no_ticker"", ""filed_date"": ""2010-03-18"", ""historical_name"": ""NVIDIA CORP"", ""sha256"": ""2a4db2340ab1662d5135d7e17be1a58352c5959017350f0ef2174135f9996125"", ""source_url"": ""https://www.sec.gov/files/dera/data/financial-statement-data-sets/2010q1.zip""}, {""accession"": ""0001045810-13-000054"", ""cik"": ""0001045810"", ""evidence_kind"": ""sec_bulk_issuer_name_no_ticker"", ""filed_date"": ""2013-05-22"", ""historical_name"": ""NVIDIA CORP"", ""sha256"": ""7cc764386ea9cb01d62e1a9f4fac38dc9c741e96886a953ddaad2def4eb489c7"", ""source_url"": ""https://www.sec.gov/files/dera/data/financial-statement-data-sets/2013q2.zip""}, {""accession"": ""0001045810-12-000013"", ""cik"": ""0001045810"", ""evidence_kind"": ""sec_bulk_issuer_name_no_ticker"", ""filed_date"": ""2012-03-13"", ""historical_name"": ""NVIDIA CORP"", ""sha256"": ""42ed1a5ecac978d4338bd51cd4bc15bf60cc821291eea492f8172fc4e803d5f6"", ""source_url"": ""https://www.sec.gov/files/dera/data/financial-statement-data-sets/2012q1.zip""}]"
NVLS,0000836106,2010-01-01,2012-06-05,confirmed_by_multiple_evidence,3,3,8,2010-08-04,2012-05-07,True,False,[],"[{""accession"": ""0001193125-10-177181"", ""cik"": ""0000836106"", ""evidence_kind"": ""sec_dei_ticker"", ""filed_date"": ""2010-08-04"", ""sha256"": ""b2cb6886b4f372a34f47da4996250bf16d5b75fc4af2505d54a4b9a56a3a53a7"", ""source_url"": ""https://www.sec.gov/Archives/edgar/data/836106/000119312510177181/nvls-20100626.xml""}, {""accession"": ""0001193125-11-208201"", ""cik"": ""0000836106"", ""evidence_kind"": ""sec_dei_ticker"", ""filed_date"": ""2011-08-03"", ""sha256"": ""dad320463bbd78b2df7b14c23d5b1ec42b8ed4e15fa635c36e2095f99cf82bc3"", ""source_url"": ""https://www.sec.gov/Archives/edgar/data/836106/000119312511208201/nvls-20110625.xml""}, {""accession"": ""0001193125-12-215045"", ""cik"": ""0000836106"", ""evidence_kind"": ""sec_dei_ticker"", ""filed_date"": ""2012-05-07"", ""sha256"": ""89403efb91b2e65d07d1ebb4350a8945dc9cb3be2efb42e0b4bfca8b07ba26bd"", ""source_url"": ""https://www.sec.gov/Archives/edgar/data/836106/000119312512215045/nvls-20120331.xml""}, {""accession"": ""0001193125-12-078186"", ""cik"": ""0000836106"", ""evidence_kind"": ""sec_bulk_issuer_name_no_ticker"", ""filed_date"": ""2012-02-24"", ""historical_name"": ""NOVELLUS SYSTEMS INC"", ""sha256"": ""42ed1a5ecac978d4338bd51cd4bc15bf60cc821291eea492f8172fc4e803d5f6"", ""source_url"": ""https://www.sec.gov/files/dera/data/financial-statement-data-sets/2012q1.zip""}]"
NWL,0000814453,2010-01-01,2016-01-01,confirmed_by_multiple_evidence,3,3,22,2010-08-06,2015-11-09,False,True,[],"[{""accession"": ""0000814453-13-000079"", ""cik"": ""0000814453"", ""evidence_kind"": ""sec_dei_ticker"", ""filed_date"": ""2013-05-10"", ""sha256"": ""e4fe6af593f01ebc2fb8d6711b5066e6c4fac275f3ebef00b0efbff675fa8aff"", ""source_url"": ""https://www.sec.gov/Archives/edgar/data/814453/000081445313000079/nwl-20130331.xml""}, {""accession"": ""0000814453-15-000131"", ""cik"": ""0000814453"", ""evidence_kind"": ""sec_dei_ticker"", ""filed_date"": ""2015-11-09"", ""sha256"": ""df4e776c357a7b2282027b7f2732a8ee8ab48e2c48b52c2fc754f7a2383a993d"", ""source_url"": ""https://www.sec.gov/Archives/edgar/data/814453/000081445315000131/nwl-20150930.xml""}, {""accession"": ""0001193125-10-181391"", ""cik"": ""0000814453"", ""evidence_kind"": ""sec_dei_ticker"", ""filed_date"": ""2010-08-06"", ""sha256"": ""f423356ede0ccdf769ba87ea5e5a9b890cc118abcd0ab65287e87ec8f302632e"", ""source_url"": ""https://www.sec.gov/Archives/edgar/data/814453/000119312510181391/nwl-20100630.xml""}, {""accession"": ""0000814453-13-000096"", ""cik"": ""0000814453"", ""evidence_kind"": ""sec_bulk_issuer_name_no_ticker"", ""filed_date"": ""2013-08-09"", ""historical_name"": ""NEWELL RUBBERMAID INC"", ""sha256"": ""c9134387b650a9194f14b3f832f16aa1a72255c20a0e0b954001a643933cc849"", ""source_url"": ""https://www.sec.gov/files/dera/data/financial-statement-data-sets/2013q3.zip""}, {""accession"": ""0000814453-12-000054"", ""cik"": ""0000814453"", ""evidence_kind"": ""sec_bulk_issuer_name_no_ticker"", ""filed_date"": ""2012-02-29"", ""historical_name"": ""NEWELL RUBBERMAID INC"", ""sha256"": ""42ed1a5ecac978d4338bd51cd4bc15bf60cc821291eea492f8172fc4e803d5f6"", ""source_url"": ""https://www.sec.gov/files/dera/data/financial-statement-data-sets/2012q1.zip""}, {""evidence_kind"": ""sec_official_name_chain_no_ticker"", ""sha256"": ""11a1aa44e02f23efe82bf8e929a08187356aa4236811ecbff33cbcb1d3de4034"", ""source_url"": ""https://data.sec.gov/submissions/CIK0000814453.json""}]"
NWS,0001564708,2015-09-21,2016-01-01,unresolved,1,1,1,2015-11-06,2015-11-06,True,True,[],"[{""accession"": ""0001193125-15-369166"", ""cik"": ""0001564708"", ""evidence_kind"": ""sec_dei_ticker"", ""filed_date"": ""2015-11-06"", ""sha256"": ""b195a82bfee143bb1b941c295a2535c1475ab1db6cec613111f683cb1c0b0297"", ""source_url"": ""https://www.sec.gov/Archives/edgar/data/1564708/000119312515369166/nws-20150930.xml""}, {""evidence_kind"": ""sec_official_name_chain_no_ticker"", ""sha256"": ""513ccc4216bbdd173aeda23409fe70c66e2fb6fe610be8d3e005114992d50a6e"", ""source_url"": ""https://data.sec.gov/submissions/CIK0001564708.json""}]"
NWSA,0001564708,2013-08-01,2016-01-01,ambiguous,9,0,9,2013-11-12,2015-11-06,True,True,['NWS'],"[{""accession"": ""0001193125-13-436999"", ""cik"": ""0001564708"", ""evidence_kind"": ""sec_bulk_issuer_name_no_ticker"", ""filed_date"": ""2013-11-12"", ""historical_name"": ""NEWS CORP"", ""sha256"": ""7781ac25ddbd4f6eb8eb85e838656181fb06e8bc16b1dd5efccb9e21f8f5baa7"", ""source_url"": ""https://www.sec.gov/files/dera/data/financial-statement-data-sets/2013q4.zip""}, {""accession"": ""0001193125-14-399701"", ""cik"": ""0001564708"", ""evidence_kind"": ""sec_bulk_issuer_name_no_ticker"", ""filed_date"": ""2014-11-06"", ""historical_name"": ""NEWS CORP"", ""sha256"": ""c82395b7df380a95b30d652784372a5439dea9ed750d89784822bb643cbc4930"", ""source_url"": ""https://www.sec.gov/files/dera/data/financial-statement-data-sets/2014q4.zip""}, {""accession"": ""0001193125-15-369166"", ""cik"": ""0001564708"", ""evidence_kind"": ""sec_bulk_issuer_name_no_ticker"", ""filed_date"": ""2015-11-06"", ""historical_name"": ""NEWS CORP"", ""sha256"": ""1723b41ef2a1d3ea6595f6052ef229a80e03cd183391ca9e297a894f9e589d83"", ""source_url"": ""https://www.sec.gov/files/dera/data/financial-statement-data-sets/2015q4.zip""}, {""evidence_kind"": ""sec_official_name_chain_no_ticker"", ""sha256"": ""513ccc4216bbdd173aeda23409fe70c66e2fb6fe610be8d3e005114992d50a6e"", ""source_url"": ""https://data.sec.gov/submissions/CIK0001564708.json""}]"
NYT,0000071691,2010-01-01,2010-12-17,confirmed_by_multiple_evidence,2,2,2,2010-08-05,2010-10-28,True,False,[],"[{""accession"": ""0001193125-10-179375"", ""cik"": ""0000071691"", ""evidence_kind"": ""sec_dei_ticker"", ""filed_date"": ""2010-08-05"", ""sha256"": ""22288a9eda4f49e9a9fbf7eee187fdf0dd4325942934b5773351153be3637b3e"", ""source_url"": ""https://www.sec.gov/Archives/edgar/data/71691/000119312510179375/nyt-20100627.xml""}, {""accession"": ""0001193125-10-239842"", ""cik"": ""0000071691"", ""evidence_kind"": ""sec_dei_ticker"", ""filed_date"": ""2010-10-28"", ""sha256"": ""4b8fadcac94447157f41eba9b430d91f3845df31490340b1fb7afb3ed0286d15"", ""source_url"": ""https://www.sec.gov/Archives/edgar/data/71691/000119312510239842/nyt-20100926.xml""}]"
NYX,0001368007,2010-01-01,2013-11-13,corroborated_candidate,16,0,16,2010-03-01,2013-11-05,True,False,[],"[{""accession"": ""0000950123-10-018524"", ""cik"": ""0001368007"", ""evidence_kind"": ""sec_bulk_issuer_name_no_ticker"", ""filed_date"": ""2010-03-01"", ""historical_name"": ""NYSE EURONEXT"", ""sha256"": ""2a4db2340ab1662d5135d7e17be1a58352c5959017350f0ef2174135f9996125"", ""source_url"": ""https://www.sec.gov/files/dera/data/financial-statement-data-sets/2010q1.zip""}, {""accession"": ""0001193125-12-211861"", ""cik"": ""0001368007"", ""evidence_kind"": ""sec_bulk_issuer_name_no_ticker"", ""filed_date"": ""2012-05-04"", ""historical_name"": ""NYSE EURONEXT"", ""sha256"": ""0dbb10aa316c674f07849a28e67a25a0a59bd6ef2bc214cd1800c8a2d2a05df6"", ""source_url"": ""https://www.sec.gov/files/dera/data/financial-statement-data-sets/2012q2.zip""}, {""accession"": ""0001193125-12-086538"", ""cik"": ""0001368007"", ""evidence_kind"": ""sec_bulk_issuer_name_no_ticker"", ""filed_date"": ""2012-02-29"", ""historical_name"": ""NYSE EURONEXT"", ""sha256"": ""42ed1a5ecac978d4338bd51cd4bc15bf60cc821291eea492f8172fc4e803d5f6"", ""source_url"": ""https://www.sec.gov/files/dera/data/financial-statement-data-sets/2012q1.zip""}]"
O,0000726728,2015-04-07,2016-01-01,corroborated_candidate,3,0,3,2015-04-30,2015-10-29,True,False,[],"[{""accession"": ""0001104659-15-032388"", ""cik"": ""0000726728"", ""evidence_kind"": ""sec_bulk_issuer_name_no_ticker"", ""filed_date"": ""2015-04-30"", ""historical_name"": ""REALTY INCOME CORP"", ""sha256"": ""d3cac325930af6ef145d26fb7e035d7933e900ce174a11adaabb33abd87fbfa1"", ""source_url"": ""https://www.sec.gov/files/dera/data/financial-statement-data-sets/2015q2.zip""}, {""accession"": ""0001104659-15-054841"", ""cik"": ""0000726728"", ""evidence_kind"": ""sec_bulk_issuer_name_no_ticker"", ""filed_date"": ""2015-07-30"", ""historical_name"": ""REALTY INCOME CORP"", ""sha256"": ""9301fa2e346aa6b3a48a36cafab80d1aab5d7970e60bfd168d53ba852a4deca9"", ""source_url"": ""https://www.sec.gov/files/dera/data/financial-statement-data-sets/2015q3.zip""}, {""accession"": ""0001104659-15-074070"", ""cik"": ""0000726728"", ""evidence_kind"": ""sec_bulk_issuer_name_no_ticker"", ""filed_date"": ""2015-10-29"", ""historical_name"": ""REALTY INCOME CORP"", ""sha256"": ""1723b41ef2a1d3ea6595f6052ef229a80e03cd183391ca9e297a894f9e589d83"", ""source_url"": ""https://www.sec.gov/files/dera/data/financial-statement-data-sets/2015q4.zip""}]"
ODP,0000800240,2010-01-01,2010-12-17,confirmed_by_multiple_evidence,2,2,2,2010-07-27,2010-10-27,True,False,[],"[{""accession"": ""0001193125-10-166814"", ""cik"": ""0000800240"", ""evidence_kind"": ""sec_dei_ticker"", ""filed_date"": ""2010-07-27"", ""sha256"": ""5810a6c4e768c5609917f0e90183b76b0dbc55897b825c80680a28e67c50cbb5"", ""source_url"": ""https://www.sec.gov/Archives/edgar/data/800240/000119312510166814/odp-20100626.xml""}, {""accession"": ""0001193125-10-237367"", ""cik"": ""0000800240"", ""evidence_kind"": ""sec_dei_ticker"", ""filed_date"": ""2010-10-27"", ""sha256"": ""e08a22ac93422c3457bc3d0819acc132703e5eb6f55a0548fa01cc5e2fbac3e0"", ""source_url"": ""https://www.sec.gov/Archives/edgar/data/800240/000119312510237367/odp-20100925.xml""}]"
OI,0000812074,2010-01-01,2016-01-01,corroborated_candidate,24,0,24,2010-02-10,2015-10-28,True,False,[],"[{""accession"": ""0001104659-10-006102"", ""cik"": ""0000812074"", ""evidence_kind"": ""sec_bulk_issuer_name_no_ticker"", ""filed_date"": ""2010-02-10"", ""historical_name"": ""OWENS ILLINOIS INC /DE/"", ""sha256"": ""2a4db2340ab1662d5135d7e17be1a58352c5959017350f0ef2174135f9996125"", ""source_url"": ""https://www.sec.gov/files/dera/data/financial-statement-data-sets/2010q1.zip""}, {""accession"": ""0001104659-13-032294"", ""cik"": ""0000812074"", ""evidence_kind"": ""sec_bulk_issuer_name_no_ticker"", ""filed_date"": ""2013-04-24"", ""historical_name"": ""OWENS ILLINOIS INC /DE/"", ""sha256"": ""7cc764386ea9cb01d62e1a9f4fac38dc9c741e96886a953ddaad2def4eb489c7"", ""source_url"": ""https://www.sec.gov/files/dera/data/financial-statement-data-sets/2013q2.zip""}, {""accession"": ""0001047469-12-000772"", ""cik"": ""0000812074"", ""evidence_kind"": ""sec_bulk_issuer_name_no_ticker"", ""filed_date"": ""2012-02-09"", ""historical_name"": ""OWENS ILLINOIS INC /DE/"", ""sha256"": ""42ed1a5ecac978d4338bd51cd4bc15bf60cc821291eea492f8172fc4e803d5f6"", ""source_url"": ""https://www.sec.gov/files/dera/data/financial-statement-data-sets/2012q1.zip""}]"
OKE,0001039684,2010-03-15,2016-01-01,corroborated_candidate,22,0,22,2010-04-29,2015-11-05,True,False,[],"[{""accession"": ""0000909281-10-000066"", ""cik"": ""0001039684"", ""evidence_kind"": ""sec_bulk_issuer_name_no_ticker"", ""filed_date"": ""2010-04-29"", ""historical_name"": ""ONEOK INC /NEW/"", ""sha256"": ""25f416b020fd3e62a67dbf8c6522c9f239e716099b61cf5d05a59a91ffdef1f1"", ""source_url"": ""https://www.sec.gov/files/dera/data/financial-statement-data-sets/2010q2.zip""}, {""accession"": ""0001039684-13-000082"", ""cik"": ""0001039684"", ""evidence_kind"": ""sec_bulk_issuer_name_no_ticker"", ""filed_date"": ""2013-07-31"", ""historical_name"": ""ONEOK INC /NEW/"", ""sha256"": ""c9134387b650a9194f14b3f832f16aa1a72255c20a0e0b954001a643933cc849"", ""source_url"": ""https://www.sec.gov/files/dera/data/financial-statement-data-sets/2013q3.zip""}, {""accession"": ""0001039684-12-000027"", ""cik"": ""0001039684"", ""evidence_kind"": ""sec_bulk_issuer_name_no_ticker"", ""filed_date"": ""2012-02-21"", ""historical_name"": ""ONEOK INC /NEW/"", ""sha256"": ""42ed1a5ecac978d4338bd51cd4bc15bf60cc821291eea492f8172fc4e803d5f6"", ""source_url"": ""https://www.sec.gov/files/dera/data/financial-statement-data-sets/2012q1.zip""}]"
OMC,0000029989,2010-01-01,2016-01-01,corroborated_candidate,23,0,23,2010-02-19,2015-10-20,True,False,[],"[{""accession"": ""0000891092-10-000656"", ""cik"": ""0000029989"", ""evidence_kind"": ""sec_bulk_issuer_name_no_ticker"", ""filed_date"": ""2010-02-19"", ""historical_name"": ""OMNICOM GROUP INC"", ""sha256"": ""2a4db2340ab1662d5135d7e17be1a58352c5959017350f0ef2174135f9996125"", ""source_url"": ""https://www.sec.gov/files/dera/data/financial-statement-data-sets/2010q1.zip""}, {""accession"": ""0000029989-13-000009"", ""cik"": ""0000029989"", ""evidence_kind"": ""sec_bulk_issuer_name_no_ticker"", ""filed_date"": ""2013-04-22"", ""historical_name"": ""OMNICOM GROUP INC."", ""sha256"": ""7cc764386ea9cb01d62e1a9f4fac38dc9c741e96886a953ddaad2def4eb489c7"", ""source_url"": ""https://www.sec.gov/files/dera/data/financial-statement-data-sets/2013q2.zip""}, {""accession"": ""0000029989-12-000005"", ""cik"": ""0000029989"", ""evidence_kind"": ""sec_bulk_issuer_name_no_ticker"", ""filed_date"": ""2012-02-17"", ""historical_name"": ""OMNICOM GROUP INC"", ""sha256"": ""42ed1a5ecac978d4338bd51cd4bc15bf60cc821291eea492f8172fc4e803d5f6"", ""source_url"": ""https://www.sec.gov/files/dera/data/financial-statement-data-sets/2012q1.zip""}]"
ORCL,0001341439,2010-01-01,2016-01-01,confirmed_by_multiple_evidence,2,2,23,2010-03-29,2015-12-18,True,False,[],"[{""accession"": ""0001193125-13-122271"", ""cik"": ""0001341439"", ""evidence_kind"": ""sec_dei_ticker"", ""filed_date"": ""2013-03-22"", ""sha256"": ""ab860c134660ae8463cd6525566b9e277eb15eca7763902de42ddeb45434611e"", ""source_url"": ""https://www.sec.gov/Archives/edgar/data/1341439/000119312513122271/orcl-20130228.xml""}, {""accession"": ""0001193125-15-407703"", ""cik"": ""0001341439"", ""evidence_kind"": ""sec_dei_ticker"", ""filed_date"": ""2015-12-18"", ""sha256"": ""2a70035c2c61be2789cc83e9da1a3c8223d740bb2fcd218f1d625c9532d1941f"", ""source_url"": ""https://www.sec.gov/Archives/edgar/data/1341439/000119312515407703/orcl-20151130.xml""}, {""accession"": ""0001193125-10-070192"", ""cik"": ""0001341439"", ""evidence_kind"": ""sec_bulk_issuer_name_no_ticker"", ""filed_date"": ""2010-03-29"", ""historical_name"": ""ORACLE CORP"", ""sha256"": ""2a4db2340ab1662d5135d7e17be1a58352c5959017350f0ef2174135f9996125"", ""source_url"": ""https://www.sec.gov/files/dera/data/financial-statement-data-sets/2010q1.zip""}, {""accession"": ""0001193125-13-272832"", ""cik"": ""0001341439"", ""evidence_kind"": ""sec_bulk_issuer_name_no_ticker"", ""filed_date"": ""2013-06-26"", ""historical_name"": ""ORACLE CORP"", ""sha256"": ""7cc764386ea9cb01d62e1a9f4fac38dc9c741e96886a953ddaad2def4eb489c7"", ""source_url"": ""https://www.sec.gov/files/dera/data/financial-statement-data-sets/2013q2.zip""}, {""accession"": ""0001193125-12-129918"", ""cik"": ""0001341439"", ""evidence_kind"": ""sec_bulk_issuer_name_no_ticker"", ""filed_date"": ""2012-03-23"", ""historical_name"": ""ORACLE CORP"", ""sha256"": ""42ed1a5ecac978d4338bd51cd4bc15bf60cc821291eea492f8172fc4e803d5f6"", ""source_url"": ""https://www.sec.gov/files/dera/data/financial-statement-data-sets/2012q1.zip""}]"
ORLY,0000898173,2010-01-01,2016-01-01,corroborated_candidate,23,1,23,2010-05-07,2015-11-06,True,False,[],"[{""accession"": ""0000898173-13-000006"", ""cik"": ""0000898173"", ""evidence_kind"": ""sec_dei_ticker"", ""filed_date"": ""2013-02-28"", ""sha256"": ""41e0e67932d4bfc1e950e5ad336ec764ab725707583a1a2ecdb3114816b3a766"", ""source_url"": ""https://www.sec.gov/Archives/edgar/data/898173/000089817313000006/orly-20121231.xml""}, {""accession"": ""0001193125-10-113014"", ""cik"": ""0000898173"", ""evidence_kind"": ""sec_bulk_issuer_name_no_ticker"", ""filed_date"": ""2010-05-07"", ""historical_name"": ""O REILLY AUTOMOTIVE INC"", ""sha256"": ""25f416b020fd3e62a67dbf8c6522c9f239e716099b61cf5d05a59a91ffdef1f1"", ""source_url"": ""https://www.sec.gov/files/dera/data/financial-statement-data-sets/2010q2.zip""}, {""accession"": ""0000898173-13-000028"", ""cik"": ""0000898173"", ""evidence_kind"": ""sec_bulk_issuer_name_no_ticker"", ""filed_date"": ""2013-05-09"", ""historical_name"": ""O REILLY AUTOMOTIVE INC"", ""sha256"": ""7cc764386ea9cb01d62e1a9f4fac38dc9c741e96886a953ddaad2def4eb489c7"", ""source_url"": ""https://www.sec.gov/files/dera/data/financial-statement-data-sets/2013q2.zip""}, {""accession"": ""0001193125-12-085384"", ""cik"": ""0000898173"", ""evidence_kind"": ""sec_bulk_issuer_name_no_ticker"", ""filed_date"": ""2012-02-28"", ""historical_name"": ""O REILLY AUTOMOTIVE INC"", ""sha256"": ""42ed1a5ecac978d4338bd51cd4bc15bf60cc821291eea492f8172fc4e803d5f6"", ""source_url"": ""https://www.sec.gov/files/dera/data/financial-statement-data-sets/2012q1.zip""}]"
OXY,0000797468,2010-01-01,2016-01-01,corroborated_candidate,24,0,24,2010-02-25,2015-10-30,True,False,[],"[{""accession"": ""0000797468-10-000020"", ""cik"": ""0000797468"", ""evidence_kind"": ""sec_bulk_issuer_name_no_ticker"", ""filed_date"": ""2010-02-25"", ""historical_name"": ""OCCIDENTAL PETROLEUM CORP /DE/"", ""sha256"": ""2a4db2340ab1662d5135d7e17be1a58352c5959017350f0ef2174135f9996125"", ""source_url"": ""https://www.sec.gov/files/dera/data/financial-statement-data-sets/2010q1.zip""}, {""accession"": ""0000797468-13-000036"", ""cik"": ""0000797468"", ""evidence_kind"": ""sec_bulk_issuer_name_no_ticker"", ""filed_date"": ""2013-05-01"", ""historical_name"": ""OCCIDENTAL PETROLEUM CORP /DE/"", ""sha256"": ""7cc764386ea9cb01d62e1a9f4fac38dc9c741e96886a953ddaad2def4eb489c7"", ""source_url"": ""https://www.sec.gov/files/dera/data/financial-statement-data-sets/2013q2.zip""}, {""accession"": ""0000797468-12-000016"", ""cik"": ""0000797468"", ""evidence_kind"": ""sec_bulk_issuer_name_no_ticker"", ""filed_date"": ""2012-02-23"", ""historical_name"": ""OCCIDENTAL PETROLEUM CORP /DE/"", ""sha256"": ""42ed1a5ecac978d4338bd51cd4bc15bf60cc821291eea492f8172fc4e803d5f6"", ""source_url"": ""https://www.sec.gov/files/dera/data/financial-statement-data-sets/2012q1.zip""}]"
PAYX,0000723531,2010-01-01,2016-01-01,corroborated_candidate,24,0,24,2010-03-24,2015-12-23,True,False,[],"[{""accession"": ""0000950123-10-027758"", ""cik"": ""0000723531"", ""evidence_kind"": ""sec_bulk_issuer_name_no_ticker"", ""filed_date"": ""2010-03-24"", ""historical_name"": ""PAYCHEX INC"", ""sha256"": ""2a4db2340ab1662d5135d7e17be1a58352c5959017350f0ef2174135f9996125"", ""source_url"": ""https://www.sec.gov/files/dera/data/financial-statement-data-sets/2010q1.zip""}, {""accession"": ""0000723531-13-000033"", ""cik"": ""0000723531"", ""evidence_kind"": ""sec_bulk_issuer_name_no_ticker"", ""filed_date"": ""2013-09-30"", ""historical_name"": ""PAYCHEX INC"", ""sha256"": ""c9134387b650a9194f14b3f832f16aa1a72255c20a0e0b954001a643933cc849"", ""source_url"": ""https://www.sec.gov/files/dera/data/financial-statement-data-sets/2013q3.zip""}, {""accession"": ""0001193125-12-137499"", ""cik"": ""0000723531"", ""evidence_kind"": ""sec_bulk_issuer_name_no_ticker"", ""filed_date"": ""2012-03-28"", ""historical_name"": ""PAYCHEX INC"", ""sha256"": ""42ed1a5ecac978d4338bd51cd4bc15bf60cc821291eea492f8172fc4e803d5f6"", ""source_url"": ""https://www.sec.gov/files/dera/data/financial-statement-data-sets/2012q1.zip""}]"
PBCT,0001378946,2010-01-01,2016-01-01,confirmed_by_multiple_evidence,3,3,24,2010-03-01,2015-11-09,True,False,[],"[{""accession"": ""0001193125-10-044584"", ""cik"": ""0001378946"", ""evidence_kind"": ""sec_dei_ticker"", ""filed_date"": ""2010-03-01"", ""sha256"": ""2988bb276fdfd48f8697f7d271f62af1a4cad6b782fc2300e0d1dc7cff4f54cb"", ""source_url"": ""https://www.sec.gov/Archives/edgar/data/1378946/000119312510044584/pbct-20091231.xml""}, {""accession"": ""0001193125-13-087415"", ""cik"": ""0001378946"", ""evidence_kind"": ""sec_dei_ticker"", ""filed_date"": ""2013-03-01"", ""sha256"": ""25b57aa3c0b4fa670a9ea808ed5958c6d69e73a73342982b8c4d81a2077f1b95"", ""source_url"": ""https://www.sec.gov/Archives/edgar/data/1378946/000119312513087415/pbct-20121231.xml""}, {""accession"": ""0001193125-15-371797"", ""cik"": ""0001378946"", ""evidence_kind"": ""sec_dei_ticker"", ""filed_date"": ""2015-11-09"", ""sha256"": ""b5c1dbba24fb3737b4745d57d29f54923d63183e32f869e3f8cade625f242959"", ""source_url"": ""https://www.sec.gov/Archives/edgar/data/1378946/000119312515371797/pbct-20150930.xml""}, {""accession"": ""0001193125-13-213084"", ""cik"": ""0001378946"", ""evidence_kind"": ""sec_bulk_issuer_name_no_ticker"", ""filed_date"": ""2013-05-10"", ""historical_name"": ""PEOPLE'S UNITED FINANCIAL, INC."", ""sha256"": ""7cc764386ea9cb01d62e1a9f4fac38dc9c741e96886a953ddaad2def4eb489c7"", ""source_url"": ""https://www.sec.gov/files/dera/data/financial-statement-data-sets/2013q2.zip""}, {""accession"": ""0001193125-12-089553"", ""cik"": ""0001378946"", ""evidence_kind"": ""sec_bulk_issuer_name_no_ticker"", ""filed_date"": ""2012-02-29"", ""historical_name"": ""PEOPLE'S UNITED FINANCIAL, INC."", ""sha256"": ""42ed1a5ecac978d4338bd51cd4bc15bf60cc821291eea492f8172fc4e803d5f6"", ""source_url"": ""https://www.sec.gov/files/dera/data/financial-statement-data-sets/2012q1.zip""}]"
PBG,0001076405,2010-01-01,2010-03-01,unresolved,1,0,1,2010-02-22,2010-02-22,True,True,[],"[{""accession"": ""0000950123-10-015187"", ""cik"": ""0001076405"", ""evidence_kind"": ""sec_bulk_issuer_name_no_ticker"", ""filed_date"": ""2010-02-22"", ""historical_name"": ""PEPSI BOTTLING GROUP INC"", ""sha256"": ""2a4db2340ab1662d5135d7e17be1a58352c5959017350f0ef2174135f9996125"", ""source_url"": ""https://www.sec.gov/files/dera/data/financial-statement-data-sets/2010q1.zip""}, {""evidence_kind"": ""sec_official_name_chain_no_ticker"", ""sha256"": ""f5f476eecac9bd6a8a82ee098511fd74961a61c309c477ac95a0e004249739ed"", ""source_url"": ""https://data.sec.gov/submissions/CIK0001076405.json""}]"
PBI,0000078814,2010-01-01,2016-01-01,corroborated_candidate,24,0,24,2010-02-26,2015-11-06,True,False,[],"[{""accession"": ""0000930413-10-001062"", ""cik"": ""0000078814"", ""evidence_kind"": ""sec_bulk_issuer_name_no_ticker"", ""filed_date"": ""2010-02-26"", ""historical_name"": ""PITNEY BOWES INC /DE/"", ""sha256"": ""2a4db2340ab1662d5135d7e17be1a58352c5959017350f0ef2174135f9996125"", ""source_url"": ""https://www.sec.gov/files/dera/data/financial-statement-data-sets/2010q1.zip""}, {""accession"": ""0000078814-13-000012"", ""cik"": ""0000078814"", ""evidence_kind"": ""sec_bulk_issuer_name_no_ticker"", ""filed_date"": ""2013-05-03"", ""historical_name"": ""PITNEY BOWES INC /DE/"", ""sha256"": ""7cc764386ea9cb01d62e1a9f4fac38dc9c741e96886a953ddaad2def4eb489c7"", ""source_url"": ""https://www.sec.gov/files/dera/data/financial-statement-data-sets/2013q2.zip""}, {""accession"": ""0000930413-12-001035"", ""cik"": ""0000078814"", ""evidence_kind"": ""sec_bulk_issuer_name_no_ticker"", ""filed_date"": ""2012-02-23"", ""historical_name"": ""PITNEY BOWES INC /DE/"", ""sha256"": ""42ed1a5ecac978d4338bd51cd4bc15bf60cc821291eea492f8172fc4e803d5f6"", ""source_url"": ""https://www.sec.gov/files/dera/data/financial-statement-data-sets/2012q1.zip""}]"
PCAR,0000075362,2010-01-01,2016-01-01,confirmed_by_multiple_evidence,3,3,24,2010-02-26,2015-11-05,True,False,[],"[{""accession"": ""0001193125-10-042642"", ""cik"": ""0000075362"", ""evidence_kind"": ""sec_dei_ticker"", ""filed_date"": ""2010-02-26"", ""sha256"": ""52aad26388c6dfed80e34508523c60eadf158dc2c79b247a3df437b50339f116"", ""source_url"": ""https://www.sec.gov/Archives/edgar/data/75362/000119312510042642/pcar-20091231.xml""}, {""accession"": ""0001193125-13-080215"", ""cik"": ""0000075362"", ""evidence_kind"": ""sec_dei_ticker"", ""filed_date"": ""2013-02-27"", ""sha256"": ""af90609d5cd0e7e679be6ee3b97d1fcf795f34b17be2f1063d1ab21662ae8c38"", ""source_url"": ""https://www.sec.gov/Archives/edgar/data/75362/000119312513080215/pcar-20121231.xml""}, {""accession"": ""0001193125-15-368291"", ""cik"": ""0000075362"", ""evidence_kind"": ""sec_dei_ticker"", ""filed_date"": ""2015-11-05"", ""sha256"": ""1de3859e700e52e6405880eaf87ace8427156219606f3a4056b375100475439b"", ""source_url"": ""https://www.sec.gov/Archives/edgar/data/75362/000119312515368291/pcar-20150930.xml""}, {""accession"": ""0001193125-13-207512"", ""cik"": ""0000075362"", ""evidence_kind"": ""sec_bulk_issuer_name_no_ticker"", ""filed_date"": ""2013-05-08"", ""historical_name"": ""PACCAR INC"", ""sha256"": ""7cc764386ea9cb01d62e1a9f4fac38dc9c741e96886a953ddaad2def4eb489c7"", ""source_url"": ""https://www.sec.gov/files/dera/data/financial-statement-data-sets/2013q2.zip""}, {""accession"": ""0001193125-12-086978"", ""cik"": ""0000075362"", ""evidence_kind"": ""sec_bulk_issuer_name_no_ticker"", ""filed_date"": ""2012-02-29"", ""historical_name"": ""PACCAR INC"", ""sha256"": ""42ed1a5ecac978d4338bd51cd4bc15bf60cc821291eea492f8172fc4e803d5f6"", ""source_url"": ""https://www.sec.gov/files/dera/data/financial-statement-data-sets/2012q1.zip""}]"
PCG,0001004980,2010-01-01,2016-01-01,corroborated_candidate,24,1,24,2010-02-19,2015-10-28,True,False,[],"[{""accession"": ""0001004980-15-000058"", ""cik"": ""0001004980"", ""evidence_kind"": ""sec_dei_ticker"", ""filed_date"": ""2015-10-28"", ""sha256"": ""ec8be068153338f9665266081efd8d9d52851586831211fe7cc224b7b0196728"", ""source_url"": ""https://www.sec.gov/Archives/edgar/data/1004980/000100498015000058/pcg-20150930.xml""}, {""accession"": ""0001004980-10-000015"", ""cik"": ""0001004980"", ""evidence_kind"": ""sec_bulk_issuer_name_no_ticker"", ""filed_date"": ""2010-02-19"", ""historical_name"": ""PG&E CORP"", ""sha256"": ""2a4db2340ab1662d5135d7e17be1a58352c5959017350f0ef2174135f9996125"", ""source_url"": ""https://www.sec.gov/files/dera/data/financial-statement-data-sets/2010q1.zip""}, {""accession"": ""0001004980-13-000025"", ""cik"": ""0001004980"", ""evidence_kind"": ""sec_bulk_issuer_name_no_ticker"", ""filed_date"": ""2013-05-02"", ""historical_name"": ""PG&E CORP"", ""sha256"": ""7cc764386ea9cb01d62e1a9f4fac38dc9c741e96886a953ddaad2def4eb489c7"", ""source_url"": ""https://www.sec.gov/files/dera/data/financial-statement-data-sets/2013q2.zip""}, {""accession"": ""0001193125-12-065537"", ""cik"": ""0001004980"", ""evidence_kind"": ""sec_bulk_issuer_name_no_ticker"", ""filed_date"": ""2012-02-16"", ""historical_name"": ""PG&E CORP"", ""sha256"": ""42ed1a5ecac978d4338bd51cd4bc15bf60cc821291eea492f8172fc4e803d5f6"", ""source_url"": ""https://www.sec.gov/files/dera/data/financial-statement-data-sets/2012q1.zip""}]"
PCL,0000849213,2010-01-01,2016-01-01,corroborated_candidate,24,1,24,2010-02-25,2015-11-03,True,False,[],"[{""accession"": ""0001193125-10-040793"", ""cik"": ""0000849213"", ""evidence_kind"": ""sec_dei_ticker"", ""filed_date"": ""2010-02-25"", ""sha256"": ""2130d0066fc0e71d643994da0a0f2fdfac3172d434d49f0ff783fbcbf66760cc"", ""source_url"": ""https://www.sec.gov/Archives/edgar/data/849213/000119312510040793/pcl-20091231.xml""}, {""accession"": ""0000849213-13-000016"", ""cik"": ""0000849213"", ""evidence_kind"": ""sec_bulk_issuer_name_no_ticker"", ""filed_date"": ""2013-05-08"", ""historical_name"": ""PLUM CREEK TIMBER CO INC"", ""sha256"": ""7cc764386ea9cb01d62e1a9f4fac38dc9c741e96886a953ddaad2def4eb489c7"", ""source_url"": ""https://www.sec.gov/files/dera/data/financial-statement-data-sets/2013q2.zip""}, {""accession"": ""0000849213-12-000007"", ""cik"": ""0000849213"", ""evidence_kind"": ""sec_bulk_issuer_name_no_ticker"", ""filed_date"": ""2012-02-24"", ""historical_name"": ""PLUM CREEK TIMBER CO INC"", ""sha256"": ""42ed1a5ecac978d4338bd51cd4bc15bf60cc821291eea492f8172fc4e803d5f6"", ""source_url"": ""https://www.sec.gov/files/dera/data/financial-statement-data-sets/2012q1.zip""}]"
PCP,0000079958,2010-01-01,2016-01-01,confirmed_by_multiple_evidence,3,3,24,2010-02-05,2015-11-05,True,False,[],"[{""accession"": ""0000079958-13-000006"", ""cik"": ""0000079958"", ""evidence_kind"": ""sec_dei_ticker"", ""filed_date"": ""2013-02-08"", ""sha256"": ""5dc3c1b0595946fb6ae8640dedd01e01b29987c21a5cb2541678147119c2c376"", ""source_url"": ""https://www.sec.gov/Archives/edgar/data/79958/000007995813000006/pcp-20121230.xml""}, {""accession"": ""0000079958-15-000066"", ""cik"": ""0000079958"", ""evidence_kind"": ""sec_dei_ticker"", ""filed_date"": ""2015-11-05"", ""sha256"": ""e6faac0a3a3143f2def0b0bbc445bcaed329fc6d20d9bfb61d226fdc57efe8f4"", ""source_url"": ""https://www.sec.gov/Archives/edgar/data/79958/000007995815000066/pcp-20150927.xml""}, {""accession"": ""0001193125-10-023271"", ""cik"": ""0000079958"", ""evidence_kind"": ""sec_dei_ticker"", ""filed_date"": ""2010-02-05"", ""sha256"": ""22a47b07decae7468d003702e1bf0838ac89e3360394a93461e196134f2ca24c"", ""source_url"": ""https://www.sec.gov/Archives/edgar/data/79958/000119312510023271/pcp-20091227.xml""}, {""accession"": ""0000079958-13-000018"", ""cik"": ""0000079958"", ""evidence_kind"": ""sec_bulk_issuer_name_no_ticker"", ""filed_date"": ""2013-05-30"", ""historical_name"": ""PRECISION CASTPARTS CORP"", ""sha256"": ""7cc764386ea9cb01d62e1a9f4fac38dc9c741e96886a953ddaad2def4eb489c7"", ""source_url"": ""https://www.sec.gov/files/dera/data/financial-statement-data-sets/2013q2.zip""}, {""accession"": ""0000079958-12-000007"", ""cik"": ""0000079958"", ""evidence_kind"": ""sec_bulk_issuer_name_no_ticker"", ""filed_date"": ""2012-02-10"", ""historical_name"": ""PRECISION CASTPARTS CORP"", ""sha256"": ""42ed1a5ecac978d4338bd51cd4bc15bf60cc821291eea492f8172fc4e803d5f6"", ""source_url"": ""https://www.sec.gov/files/dera/data/financial-statement-data-sets/2012q1.zip""}]"
PDCO,0000891024,2010-01-01,2016-01-01,confirmed_by_multiple_evidence,3,3,20,2010-09-09,2015-12-10,True,False,[],"[{""accession"": ""0001193125-10-207413"", ""cik"": ""0000891024"", ""evidence_kind"": ""sec_dei_ticker"", ""filed_date"": ""2010-09-09"", ""sha256"": ""1935a6797d328a10136c1bef1ea4747bfce7d18d2e9254488344f3e34936a6bd"", ""source_url"": ""https://www.sec.gov/Archives/edgar/data/891024/000119312510207413/pdco-20100731.xml""}, {""accession"": ""0001193125-13-358383"", ""cik"": ""0000891024"", ""evidence_kind"": ""sec_dei_ticker"", ""filed_date"": ""2013-09-05"", ""sha256"": ""9dd8b9ce8ebc0d00ff5526e76fe2f5903f76ee03b1d2d99ed67d130588e4ef83"", ""source_url"": ""https://www.sec.gov/Archives/edgar/data/891024/000119312513358383/pdco-20130727.xml""}, {""accession"": ""0001193125-15-399973"", ""cik"": ""0000891024"", ""evidence_kind"": ""sec_dei_ticker"", ""filed_date"": ""2015-12-10"", ""sha256"": ""a674a31c32bd3bddf808955f74a425a1186da563b305da7fb00ce473aa6e88b1"", ""source_url"": ""https://www.sec.gov/Archives/edgar/data/891024/000119312515399973/pdco-20151031.xml""}]"
PEG,0000788784,2010-01-01,2016-01-01,confirmed_by_multiple_evidence,3,3,22,2010-02-25,2015-10-30,True,False,[],"[{""accession"": ""0000788784-13-000003"", ""cik"": ""0000788784"", ""evidence_kind"": ""sec_dei_ticker"", ""filed_date"": ""2013-02-26"", ""sha256"": ""4b732d9a53e6a1ae9a6893936d41c89286fec3a6706eb56c19e890cadfede4a8"", ""source_url"": ""https://www.sec.gov/Archives/edgar/data/788784/000078878413000003/pseg-20121231.xml""}, {""accession"": ""0000788784-15-000011"", ""cik"": ""0000788784"", ""evidence_kind"": ""sec_dei_ticker"", ""filed_date"": ""2015-10-30"", ""sha256"": ""4180c6213b0f5d40aba05370947ce9c39e9de9fb674b9305291992e8226c1329"", ""source_url"": ""https://www.sec.gov/Archives/edgar/data/788784/000078878415000011/pseg-20150930.xml""}, {""accession"": ""0001193125-10-040508"", ""cik"": ""0000788784"", ""evidence_kind"": ""sec_dei_ticker"", ""filed_date"": ""2010-02-25"", ""sha256"": ""268c58906e0a17d79d22ebeaffb2efda0f94a80bbcbfcdc5fc5eb07512f83512"", ""source_url"": ""https://www.sec.gov/Archives/edgar/data/788784/000119312510040508/peg-20091231.xml""}, {""accession"": ""0000788784-13-000007"", ""cik"": ""0000788784"", ""evidence_kind"": ""sec_bulk_issuer_name_no_ticker"", ""filed_date"": ""2013-05-01"", ""historical_name"": ""PUBLIC SERVICE ENTERPRISE GROUP INC"", ""sha256"": ""7cc764386ea9cb01d62e1a9f4fac38dc9c741e96886a953ddaad2def4eb489c7"", ""source_url"": ""https://www.sec.gov/files/dera/data/financial-statement-data-sets/2013q2.zip""}, {""accession"": ""0001193125-12-081813"", ""cik"": ""0000788784"", ""evidence_kind"": ""sec_bulk_issuer_name_no_ticker"", ""filed_date"": ""2012-02-27"", ""historical_name"": ""PUBLIC SERVICE ENTERPRISE GROUP INC"", ""sha256"": ""42ed1a5ecac978d4338bd51cd4bc15bf60cc821291eea492f8172fc4e803d5f6"", ""source_url"": ""https://www.sec.gov/files/dera/data/financial-statement-data-sets/2012q1.zip""}]"
PEP,0000077476,2010-01-01,2016-01-01,confirmed_by_multiple_evidence,5,5,24,2010-02-22,2015-10-06,True,False,[],"[{""accession"": ""0000077476-13-000020"", ""cik"": ""0000077476"", ""evidence_kind"": ""sec_dei_ticker"", ""filed_date"": ""2013-07-24"", ""sha256"": ""41809608fa890be7d991104f7e3bdbb17a067914a9c4056639ee3720432afcd3"", ""source_url"": ""https://www.sec.gov/Archives/edgar/data/77476/000007747613000020/pep-20130615.xml""}, {""accession"": ""0000077476-14-000044"", ""cik"": ""0000077476"", ""evidence_kind"": ""sec_dei_ticker"", ""filed_date"": ""2014-07-23"", ""sha256"": ""cea45607356263854e3ab176682968805b130a597b5de485c583cef75b3950c7"", ""source_url"": ""https://www.sec.gov/Archives/edgar/data/77476/000007747614000044/pep-20140614.xml""}, {""accession"": ""0000077476-15-000050"", ""cik"": ""0000077476"", ""evidence_kind"": ""sec_dei_ticker"", ""filed_date"": ""2015-10-06"", ""sha256"": ""f6d3febe39b1a065fd0d2a671173a8cd9f2de773841e8057cbf9f58a4723567f"", ""source_url"": ""https://www.sec.gov/Archives/edgar/data/77476/000007747615000050/pep-20150905.xml""}, {""accession"": ""0001193125-10-036385"", ""cik"": ""0000077476"", ""evidence_kind"": ""sec_dei_ticker"", ""filed_date"": ""2010-02-22"", ""sha256"": ""82123fe8b634941e7029ab64f9444030dc882dc0dba1dd5319a1a7eaa9f297b1"", ""source_url"": ""https://www.sec.gov/Archives/edgar/data/77476/000119312510036385/pep-20091226.xml""}, {""accession"": ""0001445305-13-000278"", ""cik"": ""0000077476"", ""evidence_kind"": ""sec_dei_ticker"", ""filed_date"": ""2013-02-21"", ""sha256"": ""0657f35e866a4517a3f1117288780977185bdf2ce396c09613ac0400cb716e13"", ""source_url"": ""https://www.sec.gov/Archives/edgar/data/77476/000144530513000278/pep-20121229.xml""}, {""accession"": ""0000077476-13-000008"", ""cik"": ""0000077476"", ""evidence_kind"": ""sec_bulk_issuer_name_no_ticker"", ""filed_date"": ""2013-04-19"", ""historical_name"": ""PEPSICO INC"", ""sha256"": ""7cc764386ea9cb01d62e1a9f4fac38dc9c741e96886a953ddaad2def4eb489c7"", ""source_url"": ""https://www.sec.gov/files/dera/data/financial-statement-data-sets/2013q2.zip""}, {""accession"": ""0001193125-12-081822"", ""cik"": ""0000077476"", ""evidence_kind"": ""sec_bulk_issuer_name_no_ticker"", ""filed_date"": ""2012-02-27"", ""historical_name"": ""PEPSICO INC"", ""sha256"": ""42ed1a5ecac978d4338bd51cd4bc15bf60cc821291eea492f8172fc4e803d5f6"", ""source_url"": ""https://www.sec.gov/files/dera/data/financial-statement-data-sets/2012q1.zip""}]"
PETM,0000863157,2012-10-10,2015-03-12,corroborated_candidate,9,0,9,2012-11-21,2014-11-26,True,False,[],"[{""accession"": ""0000863157-12-000131"", ""cik"": ""0000863157"", ""evidence_kind"": ""sec_bulk_issuer_name_no_ticker"", ""filed_date"": ""2012-11-21"", ""historical_name"": ""PETSMART INC"", ""sha256"": ""af6629de7547f5d75c85abf170550b9466768071fcd419d5fdf1a1d026436e98"", ""source_url"": ""https://www.sec.gov/files/dera/data/financial-statement-data-sets/2012q4.zip""}, {""accession"": ""0000863157-13-000123"", ""cik"": ""0000863157"", ""evidence_kind"": ""sec_bulk_issuer_name_no_ticker"", ""filed_date"": ""2013-11-27"", ""historical_name"": ""PETSMART INC"", ""sha256"": ""7781ac25ddbd4f6eb8eb85e838656181fb06e8bc16b1dd5efccb9e21f8f5baa7"", ""source_url"": ""https://www.sec.gov/files/dera/data/financial-statement-data-sets/2013q4.zip""}, {""accession"": ""0000863157-14-000073"", ""cik"": ""0000863157"", ""evidence_kind"": ""sec_bulk_issuer_name_no_ticker"", ""filed_date"": ""2014-11-26"", ""historical_name"": ""PETSMART INC"", ""sha256"": ""c82395b7df380a95b30d652784372a5439dea9ed750d89784822bb643cbc4930"", ""source_url"": ""https://www.sec.gov/files/dera/data/financial-statement-data-sets/2014q4.zip""}]"
PFE,0000078003,2010-01-01,2016-01-01,confirmed_by_multiple_evidence,2,2,24,2010-02-26,2015-11-05,True,False,[],"[{""accession"": ""0000078003-13-000006"", ""cik"": ""0000078003"", ""evidence_kind"": ""sec_dei_ticker"", ""filed_date"": ""2013-02-28"", ""sha256"": ""9e2f2f1a8b3f0ba46b453d061ba9d96438419d2744b4d784099b10f366034d32"", ""source_url"": ""https://www.sec.gov/Archives/edgar/data/78003/000007800313000006/pfe-20121231.xml""}, {""accession"": ""0000078003-15-000051"", ""cik"": ""0000078003"", ""evidence_kind"": ""sec_dei_ticker"", ""filed_date"": ""2015-11-05"", ""sha256"": ""1a3b41eb1340243fb4e2c0585abddaf7480fb55bda6a58dcfab4223300305b00"", ""source_url"": ""https://www.sec.gov/Archives/edgar/data/78003/000007800315000051/pfe-20150927.xml""}, {""accession"": ""0001193125-10-042425"", ""cik"": ""0000078003"", ""evidence_kind"": ""sec_bulk_issuer_name_no_ticker"", ""filed_date"": ""2010-02-26"", ""historical_name"": ""PFIZER INC"", ""sha256"": ""2a4db2340ab1662d5135d7e17be1a58352c5959017350f0ef2174135f9996125"", ""source_url"": ""https://www.sec.gov/files/dera/data/financial-statement-data-sets/2010q1.zip""}, {""accession"": ""0000078003-13-000013"", ""cik"": ""0000078003"", ""evidence_kind"": ""sec_bulk_issuer_name_no_ticker"", ""filed_date"": ""2013-05-10"", ""historical_name"": ""PFIZER INC"", ""sha256"": ""7cc764386ea9cb01d62e1a9f4fac38dc9c741e96886a953ddaad2def4eb489c7"", ""source_url"": ""https://www.sec.gov/files/dera/data/financial-statement-data-sets/2013q2.zip""}, {""accession"": ""0001193125-12-085703"", ""cik"": ""0000078003"", ""evidence_kind"": ""sec_bulk_issuer_name_no_ticker"", ""filed_date"": ""2012-02-28"", ""historical_name"": ""PFIZER INC"", ""sha256"": ""42ed1a5ecac978d4338bd51cd4bc15bf60cc821291eea492f8172fc4e803d5f6"", ""source_url"": ""https://www.sec.gov/files/dera/data/financial-statement-data-sets/2012q1.zip""}]"
PFG,0001126328,2010-01-01,2016-01-01,corroborated_candidate,24,0,24,2010-02-17,2015-10-28,True,False,[],"[{""accession"": ""0001047469-10-000948"", ""cik"": ""0001126328"", ""evidence_kind"": ""sec_bulk_issuer_name_no_ticker"", ""filed_date"": ""2010-02-17"", ""historical_name"": ""PRINCIPAL FINANCIAL GROUP INC"", ""sha256"": ""2a4db2340ab1662d5135d7e17be1a58352c5959017350f0ef2174135f9996125"", ""source_url"": ""https://www.sec.gov/files/dera/data/financial-statement-data-sets/2010q1.zip""}, {""accession"": ""0001104659-13-035720"", ""cik"": ""0001126328"", ""evidence_kind"": ""sec_bulk_issuer_name_no_ticker"", ""filed_date"": ""2013-05-01"", ""historical_name"": ""PRINCIPAL FINANCIAL GROUP INC"", ""sha256"": ""7cc764386ea9cb01d62e1a9f4fac38dc9c741e96886a953ddaad2def4eb489c7"", ""source_url"": ""https://www.sec.gov/files/dera/data/financial-statement-data-sets/2013q2.zip""}, {""accession"": ""0001047469-12-001065"", ""cik"": ""0001126328"", ""evidence_kind"": ""sec_bulk_issuer_name_no_ticker"", ""filed_date"": ""2012-02-15"", ""historical_name"": ""PRINCIPAL FINANCIAL GROUP INC"", ""sha256"": ""42ed1a5ecac978d4338bd51cd4bc15bf60cc821291eea492f8172fc4e803d5f6"", ""source_url"": ""https://www.sec.gov/files/dera/data/financial-statement-data-sets/2012q1.zip""}]"
PG,0000080424,2010-01-01,2016-01-01,confirmed_by_multiple_evidence,3,3,24,2010-01-28,2015-10-23,True,False,[],"[{""accession"": ""0000080424-13-000012"", ""cik"": ""0000080424"", ""evidence_kind"": ""sec_dei_ticker"", ""filed_date"": ""2013-01-25"", ""sha256"": ""c22a4ff4d5bffd1190d1cbfff978859ca810975ba598a6d360ad6b56e79cb782"", ""source_url"": ""https://www.sec.gov/Archives/edgar/data/80424/000008042413000012/pg-20121231.xml""}, {""accession"": ""0000080424-15-000098"", ""cik"": ""0000080424"", ""evidence_kind"": ""sec_dei_ticker"", ""filed_date"": ""2015-10-23"", ""sha256"": ""2dfb5afff8814764bbdbaf3e8b7e9904b38da58592915bfc500c03f198b6c6ee"", ""source_url"": ""https://www.sec.gov/Archives/edgar/data/80424/000008042415000098/pg-20150930.xml""}, {""accession"": ""0001193125-10-014865"", ""cik"": ""0000080424"", ""evidence_kind"": ""sec_dei_ticker"", ""filed_date"": ""2010-01-28"", ""sha256"": ""8046162855e4f3c7604c21d33596be27f599b2f4b69e4d01f0a7e673753160ed"", ""source_url"": ""https://www.sec.gov/Archives/edgar/data/80424/000119312510014865/pg-20091231.xml""}, {""accession"": ""0000080424-13-000033"", ""cik"": ""0000080424"", ""evidence_kind"": ""sec_bulk_issuer_name_no_ticker"", ""filed_date"": ""2013-04-24"", ""historical_name"": ""PROCTER & GAMBLE CO"", ""sha256"": ""7cc764386ea9cb01d62e1a9f4fac38dc9c741e96886a953ddaad2def4eb489c7"", ""source_url"": ""https://www.sec.gov/files/dera/data/financial-statement-data-sets/2013q2.zip""}, {""accession"": ""0000080424-12-000015"", ""cik"": ""0000080424"", ""evidence_kind"": ""sec_bulk_issuer_name_no_ticker"", ""filed_date"": ""2012-01-27"", ""historical_name"": ""PROCTER & GAMBLE CO"", ""sha256"": ""42ed1a5ecac978d4338bd51cd4bc15bf60cc821291eea492f8172fc4e803d5f6"", ""source_url"": ""https://www.sec.gov/files/dera/data/financial-statement-data-sets/2012q1.zip""}]"
PGN,0001094093,2010-01-01,2012-07-02,corroborated_candidate,9,0,9,2010-02-26,2012-05-08,True,False,[],"[{""accession"": ""0001094093-10-000021"", ""cik"": ""0001094093"", ""evidence_kind"": ""sec_bulk_issuer_name_no_ticker"", ""filed_date"": ""2010-02-26"", ""historical_name"": ""PROGRESS ENERGY INC"", ""sha256"": ""2a4db2340ab1662d5135d7e17be1a58352c5959017350f0ef2174135f9996125"", ""source_url"": ""https://www.sec.gov/files/dera/data/financial-statement-data-sets/2010q1.zip""}, {""accession"": ""0001094093-11-000127"", ""cik"": ""0001094093"", ""evidence_kind"": ""sec_bulk_issuer_name_no_ticker"", ""filed_date"": ""2011-05-09"", ""historical_name"": ""PROGRESS ENERGY INC"", ""sha256"": ""10a6f98f14d2a341e938a379ea32beb4857b01d59facf04e6e7b3c68558a95d1"", ""source_url"": ""https://www.sec.gov/files/dera/data/financial-statement-data-sets/2011q2.zip""}, {""accession"": ""0001094093-12-000046"", ""cik"": ""0001094093"", ""evidence_kind"": ""sec_bulk_issuer_name_no_ticker"", ""filed_date"": ""2012-02-29"", ""historical_name"": ""PROGRESS ENERGY INC"", ""sha256"": ""42ed1a5ecac978d4338bd51cd4bc15bf60cc821291eea492f8172fc4e803d5f6"", ""source_url"": ""https://www.sec.gov/files/dera/data/financial-statement-data-sets/2012q1.zip""}]"
PGR,0000080661,2010-01-01,2016-01-01,confirmed_by_multiple_evidence,3,3,24,2010-03-01,2015-11-05,True,False,[],"[{""accession"": ""0000080661-15-000058"", ""cik"": ""0000080661"", ""evidence_kind"": ""sec_dei_ticker"", ""filed_date"": ""2015-11-05"", ""sha256"": ""afb89fa31e328fac3e2e3bcfb284ad098dc493747a6ae043a66e3568777dc8f4"", ""source_url"": ""https://www.sec.gov/Archives/edgar/data/80661/000008066115000058/pgr-20150930.xml""}, {""accession"": ""0001193125-10-044296"", ""cik"": ""0000080661"", ""evidence_kind"": ""sec_dei_ticker"", ""filed_date"": ""2010-03-01"", ""sha256"": ""dc5747969ec11f044bbae3901e4e80d510840eb787fecb8dd3c1a620dcb855b6"", ""source_url"": ""https://www.sec.gov/Archives/edgar/data/80661/000119312510044296/pgr-20091231.xml""}, {""accession"": ""0001193125-13-075784"", ""cik"": ""0000080661"", ""evidence_kind"": ""sec_dei_ticker"", ""filed_date"": ""2013-02-26"", ""sha256"": ""faa85411b929c126f8fd4d1f3f67653ed5c3b14435bc07a242a22e5612683bd9"", ""source_url"": ""https://www.sec.gov/Archives/edgar/data/80661/000119312513075784/pgr-20121231.xml""}, {""accession"": ""0001193125-13-194648"", ""cik"": ""0000080661"", ""evidence_kind"": ""sec_bulk_issuer_name_no_ticker"", ""filed_date"": ""2013-05-02"", ""historical_name"": ""PROGRESSIVE CORP/OH/"", ""sha256"": ""7cc764386ea9cb01d62e1a9f4fac38dc9c741e96886a953ddaad2def4eb489c7"", ""source_url"": ""https://www.sec.gov/files/dera/data/financial-statement-data-sets/2013q2.zip""}, {""accession"": ""0001193125-12-083846"", ""cik"": ""0000080661"", ""evidence_kind"": ""sec_bulk_issuer_name_no_ticker"", ""filed_date"": ""2012-02-28"", ""historical_name"": ""PROGRESSIVE CORP/OH/"", ""sha256"": ""42ed1a5ecac978d4338bd51cd4bc15bf60cc821291eea492f8172fc4e803d5f6"", ""source_url"": ""https://www.sec.gov/files/dera/data/financial-statement-data-sets/2012q1.zip""}]"
PH,0000076334,2010-01-01,2016-01-01,confirmed_by_multiple_evidence,3,3,24,2010-02-04,2015-11-03,True,False,[],"[{""accession"": ""0000076334-13-000030"", ""cik"": ""0000076334"", ""evidence_kind"": ""sec_dei_ticker"", ""filed_date"": ""2013-02-06"", ""sha256"": ""06178f837dece3420be8ee7aa828fbab8788840e4c64c02983aec9e7d5032f27"", ""source_url"": ""https://www.sec.gov/Archives/edgar/data/76334/000007633413000030/ph-20121231.xml""}, {""accession"": ""0000076334-15-000104"", ""cik"": ""0000076334"", ""evidence_kind"": ""sec_dei_ticker"", ""filed_date"": ""2015-11-03"", ""sha256"": ""7c5f0099a5bfdca8310f68cfadf755ffa3a7ff62c7bd1ff86076dbf6556ad2fb"", ""source_url"": ""https://www.sec.gov/Archives/edgar/data/76334/000007633415000104/ph-20150930.xml""}, {""accession"": ""0001193125-10-021720"", ""cik"": ""0000076334"", ""evidence_kind"": ""sec_dei_ticker"", ""filed_date"": ""2010-02-04"", ""sha256"": ""7911c17b1499add454c4af5712dcba2ac292b9ae7f9e3eeff5ec15aa2cbf7806"", ""source_url"": ""https://www.sec.gov/Archives/edgar/data/76334/000119312510021720/ph-20091231.xml""}, {""accession"": ""0000076334-13-000072"", ""cik"": ""0000076334"", ""evidence_kind"": ""sec_bulk_issuer_name_no_ticker"", ""filed_date"": ""2013-05-07"", ""historical_name"": ""PARKER HANNIFIN CORP"", ""sha256"": ""7cc764386ea9cb01d62e1a9f4fac38dc9c741e96886a953ddaad2def4eb489c7"", ""source_url"": ""https://www.sec.gov/files/dera/data/financial-statement-data-sets/2013q2.zip""}, {""accession"": ""0001193125-12-045352"", ""cik"": ""0000076334"", ""evidence_kind"": ""sec_bulk_issuer_name_no_ticker"", ""filed_date"": ""2012-02-08"", ""historical_name"": ""PARKER HANNIFIN CORP"", ""sha256"": ""42ed1a5ecac978d4338bd51cd4bc15bf60cc821291eea492f8172fc4e803d5f6"", ""source_url"": ""https://www.sec.gov/files/dera/data/financial-statement-data-sets/2012q1.zip""}]"
PHM,0000822416,2010-01-01,2016-01-01,corroborated_candidate,22,1,22,2010-08-05,2015-10-22,True,False,[],"[{""accession"": ""0001193125-10-179323"", ""cik"": ""0000822416"", ""evidence_kind"": ""sec_dei_ticker"", ""filed_date"": ""2010-08-05"", ""sha256"": ""350e727a3521057aa829d59a4ac1d081fd102710ad1d34d0de7d532cc4248a88"", ""source_url"": ""https://www.sec.gov/Archives/edgar/data/822416/000119312510179323/phm-20100630.xml""}, {""accession"": ""0000822416-13-000037"", ""cik"": ""0000822416"", ""evidence_kind"": ""sec_bulk_issuer_name_no_ticker"", ""filed_date"": ""2013-07-25"", ""historical_name"": ""PULTEGROUP INC/MI/"", ""sha256"": ""c9134387b650a9194f14b3f832f16aa1a72255c20a0e0b954001a643933cc849"", ""source_url"": ""https://www.sec.gov/files/dera/data/financial-statement-data-sets/2013q3.zip""}, {""accession"": ""0000822416-12-000010"", ""cik"": ""0000822416"", ""evidence_kind"": ""sec_bulk_issuer_name_no_ticker"", ""filed_date"": ""2012-02-09"", ""historical_name"": ""PULTEGROUP INC/MI/"", ""sha256"": ""42ed1a5ecac978d4338bd51cd4bc15bf60cc821291eea492f8172fc4e803d5f6"", ""source_url"": ""https://www.sec.gov/files/dera/data/financial-statement-data-sets/2012q1.zip""}]"
PKI,0000031791,2010-01-01,2016-01-01,corroborated_candidate,22,0,22,2010-08-10,2015-11-10,True,False,[],"[{""accession"": ""0001193125-10-184667"", ""cik"": ""0000031791"", ""evidence_kind"": ""sec_bulk_issuer_name_no_ticker"", ""filed_date"": ""2010-08-10"", ""historical_name"": ""PERKINELMER INC"", ""sha256"": ""52014faf614ca0d7b8040e364f5b3e99f28d5e96b711aa922b490056e2c1d7b5"", ""source_url"": ""https://www.sec.gov/files/dera/data/financial-statement-data-sets/2010q3.zip""}, {""accession"": ""0001445305-13-001906"", ""cik"": ""0000031791"", ""evidence_kind"": ""sec_bulk_issuer_name_no_ticker"", ""filed_date"": ""2013-08-06"", ""historical_name"": ""PERKINELMER INC"", ""sha256"": ""c9134387b650a9194f14b3f832f16aa1a72255c20a0e0b954001a643933cc849"", ""source_url"": ""https://www.sec.gov/files/dera/data/financial-statement-data-sets/2013q3.zip""}, {""accession"": ""0001445305-12-000499"", ""cik"": ""0000031791"", ""evidence_kind"": ""sec_bulk_issuer_name_no_ticker"", ""filed_date"": ""2012-02-28"", ""historical_name"": ""PERKINELMER INC"", ""sha256"": ""42ed1a5ecac978d4338bd51cd4bc15bf60cc821291eea492f8172fc4e803d5f6"", ""source_url"": ""https://www.sec.gov/files/dera/data/financial-statement-data-sets/2012q1.zip""}]"
PLD,0001045609,2010-01-01,2016-01-01,confirmed_by_multiple_evidence,2,2,21,2010-08-03,2015-11-02,True,False,[],"[{""accession"": ""0001193125-13-207548"", ""cik"": ""0001045609"", ""evidence_kind"": ""sec_dei_ticker"", ""filed_date"": ""2013-05-08"", ""sha256"": ""5f96760730aa369f7b184b8343c6756249364aa544129400ddc38ed94da3da8b"", ""source_url"": ""https://www.sec.gov/Archives/edgar/data/1045609/000119312513207548/pld-20130331.xml""}, {""accession"": ""0001564590-15-009022"", ""cik"": ""0001045609"", ""evidence_kind"": ""sec_dei_ticker"", ""filed_date"": ""2015-11-02"", ""sha256"": ""f64aeff0ece395c8e0fc2830a99219c494f46c9134e734493be9cc94a705fea4"", ""source_url"": ""https://www.sec.gov/Archives/edgar/data/1045609/000156459015009022/pld-20150930.xml""}, {""accession"": ""0000950123-10-071864"", ""cik"": ""0001045609"", ""evidence_kind"": ""sec_bulk_issuer_name_no_ticker"", ""filed_date"": ""2010-08-03"", ""historical_name"": ""AMB PROPERTY CORP"", ""sha256"": ""52014faf614ca0d7b8040e364f5b3e99f28d5e96b711aa922b490056e2c1d7b5"", ""source_url"": ""https://www.sec.gov/files/dera/data/financial-statement-data-sets/2010q3.zip""}, {""accession"": ""0001193125-13-326840"", ""cik"": ""0001045609"", ""evidence_kind"": ""sec_bulk_issuer_name_no_ticker"", ""filed_date"": ""2013-08-08"", ""historical_name"": ""PROLOGIS, INC."", ""sha256"": ""c9134387b650a9194f14b3f832f16aa1a72255c20a0e0b954001a643933cc849"", ""source_url"": ""https://www.sec.gov/files/dera/data/financial-statement-data-sets/2013q3.zip""}, {""accession"": ""0001193125-12-087643"", ""cik"": ""0001045609"", ""evidence_kind"": ""sec_bulk_issuer_name_no_ticker"", ""filed_date"": ""2012-02-29"", ""historical_name"": ""PROLOGIS, INC."", ""sha256"": ""42ed1a5ecac978d4338bd51cd4bc15bf60cc821291eea492f8172fc4e803d5f6"", ""source_url"": ""https://www.sec.gov/files/dera/data/financial-statement-data-sets/2012q1.zip""}]"
PLL,0000075829,2010-01-01,2015-08-28,corroborated_candidate,19,0,19,2010-12-10,2015-05-21,True,False,[],"[{""accession"": ""0001206774-10-002604"", ""cik"": ""0000075829"", ""evidence_kind"": ""sec_bulk_issuer_name_no_ticker"", ""filed_date"": ""2010-12-10"", ""historical_name"": ""PALL CORP"", ""sha256"": ""3dc43a8559cba9e1a9bb5a283a99e1fdfd2b0eaa7a9460887d5b4c70d69cef63"", ""source_url"": ""https://www.sec.gov/files/dera/data/financial-statement-data-sets/2010q4.zip""}, {""accession"": ""0001445305-13-001429"", ""cik"": ""0000075829"", ""evidence_kind"": ""sec_bulk_issuer_name_no_ticker"", ""filed_date"": ""2013-06-06"", ""historical_name"": ""PALL CORP"", ""sha256"": ""7cc764386ea9cb01d62e1a9f4fac38dc9c741e96886a953ddaad2def4eb489c7"", ""source_url"": ""https://www.sec.gov/files/dera/data/financial-statement-data-sets/2013q2.zip""}, {""accession"": ""0001445305-12-000621"", ""cik"": ""0000075829"", ""evidence_kind"": ""sec_bulk_issuer_name_no_ticker"", ""filed_date"": ""2012-03-09"", ""historical_name"": ""PALL CORP"", ""sha256"": ""42ed1a5ecac978d4338bd51cd4bc15bf60cc821291eea492f8172fc4e803d5f6"", ""source_url"": ""https://www.sec.gov/files/dera/data/financial-statement-data-sets/2012q1.zip""}]"
PM,0001413329,2010-01-01,2016-01-01,corroborated_candidate,23,1,23,2010-02-26,2015-10-30,True,False,[],"[{""accession"": ""0001193125-10-041735"", ""cik"": ""0001413329"", ""evidence_kind"": ""sec_dei_ticker"", ""filed_date"": ""2010-02-26"", ""sha256"": ""bc666a6efeb24a87e31cde1d47d796c0d7a5d891e3de2b25ab0d69fab9b58919"", ""source_url"": ""https://www.sec.gov/Archives/edgar/data/1413329/000119312510041735/pm-20091231.xml""}, {""accession"": ""0001413329-13-000030"", ""cik"": ""0001413329"", ""evidence_kind"": ""sec_bulk_issuer_name_no_ticker"", ""filed_date"": ""2013-05-03"", ""historical_name"": ""PHILIP MORRIS INTERNATIONAL INC."", ""sha256"": ""7cc764386ea9cb01d62e1a9f4fac38dc9c741e96886a953ddaad2def4eb489c7"", ""source_url"": ""https://www.sec.gov/files/dera/data/financial-statement-data-sets/2013q2.zip""}, {""accession"": ""0001193125-12-076983"", ""cik"": ""0001413329"", ""evidence_kind"": ""sec_bulk_issuer_name_no_ticker"", ""filed_date"": ""2012-02-24"", ""historical_name"": ""PHILIP MORRIS INTERNATIONAL INC."", ""sha256"": ""42ed1a5ecac978d4338bd51cd4bc15bf60cc821291eea492f8172fc4e803d5f6"", ""source_url"": ""https://www.sec.gov/files/dera/data/financial-statement-data-sets/2012q1.zip""}]"
PNC,0000713676,2010-01-01,2016-01-01,confirmed_by_multiple_evidence,3,3,24,2010-03-11,2015-11-05,True,False,[],"[{""accession"": ""0001193125-10-052794"", ""cik"": ""0000713676"", ""evidence_kind"": ""sec_dei_ticker"", ""filed_date"": ""2010-03-11"", ""sha256"": ""c750c031f7f46fee5010d02eabe5870eb1bbe1b4b350424206a4a3cefe7e01e7"", ""source_url"": ""https://www.sec.gov/Archives/edgar/data/713676/000119312510052794/pnc-20091231.xml""}, {""accession"": ""0001193125-13-085012"", ""cik"": ""0000713676"", ""evidence_kind"": ""sec_dei_ticker"", ""filed_date"": ""2013-03-01"", ""sha256"": ""aa3f2ee0c8fb305c681c961260b4b26cef14e73f144c0a3e918a17b337498bfb"", ""source_url"": ""https://www.sec.gov/Archives/edgar/data/713676/000119312513085012/pnc-20121231.xml""}, {""accession"": ""0001193125-15-366426"", ""cik"": ""0000713676"", ""evidence_kind"": ""sec_dei_ticker"", ""filed_date"": ""2015-11-05"", ""sha256"": ""bb7dcdaeb073fd38144284164137509815d39909bcd042ecd4bbf6d63f20d9fa"", ""source_url"": ""https://www.sec.gov/Archives/edgar/data/713676/000119312515366426/pnc-20150930.xml""}, {""accession"": ""0001193125-13-210673"", ""cik"": ""0000713676"", ""evidence_kind"": ""sec_bulk_issuer_name_no_ticker"", ""filed_date"": ""2013-05-09"", ""historical_name"": ""PNC FINANCIAL SERVICES GROUP, INC."", ""sha256"": ""7cc764386ea9cb01d62e1a9f4fac38dc9c741e96886a953ddaad2def4eb489c7"", ""source_url"": ""https://www.sec.gov/files/dera/data/financial-statement-data-sets/2013q2.zip""}, {""accession"": ""0001193125-12-087345"", ""cik"": ""0000713676"", ""evidence_kind"": ""sec_bulk_issuer_name_no_ticker"", ""filed_date"": ""2012-02-29"", ""historical_name"": ""PNC FINANCIAL SERVICES GROUP, INC."", ""sha256"": ""42ed1a5ecac978d4338bd51cd4bc15bf60cc821291eea492f8172fc4e803d5f6"", ""source_url"": ""https://www.sec.gov/files/dera/data/financial-statement-data-sets/2012q1.zip""}]"
PNR,0000077360,2012-10-01,2016-01-01,confirmed_by_multiple_evidence,3,3,13,2012-11-01,2015-10-20,True,False,[],"[{""accession"": ""0000077360-14-000016"", ""cik"": ""0000077360"", ""evidence_kind"": ""sec_dei_ticker"", ""filed_date"": ""2014-04-22"", ""sha256"": ""70ba9031fcddf7105758fb76cd91d6707bd2350e016b6183f1b1329c77ca93ab"", ""source_url"": ""https://www.sec.gov/Archives/edgar/data/77360/000007736014000016/pnr-20140329.xml""}, {""accession"": ""0000077360-15-000040"", ""cik"": ""0000077360"", ""evidence_kind"": ""sec_dei_ticker"", ""filed_date"": ""2015-10-20"", ""sha256"": ""f412ed79a434ef83023232335f8f6a3a6038a037b51c95823cc2067cfa45b02c"", ""source_url"": ""https://www.sec.gov/Archives/edgar/data/77360/000007736015000040/pnr-20150926.xml""}, {""accession"": ""0001193125-12-445897"", ""cik"": ""0000077360"", ""evidence_kind"": ""sec_dei_ticker"", ""filed_date"": ""2012-11-01"", ""sha256"": ""db192ede901906a66590dbf298aa168dbf2c988129b22f58f54d25bd023c10ca"", ""source_url"": ""https://www.sec.gov/Archives/edgar/data/77360/000119312512445897/pnr-20120929.xml""}]"
PNW,0000764622,2010-01-01,2016-01-01,corroborated_candidate,21,0,21,2010-08-03,2015-10-30,True,False,[],"[{""accession"": ""0000950123-10-071509"", ""cik"": ""0000764622"", ""evidence_kind"": ""sec_bulk_issuer_name_no_ticker"", ""filed_date"": ""2010-08-03"", ""historical_name"": ""PINNACLE WEST CAPITAL CORP"", ""sha256"": ""52014faf614ca0d7b8040e364f5b3e99f28d5e96b711aa922b490056e2c1d7b5"", ""source_url"": ""https://www.sec.gov/files/dera/data/financial-statement-data-sets/2010q3.zip""}, {""accession"": ""0001104659-13-036811"", ""cik"": ""0000764622"", ""evidence_kind"": ""sec_bulk_issuer_name_no_ticker"", ""filed_date"": ""2013-05-03"", ""historical_name"": ""PINNACLE WEST CAPITAL CORP"", ""sha256"": ""7cc764386ea9cb01d62e1a9f4fac38dc9c741e96886a953ddaad2def4eb489c7"", ""source_url"": ""https://www.sec.gov/files/dera/data/financial-statement-data-sets/2013q2.zip""}, {""accession"": ""0001104659-12-012301"", ""cik"": ""0000764622"", ""evidence_kind"": ""sec_bulk_issuer_name_no_ticker"", ""filed_date"": ""2012-02-24"", ""historical_name"": ""PINNACLE WEST CAPITAL CORP"", ""sha256"": ""42ed1a5ecac978d4338bd51cd4bc15bf60cc821291eea492f8172fc4e803d5f6"", ""source_url"": ""https://www.sec.gov/files/dera/data/financial-statement-data-sets/2012q1.zip""}]"
POM,0001135971,2010-01-01,2016-01-01,confirmed_by_multiple_evidence,19,19,24,2010-02-26,2015-10-26,True,False,[],"[{""accession"": ""0001193125-10-041024"", ""cik"": ""0001135971"", ""evidence_kind"": ""sec_dei_ticker"", ""filed_date"": ""2010-02-26"", ""sha256"": ""e1291cf59f3a654f22c75362a58b612476827897bb72ebe2eb0163f416b85450"", ""source_url"": ""https://www.sec.gov/Archives/edgar/data/1135971/000119312510041024/pom-20091231.xml""}, {""accession"": ""0001193125-10-111190"", ""cik"": ""0001135971"", ""evidence_kind"": ""sec_dei_ticker"", ""filed_date"": ""2010-05-07"", ""sha256"": ""6a405bc29edaf67b2543648b8d428bff641cdc3a4f2a7145f4416b61b9e36f17"", ""source_url"": ""https://www.sec.gov/Archives/edgar/data/1135971/000119312510111190/pom-20100331.xml""}, {""accession"": ""0001193125-10-179617"", ""cik"": ""0001135971"", ""evidence_kind"": ""sec_dei_ticker"", ""filed_date"": ""2010-08-06"", ""sha256"": ""c71f4ee21f1787cc54856ede98650f1e7c5537edfff72769861d115a0896570f"", ""source_url"": ""https://www.sec.gov/Archives/edgar/data/1135971/000119312510179617/pom-20100630.xml""}, {""accession"": ""0001193125-10-240191"", ""cik"": ""0001135971"", ""evidence_kind"": ""sec_dei_ticker"", ""filed_date"": ""2010-10-29"", ""sha256"": ""5da5bfbf25e4e80734148aea513c2b6d4bbeac7921839ee0792c1d8c504e3a56"", ""source_url"": ""https://www.sec.gov/Archives/edgar/data/1135971/000119312510240191/pom-20100930.xml""}, {""accession"": ""0001193125-11-046310"", ""cik"": ""0001135971"", ""evidence_kind"": ""sec_dei_ticker"", ""filed_date"": ""2011-02-25"", ""sha256"": ""f622cf3e68068a662848445f4a041eb56bb390fd5b43d685bebca191fd33f01b"", ""source_url"": ""https://www.sec.gov/Archives/edgar/data/1135971/000119312511046310/pom-20101231.xml""}, {""accession"": ""0001193125-11-128834"", ""cik"": ""0001135971"", ""evidence_kind"": ""sec_dei_ticker"", ""filed_date"": ""2011-05-06"", ""sha256"": ""a53341fc2b91fba1f5ac145cfce14ebff09401485611846c8d618305cc6b3c4c"", ""source_url"": ""https://www.sec.gov/Archives/edgar/data/1135971/000119312511128834/pom-20110331.xml""}, {""accession"": ""0001193125-11-208391"", ""cik"": ""0001135971"", ""evidence_kind"": ""sec_dei_ticker"", ""filed_date"": ""2011-08-03"", ""sha256"": ""6c1b9d00dcd804738762c5518b21278f767d40db16520738df41f4d8c4c39b6b"", ""source_url"": ""https://www.sec.gov/Archives/edgar/data/1135971/000119312511208391/phi-20110630.xml""}, {""accession"": ""0001193125-11-295580"", ""cik"": ""0001135971"", ""evidence_kind"": ""sec_dei_ticker"", ""filed_date"": ""2011-11-04"", ""sha256"": ""a81ec7c235b25b4b759afd5371fc2168ea9709c383394bf3d90a2bed6f086058"", ""source_url"": ""https://www.sec.gov/Archives/edgar/data/1135971/000119312511295580/pom-20110930.xml""}, {""accession"": ""0001193125-12-075999"", ""cik"": ""0001135971"", ""evidence_kind"": ""sec_dei_ticker"", ""filed_date"": ""2012-02-24"", ""sha256"": ""4619ad437a88da0c9b995c2c96ee474e109cd9fe237e329efa9e003c75111ebb"", ""source_url"": ""https://www.sec.gov/Archives/edgar/data/1135971/000119312512075999/pom-20111231.xml""}, {""accession"": ""0001193125-12-209000"", ""cik"": ""0001135971"", ""evidence_kind"": ""sec_dei_ticker"", ""filed_date"": ""2012-05-04"", ""sha256"": ""171d77d2ea7f4bf711a0c3c6100dfa9c3d8cc51780e0334f32d5b39cb463908a"", ""source_url"": ""https://www.sec.gov/Archives/edgar/data/1135971/000119312512209000/pom-20120331.xml""}, {""accession"": ""0001193125-12-338604"", ""cik"": ""0001135971"", ""evidence_kind"": ""sec_dei_ticker"", ""filed_date"": ""2012-08-07"", ""sha256"": ""a70721a9530690559a92aaa6e4371bb644d6e3c83e24ab0d9b69918e0a5001ac"", ""source_url"": ""https://www.sec.gov/Archives/edgar/data/1135971/000119312512338604/pom-20120630.xml""}, {""accession"": ""0001193125-12-452374"", ""cik"": ""0001135971"", ""evidence_kind"": ""sec_dei_ticker"", ""filed_date"": ""2012-11-06"", ""sha256"": ""af45344034c1cd54660fd067f7118a13b8a9b4c38af4c9257a6ec76ef1864844"", ""source_url"": ""https://www.sec.gov/Archives/edgar/data/1135971/000119312512452374/pom-20120930.xml""}, {""accession"": ""0001193125-13-085461"", ""cik"": ""0001135971"", ""evidence_kind"": ""sec_dei_ticker"", ""filed_date"": ""2013-03-01"", ""sha256"": ""c625a89905c60934db42086a96a73e6441e0c3f4f63a06d18e798477080f7cfb"", ""source_url"": ""https://www.sec.gov/Archives/edgar/data/1135971/000119312513085461/pom-20121231.xml""}, {""accession"": ""0001193125-13-196666"", ""cik"": ""0001135971"", ""evidence_kind"": ""sec_dei_ticker"", ""filed_date"": ""2013-05-03"", ""sha256"": ""f3d1e0d25c939c8de960274601a65ba9f1c5334a7b7f0cd141897010504b3c9b"", ""source_url"": ""https://www.sec.gov/Archives/edgar/data/1135971/000119312513196666/pom-20130331.xml""}, {""accession"": ""0001193125-14-389980"", ""cik"": ""0001135971"", ""evidence_kind"": ""sec_dei_ticker"", ""filed_date"": ""2014-10-31"", ""sha256"": ""878b4a662cade23176ad101e6b1cd34e4983126858c12d27acf304b28583c9da"", ""source_url"": ""https://www.sec.gov/Archives/edgar/data/1135971/000119312514389980/pom-20140930.xml""}, {""accession"": ""0001193125-15-066324"", ""cik"": ""0001135971"", ""evidence_kind"": ""sec_dei_ticker"", ""filed_date"": ""2015-02-27"", ""sha256"": ""1065b0880ccc1acec49928984681a18200a3561fd236da55dd3c4384899e3187"", ""source_url"": ""https://www.sec.gov/Archives/edgar/data/1135971/000119312515066324/pom-20141231.xml""}, {""accession"": ""0001193125-15-163051"", ""cik"": ""0001135971"", ""evidence_kind"": ""sec_dei_ticker"", ""filed_date"": ""2015-05-01"", ""sha256"": ""76a73a7fbb3252a2bd3d45d6cbd73fd69568910e92f0ccdf6c218349e1fa2e7c"", ""source_url"": ""https://www.sec.gov/Archives/edgar/data/1135971/000119312515163051/pom-20150331.xml""}, {""accession"": ""0001193125-15-262919"", ""cik"": ""0001135971"", ""evidence_kind"": ""sec_dei_ticker"", ""filed_date"": ""2015-07-27"", ""sha256"": ""b27cdd985c7ec8b27472864dbf86fda19c1c55f99f1390112567cc7e3da22bf6"", ""source_url"": ""https://www.sec.gov/Archives/edgar/data/1135971/000119312515262919/pom-20150630.xml""}, {""accession"": ""0001193125-15-352178"", ""cik"": ""0001135971"", ""evidence_kind"": ""sec_dei_ticker"", ""filed_date"": ""2015-10-26"", ""sha256"": ""70ced192eac3f5157ad88a1eaf40a221b7bb3893c11182ad066164326ccdf647"", ""source_url"": ""https://www.sec.gov/Archives/edgar/data/1135971/000119312515352178/pom-20150930.xml""}]"
PPG,0000079879,2010-01-01,2016-01-01,confirmed_by_multiple_evidence,3,3,24,2010-02-18,2015-10-26,True,False,[],"[{""accession"": ""0000079879-13-000016"", ""cik"": ""0000079879"", ""evidence_kind"": ""sec_dei_ticker"", ""filed_date"": ""2013-02-21"", ""sha256"": ""2193d1d45adbbd66594cd18ea652ca9c2808330ae83ef123ef9acf2587d2958a"", ""source_url"": ""https://www.sec.gov/Archives/edgar/data/79879/000007987913000016/ppg-20121231.xml""}, {""accession"": ""0000079879-15-000051"", ""cik"": ""0000079879"", ""evidence_kind"": ""sec_dei_ticker"", ""filed_date"": ""2015-10-26"", ""sha256"": ""8a1f0a73c6c337e080792b09c9f73f41ecbd465ad68022188aac861a47cbb66e"", ""source_url"": ""https://www.sec.gov/Archives/edgar/data/79879/000007987915000051/ppg-20150930.xml""}, {""accession"": ""0001193125-10-033939"", ""cik"": ""0000079879"", ""evidence_kind"": ""sec_dei_ticker"", ""filed_date"": ""2010-02-18"", ""sha256"": ""b5bab7fa003c4a299ddec3dcddc9be0960f5a948d65e56f215f56480057cc5df"", ""source_url"": ""https://www.sec.gov/Archives/edgar/data/79879/000119312510033939/ppg-20091231.xml""}, {""accession"": ""0000079879-13-000033"", ""cik"": ""0000079879"", ""evidence_kind"": ""sec_bulk_issuer_name_no_ticker"", ""filed_date"": ""2013-04-29"", ""historical_name"": ""PPG INDUSTRIES INC"", ""sha256"": ""7cc764386ea9cb01d62e1a9f4fac38dc9c741e96886a953ddaad2def4eb489c7"", ""source_url"": ""https://www.sec.gov/files/dera/data/financial-statement-data-sets/2013q2.zip""}, {""accession"": ""0001193125-12-064763"", ""cik"": ""0000079879"", ""evidence_kind"": ""sec_bulk_issuer_name_no_ticker"", ""filed_date"": ""2012-02-16"", ""historical_name"": ""PPG INDUSTRIES INC"", ""sha256"": ""42ed1a5ecac978d4338bd51cd4bc15bf60cc821291eea492f8172fc4e803d5f6"", ""source_url"": ""https://www.sec.gov/files/dera/data/financial-statement-data-sets/2012q1.zip""}]"
PPL,0000922224,2010-01-01,2016-01-01,corroborated_candidate,23,0,23,2010-02-26,2015-10-30,True,False,[],"[{""accession"": ""0000922224-10-000012"", ""cik"": ""0000922224"", ""evidence_kind"": ""sec_bulk_issuer_name_no_ticker"", ""filed_date"": ""2010-02-26"", ""historical_name"": ""PPL CORP"", ""sha256"": ""2a4db2340ab1662d5135d7e17be1a58352c5959017350f0ef2174135f9996125"", ""source_url"": ""https://www.sec.gov/files/dera/data/financial-statement-data-sets/2010q1.zip""}, {""accession"": ""0000922224-13-000044"", ""cik"": ""0000922224"", ""evidence_kind"": ""sec_bulk_issuer_name_no_ticker"", ""filed_date"": ""2013-05-03"", ""historical_name"": ""PPL CORP"", ""sha256"": ""7cc764386ea9cb01d62e1a9f4fac38dc9c741e96886a953ddaad2def4eb489c7"", ""source_url"": ""https://www.sec.gov/files/dera/data/financial-statement-data-sets/2013q2.zip""}, {""accession"": ""0000922224-12-000023"", ""cik"": ""0000922224"", ""evidence_kind"": ""sec_bulk_issuer_name_no_ticker"", ""filed_date"": ""2012-02-28"", ""historical_name"": ""PPL CORP"", ""sha256"": ""42ed1a5ecac978d4338bd51cd4bc15bf60cc821291eea492f8172fc4e803d5f6"", ""source_url"": ""https://www.sec.gov/files/dera/data/financial-statement-data-sets/2012q1.zip""}]"
PRGO,0001585364,2011-12-19,2016-01-01,corroborated_candidate,9,0,9,2013-11-04,2015-11-02,True,False,[],"[{""accession"": ""0001585364-13-000005"", ""cik"": ""0001585364"", ""evidence_kind"": ""sec_bulk_issuer_name_no_ticker"", ""filed_date"": ""2013-11-04"", ""historical_name"": ""PERRIGO CO LTD"", ""sha256"": ""7781ac25ddbd4f6eb8eb85e838656181fb06e8bc16b1dd5efccb9e21f8f5baa7"", ""source_url"": ""https://www.sec.gov/files/dera/data/financial-statement-data-sets/2013q4.zip""}, {""accession"": ""0001585364-14-000025"", ""cik"": ""0001585364"", ""evidence_kind"": ""sec_bulk_issuer_name_no_ticker"", ""filed_date"": ""2014-11-06"", ""historical_name"": ""PERRIGO CO PLC"", ""sha256"": ""c82395b7df380a95b30d652784372a5439dea9ed750d89784822bb643cbc4930"", ""source_url"": ""https://www.sec.gov/files/dera/data/financial-statement-data-sets/2014q4.zip""}, {""accession"": ""0001585364-15-000156"", ""cik"": ""0001585364"", ""evidence_kind"": ""sec_bulk_issuer_name_no_ticker"", ""filed_date"": ""2015-11-02"", ""historical_name"": ""PERRIGO CO PLC"", ""sha256"": ""1723b41ef2a1d3ea6595f6052ef229a80e03cd183391ca9e297a894f9e589d83"", ""source_url"": ""https://www.sec.gov/files/dera/data/financial-statement-data-sets/2015q4.zip""}]"
PRU,0001137774,2010-01-01,2016-01-01,confirmed_by_multiple_evidence,3,3,23,2010-02-26,2015-11-05,True,False,[],"[{""accession"": ""0001137774-15-000132"", ""cik"": ""0001137774"", ""evidence_kind"": ""sec_dei_ticker"", ""filed_date"": ""2015-11-05"", ""sha256"": ""67d72f3bb9f4f5b53d3bc352b1b3ed552f194f015e695645c6ab77cff96c05fb"", ""source_url"": ""https://www.sec.gov/Archives/edgar/data/1137774/000113777415000132/pru-20150930.xml""}, {""accession"": ""0001193125-10-043048"", ""cik"": ""0001137774"", ""evidence_kind"": ""sec_dei_ticker"", ""filed_date"": ""2010-02-26"", ""sha256"": ""c6ec62caa66477c63e038fb86b47838904f0ade936cc5254866e1ab8dc14753a"", ""source_url"": ""https://www.sec.gov/Archives/edgar/data/1137774/000119312510043048/pru-20091231.xml""}, {""accession"": ""0001193125-13-071582"", ""cik"": ""0001137774"", ""evidence_kind"": ""sec_dei_ticker"", ""filed_date"": ""2013-02-22"", ""sha256"": ""eb4ae1bafed3cdb535844ca4947b258023218eebefc4740be6d40f0d68ebcfc4"", ""source_url"": ""https://www.sec.gov/Archives/edgar/data/1137774/000119312513071582/pru-20121231.xml""}, {""accession"": ""0001193125-13-199098"", ""cik"": ""0001137774"", ""evidence_kind"": ""sec_bulk_issuer_name_no_ticker"", ""filed_date"": ""2013-05-03"", ""historical_name"": ""PRUDENTIAL FINANCIAL INC"", ""sha256"": ""7cc764386ea9cb01d62e1a9f4fac38dc9c741e96886a953ddaad2def4eb489c7"", ""source_url"": ""https://www.sec.gov/files/dera/data/financial-statement-data-sets/2013q2.zip""}, {""accession"": ""0001193125-12-078116"", ""cik"": ""0001137774"", ""evidence_kind"": ""sec_bulk_issuer_name_no_ticker"", ""filed_date"": ""2012-02-24"", ""historical_name"": ""PRUDENTIAL FINANCIAL INC"", ""sha256"": ""42ed1a5ecac978d4338bd51cd4bc15bf60cc821291eea492f8172fc4e803d5f6"", ""source_url"": ""https://www.sec.gov/files/dera/data/financial-statement-data-sets/2012q1.zip""}]"
PSA,0001393311,2010-01-01,2016-01-01,corroborated_candidate,24,0,24,2010-03-01,2015-11-05,True,False,[],"[{""accession"": ""0001393311-10-000004"", ""cik"": ""0001393311"", ""evidence_kind"": ""sec_bulk_issuer_name_no_ticker"", ""filed_date"": ""2010-03-01"", ""historical_name"": ""PUBLIC STORAGE"", ""sha256"": ""2a4db2340ab1662d5135d7e17be1a58352c5959017350f0ef2174135f9996125"", ""source_url"": ""https://www.sec.gov/files/dera/data/financial-statement-data-sets/2010q1.zip""}, {""accession"": ""0001393311-13-000012"", ""cik"": ""0001393311"", ""evidence_kind"": ""sec_bulk_issuer_name_no_ticker"", ""filed_date"": ""2013-05-10"", ""historical_name"": ""PUBLIC STORAGE"", ""sha256"": ""7cc764386ea9cb01d62e1a9f4fac38dc9c741e96886a953ddaad2def4eb489c7"", ""source_url"": ""https://www.sec.gov/files/dera/data/financial-statement-data-sets/2013q2.zip""}, {""accession"": ""0001393311-12-000013"", ""cik"": ""0001393311"", ""evidence_kind"": ""sec_bulk_issuer_name_no_ticker"", ""filed_date"": ""2012-02-27"", ""historical_name"": ""PUBLIC STORAGE"", ""sha256"": ""42ed1a5ecac978d4338bd51cd4bc15bf60cc821291eea492f8172fc4e803d5f6"", ""source_url"": ""https://www.sec.gov/files/dera/data/financial-statement-data-sets/2012q1.zip""}]"
PSX,0001534701,2012-05-01,2016-01-01,confirmed_by_multiple_evidence,2,2,15,2012-05-16,2015-10-30,True,False,[],"[{""accession"": ""0001534701-14-000042"", ""cik"": ""0001534701"", ""evidence_kind"": ""sec_dei_ticker"", ""filed_date"": ""2014-02-21"", ""sha256"": ""2653901db6c737f0178bdea2348e8d3b6b606a06154852ae490ccdac8f679cbd"", ""source_url"": ""https://www.sec.gov/Archives/edgar/data/1534701/000153470114000042/psx-20131231.xml""}, {""accession"": ""0001534701-15-000075"", ""cik"": ""0001534701"", ""evidence_kind"": ""sec_dei_ticker"", ""filed_date"": ""2015-10-30"", ""sha256"": ""8864a3e64d1bb63ea8de568b4e55ab84b73087798d05ca3359a1b586f83d425f"", ""source_url"": ""https://www.sec.gov/Archives/edgar/data/1534701/000153470115000075/psx-20150930.xml""}, {""accession"": ""0001193125-12-236055"", ""cik"": ""0001534701"", ""evidence_kind"": ""sec_bulk_issuer_name_no_ticker"", ""filed_date"": ""2012-05-16"", ""historical_name"": ""PHILLIPS 66"", ""sha256"": ""0dbb10aa316c674f07849a28e67a25a0a59bd6ef2bc214cd1800c8a2d2a05df6"", ""source_url"": ""https://www.sec.gov/files/dera/data/financial-statement-data-sets/2012q2.zip""}]"
PTV,0001089976,2010-01-01,2010-11-17,corroborated_candidate,2,0,2,2010-08-09,2010-11-09,True,False,[],"[{""accession"": ""0000950123-10-074536"", ""cik"": ""0001089976"", ""evidence_kind"": ""sec_bulk_issuer_name_no_ticker"", ""filed_date"": ""2010-08-09"", ""historical_name"": ""PACTIV CORP"", ""sha256"": ""52014faf614ca0d7b8040e364f5b3e99f28d5e96b711aa922b490056e2c1d7b5"", ""source_url"": ""https://www.sec.gov/files/dera/data/financial-statement-data-sets/2010q3.zip""}, {""accession"": ""0000950123-10-102649"", ""cik"": ""0001089976"", ""evidence_kind"": ""sec_bulk_issuer_name_no_ticker"", ""filed_date"": ""2010-11-09"", ""historical_name"": ""PACTIV CORP"", ""sha256"": ""3dc43a8559cba9e1a9bb5a283a99e1fdfd2b0eaa7a9460887d5b4c70d69cef63"", ""source_url"": ""https://www.sec.gov/files/dera/data/financial-statement-data-sets/2010q4.zip""}]"
PVH,0000078239,2013-02-15,2016-01-01,corroborated_candidate,12,0,12,2013-04-03,2015-12-08,True,True,[],"[{""accession"": ""0000078239-13-000028"", ""cik"": ""0000078239"", ""evidence_kind"": ""sec_bulk_issuer_name_no_ticker"", ""filed_date"": ""2013-06-13"", ""historical_name"": ""PVH CORP. /DE/"", ""sha256"": ""7cc764386ea9cb01d62e1a9f4fac38dc9c741e96886a953ddaad2def4eb489c7"", ""source_url"": ""https://www.sec.gov/files/dera/data/financial-statement-data-sets/2013q2.zip""}, {""accession"": ""0000078239-14-000037"", ""cik"": ""0000078239"", ""evidence_kind"": ""sec_bulk_issuer_name_no_ticker"", ""filed_date"": ""2014-09-11"", ""historical_name"": ""PVH CORP. /DE/"", ""sha256"": ""4d10510a2f17a6da8012d83f66bed7fbb434bca2529f7b2a92043c522d2c52b1"", ""source_url"": ""https://www.sec.gov/files/dera/data/financial-statement-data-sets/2014q3.zip""}, {""accession"": ""0000078239-15-000053"", ""cik"": ""0000078239"", ""evidence_kind"": ""sec_bulk_issuer_name_no_ticker"", ""filed_date"": ""2015-12-08"", ""historical_name"": ""PVH CORP. /DE/"", ""sha256"": ""1723b41ef2a1d3ea6595f6052ef229a80e03cd183391ca9e297a894f9e589d83"", ""source_url"": ""https://www.sec.gov/files/dera/data/financial-statement-data-sets/2015q4.zip""}, {""evidence_kind"": ""sec_official_name_chain_no_ticker"", ""sha256"": ""0f473d43ce39439aaae8b9da358c58fe0fa5f11952f087d4dca1e0a4c68923e8"", ""source_url"": ""https://data.sec.gov/submissions/CIK0000078239.json""}]"
PWR,0001050915,2010-01-01,2016-01-01,confirmed_by_multiple_evidence,2,2,24,2010-03-01,2015-11-06,True,False,[],"[{""accession"": ""0001193125-13-087221"", ""cik"": ""0001050915"", ""evidence_kind"": ""sec_dei_ticker"", ""filed_date"": ""2013-03-01"", ""sha256"": ""380a233ded674011afeb119dbe3df3c36d75ca15c48149e7270bec192261e115"", ""source_url"": ""https://www.sec.gov/Archives/edgar/data/1050915/000119312513087221/pwr-20121231.xml""}, {""accession"": ""0001193125-15-370391"", ""cik"": ""0001050915"", ""evidence_kind"": ""sec_dei_ticker"", ""filed_date"": ""2015-11-06"", ""sha256"": ""82ae47b5caaebeba9bd025dbb8a9807172330deba8b2c41bb4696c38ff061ded"", ""source_url"": ""https://www.sec.gov/Archives/edgar/data/1050915/000119312515370391/pwr-20150930.xml""}, {""accession"": ""0000950123-10-019204"", ""cik"": ""0001050915"", ""evidence_kind"": ""sec_bulk_issuer_name_no_ticker"", ""filed_date"": ""2010-03-01"", ""historical_name"": ""QUANTA SERVICES INC"", ""sha256"": ""2a4db2340ab1662d5135d7e17be1a58352c5959017350f0ef2174135f9996125"", ""source_url"": ""https://www.sec.gov/files/dera/data/financial-statement-data-sets/2010q1.zip""}, {""accession"": ""0001193125-13-206743"", ""cik"": ""0001050915"", ""evidence_kind"": ""sec_bulk_issuer_name_no_ticker"", ""filed_date"": ""2013-05-08"", ""historical_name"": ""QUANTA SERVICES INC"", ""sha256"": ""7cc764386ea9cb01d62e1a9f4fac38dc9c741e96886a953ddaad2def4eb489c7"", ""source_url"": ""https://www.sec.gov/files/dera/data/financial-statement-data-sets/2013q2.zip""}, {""accession"": ""0001193125-12-088822"", ""cik"": ""0001050915"", ""evidence_kind"": ""sec_bulk_issuer_name_no_ticker"", ""filed_date"": ""2012-02-29"", ""historical_name"": ""QUANTA SERVICES INC"", ""sha256"": ""42ed1a5ecac978d4338bd51cd4bc15bf60cc821291eea492f8172fc4e803d5f6"", ""source_url"": ""https://www.sec.gov/files/dera/data/financial-statement-data-sets/2012q1.zip""}]"
PX,0000884905,2010-01-01,2016-01-01,confirmed_by_multiple_evidence,3,3,24,2010-02-24,2015-10-29,True,False,[],"[{""accession"": ""0000884905-13-000011"", ""cik"": ""0000884905"", ""evidence_kind"": ""sec_dei_ticker"", ""filed_date"": ""2013-02-27"", ""sha256"": ""73e0dd662098b13177813915a627e362ee02e2efb5bc812483b07526958b92d1"", ""source_url"": ""https://www.sec.gov/Archives/edgar/data/884905/000088490513000011/px-20121231.xml""}, {""accession"": ""0000884905-15-000096"", ""cik"": ""0000884905"", ""evidence_kind"": ""sec_dei_ticker"", ""filed_date"": ""2015-10-29"", ""sha256"": ""4ccd1eb90f7905224fda75a4f53f9ce9566b40e69bcd333ec802ce79930fb6cf"", ""source_url"": ""https://www.sec.gov/Archives/edgar/data/884905/000088490515000096/px-20150930.xml""}, {""accession"": ""0001193125-10-038766"", ""cik"": ""0000884905"", ""evidence_kind"": ""sec_dei_ticker"", ""filed_date"": ""2010-02-24"", ""sha256"": ""fa6b89f9194166e27f49b2cff4a1ba076701821fb7a969536fe8633f87ca3a49"", ""source_url"": ""https://www.sec.gov/Archives/edgar/data/884905/000119312510038766/px-20091231.xml""}, {""accession"": ""0000884905-13-000051"", ""cik"": ""0000884905"", ""evidence_kind"": ""sec_bulk_issuer_name_no_ticker"", ""filed_date"": ""2013-04-24"", ""historical_name"": ""PRAXAIR INC"", ""sha256"": ""7cc764386ea9cb01d62e1a9f4fac38dc9c741e96886a953ddaad2def4eb489c7"", ""source_url"": ""https://www.sec.gov/files/dera/data/financial-statement-data-sets/2013q2.zip""}, {""accession"": ""0001193125-12-087618"", ""cik"": ""0000884905"", ""evidence_kind"": ""sec_bulk_issuer_name_no_ticker"", ""filed_date"": ""2012-02-29"", ""historical_name"": ""PRAXAIR INC"", ""sha256"": ""42ed1a5ecac978d4338bd51cd4bc15bf60cc821291eea492f8172fc4e803d5f6"", ""source_url"": ""https://www.sec.gov/files/dera/data/financial-statement-data-sets/2012q1.zip""}]"
PXD,0001038357,2010-01-01,2016-01-01,confirmed_by_multiple_evidence,3,3,23,2010-02-26,2015-11-03,True,False,[],"[{""accession"": ""0001038357-13-000009"", ""cik"": ""0001038357"", ""evidence_kind"": ""sec_dei_ticker"", ""filed_date"": ""2013-02-13"", ""sha256"": ""8e9b7a84d9cee77f8813099355a2adb722cb2084da6d13752881e4448c480f00"", ""source_url"": ""https://www.sec.gov/Archives/edgar/data/1038357/000103835713000009/pxd-20121231.xml""}, {""accession"": ""0001038357-15-000082"", ""cik"": ""0001038357"", ""evidence_kind"": ""sec_dei_ticker"", ""filed_date"": ""2015-11-03"", ""sha256"": ""0790324299a7e47a7f7a400cddcd32c3a56395770c489e435221db20dc01315a"", ""source_url"": ""https://www.sec.gov/Archives/edgar/data/1038357/000103835715000082/pxd-20150930.xml""}, {""accession"": ""0001193125-10-042964"", ""cik"": ""0001038357"", ""evidence_kind"": ""sec_dei_ticker"", ""filed_date"": ""2010-02-26"", ""sha256"": ""449d31036c102f73dee71bf98ac8a98c93baff3edb10a82af8fd4edee37300a3"", ""source_url"": ""https://www.sec.gov/Archives/edgar/data/1038357/000119312510042964/pxd-20091231.xml""}, {""accession"": ""0001038357-13-000028"", ""cik"": ""0001038357"", ""evidence_kind"": ""sec_bulk_issuer_name_no_ticker"", ""filed_date"": ""2013-05-08"", ""historical_name"": ""PIONEER NATURAL RESOURCES CO"", ""sha256"": ""7cc764386ea9cb01d62e1a9f4fac38dc9c741e96886a953ddaad2def4eb489c7"", ""source_url"": ""https://www.sec.gov/files/dera/data/financial-statement-data-sets/2013q2.zip""}, {""accession"": ""0001193125-12-088998"", ""cik"": ""0001038357"", ""evidence_kind"": ""sec_bulk_issuer_name_no_ticker"", ""filed_date"": ""2012-02-29"", ""historical_name"": ""PIONEER NATURAL RESOURCES CO"", ""sha256"": ""42ed1a5ecac978d4338bd51cd4bc15bf60cc821291eea492f8172fc4e803d5f6"", ""source_url"": ""https://www.sec.gov/files/dera/data/financial-statement-data-sets/2012q1.zip""}]"
PYPL,0001633917,2015-07-20,2016-01-01,confirmed_by_multiple_evidence,2,2,2,2015-07-29,2015-10-29,True,False,[],"[{""accession"": ""0001633917-15-000008"", ""cik"": ""0001633917"", ""evidence_kind"": ""sec_dei_ticker"", ""filed_date"": ""2015-07-29"", ""sha256"": ""30b6b5d86195aefd4cd263a413a6c82cd9f4b24740b2c79d25c823f49b86efd5"", ""source_url"": ""https://www.sec.gov/Archives/edgar/data/1633917/000163391715000008/pypl-20150630.xml""}, {""accession"": ""0001633917-15-000052"", ""cik"": ""0001633917"", ""evidence_kind"": ""sec_dei_ticker"", ""filed_date"": ""2015-10-29"", ""sha256"": ""2841c7359ea1d2024ed295c65de0a0a80b23c754799c90b0a92660002c9773b0"", ""source_url"": ""https://www.sec.gov/Archives/edgar/data/1633917/000163391715000052/pypl-20150930.xml""}]"
Q,0001037949,2010-01-01,2011-03-31,confirmed_by_multiple_evidence,5,5,5,2010-02-16,2011-02-15,True,False,[],"[{""accession"": ""0001193125-10-032428"", ""cik"": ""0001037949"", ""evidence_kind"": ""sec_dei_ticker"", ""filed_date"": ""2010-02-16"", ""sha256"": ""eb177d341a1c1883eb40c60f987522b16cb708cd2cc417f013b82ba0a5352240"", ""source_url"": ""https://www.sec.gov/Archives/edgar/data/1037949/000119312510032428/q-20091231.xml""}, {""accession"": ""0001193125-10-108881"", ""cik"": ""0001037949"", ""evidence_kind"": ""sec_dei_ticker"", ""filed_date"": ""2010-05-05"", ""sha256"": ""0d65881b952cca881f4b11011e95b6a1f4a9c6f182a17e9006c8a640bf336a7d"", ""source_url"": ""https://www.sec.gov/Archives/edgar/data/1037949/000119312510108881/q-20100331.xml""}, {""accession"": ""0001193125-10-181047"", ""cik"": ""0001037949"", ""evidence_kind"": ""sec_dei_ticker"", ""filed_date"": ""2010-08-06"", ""sha256"": ""c5d98f31fce84b326dacda7d09d8bc0ec79dad19c67edd44887743f0dacb4df8"", ""source_url"": ""https://www.sec.gov/Archives/edgar/data/1037949/000119312510181047/q-20100630.xml""}, {""accession"": ""0001193125-10-245829"", ""cik"": ""0001037949"", ""evidence_kind"": ""sec_dei_ticker"", ""filed_date"": ""2010-11-03"", ""sha256"": ""011521c9b664e8c5fa8f7adaa4ea85ac123240dd0351daa7da389453c7087be4"", ""source_url"": ""https://www.sec.gov/Archives/edgar/data/1037949/000119312510245829/q-20100930.xml""}, {""accession"": ""0001193125-11-036846"", ""cik"": ""0001037949"", ""evidence_kind"": ""sec_dei_ticker"", ""filed_date"": ""2011-02-15"", ""sha256"": ""c3eb4acc182473c9c664c010465f4e7d4860e302e482231632c186eb6f9d9acf"", ""source_url"": ""https://www.sec.gov/Archives/edgar/data/1037949/000119312511036846/q-20101231.xml""}]"
QCOM,0000804328,2010-01-01,2016-01-01,corroborated_candidate,24,0,24,2010-01-27,2015-11-04,True,False,[],"[{""accession"": ""0000950123-10-005721"", ""cik"": ""0000804328"", ""evidence_kind"": ""sec_bulk_issuer_name_no_ticker"", ""filed_date"": ""2010-01-27"", ""historical_name"": ""QUALCOMM INC/DE"", ""sha256"": ""2a4db2340ab1662d5135d7e17be1a58352c5959017350f0ef2174135f9996125"", ""source_url"": ""https://www.sec.gov/files/dera/data/financial-statement-data-sets/2010q1.zip""}, {""accession"": ""0001234452-13-000179"", ""cik"": ""0000804328"", ""evidence_kind"": ""sec_bulk_issuer_name_no_ticker"", ""filed_date"": ""2013-04-24"", ""historical_name"": ""QUALCOMM INC/DE"", ""sha256"": ""7cc764386ea9cb01d62e1a9f4fac38dc9c741e96886a953ddaad2def4eb489c7"", ""source_url"": ""https://www.sec.gov/files/dera/data/financial-statement-data-sets/2013q2.zip""}, {""accession"": ""0001234452-12-000055"", ""cik"": ""0000804328"", ""evidence_kind"": ""sec_bulk_issuer_name_no_ticker"", ""filed_date"": ""2012-02-01"", ""historical_name"": ""QUALCOMM INC/DE"", ""sha256"": ""42ed1a5ecac978d4338bd51cd4bc15bf60cc821291eea492f8172fc4e803d5f6"", ""source_url"": ""https://www.sec.gov/files/dera/data/financial-statement-data-sets/2012q1.zip""}]"
QEP,0001108827,2010-07-01,2015-07-01,corroborated_candidate,16,0,16,2011-07-29,2015-04-29,True,False,[],"[{""accession"": ""0001193125-11-202252"", ""cik"": ""0001108827"", ""evidence_kind"": ""sec_bulk_issuer_name_no_ticker"", ""filed_date"": ""2011-07-29"", ""historical_name"": ""QEP RESOURCES, INC."", ""sha256"": ""43b9beb243c6686a29df5cf817ed2cb3a7c86a7398bbc56e2fb4d0cf4784ac28"", ""source_url"": ""https://www.sec.gov/files/dera/data/financial-statement-data-sets/2011q3.zip""}, {""accession"": ""0001445305-13-002709"", ""cik"": ""0001108827"", ""evidence_kind"": ""sec_bulk_issuer_name_no_ticker"", ""filed_date"": ""2013-11-05"", ""historical_name"": ""QEP RESOURCES, INC."", ""sha256"": ""7781ac25ddbd4f6eb8eb85e838656181fb06e8bc16b1dd5efccb9e21f8f5baa7"", ""source_url"": ""https://www.sec.gov/files/dera/data/financial-statement-data-sets/2013q4.zip""}, {""accession"": ""0001140361-12-010483"", ""cik"": ""0001108827"", ""evidence_kind"": ""sec_bulk_issuer_name_no_ticker"", ""filed_date"": ""2012-02-24"", ""historical_name"": ""QEP RESOURCES, INC."", ""sha256"": ""42ed1a5ecac978d4338bd51cd4bc15bf60cc821291eea492f8172fc4e803d5f6"", ""source_url"": ""https://www.sec.gov/files/dera/data/financial-statement-data-sets/2012q1.zip""}]"
QLGC,0000918386,2010-01-01,2011-01-18,corroborated_candidate,2,0,2,2010-08-02,2010-10-29,True,False,[],"[{""accession"": ""0000950123-10-071231"", ""cik"": ""0000918386"", ""evidence_kind"": ""sec_bulk_issuer_name_no_ticker"", ""filed_date"": ""2010-08-02"", ""historical_name"": ""QLOGIC CORP"", ""sha256"": ""52014faf614ca0d7b8040e364f5b3e99f28d5e96b711aa922b490056e2c1d7b5"", ""source_url"": ""https://www.sec.gov/files/dera/data/financial-statement-data-sets/2010q3.zip""}, {""accession"": ""0000950123-10-098240"", ""cik"": ""0000918386"", ""evidence_kind"": ""sec_bulk_issuer_name_no_ticker"", ""filed_date"": ""2010-10-29"", ""historical_name"": ""QLOGIC CORP"", ""sha256"": ""3dc43a8559cba9e1a9bb5a283a99e1fdfd2b0eaa7a9460887d5b4c70d69cef63"", ""source_url"": ""https://www.sec.gov/files/dera/data/financial-statement-data-sets/2010q4.zip""}]"
QRVO,0001604778,2015-06-12,2016-01-01,corroborated_candidate,2,0,2,2015-08-05,2015-11-12,True,False,[],"[{""accession"": ""0001604778-15-000075"", ""cik"": ""0001604778"", ""evidence_kind"": ""sec_bulk_issuer_name_no_ticker"", ""filed_date"": ""2015-08-05"", ""historical_name"": ""QORVO, INC."", ""sha256"": ""9301fa2e346aa6b3a48a36cafab80d1aab5d7970e60bfd168d53ba852a4deca9"", ""source_url"": ""https://www.sec.gov/files/dera/data/financial-statement-data-sets/2015q3.zip""}, {""accession"": ""0001604778-15-000109"", ""cik"": ""0001604778"", ""evidence_kind"": ""sec_bulk_issuer_name_no_ticker"", ""filed_date"": ""2015-11-12"", ""historical_name"": ""QORVO, INC."", ""sha256"": ""1723b41ef2a1d3ea6595f6052ef229a80e03cd183391ca9e297a894f9e589d83"", ""source_url"": ""https://www.sec.gov/files/dera/data/financial-statement-data-sets/2015q4.zip""}]"
R,0000085961,2010-01-01,2016-01-01,corroborated_candidate,22,0,22,2010-07-23,2015-10-22,True,False,[],"[{""accession"": ""0000950123-10-067673"", ""cik"": ""0000085961"", ""evidence_kind"": ""sec_bulk_issuer_name_no_ticker"", ""filed_date"": ""2010-07-23"", ""historical_name"": ""RYDER SYSTEM INC"", ""sha256"": ""52014faf614ca0d7b8040e364f5b3e99f28d5e96b711aa922b490056e2c1d7b5"", ""source_url"": ""https://www.sec.gov/files/dera/data/financial-statement-data-sets/2010q3.zip""}, {""accession"": ""0000085961-13-000036"", ""cik"": ""0000085961"", ""evidence_kind"": ""sec_bulk_issuer_name_no_ticker"", ""filed_date"": ""2013-07-23"", ""historical_name"": ""RYDER SYSTEM INC"", ""sha256"": ""c9134387b650a9194f14b3f832f16aa1a72255c20a0e0b954001a643933cc849"", ""source_url"": ""https://www.sec.gov/files/dera/data/financial-statement-data-sets/2013q3.zip""}, {""accession"": ""0001193125-12-065540"", ""cik"": ""0000085961"", ""evidence_kind"": ""sec_bulk_issuer_name_no_ticker"", ""filed_date"": ""2012-02-16"", ""historical_name"": ""RYDER SYSTEM INC"", ""sha256"": ""42ed1a5ecac978d4338bd51cd4bc15bf60cc821291eea492f8172fc4e803d5f6"", ""source_url"": ""https://www.sec.gov/files/dera/data/financial-statement-data-sets/2012q1.zip""}]"
RAI,0001275283,2010-01-01,2016-01-01,corroborated_candidate,24,1,24,2010-02-19,2015-10-27,True,False,[],"[{""accession"": ""0001564590-15-008652"", ""cik"": ""0001275283"", ""evidence_kind"": ""sec_dei_ticker"", ""filed_date"": ""2015-10-27"", ""sha256"": ""b4ffacb718e3be52cd8eefa7ff58d85a04cfc2320cabf76d0d4dcb1869610d90"", ""source_url"": ""https://www.sec.gov/Archives/edgar/data/1275283/000156459015008652/rai-20150930.xml""}, {""accession"": ""0000950123-10-014419"", ""cik"": ""0001275283"", ""evidence_kind"": ""sec_bulk_issuer_name_no_ticker"", ""filed_date"": ""2010-02-19"", ""historical_name"": ""REYNOLDS AMERICAN INC"", ""sha256"": ""2a4db2340ab1662d5135d7e17be1a58352c5959017350f0ef2174135f9996125"", ""source_url"": ""https://www.sec.gov/files/dera/data/financial-statement-data-sets/2010q1.zip""}, {""accession"": ""0001193125-13-166238"", ""cik"": ""0001275283"", ""evidence_kind"": ""sec_bulk_issuer_name_no_ticker"", ""filed_date"": ""2013-04-23"", ""historical_name"": ""REYNOLDS AMERICAN INC"", ""sha256"": ""7cc764386ea9cb01d62e1a9f4fac38dc9c741e96886a953ddaad2def4eb489c7"", ""source_url"": ""https://www.sec.gov/files/dera/data/financial-statement-data-sets/2013q2.zip""}, {""accession"": ""0001193125-12-062917"", ""cik"": ""0001275283"", ""evidence_kind"": ""sec_bulk_issuer_name_no_ticker"", ""filed_date"": ""2012-02-15"", ""historical_name"": ""REYNOLDS AMERICAN INC"", ""sha256"": ""42ed1a5ecac978d4338bd51cd4bc15bf60cc821291eea492f8172fc4e803d5f6"", ""source_url"": ""https://www.sec.gov/files/dera/data/financial-statement-data-sets/2012q1.zip""}]"
RCL,0000884887,2014-12-05,2016-01-01,corroborated_candidate,4,0,4,2015-02-23,2015-10-23,True,False,[],"[{""accession"": ""0000884887-15-000025"", ""cik"": ""0000884887"", ""evidence_kind"": ""sec_bulk_issuer_name_no_ticker"", ""filed_date"": ""2015-02-23"", ""historical_name"": ""ROYAL CARIBBEAN CRUISES LTD"", ""sha256"": ""baa9e434480b8299593b781e8156f855e0c4548677329f166f495cbae287e52e"", ""source_url"": ""https://www.sec.gov/files/dera/data/financial-statement-data-sets/2015q1.zip""}, {""accession"": ""0000884887-15-000073"", ""cik"": ""0000884887"", ""evidence_kind"": ""sec_bulk_issuer_name_no_ticker"", ""filed_date"": ""2015-07-31"", ""historical_name"": ""ROYAL CARIBBEAN CRUISES LTD"", ""sha256"": ""9301fa2e346aa6b3a48a36cafab80d1aab5d7970e60bfd168d53ba852a4deca9"", ""source_url"": ""https://www.sec.gov/files/dera/data/financial-statement-data-sets/2015q3.zip""}, {""accession"": ""0000884887-15-000091"", ""cik"": ""0000884887"", ""evidence_kind"": ""sec_bulk_issuer_name_no_ticker"", ""filed_date"": ""2015-10-23"", ""historical_name"": ""ROYAL CARIBBEAN CRUISES LTD"", ""sha256"": ""1723b41ef2a1d3ea6595f6052ef229a80e03cd183391ca9e297a894f9e589d83"", ""source_url"": ""https://www.sec.gov/files/dera/data/financial-statement-data-sets/2015q4.zip""}]"
RDC,0000085408,2010-01-01,2014-08-18,unresolved,19,0,19,2010-03-01,2014-08-08,False,False,[],"[{""accession"": ""0000085408-10-000006"", ""cik"": ""0000085408"", ""evidence_kind"": ""sec_bulk_issuer_name_no_ticker"", ""filed_date"": ""2010-03-01"", ""historical_name"": ""ROWAN COMPANIES INC"", ""sha256"": ""2a4db2340ab1662d5135d7e17be1a58352c5959017350f0ef2174135f9996125"", ""source_url"": ""https://www.sec.gov/files/dera/data/financial-statement-data-sets/2010q1.zip""}, {""accession"": ""0000085408-12-000014"", ""cik"": ""0000085408"", ""evidence_kind"": ""sec_bulk_issuer_name_no_ticker"", ""filed_date"": ""2012-08-06"", ""historical_name"": ""ROWAN COMPANIES PLC"", ""sha256"": ""a5b705fab7948837fc890d820c2b809d4afdb0ff1836129ad5a16127275f0ebf"", ""source_url"": ""https://www.sec.gov/files/dera/data/financial-statement-data-sets/2012q3.zip""}, {""accession"": ""0000085408-12-000003"", ""cik"": ""0000085408"", ""evidence_kind"": ""sec_bulk_issuer_name_no_ticker"", ""filed_date"": ""2012-02-28"", ""historical_name"": ""ROWAN COMPANIES INC"", ""sha256"": ""42ed1a5ecac978d4338bd51cd4bc15bf60cc821291eea492f8172fc4e803d5f6"", ""source_url"": ""https://www.sec.gov/files/dera/data/financial-statement-data-sets/2012q1.zip""}]"
REGN,0000872589,2013-05-01,2016-01-01,corroborated_candidate,11,0,11,2013-05-03,2015-11-04,True,False,[],"[{""accession"": ""0001532176-13-000008"", ""cik"": ""0000872589"", ""evidence_kind"": ""sec_bulk_issuer_name_no_ticker"", ""filed_date"": ""2013-05-03"", ""historical_name"": ""REGENERON PHARMACEUTICALS INC"", ""sha256"": ""7cc764386ea9cb01d62e1a9f4fac38dc9c741e96886a953ddaad2def4eb489c7"", ""source_url"": ""https://www.sec.gov/files/dera/data/financial-statement-data-sets/2013q2.zip""}, {""accession"": ""0001532176-14-000035"", ""cik"": ""0000872589"", ""evidence_kind"": ""sec_bulk_issuer_name_no_ticker"", ""filed_date"": ""2014-08-05"", ""historical_name"": ""REGENERON PHARMACEUTICALS INC"", ""sha256"": ""4d10510a2f17a6da8012d83f66bed7fbb434bca2529f7b2a92043c522d2c52b1"", ""source_url"": ""https://www.sec.gov/files/dera/data/financial-statement-data-sets/2014q3.zip""}, {""accession"": ""0001532176-15-000037"", ""cik"": ""0000872589"", ""evidence_kind"": ""sec_bulk_issuer_name_no_ticker"", ""filed_date"": ""2015-11-04"", ""historical_name"": ""REGENERON PHARMACEUTICALS INC"", ""sha256"": ""1723b41ef2a1d3ea6595f6052ef229a80e03cd183391ca9e297a894f9e589d83"", ""source_url"": ""https://www.sec.gov/files/dera/data/financial-statement-data-sets/2015q4.zip""}]"
RF,0001281761,2010-01-01,2016-01-01,confirmed_by_multiple_evidence,3,3,23,2010-02-22,2015-11-05,True,False,[],"[{""accession"": ""0001193125-10-036446"", ""cik"": ""0001281761"", ""evidence_kind"": ""sec_dei_ticker"", ""filed_date"": ""2010-02-22"", ""sha256"": ""78e9813ef6a43d5a45d896ed7473f18ad4fa0f08889e2fc5e41c52d93542a39f"", ""source_url"": ""https://www.sec.gov/Archives/edgar/data/1281761/000119312510036446/rf-20091231.xml""}, {""accession"": ""0001193125-13-069212"", ""cik"": ""0001281761"", ""evidence_kind"": ""sec_dei_ticker"", ""filed_date"": ""2013-02-21"", ""sha256"": ""6e19af9f2cefe4dd712048e9f9512f9f19fc1e8a0c4635801d2d5c64eb551bee"", ""source_url"": ""https://www.sec.gov/Archives/edgar/data/1281761/000119312513069212/rf-20121231.xml""}, {""accession"": ""0001281761-15-000078"", ""cik"": ""0001281761"", ""evidence_kind"": ""sec_dei_ticker"", ""filed_date"": ""2015-11-05"", ""sha256"": ""eba57f05dd6da54063ed0e55ae9c421b672849de3ca66c421592de2352e72fd0"", ""source_url"": ""https://www.sec.gov/Archives/edgar/data/1281761/000128176115000078/rf-20150930.xml""}, {""accession"": ""0001281761-13-000004"", ""cik"": ""0001281761"", ""evidence_kind"": ""sec_bulk_issuer_name_no_ticker"", ""filed_date"": ""2013-05-08"", ""historical_name"": ""REGIONS FINANCIAL CORP"", ""sha256"": ""7cc764386ea9cb01d62e1a9f4fac38dc9c741e96886a953ddaad2def4eb489c7"", ""source_url"": ""https://www.sec.gov/files/dera/data/financial-statement-data-sets/2013q2.zip""}, {""accession"": ""0001193125-12-078199"", ""cik"": ""0001281761"", ""evidence_kind"": ""sec_bulk_issuer_name_no_ticker"", ""filed_date"": ""2012-02-24"", ""historical_name"": ""REGIONS FINANCIAL CORP"", ""sha256"": ""42ed1a5ecac978d4338bd51cd4bc15bf60cc821291eea492f8172fc4e803d5f6"", ""source_url"": ""https://www.sec.gov/files/dera/data/financial-statement-data-sets/2012q1.zip""}]"
RHI,0000315213,2010-01-01,2016-01-01,confirmed_by_multiple_evidence,3,3,22,2010-08-02,2015-11-02,False,True,[],"[{""accession"": ""0001193125-10-173701"", ""cik"": ""0000315213"", ""evidence_kind"": ""sec_dei_ticker"", ""filed_date"": ""2010-08-02"", ""sha256"": ""5b68e61109758288301e460dfc24cdd7c82ed74bf8d598a17916210fcd14bb38"", ""source_url"": ""https://www.sec.gov/Archives/edgar/data/315213/000119312510173701/rhi-20100630.xml""}, {""accession"": ""0001193125-13-200918"", ""cik"": ""0000315213"", ""evidence_kind"": ""sec_dei_ticker"", ""filed_date"": ""2013-05-06"", ""sha256"": ""5dc385bb23ae5f64a7ed8955db2cd95025223a5a4cef715b0c94673972e244fe"", ""source_url"": ""https://www.sec.gov/Archives/edgar/data/315213/000119312513200918/rhi-20130331.xml""}, {""accession"": ""0001628280-15-008118"", ""cik"": ""0000315213"", ""evidence_kind"": ""sec_dei_ticker"", ""filed_date"": ""2015-11-02"", ""sha256"": ""5c2128dc2e2daa20c9a1644f90a344e6d3fea2de6191e17626587ddff86bc304"", ""source_url"": ""https://www.sec.gov/Archives/edgar/data/315213/000162828015008118/rhi-20150930.xml""}, {""accession"": ""0001193125-13-316706"", ""cik"": ""0000315213"", ""evidence_kind"": ""sec_bulk_issuer_name_no_ticker"", ""filed_date"": ""2013-08-02"", ""historical_name"": ""HALF ROBERT INTERNATIONAL INC /DE/"", ""sha256"": ""c9134387b650a9194f14b3f832f16aa1a72255c20a0e0b954001a643933cc849"", ""source_url"": ""https://www.sec.gov/files/dera/data/financial-statement-data-sets/2013q3.zip""}, {""accession"": ""0001193125-12-067457"", ""cik"": ""0000315213"", ""evidence_kind"": ""sec_bulk_issuer_name_no_ticker"", ""filed_date"": ""2012-02-17"", ""historical_name"": ""HALF ROBERT INTERNATIONAL INC /DE/"", ""sha256"": ""42ed1a5ecac978d4338bd51cd4bc15bf60cc821291eea492f8172fc4e803d5f6"", ""source_url"": ""https://www.sec.gov/files/dera/data/financial-statement-data-sets/2012q1.zip""}, {""evidence_kind"": ""sec_official_name_chain_no_ticker"", ""sha256"": ""7c97290f648c8b08964ae5c05302855eaee9b3a89d5df35e5ab16f8c2a42af38"", ""source_url"": ""https://data.sec.gov/submissions/CIK0000315213.json""}]"
RHT,0001087423,2010-01-01,2016-01-01,confirmed_by_multiple_evidence,3,3,21,2010-10-08,2015-10-07,True,False,[],"[{""accession"": ""0001193125-10-226741"", ""cik"": ""0001087423"", ""evidence_kind"": ""sec_dei_ticker"", ""filed_date"": ""2010-10-08"", ""sha256"": ""74f382594ff2f2c3b5d955032fe0d5ea57f1105e87ff16764e185a2aeca1d97e"", ""source_url"": ""https://www.sec.gov/Archives/edgar/data/1087423/000119312510226741/rht-20100831.xml""}, {""accession"": ""0001193125-13-173724"", ""cik"": ""0001087423"", ""evidence_kind"": ""sec_dei_ticker"", ""filed_date"": ""2013-04-25"", ""sha256"": ""1f52d0b9584ce3db01279c9ee3bc57445794d085d662e9de9e96ea99b4df7f67"", ""source_url"": ""https://www.sec.gov/Archives/edgar/data/1087423/000119312513173724/rht-20130228.xml""}, {""accession"": ""0001193125-15-339417"", ""cik"": ""0001087423"", ""evidence_kind"": ""sec_dei_ticker"", ""filed_date"": ""2015-10-07"", ""sha256"": ""09c315fd3c0eb47e7d745d6ae568211a75bcd1d9cc0df01df5e89d0d02bd3434"", ""source_url"": ""https://www.sec.gov/Archives/edgar/data/1087423/000119312515339417/rht-20150831.xml""}, {""accession"": ""0001193125-13-283826"", ""cik"": ""0001087423"", ""evidence_kind"": ""sec_bulk_issuer_name_no_ticker"", ""filed_date"": ""2013-07-05"", ""historical_name"": ""RED HAT INC"", ""sha256"": ""c9134387b650a9194f14b3f832f16aa1a72255c20a0e0b954001a643933cc849"", ""source_url"": ""https://www.sec.gov/files/dera/data/financial-statement-data-sets/2013q3.zip""}, {""accession"": ""0001193125-12-006574"", ""cik"": ""0001087423"", ""evidence_kind"": ""sec_bulk_issuer_name_no_ticker"", ""filed_date"": ""2012-01-09"", ""historical_name"": ""RED HAT INC"", ""sha256"": ""42ed1a5ecac978d4338bd51cd4bc15bf60cc821291eea492f8172fc4e803d5f6"", ""source_url"": ""https://www.sec.gov/files/dera/data/financial-statement-data-sets/2012q1.zip""}]"
RIG,0001451505,2013-10-29,2016-01-01,corroborated_candidate,9,0,9,2013-11-06,2015-11-04,True,False,[],"[{""accession"": ""0001451505-13-000196"", ""cik"": ""0001451505"", ""evidence_kind"": ""sec_bulk_issuer_name_no_ticker"", ""filed_date"": ""2013-11-06"", ""historical_name"": ""TRANSOCEAN LTD."", ""sha256"": ""7781ac25ddbd4f6eb8eb85e838656181fb06e8bc16b1dd5efccb9e21f8f5baa7"", ""source_url"": ""https://www.sec.gov/files/dera/data/financial-statement-data-sets/2013q4.zip""}, {""accession"": ""0001451505-14-000151"", ""cik"": ""0001451505"", ""evidence_kind"": ""sec_bulk_issuer_name_no_ticker"", ""filed_date"": ""2014-11-10"", ""historical_name"": ""TRANSOCEAN LTD."", ""sha256"": ""c82395b7df380a95b30d652784372a5439dea9ed750d89784822bb643cbc4930"", ""source_url"": ""https://www.sec.gov/files/dera/data/financial-statement-data-sets/2014q4.zip""}, {""accession"": ""0001451505-15-000160"", ""cik"": ""0001451505"", ""evidence_kind"": ""sec_bulk_issuer_name_no_ticker"", ""filed_date"": ""2015-11-04"", ""historical_name"": ""TRANSOCEAN LTD."", ""sha256"": ""1723b41ef2a1d3ea6595f6052ef229a80e03cd183391ca9e297a894f9e589d83"", ""source_url"": ""https://www.sec.gov/files/dera/data/financial-statement-data-sets/2015q4.zip""}]"
RL,0001037038,2010-01-01,2016-01-01,corroborated_candidate,22,0,22,2010-08-10,2015-11-05,True,False,[],"[{""accession"": ""0000950123-10-075672"", ""cik"": ""0001037038"", ""evidence_kind"": ""sec_bulk_issuer_name_no_ticker"", ""filed_date"": ""2010-08-10"", ""historical_name"": ""POLO RALPH LAUREN CORP"", ""sha256"": ""52014faf614ca0d7b8040e364f5b3e99f28d5e96b711aa922b490056e2c1d7b5"", ""source_url"": ""https://www.sec.gov/files/dera/data/financial-statement-data-sets/2010q3.zip""}, {""accession"": ""0001037038-13-000014"", ""cik"": ""0001037038"", ""evidence_kind"": ""sec_bulk_issuer_name_no_ticker"", ""filed_date"": ""2013-08-08"", ""historical_name"": ""RALPH LAUREN CORP"", ""sha256"": ""c9134387b650a9194f14b3f832f16aa1a72255c20a0e0b954001a643933cc849"", ""source_url"": ""https://www.sec.gov/files/dera/data/financial-statement-data-sets/2013q3.zip""}, {""accession"": ""0001193125-12-046897"", ""cik"": ""0001037038"", ""evidence_kind"": ""sec_bulk_issuer_name_no_ticker"", ""filed_date"": ""2012-02-08"", ""historical_name"": ""RALPH LAUREN CORP"", ""sha256"": ""42ed1a5ecac978d4338bd51cd4bc15bf60cc821291eea492f8172fc4e803d5f6"", ""source_url"": ""https://www.sec.gov/files/dera/data/financial-statement-data-sets/2012q1.zip""}]"
ROK,0001024478,2010-01-01,2016-01-01,corroborated_candidate,24,0,24,2010-02-08,2015-11-17,True,False,[],"[{""accession"": ""0000950123-10-009905"", ""cik"": ""0001024478"", ""evidence_kind"": ""sec_bulk_issuer_name_no_ticker"", ""filed_date"": ""2010-02-08"", ""historical_name"": ""ROCKWELL AUTOMATION INC"", ""sha256"": ""2a4db2340ab1662d5135d7e17be1a58352c5959017350f0ef2174135f9996125"", ""source_url"": ""https://www.sec.gov/files/dera/data/financial-statement-data-sets/2010q1.zip""}, {""accession"": ""0001024478-13-000019"", ""cik"": ""0001024478"", ""evidence_kind"": ""sec_bulk_issuer_name_no_ticker"", ""filed_date"": ""2013-05-02"", ""historical_name"": ""ROCKWELL AUTOMATION INC"", ""sha256"": ""7cc764386ea9cb01d62e1a9f4fac38dc9c741e96886a953ddaad2def4eb489c7"", ""source_url"": ""https://www.sec.gov/files/dera/data/financial-statement-data-sets/2013q2.zip""}, {""accession"": ""0001193125-12-045687"", ""cik"": ""0001024478"", ""evidence_kind"": ""sec_bulk_issuer_name_no_ticker"", ""filed_date"": ""2012-02-08"", ""historical_name"": ""ROCKWELL AUTOMATION INC"", ""sha256"": ""42ed1a5ecac978d4338bd51cd4bc15bf60cc821291eea492f8172fc4e803d5f6"", ""source_url"": ""https://www.sec.gov/files/dera/data/financial-statement-data-sets/2012q1.zip""}]"
ROP,0000882835,2010-01-01,2016-01-01,corroborated_candidate,23,0,23,2010-02-26,2015-11-03,True,False,[],"[{""accession"": ""0000882835-10-000009"", ""cik"": ""0000882835"", ""evidence_kind"": ""sec_bulk_issuer_name_no_ticker"", ""filed_date"": ""2010-02-26"", ""historical_name"": ""ROPER INDUSTRIES INC"", ""sha256"": ""2a4db2340ab1662d5135d7e17be1a58352c5959017350f0ef2174135f9996125"", ""source_url"": ""https://www.sec.gov/files/dera/data/financial-statement-data-sets/2010q1.zip""}, {""accession"": ""0000882835-13-000008"", ""cik"": ""0000882835"", ""evidence_kind"": ""sec_bulk_issuer_name_no_ticker"", ""filed_date"": ""2013-02-25"", ""historical_name"": ""ROPER INDUSTRIES INC"", ""sha256"": ""329f4e3e40c0351001037ad1dea3fd28c07100f6f6d6d64d5998ea01b060a790"", ""source_url"": ""https://www.sec.gov/files/dera/data/financial-statement-data-sets/2013q1.zip""}, {""accession"": ""0000882835-12-000013"", ""cik"": ""0000882835"", ""evidence_kind"": ""sec_bulk_issuer_name_no_ticker"", ""filed_date"": ""2012-02-24"", ""historical_name"": ""ROPER INDUSTRIES INC"", ""sha256"": ""42ed1a5ecac978d4338bd51cd4bc15bf60cc821291eea492f8172fc4e803d5f6"", ""source_url"": ""https://www.sec.gov/files/dera/data/financial-statement-data-sets/2012q1.zip""}]"
ROST,0000745732,2010-01-01,2016-01-01,corroborated_candidate,23,0,23,2010-06-09,2015-12-09,True,False,[],"[{""accession"": ""0001206774-10-001420"", ""cik"": ""0000745732"", ""evidence_kind"": ""sec_bulk_issuer_name_no_ticker"", ""filed_date"": ""2010-06-09"", ""historical_name"": ""ROSS STORES INC"", ""sha256"": ""25f416b020fd3e62a67dbf8c6522c9f239e716099b61cf5d05a59a91ffdef1f1"", ""source_url"": ""https://www.sec.gov/files/dera/data/financial-statement-data-sets/2010q2.zip""}, {""accession"": ""0000745732-13-000010"", ""cik"": ""0000745732"", ""evidence_kind"": ""sec_bulk_issuer_name_no_ticker"", ""filed_date"": ""2013-06-12"", ""historical_name"": ""ROSS STORES INC"", ""sha256"": ""7cc764386ea9cb01d62e1a9f4fac38dc9c741e96886a953ddaad2def4eb489c7"", ""source_url"": ""https://www.sec.gov/files/dera/data/financial-statement-data-sets/2013q2.zip""}, {""accession"": ""0001206774-12-001210"", ""cik"": ""0000745732"", ""evidence_kind"": ""sec_bulk_issuer_name_no_ticker"", ""filed_date"": ""2012-03-27"", ""historical_name"": ""ROSS STORES INC"", ""sha256"": ""42ed1a5ecac978d4338bd51cd4bc15bf60cc821291eea492f8172fc4e803d5f6"", ""source_url"": ""https://www.sec.gov/files/dera/data/financial-statement-data-sets/2012q1.zip""}]"
RRC,0000315852,2010-01-01,2016-01-01,confirmed_by_multiple_evidence,2,2,19,2010-02-24,2015-10-28,True,False,[],"[{""accession"": ""0001564590-13-000101"", ""cik"": ""0000315852"", ""evidence_kind"": ""sec_dei_ticker"", ""filed_date"": ""2013-07-24"", ""sha256"": ""5939609b5d71f1577d9802c8b34753a4464c3d734fc9e0f46e745dd382d9def1"", ""source_url"": ""https://www.sec.gov/Archives/edgar/data/315852/000156459013000101/rrc-20130630.xml""}, {""accession"": ""0001564590-15-008760"", ""cik"": ""0000315852"", ""evidence_kind"": ""sec_dei_ticker"", ""filed_date"": ""2015-10-28"", ""sha256"": ""76891db6514334db0501abdc81a0d622c5367993e0c1aa04f32e7eaec84feef9"", ""source_url"": ""https://www.sec.gov/Archives/edgar/data/315852/000156459015008760/rrc-20150930.xml""}, {""accession"": ""0000950123-10-015884"", ""cik"": ""0000315852"", ""evidence_kind"": ""sec_bulk_issuer_name_no_ticker"", ""filed_date"": ""2010-02-24"", ""historical_name"": ""RANGE RESOURCES CORP"", ""sha256"": ""2a4db2340ab1662d5135d7e17be1a58352c5959017350f0ef2174135f9996125"", ""source_url"": ""https://www.sec.gov/files/dera/data/financial-statement-data-sets/2010q1.zip""}]"
RRD,0000029669,2010-01-01,2012-12-11,confirmed_by_multiple_evidence,3,3,12,2010-02-24,2012-11-01,False,True,[],"[{""accession"": ""0001193125-10-038962"", ""cik"": ""0000029669"", ""evidence_kind"": ""sec_dei_ticker"", ""filed_date"": ""2010-02-24"", ""sha256"": ""49e4264fae05886038a0ab04d6bc1f1be4c8b5622a282ec781a19511194f3ad7"", ""source_url"": ""https://www.sec.gov/Archives/edgar/data/29669/000119312510038962/rrd-20091231.xml""}, {""accession"": ""0001193125-11-208269"", ""cik"": ""0000029669"", ""evidence_kind"": ""sec_dei_ticker"", ""filed_date"": ""2011-08-03"", ""sha256"": ""b2ee904da5283c0b767fb7c38b968fa56f194b03d25d8e737eaf67dc280926c1"", ""source_url"": ""https://www.sec.gov/Archives/edgar/data/29669/000119312511208269/rrd-20110630.xml""}, {""accession"": ""0001193125-12-446613"", ""cik"": ""0000029669"", ""evidence_kind"": ""sec_dei_ticker"", ""filed_date"": ""2012-11-01"", ""sha256"": ""4d99072471265c36ecb26fbff1e7d6b0c77e77597529cd2a7ced1906fa88fe92"", ""source_url"": ""https://www.sec.gov/Archives/edgar/data/29669/000119312512446613/rrd-20120930.xml""}, {""accession"": ""0001193125-12-072936"", ""cik"": ""0000029669"", ""evidence_kind"": ""sec_bulk_issuer_name_no_ticker"", ""filed_date"": ""2012-02-22"", ""historical_name"": ""RR DONNELLEY & SONS CO"", ""sha256"": ""42ed1a5ecac978d4338bd51cd4bc15bf60cc821291eea492f8172fc4e803d5f6"", ""source_url"": ""https://www.sec.gov/files/dera/data/financial-statement-data-sets/2012q1.zip""}, {""evidence_kind"": ""sec_official_name_chain_no_ticker"", ""sha256"": ""880123adb37df4b7110f5a1a17760a58c23676ff5ea7cde24631b9a606385e1d"", ""source_url"": ""https://data.sec.gov/submissions/CIK0000029669.json""}]"
RSG,0001060391,2010-01-01,2016-01-01,corroborated_candidate,24,0,24,2010-02-24,2015-10-30,True,False,[],"[{""accession"": ""0000950123-10-016361"", ""cik"": ""0001060391"", ""evidence_kind"": ""sec_bulk_issuer_name_no_ticker"", ""filed_date"": ""2010-02-24"", ""historical_name"": ""REPUBLIC SERVICES, INC."", ""sha256"": ""2a4db2340ab1662d5135d7e17be1a58352c5959017350f0ef2174135f9996125"", ""source_url"": ""https://www.sec.gov/files/dera/data/financial-statement-data-sets/2010q1.zip""}, {""accession"": ""0001060391-13-000018"", ""cik"": ""0001060391"", ""evidence_kind"": ""sec_bulk_issuer_name_no_ticker"", ""filed_date"": ""2013-04-26"", ""historical_name"": ""REPUBLIC SERVICES, INC."", ""sha256"": ""7cc764386ea9cb01d62e1a9f4fac38dc9c741e96886a953ddaad2def4eb489c7"", ""source_url"": ""https://www.sec.gov/files/dera/data/financial-statement-data-sets/2013q2.zip""}, {""accession"": ""0001193125-12-067094"", ""cik"": ""0001060391"", ""evidence_kind"": ""sec_bulk_issuer_name_no_ticker"", ""filed_date"": ""2012-02-17"", ""historical_name"": ""REPUBLIC SERVICES, INC."", ""sha256"": ""42ed1a5ecac978d4338bd51cd4bc15bf60cc821291eea492f8172fc4e803d5f6"", ""source_url"": ""https://www.sec.gov/files/dera/data/financial-statement-data-sets/2012q1.zip""}]"
RTN,0001047122,2010-01-01,2016-01-01,confirmed_by_multiple_evidence,3,3,23,2010-02-24,2015-10-22,True,False,[],"[{""accession"": ""0001047122-13-000015"", ""cik"": ""0001047122"", ""evidence_kind"": ""sec_dei_ticker"", ""filed_date"": ""2013-02-13"", ""sha256"": ""bde317b0715734699fb37f036947c16771035b4054406a5fcb0557cf87dbd1b7"", ""source_url"": ""https://www.sec.gov/Archives/edgar/data/1047122/000104712213000015/rtn-20121231.xml""}, {""accession"": ""0001047122-15-000196"", ""cik"": ""0001047122"", ""evidence_kind"": ""sec_dei_ticker"", ""filed_date"": ""2015-10-22"", ""sha256"": ""2735d51f53c5d9d8d1e909fe7af1bb712df5a59bf27f94bb768243596f6ff43e"", ""source_url"": ""https://www.sec.gov/Archives/edgar/data/1047122/000104712215000196/rtn-20150927.xml""}, {""accession"": ""0001193125-10-038391"", ""cik"": ""0001047122"", ""evidence_kind"": ""sec_dei_ticker"", ""filed_date"": ""2010-02-24"", ""sha256"": ""e371e801cb1b383079c5609e5986ca54289f0c36f7200c848d2fac9e27b7b28e"", ""source_url"": ""https://www.sec.gov/Archives/edgar/data/1047122/000119312510038391/rtn-20091231.xml""}, {""accession"": ""0001047122-13-000058"", ""cik"": ""0001047122"", ""evidence_kind"": ""sec_bulk_issuer_name_no_ticker"", ""filed_date"": ""2013-04-25"", ""historical_name"": ""RAYTHEON CO/"", ""sha256"": ""7cc764386ea9cb01d62e1a9f4fac38dc9c741e96886a953ddaad2def4eb489c7"", ""source_url"": ""https://www.sec.gov/files/dera/data/financial-statement-data-sets/2013q2.zip""}, {""accession"": ""0001047122-12-000044"", ""cik"": ""0001047122"", ""evidence_kind"": ""sec_bulk_issuer_name_no_ticker"", ""filed_date"": ""2012-02-22"", ""historical_name"": ""RAYTHEON CO/"", ""sha256"": ""42ed1a5ecac978d4338bd51cd4bc15bf60cc821291eea492f8172fc4e803d5f6"", ""source_url"": ""https://www.sec.gov/files/dera/data/financial-statement-data-sets/2012q1.zip""}]"
RX,0001058083,2010-01-01,2010-02-26,unresolved,0,0,0,,,False,False,[],[]
S,0000101830,2010-01-01,2013-07-08,confirmed_by_multiple_evidence,14,14,14,2010-02-26,2013-05-06,True,False,[],"[{""accession"": ""0000101830-11-000005"", ""cik"": ""0000101830"", ""evidence_kind"": ""sec_dei_ticker"", ""filed_date"": ""2011-02-24"", ""sha256"": ""1af2ca5c7bae13d7ea71578ef165cac51627b9fccb8de087a306a2ff5677ea42"", ""source_url"": ""https://www.sec.gov/Archives/edgar/data/101830/000010183011000005/s-20101231.xml""}, {""accession"": ""0000101830-11-000020"", ""cik"": ""0000101830"", ""evidence_kind"": ""sec_dei_ticker"", ""filed_date"": ""2011-05-05"", ""sha256"": ""8bd8c397079e8662fc639d6d7243d5ae6b8010f81b0b5f1c939ca070de92a105"", ""source_url"": ""https://www.sec.gov/Archives/edgar/data/101830/000010183011000020/s-20110331.xml""}, {""accession"": ""0000101830-11-000036"", ""cik"": ""0000101830"", ""evidence_kind"": ""sec_dei_ticker"", ""filed_date"": ""2011-08-04"", ""sha256"": ""e90afd67ee67feab8fd1d12b8f76be2d82801a09ff1639ef5e82730cea100c7c"", ""source_url"": ""https://www.sec.gov/Archives/edgar/data/101830/000010183011000036/s-20110630.xml""}, {""accession"": ""0000101830-11-000045"", ""cik"": ""0000101830"", ""evidence_kind"": ""sec_dei_ticker"", ""filed_date"": ""2011-11-03"", ""sha256"": ""0d97d33eca9fc6cec5287b75b787e9b4a78a5d30f8c8b2da3102c624c734d8a1"", ""source_url"": ""https://www.sec.gov/Archives/edgar/data/101830/000010183011000045/s-20110930.xml""}, {""accession"": ""0000101830-12-000015"", ""cik"": ""0000101830"", ""evidence_kind"": ""sec_dei_ticker"", ""filed_date"": ""2012-02-27"", ""sha256"": ""6831814e058217c34baf32309d3578cc4d02cd9c57d2a078457cfe1945dd29d3"", ""source_url"": ""https://www.sec.gov/Archives/edgar/data/101830/000010183012000015/s-20111231.xml""}, {""accession"": ""0000101830-12-000044"", ""cik"": ""0000101830"", ""evidence_kind"": ""sec_dei_ticker"", ""filed_date"": ""2012-05-03"", ""sha256"": ""bf24a6de08d5aeaffd2c6826533f96760625409b6d57100ccdcfdba1bea8b69b"", ""source_url"": ""https://www.sec.gov/Archives/edgar/data/101830/000010183012000044/s-20120331.xml""}, {""accession"": ""0000101830-12-000089"", ""cik"": ""0000101830"", ""evidence_kind"": ""sec_dei_ticker"", ""filed_date"": ""2012-08-02"", ""sha256"": ""01b08e55931894654d7316969e6e64481a675047e707a4e3f5b9d1c92250189f"", ""source_url"": ""https://www.sec.gov/Archives/edgar/data/101830/000010183012000089/s-20120630.xml""}, {""accession"": ""0000101830-12-000107"", ""cik"": ""0000101830"", ""evidence_kind"": ""sec_dei_ticker"", ""filed_date"": ""2012-11-07"", ""sha256"": ""a70666aa00a67d8958bd27dc77567cd679b152ed953f15b2d3c8b61407362f4f"", ""source_url"": ""https://www.sec.gov/Archives/edgar/data/101830/000010183012000107/s-20120930.xml""}, {""accession"": ""0000101830-13-000006"", ""cik"": ""0000101830"", ""evidence_kind"": ""sec_dei_ticker"", ""filed_date"": ""2013-02-28"", ""sha256"": ""67a12d502ceb08d7728a3e37997e6d5596280e5f7bfa20479705e89abfef5762"", ""source_url"": ""https://www.sec.gov/Archives/edgar/data/101830/000010183013000006/s-20121231.xml""}, {""accession"": ""0000101830-13-000020"", ""cik"": ""0000101830"", ""evidence_kind"": ""sec_dei_ticker"", ""filed_date"": ""2013-05-06"", ""sha256"": ""989a66d20840cbbe7ba02260999a3d82b17bf1297250945f50d1b675c920a4a9"", ""source_url"": ""https://www.sec.gov/Archives/edgar/data/101830/000010183013000020/s-20130331.xml""}, {""accession"": ""0001193125-10-042491"", ""cik"": ""0000101830"", ""evidence_kind"": ""sec_dei_ticker"", ""filed_date"": ""2010-02-26"", ""sha256"": ""5b51230eaa74a4d13299e7fcb5e6809713a0a1b77cf9d00b3a83f55e17b7b152"", ""source_url"": ""https://www.sec.gov/Archives/edgar/data/101830/000119312510042491/s-20091231.xml""}, {""accession"": ""0001193125-10-108977"", ""cik"": ""0000101830"", ""evidence_kind"": ""sec_dei_ticker"", ""filed_date"": ""2010-05-05"", ""sha256"": ""98d5f851dd832df1208c32f8bf68ab174f11863d98ad117e7d5c0641112bfc8b"", ""source_url"": ""https://www.sec.gov/Archives/edgar/data/101830/000119312510108977/s-20100331.xml""}, {""accession"": ""0001193125-10-178859"", ""cik"": ""0000101830"", ""evidence_kind"": ""sec_dei_ticker"", ""filed_date"": ""2010-08-05"", ""sha256"": ""f8e40cc038468ea681d825af4decd7c42e0f2730f3841d8c96f909c3dbd6d070"", ""source_url"": ""https://www.sec.gov/Archives/edgar/data/101830/000119312510178859/s-20100630.xml""}, {""accession"": ""0001193125-10-249235"", ""cik"": ""0000101830"", ""evidence_kind"": ""sec_dei_ticker"", ""filed_date"": ""2010-11-05"", ""sha256"": ""c588927952d8fa2fae67edc396b974c2260069f4df2a015b0d43e3f5e23ca23f"", ""source_url"": ""https://www.sec.gov/Archives/edgar/data/101830/000119312510249235/s-20100930.xml""}]"
SBUX,0000829224,2010-01-01,2016-01-01,corroborated_candidate,24,0,24,2010-02-02,2015-11-12,True,False,[],"[{""accession"": ""0000950123-10-007737"", ""cik"": ""0000829224"", ""evidence_kind"": ""sec_bulk_issuer_name_no_ticker"", ""filed_date"": ""2010-02-02"", ""historical_name"": ""STARBUCKS CORP"", ""sha256"": ""2a4db2340ab1662d5135d7e17be1a58352c5959017350f0ef2174135f9996125"", ""source_url"": ""https://www.sec.gov/files/dera/data/financial-statement-data-sets/2010q1.zip""}, {""accession"": ""0000829224-13-000024"", ""cik"": ""0000829224"", ""evidence_kind"": ""sec_bulk_issuer_name_no_ticker"", ""filed_date"": ""2013-04-30"", ""historical_name"": ""STARBUCKS CORP"", ""sha256"": ""7cc764386ea9cb01d62e1a9f4fac38dc9c741e96886a953ddaad2def4eb489c7"", ""source_url"": ""https://www.sec.gov/files/dera/data/financial-statement-data-sets/2013q2.zip""}, {""accession"": ""0001193125-12-032427"", ""cik"": ""0000829224"", ""evidence_kind"": ""sec_bulk_issuer_name_no_ticker"", ""filed_date"": ""2012-01-31"", ""historical_name"": ""STARBUCKS CORP"", ""sha256"": ""42ed1a5ecac978d4338bd51cd4bc15bf60cc821291eea492f8172fc4e803d5f6"", ""source_url"": ""https://www.sec.gov/files/dera/data/financial-statement-data-sets/2012q1.zip""}]"
SCG,0000754737,2010-01-01,2016-01-01,corroborated_candidate,22,0,22,2010-08-04,2015-11-06,True,False,[],"[{""accession"": ""0001104659-10-041737"", ""cik"": ""0000754737"", ""evidence_kind"": ""sec_bulk_issuer_name_no_ticker"", ""filed_date"": ""2010-08-04"", ""historical_name"": ""SCANA CORP"", ""sha256"": ""52014faf614ca0d7b8040e364f5b3e99f28d5e96b711aa922b490056e2c1d7b5"", ""source_url"": ""https://www.sec.gov/files/dera/data/financial-statement-data-sets/2010q3.zip""}, {""accession"": ""0000754737-13-000044"", ""cik"": ""0000754737"", ""evidence_kind"": ""sec_bulk_issuer_name_no_ticker"", ""filed_date"": ""2013-08-08"", ""historical_name"": ""SCANA CORP"", ""sha256"": ""c9134387b650a9194f14b3f832f16aa1a72255c20a0e0b954001a643933cc849"", ""source_url"": ""https://www.sec.gov/files/dera/data/financial-statement-data-sets/2013q3.zip""}, {""accession"": ""0001104659-12-014455"", ""cik"": ""0000754737"", ""evidence_kind"": ""sec_bulk_issuer_name_no_ticker"", ""filed_date"": ""2012-02-29"", ""historical_name"": ""SCANA CORP"", ""sha256"": ""42ed1a5ecac978d4338bd51cd4bc15bf60cc821291eea492f8172fc4e803d5f6"", ""source_url"": ""https://www.sec.gov/files/dera/data/financial-statement-data-sets/2012q1.zip""}]"
SCHW,0000316709,2010-01-01,2016-01-01,confirmed_by_multiple_evidence,3,3,23,2010-02-25,2015-11-05,True,True,[],"[{""accession"": ""0000316709-15-000056"", ""cik"": ""0000316709"", ""evidence_kind"": ""sec_dei_ticker"", ""filed_date"": ""2015-11-05"", ""sha256"": ""89fe322ec53f027a50a7f3640d0d349735cace40f6526a8a86f7d72ab7cf04a0"", ""source_url"": ""https://www.sec.gov/Archives/edgar/data/316709/000031670915000056/schw-20150930.xml""}, {""accession"": ""0001193125-10-040444"", ""cik"": ""0000316709"", ""evidence_kind"": ""sec_dei_ticker"", ""filed_date"": ""2010-02-25"", ""sha256"": ""e234bc07ca04c708774f9863d184f566d89ed0ccd46be55e3100a6246a16ea9d"", ""source_url"": ""https://www.sec.gov/Archives/edgar/data/316709/000119312510040444/schw-20091231.xml""}, {""accession"": ""0001193125-13-071646"", ""cik"": ""0000316709"", ""evidence_kind"": ""sec_dei_ticker"", ""filed_date"": ""2013-02-22"", ""sha256"": ""e24c59bd95a067f85261c15913a44827fcb17817541d9a4d4d1488b7a95a3b88"", ""source_url"": ""https://www.sec.gov/Archives/edgar/data/316709/000119312513071646/schw-20121231.xml""}, {""accession"": ""0001193125-13-203772"", ""cik"": ""0000316709"", ""evidence_kind"": ""sec_bulk_issuer_name_no_ticker"", ""filed_date"": ""2013-05-07"", ""historical_name"": ""SCHWAB CHARLES CORP"", ""sha256"": ""7cc764386ea9cb01d62e1a9f4fac38dc9c741e96886a953ddaad2def4eb489c7"", ""source_url"": ""https://www.sec.gov/files/dera/data/financial-statement-data-sets/2013q2.zip""}, {""accession"": ""0001193125-12-077926"", ""cik"": ""0000316709"", ""evidence_kind"": ""sec_bulk_issuer_name_no_ticker"", ""filed_date"": ""2012-02-24"", ""historical_name"": ""SCHWAB CHARLES CORP"", ""sha256"": ""42ed1a5ecac978d4338bd51cd4bc15bf60cc821291eea492f8172fc4e803d5f6"", ""source_url"": ""https://www.sec.gov/files/dera/data/financial-statement-data-sets/2012q1.zip""}, {""evidence_kind"": ""sec_official_name_chain_no_ticker"", ""sha256"": ""5d0781b8a1569bdcf5e40c557400eb5e641fa84f3b7509b6c3acf2d1e18ab66c"", ""source_url"": ""https://data.sec.gov/submissions/CIK0000316709.json""}]"
SE,0001373835,2010-01-01,2016-01-01,confirmed_by_multiple_evidence,24,24,23,2010-02-25,2015-11-05,True,False,[],"[{""accession"": ""0001193125-10-040947"", ""cik"": ""0001373835"", ""evidence_kind"": ""sec_dei_ticker"", ""filed_date"": ""2010-02-25"", ""sha256"": ""8d23bb42f787c90651dc3f709fd86f0e4d7e4250e34f7677d30bd6e48f66ebf9"", ""source_url"": ""https://www.sec.gov/Archives/edgar/data/1373835/000119312510040947/se-20091231.xml""}, {""accession"": ""0001193125-10-113004"", ""cik"": ""0001373835"", ""evidence_kind"": ""sec_dei_ticker"", ""filed_date"": ""2010-05-07"", ""sha256"": ""ef82138ad958662a489bd9437a0ba4a4d632b3e5b4780864f06cb395248d67f2"", ""source_url"": ""https://www.sec.gov/Archives/edgar/data/1373835/000119312510113004/se-20100331.xml""}, {""accession"": ""0001193125-10-204482"", ""cik"": ""0001373835"", ""evidence_kind"": ""sec_dei_ticker"", ""filed_date"": ""2010-09-03"", ""sha256"": ""e2c83617c670203168c99801d70bb83a269cf3424ba32caee133a609a426c923"", ""source_url"": ""https://www.sec.gov/Archives/edgar/data/1373835/000119312510204482/se-20100630.xml""}, {""accession"": ""0001193125-10-252197"", ""cik"": ""0001373835"", ""evidence_kind"": ""sec_dei_ticker"", ""filed_date"": ""2010-11-08"", ""sha256"": ""f3a072fb0df36573f7ad1b39991512c4cff79f5b57f663efad6849f31ff982bc"", ""source_url"": ""https://www.sec.gov/Archives/edgar/data/1373835/000119312510252197/se-20100930.xml""}, {""accession"": ""0001193125-11-045402"", ""cik"": ""0001373835"", ""evidence_kind"": ""sec_dei_ticker"", ""filed_date"": ""2011-02-24"", ""sha256"": ""af6ce5cbef23b85759649b198817e75eed1218eefed6cdf8719b1a39273b5bec"", ""source_url"": ""https://www.sec.gov/Archives/edgar/data/1373835/000119312511045402/se-20101231.xml""}, {""accession"": ""0001193125-11-132635"", ""cik"": ""0001373835"", ""evidence_kind"": ""sec_dei_ticker"", ""filed_date"": ""2011-05-10"", ""sha256"": ""ce35eb70caf8a4660b66eb72b1d412ae19200f1415eedad80febfbbb01c5cb15"", ""source_url"": ""https://www.sec.gov/Archives/edgar/data/1373835/000119312511132635/se-20110331.xml""}, {""accession"": ""0001193125-11-213932"", ""cik"": ""0001373835"", ""evidence_kind"": ""sec_dei_ticker"", ""filed_date"": ""2011-08-08"", ""sha256"": ""b5eb3649fe28c8713f0d92a8fb87e9cc88c7bc73c885b9058bbece4c2d2c4ebd"", ""source_url"": ""https://www.sec.gov/Archives/edgar/data/1373835/000119312511213932/se-20110630.xml""}, {""accession"": ""0001193125-11-301864"", ""cik"": ""0001373835"", ""evidence_kind"": ""sec_dei_ticker"", ""filed_date"": ""2011-11-08"", ""sha256"": ""ca04c50c093a3bb78452062b3f8109741772df3b1583e0a2d724ab3dcbbcef93"", ""source_url"": ""https://www.sec.gov/Archives/edgar/data/1373835/000119312511301864/se-20110930.xml""}, {""accession"": ""0001193125-12-081966"", ""cik"": ""0001373835"", ""evidence_kind"": ""sec_dei_ticker"", ""filed_date"": ""2012-02-27"", ""sha256"": ""2e397af8c85c84ea88f0fd27cf71e113dac5e39d8097c081644dc7b076492a8e"", ""source_url"": ""https://www.sec.gov/Archives/edgar/data/1373835/000119312512081966/se-20111231.xml""}, {""accession"": ""0001193125-12-221887"", ""cik"": ""0001373835"", ""evidence_kind"": ""sec_dei_ticker"", ""filed_date"": ""2012-05-09"", ""sha256"": ""563413fcd2e703eb50ca809149b3c0c37b6b3db8a8f5b5062e6acbfaed2446d6"", ""source_url"": ""https://www.sec.gov/Archives/edgar/data/1373835/000119312512221887/se-20120331.xml""}, {""accession"": ""0001193125-12-343720"", ""cik"": ""0001373835"", ""evidence_kind"": ""sec_dei_ticker"", ""filed_date"": ""2012-08-08"", ""sha256"": ""5cbac312e1befb33b4db613ea1f078acceaa7b495211b4edfcadaa4c16f19568"", ""source_url"": ""https://www.sec.gov/Archives/edgar/data/1373835/000119312512343720/se-20120630.xml""}, {""accession"": ""0001193125-12-459027"", ""cik"": ""0001373835"", ""evidence_kind"": ""sec_dei_ticker"", ""filed_date"": ""2012-11-08"", ""sha256"": ""efc776083221637cf020ef12f4a24dd5d8a640e230015c6b5c2f8cc4bcb00a28"", ""source_url"": ""https://www.sec.gov/Archives/edgar/data/1373835/000119312512459027/se-20120930.xml""}, {""accession"": ""0001193125-13-071704"", ""cik"": ""0001373835"", ""evidence_kind"": ""sec_dei_ticker"", ""filed_date"": ""2013-02-22"", ""sha256"": ""bee57fbef8970820dd8a5ed39d862a95e714532d9303a27d12703284d92fc77d"", ""source_url"": ""https://www.sec.gov/Archives/edgar/data/1373835/000119312513071704/se-20121231.xml""}, {""accession"": ""0001193125-13-207725"", ""cik"": ""0001373835"", ""evidence_kind"": ""sec_dei_ticker"", ""filed_date"": ""2013-05-08"", ""sha256"": ""03cc1fcad9de4fff8c4ddb309de45a8add06889fd62933123c00f6056f7e9372"", ""source_url"": ""https://www.sec.gov/Archives/edgar/data/1373835/000119312513207725/se-20130331.xml""}, {""accession"": ""0001373835-15-000003"", ""cik"": ""0001373835"", ""evidence_kind"": ""sec_dei_ticker"", ""filed_date"": ""2015-02-27"", ""sha256"": ""cd6c3b8201d6b53c4dff6aa6c2891743e39b6d7037e4a3de7407d4aef4902603"", ""source_url"": ""https://www.sec.gov/Archives/edgar/data/1373835/000137383515000003/se-20141231.xml""}, {""accession"": ""0001373835-15-000005"", ""cik"": ""0001373835"", ""evidence_kind"": ""sec_dei_ticker"", ""filed_date"": ""2015-05-07"", ""sha256"": ""d6b9d3a3d48ea13670eaa3baa077e27baec6dc14a26063acc5056454c551918f"", ""source_url"": ""https://www.sec.gov/Archives/edgar/data/1373835/000137383515000005/se-20150331.xml""}, {""accession"": ""0001373835-15-000007"", ""cik"": ""0001373835"", ""evidence_kind"": ""sec_dei_ticker"", ""filed_date"": ""2015-08-06"", ""sha256"": ""96f57e850dcff9d4fe3cab12bc418a8945ce0ea865164d39c6de3c7872d9ec94"", ""source_url"": ""https://www.sec.gov/Archives/edgar/data/1373835/000137383515000007/se-20150630.xml""}, {""accession"": ""0001373835-15-000011"", ""cik"": ""0001373835"", ""evidence_kind"": ""sec_dei_ticker"", ""filed_date"": ""2015-11-05"", ""sha256"": ""1dad3eb0c6dd43c31b5c74182836e75d2fbda0b1297bab38ece45c15579d48f7"", ""source_url"": ""https://www.sec.gov/Archives/edgar/data/1373835/000137383515000011/se-20150930.xml""}, {""accession"": ""0001445305-13-001973"", ""cik"": ""0001373835"", ""evidence_kind"": ""sec_dei_ticker"", ""filed_date"": ""2013-08-07"", ""sha256"": ""2dcb69585a6af3d5d5389c729022f6a638716ad0fa08afeaf13a4b52664b6e01"", ""source_url"": ""https://www.sec.gov/Archives/edgar/data/1373835/000144530513001973/se-20130630.xml""}, {""accession"": ""0001445305-13-002795"", ""cik"": ""0001373835"", ""evidence_kind"": ""sec_dei_ticker"", ""filed_date"": ""2013-11-07"", ""sha256"": ""c614bed9131efe756a012efd2bf0d2da2cc78533071a8f8ddc2aeab99a293518"", ""source_url"": ""https://www.sec.gov/Archives/edgar/data/1373835/000144530513002795/se-20130930.xml""}, {""accession"": ""0001445305-14-000782"", ""cik"": ""0001373835"", ""evidence_kind"": ""sec_dei_ticker"", ""filed_date"": ""2014-02-28"", ""sha256"": ""856749103f73f8047d97f99ad3a46d2abea31ec178513cf9cc77f4ed39ab1c84"", ""source_url"": ""https://www.sec.gov/Archives/edgar/data/1373835/000144530514000782/se-20131231.xml""}, {""accession"": ""0001445305-14-001966"", ""cik"": ""0001373835"", ""evidence_kind"": ""sec_dei_ticker"", ""filed_date"": ""2014-05-08"", ""sha256"": ""2c9c8f176c50d34ddc1573812d345b04df7a4348c95eabada779aa4592969db8"", ""source_url"": ""https://www.sec.gov/Archives/edgar/data/1373835/000144530514001966/se-20140331.xml""}, {""accession"": ""0001445305-14-003479"", ""cik"": ""0001373835"", ""evidence_kind"": ""sec_dei_ticker"", ""filed_date"": ""2014-08-07"", ""sha256"": ""265def429df9ff06d311d3a4c4f446b91a522be34605c8b2da5d507e291b7e5a"", ""source_url"": ""https://www.sec.gov/Archives/edgar/data/1373835/000144530514003479/se-20140630.xml""}, {""accession"": ""0001445305-14-004852"", ""cik"": ""0001373835"", ""evidence_kind"": ""sec_dei_ticker"", ""filed_date"": ""2014-11-06"", ""sha256"": ""24384c777aba7b36777dbe96eb288bc9a9fc4eb6abc139366e92e4d3f78c1ca9"", ""source_url"": ""https://www.sec.gov/Archives/edgar/data/1373835/000144530514004852/se-20140930.xml""}]"
SEE,0001012100,2010-01-01,2016-01-01,confirmed_by_multiple_evidence,2,2,21,2010-11-08,2015-11-03,True,False,[],"[{""accession"": ""0001193125-13-207359"", ""cik"": ""0001012100"", ""evidence_kind"": ""sec_dei_ticker"", ""filed_date"": ""2013-05-08"", ""sha256"": ""ed61ff99b8e23713e1dc635682a15fb85bf6c4d7f0bc4006e2ad5e04f5ace410"", ""source_url"": ""https://www.sec.gov/Archives/edgar/data/1012100/000119312513207359/see-20130331.xml""}, {""accession"": ""0001564590-15-009135"", ""cik"": ""0001012100"", ""evidence_kind"": ""sec_dei_ticker"", ""filed_date"": ""2015-11-03"", ""sha256"": ""8195380ca888776ed1bc7a3f385456bf2f48e921b09440d2593f2fdae3ced9b7"", ""source_url"": ""https://www.sec.gov/Archives/edgar/data/1012100/000156459015009135/see-20150930.xml""}, {""accession"": ""0001047469-10-009380"", ""cik"": ""0001012100"", ""evidence_kind"": ""sec_bulk_issuer_name_no_ticker"", ""filed_date"": ""2010-11-08"", ""historical_name"": ""SEALED AIR CORP/DE"", ""sha256"": ""3dc43a8559cba9e1a9bb5a283a99e1fdfd2b0eaa7a9460887d5b4c70d69cef63"", ""source_url"": ""https://www.sec.gov/files/dera/data/financial-statement-data-sets/2010q4.zip""}, {""accession"": ""0001193125-13-323795"", ""cik"": ""0001012100"", ""evidence_kind"": ""sec_bulk_issuer_name_no_ticker"", ""filed_date"": ""2013-08-07"", ""historical_name"": ""SEALED AIR CORP/DE"", ""sha256"": ""c9134387b650a9194f14b3f832f16aa1a72255c20a0e0b954001a643933cc849"", ""source_url"": ""https://www.sec.gov/files/dera/data/financial-statement-data-sets/2013q3.zip""}, {""accession"": ""0001193125-12-088645"", ""cik"": ""0001012100"", ""evidence_kind"": ""sec_bulk_issuer_name_no_ticker"", ""filed_date"": ""2012-02-29"", ""historical_name"": ""SEALED AIR CORP/DE"", ""sha256"": ""42ed1a5ecac978d4338bd51cd4bc15bf60cc821291eea492f8172fc4e803d5f6"", ""source_url"": ""https://www.sec.gov/files/dera/data/financial-statement-data-sets/2012q1.zip""}]"
SHLD,0001310067,2010-01-01,2012-09-05,confirmed_by_multiple_evidence,3,3,9,2010-08-20,2012-08-16,True,False,[],"[{""accession"": ""0001193125-10-193532"", ""cik"": ""0001310067"", ""evidence_kind"": ""sec_dei_ticker"", ""filed_date"": ""2010-08-20"", ""sha256"": ""88ea49f62e2272b7247a4038d68089eca22b460606ac1a56c00ec29ec20c89cc"", ""source_url"": ""https://www.sec.gov/Archives/edgar/data/1310067/000119312510193532/shld-20100731.xml""}, {""accession"": ""0001193125-11-226650"", ""cik"": ""0001310067"", ""evidence_kind"": ""sec_dei_ticker"", ""filed_date"": ""2011-08-18"", ""sha256"": ""f27367776e708c28d0acf84d56b99ece75a767692b6c2a3448f62e1c4dfd1093"", ""source_url"": ""https://www.sec.gov/Archives/edgar/data/1310067/000119312511226650/shld-20110730.xml""}, {""accession"": ""0001193125-12-358165"", ""cik"": ""0001310067"", ""evidence_kind"": ""sec_dei_ticker"", ""filed_date"": ""2012-08-16"", ""sha256"": ""cb42bdba1ca0a3bbacab8e27005b905a43a6136d970c8a07e2004a50d7891aaa"", ""source_url"": ""https://www.sec.gov/Archives/edgar/data/1310067/000119312512358165/shld-20120728.xml""}, {""accession"": ""0001193125-12-114869"", ""cik"": ""0001310067"", ""evidence_kind"": ""sec_bulk_issuer_name_no_ticker"", ""filed_date"": ""2012-03-14"", ""historical_name"": ""SEARS HOLDINGS CORP"", ""sha256"": ""42ed1a5ecac978d4338bd51cd4bc15bf60cc821291eea492f8172fc4e803d5f6"", ""source_url"": ""https://www.sec.gov/files/dera/data/financial-statement-data-sets/2012q1.zip""}]"
SHW,0000089800,2010-01-01,2016-01-01,corroborated_candidate,24,0,24,2010-02-24,2015-10-29,True,False,[],"[{""accession"": ""0000950123-10-016198"", ""cik"": ""0000089800"", ""evidence_kind"": ""sec_bulk_issuer_name_no_ticker"", ""filed_date"": ""2010-02-24"", ""historical_name"": ""SHERWIN WILLIAMS CO"", ""sha256"": ""2a4db2340ab1662d5135d7e17be1a58352c5959017350f0ef2174135f9996125"", ""source_url"": ""https://www.sec.gov/files/dera/data/financial-statement-data-sets/2010q1.zip""}, {""accession"": ""0000089800-13-000058"", ""cik"": ""0000089800"", ""evidence_kind"": ""sec_bulk_issuer_name_no_ticker"", ""filed_date"": ""2013-04-24"", ""historical_name"": ""SHERWIN WILLIAMS CO"", ""sha256"": ""7cc764386ea9cb01d62e1a9f4fac38dc9c741e96886a953ddaad2def4eb489c7"", ""source_url"": ""https://www.sec.gov/files/dera/data/financial-statement-data-sets/2013q2.zip""}, {""accession"": ""0001193125-12-075061"", ""cik"": ""0000089800"", ""evidence_kind"": ""sec_bulk_issuer_name_no_ticker"", ""filed_date"": ""2012-02-23"", ""historical_name"": ""SHERWIN WILLIAMS CO"", ""sha256"": ""42ed1a5ecac978d4338bd51cd4bc15bf60cc821291eea492f8172fc4e803d5f6"", ""source_url"": ""https://www.sec.gov/files/dera/data/financial-statement-data-sets/2012q1.zip""}]"
SIAL,0000090185,2010-01-01,2015-11-18,corroborated_candidate,23,1,23,2010-02-10,2015-11-03,True,False,[],"[{""accession"": ""0001193125-10-027258"", ""cik"": ""0000090185"", ""evidence_kind"": ""sec_dei_ticker"", ""filed_date"": ""2010-02-10"", ""sha256"": ""3d2b3ee9ce6bdcf98968269ad5526c0b0ce87b4094fb7f8097efe361d6805d76"", ""source_url"": ""https://www.sec.gov/Archives/edgar/data/90185/000119312510027258/sial-20091231.xml""}, {""accession"": ""0000090185-13-000080"", ""cik"": ""0000090185"", ""evidence_kind"": ""sec_bulk_issuer_name_no_ticker"", ""filed_date"": ""2013-04-25"", ""historical_name"": ""SIGMA ALDRICH CORP"", ""sha256"": ""7cc764386ea9cb01d62e1a9f4fac38dc9c741e96886a953ddaad2def4eb489c7"", ""source_url"": ""https://www.sec.gov/files/dera/data/financial-statement-data-sets/2013q2.zip""}, {""accession"": ""0001193125-12-056253"", ""cik"": ""0000090185"", ""evidence_kind"": ""sec_bulk_issuer_name_no_ticker"", ""filed_date"": ""2012-02-13"", ""historical_name"": ""SIGMA ALDRICH CORP"", ""sha256"": ""42ed1a5ecac978d4338bd51cd4bc15bf60cc821291eea492f8172fc4e803d5f6"", ""source_url"": ""https://www.sec.gov/files/dera/data/financial-statement-data-sets/2012q1.zip""}]"
SIG,0000832988,2015-07-29,2016-01-01,confirmed_by_multiple_evidence,2,2,2,2015-09-03,2015-12-04,True,False,[],"[{""accession"": ""0001628280-15-006962"", ""cik"": ""0000832988"", ""evidence_kind"": ""sec_dei_ticker"", ""filed_date"": ""2015-09-03"", ""sha256"": ""7845e60a2879a40945f57e48dacbeff9f5b84fab2558a90b9a7d92763364e7fa"", ""source_url"": ""https://www.sec.gov/Archives/edgar/data/832988/000162828015006962/sig-20150801.xml""}, {""accession"": ""0001628280-15-009247"", ""cik"": ""0000832988"", ""evidence_kind"": ""sec_dei_ticker"", ""filed_date"": ""2015-12-04"", ""sha256"": ""7efe36bb28c10e731ae4bfc69b22c82ead16f20e9a940104c306fd8dbe01d438"", ""source_url"": ""https://www.sec.gov/Archives/edgar/data/832988/000162828015009247/sig-20151031.xml""}]"
SII,0000721083,2010-01-01,2010-08-26,corroborated_candidate,3,0,3,2010-03-01,2010-08-06,True,False,[],"[{""accession"": ""0000950123-10-019211"", ""cik"": ""0000721083"", ""evidence_kind"": ""sec_bulk_issuer_name_no_ticker"", ""filed_date"": ""2010-03-01"", ""historical_name"": ""SMITH INTERNATIONAL INC"", ""sha256"": ""2a4db2340ab1662d5135d7e17be1a58352c5959017350f0ef2174135f9996125"", ""source_url"": ""https://www.sec.gov/files/dera/data/financial-statement-data-sets/2010q1.zip""}, {""accession"": ""0000950123-10-039569"", ""cik"": ""0000721083"", ""evidence_kind"": ""sec_bulk_issuer_name_no_ticker"", ""filed_date"": ""2010-04-28"", ""historical_name"": ""SMITH INTERNATIONAL INC"", ""sha256"": ""25f416b020fd3e62a67dbf8c6522c9f239e716099b61cf5d05a59a91ffdef1f1"", ""source_url"": ""https://www.sec.gov/files/dera/data/financial-statement-data-sets/2010q2.zip""}, {""accession"": ""0000950123-10-074114"", ""cik"": ""0000721083"", ""evidence_kind"": ""sec_bulk_issuer_name_no_ticker"", ""filed_date"": ""2010-08-06"", ""historical_name"": ""SMITH INTERNATIONAL INC"", ""sha256"": ""52014faf614ca0d7b8040e364f5b3e99f28d5e96b711aa922b490056e2c1d7b5"", ""source_url"": ""https://www.sec.gov/files/dera/data/financial-statement-data-sets/2010q3.zip""}]"
SJM,0000091419,2010-01-01,2016-01-01,corroborated_candidate,22,0,22,2010-09-09,2015-12-04,True,False,[],"[{""accession"": ""0000950123-10-084931"", ""cik"": ""0000091419"", ""evidence_kind"": ""sec_bulk_issuer_name_no_ticker"", ""filed_date"": ""2010-09-09"", ""historical_name"": ""SMUCKER J M CO"", ""sha256"": ""52014faf614ca0d7b8040e364f5b3e99f28d5e96b711aa922b490056e2c1d7b5"", ""source_url"": ""https://www.sec.gov/files/dera/data/financial-statement-data-sets/2010q3.zip""}, {""accession"": ""0001193125-13-350382"", ""cik"": ""0000091419"", ""evidence_kind"": ""sec_bulk_issuer_name_no_ticker"", ""filed_date"": ""2013-08-28"", ""historical_name"": ""SMUCKER J M CO"", ""sha256"": ""c9134387b650a9194f14b3f832f16aa1a72255c20a0e0b954001a643933cc849"", ""source_url"": ""https://www.sec.gov/files/dera/data/financial-statement-data-sets/2013q3.zip""}, {""accession"": ""0001193125-12-107187"", ""cik"": ""0000091419"", ""evidence_kind"": ""sec_bulk_issuer_name_no_ticker"", ""filed_date"": ""2012-03-09"", ""historical_name"": ""SMUCKER J M CO"", ""sha256"": ""42ed1a5ecac978d4338bd51cd4bc15bf60cc821291eea492f8172fc4e803d5f6"", ""source_url"": ""https://www.sec.gov/files/dera/data/financial-statement-data-sets/2012q1.zip""}]"
SLB,0000087347,2010-01-01,2016-01-01,confirmed_by_multiple_evidence,3,3,24,2010-02-05,2015-10-21,True,False,[],"[{""accession"": ""0001193125-10-023041"", ""cik"": ""0000087347"", ""evidence_kind"": ""sec_dei_ticker"", ""filed_date"": ""2010-02-05"", ""sha256"": ""d65ea0ad9b331aab1b56d13cc3c56eca37f088620dce18439e0b53ce7ba4ffa7"", ""source_url"": ""https://www.sec.gov/Archives/edgar/data/87347/000119312510023041/slb-20091231.xml""}, {""accession"": ""0001193125-13-031766"", ""cik"": ""0000087347"", ""evidence_kind"": ""sec_dei_ticker"", ""filed_date"": ""2013-01-31"", ""sha256"": ""ed34193d7f1494a3174cd0f5a07e2c7384ecbcb47fc22e87c3e812a6b78de6e3"", ""source_url"": ""https://www.sec.gov/Archives/edgar/data/87347/000119312513031766/slb-20121231.xml""}, {""accession"": ""0001564590-15-008511"", ""cik"": ""0000087347"", ""evidence_kind"": ""sec_dei_ticker"", ""filed_date"": ""2015-10-21"", ""sha256"": ""9354b6b5b16a94e25ed6e60d95527dd2082559d29caee7a46ca0604139631b61"", ""source_url"": ""https://www.sec.gov/Archives/edgar/data/87347/000156459015008511/slb-20150930.xml""}, {""accession"": ""0001193125-13-169511"", ""cik"": ""0000087347"", ""evidence_kind"": ""sec_bulk_issuer_name_no_ticker"", ""filed_date"": ""2013-04-24"", ""historical_name"": ""SCHLUMBERGER LTD /NV/"", ""sha256"": ""7cc764386ea9cb01d62e1a9f4fac38dc9c741e96886a953ddaad2def4eb489c7"", ""source_url"": ""https://www.sec.gov/files/dera/data/financial-statement-data-sets/2013q2.zip""}, {""accession"": ""0001193125-12-034426"", ""cik"": ""0000087347"", ""evidence_kind"": ""sec_bulk_issuer_name_no_ticker"", ""filed_date"": ""2012-02-01"", ""historical_name"": ""SCHLUMBERGER LTD /NV/"", ""sha256"": ""42ed1a5ecac978d4338bd51cd4bc15bf60cc821291eea492f8172fc4e803d5f6"", ""source_url"": ""https://www.sec.gov/files/dera/data/financial-statement-data-sets/2012q1.zip""}]"
SLG,0001040971,2015-03-23,2016-01-01,corroborated_candidate,3,0,3,2015-05-08,2015-11-09,True,False,[],"[{""accession"": ""0001040971-15-000006"", ""cik"": ""0001040971"", ""evidence_kind"": ""sec_bulk_issuer_name_no_ticker"", ""filed_date"": ""2015-05-08"", ""historical_name"": ""SL GREEN REALTY CORP"", ""sha256"": ""d3cac325930af6ef145d26fb7e035d7933e900ce174a11adaabb33abd87fbfa1"", ""source_url"": ""https://www.sec.gov/files/dera/data/financial-statement-data-sets/2015q2.zip""}, {""accession"": ""0001040971-15-000008"", ""cik"": ""0001040971"", ""evidence_kind"": ""sec_bulk_issuer_name_no_ticker"", ""filed_date"": ""2015-08-07"", ""historical_name"": ""SL GREEN REALTY CORP"", ""sha256"": ""9301fa2e346aa6b3a48a36cafab80d1aab5d7970e60bfd168d53ba852a4deca9"", ""source_url"": ""https://www.sec.gov/files/dera/data/financial-statement-data-sets/2015q3.zip""}, {""accession"": ""0001040971-15-000010"", ""cik"": ""0001040971"", ""evidence_kind"": ""sec_bulk_issuer_name_no_ticker"", ""filed_date"": ""2015-11-09"", ""historical_name"": ""SL GREEN REALTY CORP"", ""sha256"": ""1723b41ef2a1d3ea6595f6052ef229a80e03cd183391ca9e297a894f9e589d83"", ""source_url"": ""https://www.sec.gov/files/dera/data/financial-statement-data-sets/2015q4.zip""}]"
SLM,0001032033,2010-01-01,2014-05-01,corroborated_candidate,17,0,17,2010-02-26,2014-02-19,True,False,[],"[{""accession"": ""0000950123-10-018176"", ""cik"": ""0001032033"", ""evidence_kind"": ""sec_bulk_issuer_name_no_ticker"", ""filed_date"": ""2010-02-26"", ""historical_name"": ""SLM CORP"", ""sha256"": ""2a4db2340ab1662d5135d7e17be1a58352c5959017350f0ef2174135f9996125"", ""source_url"": ""https://www.sec.gov/files/dera/data/financial-statement-data-sets/2010q1.zip""}, {""accession"": ""0001193125-12-212026"", ""cik"": ""0001032033"", ""evidence_kind"": ""sec_bulk_issuer_name_no_ticker"", ""filed_date"": ""2012-05-04"", ""historical_name"": ""SLM CORP"", ""sha256"": ""0dbb10aa316c674f07849a28e67a25a0a59bd6ef2bc214cd1800c8a2d2a05df6"", ""source_url"": ""https://www.sec.gov/files/dera/data/financial-statement-data-sets/2012q2.zip""}, {""accession"": ""0001193125-12-081658"", ""cik"": ""0001032033"", ""evidence_kind"": ""sec_bulk_issuer_name_no_ticker"", ""filed_date"": ""2012-02-27"", ""historical_name"": ""SLM CORP"", ""sha256"": ""42ed1a5ecac978d4338bd51cd4bc15bf60cc821291eea492f8172fc4e803d5f6"", ""source_url"": ""https://www.sec.gov/files/dera/data/financial-statement-data-sets/2012q1.zip""}]"
SNA,0000091440,2010-01-01,2016-01-01,confirmed_by_multiple_evidence,3,3,22,2010-07-28,2015-10-22,True,False,[],"[{""accession"": ""0001193125-10-168916"", ""cik"": ""0000091440"", ""evidence_kind"": ""sec_dei_ticker"", ""filed_date"": ""2010-07-28"", ""sha256"": ""a9329d172e9073169b0a34eae0494ea690d696cc075023719b33d31d2f581bfb"", ""source_url"": ""https://www.sec.gov/Archives/edgar/data/91440/000119312510168916/sna-20100703.xml""}, {""accession"": ""0001193125-13-160206"", ""cik"": ""0000091440"", ""evidence_kind"": ""sec_dei_ticker"", ""filed_date"": ""2013-04-18"", ""sha256"": ""7318b651b88277870027f9d10f63a81c6f9c211820db48d6d2000638c1482025"", ""source_url"": ""https://www.sec.gov/Archives/edgar/data/91440/000119312513160206/sna-20130330.xml""}, {""accession"": ""0001193125-15-350204"", ""cik"": ""0000091440"", ""evidence_kind"": ""sec_dei_ticker"", ""filed_date"": ""2015-10-22"", ""sha256"": ""d45730f7b3a4ce0f950593cba39b83b24903c7001c74f53f892fb7b9fe64af56"", ""source_url"": ""https://www.sec.gov/Archives/edgar/data/91440/000119312515350204/sna-20151003.xml""}, {""accession"": ""0001193125-13-293944"", ""cik"": ""0000091440"", ""evidence_kind"": ""sec_bulk_issuer_name_no_ticker"", ""filed_date"": ""2013-07-18"", ""historical_name"": ""SNAP-ON INC"", ""sha256"": ""c9134387b650a9194f14b3f832f16aa1a72255c20a0e0b954001a643933cc849"", ""source_url"": ""https://www.sec.gov/files/dera/data/financial-statement-data-sets/2013q3.zip""}, {""accession"": ""0001193125-12-064510"", ""cik"": ""0000091440"", ""evidence_kind"": ""sec_bulk_issuer_name_no_ticker"", ""filed_date"": ""2012-02-16"", ""historical_name"": ""SNAP-ON INC"", ""sha256"": ""42ed1a5ecac978d4338bd51cd4bc15bf60cc821291eea492f8172fc4e803d5f6"", ""source_url"": ""https://www.sec.gov/files/dera/data/financial-statement-data-sets/2012q1.zip""}]"
SNDK,0001000180,2010-01-01,2016-01-01,corroborated_candidate,22,0,22,2010-08-12,2015-10-30,True,False,[],"[{""accession"": ""0001000180-10-000094"", ""cik"": ""0001000180"", ""evidence_kind"": ""sec_bulk_issuer_name_no_ticker"", ""filed_date"": ""2010-08-12"", ""historical_name"": ""SANDISK CORP"", ""sha256"": ""52014faf614ca0d7b8040e364f5b3e99f28d5e96b711aa922b490056e2c1d7b5"", ""source_url"": ""https://www.sec.gov/files/dera/data/financial-statement-data-sets/2010q3.zip""}, {""accession"": ""0001000180-13-000050"", ""cik"": ""0001000180"", ""evidence_kind"": ""sec_bulk_issuer_name_no_ticker"", ""filed_date"": ""2013-07-30"", ""historical_name"": ""SANDISK CORP"", ""sha256"": ""c9134387b650a9194f14b3f832f16aa1a72255c20a0e0b954001a643933cc849"", ""source_url"": ""https://www.sec.gov/files/dera/data/financial-statement-data-sets/2013q3.zip""}, {""accession"": ""0001000180-12-000012"", ""cik"": ""0001000180"", ""evidence_kind"": ""sec_bulk_issuer_name_no_ticker"", ""filed_date"": ""2012-02-23"", ""historical_name"": ""SANDISK CORP"", ""sha256"": ""42ed1a5ecac978d4338bd51cd4bc15bf60cc821291eea492f8172fc4e803d5f6"", ""source_url"": ""https://www.sec.gov/files/dera/data/financial-statement-data-sets/2012q1.zip""}]"
SNI,0001430602,2010-01-01,2016-01-01,corroborated_candidate,22,1,22,2010-08-09,2015-11-09,True,False,[],"[{""accession"": ""0001564590-15-010192"", ""cik"": ""0001430602"", ""evidence_kind"": ""sec_dei_ticker"", ""filed_date"": ""2015-11-09"", ""sha256"": ""b91dd693ee811591f77746f1219660a0769cdfad8509f00e9e56a7d970e14d0d"", ""source_url"": ""https://www.sec.gov/Archives/edgar/data/1430602/000156459015010192/sni-20150930.xml""}, {""accession"": ""0001193125-10-183257"", ""cik"": ""0001430602"", ""evidence_kind"": ""sec_bulk_issuer_name_no_ticker"", ""filed_date"": ""2010-08-09"", ""historical_name"": ""SCRIPPS NETWORKS INTERACTIVE, INC."", ""sha256"": ""52014faf614ca0d7b8040e364f5b3e99f28d5e96b711aa922b490056e2c1d7b5"", ""source_url"": ""https://www.sec.gov/files/dera/data/financial-statement-data-sets/2010q3.zip""}, {""accession"": ""0001193125-13-329299"", ""cik"": ""0001430602"", ""evidence_kind"": ""sec_bulk_issuer_name_no_ticker"", ""filed_date"": ""2013-08-09"", ""historical_name"": ""SCRIPPS NETWORKS INTERACTIVE, INC."", ""sha256"": ""c9134387b650a9194f14b3f832f16aa1a72255c20a0e0b954001a643933cc849"", ""source_url"": ""https://www.sec.gov/files/dera/data/financial-statement-data-sets/2013q3.zip""}, {""accession"": ""0001193125-12-089451"", ""cik"": ""0001430602"", ""evidence_kind"": ""sec_bulk_issuer_name_no_ticker"", ""filed_date"": ""2012-02-29"", ""historical_name"": ""SCRIPPS NETWORKS INTERACTIVE, INC."", ""sha256"": ""42ed1a5ecac978d4338bd51cd4bc15bf60cc821291eea492f8172fc4e803d5f6"", ""source_url"": ""https://www.sec.gov/files/dera/data/financial-statement-data-sets/2012q1.zip""}]"
SO,0000092122,2010-01-01,2016-01-01,corroborated_candidate,24,0,24,2010-02-25,2015-11-05,True,False,[],"[{""accession"": ""0000092122-10-000009"", ""cik"": ""0000092122"", ""evidence_kind"": ""sec_bulk_issuer_name_no_ticker"", ""filed_date"": ""2010-02-25"", ""historical_name"": ""SOUTHERN CO"", ""sha256"": ""2a4db2340ab1662d5135d7e17be1a58352c5959017350f0ef2174135f9996125"", ""source_url"": ""https://www.sec.gov/files/dera/data/financial-statement-data-sets/2010q1.zip""}, {""accession"": ""0000092122-13-000031"", ""cik"": ""0000092122"", ""evidence_kind"": ""sec_bulk_issuer_name_no_ticker"", ""filed_date"": ""2013-05-10"", ""historical_name"": ""SOUTHERN CO"", ""sha256"": ""7cc764386ea9cb01d62e1a9f4fac38dc9c741e96886a953ddaad2def4eb489c7"", ""source_url"": ""https://www.sec.gov/files/dera/data/financial-statement-data-sets/2013q2.zip""}, {""accession"": ""0000092122-12-000016"", ""cik"": ""0000092122"", ""evidence_kind"": ""sec_bulk_issuer_name_no_ticker"", ""filed_date"": ""2012-02-24"", ""historical_name"": ""SOUTHERN CO"", ""sha256"": ""42ed1a5ecac978d4338bd51cd4bc15bf60cc821291eea492f8172fc4e803d5f6"", ""source_url"": ""https://www.sec.gov/files/dera/data/financial-statement-data-sets/2012q1.zip""}]"
SPG,0001063761,2010-01-01,2016-01-01,corroborated_candidate,24,0,24,2010-02-25,2015-11-04,True,False,[],"[{""accession"": ""0001047469-10-001324"", ""cik"": ""0001063761"", ""evidence_kind"": ""sec_bulk_issuer_name_no_ticker"", ""filed_date"": ""2010-02-25"", ""historical_name"": ""SIMON PROPERTY GROUP INC /DE/"", ""sha256"": ""2a4db2340ab1662d5135d7e17be1a58352c5959017350f0ef2174135f9996125"", ""source_url"": ""https://www.sec.gov/files/dera/data/financial-statement-data-sets/2010q1.zip""}, {""accession"": ""0001047469-13-005687"", ""cik"": ""0001063761"", ""evidence_kind"": ""sec_bulk_issuer_name_no_ticker"", ""filed_date"": ""2013-05-08"", ""historical_name"": ""SIMON PROPERTY GROUP INC /DE/"", ""sha256"": ""7cc764386ea9cb01d62e1a9f4fac38dc9c741e96886a953ddaad2def4eb489c7"", ""source_url"": ""https://www.sec.gov/files/dera/data/financial-statement-data-sets/2013q2.zip""}, {""accession"": ""0001047469-12-001667"", ""cik"": ""0001063761"", ""evidence_kind"": ""sec_bulk_issuer_name_no_ticker"", ""filed_date"": ""2012-02-28"", ""historical_name"": ""SIMON PROPERTY GROUP INC /DE/"", ""sha256"": ""42ed1a5ecac978d4338bd51cd4bc15bf60cc821291eea492f8172fc4e803d5f6"", ""source_url"": ""https://www.sec.gov/files/dera/data/financial-statement-data-sets/2012q1.zip""}]"
SPGI,0000064040,2010-01-01,2016-01-01,corroborated_candidate,24,0,24,2010-02-24,2015-11-04,False,True,[],"[{""accession"": ""0000950123-10-016328"", ""cik"": ""0000064040"", ""evidence_kind"": ""sec_bulk_issuer_name_no_ticker"", ""filed_date"": ""2010-02-24"", ""historical_name"": ""MCGRAW-HILL COMPANIES INC"", ""sha256"": ""2a4db2340ab1662d5135d7e17be1a58352c5959017350f0ef2174135f9996125"", ""source_url"": ""https://www.sec.gov/files/dera/data/financial-statement-data-sets/2010q1.zip""}, {""accession"": ""0001445305-13-000976"", ""cik"": ""0000064040"", ""evidence_kind"": ""sec_bulk_issuer_name_no_ticker"", ""filed_date"": ""2013-04-30"", ""historical_name"": ""MCGRAW-HILL COMPANIES INC"", ""sha256"": ""7cc764386ea9cb01d62e1a9f4fac38dc9c741e96886a953ddaad2def4eb489c7"", ""source_url"": ""https://www.sec.gov/files/dera/data/financial-statement-data-sets/2013q2.zip""}, {""accession"": ""0001193125-12-043165"", ""cik"": ""0000064040"", ""evidence_kind"": ""sec_bulk_issuer_name_no_ticker"", ""filed_date"": ""2012-02-07"", ""historical_name"": ""MCGRAW-HILL COMPANIES INC"", ""sha256"": ""42ed1a5ecac978d4338bd51cd4bc15bf60cc821291eea492f8172fc4e803d5f6"", ""source_url"": ""https://www.sec.gov/files/dera/data/financial-statement-data-sets/2012q1.zip""}, {""evidence_kind"": ""sec_official_name_chain_no_ticker"", ""sha256"": ""4ce44eb546467c2538e8ed4965e60b95cc4112c94c775d9c20b46ff431c710f1"", ""source_url"": ""https://data.sec.gov/submissions/CIK0000064040.json""}]"
SPLS,0000791519,2010-01-01,2016-01-01,corroborated_candidate,24,0,24,2010-03-02,2015-11-18,True,False,[],"[{""accession"": ""0001047469-10-001695"", ""cik"": ""0000791519"", ""evidence_kind"": ""sec_bulk_issuer_name_no_ticker"", ""filed_date"": ""2010-03-02"", ""historical_name"": ""STAPLES INC"", ""sha256"": ""2a4db2340ab1662d5135d7e17be1a58352c5959017350f0ef2174135f9996125"", ""source_url"": ""https://www.sec.gov/files/dera/data/financial-statement-data-sets/2010q1.zip""}, {""accession"": ""0000791519-13-000054"", ""cik"": ""0000791519"", ""evidence_kind"": ""sec_bulk_issuer_name_no_ticker"", ""filed_date"": ""2013-05-22"", ""historical_name"": ""STAPLES INC"", ""sha256"": ""7cc764386ea9cb01d62e1a9f4fac38dc9c741e96886a953ddaad2def4eb489c7"", ""source_url"": ""https://www.sec.gov/files/dera/data/financial-statement-data-sets/2013q2.zip""}, {""accession"": ""0000791519-12-000003"", ""cik"": ""0000791519"", ""evidence_kind"": ""sec_bulk_issuer_name_no_ticker"", ""filed_date"": ""2012-02-29"", ""historical_name"": ""STAPLES INC"", ""sha256"": ""42ed1a5ecac978d4338bd51cd4bc15bf60cc821291eea492f8172fc4e803d5f6"", ""source_url"": ""https://www.sec.gov/files/dera/data/financial-statement-data-sets/2012q1.zip""}]"
SRCL,0000861878,2010-01-01,2016-01-01,confirmed_by_multiple_evidence,2,2,22,2010-08-09,2015-11-09,True,False,[],"[{""accession"": ""0000861878-13-000011"", ""cik"": ""0000861878"", ""evidence_kind"": ""sec_dei_ticker"", ""filed_date"": ""2013-05-09"", ""sha256"": ""5a3258cabc615e77a5ca7c9b0a231da0a1aa26a80cc8c835a48231c0b04df3d4"", ""source_url"": ""https://www.sec.gov/Archives/edgar/data/861878/000086187813000011/srcl-20130331.xml""}, {""accession"": ""0000861878-15-000049"", ""cik"": ""0000861878"", ""evidence_kind"": ""sec_dei_ticker"", ""filed_date"": ""2015-11-09"", ""sha256"": ""7270e8dfe939219939aebf2d2bbccdffe870cc7ae76a2d28766d162fe3aee55a"", ""source_url"": ""https://www.sec.gov/Archives/edgar/data/861878/000086187815000049/srcl-20150930.xml""}, {""accession"": ""0001193125-10-182805"", ""cik"": ""0000861878"", ""evidence_kind"": ""sec_bulk_issuer_name_no_ticker"", ""filed_date"": ""2010-08-09"", ""historical_name"": ""STERICYCLE INC"", ""sha256"": ""52014faf614ca0d7b8040e364f5b3e99f28d5e96b711aa922b490056e2c1d7b5"", ""source_url"": ""https://www.sec.gov/files/dera/data/financial-statement-data-sets/2010q3.zip""}, {""accession"": ""0000861878-13-000018"", ""cik"": ""0000861878"", ""evidence_kind"": ""sec_bulk_issuer_name_no_ticker"", ""filed_date"": ""2013-08-08"", ""historical_name"": ""STERICYCLE INC"", ""sha256"": ""c9134387b650a9194f14b3f832f16aa1a72255c20a0e0b954001a643933cc849"", ""source_url"": ""https://www.sec.gov/files/dera/data/financial-statement-data-sets/2013q3.zip""}, {""accession"": ""0001193125-12-085222"", ""cik"": ""0000861878"", ""evidence_kind"": ""sec_bulk_issuer_name_no_ticker"", ""filed_date"": ""2012-02-28"", ""historical_name"": ""STERICYCLE INC"", ""sha256"": ""42ed1a5ecac978d4338bd51cd4bc15bf60cc821291eea492f8172fc4e803d5f6"", ""source_url"": ""https://www.sec.gov/files/dera/data/financial-statement-data-sets/2012q1.zip""}]"
STI,0000750556,2010-01-01,2016-01-01,confirmed_by_multiple_evidence,7,7,24,2010-02-23,2015-11-06,True,False,[],"[{""accession"": ""0001193125-10-037170"", ""cik"": ""0000750556"", ""evidence_kind"": ""sec_dei_ticker"", ""filed_date"": ""2010-02-23"", ""sha256"": ""07f88dfc862bce409af5c4cbe7577cd2fc3dbab9f3958e0ab16e39c6a25ee5a7"", ""source_url"": ""https://www.sec.gov/Archives/edgar/data/750556/000119312510037170/sti-20091231.xml""}, {""accession"": ""0001193125-10-107560"", ""cik"": ""0000750556"", ""evidence_kind"": ""sec_dei_ticker"", ""filed_date"": ""2010-05-05"", ""sha256"": ""b54d33a9151ddcd1a2819f7d7bc293e490e478c42b6b07958b1a8978ec4025d6"", ""source_url"": ""https://www.sec.gov/Archives/edgar/data/750556/000119312510107560/sti-20100331.xml""}, {""accession"": ""0001193125-10-181040"", ""cik"": ""0000750556"", ""evidence_kind"": ""sec_dei_ticker"", ""filed_date"": ""2010-08-06"", ""sha256"": ""ed4bb7bcd43eddc41aab9c02f8fc5f79c0ac6b3e94b8ee4fc4c34d39f653c810"", ""source_url"": ""https://www.sec.gov/Archives/edgar/data/750556/000119312510181040/sti-20100630.xml""}, {""accession"": ""0001193125-10-250319"", ""cik"": ""0000750556"", ""evidence_kind"": ""sec_dei_ticker"", ""filed_date"": ""2010-11-05"", ""sha256"": ""ab0f2386c6ca2a035600af572e190247271ab9dcc4a5f29845c6829569979759"", ""source_url"": ""https://www.sec.gov/Archives/edgar/data/750556/000119312510250319/sti-20100930.xml""}, {""accession"": ""0001193125-11-046750"", ""cik"": ""0000750556"", ""evidence_kind"": ""sec_dei_ticker"", ""filed_date"": ""2011-02-25"", ""sha256"": ""4bfdfd753072163154e8c1ac5684e67f27e2353aae7c070bd436006c19264a3a"", ""source_url"": ""https://www.sec.gov/Archives/edgar/data/750556/000119312511046750/sti-20101231.xml""}, {""accession"": ""0001193125-11-129710"", ""cik"": ""0000750556"", ""evidence_kind"": ""sec_dei_ticker"", ""filed_date"": ""2011-05-06"", ""sha256"": ""3a9181cb9d7870dbc040d1c1fe30bde7533dc64f62cf066ff19c996df8204574"", ""source_url"": ""https://www.sec.gov/Archives/edgar/data/750556/000119312511129710/sti-20110331.xml""}, {""accession"": ""0001193125-11-216131"", ""cik"": ""0000750556"", ""evidence_kind"": ""sec_dei_ticker"", ""filed_date"": ""2011-08-09"", ""sha256"": ""78313b5e82999ff475ff495c585112a1ec95ec9036e0f704095539b9b0bca826"", ""source_url"": ""https://www.sec.gov/Archives/edgar/data/750556/000119312511216131/sti-20110630.xml""}, {""accession"": ""0000750556-13-000114"", ""cik"": ""0000750556"", ""evidence_kind"": ""sec_bulk_issuer_name_no_ticker"", ""filed_date"": ""2013-05-07"", ""historical_name"": ""SUNTRUST BANKS INC"", ""sha256"": ""7cc764386ea9cb01d62e1a9f4fac38dc9c741e96886a953ddaad2def4eb489c7"", ""source_url"": ""https://www.sec.gov/files/dera/data/financial-statement-data-sets/2013q2.zip""}, {""accession"": ""0000750556-12-000053"", ""cik"": ""0000750556"", ""evidence_kind"": ""sec_bulk_issuer_name_no_ticker"", ""filed_date"": ""2012-02-24"", ""historical_name"": ""SUNTRUST BANKS INC"", ""sha256"": ""42ed1a5ecac978d4338bd51cd4bc15bf60cc821291eea492f8172fc4e803d5f6"", ""source_url"": ""https://www.sec.gov/files/dera/data/financial-statement-data-sets/2012q1.zip""}]"
STJ,0000203077,2010-01-01,2016-01-01,corroborated_candidate,24,0,24,2010-03-02,2015-11-10,True,False,[],"[{""accession"": ""0000897101-10-000409"", ""cik"": ""0000203077"", ""evidence_kind"": ""sec_bulk_issuer_name_no_ticker"", ""filed_date"": ""2010-03-02"", ""historical_name"": ""ST JUDE MEDICAL INC"", ""sha256"": ""2a4db2340ab1662d5135d7e17be1a58352c5959017350f0ef2174135f9996125"", ""source_url"": ""https://www.sec.gov/files/dera/data/financial-statement-data-sets/2010q1.zip""}, {""accession"": ""0000203077-13-000006"", ""cik"": ""0000203077"", ""evidence_kind"": ""sec_bulk_issuer_name_no_ticker"", ""filed_date"": ""2013-05-07"", ""historical_name"": ""ST JUDE MEDICAL INC"", ""sha256"": ""7cc764386ea9cb01d62e1a9f4fac38dc9c741e96886a953ddaad2def4eb489c7"", ""source_url"": ""https://www.sec.gov/files/dera/data/financial-statement-data-sets/2013q2.zip""}, {""accession"": ""0000897101-12-000354"", ""cik"": ""0000203077"", ""evidence_kind"": ""sec_bulk_issuer_name_no_ticker"", ""filed_date"": ""2012-02-29"", ""historical_name"": ""ST JUDE MEDICAL INC"", ""sha256"": ""42ed1a5ecac978d4338bd51cd4bc15bf60cc821291eea492f8172fc4e803d5f6"", ""source_url"": ""https://www.sec.gov/files/dera/data/financial-statement-data-sets/2012q1.zip""}]"
STR,0000751652,2010-01-01,2010-06-30,corroborated_candidate,2,0,2,2010-03-01,2010-05-05,True,False,[],"[{""accession"": ""0000751652-10-000006"", ""cik"": ""0000751652"", ""evidence_kind"": ""sec_bulk_issuer_name_no_ticker"", ""filed_date"": ""2010-03-01"", ""historical_name"": ""QUESTAR CORP"", ""sha256"": ""2a4db2340ab1662d5135d7e17be1a58352c5959017350f0ef2174135f9996125"", ""source_url"": ""https://www.sec.gov/files/dera/data/financial-statement-data-sets/2010q1.zip""}, {""accession"": ""0000751652-10-000023"", ""cik"": ""0000751652"", ""evidence_kind"": ""sec_bulk_issuer_name_no_ticker"", ""filed_date"": ""2010-05-05"", ""historical_name"": ""QUESTAR CORP"", ""sha256"": ""25f416b020fd3e62a67dbf8c6522c9f239e716099b61cf5d05a59a91ffdef1f1"", ""source_url"": ""https://www.sec.gov/files/dera/data/financial-statement-data-sets/2010q2.zip""}]"
STT,0000093751,2010-01-01,2016-01-01,corroborated_candidate,24,1,24,2010-02-22,2015-11-06,True,False,[],"[{""accession"": ""0001193125-10-036481"", ""cik"": ""0000093751"", ""evidence_kind"": ""sec_dei_ticker"", ""filed_date"": ""2010-02-22"", ""sha256"": ""5b7a7b9f6c861f44b4c486cef6c07d6be8bc8db841cac882cd18f677fdcbe24b"", ""source_url"": ""https://www.sec.gov/Archives/edgar/data/93751/000119312510036481/stt-20091231.xml""}, {""accession"": ""0000093751-13-000084"", ""cik"": ""0000093751"", ""evidence_kind"": ""sec_bulk_issuer_name_no_ticker"", ""filed_date"": ""2013-05-03"", ""historical_name"": ""STATE STREET CORP"", ""sha256"": ""7cc764386ea9cb01d62e1a9f4fac38dc9c741e96886a953ddaad2def4eb489c7"", ""source_url"": ""https://www.sec.gov/files/dera/data/financial-statement-data-sets/2013q2.zip""}, {""accession"": ""0001193125-12-079737"", ""cik"": ""0000093751"", ""evidence_kind"": ""sec_bulk_issuer_name_no_ticker"", ""filed_date"": ""2012-02-27"", ""historical_name"": ""STATE STREET CORP"", ""sha256"": ""42ed1a5ecac978d4338bd51cd4bc15bf60cc821291eea492f8172fc4e803d5f6"", ""source_url"": ""https://www.sec.gov/files/dera/data/financial-statement-data-sets/2012q1.zip""}]"
STX,0001137789,2012-07-02,2016-01-01,corroborated_candidate,14,0,14,2012-08-09,2015-10-30,True,False,[],"[{""accession"": ""0001047469-12-007998"", ""cik"": ""0001137789"", ""evidence_kind"": ""sec_bulk_issuer_name_no_ticker"", ""filed_date"": ""2012-08-09"", ""historical_name"": ""SEAGATE TECHNOLOGY PLC"", ""sha256"": ""a5b705fab7948837fc890d820c2b809d4afdb0ff1836129ad5a16127275f0ebf"", ""source_url"": ""https://www.sec.gov/files/dera/data/financial-statement-data-sets/2012q3.zip""}, {""accession"": ""0001104659-14-032674"", ""cik"": ""0001137789"", ""evidence_kind"": ""sec_bulk_issuer_name_no_ticker"", ""filed_date"": ""2014-04-30"", ""historical_name"": ""SEAGATE TECHNOLOGY PLC"", ""sha256"": ""ab03600231a08369a980a31dde8bb78b6cd49f56d39ab7b90ca5bc0cfd52aa7f"", ""source_url"": ""https://www.sec.gov/files/dera/data/financial-statement-data-sets/2014q2.zip""}, {""accession"": ""0001104659-15-074539"", ""cik"": ""0001137789"", ""evidence_kind"": ""sec_bulk_issuer_name_no_ticker"", ""filed_date"": ""2015-10-30"", ""historical_name"": ""SEAGATE TECHNOLOGY PLC"", ""sha256"": ""1723b41ef2a1d3ea6595f6052ef229a80e03cd183391ca9e297a894f9e589d83"", ""source_url"": ""https://www.sec.gov/files/dera/data/financial-statement-data-sets/2015q4.zip""}]"
STZ,0000016918,2010-01-01,2016-01-01,corroborated_candidate,21,0,21,2010-10-12,2015-10-07,True,False,[],"[{""accession"": ""0000950123-10-092653"", ""cik"": ""0000016918"", ""evidence_kind"": ""sec_bulk_issuer_name_no_ticker"", ""filed_date"": ""2010-10-12"", ""historical_name"": ""CONSTELLATION BRANDS, INC."", ""sha256"": ""3dc43a8559cba9e1a9bb5a283a99e1fdfd2b0eaa7a9460887d5b4c70d69cef63"", ""source_url"": ""https://www.sec.gov/files/dera/data/financial-statement-data-sets/2010q4.zip""}, {""accession"": ""0000016918-13-000010"", ""cik"": ""0000016918"", ""evidence_kind"": ""sec_bulk_issuer_name_no_ticker"", ""filed_date"": ""2013-07-10"", ""historical_name"": ""CONSTELLATION BRANDS, INC."", ""sha256"": ""c9134387b650a9194f14b3f832f16aa1a72255c20a0e0b954001a643933cc849"", ""source_url"": ""https://www.sec.gov/files/dera/data/financial-statement-data-sets/2013q3.zip""}, {""accession"": ""0001193125-12-006519"", ""cik"": ""0000016918"", ""evidence_kind"": ""sec_bulk_issuer_name_no_ticker"", ""filed_date"": ""2012-01-09"", ""historical_name"": ""CONSTELLATION BRANDS, INC."", ""sha256"": ""42ed1a5ecac978d4338bd51cd4bc15bf60cc821291eea492f8172fc4e803d5f6"", ""source_url"": ""https://www.sec.gov/files/dera/data/financial-statement-data-sets/2012q1.zip""}]"
SUN,0000095304,2010-01-01,2012-10-05,confirmed_by_multiple_evidence,9,9,8,2010-08-05,2012-08-02,True,False,[],"[{""accession"": ""0001193125-10-179315"", ""cik"": ""0000095304"", ""evidence_kind"": ""sec_dei_ticker"", ""filed_date"": ""2010-08-05"", ""sha256"": ""ca3d1a62fa66a9c468e0ba99a2b917f039925e4ff6b61e7b2f6ebf6b4b56bb60"", ""source_url"": ""https://www.sec.gov/Archives/edgar/data/95304/000119312510179315/sun-20100630.xml""}, {""accession"": ""0001193125-10-248118"", ""cik"": ""0000095304"", ""evidence_kind"": ""sec_dei_ticker"", ""filed_date"": ""2010-11-04"", ""sha256"": ""4c72c49f45ace1daa88fcec4bdb0a3c31f9734aa7899e1068d16e86deecc1d96"", ""source_url"": ""https://www.sec.gov/Archives/edgar/data/95304/000119312510248118/sun-20100930.xml""}, {""accession"": ""0001193125-11-050224"", ""cik"": ""0000095304"", ""evidence_kind"": ""sec_dei_ticker"", ""filed_date"": ""2011-02-28"", ""sha256"": ""7917c00dfd8d3a02534b49fe82906973320a5920ac0d20494baa307e3a315da5"", ""source_url"": ""https://www.sec.gov/Archives/edgar/data/95304/000119312511050224/sun-20101231.xml""}, {""accession"": ""0001193125-11-128781"", ""cik"": ""0000095304"", ""evidence_kind"": ""sec_dei_ticker"", ""filed_date"": ""2011-05-05"", ""sha256"": ""6c3317d8eb52d1ad2dd5d1ee1e8eabfba6648502c3619079cc0c7122ed1dc484"", ""source_url"": ""https://www.sec.gov/Archives/edgar/data/95304/000119312511128781/sun-20110331.xml""}, {""accession"": ""0001193125-11-217562"", ""cik"": ""0000095304"", ""evidence_kind"": ""sec_dei_ticker"", ""filed_date"": ""2011-08-10"", ""sha256"": ""743aeaf91c9496de9b14f8ce8cb17dba9fbc3ee3dcf9ab1db5a4ab378bd6ff3f"", ""source_url"": ""https://www.sec.gov/Archives/edgar/data/95304/000119312511217562/sun-20110630.xml""}, {""accession"": ""0001193125-11-295379"", ""cik"": ""0000095304"", ""evidence_kind"": ""sec_dei_ticker"", ""filed_date"": ""2011-11-03"", ""sha256"": ""cb04e110496dcd2bd109a83316cbff0dd8e7f463ec2c5a7a1ee38f7b5041b6a5"", ""source_url"": ""https://www.sec.gov/Archives/edgar/data/95304/000119312511295379/sun-20110930.xml""}, {""accession"": ""0001193125-12-085407"", ""cik"": ""0000095304"", ""evidence_kind"": ""sec_dei_ticker"", ""filed_date"": ""2012-02-28"", ""sha256"": ""b12129175282c6869d5871f82fc1a24846ec0a0fde7cb495d00055994b73495b"", ""source_url"": ""https://www.sec.gov/Archives/edgar/data/95304/000119312512085407/sun-20111231.xml""}, {""accession"": ""0001193125-12-217995"", ""cik"": ""0000095304"", ""evidence_kind"": ""sec_dei_ticker"", ""filed_date"": ""2012-05-08"", ""sha256"": ""0179ac203377e38ef18e2c89aeb5ff583561bad62272cec96380ef1d364caa47"", ""source_url"": ""https://www.sec.gov/Archives/edgar/data/95304/000119312512217995/sun-20120331.xml""}, {""accession"": ""0001193125-12-332203"", ""cik"": ""0000095304"", ""evidence_kind"": ""sec_dei_ticker"", ""filed_date"": ""2012-08-02"", ""sha256"": ""5a4370fd735f42f0477597107936fc0a32f03d40728df89bde7d5fc7ec8c946b"", ""source_url"": ""https://www.sec.gov/Archives/edgar/data/95304/000119312512332203/sun-20120630.xml""}]"
SVU,0000095521,2010-01-01,2012-04-23,corroborated_candidate,10,0,10,2010-01-14,2012-04-19,True,False,[],"[{""accession"": ""0000950123-10-002359"", ""cik"": ""0000095521"", ""evidence_kind"": ""sec_bulk_issuer_name_no_ticker"", ""filed_date"": ""2010-01-14"", ""historical_name"": ""SUPERVALU INC"", ""sha256"": ""2a4db2340ab1662d5135d7e17be1a58352c5959017350f0ef2174135f9996125"", ""source_url"": ""https://www.sec.gov/files/dera/data/financial-statement-data-sets/2010q1.zip""}, {""accession"": ""0000950123-11-037681"", ""cik"": ""0000095521"", ""evidence_kind"": ""sec_bulk_issuer_name_no_ticker"", ""filed_date"": ""2011-04-21"", ""historical_name"": ""SUPERVALU INC"", ""sha256"": ""10a6f98f14d2a341e938a379ea32beb4857b01d59facf04e6e7b3c68558a95d1"", ""source_url"": ""https://www.sec.gov/files/dera/data/financial-statement-data-sets/2011q2.zip""}, {""accession"": ""0001193125-12-009623"", ""cik"": ""0000095521"", ""evidence_kind"": ""sec_bulk_issuer_name_no_ticker"", ""filed_date"": ""2012-01-12"", ""historical_name"": ""SUPERVALU INC"", ""sha256"": ""42ed1a5ecac978d4338bd51cd4bc15bf60cc821291eea492f8172fc4e803d5f6"", ""source_url"": ""https://www.sec.gov/files/dera/data/financial-statement-data-sets/2012q1.zip""}]"
SWK,0000093556,2010-01-01,2016-01-01,confirmed_by_multiple_evidence,2,2,22,2010-07-30,2015-10-27,True,True,[],"[{""accession"": ""0000093556-13-000009"", ""cik"": ""0000093556"", ""evidence_kind"": ""sec_dei_ticker"", ""filed_date"": ""2013-04-26"", ""sha256"": ""90ca952adb418e50c1788f42ef9a3d66b36b63f6e008889adea01238c8aebaca"", ""source_url"": ""https://www.sec.gov/Archives/edgar/data/93556/000009355613000009/swk-20130330.xml""}, {""accession"": ""0000093556-15-000041"", ""cik"": ""0000093556"", ""evidence_kind"": ""sec_dei_ticker"", ""filed_date"": ""2015-10-27"", ""sha256"": ""bf5067c4f17b3e9083c0ba41acc90e4dbfc43d807b39d8b10cd71bb2080a65aa"", ""source_url"": ""https://www.sec.gov/Archives/edgar/data/93556/000009355615000041/swk-20151003.xml""}, {""accession"": ""0000950123-10-070583"", ""cik"": ""0000093556"", ""evidence_kind"": ""sec_bulk_issuer_name_no_ticker"", ""filed_date"": ""2010-07-30"", ""historical_name"": ""STANLEY BLACK & DECKER, INC."", ""sha256"": ""52014faf614ca0d7b8040e364f5b3e99f28d5e96b711aa922b490056e2c1d7b5"", ""source_url"": ""https://www.sec.gov/files/dera/data/financial-statement-data-sets/2010q3.zip""}, {""accession"": ""0000093556-13-000015"", ""cik"": ""0000093556"", ""evidence_kind"": ""sec_bulk_issuer_name_no_ticker"", ""filed_date"": ""2013-07-31"", ""historical_name"": ""STANLEY BLACK & DECKER, INC."", ""sha256"": ""c9134387b650a9194f14b3f832f16aa1a72255c20a0e0b954001a643933cc849"", ""source_url"": ""https://www.sec.gov/files/dera/data/financial-statement-data-sets/2013q3.zip""}, {""accession"": ""0001193125-12-075395"", ""cik"": ""0000093556"", ""evidence_kind"": ""sec_bulk_issuer_name_no_ticker"", ""filed_date"": ""2012-02-23"", ""historical_name"": ""STANLEY BLACK & DECKER, INC."", ""sha256"": ""42ed1a5ecac978d4338bd51cd4bc15bf60cc821291eea492f8172fc4e803d5f6"", ""source_url"": ""https://www.sec.gov/files/dera/data/financial-statement-data-sets/2012q1.zip""}, {""evidence_kind"": ""sec_official_name_chain_no_ticker"", ""sha256"": ""247024348a4cb0a31fe2e973b550dcbce9339496cf78f7f08785675b991005bc"", ""source_url"": ""https://data.sec.gov/submissions/CIK0000093556.json""}]"
SWKS,0000004127,2015-03-12,2016-01-01,corroborated_candidate,3,0,3,2015-05-06,2015-11-24,True,False,[],"[{""accession"": ""0000004127-15-000012"", ""cik"": ""0000004127"", ""evidence_kind"": ""sec_bulk_issuer_name_no_ticker"", ""filed_date"": ""2015-05-06"", ""historical_name"": ""SKYWORKS SOLUTIONS INC"", ""sha256"": ""d3cac325930af6ef145d26fb7e035d7933e900ce174a11adaabb33abd87fbfa1"", ""source_url"": ""https://www.sec.gov/files/dera/data/financial-statement-data-sets/2015q2.zip""}, {""accession"": ""0000004127-15-000027"", ""cik"": ""0000004127"", ""evidence_kind"": ""sec_bulk_issuer_name_no_ticker"", ""filed_date"": ""2015-08-05"", ""historical_name"": ""SKYWORKS SOLUTIONS INC"", ""sha256"": ""9301fa2e346aa6b3a48a36cafab80d1aab5d7970e60bfd168d53ba852a4deca9"", ""source_url"": ""https://www.sec.gov/files/dera/data/financial-statement-data-sets/2015q3.zip""}, {""accession"": ""0000004127-15-000037"", ""cik"": ""0000004127"", ""evidence_kind"": ""sec_bulk_issuer_name_no_ticker"", ""filed_date"": ""2015-11-24"", ""historical_name"": ""SKYWORKS SOLUTIONS INC"", ""sha256"": ""1723b41ef2a1d3ea6595f6052ef229a80e03cd183391ca9e297a894f9e589d83"", ""source_url"": ""https://www.sec.gov/files/dera/data/financial-statement-data-sets/2015q4.zip""}]"
SWN,0000007332,2010-01-01,2016-01-01,confirmed_by_multiple_evidence,2,2,22,2010-02-25,2015-10-22,True,False,[],"[{""accession"": ""0000007332-13-000017"", ""cik"": ""0000007332"", ""evidence_kind"": ""sec_dei_ticker"", ""filed_date"": ""2013-05-02"", ""sha256"": ""616a83cd354db8f68c38ced3dfbb646d33fa231703872a3d20ff9667b4de18bd"", ""source_url"": ""https://www.sec.gov/Archives/edgar/data/7332/000000733213000017/swn-20130331.xml""}, {""accession"": ""0000007332-15-000028"", ""cik"": ""0000007332"", ""evidence_kind"": ""sec_dei_ticker"", ""filed_date"": ""2015-10-22"", ""sha256"": ""a859dfb01e4c64e7c32d8b2c612b4cc98fe8f286bf5536b0cf406baf55a3ac27"", ""source_url"": ""https://www.sec.gov/Archives/edgar/data/7332/000000733215000028/swn-20150930.xml""}, {""accession"": ""0000007332-10-000005"", ""cik"": ""0000007332"", ""evidence_kind"": ""sec_bulk_issuer_name_no_ticker"", ""filed_date"": ""2010-02-25"", ""historical_name"": ""SOUTHWESTERN ENERGY CO"", ""sha256"": ""2a4db2340ab1662d5135d7e17be1a58352c5959017350f0ef2174135f9996125"", ""source_url"": ""https://www.sec.gov/files/dera/data/financial-statement-data-sets/2010q1.zip""}, {""accession"": ""0000007332-13-000030"", ""cik"": ""0000007332"", ""evidence_kind"": ""sec_bulk_issuer_name_no_ticker"", ""filed_date"": ""2013-08-01"", ""historical_name"": ""SOUTHWESTERN ENERGY CO"", ""sha256"": ""c9134387b650a9194f14b3f832f16aa1a72255c20a0e0b954001a643933cc849"", ""source_url"": ""https://www.sec.gov/files/dera/data/financial-statement-data-sets/2013q3.zip""}, {""accession"": ""0000007332-12-000003"", ""cik"": ""0000007332"", ""evidence_kind"": ""sec_bulk_issuer_name_no_ticker"", ""filed_date"": ""2012-02-28"", ""historical_name"": ""SOUTHWESTERN ENERGY CO"", ""sha256"": ""42ed1a5ecac978d4338bd51cd4bc15bf60cc821291eea492f8172fc4e803d5f6"", ""source_url"": ""https://www.sec.gov/files/dera/data/financial-statement-data-sets/2012q1.zip""}]"
SWY,0000086144,2010-01-01,2015-01-27,corroborated_candidate,19,1,19,2010-03-02,2014-10-15,True,False,[],"[{""accession"": ""0001193125-10-045994"", ""cik"": ""0000086144"", ""evidence_kind"": ""sec_dei_ticker"", ""filed_date"": ""2010-03-02"", ""sha256"": ""3a7a80a16fd64891b0e54dc0f94ecb553a4a9ae7575f93952c62a42cb07cfbce"", ""source_url"": ""https://www.sec.gov/Archives/edgar/data/86144/000119312510045994/swy-20100102.xml""}, {""accession"": ""0000086144-12-000076"", ""cik"": ""0000086144"", ""evidence_kind"": ""sec_bulk_issuer_name_no_ticker"", ""filed_date"": ""2012-10-16"", ""historical_name"": ""SAFEWAY INC"", ""sha256"": ""af6629de7547f5d75c85abf170550b9466768071fcd419d5fdf1a1d026436e98"", ""source_url"": ""https://www.sec.gov/files/dera/data/financial-statement-data-sets/2012q4.zip""}, {""accession"": ""0000086144-12-000006"", ""cik"": ""0000086144"", ""evidence_kind"": ""sec_bulk_issuer_name_no_ticker"", ""filed_date"": ""2012-02-27"", ""historical_name"": ""SAFEWAY INC"", ""sha256"": ""42ed1a5ecac978d4338bd51cd4bc15bf60cc821291eea492f8172fc4e803d5f6"", ""source_url"": ""https://www.sec.gov/files/dera/data/financial-statement-data-sets/2012q1.zip""}]"
SYF,0001601712,2015-11-18,2016-01-01,unresolved,0,0,0,,,False,False,[],[]
SYK,0000310764,2010-01-01,2016-01-01,confirmed_by_multiple_evidence,3,3,24,2010-02-26,2015-10-23,True,False,[],"[{""accession"": ""0000310764-13-000054"", ""cik"": ""0000310764"", ""evidence_kind"": ""sec_dei_ticker"", ""filed_date"": ""2013-02-27"", ""sha256"": ""4ac1b604319387c828d38d404fd58618cb393847fdcc0022612322186cedaf2d"", ""source_url"": ""https://www.sec.gov/Archives/edgar/data/310764/000031076413000054/syk-20121231.xml""}, {""accession"": ""0000310764-15-000153"", ""cik"": ""0000310764"", ""evidence_kind"": ""sec_dei_ticker"", ""filed_date"": ""2015-10-23"", ""sha256"": ""c93f7b1e44efa575f609dab2f0c12cb91ed8e1ef2a7e091cf3687d96dadcac01"", ""source_url"": ""https://www.sec.gov/Archives/edgar/data/310764/000031076415000153/syk-20150930.xml""}, {""accession"": ""0001193125-10-042997"", ""cik"": ""0000310764"", ""evidence_kind"": ""sec_dei_ticker"", ""filed_date"": ""2010-02-26"", ""sha256"": ""b998ef8ae868f8de0b84de35cb8da68eb42097d4b60f55bd0b44ccb83e6d51c8"", ""source_url"": ""https://www.sec.gov/Archives/edgar/data/310764/000119312510042997/syk-20091231.xml""}, {""accession"": ""0000310764-13-000110"", ""cik"": ""0000310764"", ""evidence_kind"": ""sec_bulk_issuer_name_no_ticker"", ""filed_date"": ""2013-04-30"", ""historical_name"": ""STRYKER CORP"", ""sha256"": ""7cc764386ea9cb01d62e1a9f4fac38dc9c741e96886a953ddaad2def4eb489c7"", ""source_url"": ""https://www.sec.gov/files/dera/data/financial-statement-data-sets/2013q2.zip""}, {""accession"": ""0000310764-12-000031"", ""cik"": ""0000310764"", ""evidence_kind"": ""sec_bulk_issuer_name_no_ticker"", ""filed_date"": ""2012-02-13"", ""historical_name"": ""STRYKER CORP"", ""sha256"": ""42ed1a5ecac978d4338bd51cd4bc15bf60cc821291eea492f8172fc4e803d5f6"", ""source_url"": ""https://www.sec.gov/files/dera/data/financial-statement-data-sets/2012q1.zip""}]"
SYMC,0000849399,2010-01-01,2016-01-01,corroborated_candidate,24,0,24,2010-02-05,2015-11-06,True,False,[],"[{""accession"": ""0000950123-10-009307"", ""cik"": ""0000849399"", ""evidence_kind"": ""sec_bulk_issuer_name_no_ticker"", ""filed_date"": ""2010-02-05"", ""historical_name"": ""SYMANTEC CORP"", ""sha256"": ""2a4db2340ab1662d5135d7e17be1a58352c5959017350f0ef2174135f9996125"", ""source_url"": ""https://www.sec.gov/files/dera/data/financial-statement-data-sets/2010q1.zip""}, {""accession"": ""0001193125-13-226119"", ""cik"": ""0000849399"", ""evidence_kind"": ""sec_bulk_issuer_name_no_ticker"", ""filed_date"": ""2013-05-17"", ""historical_name"": ""SYMANTEC CORP"", ""sha256"": ""7cc764386ea9cb01d62e1a9f4fac38dc9c741e96886a953ddaad2def4eb489c7"", ""source_url"": ""https://www.sec.gov/files/dera/data/financial-statement-data-sets/2013q2.zip""}, {""accession"": ""0001193125-12-032307"", ""cik"": ""0000849399"", ""evidence_kind"": ""sec_bulk_issuer_name_no_ticker"", ""filed_date"": ""2012-01-31"", ""historical_name"": ""SYMANTEC CORP"", ""sha256"": ""42ed1a5ecac978d4338bd51cd4bc15bf60cc821291eea492f8172fc4e803d5f6"", ""source_url"": ""https://www.sec.gov/files/dera/data/financial-statement-data-sets/2012q1.zip""}]"
SYY,0000096021,2010-01-01,2016-01-01,corroborated_candidate,24,0,24,2010-02-02,2015-11-03,True,False,[],"[{""accession"": ""0000950123-10-007509"", ""cik"": ""0000096021"", ""evidence_kind"": ""sec_bulk_issuer_name_no_ticker"", ""filed_date"": ""2010-02-02"", ""historical_name"": ""SYSCO CORP"", ""sha256"": ""2a4db2340ab1662d5135d7e17be1a58352c5959017350f0ef2174135f9996125"", ""source_url"": ""https://www.sec.gov/files/dera/data/financial-statement-data-sets/2010q1.zip""}, {""accession"": ""0000096021-13-000046"", ""cik"": ""0000096021"", ""evidence_kind"": ""sec_bulk_issuer_name_no_ticker"", ""filed_date"": ""2013-05-07"", ""historical_name"": ""SYSCO CORP"", ""sha256"": ""7cc764386ea9cb01d62e1a9f4fac38dc9c741e96886a953ddaad2def4eb489c7"", ""source_url"": ""https://www.sec.gov/files/dera/data/financial-statement-data-sets/2013q2.zip""}, {""accession"": ""0001193125-12-042600"", ""cik"": ""0000096021"", ""evidence_kind"": ""sec_bulk_issuer_name_no_ticker"", ""filed_date"": ""2012-02-07"", ""historical_name"": ""SYSCO CORP"", ""sha256"": ""42ed1a5ecac978d4338bd51cd4bc15bf60cc821291eea492f8172fc4e803d5f6"", ""source_url"": ""https://www.sec.gov/files/dera/data/financial-statement-data-sets/2012q1.zip""}]"
T,0000732717,2010-01-01,2016-01-01,corroborated_candidate,24,1,24,2010-02-25,2015-11-06,True,False,[],"[{""accession"": ""0000732717-15-000121"", ""cik"": ""0000732717"", ""evidence_kind"": ""sec_dei_ticker"", ""filed_date"": ""2015-11-06"", ""sha256"": ""77d895344d5badf976c1af96965340bf30d6ee679ae7368feb661a255e11cd60"", ""source_url"": ""https://www.sec.gov/Archives/edgar/data/732717/000073271715000121/t-20150930.xml""}, {""accession"": ""0000732717-10-000013"", ""cik"": ""0000732717"", ""evidence_kind"": ""sec_bulk_issuer_name_no_ticker"", ""filed_date"": ""2010-02-25"", ""historical_name"": ""AT&T INC."", ""sha256"": ""2a4db2340ab1662d5135d7e17be1a58352c5959017350f0ef2174135f9996125"", ""source_url"": ""https://www.sec.gov/files/dera/data/financial-statement-data-sets/2010q1.zip""}, {""accession"": ""0000732717-13-000036"", ""cik"": ""0000732717"", ""evidence_kind"": ""sec_bulk_issuer_name_no_ticker"", ""filed_date"": ""2013-05-03"", ""historical_name"": ""AT&T INC."", ""sha256"": ""7cc764386ea9cb01d62e1a9f4fac38dc9c741e96886a953ddaad2def4eb489c7"", ""source_url"": ""https://www.sec.gov/files/dera/data/financial-statement-data-sets/2013q2.zip""}, {""accession"": ""0000732717-12-000025"", ""cik"": ""0000732717"", ""evidence_kind"": ""sec_bulk_issuer_name_no_ticker"", ""filed_date"": ""2012-02-24"", ""historical_name"": ""AT&T INC."", ""sha256"": ""42ed1a5ecac978d4338bd51cd4bc15bf60cc821291eea492f8172fc4e803d5f6"", ""source_url"": ""https://www.sec.gov/files/dera/data/financial-statement-data-sets/2012q1.zip""}]"
TAP,0000024545,2010-01-01,2016-01-01,confirmed_by_multiple_evidence,2,2,24,2010-02-19,2015-11-05,False,True,[],"[{""accession"": ""0000024545-13-000005"", ""cik"": ""0000024545"", ""evidence_kind"": ""sec_dei_ticker"", ""filed_date"": ""2013-02-22"", ""sha256"": ""c054517babf74a5b4016e18f314e55c717785bb4d132bca96156c059450d23ff"", ""source_url"": ""https://www.sec.gov/Archives/edgar/data/24545/000002454513000005/tap-20121229.xml""}, {""accession"": ""0000024545-15-000043"", ""cik"": ""0000024545"", ""evidence_kind"": ""sec_dei_ticker"", ""filed_date"": ""2015-11-05"", ""sha256"": ""a8ccfdef13643616372b24f9d8b20d89c887eb46c950be568ff7a9ed8ccad02e"", ""source_url"": ""https://www.sec.gov/Archives/edgar/data/24545/000002454515000043/tap-20150930.xml""}, {""accession"": ""0001047469-10-001028"", ""cik"": ""0000024545"", ""evidence_kind"": ""sec_bulk_issuer_name_no_ticker"", ""filed_date"": ""2010-02-19"", ""historical_name"": ""MOLSON COORS BREWING CO"", ""sha256"": ""2a4db2340ab1662d5135d7e17be1a58352c5959017350f0ef2174135f9996125"", ""source_url"": ""https://www.sec.gov/files/dera/data/financial-statement-data-sets/2010q1.zip""}, {""accession"": ""0000024545-13-000009"", ""cik"": ""0000024545"", ""evidence_kind"": ""sec_bulk_issuer_name_no_ticker"", ""filed_date"": ""2013-05-07"", ""historical_name"": ""MOLSON COORS BREWING CO"", ""sha256"": ""7cc764386ea9cb01d62e1a9f4fac38dc9c741e96886a953ddaad2def4eb489c7"", ""source_url"": ""https://www.sec.gov/files/dera/data/financial-statement-data-sets/2013q2.zip""}, {""accession"": ""0001445305-12-000454"", ""cik"": ""0000024545"", ""evidence_kind"": ""sec_bulk_issuer_name_no_ticker"", ""filed_date"": ""2012-02-27"", ""historical_name"": ""MOLSON COORS BREWING CO"", ""sha256"": ""42ed1a5ecac978d4338bd51cd4bc15bf60cc821291eea492f8172fc4e803d5f6"", ""source_url"": ""https://www.sec.gov/files/dera/data/financial-statement-data-sets/2012q1.zip""}, {""evidence_kind"": ""sec_official_name_chain_no_ticker"", ""sha256"": ""006b16218c46cbd793db48efd9d21a7f69cff96356227cf2c571865468f6cac1"", ""source_url"": ""https://data.sec.gov/submissions/CIK0000024545.json""}]"
TDC,0000816761,2010-01-01,2016-01-01,confirmed_by_multiple_evidence,3,3,22,2010-08-05,2015-11-06,True,False,[],"[{""accession"": ""0000816761-15-000031"", ""cik"": ""0000816761"", ""evidence_kind"": ""sec_dei_ticker"", ""filed_date"": ""2015-11-06"", ""sha256"": ""7bb2275f3a000379c73fc7e2f607971d2079f9d7a6e9b9fd05902a2ef22628e5"", ""source_url"": ""https://www.sec.gov/Archives/edgar/data/816761/000081676115000031/tdc-20150930.xml""}, {""accession"": ""0001193125-10-179479"", ""cik"": ""0000816761"", ""evidence_kind"": ""sec_dei_ticker"", ""filed_date"": ""2010-08-05"", ""sha256"": ""e770c545bdff194f1350b1e3d8eb3d95d798bca289b68145fdc9f3d81a7c0930"", ""source_url"": ""https://www.sec.gov/Archives/edgar/data/816761/000119312510179479/tdc-20100630.xml""}, {""accession"": ""0001193125-13-199459"", ""cik"": ""0000816761"", ""evidence_kind"": ""sec_dei_ticker"", ""filed_date"": ""2013-05-03"", ""sha256"": ""3dbaa31e4b18a3481ccaec195a38ec2a8b0bf951b4077b44bfd7fc3b2e35255b"", ""source_url"": ""https://www.sec.gov/Archives/edgar/data/816761/000119312513199459/tdc-20130331.xml""}, {""accession"": ""0001193125-13-316384"", ""cik"": ""0000816761"", ""evidence_kind"": ""sec_bulk_issuer_name_no_ticker"", ""filed_date"": ""2013-08-02"", ""historical_name"": ""TERADATA CORP /DE/"", ""sha256"": ""c9134387b650a9194f14b3f832f16aa1a72255c20a0e0b954001a643933cc849"", ""source_url"": ""https://www.sec.gov/files/dera/data/financial-statement-data-sets/2013q3.zip""}, {""accession"": ""0001193125-12-087334"", ""cik"": ""0000816761"", ""evidence_kind"": ""sec_bulk_issuer_name_no_ticker"", ""filed_date"": ""2012-02-29"", ""historical_name"": ""TERADATA CORP /DE/"", ""sha256"": ""42ed1a5ecac978d4338bd51cd4bc15bf60cc821291eea492f8172fc4e803d5f6"", ""source_url"": ""https://www.sec.gov/files/dera/data/financial-statement-data-sets/2012q1.zip""}]"
TE,0000350563,2010-01-01,2016-01-01,confirmed_by_multiple_evidence,13,13,22,2010-08-06,2015-11-05,True,False,[],"[{""accession"": ""0001193125-10-180561"", ""cik"": ""0000350563"", ""evidence_kind"": ""sec_dei_ticker"", ""filed_date"": ""2010-08-06"", ""sha256"": ""747ff19c5daff2ca279ea62b834536a9a86bd460fcf9ea440bf138e19ae90caf"", ""source_url"": ""https://www.sec.gov/Archives/edgar/data/350563/000119312510180561/te-20100630.xml""}, {""accession"": ""0001193125-10-248971"", ""cik"": ""0000350563"", ""evidence_kind"": ""sec_dei_ticker"", ""filed_date"": ""2010-11-05"", ""sha256"": ""0da79b10074028f8c5db0770f9a51b7bbf63550c75295a02553812643ad994b7"", ""source_url"": ""https://www.sec.gov/Archives/edgar/data/350563/000119312510248971/te-20100930.xml""}, {""accession"": ""0001193125-12-333651"", ""cik"": ""0000350563"", ""evidence_kind"": ""sec_dei_ticker"", ""filed_date"": ""2012-08-03"", ""sha256"": ""1a037533f41320a0b2edd633807010b3d99dfcabf53ac91884c7bd30e0f4c37d"", ""source_url"": ""https://www.sec.gov/Archives/edgar/data/350563/000119312512333651/te-20120630.xml""}, {""accession"": ""0001193125-12-448457"", ""cik"": ""0000350563"", ""evidence_kind"": ""sec_dei_ticker"", ""filed_date"": ""2012-11-02"", ""sha256"": ""dd6be385a0663d1f1e4619efc29e4ba20589555aa91f4d04931244b758cf2109"", ""source_url"": ""https://www.sec.gov/Archives/edgar/data/350563/000119312512448457/te-20120930.xml""}, {""accession"": ""0001193125-13-075891"", ""cik"": ""0000350563"", ""evidence_kind"": ""sec_dei_ticker"", ""filed_date"": ""2013-02-26"", ""sha256"": ""88e3b64636e8b59d69e13fc05c1dea65b4dd1e96968f5018b26786afd0662cda"", ""source_url"": ""https://www.sec.gov/Archives/edgar/data/350563/000119312513075891/te-20121231.xml""}, {""accession"": ""0001193125-13-198105"", ""cik"": ""0000350563"", ""evidence_kind"": ""sec_dei_ticker"", ""filed_date"": ""2013-05-03"", ""sha256"": ""a3884e23bb1d3d7c0b8bc819af36ca8ebebfae344565a635eb7f4863e0cf9454"", ""source_url"": ""https://www.sec.gov/Archives/edgar/data/350563/000119312513198105/te-20130331.xml""}, {""accession"": ""0001193125-14-178557"", ""cik"": ""0000350563"", ""evidence_kind"": ""sec_dei_ticker"", ""filed_date"": ""2014-05-02"", ""sha256"": ""4246e7dd9d93534c8158a24e451702e21083724603d1e2c218ebb40b5e1495e1"", ""source_url"": ""https://www.sec.gov/Archives/edgar/data/350563/000119312514178557/te-20140331.xml""}, {""accession"": ""0001193125-14-291583"", ""cik"": ""0000350563"", ""evidence_kind"": ""sec_dei_ticker"", ""filed_date"": ""2014-08-01"", ""sha256"": ""b2e882b97f8496200646cc4b682e75237275f125596f1847d74c9bada0a23569"", ""source_url"": ""https://www.sec.gov/Archives/edgar/data/350563/000119312514291583/te-20140630.xml""}, {""accession"": ""0001564590-14-004772"", ""cik"": ""0000350563"", ""evidence_kind"": ""sec_dei_ticker"", ""filed_date"": ""2014-10-31"", ""sha256"": ""4739ee422a80dadabc9f63e6b8415c5f501bc611b0a8cb32316e42df4b9ca613"", ""source_url"": ""https://www.sec.gov/Archives/edgar/data/350563/000156459014004772/te-20140930.xml""}, {""accession"": ""0001564590-15-001057"", ""cik"": ""0000350563"", ""evidence_kind"": ""sec_dei_ticker"", ""filed_date"": ""2015-02-27"", ""sha256"": ""fff8f635090e4252cfa22dcd5bed853c66e2ac057078d0ffd4df7b45d86ebdb6"", ""source_url"": ""https://www.sec.gov/Archives/edgar/data/350563/000156459015001057/te-20141231.xml""}, {""accession"": ""0001564590-15-003149"", ""cik"": ""0000350563"", ""evidence_kind"": ""sec_dei_ticker"", ""filed_date"": ""2015-05-01"", ""sha256"": ""451e8004b939ec8dccb2be16b447356b78787496abc439e4f7bbeff62c6aa63c"", ""source_url"": ""https://www.sec.gov/Archives/edgar/data/350563/000156459015003149/te-20150331.xml""}, {""accession"": ""0001564590-15-006264"", ""cik"": ""0000350563"", ""evidence_kind"": ""sec_dei_ticker"", ""filed_date"": ""2015-08-05"", ""sha256"": ""ee137a7ff808b8f31ae773994447d9d755a529173601d7fad60edb5f6f05d7d7"", ""source_url"": ""https://www.sec.gov/Archives/edgar/data/350563/000156459015006264/te-20150630.xml""}, {""accession"": ""0001564590-15-009513"", ""cik"": ""0000350563"", ""evidence_kind"": ""sec_dei_ticker"", ""filed_date"": ""2015-11-05"", ""sha256"": ""fb7667104ecb2baf02db4e922f582f7b20a715c1452c12f883125488064ca6f9"", ""source_url"": ""https://www.sec.gov/Archives/edgar/data/350563/000156459015009513/te-20150930.xml""}, {""accession"": ""0001193125-13-316537"", ""cik"": ""0000350563"", ""evidence_kind"": ""sec_bulk_issuer_name_no_ticker"", ""filed_date"": ""2013-08-02"", ""historical_name"": ""TECO ENERGY INC"", ""sha256"": ""c9134387b650a9194f14b3f832f16aa1a72255c20a0e0b954001a643933cc849"", ""source_url"": ""https://www.sec.gov/files/dera/data/financial-statement-data-sets/2013q3.zip""}, {""accession"": ""0001193125-12-078254"", ""cik"": ""0000350563"", ""evidence_kind"": ""sec_bulk_issuer_name_no_ticker"", ""filed_date"": ""2012-02-24"", ""historical_name"": ""TECO ENERGY INC"", ""sha256"": ""42ed1a5ecac978d4338bd51cd4bc15bf60cc821291eea492f8172fc4e803d5f6"", ""source_url"": ""https://www.sec.gov/files/dera/data/financial-statement-data-sets/2012q1.zip""}]"
TEG,0000916863,2010-01-01,2015-06-30,corroborated_candidate,20,0,20,2010-08-05,2015-05-05,True,False,[],"[{""accession"": ""0000916863-10-000178"", ""cik"": ""0000916863"", ""evidence_kind"": ""sec_bulk_issuer_name_no_ticker"", ""filed_date"": ""2010-08-05"", ""historical_name"": ""INTEGRYS ENERGY GROUP, INC."", ""sha256"": ""52014faf614ca0d7b8040e364f5b3e99f28d5e96b711aa922b490056e2c1d7b5"", ""source_url"": ""https://www.sec.gov/files/dera/data/financial-statement-data-sets/2010q3.zip""}, {""accession"": ""0001104659-13-036060"", ""cik"": ""0000916863"", ""evidence_kind"": ""sec_bulk_issuer_name_no_ticker"", ""filed_date"": ""2013-05-01"", ""historical_name"": ""INTEGRYS ENERGY GROUP, INC."", ""sha256"": ""7cc764386ea9cb01d62e1a9f4fac38dc9c741e96886a953ddaad2def4eb489c7"", ""source_url"": ""https://www.sec.gov/files/dera/data/financial-statement-data-sets/2013q2.zip""}, {""accession"": ""0001104659-12-014191"", ""cik"": ""0000916863"", ""evidence_kind"": ""sec_bulk_issuer_name_no_ticker"", ""filed_date"": ""2012-02-29"", ""historical_name"": ""INTEGRYS ENERGY GROUP, INC."", ""sha256"": ""42ed1a5ecac978d4338bd51cd4bc15bf60cc821291eea492f8172fc4e803d5f6"", ""source_url"": ""https://www.sec.gov/files/dera/data/financial-statement-data-sets/2012q1.zip""}]"
TEL,0001385157,2011-10-17,2016-01-01,corroborated_candidate,17,0,17,2011-11-18,2015-11-10,True,False,[],"[{""accession"": ""0001047469-11-009687"", ""cik"": ""0001385157"", ""evidence_kind"": ""sec_bulk_issuer_name_no_ticker"", ""filed_date"": ""2011-11-18"", ""historical_name"": ""TE CONNECTIVITY LTD."", ""sha256"": ""0f674f68094cc65c83da3c142775dcfd091250e293783c3e8211ee4e97bc083f"", ""source_url"": ""https://www.sec.gov/files/dera/data/financial-statement-data-sets/2011q4.zip""}, {""accession"": ""0001047469-14-000305"", ""cik"": ""0001385157"", ""evidence_kind"": ""sec_bulk_issuer_name_no_ticker"", ""filed_date"": ""2014-01-23"", ""historical_name"": ""TE CONNECTIVITY LTD."", ""sha256"": ""bf55481c6e0088fb45e8efeb2d8de6912a9c3533da918376a24ca5f84144680f"", ""source_url"": ""https://www.sec.gov/files/dera/data/financial-statement-data-sets/2014q1.zip""}, {""accession"": ""0001047469-12-000427"", ""cik"": ""0001385157"", ""evidence_kind"": ""sec_bulk_issuer_name_no_ticker"", ""filed_date"": ""2012-01-27"", ""historical_name"": ""TE CONNECTIVITY LTD."", ""sha256"": ""42ed1a5ecac978d4338bd51cd4bc15bf60cc821291eea492f8172fc4e803d5f6"", ""source_url"": ""https://www.sec.gov/files/dera/data/financial-statement-data-sets/2012q1.zip""}]"
TER,0000097210,2010-01-01,2013-12-23,confirmed_by_multiple_evidence,3,3,14,2010-08-12,2013-11-08,True,False,[],"[{""accession"": ""0001193125-10-187150"", ""cik"": ""0000097210"", ""evidence_kind"": ""sec_dei_ticker"", ""filed_date"": ""2010-08-12"", ""sha256"": ""e9deba0e9ae6c982096b353004ea08b28118b68d8c264fe88463ad00c4fb8b5c"", ""source_url"": ""https://www.sec.gov/Archives/edgar/data/97210/000119312510187150/ter-20100704.xml""}, {""accession"": ""0001193125-12-227981"", ""cik"": ""0000097210"", ""evidence_kind"": ""sec_dei_ticker"", ""filed_date"": ""2012-05-11"", ""sha256"": ""f2b86aa25a7819a665873b79721182440bd426fa25b5bead7877c3b958935df5"", ""source_url"": ""https://www.sec.gov/Archives/edgar/data/97210/000119312512227981/ter-20120401.xml""}, {""accession"": ""0001193125-13-434842"", ""cik"": ""0000097210"", ""evidence_kind"": ""sec_dei_ticker"", ""filed_date"": ""2013-11-08"", ""sha256"": ""bc5614ec08434631e0bad90ed59890622ff2539e3d8208bbbb8f5ec3c2a6c4c4"", ""source_url"": ""https://www.sec.gov/Archives/edgar/data/97210/000119312513434842/ter-20130929.xml""}, {""accession"": ""0001193125-12-349611"", ""cik"": ""0000097210"", ""evidence_kind"": ""sec_bulk_issuer_name_no_ticker"", ""filed_date"": ""2012-08-10"", ""historical_name"": ""TERADYNE, INC"", ""sha256"": ""a5b705fab7948837fc890d820c2b809d4afdb0ff1836129ad5a16127275f0ebf"", ""source_url"": ""https://www.sec.gov/files/dera/data/financial-statement-data-sets/2012q3.zip""}, {""accession"": ""0001193125-12-087457"", ""cik"": ""0000097210"", ""evidence_kind"": ""sec_bulk_issuer_name_no_ticker"", ""filed_date"": ""2012-02-29"", ""historical_name"": ""TERADYNE, INC"", ""sha256"": ""42ed1a5ecac978d4338bd51cd4bc15bf60cc821291eea492f8172fc4e803d5f6"", ""source_url"": ""https://www.sec.gov/files/dera/data/financial-statement-data-sets/2012q1.zip""}]"
TGNA,0000039899,2010-01-01,2016-01-01,ambiguous,24,1,24,2010-02-24,2015-11-06,True,False,['GCI'],"[{""accession"": ""0000039899-15-000026"", ""cik"": ""0000039899"", ""evidence_kind"": ""sec_dei_ticker"", ""filed_date"": ""2015-11-06"", ""sha256"": ""0f1732662efade388fc7cc94ef6ca3cb406702cfb2adace3903c75aa5283148e"", ""source_url"": ""https://www.sec.gov/Archives/edgar/data/39899/000003989915000026/tgna-20150927.xml""}, {""accession"": ""0000950123-10-016360"", ""cik"": ""0000039899"", ""evidence_kind"": ""sec_bulk_issuer_name_no_ticker"", ""filed_date"": ""2010-02-24"", ""historical_name"": ""GANNETT CO INC /DE/"", ""sha256"": ""2a4db2340ab1662d5135d7e17be1a58352c5959017350f0ef2174135f9996125"", ""source_url"": ""https://www.sec.gov/files/dera/data/financial-statement-data-sets/2010q1.zip""}, {""accession"": ""0000039899-13-000017"", ""cik"": ""0000039899"", ""evidence_kind"": ""sec_bulk_issuer_name_no_ticker"", ""filed_date"": ""2013-05-08"", ""historical_name"": ""GANNETT CO INC /DE/"", ""sha256"": ""7cc764386ea9cb01d62e1a9f4fac38dc9c741e96886a953ddaad2def4eb489c7"", ""source_url"": ""https://www.sec.gov/files/dera/data/financial-statement-data-sets/2013q2.zip""}, {""accession"": ""0001193125-12-072714"", ""cik"": ""0000039899"", ""evidence_kind"": ""sec_bulk_issuer_name_no_ticker"", ""filed_date"": ""2012-02-22"", ""historical_name"": ""GANNETT CO INC /DE/"", ""sha256"": ""42ed1a5ecac978d4338bd51cd4bc15bf60cc821291eea492f8172fc4e803d5f6"", ""source_url"": ""https://www.sec.gov/files/dera/data/financial-statement-data-sets/2012q1.zip""}]"
TGT,0000027419,2010-01-01,2016-01-01,corroborated_candidate,24,0,24,2010-03-12,2015-11-25,True,False,[],"[{""accession"": ""0001047469-10-002121"", ""cik"": ""0000027419"", ""evidence_kind"": ""sec_bulk_issuer_name_no_ticker"", ""filed_date"": ""2010-03-12"", ""historical_name"": ""TARGET CORP"", ""sha256"": ""2a4db2340ab1662d5135d7e17be1a58352c5959017350f0ef2174135f9996125"", ""source_url"": ""https://www.sec.gov/files/dera/data/financial-statement-data-sets/2010q1.zip""}, {""accession"": ""0001104659-13-045630"", ""cik"": ""0000027419"", ""evidence_kind"": ""sec_bulk_issuer_name_no_ticker"", ""filed_date"": ""2013-05-30"", ""historical_name"": ""TARGET CORP"", ""sha256"": ""7cc764386ea9cb01d62e1a9f4fac38dc9c741e96886a953ddaad2def4eb489c7"", ""source_url"": ""https://www.sec.gov/files/dera/data/financial-statement-data-sets/2013q2.zip""}, {""accession"": ""0001047469-12-002714"", ""cik"": ""0000027419"", ""evidence_kind"": ""sec_bulk_issuer_name_no_ticker"", ""filed_date"": ""2012-03-15"", ""historical_name"": ""TARGET CORP"", ""sha256"": ""42ed1a5ecac978d4338bd51cd4bc15bf60cc821291eea492f8172fc4e803d5f6"", ""source_url"": ""https://www.sec.gov/files/dera/data/financial-statement-data-sets/2012q1.zip""}]"
THC,0000070318,2010-01-01,2016-01-01,corroborated_candidate,22,1,22,2010-08-03,2015-11-02,True,False,[],"[{""accession"": ""0001193125-10-174516"", ""cik"": ""0000070318"", ""evidence_kind"": ""sec_dei_ticker"", ""filed_date"": ""2010-08-03"", ""sha256"": ""aebacfe30e0b531402e5b79836fa26b58991a59fe8646ffd8647b7c0de230aeb"", ""source_url"": ""https://www.sec.gov/Archives/edgar/data/70318/000119312510174516/thc-20100630.xml""}, {""accession"": ""0001104659-13-060117"", ""cik"": ""0000070318"", ""evidence_kind"": ""sec_bulk_issuer_name_no_ticker"", ""filed_date"": ""2013-08-06"", ""historical_name"": ""TENET HEALTHCARE CORP"", ""sha256"": ""c9134387b650a9194f14b3f832f16aa1a72255c20a0e0b954001a643933cc849"", ""source_url"": ""https://www.sec.gov/files/dera/data/financial-statement-data-sets/2013q3.zip""}, {""accession"": ""0001104659-12-013589"", ""cik"": ""0000070318"", ""evidence_kind"": ""sec_bulk_issuer_name_no_ticker"", ""filed_date"": ""2012-02-28"", ""historical_name"": ""TENET HEALTHCARE CORP"", ""sha256"": ""42ed1a5ecac978d4338bd51cd4bc15bf60cc821291eea492f8172fc4e803d5f6"", ""source_url"": ""https://www.sec.gov/files/dera/data/financial-statement-data-sets/2012q1.zip""}]"
TIE,0001011657,2010-01-01,2012-12-21,corroborated_candidate,9,0,9,2010-08-03,2012-08-08,True,False,[],"[{""accession"": ""0001193125-10-175394"", ""cik"": ""0001011657"", ""evidence_kind"": ""sec_bulk_issuer_name_no_ticker"", ""filed_date"": ""2010-08-03"", ""historical_name"": ""TITANIUM METALS CORP"", ""sha256"": ""52014faf614ca0d7b8040e364f5b3e99f28d5e96b711aa922b490056e2c1d7b5"", ""source_url"": ""https://www.sec.gov/files/dera/data/financial-statement-data-sets/2010q3.zip""}, {""accession"": ""0001193125-11-205997"", ""cik"": ""0001011657"", ""evidence_kind"": ""sec_bulk_issuer_name_no_ticker"", ""filed_date"": ""2011-08-02"", ""historical_name"": ""TITANIUM METALS CORP"", ""sha256"": ""43b9beb243c6686a29df5cf817ed2cb3a7c86a7398bbc56e2fb4d0cf4784ac28"", ""source_url"": ""https://www.sec.gov/files/dera/data/financial-statement-data-sets/2011q3.zip""}, {""accession"": ""0001193125-12-087802"", ""cik"": ""0001011657"", ""evidence_kind"": ""sec_bulk_issuer_name_no_ticker"", ""filed_date"": ""2012-02-29"", ""historical_name"": ""TITANIUM METALS CORP"", ""sha256"": ""42ed1a5ecac978d4338bd51cd4bc15bf60cc821291eea492f8172fc4e803d5f6"", ""source_url"": ""https://www.sec.gov/files/dera/data/financial-statement-data-sets/2012q1.zip""}]"
TIF,0000098246,2010-01-01,2016-01-01,confirmed_by_multiple_evidence,2,2,21,2010-09-02,2015-11-24,True,False,[],"[{""accession"": ""0000098246-15-000154"", ""cik"": ""0000098246"", ""evidence_kind"": ""sec_dei_ticker"", ""filed_date"": ""2015-11-24"", ""sha256"": ""4facc23f4ccf406fe71aa6d19873d68f8d6404672c8dc87132e1855926c59f68"", ""source_url"": ""https://www.sec.gov/Archives/edgar/data/98246/000009824615000154/tif-20151031.xml""}, {""accession"": ""0001193125-13-236764"", ""cik"": ""0000098246"", ""evidence_kind"": ""sec_dei_ticker"", ""filed_date"": ""2013-05-28"", ""sha256"": ""7dbc05dc9dbac1281161ab30ea14e57a7d92f2cfd38cd85013539c3a2abc5935"", ""source_url"": ""https://www.sec.gov/Archives/edgar/data/98246/000119312513236764/tif-20130430.xml""}, {""accession"": ""0001387131-10-000959"", ""cik"": ""0000098246"", ""evidence_kind"": ""sec_bulk_issuer_name_no_ticker"", ""filed_date"": ""2010-09-02"", ""historical_name"": ""TIFFANY & CO"", ""sha256"": ""52014faf614ca0d7b8040e364f5b3e99f28d5e96b711aa922b490056e2c1d7b5"", ""source_url"": ""https://www.sec.gov/files/dera/data/financial-statement-data-sets/2010q3.zip""}, {""accession"": ""0000098246-13-000167"", ""cik"": ""0000098246"", ""evidence_kind"": ""sec_bulk_issuer_name_no_ticker"", ""filed_date"": ""2013-08-27"", ""historical_name"": ""TIFFANY & CO"", ""sha256"": ""c9134387b650a9194f14b3f832f16aa1a72255c20a0e0b954001a643933cc849"", ""source_url"": ""https://www.sec.gov/files/dera/data/financial-statement-data-sets/2013q3.zip""}, {""accession"": ""0001193125-12-136912"", ""cik"": ""0000098246"", ""evidence_kind"": ""sec_bulk_issuer_name_no_ticker"", ""filed_date"": ""2012-03-28"", ""historical_name"": ""TIFFANY & CO"", ""sha256"": ""42ed1a5ecac978d4338bd51cd4bc15bf60cc821291eea492f8172fc4e803d5f6"", ""source_url"": ""https://www.sec.gov/files/dera/data/financial-statement-data-sets/2012q1.zip""}]"
TJX,0000109198,2010-01-01,2016-01-01,confirmed_by_multiple_evidence,2,2,24,2010-03-30,2015-12-01,True,False,[],"[{""accession"": ""0001193125-13-138497"", ""cik"": ""0000109198"", ""evidence_kind"": ""sec_dei_ticker"", ""filed_date"": ""2013-04-02"", ""sha256"": ""2be882b5333514808a3089439546769800c7928ff38a6d321e532d0a2ef73b82"", ""source_url"": ""https://www.sec.gov/Archives/edgar/data/109198/000119312513138497/tjx-20130202.xml""}, {""accession"": ""0001193125-15-391899"", ""cik"": ""0000109198"", ""evidence_kind"": ""sec_dei_ticker"", ""filed_date"": ""2015-12-01"", ""sha256"": ""c7d668ffea6b93c045a3e9bc05c7b1a2a4a96e627d1de73cdb944c6abbb55740"", ""source_url"": ""https://www.sec.gov/Archives/edgar/data/109198/000119312515391899/tjx-20151031.xml""}, {""accession"": ""0000950123-10-029845"", ""cik"": ""0000109198"", ""evidence_kind"": ""sec_bulk_issuer_name_no_ticker"", ""filed_date"": ""2010-03-30"", ""historical_name"": ""TJX COMPANIES INC /DE/"", ""sha256"": ""2a4db2340ab1662d5135d7e17be1a58352c5959017350f0ef2174135f9996125"", ""source_url"": ""https://www.sec.gov/files/dera/data/financial-statement-data-sets/2010q1.zip""}, {""accession"": ""0001193125-12-134536"", ""cik"": ""0000109198"", ""evidence_kind"": ""sec_bulk_issuer_name_no_ticker"", ""filed_date"": ""2012-03-27"", ""historical_name"": ""TJX COMPANIES INC /DE/"", ""sha256"": ""42ed1a5ecac978d4338bd51cd4bc15bf60cc821291eea492f8172fc4e803d5f6"", ""source_url"": ""https://www.sec.gov/files/dera/data/financial-statement-data-sets/2012q1.zip""}]"
TLAB,0000317771,2010-01-01,2011-12-20,confirmed_by_multiple_evidence,3,3,6,2010-08-10,2011-11-08,True,False,[],"[{""accession"": ""0001193125-10-184853"", ""cik"": ""0000317771"", ""evidence_kind"": ""sec_dei_ticker"", ""filed_date"": ""2010-08-10"", ""sha256"": ""3fd1005f1c32fd01ee308da7b23f460ba51acce40bc4767ed325c47c0f418638"", ""source_url"": ""https://www.sec.gov/Archives/edgar/data/317771/000119312510184853/tlab-20100702.xml""}, {""accession"": ""0001193125-11-129807"", ""cik"": ""0000317771"", ""evidence_kind"": ""sec_dei_ticker"", ""filed_date"": ""2011-05-06"", ""sha256"": ""08236c90fb5cd07ff10ab74050f0b798b6a95802bfc2b58c49ba260f864a21fc"", ""source_url"": ""https://www.sec.gov/Archives/edgar/data/317771/000119312511129807/tlab-20110401.xml""}, {""accession"": ""0001193125-11-301679"", ""cik"": ""0000317771"", ""evidence_kind"": ""sec_dei_ticker"", ""filed_date"": ""2011-11-08"", ""sha256"": ""dc2a5dfac209177ea2fbfaa4b22d79d1c1c3d9b88645fb6b38c8e9ab6563ec7d"", ""source_url"": ""https://www.sec.gov/Archives/edgar/data/317771/000119312511301679/tlab-20110930.xml""}]"
TMK,0000320335,2010-01-01,2016-01-01,confirmed_by_multiple_evidence,3,3,23,2010-02-26,2015-11-06,True,False,[],"[{""accession"": ""0000320335-15-000045"", ""cik"": ""0000320335"", ""evidence_kind"": ""sec_dei_ticker"", ""filed_date"": ""2015-11-06"", ""sha256"": ""3fbc31bfd06a1ddfec2f445ed931aac6db536f53b5bfc8164eadccd598ee69b4"", ""source_url"": ""https://www.sec.gov/Archives/edgar/data/320335/000032033515000045/tmk-20150930.xml""}, {""accession"": ""0001193125-10-042810"", ""cik"": ""0000320335"", ""evidence_kind"": ""sec_dei_ticker"", ""filed_date"": ""2010-02-26"", ""sha256"": ""3af825baf70f4794ead58f560d3216d57e6871309c5e03e1b9cff7fd0dc588df"", ""source_url"": ""https://www.sec.gov/Archives/edgar/data/320335/000119312510042810/tmk-20091231.xml""}, {""accession"": ""0001193125-13-084290"", ""cik"": ""0000320335"", ""evidence_kind"": ""sec_dei_ticker"", ""filed_date"": ""2013-02-28"", ""sha256"": ""4004ed41186311299b86ed295f9219810024667670f82fbd380089aca13fb664"", ""source_url"": ""https://www.sec.gov/Archives/edgar/data/320335/000119312513084290/tmk-20121231.xml""}, {""accession"": ""0001193125-13-210593"", ""cik"": ""0000320335"", ""evidence_kind"": ""sec_bulk_issuer_name_no_ticker"", ""filed_date"": ""2013-05-09"", ""historical_name"": ""TORCHMARK CORP"", ""sha256"": ""7cc764386ea9cb01d62e1a9f4fac38dc9c741e96886a953ddaad2def4eb489c7"", ""source_url"": ""https://www.sec.gov/files/dera/data/financial-statement-data-sets/2013q2.zip""}, {""accession"": ""0001193125-12-085031"", ""cik"": ""0000320335"", ""evidence_kind"": ""sec_bulk_issuer_name_no_ticker"", ""filed_date"": ""2012-02-28"", ""historical_name"": ""TORCHMARK CORP"", ""sha256"": ""42ed1a5ecac978d4338bd51cd4bc15bf60cc821291eea492f8172fc4e803d5f6"", ""source_url"": ""https://www.sec.gov/files/dera/data/financial-statement-data-sets/2012q1.zip""}]"
TMO,0000097745,2010-01-01,2016-01-01,corroborated_candidate,24,1,24,2010-02-26,2015-10-30,True,False,[],"[{""accession"": ""0000097745-15-000031"", ""cik"": ""0000097745"", ""evidence_kind"": ""sec_dei_ticker"", ""filed_date"": ""2015-10-30"", ""sha256"": ""80ac93fa041ca77c537007b99a5e58c37ce0591586c0844e8d638c89466a8e0c"", ""source_url"": ""https://www.sec.gov/Archives/edgar/data/97745/000009774515000031/tmo-20150926.xml""}, {""accession"": ""0000097745-10-000008"", ""cik"": ""0000097745"", ""evidence_kind"": ""sec_bulk_issuer_name_no_ticker"", ""filed_date"": ""2010-02-26"", ""historical_name"": ""THERMO FISHER SCIENTIFIC INC."", ""sha256"": ""2a4db2340ab1662d5135d7e17be1a58352c5959017350f0ef2174135f9996125"", ""source_url"": ""https://www.sec.gov/files/dera/data/financial-statement-data-sets/2010q1.zip""}, {""accession"": ""0000097745-13-000024"", ""cik"": ""0000097745"", ""evidence_kind"": ""sec_bulk_issuer_name_no_ticker"", ""filed_date"": ""2013-05-03"", ""historical_name"": ""THERMO FISHER SCIENTIFIC INC."", ""sha256"": ""7cc764386ea9cb01d62e1a9f4fac38dc9c741e96886a953ddaad2def4eb489c7"", ""source_url"": ""https://www.sec.gov/files/dera/data/financial-statement-data-sets/2013q2.zip""}, {""accession"": ""0000097745-12-000010"", ""cik"": ""0000097745"", ""evidence_kind"": ""sec_bulk_issuer_name_no_ticker"", ""filed_date"": ""2012-02-29"", ""historical_name"": ""THERMO FISHER SCIENTIFIC INC."", ""sha256"": ""42ed1a5ecac978d4338bd51cd4bc15bf60cc821291eea492f8172fc4e803d5f6"", ""source_url"": ""https://www.sec.gov/files/dera/data/financial-statement-data-sets/2012q1.zip""}]"
TPR,0001116132,2010-01-01,2016-01-01,ambiguous,24,0,24,2010-02-03,2015-11-04,False,False,['COH'],"[{""accession"": ""0001144204-10-005154"", ""cik"": ""0001116132"", ""evidence_kind"": ""sec_bulk_issuer_name_no_ticker"", ""filed_date"": ""2010-02-03"", ""historical_name"": ""COACH INC"", ""sha256"": ""2a4db2340ab1662d5135d7e17be1a58352c5959017350f0ef2174135f9996125"", ""source_url"": ""https://www.sec.gov/files/dera/data/financial-statement-data-sets/2010q1.zip""}, {""accession"": ""0001144204-13-026859"", ""cik"": ""0001116132"", ""evidence_kind"": ""sec_bulk_issuer_name_no_ticker"", ""filed_date"": ""2013-05-07"", ""historical_name"": ""COACH INC"", ""sha256"": ""7cc764386ea9cb01d62e1a9f4fac38dc9c741e96886a953ddaad2def4eb489c7"", ""source_url"": ""https://www.sec.gov/files/dera/data/financial-statement-data-sets/2013q2.zip""}, {""accession"": ""0001144204-12-006663"", ""cik"": ""0001116132"", ""evidence_kind"": ""sec_bulk_issuer_name_no_ticker"", ""filed_date"": ""2012-02-08"", ""historical_name"": ""COACH INC"", ""sha256"": ""42ed1a5ecac978d4338bd51cd4bc15bf60cc821291eea492f8172fc4e803d5f6"", ""source_url"": ""https://www.sec.gov/files/dera/data/financial-statement-data-sets/2012q1.zip""}]"
TRIP,0001526520,2011-12-21,2016-01-01,corroborated_candidate,16,1,16,2012-03-15,2015-11-05,True,False,[],"[{""accession"": ""0001564590-15-009651"", ""cik"": ""0001526520"", ""evidence_kind"": ""sec_dei_ticker"", ""filed_date"": ""2015-11-05"", ""sha256"": ""c090852a4e34845913b7ed9701c10f857a68e84dd8cfca184e531c9506a5622b"", ""source_url"": ""https://www.sec.gov/Archives/edgar/data/1526520/000156459015009651/trip-20150930.xml""}, {""accession"": ""0001193125-12-208513"", ""cik"": ""0001526520"", ""evidence_kind"": ""sec_bulk_issuer_name_no_ticker"", ""filed_date"": ""2012-05-03"", ""historical_name"": ""TRIPADVISOR, INC."", ""sha256"": ""0dbb10aa316c674f07849a28e67a25a0a59bd6ef2bc214cd1800c8a2d2a05df6"", ""source_url"": ""https://www.sec.gov/files/dera/data/financial-statement-data-sets/2012q2.zip""}, {""accession"": ""0001564590-14-001822"", ""cik"": ""0001526520"", ""evidence_kind"": ""sec_bulk_issuer_name_no_ticker"", ""filed_date"": ""2014-05-06"", ""historical_name"": ""TRIPADVISOR, INC."", ""sha256"": ""ab03600231a08369a980a31dde8bb78b6cd49f56d39ab7b90ca5bc0cfd52aa7f"", ""source_url"": ""https://www.sec.gov/files/dera/data/financial-statement-data-sets/2014q2.zip""}, {""accession"": ""0001193125-12-117448"", ""cik"": ""0001526520"", ""evidence_kind"": ""sec_bulk_issuer_name_no_ticker"", ""filed_date"": ""2012-03-15"", ""historical_name"": ""TRIPADVISOR, INC."", ""sha256"": ""42ed1a5ecac978d4338bd51cd4bc15bf60cc821291eea492f8172fc4e803d5f6"", ""source_url"": ""https://www.sec.gov/files/dera/data/financial-statement-data-sets/2012q1.zip""}]"
TRV,0000086312,2010-01-01,2016-01-01,corroborated_candidate,24,0,24,2010-02-18,2015-10-20,True,False,[],"[{""accession"": ""0001047469-10-000972"", ""cik"": ""0000086312"", ""evidence_kind"": ""sec_bulk_issuer_name_no_ticker"", ""filed_date"": ""2010-02-18"", ""historical_name"": ""TRAVELERS COMPANIES, INC."", ""sha256"": ""2a4db2340ab1662d5135d7e17be1a58352c5959017350f0ef2174135f9996125"", ""source_url"": ""https://www.sec.gov/files/dera/data/financial-statement-data-sets/2010q1.zip""}, {""accession"": ""0001104659-13-031454"", ""cik"": ""0000086312"", ""evidence_kind"": ""sec_bulk_issuer_name_no_ticker"", ""filed_date"": ""2013-04-23"", ""historical_name"": ""TRAVELERS COMPANIES, INC."", ""sha256"": ""7cc764386ea9cb01d62e1a9f4fac38dc9c741e96886a953ddaad2def4eb489c7"", ""source_url"": ""https://www.sec.gov/files/dera/data/financial-statement-data-sets/2013q2.zip""}, {""accession"": ""0001047469-12-001096"", ""cik"": ""0000086312"", ""evidence_kind"": ""sec_bulk_issuer_name_no_ticker"", ""filed_date"": ""2012-02-16"", ""historical_name"": ""TRAVELERS COMPANIES, INC."", ""sha256"": ""42ed1a5ecac978d4338bd51cd4bc15bf60cc821291eea492f8172fc4e803d5f6"", ""source_url"": ""https://www.sec.gov/files/dera/data/financial-statement-data-sets/2012q1.zip""}]"
TSCO,0000916365,2014-01-24,2016-01-01,corroborated_candidate,8,0,8,2014-02-19,2015-11-05,True,False,[],"[{""accession"": ""0000916365-14-000056"", ""cik"": ""0000916365"", ""evidence_kind"": ""sec_bulk_issuer_name_no_ticker"", ""filed_date"": ""2014-02-19"", ""historical_name"": ""TRACTOR SUPPLY CO /DE/"", ""sha256"": ""bf55481c6e0088fb45e8efeb2d8de6912a9c3533da918376a24ca5f84144680f"", ""source_url"": ""https://www.sec.gov/files/dera/data/financial-statement-data-sets/2014q1.zip""}, {""accession"": ""0000916365-15-000042"", ""cik"": ""0000916365"", ""evidence_kind"": ""sec_bulk_issuer_name_no_ticker"", ""filed_date"": ""2015-02-18"", ""historical_name"": ""TRACTOR SUPPLY CO /DE/"", ""sha256"": ""baa9e434480b8299593b781e8156f855e0c4548677329f166f495cbae287e52e"", ""source_url"": ""https://www.sec.gov/files/dera/data/financial-statement-data-sets/2015q1.zip""}, {""accession"": ""0000916365-15-000103"", ""cik"": ""0000916365"", ""evidence_kind"": ""sec_bulk_issuer_name_no_ticker"", ""filed_date"": ""2015-11-05"", ""historical_name"": ""TRACTOR SUPPLY CO /DE/"", ""sha256"": ""1723b41ef2a1d3ea6595f6052ef229a80e03cd183391ca9e297a894f9e589d83"", ""source_url"": ""https://www.sec.gov/files/dera/data/financial-statement-data-sets/2015q4.zip""}]"
TSN,0000100493,2010-01-01,2016-01-01,corroborated_candidate,22,0,22,2010-08-09,2015-11-23,True,False,[],"[{""accession"": ""0001193125-10-182490"", ""cik"": ""0000100493"", ""evidence_kind"": ""sec_bulk_issuer_name_no_ticker"", ""filed_date"": ""2010-08-09"", ""historical_name"": ""TYSON FOODS INC"", ""sha256"": ""52014faf614ca0d7b8040e364f5b3e99f28d5e96b711aa922b490056e2c1d7b5"", ""source_url"": ""https://www.sec.gov/files/dera/data/financial-statement-data-sets/2010q3.zip""}, {""accession"": ""0000100493-13-000052"", ""cik"": ""0000100493"", ""evidence_kind"": ""sec_bulk_issuer_name_no_ticker"", ""filed_date"": ""2013-08-05"", ""historical_name"": ""TYSON FOODS INC"", ""sha256"": ""c9134387b650a9194f14b3f832f16aa1a72255c20a0e0b954001a643933cc849"", ""source_url"": ""https://www.sec.gov/files/dera/data/financial-statement-data-sets/2013q3.zip""}, {""accession"": ""0001193125-12-037815"", ""cik"": ""0000100493"", ""evidence_kind"": ""sec_bulk_issuer_name_no_ticker"", ""filed_date"": ""2012-02-03"", ""historical_name"": ""TYSON FOODS INC"", ""sha256"": ""42ed1a5ecac978d4338bd51cd4bc15bf60cc821291eea492f8172fc4e803d5f6"", ""source_url"": ""https://www.sec.gov/files/dera/data/financial-statement-data-sets/2012q1.zip""}]"
TSS,0000721683,2010-01-01,2016-01-01,confirmed_by_multiple_evidence,2,2,22,2010-08-09,2015-11-05,True,False,[],"[{""accession"": ""0001193125-13-207661"", ""cik"": ""0000721683"", ""evidence_kind"": ""sec_dei_ticker"", ""filed_date"": ""2013-05-08"", ""sha256"": ""4ed70a30e4130945b83cc71ce407030c9492dfe66e19fa4195cf3997a1df74d8"", ""source_url"": ""https://www.sec.gov/Archives/edgar/data/721683/000119312513207661/tss-20130331.xml""}, {""accession"": ""0001193125-15-367677"", ""cik"": ""0000721683"", ""evidence_kind"": ""sec_dei_ticker"", ""filed_date"": ""2015-11-05"", ""sha256"": ""bb3b313fbcfb96552914251bbb12d376626ca7501c39fddd18c174f1b9773f2c"", ""source_url"": ""https://www.sec.gov/Archives/edgar/data/721683/000119312515367677/tss-20150930.xml""}, {""accession"": ""0000950123-10-074937"", ""cik"": ""0000721683"", ""evidence_kind"": ""sec_bulk_issuer_name_no_ticker"", ""filed_date"": ""2010-08-09"", ""historical_name"": ""TOTAL SYSTEM SERVICES INC"", ""sha256"": ""52014faf614ca0d7b8040e364f5b3e99f28d5e96b711aa922b490056e2c1d7b5"", ""source_url"": ""https://www.sec.gov/files/dera/data/financial-statement-data-sets/2010q3.zip""}, {""accession"": ""0001193125-13-324721"", ""cik"": ""0000721683"", ""evidence_kind"": ""sec_bulk_issuer_name_no_ticker"", ""filed_date"": ""2013-08-08"", ""historical_name"": ""TOTAL SYSTEM SERVICES INC"", ""sha256"": ""c9134387b650a9194f14b3f832f16aa1a72255c20a0e0b954001a643933cc849"", ""source_url"": ""https://www.sec.gov/files/dera/data/financial-statement-data-sets/2013q3.zip""}, {""accession"": ""0001193125-12-077339"", ""cik"": ""0000721683"", ""evidence_kind"": ""sec_bulk_issuer_name_no_ticker"", ""filed_date"": ""2012-02-24"", ""historical_name"": ""TOTAL SYSTEM SERVICES INC"", ""sha256"": ""42ed1a5ecac978d4338bd51cd4bc15bf60cc821291eea492f8172fc4e803d5f6"", ""source_url"": ""https://www.sec.gov/files/dera/data/financial-statement-data-sets/2012q1.zip""}]"
TWC,0001377013,2010-01-01,2016-01-01,corroborated_candidate,23,1,23,2010-04-29,2015-10-29,True,False,[],"[{""accession"": ""0001193125-15-357042"", ""cik"": ""0001377013"", ""evidence_kind"": ""sec_dei_ticker"", ""filed_date"": ""2015-10-29"", ""sha256"": ""c702b06568449c2e047946a126c889a4cb383dda1ab122a3905d5a4c65ba5d0d"", ""source_url"": ""https://www.sec.gov/Archives/edgar/data/1377013/000119312515357042/twc-20150930.xml""}, {""accession"": ""0000950123-10-040058"", ""cik"": ""0001377013"", ""evidence_kind"": ""sec_bulk_issuer_name_no_ticker"", ""filed_date"": ""2010-04-29"", ""historical_name"": ""TIME WARNER CABLE INC."", ""sha256"": ""25f416b020fd3e62a67dbf8c6522c9f239e716099b61cf5d05a59a91ffdef1f1"", ""source_url"": ""https://www.sec.gov/files/dera/data/financial-statement-data-sets/2010q2.zip""}, {""accession"": ""0001193125-13-172054"", ""cik"": ""0001377013"", ""evidence_kind"": ""sec_bulk_issuer_name_no_ticker"", ""filed_date"": ""2013-04-25"", ""historical_name"": ""TIME WARNER CABLE INC."", ""sha256"": ""7cc764386ea9cb01d62e1a9f4fac38dc9c741e96886a953ddaad2def4eb489c7"", ""source_url"": ""https://www.sec.gov/files/dera/data/financial-statement-data-sets/2013q2.zip""}, {""accession"": ""0001193125-12-066776"", ""cik"": ""0001377013"", ""evidence_kind"": ""sec_bulk_issuer_name_no_ticker"", ""filed_date"": ""2012-02-17"", ""historical_name"": ""TIME WARNER CABLE INC."", ""sha256"": ""42ed1a5ecac978d4338bd51cd4bc15bf60cc821291eea492f8172fc4e803d5f6"", ""source_url"": ""https://www.sec.gov/files/dera/data/financial-statement-data-sets/2012q1.zip""}]"
TWX,0001105705,2010-01-01,2016-01-01,corroborated_candidate,24,1,24,2010-02-19,2015-11-04,True,False,[],"[{""accession"": ""0001193125-15-365575"", ""cik"": ""0001105705"", ""evidence_kind"": ""sec_dei_ticker"", ""filed_date"": ""2015-11-04"", ""sha256"": ""013269bf8c5bbd8f1620d65af5b08fb75daed3fb62e1597f3ee315b79ba0f87d"", ""source_url"": ""https://www.sec.gov/Archives/edgar/data/1105705/000119312515365575/twx-20150930.xml""}, {""accession"": ""0000950123-10-014479"", ""cik"": ""0001105705"", ""evidence_kind"": ""sec_bulk_issuer_name_no_ticker"", ""filed_date"": ""2010-02-19"", ""historical_name"": ""TIME WARNER INC."", ""sha256"": ""2a4db2340ab1662d5135d7e17be1a58352c5959017350f0ef2174135f9996125"", ""source_url"": ""https://www.sec.gov/files/dera/data/financial-statement-data-sets/2010q1.zip""}, {""accession"": ""0001193125-13-190998"", ""cik"": ""0001105705"", ""evidence_kind"": ""sec_bulk_issuer_name_no_ticker"", ""filed_date"": ""2013-05-01"", ""historical_name"": ""TIME WARNER INC."", ""sha256"": ""7cc764386ea9cb01d62e1a9f4fac38dc9c741e96886a953ddaad2def4eb489c7"", ""source_url"": ""https://www.sec.gov/files/dera/data/financial-statement-data-sets/2013q2.zip""}, {""accession"": ""0001193125-12-077072"", ""cik"": ""0001105705"", ""evidence_kind"": ""sec_bulk_issuer_name_no_ticker"", ""filed_date"": ""2012-02-24"", ""historical_name"": ""TIME WARNER INC."", ""sha256"": ""42ed1a5ecac978d4338bd51cd4bc15bf60cc821291eea492f8172fc4e803d5f6"", ""source_url"": ""https://www.sec.gov/files/dera/data/financial-statement-data-sets/2012q1.zip""}]"
TXN,0000097476,2010-01-01,2016-01-01,corroborated_candidate,23,0,23,2010-02-23,2015-11-05,True,False,[],"[{""accession"": ""0001140361-10-007923"", ""cik"": ""0000097476"", ""evidence_kind"": ""sec_bulk_issuer_name_no_ticker"", ""filed_date"": ""2010-02-23"", ""historical_name"": ""TEXAS INSTRUMENTS INC"", ""sha256"": ""2a4db2340ab1662d5135d7e17be1a58352c5959017350f0ef2174135f9996125"", ""source_url"": ""https://www.sec.gov/files/dera/data/financial-statement-data-sets/2010q1.zip""}, {""accession"": ""0000097476-13-000028"", ""cik"": ""0000097476"", ""evidence_kind"": ""sec_bulk_issuer_name_no_ticker"", ""filed_date"": ""2013-05-03"", ""historical_name"": ""TEXAS INSTRUMENTS INC"", ""sha256"": ""7cc764386ea9cb01d62e1a9f4fac38dc9c741e96886a953ddaad2def4eb489c7"", ""source_url"": ""https://www.sec.gov/files/dera/data/financial-statement-data-sets/2013q2.zip""}, {""accession"": ""0000097476-12-000010"", ""cik"": ""0000097476"", ""evidence_kind"": ""sec_bulk_issuer_name_no_ticker"", ""filed_date"": ""2012-02-24"", ""historical_name"": ""TEXAS INSTRUMENTS INC"", ""sha256"": ""42ed1a5ecac978d4338bd51cd4bc15bf60cc821291eea492f8172fc4e803d5f6"", ""source_url"": ""https://www.sec.gov/files/dera/data/financial-statement-data-sets/2012q1.zip""}]"
TXT,0000217346,2010-01-01,2016-01-01,corroborated_candidate,24,0,24,2010-02-25,2015-10-28,True,False,[],"[{""accession"": ""0000950123-10-016801"", ""cik"": ""0000217346"", ""evidence_kind"": ""sec_bulk_issuer_name_no_ticker"", ""filed_date"": ""2010-02-25"", ""historical_name"": ""TEXTRON INC"", ""sha256"": ""2a4db2340ab1662d5135d7e17be1a58352c5959017350f0ef2174135f9996125"", ""source_url"": ""https://www.sec.gov/files/dera/data/financial-statement-data-sets/2010q1.zip""}, {""accession"": ""0001104659-13-032739"", ""cik"": ""0000217346"", ""evidence_kind"": ""sec_bulk_issuer_name_no_ticker"", ""filed_date"": ""2013-04-25"", ""historical_name"": ""TEXTRON INC"", ""sha256"": ""7cc764386ea9cb01d62e1a9f4fac38dc9c741e96886a953ddaad2def4eb489c7"", ""source_url"": ""https://www.sec.gov/files/dera/data/financial-statement-data-sets/2013q2.zip""}, {""accession"": ""0001193125-12-074981"", ""cik"": ""0000217346"", ""evidence_kind"": ""sec_bulk_issuer_name_no_ticker"", ""filed_date"": ""2012-02-23"", ""historical_name"": ""TEXTRON INC"", ""sha256"": ""42ed1a5ecac978d4338bd51cd4bc15bf60cc821291eea492f8172fc4e803d5f6"", ""source_url"": ""https://www.sec.gov/files/dera/data/financial-statement-data-sets/2012q1.zip""}]"
UAA,0001336917,2014-05-01,2016-01-01,ambiguous,7,0,7,2014-05-07,2015-11-04,True,False,['UA'],"[{""accession"": ""0001336917-14-000020"", ""cik"": ""0001336917"", ""evidence_kind"": ""sec_bulk_issuer_name_no_ticker"", ""filed_date"": ""2014-05-07"", ""historical_name"": ""UNDER ARMOUR, INC."", ""sha256"": ""ab03600231a08369a980a31dde8bb78b6cd49f56d39ab7b90ca5bc0cfd52aa7f"", ""source_url"": ""https://www.sec.gov/files/dera/data/financial-statement-data-sets/2014q2.zip""}, {""accession"": ""0001336917-15-000006"", ""cik"": ""0001336917"", ""evidence_kind"": ""sec_bulk_issuer_name_no_ticker"", ""filed_date"": ""2015-02-20"", ""historical_name"": ""UNDER ARMOUR, INC."", ""sha256"": ""baa9e434480b8299593b781e8156f855e0c4548677329f166f495cbae287e52e"", ""source_url"": ""https://www.sec.gov/files/dera/data/financial-statement-data-sets/2015q1.zip""}, {""accession"": ""0001336917-15-000050"", ""cik"": ""0001336917"", ""evidence_kind"": ""sec_bulk_issuer_name_no_ticker"", ""filed_date"": ""2015-11-04"", ""historical_name"": ""UNDER ARMOUR, INC."", ""sha256"": ""1723b41ef2a1d3ea6595f6052ef229a80e03cd183391ca9e297a894f9e589d83"", ""source_url"": ""https://www.sec.gov/files/dera/data/financial-statement-data-sets/2015q4.zip""}]"
UAL,0000100517,2015-09-03,2016-01-01,unresolved,1,1,1,2015-10-22,2015-10-22,False,True,[],"[{""accession"": ""0001193125-15-350093"", ""cik"": ""0000100517"", ""evidence_kind"": ""sec_dei_ticker"", ""filed_date"": ""2015-10-22"", ""sha256"": ""de3c7d8e1aa3fcad4bef0dfba415aa908fe2253d887d4f27e70855a83f633e9d"", ""source_url"": ""https://www.sec.gov/Archives/edgar/data/100517/000119312515350093/ual-20150930.xml""}, {""evidence_kind"": ""sec_official_name_chain_no_ticker"", ""sha256"": ""cae8ad329f5cbdc6d382e5cd6dbd4d8ff867405c5d1e769dd18051f18883ed7a"", ""source_url"": ""https://data.sec.gov/submissions/CIK0000100517.json""}]"
UHS,0000352915,2014-09-22,2016-01-01,confirmed_by_multiple_evidence,3,3,5,2014-11-07,2015-11-06,True,False,[],"[{""accession"": ""0001193125-14-402037"", ""cik"": ""0000352915"", ""evidence_kind"": ""sec_dei_ticker"", ""filed_date"": ""2014-11-07"", ""sha256"": ""4ebcabbaadc968cb9753354f8f82991fc68db21624bdffa006f320715a06b878"", ""source_url"": ""https://www.sec.gov/Archives/edgar/data/352915/000119312514402037/uhs-20140930.xml""}, {""accession"": ""0001193125-15-178216"", ""cik"": ""0000352915"", ""evidence_kind"": ""sec_dei_ticker"", ""filed_date"": ""2015-05-08"", ""sha256"": ""a83553a34ebcc63c97c4e1fffe697438689d1fa7592bf3cd696ebbccd52ee0bd"", ""source_url"": ""https://www.sec.gov/Archives/edgar/data/352915/000119312515178216/uhs-20150331.xml""}, {""accession"": ""0001564590-15-009816"", ""cik"": ""0000352915"", ""evidence_kind"": ""sec_dei_ticker"", ""filed_date"": ""2015-11-06"", ""sha256"": ""12651d1547821773bbe862cba3a5baf63a87135602a824f3745e0a6cd3e58d2a"", ""source_url"": ""https://www.sec.gov/Archives/edgar/data/352915/000156459015009816/uhs-20150930.xml""}]"
UNH,0000731766,2010-01-01,2016-01-01,corroborated_candidate,24,1,24,2010-02-10,2015-11-05,True,False,[],"[{""accession"": ""0001193125-10-027229"", ""cik"": ""0000731766"", ""evidence_kind"": ""sec_dei_ticker"", ""filed_date"": ""2010-02-10"", ""sha256"": ""89be2fa8e50269af9e52755da930011aec899c34e6b209a72e019892c347c3f8"", ""source_url"": ""https://www.sec.gov/Archives/edgar/data/731766/000119312510027229/unh-20091231.xml""}, {""accession"": ""0000731766-13-000014"", ""cik"": ""0000731766"", ""evidence_kind"": ""sec_bulk_issuer_name_no_ticker"", ""filed_date"": ""2013-05-06"", ""historical_name"": ""UNITEDHEALTH GROUP INC"", ""sha256"": ""7cc764386ea9cb01d62e1a9f4fac38dc9c741e96886a953ddaad2def4eb489c7"", ""source_url"": ""https://www.sec.gov/files/dera/data/financial-statement-data-sets/2013q2.zip""}, {""accession"": ""0000731766-12-000009"", ""cik"": ""0000731766"", ""evidence_kind"": ""sec_bulk_issuer_name_no_ticker"", ""filed_date"": ""2012-02-09"", ""historical_name"": ""UNITEDHEALTH GROUP INC"", ""sha256"": ""42ed1a5ecac978d4338bd51cd4bc15bf60cc821291eea492f8172fc4e803d5f6"", ""source_url"": ""https://www.sec.gov/files/dera/data/financial-statement-data-sets/2012q1.zip""}]"
UNM,0000005513,2010-01-01,2016-01-01,confirmed_by_multiple_evidence,3,3,24,2010-02-26,2015-10-29,True,False,[],"[{""accession"": ""0000005513-13-000007"", ""cik"": ""0000005513"", ""evidence_kind"": ""sec_dei_ticker"", ""filed_date"": ""2013-02-22"", ""sha256"": ""459623ab0f6263ef3f1480b1451b6165db6c71484c61a1085e7cdd8f9137ea3c"", ""source_url"": ""https://www.sec.gov/Archives/edgar/data/5513/000000551313000007/unm-20121231.xml""}, {""accession"": ""0000005513-15-000038"", ""cik"": ""0000005513"", ""evidence_kind"": ""sec_dei_ticker"", ""filed_date"": ""2015-10-29"", ""sha256"": ""aa362738dd5c1876824eb6fd9309632d606cb7d365a4cc9c579240cb374f4e7f"", ""source_url"": ""https://www.sec.gov/Archives/edgar/data/5513/000000551315000038/unm-20150930.xml""}, {""accession"": ""0001193125-10-042716"", ""cik"": ""0000005513"", ""evidence_kind"": ""sec_dei_ticker"", ""filed_date"": ""2010-02-26"", ""sha256"": ""54d73dd65759868f1adde41d36c479fa258c063a20c19fbdcd74c86316bb6d54"", ""source_url"": ""https://www.sec.gov/Archives/edgar/data/5513/000119312510042716/unm-20091231.xml""}, {""accession"": ""0000005513-13-000012"", ""cik"": ""0000005513"", ""evidence_kind"": ""sec_bulk_issuer_name_no_ticker"", ""filed_date"": ""2013-05-02"", ""historical_name"": ""UNUM GROUP"", ""sha256"": ""7cc764386ea9cb01d62e1a9f4fac38dc9c741e96886a953ddaad2def4eb489c7"", ""source_url"": ""https://www.sec.gov/files/dera/data/financial-statement-data-sets/2013q2.zip""}, {""accession"": ""0000005513-12-000006"", ""cik"": ""0000005513"", ""evidence_kind"": ""sec_bulk_issuer_name_no_ticker"", ""filed_date"": ""2012-02-24"", ""historical_name"": ""UNUM GROUP"", ""sha256"": ""42ed1a5ecac978d4338bd51cd4bc15bf60cc821291eea492f8172fc4e803d5f6"", ""source_url"": ""https://www.sec.gov/files/dera/data/financial-statement-data-sets/2012q1.zip""}]"
UNP,0000100885,2010-01-01,2016-01-01,corroborated_candidate,24,1,24,2010-02-05,2015-10-22,True,False,[],"[{""accession"": ""0000100885-15-000190"", ""cik"": ""0000100885"", ""evidence_kind"": ""sec_dei_ticker"", ""filed_date"": ""2015-10-22"", ""sha256"": ""daa91f1c11c9023bda906c8ff765dbfc6800a2a6e00dfc6fb9e7f40e6de55f81"", ""source_url"": ""https://www.sec.gov/Archives/edgar/data/100885/000010088515000190/unp-20150930.xml""}, {""accession"": ""0001193125-10-023294"", ""cik"": ""0000100885"", ""evidence_kind"": ""sec_bulk_issuer_name_no_ticker"", ""filed_date"": ""2010-02-05"", ""historical_name"": ""UNION PACIFIC CORP"", ""sha256"": ""2a4db2340ab1662d5135d7e17be1a58352c5959017350f0ef2174135f9996125"", ""source_url"": ""https://www.sec.gov/files/dera/data/financial-statement-data-sets/2010q1.zip""}, {""accession"": ""0001193125-13-160892"", ""cik"": ""0000100885"", ""evidence_kind"": ""sec_bulk_issuer_name_no_ticker"", ""filed_date"": ""2013-04-18"", ""historical_name"": ""UNION PACIFIC CORP"", ""sha256"": ""7cc764386ea9cb01d62e1a9f4fac38dc9c741e96886a953ddaad2def4eb489c7"", ""source_url"": ""https://www.sec.gov/files/dera/data/financial-statement-data-sets/2013q2.zip""}, {""accession"": ""0001193125-12-038569"", ""cik"": ""0000100885"", ""evidence_kind"": ""sec_bulk_issuer_name_no_ticker"", ""filed_date"": ""2012-02-03"", ""historical_name"": ""UNION PACIFIC CORP"", ""sha256"": ""42ed1a5ecac978d4338bd51cd4bc15bf60cc821291eea492f8172fc4e803d5f6"", ""source_url"": ""https://www.sec.gov/files/dera/data/financial-statement-data-sets/2012q1.zip""}]"
UPS,0001090727,2010-01-01,2016-01-01,confirmed_by_multiple_evidence,3,3,24,2010-02-26,2015-11-05,True,False,[],"[{""accession"": ""0001090727-13-000005"", ""cik"": ""0001090727"", ""evidence_kind"": ""sec_dei_ticker"", ""filed_date"": ""2013-02-28"", ""sha256"": ""5d8ec7e76e31acb49267b2e2a7f877ca14e8df51ba85e606eaabe1130e82a893"", ""source_url"": ""https://www.sec.gov/Archives/edgar/data/1090727/000109072713000005/ups-20121231.xml""}, {""accession"": ""0001090727-15-000043"", ""cik"": ""0001090727"", ""evidence_kind"": ""sec_dei_ticker"", ""filed_date"": ""2015-11-05"", ""sha256"": ""5c19602e3d66e84cf47d90e76a7de369889850e2c631c6310bf436e412ac15f1"", ""source_url"": ""https://www.sec.gov/Archives/edgar/data/1090727/000109072715000043/ups-20150930.xml""}, {""accession"": ""0001193125-10-042908"", ""cik"": ""0001090727"", ""evidence_kind"": ""sec_dei_ticker"", ""filed_date"": ""2010-02-26"", ""sha256"": ""44d95679bbd1fb0dc3b66462a1e502c4d380ab7b184a325164c64cb718c9061a"", ""source_url"": ""https://www.sec.gov/Archives/edgar/data/1090727/000119312510042908/ups-20091231.xml""}, {""accession"": ""0001090727-13-000012"", ""cik"": ""0001090727"", ""evidence_kind"": ""sec_bulk_issuer_name_no_ticker"", ""filed_date"": ""2013-05-03"", ""historical_name"": ""UNITED PARCEL SERVICE INC"", ""sha256"": ""7cc764386ea9cb01d62e1a9f4fac38dc9c741e96886a953ddaad2def4eb489c7"", ""source_url"": ""https://www.sec.gov/files/dera/data/financial-statement-data-sets/2013q2.zip""}, {""accession"": ""0001193125-12-081067"", ""cik"": ""0001090727"", ""evidence_kind"": ""sec_bulk_issuer_name_no_ticker"", ""filed_date"": ""2012-02-27"", ""historical_name"": ""UNITED PARCEL SERVICE INC"", ""sha256"": ""42ed1a5ecac978d4338bd51cd4bc15bf60cc821291eea492f8172fc4e803d5f6"", ""source_url"": ""https://www.sec.gov/files/dera/data/financial-statement-data-sets/2012q1.zip""}]"
URBN,0000912615,2010-02-08,2016-01-01,confirmed_by_multiple_evidence,3,3,22,2010-09-08,2015-12-08,True,False,[],"[{""accession"": ""0001193125-10-206514"", ""cik"": ""0000912615"", ""evidence_kind"": ""sec_dei_ticker"", ""filed_date"": ""2010-09-08"", ""sha256"": ""0fd4386b32df0afe532c3d74dcdfb4e09917616a580a732f0671f31a929a8974"", ""source_url"": ""https://www.sec.gov/Archives/edgar/data/912615/000119312510206514/urbn-20100731.xml""}, {""accession"": ""0001193125-13-253439"", ""cik"": ""0000912615"", ""evidence_kind"": ""sec_dei_ticker"", ""filed_date"": ""2013-06-10"", ""sha256"": ""b5ee0bc39d2898d1c6c669e970543e1d26089938f646ff1e0e311b0091ac7149"", ""source_url"": ""https://www.sec.gov/Archives/edgar/data/912615/000119312513253439/urbn-20130430.xml""}, {""accession"": ""0001193125-15-397753"", ""cik"": ""0000912615"", ""evidence_kind"": ""sec_dei_ticker"", ""filed_date"": ""2015-12-08"", ""sha256"": ""2e34e0ed654867c962049e8f734447326c30c349985297fd8b8d403af91f48b7"", ""source_url"": ""https://www.sec.gov/Archives/edgar/data/912615/000119312515397753/urbn-20151031.xml""}]"
URI,0001067701,2014-09-22,2016-01-01,corroborated_candidate,5,0,5,2014-10-15,2015-10-21,True,False,[],"[{""accession"": ""0001067701-14-000033"", ""cik"": ""0001067701"", ""evidence_kind"": ""sec_bulk_issuer_name_no_ticker"", ""filed_date"": ""2014-10-15"", ""historical_name"": ""UNITED RENTALS INC /DE"", ""sha256"": ""c82395b7df380a95b30d652784372a5439dea9ed750d89784822bb643cbc4930"", ""source_url"": ""https://www.sec.gov/files/dera/data/financial-statement-data-sets/2014q4.zip""}, {""accession"": ""0001067701-15-000012"", ""cik"": ""0001067701"", ""evidence_kind"": ""sec_bulk_issuer_name_no_ticker"", ""filed_date"": ""2015-04-21"", ""historical_name"": ""UNITED RENTALS INC /DE"", ""sha256"": ""d3cac325930af6ef145d26fb7e035d7933e900ce174a11adaabb33abd87fbfa1"", ""source_url"": ""https://www.sec.gov/files/dera/data/financial-statement-data-sets/2015q2.zip""}, {""accession"": ""0001067701-15-000031"", ""cik"": ""0001067701"", ""evidence_kind"": ""sec_bulk_issuer_name_no_ticker"", ""filed_date"": ""2015-10-21"", ""historical_name"": ""UNITED RENTALS INC /DE"", ""sha256"": ""1723b41ef2a1d3ea6595f6052ef229a80e03cd183391ca9e297a894f9e589d83"", ""source_url"": ""https://www.sec.gov/files/dera/data/financial-statement-data-sets/2015q4.zip""}]"
USB,0000036104,2010-01-01,2016-01-01,confirmed_by_multiple_evidence,2,2,24,2010-02-26,2015-11-04,True,False,[],"[{""accession"": ""0001193125-13-071069"", ""cik"": ""0000036104"", ""evidence_kind"": ""sec_dei_ticker"", ""filed_date"": ""2013-02-22"", ""sha256"": ""ddb21b6ee424d58e3fb754c5465ce840ba483e16d2ba421d913546f97d94531e"", ""source_url"": ""https://www.sec.gov/Archives/edgar/data/36104/000119312513071069/usb-20121231.xml""}, {""accession"": ""0001193125-15-366273"", ""cik"": ""0000036104"", ""evidence_kind"": ""sec_dei_ticker"", ""filed_date"": ""2015-11-04"", ""sha256"": ""a26fcf11627e3f807f370142d0fb8599512d8fcd6d69cc6ee41ae9287a693b76"", ""source_url"": ""https://www.sec.gov/Archives/edgar/data/36104/000119312515366273/usb-20150930.xml""}, {""accession"": ""0000950123-10-018123"", ""cik"": ""0000036104"", ""evidence_kind"": ""sec_bulk_issuer_name_no_ticker"", ""filed_date"": ""2010-02-26"", ""historical_name"": ""US BANCORP \\DE\\"", ""sha256"": ""2a4db2340ab1662d5135d7e17be1a58352c5959017350f0ef2174135f9996125"", ""source_url"": ""https://www.sec.gov/files/dera/data/financial-statement-data-sets/2010q1.zip""}, {""accession"": ""0001193125-13-199123"", ""cik"": ""0000036104"", ""evidence_kind"": ""sec_bulk_issuer_name_no_ticker"", ""filed_date"": ""2013-05-03"", ""historical_name"": ""US BANCORP DE"", ""sha256"": ""7cc764386ea9cb01d62e1a9f4fac38dc9c741e96886a953ddaad2def4eb489c7"", ""source_url"": ""https://www.sec.gov/files/dera/data/financial-statement-data-sets/2013q2.zip""}, {""accession"": ""0001193125-12-075125"", ""cik"": ""0000036104"", ""evidence_kind"": ""sec_bulk_issuer_name_no_ticker"", ""filed_date"": ""2012-02-23"", ""historical_name"": ""US BANCORP \\DE\\"", ""sha256"": ""42ed1a5ecac978d4338bd51cd4bc15bf60cc821291eea492f8172fc4e803d5f6"", ""source_url"": ""https://www.sec.gov/files/dera/data/financial-statement-data-sets/2012q1.zip""}]"
UTX,0000101829,2010-01-01,2016-01-01,corroborated_candidate,24,0,24,2010-02-11,2015-10-23,True,False,[],"[{""accession"": ""0001193125-10-027861"", ""cik"": ""0000101829"", ""evidence_kind"": ""sec_bulk_issuer_name_no_ticker"", ""filed_date"": ""2010-02-11"", ""historical_name"": ""UNITED TECHNOLOGIES CORP /DE/"", ""sha256"": ""2a4db2340ab1662d5135d7e17be1a58352c5959017350f0ef2174135f9996125"", ""source_url"": ""https://www.sec.gov/files/dera/data/financial-statement-data-sets/2010q1.zip""}, {""accession"": ""0000101829-13-000007"", ""cik"": ""0000101829"", ""evidence_kind"": ""sec_bulk_issuer_name_no_ticker"", ""filed_date"": ""2013-04-26"", ""historical_name"": ""UNITED TECHNOLOGIES CORP /DE/"", ""sha256"": ""7cc764386ea9cb01d62e1a9f4fac38dc9c741e96886a953ddaad2def4eb489c7"", ""source_url"": ""https://www.sec.gov/files/dera/data/financial-statement-data-sets/2013q2.zip""}, {""accession"": ""0001193125-12-047752"", ""cik"": ""0000101829"", ""evidence_kind"": ""sec_bulk_issuer_name_no_ticker"", ""filed_date"": ""2012-02-09"", ""historical_name"": ""UNITED TECHNOLOGIES CORP /DE/"", ""sha256"": ""42ed1a5ecac978d4338bd51cd4bc15bf60cc821291eea492f8172fc4e803d5f6"", ""source_url"": ""https://www.sec.gov/files/dera/data/financial-statement-data-sets/2012q1.zip""}]"
V,0001403161,2010-01-01,2016-01-01,corroborated_candidate,24,1,24,2010-02-03,2015-11-20,True,False,[],"[{""accession"": ""0001193125-10-020834"", ""cik"": ""0001403161"", ""evidence_kind"": ""sec_dei_ticker"", ""filed_date"": ""2010-02-03"", ""sha256"": ""a116e8ece8b41f4c3f1485c700628329ba7ccc019511ae8a5717690bbea4c86b"", ""source_url"": ""https://www.sec.gov/Archives/edgar/data/1403161/000119312510020834/v-20091231.xml""}, {""accession"": ""0001403161-13-000004"", ""cik"": ""0001403161"", ""evidence_kind"": ""sec_bulk_issuer_name_no_ticker"", ""filed_date"": ""2013-05-01"", ""historical_name"": ""VISA INC."", ""sha256"": ""7cc764386ea9cb01d62e1a9f4fac38dc9c741e96886a953ddaad2def4eb489c7"", ""source_url"": ""https://www.sec.gov/files/dera/data/financial-statement-data-sets/2013q2.zip""}, {""accession"": ""0001445305-12-000234"", ""cik"": ""0001403161"", ""evidence_kind"": ""sec_bulk_issuer_name_no_ticker"", ""filed_date"": ""2012-02-08"", ""historical_name"": ""VISA INC."", ""sha256"": ""42ed1a5ecac978d4338bd51cd4bc15bf60cc821291eea492f8172fc4e803d5f6"", ""source_url"": ""https://www.sec.gov/files/dera/data/financial-statement-data-sets/2012q1.zip""}]"
VAR,0000203527,2010-01-01,2016-01-01,confirmed_by_multiple_evidence,3,3,24,2010-02-09,2015-11-25,True,False,[],"[{""accession"": ""0001193125-10-025672"", ""cik"": ""0000203527"", ""evidence_kind"": ""sec_dei_ticker"", ""filed_date"": ""2010-02-09"", ""sha256"": ""467f125a2ce03f3e3774eac6095e48a0f8c66b845483d5d4bc3f5ea8ba8ddccb"", ""source_url"": ""https://www.sec.gov/Archives/edgar/data/203527/000119312510025672/var-20100101.xml""}, {""accession"": ""0001193125-13-038751"", ""cik"": ""0000203527"", ""evidence_kind"": ""sec_dei_ticker"", ""filed_date"": ""2013-02-05"", ""sha256"": ""3483f0867d6c49b78c25a1ecbc51b28751340628ba8eec71794a9c52a807b96b"", ""source_url"": ""https://www.sec.gov/Archives/edgar/data/203527/000119312513038751/var-20121228.xml""}, {""accession"": ""0001628280-15-008998"", ""cik"": ""0000203527"", ""evidence_kind"": ""sec_dei_ticker"", ""filed_date"": ""2015-11-25"", ""sha256"": ""c1ba356dae8bd73a9a843711f17ddd2d53292b963005e42ff9ec40992cd450fb"", ""source_url"": ""https://www.sec.gov/Archives/edgar/data/203527/000162828015008998/var-20151002.xml""}, {""accession"": ""0001193125-13-207636"", ""cik"": ""0000203527"", ""evidence_kind"": ""sec_bulk_issuer_name_no_ticker"", ""filed_date"": ""2013-05-08"", ""historical_name"": ""VARIAN MEDICAL SYSTEMS INC"", ""sha256"": ""7cc764386ea9cb01d62e1a9f4fac38dc9c741e96886a953ddaad2def4eb489c7"", ""source_url"": ""https://www.sec.gov/files/dera/data/financial-statement-data-sets/2013q2.zip""}, {""accession"": ""0001193125-12-043938"", ""cik"": ""0000203527"", ""evidence_kind"": ""sec_bulk_issuer_name_no_ticker"", ""filed_date"": ""2012-02-07"", ""historical_name"": ""VARIAN MEDICAL SYSTEMS INC"", ""sha256"": ""42ed1a5ecac978d4338bd51cd4bc15bf60cc821291eea492f8172fc4e803d5f6"", ""source_url"": ""https://www.sec.gov/files/dera/data/financial-statement-data-sets/2012q1.zip""}]"
VFC,0000103379,2010-01-01,2016-01-01,confirmed_by_multiple_evidence,2,2,24,2010-03-03,2015-11-06,True,False,[],"[{""accession"": ""0001193125-13-079974"", ""cik"": ""0000103379"", ""evidence_kind"": ""sec_dei_ticker"", ""filed_date"": ""2013-02-27"", ""sha256"": ""724054a10c466aef012c8dffcc3b64f251ea62649736e507cdb08dd2249f76bc"", ""source_url"": ""https://www.sec.gov/Archives/edgar/data/103379/000119312513079974/vfc-20121229.xml""}, {""accession"": ""0001193125-15-369938"", ""cik"": ""0000103379"", ""evidence_kind"": ""sec_dei_ticker"", ""filed_date"": ""2015-11-06"", ""sha256"": ""b0bbfad4e6a6a448d3cfb94372289f36a4af3668475c04234ff60fbd78fd10fd"", ""source_url"": ""https://www.sec.gov/Archives/edgar/data/103379/000119312515369938/vfc-20151003.xml""}, {""accession"": ""0000950123-10-020525"", ""cik"": ""0000103379"", ""evidence_kind"": ""sec_bulk_issuer_name_no_ticker"", ""filed_date"": ""2010-03-03"", ""historical_name"": ""V F CORP"", ""sha256"": ""2a4db2340ab1662d5135d7e17be1a58352c5959017350f0ef2174135f9996125"", ""source_url"": ""https://www.sec.gov/files/dera/data/financial-statement-data-sets/2010q1.zip""}, {""accession"": ""0001193125-13-206864"", ""cik"": ""0000103379"", ""evidence_kind"": ""sec_bulk_issuer_name_no_ticker"", ""filed_date"": ""2013-05-08"", ""historical_name"": ""V F CORP"", ""sha256"": ""7cc764386ea9cb01d62e1a9f4fac38dc9c741e96886a953ddaad2def4eb489c7"", ""source_url"": ""https://www.sec.gov/files/dera/data/financial-statement-data-sets/2013q2.zip""}, {""accession"": ""0001193125-12-088711"", ""cik"": ""0000103379"", ""evidence_kind"": ""sec_bulk_issuer_name_no_ticker"", ""filed_date"": ""2012-02-29"", ""historical_name"": ""V F CORP"", ""sha256"": ""42ed1a5ecac978d4338bd51cd4bc15bf60cc821291eea492f8172fc4e803d5f6"", ""source_url"": ""https://www.sec.gov/files/dera/data/financial-statement-data-sets/2012q1.zip""}]"
VIAB,0001339947,2010-01-01,2016-01-01,corroborated_candidate,24,0,24,2010-02-11,2015-11-12,True,False,[],"[{""accession"": ""0001193125-10-028165"", ""cik"": ""0001339947"", ""evidence_kind"": ""sec_bulk_issuer_name_no_ticker"", ""filed_date"": ""2010-02-11"", ""historical_name"": ""VIACOM INC."", ""sha256"": ""2a4db2340ab1662d5135d7e17be1a58352c5959017350f0ef2174135f9996125"", ""source_url"": ""https://www.sec.gov/files/dera/data/financial-statement-data-sets/2010q1.zip""}, {""accession"": ""0001193125-13-190348"", ""cik"": ""0001339947"", ""evidence_kind"": ""sec_bulk_issuer_name_no_ticker"", ""filed_date"": ""2013-05-01"", ""historical_name"": ""VIACOM INC."", ""sha256"": ""7cc764386ea9cb01d62e1a9f4fac38dc9c741e96886a953ddaad2def4eb489c7"", ""source_url"": ""https://www.sec.gov/files/dera/data/financial-statement-data-sets/2013q2.zip""}, {""accession"": ""0001193125-12-035760"", ""cik"": ""0001339947"", ""evidence_kind"": ""sec_bulk_issuer_name_no_ticker"", ""filed_date"": ""2012-02-02"", ""historical_name"": ""VIACOM INC."", ""sha256"": ""42ed1a5ecac978d4338bd51cd4bc15bf60cc821291eea492f8172fc4e803d5f6"", ""source_url"": ""https://www.sec.gov/files/dera/data/financial-statement-data-sets/2012q1.zip""}]"
VLO,0001035002,2010-01-01,2016-01-01,corroborated_candidate,24,0,24,2010-02-26,2015-11-04,True,False,[],"[{""accession"": ""0000950123-10-018097"", ""cik"": ""0001035002"", ""evidence_kind"": ""sec_bulk_issuer_name_no_ticker"", ""filed_date"": ""2010-02-26"", ""historical_name"": ""VALERO ENERGY CORP/TX"", ""sha256"": ""2a4db2340ab1662d5135d7e17be1a58352c5959017350f0ef2174135f9996125"", ""source_url"": ""https://www.sec.gov/files/dera/data/financial-statement-data-sets/2010q1.zip""}, {""accession"": ""0001035002-13-000037"", ""cik"": ""0001035002"", ""evidence_kind"": ""sec_bulk_issuer_name_no_ticker"", ""filed_date"": ""2013-05-08"", ""historical_name"": ""VALERO ENERGY CORP/TX"", ""sha256"": ""7cc764386ea9cb01d62e1a9f4fac38dc9c741e96886a953ddaad2def4eb489c7"", ""source_url"": ""https://www.sec.gov/files/dera/data/financial-statement-data-sets/2013q2.zip""}, {""accession"": ""0001035002-12-000008"", ""cik"": ""0001035002"", ""evidence_kind"": ""sec_bulk_issuer_name_no_ticker"", ""filed_date"": ""2012-02-24"", ""historical_name"": ""VALERO ENERGY CORP/TX"", ""sha256"": ""42ed1a5ecac978d4338bd51cd4bc15bf60cc821291eea492f8172fc4e803d5f6"", ""source_url"": ""https://www.sec.gov/files/dera/data/financial-statement-data-sets/2012q1.zip""}]"
VMC,0001396009,2010-01-01,2016-01-01,confirmed_by_multiple_evidence,2,2,24,2010-02-26,2015-11-04,True,False,[],"[{""accession"": ""0001193125-13-084128"", ""cik"": ""0001396009"", ""evidence_kind"": ""sec_dei_ticker"", ""filed_date"": ""2013-02-28"", ""sha256"": ""87ba40bcbe9a025b3f00a2554a3c04adabde8185dbebfe86e52fc3253ca7c38f"", ""source_url"": ""https://www.sec.gov/Archives/edgar/data/1396009/000119312513084128/vmc-20121231.xml""}, {""accession"": ""0001396009-15-000036"", ""cik"": ""0001396009"", ""evidence_kind"": ""sec_dei_ticker"", ""filed_date"": ""2015-11-04"", ""sha256"": ""36dd36bf35edc2872bf6267f7fe2dbfd1168c1851da9f7e55f26f44f95ea7bdf"", ""source_url"": ""https://www.sec.gov/Archives/edgar/data/1396009/000139600915000036/vmc-20150930.xml""}, {""accession"": ""0000950123-10-018400"", ""cik"": ""0001396009"", ""evidence_kind"": ""sec_bulk_issuer_name_no_ticker"", ""filed_date"": ""2010-02-26"", ""historical_name"": ""VULCAN MATERIALS CO"", ""sha256"": ""2a4db2340ab1662d5135d7e17be1a58352c5959017350f0ef2174135f9996125"", ""source_url"": ""https://www.sec.gov/files/dera/data/financial-statement-data-sets/2010q1.zip""}, {""accession"": ""0001193125-13-203394"", ""cik"": ""0001396009"", ""evidence_kind"": ""sec_bulk_issuer_name_no_ticker"", ""filed_date"": ""2013-05-07"", ""historical_name"": ""VULCAN MATERIALS CO"", ""sha256"": ""7cc764386ea9cb01d62e1a9f4fac38dc9c741e96886a953ddaad2def4eb489c7"", ""source_url"": ""https://www.sec.gov/files/dera/data/financial-statement-data-sets/2013q2.zip""}, {""accession"": ""0001193125-12-089430"", ""cik"": ""0001396009"", ""evidence_kind"": ""sec_bulk_issuer_name_no_ticker"", ""filed_date"": ""2012-02-29"", ""historical_name"": ""VULCAN MATERIALS CO"", ""sha256"": ""42ed1a5ecac978d4338bd51cd4bc15bf60cc821291eea492f8172fc4e803d5f6"", ""source_url"": ""https://www.sec.gov/files/dera/data/financial-statement-data-sets/2012q1.zip""}]"
VNO,0000899689,2010-01-01,2016-01-01,corroborated_candidate,23,1,23,2010-02-23,2015-11-02,True,False,[],"[{""accession"": ""0000899689-15-000037"", ""cik"": ""0000899689"", ""evidence_kind"": ""sec_dei_ticker"", ""filed_date"": ""2015-11-02"", ""sha256"": ""6af39003734c672b9bdfc5dc4b8b28274ccf2fd5de712e2a3d90a296be6708c5"", ""source_url"": ""https://www.sec.gov/Archives/edgar/data/899689/000089968915000037/vno-20150930.xml""}, {""accession"": ""0000899689-10-000004"", ""cik"": ""0000899689"", ""evidence_kind"": ""sec_bulk_issuer_name_no_ticker"", ""filed_date"": ""2010-02-23"", ""historical_name"": ""VORNADO REALTY TRUST"", ""sha256"": ""2a4db2340ab1662d5135d7e17be1a58352c5959017350f0ef2174135f9996125"", ""source_url"": ""https://www.sec.gov/files/dera/data/financial-statement-data-sets/2010q1.zip""}, {""accession"": ""0000899689-13-000015"", ""cik"": ""0000899689"", ""evidence_kind"": ""sec_bulk_issuer_name_no_ticker"", ""filed_date"": ""2013-05-06"", ""historical_name"": ""VORNADO REALTY TRUST"", ""sha256"": ""7cc764386ea9cb01d62e1a9f4fac38dc9c741e96886a953ddaad2def4eb489c7"", ""source_url"": ""https://www.sec.gov/files/dera/data/financial-statement-data-sets/2013q2.zip""}, {""accession"": ""0000899689-12-000004"", ""cik"": ""0000899689"", ""evidence_kind"": ""sec_bulk_issuer_name_no_ticker"", ""filed_date"": ""2012-02-27"", ""historical_name"": ""VORNADO REALTY TRUST"", ""sha256"": ""42ed1a5ecac978d4338bd51cd4bc15bf60cc821291eea492f8172fc4e803d5f6"", ""source_url"": ""https://www.sec.gov/files/dera/data/financial-statement-data-sets/2012q1.zip""}]"
VRSK,0001442145,2015-10-08,2016-01-01,unresolved,1,1,1,2015-10-27,2015-10-27,True,True,[],"[{""accession"": ""0001442145-15-000046"", ""cik"": ""0001442145"", ""evidence_kind"": ""sec_dei_ticker"", ""filed_date"": ""2015-10-27"", ""sha256"": ""1ade584c4d1e1292e2524465fec5a8b6fbf58ac1867c4515cff814af32e83d6c"", ""source_url"": ""https://www.sec.gov/Archives/edgar/data/1442145/000144214515000046/vrsk-20150930.xml""}, {""evidence_kind"": ""sec_official_name_chain_no_ticker"", ""sha256"": ""5545d367728184b0f32d1c69f435ba347725aecf741a4cabb04a63b676464f07"", ""source_url"": ""https://data.sec.gov/submissions/CIK0001442145.json""}]"
VRSN,0001014473,2010-01-01,2016-01-01,corroborated_candidate,24,1,24,2010-02-26,2015-10-22,True,False,[],"[{""accession"": ""0001193125-10-043162"", ""cik"": ""0001014473"", ""evidence_kind"": ""sec_dei_ticker"", ""filed_date"": ""2010-02-26"", ""sha256"": ""bd932c60e552de617081bac6ec855c13e116c9cd287a8ae162d3b83db8580942"", ""source_url"": ""https://www.sec.gov/Archives/edgar/data/1014473/000119312510043162/vrsn-20091231.xml""}, {""accession"": ""0001014473-13-000029"", ""cik"": ""0001014473"", ""evidence_kind"": ""sec_bulk_issuer_name_no_ticker"", ""filed_date"": ""2013-04-25"", ""historical_name"": ""VERISIGN INC/CA"", ""sha256"": ""7cc764386ea9cb01d62e1a9f4fac38dc9c741e96886a953ddaad2def4eb489c7"", ""source_url"": ""https://www.sec.gov/files/dera/data/financial-statement-data-sets/2013q2.zip""}, {""accession"": ""0001193125-12-077600"", ""cik"": ""0001014473"", ""evidence_kind"": ""sec_bulk_issuer_name_no_ticker"", ""filed_date"": ""2012-02-24"", ""historical_name"": ""VERISIGN INC/CA"", ""sha256"": ""42ed1a5ecac978d4338bd51cd4bc15bf60cc821291eea492f8172fc4e803d5f6"", ""source_url"": ""https://www.sec.gov/files/dera/data/financial-statement-data-sets/2012q1.zip""}]"
VRTX,0000875320,2013-09-23,2016-01-01,corroborated_candidate,9,0,9,2013-11-07,2015-10-30,True,False,[],"[{""accession"": ""0000875320-13-000045"", ""cik"": ""0000875320"", ""evidence_kind"": ""sec_bulk_issuer_name_no_ticker"", ""filed_date"": ""2013-11-07"", ""historical_name"": ""VERTEX PHARMACEUTICALS INC / MA"", ""sha256"": ""7781ac25ddbd4f6eb8eb85e838656181fb06e8bc16b1dd5efccb9e21f8f5baa7"", ""source_url"": ""https://www.sec.gov/files/dera/data/financial-statement-data-sets/2013q4.zip""}, {""accession"": ""0000875320-14-000063"", ""cik"": ""0000875320"", ""evidence_kind"": ""sec_bulk_issuer_name_no_ticker"", ""filed_date"": ""2014-11-06"", ""historical_name"": ""VERTEX PHARMACEUTICALS INC / MA"", ""sha256"": ""c82395b7df380a95b30d652784372a5439dea9ed750d89784822bb643cbc4930"", ""source_url"": ""https://www.sec.gov/files/dera/data/financial-statement-data-sets/2014q4.zip""}, {""accession"": ""0000875320-15-000056"", ""cik"": ""0000875320"", ""evidence_kind"": ""sec_bulk_issuer_name_no_ticker"", ""filed_date"": ""2015-10-30"", ""historical_name"": ""VERTEX PHARMACEUTICALS INC / MA"", ""sha256"": ""1723b41ef2a1d3ea6595f6052ef229a80e03cd183391ca9e297a894f9e589d83"", ""source_url"": ""https://www.sec.gov/files/dera/data/financial-statement-data-sets/2015q4.zip""}]"
VTR,0000740260,2010-01-01,2016-01-01,corroborated_candidate,23,1,23,2010-02-19,2015-10-26,True,False,[],"[{""accession"": ""0001193125-10-035246"", ""cik"": ""0000740260"", ""evidence_kind"": ""sec_dei_ticker"", ""filed_date"": ""2010-02-19"", ""sha256"": ""9e1a0a160a21375ae399308089ae4a8df48fe961963c7f29787a8a1968c19497"", ""source_url"": ""https://www.sec.gov/Archives/edgar/data/740260/000119312510035246/vtr-20091231.xml""}, {""accession"": ""0000740260-13-000084"", ""cik"": ""0000740260"", ""evidence_kind"": ""sec_bulk_issuer_name_no_ticker"", ""filed_date"": ""2013-04-26"", ""historical_name"": ""VENTAS INC"", ""sha256"": ""7cc764386ea9cb01d62e1a9f4fac38dc9c741e96886a953ddaad2def4eb489c7"", ""source_url"": ""https://www.sec.gov/files/dera/data/financial-statement-data-sets/2013q2.zip""}, {""accession"": ""0001047469-12-001287"", ""cik"": ""0000740260"", ""evidence_kind"": ""sec_bulk_issuer_name_no_ticker"", ""filed_date"": ""2012-02-22"", ""historical_name"": ""VENTAS INC"", ""sha256"": ""42ed1a5ecac978d4338bd51cd4bc15bf60cc821291eea492f8172fc4e803d5f6"", ""source_url"": ""https://www.sec.gov/files/dera/data/financial-statement-data-sets/2012q1.zip""}]"
VZ,0000732712,2010-01-01,2016-01-01,confirmed_by_multiple_evidence,3,3,24,2010-02-26,2015-10-27,True,False,[],"[{""accession"": ""0001193125-10-041685"", ""cik"": ""0000732712"", ""evidence_kind"": ""sec_dei_ticker"", ""filed_date"": ""2010-02-26"", ""sha256"": ""e0b43ad79b85f6c82b0c5913c750d3ebc3bf82e4fccc87f11f47699d602b0515"", ""source_url"": ""https://www.sec.gov/Archives/edgar/data/732712/000119312510041685/vz-20091231.xml""}, {""accession"": ""0001193125-13-075713"", ""cik"": ""0000732712"", ""evidence_kind"": ""sec_dei_ticker"", ""filed_date"": ""2013-02-26"", ""sha256"": ""3087c8ab7ffdb9ba7f6e134b316ced869360ef935553ea8c401e28f33b9cfa17"", ""source_url"": ""https://www.sec.gov/Archives/edgar/data/732712/000119312513075713/vz-20121231.xml""}, {""accession"": ""0001193125-15-354559"", ""cik"": ""0000732712"", ""evidence_kind"": ""sec_dei_ticker"", ""filed_date"": ""2015-10-27"", ""sha256"": ""8ce19c2d57f46f04b865e7e858c84159a8a07ee719d675734d2180048bc2db8e"", ""source_url"": ""https://www.sec.gov/Archives/edgar/data/732712/000119312515354559/vz-20150930.xml""}, {""accession"": ""0001193125-13-172825"", ""cik"": ""0000732712"", ""evidence_kind"": ""sec_bulk_issuer_name_no_ticker"", ""filed_date"": ""2013-04-25"", ""historical_name"": ""VERIZON COMMUNICATIONS INC"", ""sha256"": ""7cc764386ea9cb01d62e1a9f4fac38dc9c741e96886a953ddaad2def4eb489c7"", ""source_url"": ""https://www.sec.gov/files/dera/data/financial-statement-data-sets/2013q2.zip""}, {""accession"": ""0001193125-12-077846"", ""cik"": ""0000732712"", ""evidence_kind"": ""sec_bulk_issuer_name_no_ticker"", ""filed_date"": ""2012-02-24"", ""historical_name"": ""VERIZON COMMUNICATIONS INC"", ""sha256"": ""42ed1a5ecac978d4338bd51cd4bc15bf60cc821291eea492f8172fc4e803d5f6"", ""source_url"": ""https://www.sec.gov/files/dera/data/financial-statement-data-sets/2012q1.zip""}]"
WAT,0001000697,2010-01-01,2016-01-01,corroborated_candidate,24,1,24,2010-02-26,2015-11-06,True,False,[],"[{""accession"": ""0001193125-15-369900"", ""cik"": ""0001000697"", ""evidence_kind"": ""sec_dei_ticker"", ""filed_date"": ""2015-11-06"", ""sha256"": ""97d899bd7ae8d3ee4c69c3b1d82820c4e37ed2b7f85ca73518ffe078103bdff3"", ""source_url"": ""https://www.sec.gov/Archives/edgar/data/1000697/000119312515369900/wat-20151003.xml""}, {""accession"": ""0000950123-10-017583"", ""cik"": ""0001000697"", ""evidence_kind"": ""sec_bulk_issuer_name_no_ticker"", ""filed_date"": ""2010-02-26"", ""historical_name"": ""WATERS CORP /DE/"", ""sha256"": ""2a4db2340ab1662d5135d7e17be1a58352c5959017350f0ef2174135f9996125"", ""source_url"": ""https://www.sec.gov/files/dera/data/financial-statement-data-sets/2010q1.zip""}, {""accession"": ""0001193125-13-198015"", ""cik"": ""0001000697"", ""evidence_kind"": ""sec_bulk_issuer_name_no_ticker"", ""filed_date"": ""2013-05-03"", ""historical_name"": ""WATERS CORP /DE/"", ""sha256"": ""7cc764386ea9cb01d62e1a9f4fac38dc9c741e96886a953ddaad2def4eb489c7"", ""source_url"": ""https://www.sec.gov/files/dera/data/financial-statement-data-sets/2013q2.zip""}, {""accession"": ""0001193125-12-077126"", ""cik"": ""0001000697"", ""evidence_kind"": ""sec_bulk_issuer_name_no_ticker"", ""filed_date"": ""2012-02-24"", ""historical_name"": ""WATERS CORP /DE/"", ""sha256"": ""42ed1a5ecac978d4338bd51cd4bc15bf60cc821291eea492f8172fc4e803d5f6"", ""source_url"": ""https://www.sec.gov/files/dera/data/financial-statement-data-sets/2012q1.zip""}]"
WBA,0001618921,2010-01-01,2016-01-01,corroborated_candidate,4,0,4,2014-12-30,2015-10-28,True,False,[],"[{""accession"": ""0001140361-14-046619"", ""cik"": ""0001618921"", ""evidence_kind"": ""sec_bulk_issuer_name_no_ticker"", ""filed_date"": ""2014-12-30"", ""historical_name"": ""WALGREENS BOOTS ALLIANCE, INC."", ""sha256"": ""c82395b7df380a95b30d652784372a5439dea9ed750d89784822bb643cbc4930"", ""source_url"": ""https://www.sec.gov/files/dera/data/financial-statement-data-sets/2014q4.zip""}, {""accession"": ""0001140361-15-027166"", ""cik"": ""0001618921"", ""evidence_kind"": ""sec_bulk_issuer_name_no_ticker"", ""filed_date"": ""2015-07-09"", ""historical_name"": ""WALGREENS BOOTS ALLIANCE, INC."", ""sha256"": ""9301fa2e346aa6b3a48a36cafab80d1aab5d7970e60bfd168d53ba852a4deca9"", ""source_url"": ""https://www.sec.gov/files/dera/data/financial-statement-data-sets/2015q3.zip""}, {""accession"": ""0001140361-15-038791"", ""cik"": ""0001618921"", ""evidence_kind"": ""sec_bulk_issuer_name_no_ticker"", ""filed_date"": ""2015-10-28"", ""historical_name"": ""WALGREENS BOOTS ALLIANCE, INC."", ""sha256"": ""1723b41ef2a1d3ea6595f6052ef229a80e03cd183391ca9e297a894f9e589d83"", ""source_url"": ""https://www.sec.gov/files/dera/data/financial-statement-data-sets/2015q4.zip""}]"
WDC,0000106040,2010-01-01,2016-01-01,confirmed_by_multiple_evidence,2,2,24,2010-01-29,2015-11-10,True,False,[],"[{""accession"": ""0000106040-15-000014"", ""cik"": ""0000106040"", ""evidence_kind"": ""sec_dei_ticker"", ""filed_date"": ""2015-11-10"", ""sha256"": ""061f6c0db18c2c47d837f9b69ee5bc04276e1534b95a3ba90d187b3775b43934"", ""source_url"": ""https://www.sec.gov/Archives/edgar/data/106040/000010604015000014/wdc-20151002.xml""}, {""accession"": ""0001193125-13-034574"", ""cik"": ""0000106040"", ""evidence_kind"": ""sec_dei_ticker"", ""filed_date"": ""2013-02-01"", ""sha256"": ""d2c90d6e52e913583553b7f556eaa7b6ccb171c88f9fdf234f66224befde5793"", ""source_url"": ""https://www.sec.gov/Archives/edgar/data/106040/000119312513034574/wdc-20121228.xml""}, {""accession"": ""0000950123-10-006821"", ""cik"": ""0000106040"", ""evidence_kind"": ""sec_bulk_issuer_name_no_ticker"", ""filed_date"": ""2010-01-29"", ""historical_name"": ""WESTERN DIGITAL CORP"", ""sha256"": ""2a4db2340ab1662d5135d7e17be1a58352c5959017350f0ef2174135f9996125"", ""source_url"": ""https://www.sec.gov/files/dera/data/financial-statement-data-sets/2010q1.zip""}, {""accession"": ""0001193125-13-199322"", ""cik"": ""0000106040"", ""evidence_kind"": ""sec_bulk_issuer_name_no_ticker"", ""filed_date"": ""2013-05-03"", ""historical_name"": ""WESTERN DIGITAL CORP"", ""sha256"": ""7cc764386ea9cb01d62e1a9f4fac38dc9c741e96886a953ddaad2def4eb489c7"", ""source_url"": ""https://www.sec.gov/files/dera/data/financial-statement-data-sets/2013q2.zip""}, {""accession"": ""0001193125-12-026854"", ""cik"": ""0000106040"", ""evidence_kind"": ""sec_bulk_issuer_name_no_ticker"", ""filed_date"": ""2012-01-27"", ""historical_name"": ""WESTERN DIGITAL CORP"", ""sha256"": ""42ed1a5ecac978d4338bd51cd4bc15bf60cc821291eea492f8172fc4e803d5f6"", ""source_url"": ""https://www.sec.gov/files/dera/data/financial-statement-data-sets/2012q1.zip""}]"
WEC,0000783325,2010-01-01,2016-01-01,corroborated_candidate,24,0,24,2010-02-26,2015-11-06,True,False,[],"[{""accession"": ""0000107815-10-000046"", ""cik"": ""0000783325"", ""evidence_kind"": ""sec_bulk_issuer_name_no_ticker"", ""filed_date"": ""2010-02-26"", ""historical_name"": ""WISCONSIN ENERGY CORP"", ""sha256"": ""2a4db2340ab1662d5135d7e17be1a58352c5959017350f0ef2174135f9996125"", ""source_url"": ""https://www.sec.gov/files/dera/data/financial-statement-data-sets/2010q1.zip""}, {""accession"": ""0000107815-13-000080"", ""cik"": ""0000783325"", ""evidence_kind"": ""sec_bulk_issuer_name_no_ticker"", ""filed_date"": ""2013-05-02"", ""historical_name"": ""WISCONSIN ENERGY CORP"", ""sha256"": ""7cc764386ea9cb01d62e1a9f4fac38dc9c741e96886a953ddaad2def4eb489c7"", ""source_url"": ""https://www.sec.gov/files/dera/data/financial-statement-data-sets/2013q2.zip""}, {""accession"": ""0000107815-12-000039"", ""cik"": ""0000783325"", ""evidence_kind"": ""sec_bulk_issuer_name_no_ticker"", ""filed_date"": ""2012-02-28"", ""historical_name"": ""WISCONSIN ENERGY CORP"", ""sha256"": ""42ed1a5ecac978d4338bd51cd4bc15bf60cc821291eea492f8172fc4e803d5f6"", ""source_url"": ""https://www.sec.gov/files/dera/data/financial-statement-data-sets/2012q1.zip""}]"
WELL,0000766704,2010-01-01,2016-01-01,corroborated_candidate,20,0,20,2010-08-06,2015-10-30,True,False,[],"[{""accession"": ""0000950123-10-074122"", ""cik"": ""0000766704"", ""evidence_kind"": ""sec_bulk_issuer_name_no_ticker"", ""filed_date"": ""2010-08-06"", ""historical_name"": ""HEALTH CARE REIT INC /DE/"", ""sha256"": ""52014faf614ca0d7b8040e364f5b3e99f28d5e96b711aa922b490056e2c1d7b5"", ""source_url"": ""https://www.sec.gov/files/dera/data/financial-statement-data-sets/2010q3.zip""}, {""accession"": ""0000766704-13-000035"", ""cik"": ""0000766704"", ""evidence_kind"": ""sec_bulk_issuer_name_no_ticker"", ""filed_date"": ""2013-11-05"", ""historical_name"": ""HEALTH CARE REIT INC /DE/"", ""sha256"": ""7781ac25ddbd4f6eb8eb85e838656181fb06e8bc16b1dd5efccb9e21f8f5baa7"", ""source_url"": ""https://www.sec.gov/files/dera/data/financial-statement-data-sets/2013q4.zip""}, {""accession"": ""0000950123-12-002707"", ""cik"": ""0000766704"", ""evidence_kind"": ""sec_bulk_issuer_name_no_ticker"", ""filed_date"": ""2012-02-17"", ""historical_name"": ""HEALTH CARE REIT INC /DE/"", ""sha256"": ""42ed1a5ecac978d4338bd51cd4bc15bf60cc821291eea492f8172fc4e803d5f6"", ""source_url"": ""https://www.sec.gov/files/dera/data/financial-statement-data-sets/2012q1.zip""}]"
WFC,0000072971,2010-01-01,2016-01-01,corroborated_candidate,24,0,24,2010-02-26,2015-11-04,True,False,[],"[{""accession"": ""0000950123-10-017877"", ""cik"": ""0000072971"", ""evidence_kind"": ""sec_bulk_issuer_name_no_ticker"", ""filed_date"": ""2010-02-26"", ""historical_name"": ""WELLS FARGO & CO/MN"", ""sha256"": ""2a4db2340ab1662d5135d7e17be1a58352c5959017350f0ef2174135f9996125"", ""source_url"": ""https://www.sec.gov/files/dera/data/financial-statement-data-sets/2010q1.zip""}, {""accession"": ""0001193125-13-206363"", ""cik"": ""0000072971"", ""evidence_kind"": ""sec_bulk_issuer_name_no_ticker"", ""filed_date"": ""2013-05-08"", ""historical_name"": ""WELLS FARGO & COMPANY/MN"", ""sha256"": ""7cc764386ea9cb01d62e1a9f4fac38dc9c741e96886a953ddaad2def4eb489c7"", ""source_url"": ""https://www.sec.gov/files/dera/data/financial-statement-data-sets/2013q2.zip""}, {""accession"": ""0001193125-12-084528"", ""cik"": ""0000072971"", ""evidence_kind"": ""sec_bulk_issuer_name_no_ticker"", ""filed_date"": ""2012-02-28"", ""historical_name"": ""WELLS FARGO & CO/MN"", ""sha256"": ""42ed1a5ecac978d4338bd51cd4bc15bf60cc821291eea492f8172fc4e803d5f6"", ""source_url"": ""https://www.sec.gov/files/dera/data/financial-statement-data-sets/2012q1.zip""}]"
WFM,0000865436,2011-05-25,2016-01-01,corroborated_candidate,18,0,18,2011-08-12,2015-11-13,True,False,[],"[{""accession"": ""0001104659-11-046361"", ""cik"": ""0000865436"", ""evidence_kind"": ""sec_bulk_issuer_name_no_ticker"", ""filed_date"": ""2011-08-12"", ""historical_name"": ""WHOLE FOODS MARKET INC"", ""sha256"": ""43b9beb243c6686a29df5cf817ed2cb3a7c86a7398bbc56e2fb4d0cf4784ac28"", ""source_url"": ""https://www.sec.gov/files/dera/data/financial-statement-data-sets/2011q3.zip""}, {""accession"": ""0000865436-14-000057"", ""cik"": ""0000865436"", ""evidence_kind"": ""sec_bulk_issuer_name_no_ticker"", ""filed_date"": ""2014-02-21"", ""historical_name"": ""WHOLE FOODS MARKET INC"", ""sha256"": ""bf55481c6e0088fb45e8efeb2d8de6912a9c3533da918376a24ca5f84144680f"", ""source_url"": ""https://www.sec.gov/files/dera/data/financial-statement-data-sets/2014q1.zip""}, {""accession"": ""0001445305-12-000434"", ""cik"": ""0000865436"", ""evidence_kind"": ""sec_bulk_issuer_name_no_ticker"", ""filed_date"": ""2012-02-24"", ""historical_name"": ""WHOLE FOODS MARKET INC"", ""sha256"": ""42ed1a5ecac978d4338bd51cd4bc15bf60cc821291eea492f8172fc4e803d5f6"", ""source_url"": ""https://www.sec.gov/files/dera/data/financial-statement-data-sets/2012q1.zip""}]"
WHR,0000106640,2010-01-01,2016-01-01,corroborated_candidate,22,1,22,2010-07-20,2015-10-23,True,False,[],"[{""accession"": ""0001193125-10-161742"", ""cik"": ""0000106640"", ""evidence_kind"": ""sec_dei_ticker"", ""filed_date"": ""2010-07-20"", ""sha256"": ""027ae8527556d8cb52d1afff3b9851214607ed9e15b711853217ba25c2cf3e04"", ""source_url"": ""https://www.sec.gov/Archives/edgar/data/106640/000119312510161742/whr-20100630.xml""}, {""accession"": ""0000106640-13-000037"", ""cik"": ""0000106640"", ""evidence_kind"": ""sec_bulk_issuer_name_no_ticker"", ""filed_date"": ""2013-07-19"", ""historical_name"": ""WHIRLPOOL CORP /DE/"", ""sha256"": ""c9134387b650a9194f14b3f832f16aa1a72255c20a0e0b954001a643933cc849"", ""source_url"": ""https://www.sec.gov/files/dera/data/financial-statement-data-sets/2013q3.zip""}, {""accession"": ""0000106640-12-000006"", ""cik"": ""0000106640"", ""evidence_kind"": ""sec_bulk_issuer_name_no_ticker"", ""filed_date"": ""2012-02-22"", ""historical_name"": ""WHIRLPOOL CORP /DE/"", ""sha256"": ""42ed1a5ecac978d4338bd51cd4bc15bf60cc821291eea492f8172fc4e803d5f6"", ""source_url"": ""https://www.sec.gov/files/dera/data/financial-statement-data-sets/2012q1.zip""}]"
WIN,0001282266,2010-01-01,2015-04-07,corroborated_candidate,20,1,20,2010-02-24,2015-02-24,True,False,[],"[{""accession"": ""0001193125-10-038834"", ""cik"": ""0001282266"", ""evidence_kind"": ""sec_dei_ticker"", ""filed_date"": ""2010-02-24"", ""sha256"": ""f219c275a6bee82d3272ce29ee8c656d28450bacdb826fbbf91703bfbc553bee"", ""source_url"": ""https://www.sec.gov/Archives/edgar/data/1282266/000119312510038834/win-20091231.xml""}, {""accession"": ""0001282266-13-000020"", ""cik"": ""0001282266"", ""evidence_kind"": ""sec_bulk_issuer_name_no_ticker"", ""filed_date"": ""2013-02-20"", ""historical_name"": ""WINDSTREAM CORP"", ""sha256"": ""329f4e3e40c0351001037ad1dea3fd28c07100f6f6d6d64d5998ea01b060a790"", ""source_url"": ""https://www.sec.gov/files/dera/data/financial-statement-data-sets/2013q1.zip""}, {""accession"": ""0001282266-12-000010"", ""cik"": ""0001282266"", ""evidence_kind"": ""sec_bulk_issuer_name_no_ticker"", ""filed_date"": ""2012-02-22"", ""historical_name"": ""WINDSTREAM CORP"", ""sha256"": ""42ed1a5ecac978d4338bd51cd4bc15bf60cc821291eea492f8172fc4e803d5f6"", ""source_url"": ""https://www.sec.gov/files/dera/data/financial-statement-data-sets/2012q1.zip""}]"
WLP,0001156039,2010-01-01,2014-12-03,confirmed_by_multiple_evidence,4,4,19,2010-02-18,2014-10-29,True,False,[],"[{""accession"": ""0001156039-14-000013"", ""cik"": ""0001156039"", ""evidence_kind"": ""sec_dei_ticker"", ""filed_date"": ""2014-10-29"", ""sha256"": ""39cea2e68201cd238c4a2c09c146f7718ccb0c37dceffcdcde4742308c3a25fb"", ""source_url"": ""https://www.sec.gov/Archives/edgar/data/1156039/000115603914000013/wlp-20140930.xml""}, {""accession"": ""0001193125-10-034180"", ""cik"": ""0001156039"", ""evidence_kind"": ""sec_dei_ticker"", ""filed_date"": ""2010-02-18"", ""sha256"": ""f048ae180bc48a4b94e5beff703e778961e8b653d847632ed19a9e6925a69439"", ""source_url"": ""https://www.sec.gov/Archives/edgar/data/1156039/000119312510034180/wlp-20091231.xml""}, {""accession"": ""0001193125-12-313785"", ""cik"": ""0001156039"", ""evidence_kind"": ""sec_dei_ticker"", ""filed_date"": ""2012-07-25"", ""sha256"": ""d2932d2e93c0a87d07f97357763aca9c7222f8aac3e0bed7419c8763f7920784"", ""source_url"": ""https://www.sec.gov/Archives/edgar/data/1156039/000119312512313785/wlp-20120630.xml""}, {""accession"": ""0001193125-13-071165"", ""cik"": ""0001156039"", ""evidence_kind"": ""sec_dei_ticker"", ""filed_date"": ""2013-02-22"", ""sha256"": ""a6854a6fb6a32f04a20405b2400184332d8ecb6d858484d98956fac70b5dc410"", ""source_url"": ""https://www.sec.gov/Archives/edgar/data/1156039/000119312513071165/wlp-20121231.xml""}, {""accession"": ""0001193125-12-456839"", ""cik"": ""0001156039"", ""evidence_kind"": ""sec_bulk_issuer_name_no_ticker"", ""filed_date"": ""2012-11-07"", ""historical_name"": ""WELLPOINT, INC"", ""sha256"": ""af6629de7547f5d75c85abf170550b9466768071fcd419d5fdf1a1d026436e98"", ""source_url"": ""https://www.sec.gov/files/dera/data/financial-statement-data-sets/2012q4.zip""}, {""accession"": ""0001193125-12-072739"", ""cik"": ""0001156039"", ""evidence_kind"": ""sec_bulk_issuer_name_no_ticker"", ""filed_date"": ""2012-02-22"", ""historical_name"": ""WELLPOINT, INC"", ""sha256"": ""42ed1a5ecac978d4338bd51cd4bc15bf60cc821291eea492f8172fc4e803d5f6"", ""source_url"": ""https://www.sec.gov/files/dera/data/financial-statement-data-sets/2012q1.zip""}]"
WM,0000823768,2010-01-01,2016-01-01,confirmed_by_multiple_evidence,2,2,24,2010-02-16,2015-10-27,True,False,[],"[{""accession"": ""0001193125-13-058892"", ""cik"": ""0000823768"", ""evidence_kind"": ""sec_dei_ticker"", ""filed_date"": ""2013-02-14"", ""sha256"": ""6c1eea26d73f8cb4c082740de9cdaa2714ad81d3323997d916a850becf5fe887"", ""source_url"": ""https://www.sec.gov/Archives/edgar/data/823768/000119312513058892/wm-20121231.xml""}, {""accession"": ""0001193125-15-354299"", ""cik"": ""0000823768"", ""evidence_kind"": ""sec_dei_ticker"", ""filed_date"": ""2015-10-27"", ""sha256"": ""70ab32a94f09cbfc616b76efccf0c4ab7ff795a6ccc7bc35e3240ac8a26456df"", ""source_url"": ""https://www.sec.gov/Archives/edgar/data/823768/000119312515354299/wm-20150930.xml""}, {""accession"": ""0000950123-10-013022"", ""cik"": ""0000823768"", ""evidence_kind"": ""sec_bulk_issuer_name_no_ticker"", ""filed_date"": ""2010-02-16"", ""historical_name"": ""WASTE MANAGEMENT INC"", ""sha256"": ""2a4db2340ab1662d5135d7e17be1a58352c5959017350f0ef2174135f9996125"", ""source_url"": ""https://www.sec.gov/files/dera/data/financial-statement-data-sets/2010q1.zip""}, {""accession"": ""0001193125-13-169501"", ""cik"": ""0000823768"", ""evidence_kind"": ""sec_bulk_issuer_name_no_ticker"", ""filed_date"": ""2013-04-24"", ""historical_name"": ""WASTE MANAGEMENT INC"", ""sha256"": ""7cc764386ea9cb01d62e1a9f4fac38dc9c741e96886a953ddaad2def4eb489c7"", ""source_url"": ""https://www.sec.gov/files/dera/data/financial-statement-data-sets/2013q2.zip""}, {""accession"": ""0001193125-12-065370"", ""cik"": ""0000823768"", ""evidence_kind"": ""sec_bulk_issuer_name_no_ticker"", ""filed_date"": ""2012-02-16"", ""historical_name"": ""WASTE MANAGEMENT INC"", ""sha256"": ""42ed1a5ecac978d4338bd51cd4bc15bf60cc821291eea492f8172fc4e803d5f6"", ""source_url"": ""https://www.sec.gov/files/dera/data/financial-statement-data-sets/2012q1.zip""}]"
WMB,0000107263,2010-01-01,2016-01-01,corroborated_candidate,23,0,23,2010-02-26,2015-10-29,True,False,[],"[{""accession"": ""0000950123-10-017267"", ""cik"": ""0000107263"", ""evidence_kind"": ""sec_bulk_issuer_name_no_ticker"", ""filed_date"": ""2010-02-26"", ""historical_name"": ""WILLIAMS COMPANIES INC"", ""sha256"": ""2a4db2340ab1662d5135d7e17be1a58352c5959017350f0ef2174135f9996125"", ""source_url"": ""https://www.sec.gov/files/dera/data/financial-statement-data-sets/2010q1.zip""}, {""accession"": ""0001193125-13-205852"", ""cik"": ""0000107263"", ""evidence_kind"": ""sec_bulk_issuer_name_no_ticker"", ""filed_date"": ""2013-05-08"", ""historical_name"": ""WILLIAMS COMPANIES INC"", ""sha256"": ""7cc764386ea9cb01d62e1a9f4fac38dc9c741e96886a953ddaad2def4eb489c7"", ""source_url"": ""https://www.sec.gov/files/dera/data/financial-statement-data-sets/2013q2.zip""}, {""accession"": ""0001193125-12-082513"", ""cik"": ""0000107263"", ""evidence_kind"": ""sec_bulk_issuer_name_no_ticker"", ""filed_date"": ""2012-02-28"", ""historical_name"": ""WILLIAMS COMPANIES INC"", ""sha256"": ""42ed1a5ecac978d4338bd51cd4bc15bf60cc821291eea492f8172fc4e803d5f6"", ""source_url"": ""https://www.sec.gov/files/dera/data/financial-statement-data-sets/2012q1.zip""}]"
WMT,0000104169,2010-01-01,2016-01-01,corroborated_candidate,24,1,24,2010-03-30,2015-12-02,True,False,[],"[{""accession"": ""0001193125-10-071652"", ""cik"": ""0000104169"", ""evidence_kind"": ""sec_dei_ticker"", ""filed_date"": ""2010-03-30"", ""sha256"": ""64c750f08271b1d4f04a47e4cde22f3f87cd6efdc7be01fb276e361ef6dfba10"", ""source_url"": ""https://www.sec.gov/Archives/edgar/data/104169/000119312510071652/wmt-20100131.xml""}, {""accession"": ""0000104169-13-000020"", ""cik"": ""0000104169"", ""evidence_kind"": ""sec_bulk_issuer_name_no_ticker"", ""filed_date"": ""2013-06-07"", ""historical_name"": ""WAL MART STORES INC"", ""sha256"": ""7cc764386ea9cb01d62e1a9f4fac38dc9c741e96886a953ddaad2def4eb489c7"", ""source_url"": ""https://www.sec.gov/files/dera/data/financial-statement-data-sets/2013q2.zip""}, {""accession"": ""0001193125-12-134679"", ""cik"": ""0000104169"", ""evidence_kind"": ""sec_bulk_issuer_name_no_ticker"", ""filed_date"": ""2012-03-27"", ""historical_name"": ""WAL MART STORES INC"", ""sha256"": ""42ed1a5ecac978d4338bd51cd4bc15bf60cc821291eea492f8172fc4e803d5f6"", ""source_url"": ""https://www.sec.gov/files/dera/data/financial-statement-data-sets/2012q1.zip""}]"
WPX,0001518832,2012-01-03,2014-03-21,confirmed_by_multiple_evidence,2,2,8,2012-05-04,2014-02-27,True,False,[],"[{""accession"": ""0001445305-13-001071"", ""cik"": ""0001518832"", ""evidence_kind"": ""sec_dei_ticker"", ""filed_date"": ""2013-05-02"", ""sha256"": ""5ba756df70fe74d1db7d13c410ea844669f616d71fd48fecc8e73ccf79c3c8da"", ""source_url"": ""https://www.sec.gov/Archives/edgar/data/1518832/000144530513001071/wpx-20130331.xml""}, {""accession"": ""0001518832-14-000011"", ""cik"": ""0001518832"", ""evidence_kind"": ""sec_dei_ticker"", ""filed_date"": ""2014-02-27"", ""sha256"": ""3636af67b697fbda4aeae6e00c2065c6957e216003548915fb3fd45b14abfed0"", ""source_url"": ""https://www.sec.gov/Archives/edgar/data/1518832/000151883214000011/wpx-20131231.xml""}, {""accession"": ""0001193125-12-209028"", ""cik"": ""0001518832"", ""evidence_kind"": ""sec_bulk_issuer_name_no_ticker"", ""filed_date"": ""2012-05-04"", ""historical_name"": ""WPX ENERGY, INC."", ""sha256"": ""0dbb10aa316c674f07849a28e67a25a0a59bd6ef2bc214cd1800c8a2d2a05df6"", ""source_url"": ""https://www.sec.gov/files/dera/data/financial-statement-data-sets/2012q2.zip""}]"
WRK,0001732845,2015-07-02,2016-01-01,unresolved,0,0,0,,,False,False,[],[]
WU,0001365135,2010-01-01,2016-01-01,corroborated_candidate,24,0,24,2010-02-26,2015-10-29,True,False,[],"[{""accession"": ""0000950123-10-018216"", ""cik"": ""0001365135"", ""evidence_kind"": ""sec_bulk_issuer_name_no_ticker"", ""filed_date"": ""2010-02-26"", ""historical_name"": ""WESTERN UNION CO"", ""sha256"": ""2a4db2340ab1662d5135d7e17be1a58352c5959017350f0ef2174135f9996125"", ""source_url"": ""https://www.sec.gov/files/dera/data/financial-statement-data-sets/2010q1.zip""}, {""accession"": ""0001365135-13-000031"", ""cik"": ""0001365135"", ""evidence_kind"": ""sec_bulk_issuer_name_no_ticker"", ""filed_date"": ""2013-05-06"", ""historical_name"": ""WESTERN UNION CO"", ""sha256"": ""7cc764386ea9cb01d62e1a9f4fac38dc9c741e96886a953ddaad2def4eb489c7"", ""source_url"": ""https://www.sec.gov/files/dera/data/financial-statement-data-sets/2013q2.zip""}, {""accession"": ""0001193125-12-078259"", ""cik"": ""0001365135"", ""evidence_kind"": ""sec_bulk_issuer_name_no_ticker"", ""filed_date"": ""2012-02-24"", ""historical_name"": ""WESTERN UNION CO"", ""sha256"": ""42ed1a5ecac978d4338bd51cd4bc15bf60cc821291eea492f8172fc4e803d5f6"", ""source_url"": ""https://www.sec.gov/files/dera/data/financial-statement-data-sets/2012q1.zip""}]"
WY,0000106535,2010-01-01,2016-01-01,confirmed_by_multiple_evidence,3,3,23,2010-02-26,2015-10-30,True,False,[],"[{""accession"": ""0000106535-13-000011"", ""cik"": ""0000106535"", ""evidence_kind"": ""sec_dei_ticker"", ""filed_date"": ""2013-02-19"", ""sha256"": ""5b8c55dc4aeb79f0a182c167ba3733befeafe13fe2bac070ee163108b64cd073"", ""source_url"": ""https://www.sec.gov/Archives/edgar/data/106535/000010653513000011/wy-20121231.xml""}, {""accession"": ""0000106535-15-000037"", ""cik"": ""0000106535"", ""evidence_kind"": ""sec_dei_ticker"", ""filed_date"": ""2015-10-30"", ""sha256"": ""c3cd4f4b4cdd3c8dc7d8d16c0bff84c3d4b16bf0218aa11530dea5292dac588e"", ""source_url"": ""https://www.sec.gov/Archives/edgar/data/106535/000010653515000037/wy-20150930.xml""}, {""accession"": ""0001193125-10-041278"", ""cik"": ""0000106535"", ""evidence_kind"": ""sec_dei_ticker"", ""filed_date"": ""2010-02-26"", ""sha256"": ""8e8c5122d70a28d0714b10220e8e6506465a33bbedf60be95e9ef9af1bfeebfd"", ""source_url"": ""https://www.sec.gov/Archives/edgar/data/106535/000119312510041278/wy-20091231.xml""}, {""accession"": ""0000106535-13-000020"", ""cik"": ""0000106535"", ""evidence_kind"": ""sec_bulk_issuer_name_no_ticker"", ""filed_date"": ""2013-04-30"", ""historical_name"": ""WEYERHAEUSER CO"", ""sha256"": ""7cc764386ea9cb01d62e1a9f4fac38dc9c741e96886a953ddaad2def4eb489c7"", ""source_url"": ""https://www.sec.gov/files/dera/data/financial-statement-data-sets/2013q2.zip""}, {""accession"": ""0000106535-12-000016"", ""cik"": ""0000106535"", ""evidence_kind"": ""sec_bulk_issuer_name_no_ticker"", ""filed_date"": ""2012-02-22"", ""historical_name"": ""WEYERHAEUSER CO"", ""sha256"": ""42ed1a5ecac978d4338bd51cd4bc15bf60cc821291eea492f8172fc4e803d5f6"", ""source_url"": ""https://www.sec.gov/files/dera/data/financial-statement-data-sets/2012q1.zip""}]"
WYNN,0001174922,2010-01-01,2016-01-01,confirmed_by_multiple_evidence,3,3,22,2010-08-09,2015-11-06,True,False,[],"[{""accession"": ""0001174922-15-000106"", ""cik"": ""0001174922"", ""evidence_kind"": ""sec_dei_ticker"", ""filed_date"": ""2015-11-06"", ""sha256"": ""7878726c5236783739c1af457e527cbeba518e14e8ff3f5bc94cbbb7b1606dda"", ""source_url"": ""https://www.sec.gov/Archives/edgar/data/1174922/000117492215000106/wynn-20150930.xml""}, {""accession"": ""0001193125-10-181746"", ""cik"": ""0001174922"", ""evidence_kind"": ""sec_dei_ticker"", ""filed_date"": ""2010-08-09"", ""sha256"": ""39d0d3898d428ccf6e24ef1176be57b6b164aecb18dbf1f634d25e7155b019cc"", ""source_url"": ""https://www.sec.gov/Archives/edgar/data/1174922/000119312510181746/wynn-20100630.xml""}, {""accession"": ""0001193125-13-214073"", ""cik"": ""0001174922"", ""evidence_kind"": ""sec_dei_ticker"", ""filed_date"": ""2013-05-10"", ""sha256"": ""938c6e442204c9136b585ed9f7aa6cac91de74bf08337b7a826ea893e3c4f275"", ""source_url"": ""https://www.sec.gov/Archives/edgar/data/1174922/000119312513214073/wynn-20130331.xml""}, {""accession"": ""0001193125-13-329016"", ""cik"": ""0001174922"", ""evidence_kind"": ""sec_bulk_issuer_name_no_ticker"", ""filed_date"": ""2013-08-09"", ""historical_name"": ""WYNN RESORTS LTD"", ""sha256"": ""c9134387b650a9194f14b3f832f16aa1a72255c20a0e0b954001a643933cc849"", ""source_url"": ""https://www.sec.gov/files/dera/data/financial-statement-data-sets/2013q3.zip""}, {""accession"": ""0001193125-12-089377"", ""cik"": ""0001174922"", ""evidence_kind"": ""sec_bulk_issuer_name_no_ticker"", ""filed_date"": ""2012-02-29"", ""historical_name"": ""WYNN RESORTS LTD"", ""sha256"": ""42ed1a5ecac978d4338bd51cd4bc15bf60cc821291eea492f8172fc4e803d5f6"", ""source_url"": ""https://www.sec.gov/files/dera/data/financial-statement-data-sets/2012q1.zip""}]"
X,0001163302,2010-01-01,2014-07-02,confirmed_by_multiple_evidence,3,3,18,2010-02-24,2014-04-30,True,False,[],"[{""accession"": ""0001163302-14-000025"", ""cik"": ""0001163302"", ""evidence_kind"": ""sec_dei_ticker"", ""filed_date"": ""2014-04-30"", ""sha256"": ""2294c935a59470ea2236bf2f0f746610884993130f083fd9b2676f7f0035314c"", ""source_url"": ""https://www.sec.gov/Archives/edgar/data/1163302/000116330214000025/x-20140331.xml""}, {""accession"": ""0001193125-10-038824"", ""cik"": ""0001163302"", ""evidence_kind"": ""sec_dei_ticker"", ""filed_date"": ""2010-02-24"", ""sha256"": ""84c748491ab2272a8735e187a38d15e87b6d3624252c9fef2ecc11e1f2a12f05"", ""source_url"": ""https://www.sec.gov/Archives/edgar/data/1163302/000119312510038824/x-20091231.xml""}, {""accession"": ""0001193125-12-181012"", ""cik"": ""0001163302"", ""evidence_kind"": ""sec_dei_ticker"", ""filed_date"": ""2012-04-25"", ""sha256"": ""7e939fafc44a5175072a9cd735f5e55571cd0eede7d5609231fa17b2d34d919b"", ""source_url"": ""https://www.sec.gov/Archives/edgar/data/1163302/000119312512181012/x-20120331.xml""}, {""accession"": ""0001193125-12-324842"", ""cik"": ""0001163302"", ""evidence_kind"": ""sec_bulk_issuer_name_no_ticker"", ""filed_date"": ""2012-07-31"", ""historical_name"": ""UNITED STATES STEEL CORP"", ""sha256"": ""a5b705fab7948837fc890d820c2b809d4afdb0ff1836129ad5a16127275f0ebf"", ""source_url"": ""https://www.sec.gov/files/dera/data/financial-statement-data-sets/2012q3.zip""}, {""accession"": ""0001193125-12-084547"", ""cik"": ""0001163302"", ""evidence_kind"": ""sec_bulk_issuer_name_no_ticker"", ""filed_date"": ""2012-02-28"", ""historical_name"": ""UNITED STATES STEEL CORP"", ""sha256"": ""42ed1a5ecac978d4338bd51cd4bc15bf60cc821291eea492f8172fc4e803d5f6"", ""source_url"": ""https://www.sec.gov/files/dera/data/financial-statement-data-sets/2012q1.zip""}]"
XEC,0001168054,2014-06-21,2016-01-01,corroborated_candidate,6,0,6,2014-08-06,2015-11-04,True,False,[],"[{""accession"": ""0001558370-14-000103"", ""cik"": ""0001168054"", ""evidence_kind"": ""sec_bulk_issuer_name_no_ticker"", ""filed_date"": ""2014-08-06"", ""historical_name"": ""CIMAREX ENERGY CO"", ""sha256"": ""4d10510a2f17a6da8012d83f66bed7fbb434bca2529f7b2a92043c522d2c52b1"", ""source_url"": ""https://www.sec.gov/files/dera/data/financial-statement-data-sets/2014q3.zip""}, {""accession"": ""0001558370-15-000719"", ""cik"": ""0001168054"", ""evidence_kind"": ""sec_bulk_issuer_name_no_ticker"", ""filed_date"": ""2015-05-05"", ""historical_name"": ""CIMAREX ENERGY CO"", ""sha256"": ""d3cac325930af6ef145d26fb7e035d7933e900ce174a11adaabb33abd87fbfa1"", ""source_url"": ""https://www.sec.gov/files/dera/data/financial-statement-data-sets/2015q2.zip""}, {""accession"": ""0001558370-15-002220"", ""cik"": ""0001168054"", ""evidence_kind"": ""sec_bulk_issuer_name_no_ticker"", ""filed_date"": ""2015-11-04"", ""historical_name"": ""CIMAREX ENERGY CO"", ""sha256"": ""1723b41ef2a1d3ea6595f6052ef229a80e03cd183391ca9e297a894f9e589d83"", ""source_url"": ""https://www.sec.gov/files/dera/data/financial-statement-data-sets/2015q4.zip""}]"
XEL,0000072903,2010-01-01,2016-01-01,corroborated_candidate,24,0,24,2010-02-26,2015-10-30,True,False,[],"[{""accession"": ""0001047469-10-001536"", ""cik"": ""0000072903"", ""evidence_kind"": ""sec_bulk_issuer_name_no_ticker"", ""filed_date"": ""2010-02-26"", ""historical_name"": ""XCEL ENERGY INC"", ""sha256"": ""2a4db2340ab1662d5135d7e17be1a58352c5959017350f0ef2174135f9996125"", ""source_url"": ""https://www.sec.gov/files/dera/data/financial-statement-data-sets/2010q1.zip""}, {""accession"": ""0001140361-13-018699"", ""cik"": ""0000072903"", ""evidence_kind"": ""sec_bulk_issuer_name_no_ticker"", ""filed_date"": ""2013-05-03"", ""historical_name"": ""XCEL ENERGY INC"", ""sha256"": ""7cc764386ea9cb01d62e1a9f4fac38dc9c741e96886a953ddaad2def4eb489c7"", ""source_url"": ""https://www.sec.gov/files/dera/data/financial-statement-data-sets/2013q2.zip""}, {""accession"": ""0001140361-12-010717"", ""cik"": ""0000072903"", ""evidence_kind"": ""sec_bulk_issuer_name_no_ticker"", ""filed_date"": ""2012-02-24"", ""historical_name"": ""XCEL ENERGY INC"", ""sha256"": ""42ed1a5ecac978d4338bd51cd4bc15bf60cc821291eea492f8172fc4e803d5f6"", ""source_url"": ""https://www.sec.gov/files/dera/data/financial-statement-data-sets/2012q1.zip""}]"
XL,0000875159,2010-01-01,2016-01-01,corroborated_candidate,21,0,21,2010-08-06,2015-11-05,True,False,[],"[{""accession"": ""0000930413-10-004307"", ""cik"": ""0000875159"", ""evidence_kind"": ""sec_bulk_issuer_name_no_ticker"", ""filed_date"": ""2010-08-06"", ""historical_name"": ""XL GROUP PLC"", ""sha256"": ""52014faf614ca0d7b8040e364f5b3e99f28d5e96b711aa922b490056e2c1d7b5"", ""source_url"": ""https://www.sec.gov/files/dera/data/financial-statement-data-sets/2010q3.zip""}, {""accession"": ""0001445305-13-001873"", ""cik"": ""0000875159"", ""evidence_kind"": ""sec_bulk_issuer_name_no_ticker"", ""filed_date"": ""2013-08-05"", ""historical_name"": ""XL GROUP PLC"", ""sha256"": ""c9134387b650a9194f14b3f832f16aa1a72255c20a0e0b954001a643933cc849"", ""source_url"": ""https://www.sec.gov/files/dera/data/financial-statement-data-sets/2013q3.zip""}, {""accession"": ""0000930413-12-001121"", ""cik"": ""0000875159"", ""evidence_kind"": ""sec_bulk_issuer_name_no_ticker"", ""filed_date"": ""2012-02-27"", ""historical_name"": ""XL GROUP PLC"", ""sha256"": ""42ed1a5ecac978d4338bd51cd4bc15bf60cc821291eea492f8172fc4e803d5f6"", ""source_url"": ""https://www.sec.gov/files/dera/data/financial-statement-data-sets/2012q1.zip""}]"
XLNX,0000743988,2010-01-01,2016-01-01,corroborated_candidate,22,0,22,2010-08-09,2015-10-28,True,False,[],"[{""accession"": ""0000950123-10-075187"", ""cik"": ""0000743988"", ""evidence_kind"": ""sec_bulk_issuer_name_no_ticker"", ""filed_date"": ""2010-08-09"", ""historical_name"": ""XILINX INC"", ""sha256"": ""52014faf614ca0d7b8040e364f5b3e99f28d5e96b711aa922b490056e2c1d7b5"", ""source_url"": ""https://www.sec.gov/files/dera/data/financial-statement-data-sets/2010q3.zip""}, {""accession"": ""0000743988-13-000034"", ""cik"": ""0000743988"", ""evidence_kind"": ""sec_bulk_issuer_name_no_ticker"", ""filed_date"": ""2013-07-31"", ""historical_name"": ""XILINX INC"", ""sha256"": ""c9134387b650a9194f14b3f832f16aa1a72255c20a0e0b954001a643933cc849"", ""source_url"": ""https://www.sec.gov/files/dera/data/financial-statement-data-sets/2013q3.zip""}, {""accession"": ""0001193125-12-043685"", ""cik"": ""0000743988"", ""evidence_kind"": ""sec_bulk_issuer_name_no_ticker"", ""filed_date"": ""2012-02-07"", ""historical_name"": ""XILINX INC"", ""sha256"": ""42ed1a5ecac978d4338bd51cd4bc15bf60cc821291eea492f8172fc4e803d5f6"", ""source_url"": ""https://www.sec.gov/files/dera/data/financial-statement-data-sets/2012q1.zip""}]"
XOM,0002115436,2010-01-01,2016-01-01,unresolved,0,0,0,,,False,False,[],[]
XRAY,0000818479,2010-01-01,2016-01-01,confirmed_by_multiple_evidence,2,2,24,2010-02-22,2015-10-30,True,True,[],"[{""accession"": ""0000818479-13-000008"", ""cik"": ""0000818479"", ""evidence_kind"": ""sec_dei_ticker"", ""filed_date"": ""2013-02-20"", ""sha256"": ""4d4f3421067d0ddcae5a26bdaad592fc707bae8ee6ceab2d575d63ffe6969760"", ""source_url"": ""https://www.sec.gov/Archives/edgar/data/818479/000081847913000008/xray-20111231.xml""}, {""accession"": ""0000818479-15-000045"", ""cik"": ""0000818479"", ""evidence_kind"": ""sec_dei_ticker"", ""filed_date"": ""2015-10-30"", ""sha256"": ""52cf5bdb5f1d9cacd2dd506cb8c8079a4d4d731ec5fd58404e4a80154be12bda"", ""source_url"": ""https://www.sec.gov/Archives/edgar/data/818479/000081847915000045/xray-20150930.xml""}, {""accession"": ""0001144204-10-009164"", ""cik"": ""0000818479"", ""evidence_kind"": ""sec_bulk_issuer_name_no_ticker"", ""filed_date"": ""2010-02-22"", ""historical_name"": ""DENTSPLY INTERNATIONAL INC /DE/"", ""sha256"": ""2a4db2340ab1662d5135d7e17be1a58352c5959017350f0ef2174135f9996125"", ""source_url"": ""https://www.sec.gov/files/dera/data/financial-statement-data-sets/2010q1.zip""}, {""accession"": ""0000818479-13-000016"", ""cik"": ""0000818479"", ""evidence_kind"": ""sec_bulk_issuer_name_no_ticker"", ""filed_date"": ""2013-05-09"", ""historical_name"": ""DENTSPLY INTERNATIONAL INC /DE/"", ""sha256"": ""7cc764386ea9cb01d62e1a9f4fac38dc9c741e96886a953ddaad2def4eb489c7"", ""source_url"": ""https://www.sec.gov/files/dera/data/financial-statement-data-sets/2013q2.zip""}, {""accession"": ""0001445305-12-000446"", ""cik"": ""0000818479"", ""evidence_kind"": ""sec_bulk_issuer_name_no_ticker"", ""filed_date"": ""2012-02-24"", ""historical_name"": ""DENTSPLY INTERNATIONAL INC /DE/"", ""sha256"": ""42ed1a5ecac978d4338bd51cd4bc15bf60cc821291eea492f8172fc4e803d5f6"", ""source_url"": ""https://www.sec.gov/files/dera/data/financial-statement-data-sets/2012q1.zip""}, {""evidence_kind"": ""sec_official_name_chain_no_ticker"", ""sha256"": ""ff931ff571131ee26347d86ce25326b1f0ed4d078f32a1da51d9bbb8f51cbee5"", ""source_url"": ""https://data.sec.gov/submissions/CIK0000818479.json""}]"
XRX,0001770450,2010-01-01,2016-01-01,unresolved,0,0,0,,,False,False,[],[]
XTO,0000868809,2010-01-01,2010-06-28,confirmed_by_multiple_evidence,2,2,2,2010-02-25,2010-05-06,True,False,[],"[{""accession"": ""0001193125-10-040348"", ""cik"": ""0000868809"", ""evidence_kind"": ""sec_dei_ticker"", ""filed_date"": ""2010-02-25"", ""sha256"": ""93661405c7ea2acd2b11d40babeb92a7b178ec7d2b30fec91dbbd4b93d549dcf"", ""source_url"": ""https://www.sec.gov/Archives/edgar/data/868809/000119312510040348/xto-20091231.xml""}, {""accession"": ""0001193125-10-110374"", ""cik"": ""0000868809"", ""evidence_kind"": ""sec_dei_ticker"", ""filed_date"": ""2010-05-06"", ""sha256"": ""cf94bbab42007e6a2feefef10b4fef74a1060775bdeff56d30a656cbcefe1957"", ""source_url"": ""https://www.sec.gov/Archives/edgar/data/868809/000119312510110374/xto-20100331.xml""}]"
XYL,0001524472,2011-11-01,2016-01-01,corroborated_candidate,17,0,17,2011-11-21,2015-10-29,True,False,[],"[{""accession"": ""0000950123-11-099774"", ""cik"": ""0001524472"", ""evidence_kind"": ""sec_bulk_issuer_name_no_ticker"", ""filed_date"": ""2011-11-21"", ""historical_name"": ""XYLEM INC."", ""sha256"": ""0f674f68094cc65c83da3c142775dcfd091250e293783c3e8211ee4e97bc083f"", ""source_url"": ""https://www.sec.gov/files/dera/data/financial-statement-data-sets/2011q4.zip""}, {""accession"": ""0001524472-14-000004"", ""cik"": ""0001524472"", ""evidence_kind"": ""sec_bulk_issuer_name_no_ticker"", ""filed_date"": ""2014-02-27"", ""historical_name"": ""XYLEM INC."", ""sha256"": ""bf55481c6e0088fb45e8efeb2d8de6912a9c3533da918376a24ca5f84144680f"", ""source_url"": ""https://www.sec.gov/files/dera/data/financial-statement-data-sets/2014q1.zip""}, {""accession"": ""0001193125-12-084766"", ""cik"": ""0001524472"", ""evidence_kind"": ""sec_bulk_issuer_name_no_ticker"", ""filed_date"": ""2012-02-28"", ""historical_name"": ""XYLEM INC."", ""sha256"": ""42ed1a5ecac978d4338bd51cd4bc15bf60cc821291eea492f8172fc4e803d5f6"", ""source_url"": ""https://www.sec.gov/files/dera/data/financial-statement-data-sets/2012q1.zip""}]"
YUM,0001041061,2010-01-01,2016-01-01,corroborated_candidate,24,0,24,2010-02-17,2015-10-15,True,False,[],"[{""accession"": ""0001041061-10-000011"", ""cik"": ""0001041061"", ""evidence_kind"": ""sec_bulk_issuer_name_no_ticker"", ""filed_date"": ""2010-02-17"", ""historical_name"": ""YUM BRANDS INC"", ""sha256"": ""2a4db2340ab1662d5135d7e17be1a58352c5959017350f0ef2174135f9996125"", ""source_url"": ""https://www.sec.gov/files/dera/data/financial-statement-data-sets/2010q1.zip""}, {""accession"": ""0001041061-13-000020"", ""cik"": ""0001041061"", ""evidence_kind"": ""sec_bulk_issuer_name_no_ticker"", ""filed_date"": ""2013-04-29"", ""historical_name"": ""YUM BRANDS INC"", ""sha256"": ""7cc764386ea9cb01d62e1a9f4fac38dc9c741e96886a953ddaad2def4eb489c7"", ""source_url"": ""https://www.sec.gov/files/dera/data/financial-statement-data-sets/2013q2.zip""}, {""accession"": ""0001041061-12-000005"", ""cik"": ""0001041061"", ""evidence_kind"": ""sec_bulk_issuer_name_no_ticker"", ""filed_date"": ""2012-02-21"", ""historical_name"": ""YUM BRANDS INC"", ""sha256"": ""42ed1a5ecac978d4338bd51cd4bc15bf60cc821291eea492f8172fc4e803d5f6"", ""source_url"": ""https://www.sec.gov/files/dera/data/financial-statement-data-sets/2012q1.zip""}]"
ZBH,0001136869,2010-01-01,2016-01-01,ambiguous,24,1,24,2010-02-25,2015-11-09,True,False,['ZMH'],"[{""accession"": ""0001193125-15-372121"", ""cik"": ""0001136869"", ""evidence_kind"": ""sec_dei_ticker"", ""filed_date"": ""2015-11-09"", ""sha256"": ""e23244c24dc211086dabc57f6906904bd0f05be55326818de5bf2f7af43956fe"", ""source_url"": ""https://www.sec.gov/Archives/edgar/data/1136869/000119312515372121/zbh-20150930.xml""}, {""accession"": ""0000950123-10-017177"", ""cik"": ""0001136869"", ""evidence_kind"": ""sec_bulk_issuer_name_no_ticker"", ""filed_date"": ""2010-02-25"", ""historical_name"": ""ZIMMER HOLDINGS INC"", ""sha256"": ""2a4db2340ab1662d5135d7e17be1a58352c5959017350f0ef2174135f9996125"", ""source_url"": ""https://www.sec.gov/files/dera/data/financial-statement-data-sets/2010q1.zip""}, {""accession"": ""0001193125-13-207263"", ""cik"": ""0001136869"", ""evidence_kind"": ""sec_bulk_issuer_name_no_ticker"", ""filed_date"": ""2013-05-08"", ""historical_name"": ""ZIMMER HOLDINGS INC"", ""sha256"": ""7cc764386ea9cb01d62e1a9f4fac38dc9c741e96886a953ddaad2def4eb489c7"", ""source_url"": ""https://www.sec.gov/files/dera/data/financial-statement-data-sets/2013q2.zip""}, {""accession"": ""0001193125-12-078626"", ""cik"": ""0001136869"", ""evidence_kind"": ""sec_bulk_issuer_name_no_ticker"", ""filed_date"": ""2012-02-27"", ""historical_name"": ""ZIMMER HOLDINGS INC"", ""sha256"": ""42ed1a5ecac978d4338bd51cd4bc15bf60cc821291eea492f8172fc4e803d5f6"", ""source_url"": ""https://www.sec.gov/files/dera/data/financial-statement-data-sets/2012q1.zip""}]"
ZION,0000109380,2010-01-01,2016-01-01,confirmed_by_multiple_evidence,3,3,22,2010-08-09,2015-11-06,True,False,[],"[{""accession"": ""0000109380-13-000113"", ""cik"": ""0000109380"", ""evidence_kind"": ""sec_dei_ticker"", ""filed_date"": ""2013-05-09"", ""sha256"": ""45ad6e7cbe9b45385cbd59b475d4cf338face7dbd042dda3c32c505e2fc907ab"", ""source_url"": ""https://www.sec.gov/Archives/edgar/data/109380/000010938013000113/zion-20130331.xml""}, {""accession"": ""0000109380-15-000264"", ""cik"": ""0000109380"", ""evidence_kind"": ""sec_dei_ticker"", ""filed_date"": ""2015-11-06"", ""sha256"": ""292656531ba34d85cc701570897d2e4c9b9e18ab08368c5807d1d49f58cf6466"", ""source_url"": ""https://www.sec.gov/Archives/edgar/data/109380/000010938015000264/zion-20150630.xml""}, {""accession"": ""0001193125-10-183099"", ""cik"": ""0000109380"", ""evidence_kind"": ""sec_dei_ticker"", ""filed_date"": ""2010-08-09"", ""sha256"": ""aa26e7bf7a38fa24d3ecaa219f10f6916c01d2cb5ce2e7baa1e377029458bc40"", ""source_url"": ""https://www.sec.gov/Archives/edgar/data/109380/000119312510183099/zion-20100630.xml""}, {""accession"": ""0000109380-13-000198"", ""cik"": ""0000109380"", ""evidence_kind"": ""sec_bulk_issuer_name_no_ticker"", ""filed_date"": ""2013-08-06"", ""historical_name"": ""ZIONS BANCORPORATION /UT/"", ""sha256"": ""c9134387b650a9194f14b3f832f16aa1a72255c20a0e0b954001a643933cc849"", ""source_url"": ""https://www.sec.gov/files/dera/data/financial-statement-data-sets/2013q3.zip""}, {""accession"": ""0001193125-12-089333"", ""cik"": ""0000109380"", ""evidence_kind"": ""sec_bulk_issuer_name_no_ticker"", ""filed_date"": ""2012-02-29"", ""historical_name"": ""ZIONS BANCORPORATION /UT/"", ""sha256"": ""42ed1a5ecac978d4338bd51cd4bc15bf60cc821291eea492f8172fc4e803d5f6"", ""source_url"": ""https://www.sec.gov/files/dera/data/financial-statement-data-sets/2012q1.zip""}]"
ZTS,0001555280,2013-06-24,2016-01-01,confirmed_by_multiple_evidence,3,3,10,2013-08-14,2015-11-05,True,False,[],"[{""accession"": ""0001555280-13-000042"", ""cik"": ""0001555280"", ""evidence_kind"": ""sec_dei_ticker"", ""filed_date"": ""2013-08-14"", ""sha256"": ""c89f7c5717af62f7635f869e14e4cdcd5efae164fa92dcdb01e4997d9c6b1754"", ""source_url"": ""https://www.sec.gov/Archives/edgar/data/1555280/000155528013000042/zts-20130630.xml""}, {""accession"": ""0001555280-14-000335"", ""cik"": ""0001555280"", ""evidence_kind"": ""sec_dei_ticker"", ""filed_date"": ""2014-11-10"", ""sha256"": ""3f052bd7deb27593c1257f28a75be776ef70bfeee1e13a9b0f483c3ab328e5fb"", ""source_url"": ""https://www.sec.gov/Archives/edgar/data/1555280/000155528014000335/zts-20140928.xml""}, {""accession"": ""0001555280-15-000245"", ""cik"": ""0001555280"", ""evidence_kind"": ""sec_dei_ticker"", ""filed_date"": ""2015-11-05"", ""sha256"": ""b870db333ca5d57cf033b4d880270f2f859ee75d2b6bf3f6de99e02a571af9fc"", ""source_url"": ""https://www.sec.gov/Archives/edgar/data/1555280/000155528015000245/zts-20150927.xml""}]"
